entry,y,ticker,pnl,yen
2001-02-09,2001,7912.T,-0.9009009009009009,-8400.0
2001-02-09,2001,4519.T,-0.06042296072506818,-600.7250695213771
2001-02-14,2001,6902.T,-3.0,-28560.0
2001-02-19,2001,8031.T,-0.2985074626865672,-2900.0000000000005
2001-02-20,2001,5803.T,-1.0752688172043077,-10713.619643139851
2001-02-21,2001,8572.T,-0.5747126436781609,-5500.0
2001-02-23,2001,8053.T,0.5555555555555556,5515.277777777778
2001-03-02,2001,7751.T,5.053191489361705,37999.999620000024
2001-03-02,2001,7912.T,0.8577555396711937,7405.861329521086
2001-03-06,2001,8001.T,0.4016064257028169,3991.9678714860006
2001-03-13,2001,4502.T,4.092526690391459,22836.29893238434
2001-03-13,2001,2914.T,3.125,30075.0
2001-03-26,2001,9503.T,0.7526881720430108,6988.709677419354
2001-05-14,2001,8801.T,-3.0,-29949.999700499997
2001-05-17,2001,8802.T,1.3456686291000841,12735.407905803197
2001-05-21,2001,5401.T,-1.4285714285714286,-13799.999999999998
2001-05-22,2001,2503.T,-1.0628875110717448,-9600.0
2001-05-23,2001,4502.T,-0.6861063464837049,-4027.444253859348
2001-05-28,2001,4523.T,4.181184668989547,35749.12891986063
2001-06-07,2001,7751.T,0.21598272138227786,2043.196523844383
2001-06-11,2001,9020.T,1.3761467889908252,12183.486116697244
2001-06-12,2001,9022.T,-3.0,-26640.0
2001-06-21,2001,4523.T,-0.7299270072992701,-6087.591240875912
2001-06-27,2001,9432.T,1.2461059190031107,12435.140186915842
2001-07-13,2001,6752.T,-3.5677352637021715,-34357.290589451906
2001-07-16,2001,2502.T,-0.9694258016405632,-9533.333237999967
2001-07-17,2001,4502.T,0.3590664272890485,2017.9533213644524
2001-07-23,2001,9020.T,-0.5856515373352942,-5333.333280000079
2001-07-24,2001,9502.T,3.8,28842.0
2001-07-25,2001,4502.T,4.49438202247191,24449.43820224719
2001-07-25,2001,6752.T,-3.0,-26400.0
2001-07-27,2001,7912.T,0.14054813773717498,1392.1293042867183
2001-08-01,2001,7203.T,-1.9277108433734942,-19061.20481927711
2001-08-02,2001,5802.T,3.888888888888889,38826.666666666664
2001-08-13,2001,4502.T,0.36429872495446264,2021.8579234972676
2001-08-13,2001,2502.T,2.154828411811648,20749.56084597602
2001-08-16,2001,9022.T,1.6666666666666667,14400.0
2001-08-23,2001,7912.T,-1.4063656550703183,-13201.55440414508
2001-08-23,2001,4901.T,-2.8077753779697745,-26168.466260993635
2001-08-27,2001,9502.T,-3.0,-29460.0
2001-08-29,2001,9502.T,-0.851063829787234,-8068.085106382979
2001-08-30,2001,9503.T,-0.2,-1620.0
2001-08-30,2001,6902.T,5.472636815920398,54726.36815920398
2001-09-04,2001,6902.T,0.7425742574257426,7125.0
2001-09-06,2001,7203.T,-1.8867924528301887,-18298.11320754717
2001-09-06,2001,4519.T,1.5642458100558663,15041.787559079334
2001-09-12,2001,1925.T,1.5555555555555556,14311.111111111111
2001-10-19,2001,9531.T,3.2994923857868024,32335.025380710664
2001-11-09,2001,8802.T,-3.0,-27864.0
2001-11-13,2001,8830.T,-0.5405405405405406,-5400.0
2001-11-16,2001,9531.T,5.0,43750.0
2001-11-19,2001,6902.T,5.89582140812822,56617.5729822553
2001-11-20,2001,9502.T,0.2127659574468085,2017.0212765957447
2001-11-21,2001,9501.T,0.18315018315018314,1486.263736263736
2001-11-22,2001,2802.T,2.5559105431309903,23999.999999999996
2001-12-10,2001,2503.T,1.5258215962441315,14383.920187793427
2001-12-14,2001,9503.T,0.3865267807840972,3554.113749309774
2001-12-14,2001,8572.T,1.899441340782123,17284.91620111732
2001-12-18,2001,4151.T,-3.0,-28305.0
2002-01-16,2002,1928.T,3.107658157602664,30697.447280799115
2002-01-17,2002,8572.T,-3.0,-29040.0
2002-01-24,2002,9735.T,-3.0,-27675.0
2002-01-29,2002,9064.T,-3.0,-27420.0
2002-02-04,2002,4452.T,-3.0,-29760.0
2002-02-04,2002,4519.T,1.2121212121212197,11679.999883200073
2002-02-04,2002,9064.T,-3.7717121588089335,-31003.473945409434
2002-02-13,2002,9404.T,0.5566600397614314,4250.099403578529
2002-02-14,2002,2502.T,1.3944223107569724,13916.334522191239
2002-03-06,2002,7733.T,10.891763104152483,105971.40912185157
2002-03-08,2002,9021.T,2.083333333333333,20208.333333333332
2002-03-11,2002,9531.T,-3.0,-25050.0
2002-03-12,2002,9531.T,-0.60790273556231,-6000.0
2002-04-08,2002,9503.T,3.314917127071823,29834.254143646405
2002-04-12,2002,9502.T,-2.669902912621359,-21946.60194174757
2002-04-19,2002,9531.T,1.2698412698412698,11923.809523809523
2002-04-22,2002,9506.T,-0.8750000000000001,-8400.000000000002
2002-04-23,2002,9532.T,-1.048951048951049,-10463.286713286714
2002-04-26,2002,4716.T,-3.0,-21330.0
2002-05-01,2002,9503.T,2.96973158195317,25985.15134209024
2002-05-07,2002,4901.T,2.2613065326633155,21369.346519974864
2002-05-07,2002,9501.T,6.609808102345416,61603.411513859275
2002-05-22,2002,4502.T,1.4492753623188406,8014.492753623188
2002-05-23,2002,4519.T,1.379310344827583,13554.022852965485
2002-05-28,2002,8058.T,-3.0,-29399.999706
2002-05-31,2002,6988.T,-1.2953367875647668,-11968.911917098445
2002-06-04,2002,6702.T,0.21978021978021978,2013.1868131868134
2002-06-04,2002,6902.T,-2.4875621890547266,-24875.621890547263
2002-06-06,2002,5801.T,-3.0,-29862.0
2002-06-07,2002,6501.T,0.580046403712297,5627.6102088167045
2002-06-07,2002,7912.T,2.4375,23487.75
2002-06-14,2002,7203.T,-3.076923076923077,-29907.69230769231
2002-06-18,2002,9501.T,-0.823045267489712,-8000.0
2002-06-18,2002,8252.T,-3.0,-28296.0
2002-06-18,2002,4506.T,-3.0,-27909.0
2002-06-20,2002,9020.T,-3.0,-28549.9997145
2002-06-21,2002,4901.T,1.6216216216216086,14340.54039713502
2002-06-21,2002,9501.T,1.2422360248447204,11975.155279503104
2002-06-24,2002,4063.T,4.0733197556008145,40407.33197556008
2002-07-02,2002,8591.T,2.043010752688172,19204.301075268817
2002-07-05,2002,4503.T,1.935483870967742,19014.1935483871
2002-07-10,2002,3402.T,0.0,0.0
2002-07-11,2002,4519.T,-3.0,-29462.999705370003
2002-07-18,2002,4519.T,3.4883720930232545,34473.25546922091
2002-07-18,2002,4307.T,-4.708222811670871,-46848.76111727859
2002-07-24,2002,9064.T,2.4096385542168677,20000.0
2002-07-26,2002,3861.T,-3.0,-29952.0
2002-07-29,2002,9531.T,-3.0,-28530.0
2002-08-01,2002,5401.T,-3.0,-29064.0
2002-08-02,2002,2282.T,2.97661233167966,25557.193479801565
2002-08-14,2002,2502.T,0.7216494845360826,7028.865909092786
2002-08-21,2002,9401.T,6.912442396313365,61105.99078341015
2002-08-28,2002,9021.T,-3.0,-26880.0
2002-09-02,2002,8801.T,-3.0,-29119.999708800002
2002-09-03,2002,6752.T,-3.0,-29652.0
2002-09-03,2002,9501.T,0.847457627118644,8118.64406779661
2002-09-04,2002,9021.T,2.320185614849188,20092.807424593968
2002-09-05,2002,4452.T,2.2556390977443606,20960.52631578947
2002-09-06,2002,8591.T,-0.12970168612191957,-1246.6926070038908
2002-09-10,2002,9022.T,-0.9536784741144414,-8422.888283378747
2002-09-11,2002,3401.T,-1.675977653631285,-14916.201117318435
2002-09-18,2002,2503.T,5.0,47385.0
2002-09-24,2002,9503.T,-3.0,-27330.0
2002-09-26,2002,4661.T,0.0,0.0
2002-09-26,2002,9503.T,-0.5813953488372093,-4994.186046511628
2002-09-26,2002,9508.T,0.0,0.0
2002-10-04,2002,4661.T,0.9790209790209791,9717.762237762237
2002-10-09,2002,2502.T,0.7672634271099683,7580.562584040859
2002-10-28,2002,4901.T,1.1594202898550698,10697.584434086932
2002-10-28,2002,9022.T,2.0,18216.0
2002-11-18,2002,2503.T,2.6027397260273974,24700.0
2002-11-21,2002,9501.T,2.4752475247524752,20000.0
2002-11-22,2002,9503.T,-0.5882352941176471,-4970.588235294117
2002-11-27,2002,4452.T,1.7408123791102514,15810.92843326886
2002-12-03,2002,7911.T,-3.0,-26790.0
2002-12-09,2002,2503.T,0.4166666666666667,3900.0
2002-12-09,2002,3861.T,1.2170385395537524,11926.977687626773
2002-12-17,2002,4502.T,-3.2323232323232323,-32000.0
2002-12-19,2002,5108.T,-0.89171974522293,-8533.75796178344
2002-12-19,2002,7751.T,-3.0,-26759.9997324
2002-12-20,2002,7203.T,0.3236245954692557,3200.0000000000005
2002-12-24,2002,8766.T,-3.0,-29579.999704199996
2002-12-26,2002,9064.T,0.19392372333548805,1787.2010342598578
2003-01-08,2003,7267.T,-2.04545454545456,-19455.68162362514
2003-01-09,2003,4502.T,0.211864406779661,2021.186440677966
2003-01-21,2003,2914.T,1.1842105263157896,10942.105263157897
2003-01-23,2003,7751.T,-3.0,-26339.999736600003
2003-01-23,2003,4901.T,-3.0,-28559.9997144
2003-01-28,2003,6367.T,-3.0,-27075.0
2003-01-28,2003,8267.T,-2.259887005649725,-22124.293564067873
2003-01-28,2003,6861.T,-2.154750244858043,-15158.750518598783
2003-02-03,2003,9020.T,1.0849909584086836,9963.833535081407
2003-02-04,2003,6758.T,-3.112033195020747,-29875.51867219917
2003-02-04,2003,7741.T,1.6883116883116882,16165.584415584413
2003-02-06,2003,2914.T,1.5214384508990317,14161.549100968188
2003-02-12,2003,6988.T,-1.2738853503184715,-11961.78343949045
2003-02-18,2003,2802.T,0.8071025020177561,7961.259079903147
2003-02-18,2003,4523.T,0.42643923240938164,3991.471215351812
2003-02-21,2003,6592.T,-2.1645021645021645,-19891.77489177489
2003-02-27,2003,6902.T,-0.5084745762711864,-4975.169491525423
2003-02-27,2003,7201.T,2.2675736961451247,21975.056689342404
2003-03-03,2003,4502.T,1.8181818181818181,15854.545454545454
2003-03-05,2003,8591.T,-3.0,-29250.0
2003-03-05,2003,4661.T,-3.0,-29529.0
2003-03-07,2003,7912.T,-3.0,-29064.0
2003-03-10,2003,7741.T,-3.0,-26925.0
2003-03-11,2003,9432.T,-1.7199017199017268,-17148.10810810818
2003-03-11,2003,9020.T,0.0,0.0
2003-03-12,2003,7911.T,-0.5340453938584779,-4806.408544726301
2003-03-17,2003,9020.T,-0.7751937984496107,-6614.987013953473
2003-03-18,2003,4503.T,-3.0,-29856.0
2003-03-18,2003,9022.T,1.267605633802817,12511.267605633802
2003-04-09,2003,2914.T,-3.0,-28644.0
2003-04-16,2003,4452.T,-2.320675105485232,-21953.586497890297
2003-04-16,2003,5401.T,-3.0,-29610.0
2003-04-25,2003,7011.T,-3.0,-29637.0
2003-05-02,2003,8058.T,5.0,49664.999503349994
2003-05-02,2003,2802.T,2.396694214876033,23104.132231404958
2003-06-03,2003,9501.T,0.21231422505307856,1991.507430997877
2003-06-04,2003,2802.T,0.0,0.0
2003-06-04,2003,9508.T,-0.5984766050054406,-5476.060935799782
2003-06-06,2003,9502.T,-0.43478260869565216,-4034.782608695652
2003-06-09,2003,9503.T,-0.31315240083507306,-3021.9206680584552
2003-06-09,2003,9531.T,-0.2770083102493075,-2500.0
2003-06-11,2003,9502.T,0.8791208791208791,8052.747252747253
2003-06-12,2003,9531.T,1.10803324099723,9972.29916897507
2003-06-12,2003,2503.T,0.8333333333333334,7736.666666666666
2003-06-17,2003,9020.T,0.7448789571694711,6617.0080033520535
2003-07-01,2003,9503.T,1.5303430079155673,14492.348284960422
2003-07-07,2003,9501.T,-1.312910284463895,-12078.774617067833
2003-07-07,2003,4523.T,5.0,48600.0
2003-07-09,2003,9503.T,2.12882096069869,19446.779475982534
2003-07-10,2003,9020.T,-1.518026565464905,-13434.534970019058
2003-07-15,2003,9501.T,0.0,0.0
2003-07-17,2003,2502.T,0.5681818181818218,5592.045398625035
2003-08-05,2003,7259.T,0.8034610630407988,7814.462220990185
2003-08-08,2003,9432.T,0.8333333333333304,8302.666666666637
2003-08-08,2003,9735.T,3.5608308605341246,30356.083086053415
2003-08-11,2003,5201.T,3.2171581769436997,23871.31367292225
2003-08-13,2003,2802.T,-0.17969451931716085,-1791.913746630728
2003-08-14,2003,7270.T,1.7543859649122806,16880.701754385966
2003-08-21,2003,9020.T,-0.9823182711198438,-8300.589307956787
2003-08-21,2003,4503.T,2.5041736227045077,23959.93322203673
2003-08-22,2003,9532.T,0.0,0.0
2003-09-11,2003,5108.T,1.4860681114551082,14266.25386996904
2003-09-22,2003,6861.T,0.2173913043472155,1898.7031083554932
2003-09-25,2003,6752.T,-3.0,-29274.0
2003-09-26,2003,6592.T,-0.8743169398907104,-8008.7431693989065
2003-10-08,2003,4911.T,-3.0,-29880.0
2003-10-10,2003,5108.T,0.34083162917518744,3243.3537832310835
2003-10-22,2003,9020.T,-3.0,-25999.99974
2003-10-24,2003,7259.T,0.0,0.0
2003-10-27,2003,9502.T,0.0,0.0
2003-10-27,2003,6902.T,-2.9545454545454546,-29250.0
2003-10-29,2003,9021.T,1.2376237623762376,10099.009900990099
2003-11-05,2003,8113.T,-3.0,-29562.221335355847
2003-11-05,2003,4911.T,-2.3529411764705883,-22211.764705882353
2003-11-18,2003,6902.T,1.2054244098442994,12000.0
2003-11-19,2003,9501.T,2.0224719101123596,17838.202247191013
2003-11-26,2003,9532.T,2.135231316725979,21000.0
2003-12-03,2003,9022.T,0.5740528128587831,5005.740528128588
2003-12-10,2003,6954.T,1.2698412698412698,11288.888888888889
2003-12-10,2003,9064.T,-3.0,-27594.0
2003-12-16,2003,4452.T,-3.0,-29497.5
2003-12-16,2003,9064.T,-3.0,-27111.0
2003-12-22,2003,6954.T,0.49180327868852464,4878.688524590164
2003-12-29,2003,9861.T,-8.441558441558442,-77493.5064935065
2004-01-14,2004,7201.T,0.0,0.0
2004-01-15,2004,3402.T,0.7042253521126761,6883.80281690141
2004-01-28,2004,2914.T,1.766304347826087,16877.03804347826
2004-01-29,2004,8058.T,-0.5655042412818212,-5636.946220727731
2004-01-30,2004,6861.T,-0.9033423667568562,-7614.951954129945
2004-02-04,2004,6301.T,-3.0,-29070.0
2004-02-05,2004,6988.T,-1.1194029850746268,-10941.044776119403
2004-02-05,2004,5802.T,2.0431328036322363,20249.489216799095
2004-02-06,2004,3402.T,-2.195121951219512,-21547.31707317073
2004-02-12,2004,8053.T,3.768506056527591,37545.62584118439
2004-02-13,2004,7951.T,-3.0,-29567.99970432
2004-02-16,2004,5938.T,1.4833759590792839,14410.997442455244
2004-02-16,2004,9101.T,3.7777777777777883,33999.99966000009
2004-02-17,2004,9531.T,0.7556675062972292,7518.89168765743
2004-02-19,2004,6592.T,-0.4120879120879121,-4091.002747252747
2004-02-20,2004,9020.T,-2.140077821011665,-18226.32926001939
2004-02-26,2004,1928.T,5.0,45090.0
2004-03-03,2004,6702.T,1.2678288431061806,12114.104595879557
2004-03-08,2004,9022.T,-0.3218884120171674,-2990.3433476394853
2004-03-08,2004,4543.T,-1.141552511415525,-11224.315068493148
2004-03-15,2004,7951.T,-1.404786680541092,-13436.784465007699
2004-03-16,2004,4151.T,1.8045112781954888,17972.93233082707
2004-03-16,2004,6954.T,-0.3076923076923077,-2812.9230769230767
2004-03-22,2004,9433.T,3.603603603603595,34747.74740027019
2004-03-23,2004,7741.T,-3.121852970795569,-30781.47029204431
2004-03-25,2004,6758.T,5.0,46200.0
2004-03-29,2004,9531.T,1.0256410256410255,10025.641025641025
2004-04-02,2004,9503.T,-0.8726899383983572,-8465.092402464064
2004-04-02,2004,7267.T,2.7718550106609783,25833.68844102343
2004-04-09,2004,4021.T,-2.5404157043879905,-24144.110854503462
2004-04-16,2004,5929.T,-3.0,-28320.0
2004-04-16,2004,4502.T,5.0,43300.0
2004-04-19,2004,7912.T,0.8459214501510574,8323.867069486405
2004-04-21,2004,6472.T,0.199203187250996,1896.215139442231
2004-04-23,2004,6762.T,2.617079889807161,25193.755487272716
2004-04-23,2004,4507.T,-1.0850942318674892,-10760.517691747424
2004-05-07,2004,9101.T,-3.0,-27179.9997282
2004-05-11,2004,9506.T,-0.39727582292849034,-3484.10896708286
2004-05-12,2004,4502.T,0.6818181818181818,5986.363636363636
2004-05-12,2004,4063.T,-3.0,-28182.0
2004-05-18,2004,4503.T,-3.0,-28728.0
2004-05-19,2004,7912.T,4.161331626120359,39174.77592829706
2004-05-21,2004,9531.T,0.7792207792207793,7500.0
2004-05-21,2004,9503.T,2.4261603375527425,23060.654008438818
2004-06-03,2004,4063.T,-3.0,-28008.0
2004-06-07,2004,5201.T,2.181818181818182,11934.545454545456
2004-06-11,2004,6301.T,0.6535947712418301,6400.0
2004-06-15,2004,7911.T,1.9559902200488997,19278.239608801956
2004-06-15,2004,6963.T,-1.5552099533437014,-14988.335925349922
2004-06-17,2004,5201.T,-3.0,-16500.0
2004-06-25,2004,8031.T,-1.3189448441247003,-13184.172661870503
2004-06-25,2004,4755.T,5.0,46500.0
2004-06-29,2004,7532.T,0.8633093525179911,8587.625813404371
2004-07-07,2004,3407.T,-0.18975332068311196,-1834.1555977229602
2004-07-08,2004,4676.T,1.6194331983805668,15935.222672064778
2004-07-09,2004,9433.T,2.5510204081632684,25510.203826530647
2004-07-14,2004,7240.T,-3.0,-22380.0
2004-07-16,2004,8604.T,0.32679738562091504,3015.686274509804
2004-07-16,2004,6752.T,-3.0,-26586.0
2004-07-20,2004,4004.T,-1.6260162601626018,-16260.162601626018
2004-07-21,2004,6861.T,-3.0,-26562.7339889934
2004-07-22,2004,4005.T,-3.0,-28860.0
2004-07-26,2004,6481.T,-3.0,-27900.0
2004-07-27,2004,6479.T,-0.42462845010615713,-4200.0
2004-07-27,2004,1801.T,-3.0,-27300.0
2004-07-28,2004,7912.T,1.0897435897435896,10252.307692307691
2004-07-29,2004,4676.T,0.4166666666666667,4033.3333333333335
2004-08-02,2004,9831.T,-3.0,-28875.0
2004-08-05,2004,5706.T,-0.8869179600886918,-8000.0
2004-08-06,2004,2531.T,-4.697986577181208,-45927.51677852349
2004-08-09,2004,8002.T,3.3472803347280333,33211.715481171545
2004-08-11,2004,7270.T,-2.142857142857143,-20290.714285714286
2004-08-12,2004,5406.T,-3.0,-26280.0
2004-08-13,2004,6770.T,-3.0,-29505.0
2004-08-16,2004,3402.T,-3.0,-28557.0
2004-08-17,2004,4523.T,0.6493506493506493,5999.999999999999
2004-08-17,2004,8113.T,-3.0,-29866.665770667358
2004-08-17,2004,4324.T,-3.0,-23670.0
2004-08-18,2004,7269.T,1.7857142857142856,17580.35714285714
2004-08-18,2004,8766.T,0.0,0.0
2004-08-24,2004,9503.T,0.0,0.0
2004-08-27,2004,9735.T,-1.2195121951219512,-10073.170731707316
2004-08-27,2004,4519.T,0.7509386733416711,7199.999927999943
2004-09-01,2004,8766.T,-2.631578947368415,-23842.105024736786
2004-09-06,2004,6861.T,5.0,41322.312809917
2004-09-08,2004,6723.T,0.7476635514018692,3977.5700934579445
2004-09-13,2004,7911.T,0.9149130832570906,7948.764867337603
2004-09-14,2004,9020.T,-0.6734006734006719,-6677.88994444443
2004-09-16,2004,9531.T,1.0101010101010102,10000.000000000002
2004-09-17,2004,5901.T,-0.5767012687427913,-5072.087658592849
2004-09-21,2004,9020.T,-3.1986531986532,-31560.044577777793
2004-09-21,2004,8628.T,-3.0,-29199.999708
2004-09-24,2004,8267.T,-3.0,-28383.999716160004
2004-09-27,2004,7752.T,-0.7263922518159807,-6014.52784503632
2004-09-27,2004,4755.T,-3.0942334739803097,-30843.319268635725
2004-09-28,2004,9021.T,1.4150943396226416,12084.905660377359
2004-09-29,2004,9502.T,0.6423982869379015,5974.304068522483
2004-09-30,2004,6367.T,5.0,40575.0
2004-10-01,2004,8591.T,2.564102564102564,23179.487179487176
2004-10-04,2004,9503.T,1.2195121951219512,11890.243902439024
2004-10-04,2004,9766.T,2.4,23904.0
2004-10-05,2004,6474.T,5.0,44850.0
2004-10-06,2004,6976.T,-0.34393809114359414,-3205.5030094582976
2004-10-06,2004,9843.T,-0.5008347245409015,-4933.47245409015
2004-10-08,2004,6367.T,0.7504690431519699,6090.056285178236
2004-10-12,2004,9501.T,-0.42283298097251587,-4000.0
2004-10-13,2004,9064.T,-3.0,-26910.0
2004-10-15,2004,5201.T,1.694915254237288,8500.0
2004-10-18,2004,5423.T,-3.0,-26760.0
2004-10-18,2004,9101.T,-3.0,-27899.999721
2004-10-19,2004,5411.T,-3.8917089678511,-34616.751269035536
2004-10-21,2004,6702.T,-0.8051529790660225,-7560.3864734299505
2004-10-22,2004,3861.T,-2.1241830065359477,-20766.013071895424
2004-10-22,2004,7741.T,-3.3636363636363638,-27750.000000000004
2004-10-26,2004,9104.T,1.2841091492777077,10700.909470305134
2004-10-26,2004,7912.T,2.464788732394366,24586.267605633802
2004-10-27,2004,9020.T,-1.5901060070671373,-14920.494550441692
2004-11-01,2004,7267.T,1.1650485436893243,10935.9222207379
2004-11-01,2004,8801.T,3.625110521662242,35344.82723275858
2004-11-02,2004,9684.T,2.972027972027968,28333.333049999965
2004-11-05,2004,7201.T,-1.8166089965397925,-16785.46712802768
2004-11-08,2004,4689.T,-3.0,-28440.0
2004-11-08,2004,7012.T,-2.4096385542168677,-23855.421686746988
2004-11-10,2004,5938.T,-3.0,-28080.0
2004-11-10,2004,6479.T,-3.0,-29040.0
2004-11-12,2004,3402.T,-0.2074688796680498,-1983.4024896265562
2004-11-12,2004,5332.T,3.961456102783726,37316.9164882227
2004-11-15,2004,2802.T,-0.847457627118644,-8435.169491525425
2004-11-16,2004,6971.T,-3.0,-28500.0
2004-11-17,2004,6448.T,-3.0,-29139.0
2004-11-19,2004,4021.T,-3.0,-27753.0
2004-11-22,2004,7267.T,1.0000000000000013,9276.666573900013
2004-11-22,2004,6902.T,0.0,0.0
2004-11-24,2004,5110.T,-0.3444316877152698,-3299.9999999999995
2004-11-26,2004,5108.T,-0.7978723404255319,-7496.010638297872
2004-11-26,2004,8031.T,0.5636978579481398,5506.200676437429
2004-11-29,2004,1808.T,4.672897196261682,44789.719626168226
2004-12-01,2004,7272.T,-0.9253139458030406,-8831.504648411106
2004-12-08,2004,5110.T,5.0,46970.0
2004-12-09,2004,9064.T,0.49575070821529743,4903.470254957507
2004-12-10,2004,1925.T,1.486988847583643,14386.617100371746
2004-12-13,2004,9021.T,-0.4878048780487805,-3980.487804878049
2004-12-14,2004,9064.T,1.340860973888497,13318.77205363444
2004-12-15,2004,4755.T,3.8366336633663365,37200.0
2004-12-16,2004,6861.T,0.9558488848426746,7899.577323695867
2004-12-20,2004,4676.T,2.8301886792452833,24113.20754716981
2004-12-21,2004,7261.T,4.545454545454546,42272.72727272727
2004-12-24,2004,9021.T,0.9828009828009828,8000.0
2005-01-12,2005,4704.T,-3.3333333333333335,-17200.0
2005-01-14,2005,4507.T,-1.9330855018587292,-19222.60203825718
2005-01-17,2005,7762.T,0.21141649048625794,1997.8858350951373
2005-01-18,2005,4502.T,-1.6227180527383367,-15902.6369168357
2005-01-19,2005,5208.T,-1.6317016317016337,-12816.274506293723
2005-01-20,2005,4519.T,-3.0,-29886.99970113
2005-01-21,2005,9501.T,1.4314928425357873,14000.0
2005-01-24,2005,7751.T,0.7590132827324461,5292.852571992397
2005-01-25,2005,5423.T,0.582901554404145,5396.5025906735755
2005-01-27,2005,7259.T,3.3755274261603443,33080.16844556969
2005-01-27,2005,4452.T,-0.823045267489712,-7983.539094650206
2005-01-28,2005,9432.T,0.9302325581395315,9264.186046511595
2005-02-01,2005,6971.T,-0.5383580080753702,-5020.188425302826
2005-02-01,2005,9433.T,-0.7547169811320737,-7319.496782150926
2005-02-02,2005,8113.T,-0.4310344827594661,-4240.421328734252
2005-02-04,2005,6501.T,0.0,0.0
2005-02-04,2005,7270.T,-1.0183299389002036,-10000.0
2005-02-07,2005,5332.T,-0.21598272138228944,-2000.0000000000002
2005-02-09,2005,6770.T,2.269503546099291,22384.113475177306
2005-02-09,2005,3405.T,-0.8695652173913043,-7973.91304347826
2005-02-10,2005,7202.T,-1.7006802721088436,-16163.26530612245
2005-02-14,2005,9021.T,1.488833746898263,11970.223325062036
2005-02-15,2005,8331.T,-1.2195121951219512,-11890.243902439024
2005-02-16,2005,7004.T,-1.8867924528301887,-18000.0
2005-02-18,2005,1801.T,0.25773195876288657,2499.9999999999995
2005-02-21,2005,8591.T,0.8314436885865457,7647.619047619047
2005-02-22,2005,4902.T,-1.6935483870967745,-14865.967741935485
2005-02-24,2005,6954.T,1.1764705882352942,11134.117647058822
2005-02-24,2005,6592.T,1.6923076923076923,16474.615384615383
2005-02-25,2005,5108.T,-0.7940446650124069,-7200.0
2005-03-01,2005,7240.T,-0.3861003861003861,-3000.0000000000005
2005-03-02,2005,4732.T,2.0334928229665072,19503.229665071773
2005-03-07,2005,9983.T,-0.14792899408284244,-1341.2228662722093
2005-03-08,2005,2593.T,-0.19342359767892378,-1911.917846421732
2005-03-11,2005,6723.T,-1.8656716417910446,-10018.656716417909
2005-03-14,2005,6460.T,1.6233766233766231,15194.805194805194
2005-03-15,2005,8035.T,-3.0,-25119.9997488
2005-03-16,2005,4911.T,-0.5677785663591199,-5572.178850248403
2005-03-17,2005,9435.T,-3.0,-23640.0
2005-03-18,2005,6724.T,-0.975609756097561,-8039.024390243902
2005-03-22,2005,4704.T,-3.0,-28020.0
2005-03-23,2005,9984.T,2.283105022831053,22448.629912500026
2005-03-24,2005,9064.T,-0.5717916137229987,-5441.168996188056
2005-03-24,2005,9435.T,-3.0,-22110.0
2005-03-28,2005,4503.T,1.675977653631285,15687.150837988826
2005-03-29,2005,9202.T,-3.0,-22440.0
2005-03-30,2005,4689.T,-1.1952191235059761,-11294.820717131473
2005-03-31,2005,8306.T,0.9687836383207751,9000.0
2005-03-31,2005,4452.T,2.05761316872428,19876.54320987654
2005-04-04,2005,6479.T,2.1881838074398248,20999.999999999996
2005-04-05,2005,4452.T,1.2269938650306749,11926.38036809816
2005-04-07,2005,9983.T,-1.4657980456026054,-12078.175774983709
2005-04-11,2005,9435.T,-3.0,-21840.0
2005-04-12,2005,7733.T,1.4675052410901468,13970.649895178198
2005-04-13,2005,3861.T,-1.7094017094017095,-16941.880341880344
2005-04-14,2005,9984.T,-3.0,-29699.999702999998
2005-04-14,2005,7211.T,-3.0,-27930.0
2005-04-18,2005,8316.T,0.7331378299120143,6764.418309677335
2005-04-19,2005,9502.T,0.20242914979757085,1995.9514170040486
2005-04-19,2005,1928.T,-3.0,-29781.0
2005-04-21,2005,7011.T,-0.7272727272727273,-7252.363636363637
2005-04-25,2005,8411.T,0.6160164271047228,6012.320328542095
2005-04-25,2005,5201.T,1.3274336283185841,7526.548672566372
2005-04-27,2005,6448.T,0.9230769230769231,9018.461538461539
2005-04-28,2005,9020.T,1.8382352941176492,16544.117481617668
2005-05-02,2005,4911.T,1.0769230769230769,10071.384615384615
2005-05-06,2005,7011.T,-0.3597122302158274,-3587.0503597122306
2005-05-09,2005,8604.T,-2.129221732745962,-20598.091042584438
2005-05-10,2005,4732.T,-1.2300123001230012,-12000.0
2005-05-11,2005,6902.T,-0.8113590263691683,-8064.908722109533
2005-05-12,2005,8252.T,5.0,47250.0
2005-05-13,2005,9513.T,-2.1311475409836014,-16463.11468824586
2005-05-16,2005,4005.T,-2.3529411764705883,-23112.941176470587
2005-05-17,2005,1802.T,-3.0,-29223.0
2005-05-18,2005,8001.T,3.168316831683171,31617.2673267327
2005-05-18,2005,2802.T,-0.33585222502099077,-3194.626364399664
2005-05-19,2005,6460.T,-3.0,-26775.0
2005-05-23,2005,5233.T,-2.5089605734767026,-20924.731182795702
2005-05-23,2005,4689.T,-3.0,-29835.0
2005-05-24,2005,9007.T,0.5217391304347827,4800.000000000001
2005-05-26,2005,6724.T,2.272727272727273,20000.0
2005-05-26,2005,9684.T,-3.0,-29699.999702999998
2005-05-27,2005,5401.T,2.4193548387096775,23806.451612903224
2005-05-27,2005,4005.T,0.591715976331361,5643.786982248521
2005-06-01,2005,8628.T,-3.0,-26313.0
2005-06-02,2005,5423.T,0.141643059490085,1399.0084985835695
2005-06-02,2005,4114.T,0.3472222222222222,3375.0
2005-06-08,2005,9983.T,3.577817531305895,33452.59358318418
2005-06-10,2005,4204.T,0.4149377593360996,3878.423236514523
2005-06-10,2005,8766.T,0.0,0.0
2005-06-13,2005,4689.T,-1.8518518518518516,-18083.333333333332
2005-06-17,2005,8595.T,3.0303030303030387,28080.807800000075
2005-06-22,2005,6758.T,0.2583979328165375,2400.0000000000005
2005-06-23,2005,4503.T,-0.5361930294906166,-5200.0
2005-06-24,2005,6952.T,1.0445682451253482,9100.278551532034
2005-06-27,2005,4716.T,-0.7194244604316548,-6028.776978417267
2005-06-28,2005,8572.T,3.6443148688046647,34693.87755102041
2005-06-30,2005,4676.T,1.8867924528301887,16075.471698113208
2005-07-01,2005,5801.T,-0.6993006993006993,-6916.083916083916
2005-07-04,2005,6762.T,-1.7038007863695876,-16423.503549176872
2005-07-05,2005,4507.T,-0.5625879043600598,-5596.0618287088955
2005-07-06,2005,5801.T,-1.8779342723004695,-18400.0
2005-07-08,2005,7211.T,0.0,0.0
2005-07-11,2005,4042.T,-0.22727272727272727,-2190.0
2005-07-12,2005,7762.T,1.5416238437821173,14876.670092497432
2005-07-13,2005,4204.T,-1.6506189821182942,-15557.08390646492
2005-07-14,2005,7599.T,2.7586206896551726,24099.310344827587
2005-07-15,2005,5201.T,1.6666666666666667,9458.333333333334
2005-07-21,2005,4503.T,-1.0810810810810811,-10371.891891891892
2005-07-21,2005,8306.T,-1.0845986984815619,-9989.154013015184
2005-07-21,2005,9022.T,-2.286401925391095,-22772.563176895306
2005-07-26,2005,4452.T,-0.7751937984496124,-6986.434108527133
2005-07-26,2005,4901.T,-0.2849002849002891,-2643.874617435936
2005-07-26,2005,9021.T,3.5422343324250685,32500.0
2005-07-28,2005,6703.T,-0.547945205479452,-3978.0821917808216
2005-07-29,2005,9064.T,3.31720801658604,28859.709744298547
2005-07-29,2005,8377.T,-3.0,-29160.0
2005-08-01,2005,3407.T,0.7905138339920948,7584.980237154149
2005-08-02,2005,9022.T,0.7361963190184049,7182.331288343558
2005-08-03,2005,5938.T,-1.400560224089636,-12661.064425770308
2005-08-04,2005,3407.T,-2.156862745098039,-20900.0
2005-08-05,2005,3405.T,-3.0,-29310.0
2005-08-08,2005,8473.T,5.0,44625.0
2005-08-08,2005,7202.T,5.0,47840.0
2005-08-09,2005,6503.T,-0.6944444444444444,-6788.194444444444
2005-08-11,2005,6592.T,-1.3333333333333335,-12935.000000000002
2005-08-12,2005,7762.T,1.3903743315508021,13055.614973262032
2005-08-15,2005,4204.T,2.954209748892171,27834.56425406204
2005-08-16,2005,5991.T,5.0,47960.0
2005-08-18,2005,7599.T,-3.0,-27615.0
2005-08-19,2005,6417.T,5.0,46170.0
2005-08-22,2005,7966.T,3.508771929824561,29982.456140350874
2005-08-25,2005,1332.T,-0.49261083743842365,-4811.822660098522
2005-08-25,2005,9684.T,3.7288135593220315,37163.841436271156
2005-08-26,2005,6723.T,-3.0,-22140.0
2005-09-01,2005,7272.T,1.9230769230769187,18621.794685576882
2005-09-08,2005,7599.T,-0.6158583525789069,-5561.200923787529
2005-09-09,2005,8002.T,2.5056947608200453,24144.874715261958
2005-09-13,2005,6707.T,0.4754358161648178,2992.868462757528
2005-09-13,2005,9009.T,3.1634446397187945,31035.50056837951
2005-09-16,2005,6472.T,-1.2048192771084338,-11891.56626506024
2005-09-21,2005,6762.T,5.0,48359.9995164
2005-09-26,2005,8035.T,0.8291873963515763,6688.778263681599
2005-09-26,2005,7599.T,-3.0,-27720.0
2005-09-28,2005,9202.T,-1.1235955056179776,-8000.000000000001
2005-09-29,2005,6723.T,5.0,36400.0
2005-09-29,2005,4044.T,-1.0736196319018405,-10451.687116564417
2005-10-03,2005,8035.T,4.297520661157032,34552.06577018187
2005-10-03,2005,6592.T,3.9285714285714284,38500.0
2005-10-04,2005,4021.T,-0.9530791788856305,-9193.401759530792
2005-10-05,2005,9508.T,-1.8255578093306288,-17926.977687626775
2005-10-05,2005,2702.T,1.5267175572519083,15007.633587786258
2005-10-11,2005,9503.T,1.935483870967742,17961.290322580644
2005-10-18,2005,6971.T,-1.866666666666667,-17570.0
2005-10-18,2005,2801.T,-0.09487666034156406,-940.0000000000801
2005-10-24,2005,5208.T,-3.0,-24060.0
2005-10-25,2005,5202.T,2.754237288135593,25944.915254237287
2005-10-26,2005,4502.T,-1.109350237717908,-7000.0
2005-10-26,2005,4503.T,0.7211538461538461,7165.384615384615
2005-10-28,2005,4684.T,-0.5994550408719315,-5930.288828337843
2005-11-01,2005,9506.T,-1.48619957537155,-14089.171974522294
2005-11-01,2005,4204.T,2.9810298102981028,28406.233062330626
2005-11-07,2005,4118.T,-3.0,-20400.0
2005-11-08,2005,9532.T,0.5128205128205128,4961.538461538461
2005-11-09,2005,2282.T,0.8077544426494345,7987.0759289176085
2005-11-09,2005,7951.T,1.5005359056806005,14075.026654533765
2005-11-11,2005,6996.T,-0.9695290858725761,-8423.268698060941
2005-11-16,2005,8572.T,0.27472527472527475,2585.714285714286
2005-11-17,2005,3941.T,0.0,0.0
2005-11-29,2005,2267.T,-3.0,-26827.5
2005-12-06,2005,7459.T,-0.8464328899637243,-8400.0
2005-12-16,2005,9432.T,1.711026615969579,17099.999999999975
2005-12-16,2005,9064.T,5.0,47650.0
2005-12-28,2005,2702.T,-3.0,-29370.0
2006-01-04,2006,8113.T,5.0,49074.0726018525
2006-01-05,2006,2702.T,2.6539278131634823,25013.26963906582
2006-01-10,2006,8331.T,1.9689119170984457,19000.000000000004
2006-01-12,2006,8306.T,-0.6493506493506493,-6038.961038961038
2006-01-12,2006,8316.T,5.0,38333.332949999996
2006-01-16,2006,1878.T,-3.0,-27120.0
2006-01-17,2006,7269.T,-3.0,-28957.5
2006-01-17,2006,7270.T,-3.0694668820678515,-30596.445880452342
2006-01-19,2006,4502.T,1.4354066985645932,9000.0
2006-01-20,2006,6954.T,-3.7678207739307537,-36736.25254582485
2006-01-20,2006,7912.T,-0.05,-496.25
2006-02-01,2006,9684.T,-0.6349206349206443,-5942.857083428659
2006-02-08,2006,6952.T,-1.942257217847769,-18674.803149606298
2006-02-10,2006,4063.T,-3.0,-26502.0
2006-02-10,2006,4912.T,-3.0,-29484.0
2006-02-13,2006,7951.T,2.3983315954118805,23155.89132214279
2006-02-14,2006,1878.T,1.098901098901099,10839.56043956044
2006-02-14,2006,8331.T,-3.0,-29640.0
2006-02-16,2006,4901.T,0.2659574468085146,2659.574441489401
2006-02-21,2006,2282.T,1.5943312666076175,14514.791851195749
2006-02-22,2006,6724.T,1.1131725417439702,10422.07792207792
2006-02-27,2006,2593.T,-3.0,-25546.153539600004
2006-03-08,2006,4911.T,1.5,14872.5
2006-03-09,2006,7202.T,4.427083333333334,44084.89583333334
2006-03-10,2006,4901.T,1.3698630136986316,13515.981600000016
2006-03-13,2006,9202.T,1.1961722488038278,9928.22966507177
2006-03-20,2006,8316.T,0.8196721311475308,6612.021791803197
2006-04-03,2006,9107.T,0.43041606886569556,3988.5221583850125
2006-04-04,2006,9432.T,0.5905511811023706,5898.366141732367
2006-04-05,2006,9501.T,1.1686143572621035,10429.883138564275
2006-04-07,2006,5401.T,-0.6772009029345373,-6555.304740406321
2006-04-07,2006,5406.T,-0.936768149882904,-7925.058548009368
2006-04-13,2006,1803.T,-2.506265664160401,-23909.774436090225
2006-04-17,2006,6988.T,-1.4447884416924663,-13869.969040247675
2006-04-17,2006,9503.T,0.5747126436781609,4517.241379310344
2006-04-18,2006,9766.T,-0.7005253940455342,-6073.555166374781
2006-04-20,2006,9684.T,-4.68227424749164,-46822.742006688975
2006-04-20,2006,6460.T,-3.0,-27480.0
2006-04-21,2006,5334.T,-3.0,-23130.0
2006-04-24,2006,9766.T,2.2847100175746924,19568.54130052724
2006-04-25,2006,4042.T,0.17667844522968199,1597.173144876325
2006-04-25,2006,8628.T,3.1105228325612178,28088.021178027797
2006-04-27,2006,7741.T,-1.9438444924406046,-18116.630669546434
2006-04-28,2006,8316.T,0.0,0.0
2006-04-28,2006,2502.T,0.7975460122699464,7799.9999220000755
2006-05-02,2006,7741.T,-0.43956043956043955,-3991.2087912087914
2006-05-10,2006,3382.T,-3.0,-26819.9997318
2006-05-10,2006,9532.T,-3.0,-24960.0
2006-05-11,2006,4676.T,-2.214022140221402,-18000.0
2006-05-15,2006,7911.T,5.0,44490.0
2006-05-15,2006,8053.T,-3.0,-29502.0
2006-05-16,2006,4452.T,-1.3377926421404682,-12040.133779264213
2006-05-18,2006,8306.T,-2.3952095808383236,-20598.802395209583
2006-05-19,2006,5401.T,-1.6786570743405276,-16719.424460431655
2006-05-22,2006,2267.T,-3.0,-25920.0
2006-05-23,2006,9684.T,-3.0,-28599.999713999998
2006-05-23,2006,8267.T,-0.9881422924901198,-9184.782516847838
2006-05-24,2006,9104.T,2.4142312579415512,18975.857497662015
2006-05-24,2006,7912.T,2.0054200542005423,18329.539295392955
2006-05-30,2006,8411.T,0.21598272138228944,1987.0410367170628
2006-06-02,2006,6754.T,-3.0,-29745.0
2006-06-02,2006,9005.T,-1.36986301369863,-11884.931506849314
2006-06-06,2006,1802.T,-3.0,-28692.0
2006-06-07,2006,9401.T,-3.0,-25200.0
2006-06-08,2006,8218.T,-3.0,-21720.0
2006-06-08,2006,9401.T,-3.0,-24345.0
2006-06-09,2006,2503.T,-5.072886297376093,-44032.65306122449
2006-06-09,2006,4452.T,5.0,47250.0
2006-06-12,2006,4503.T,-4.62962962962963,-44203.70370370371
2006-06-14,2006,9404.T,6.8196721311475414,62563.67213114755
2006-06-16,2006,9502.T,1.0291595197255576,8922.813036020585
2006-06-23,2006,9532.T,1.9553072625698324,17500.0
2006-07-05,2006,7911.T,-1.8838304552590266,-14501.726844583987
2006-07-06,2006,9505.T,0.6,4509.0
2006-07-10,2006,4205.T,-3.0,-30000.0
2006-07-11,2006,7735.T,-3.0,-28800.0
2006-07-12,2006,5201.T,-3.0,-20775.0
2006-07-13,2006,6460.T,-3.0,-24900.0
2006-07-13,2006,6471.T,-3.795966785290629,-35450.53380782918
2006-07-14,2006,9502.T,-3.0,-25785.0
2006-07-18,2006,3402.T,-3.0,-27900.0
2006-07-19,2006,9107.T,-3.0,-29773.33273786662
2006-07-19,2006,7912.T,1.7482517482517483,15104.895104895106
2006-07-19,2006,7911.T,1.466992665036675,14388.264058679708
2006-07-21,2006,9202.T,0.4716981132075472,3990.566037735849
2006-07-25,2006,4324.T,4.472843450479233,41731.62939297124
2006-07-27,2006,9104.T,5.0,48266.666183999994
2006-07-28,2006,7762.T,1.8769551616266946,18000.0
2006-08-01,2006,9506.T,1.2448132780082988,12000.0
2006-08-03,2006,2802.T,-0.8203445447087777,-7973.748974569319
2006-08-04,2006,6501.T,-0.4273504273504274,-4188.034188034188
2006-08-07,2006,2897.T,-3.0,-27439.9997256
2006-08-08,2006,9101.T,3.081232492997187,29251.166841008293
2006-08-09,2006,6501.T,-0.14367816091954022,-1406.0344827586207
2006-08-10,2006,6417.T,2.7156549520766773,23799.999999999996
2006-08-10,2006,4061.T,0.0,0.0
2006-08-21,2006,5423.T,-3.0,-24120.0
2006-08-22,2006,5423.T,0.4608294930875576,4500.0
2006-08-22,2006,6586.T,0.0,0.0
2006-08-24,2006,2875.T,1.0315186246418337,8979.369627507162
2006-09-01,2006,7453.T,3.953488372093023,38872.67441860465
2006-09-01,2006,3861.T,0.4531722054380665,4527.190332326284
2006-09-01,2006,7202.T,4.199475065616798,41600.0
2006-09-08,2006,4540.T,-3.0,-25245.0
2006-09-08,2006,6988.T,-3.0,-27468.0
2006-09-11,2006,4502.T,1.342281879194631,10013.422818791947
2006-09-12,2006,8306.T,-2.5974025974025974,-23999.999999999996
2006-09-13,2006,6301.T,-3.0,-25080.0
2006-09-14,2006,5411.T,0.0,0.0
2006-09-14,2006,5423.T,-3.0,-28065.0
2006-09-15,2006,6301.T,-0.49019607843137253,-4029.411764705882
2006-09-19,2006,6104.T,-3.1440162271805274,-30937.11967545639
2006-09-20,2006,7240.T,-0.8710801393728222,-7604.529616724738
2006-09-21,2006,7741.T,1.6867469879518073,13898.795180722893
2006-09-21,2006,8308.T,-3.0,-20580.0
2006-09-22,2006,8411.T,-3.0,-26970.0
2006-09-22,2006,8795.T,-3.0,-25230.0
2006-09-25,2006,7202.T,1.9337016574585635,18350.82872928177
2006-09-27,2006,2503.T,1.0897435897435896,10180.384615384615
2006-09-27,2006,9531.T,4.18848167539267,36251.30890052356
2006-09-28,2006,8411.T,1.4380530973451326,12884.955752212389
2006-09-29,2006,1332.T,0.7552870090634441,7500.0
2006-10-03,2006,2001.T,-3.0,-27378.0
2006-10-04,2006,8377.T,1.1764705882352942,10023.529411764706
2006-10-05,2006,7453.T,-3.0,-29052.0
2006-10-06,2006,6506.T,5.0,47240.0
2006-10-10,2006,4676.T,-3.0,-29760.0
2006-10-10,2006,6758.T,2.455357142857143,24254.017857142855
2006-10-11,2006,8595.T,-3.0,-27699.999723
2006-10-12,2006,8377.T,-0.7142857142857143,-6057.142857142857
2006-10-13,2006,8252.T,-1.6959064327485378,-14474.561403508771
2006-10-13,2006,2801.T,-0.8613938919342276,-8539.686765857545
2006-10-17,2006,6417.T,-0.33670033670033667,-3205.387205387205
2006-10-20,2006,8267.T,4.339622641509433,42962.26372132075
2006-10-26,2006,6770.T,-3.0,-28920.0
2006-10-26,2006,4452.T,-3.0,-27810.0
2006-10-27,2006,9433.T,-4.0268456375838975,-39677.85195221481
2006-10-27,2006,5471.T,-3.0,-29484.0
2006-10-31,2006,3861.T,-0.8064516129032258,-7999.999999999999
2006-10-31,2006,4452.T,0.6514657980456027,5980.456026058632
2006-10-31,2006,9508.T,1.4545454545454546,11978.181818181818
2006-11-06,2006,6501.T,2.564102564102564,24158.97435897436
2006-11-06,2006,5332.T,-1.6994633273703041,-15186.404293381038
2006-11-06,2006,2768.T,-1.3513513513513513,-12499.999999999998
2006-11-09,2006,8227.T,0.08650519031140816,829.7289421063005
2006-11-09,2006,5938.T,-1.2422360248447204,-11925.465838509315
2006-11-09,2006,8233.T,-3.4482758620689653,-32979.31034482759
2006-11-14,2006,4506.T,0.9298998569384835,9093.49070100143
2006-11-14,2006,4568.T,0.31152647975078346,2971.962587102848
2006-11-14,2006,3105.T,5.0,45320.0
2006-11-16,2006,5714.T,-3.0,-28410.0
2006-11-17,2006,2267.T,-1.9543973941368076,-17882.736156351788
2006-11-17,2006,9005.T,-3.0,-26568.0
2006-11-21,2006,5202.T,4.142011834319527,20917.15976331361
2006-11-21,2006,4183.T,0.7453416149068323,5985.093167701863
2006-11-22,2006,7751.T,-1.8032786885245904,-11018.032786885247
2006-11-24,2006,8411.T,1.8404907975460123,15110.42944785276
2006-11-27,2006,1808.T,4.232804232804233,40423.28042328043
2006-11-28,2006,7272.T,3.9215686274509833,35999.999640000024
2006-11-29,2006,9005.T,2.1709633649932156,19095.793758480326
2006-12-04,2006,7270.T,-1.8612521150592216,-17719.120135363788
2006-12-06,2006,5938.T,5.0,45400.0
2006-12-11,2006,6701.T,0.17889087656529518,1591.4132379248658
2006-12-12,2006,8803.T,0.0,0.0
2006-12-14,2006,1928.T,1.4545454545454546,14391.272727272726
2006-12-15,2006,4506.T,-1.0783608914450036,-10500.0
2006-12-15,2006,4204.T,-1.7057569296375266,-15914.712153518123
2006-12-20,2006,4613.T,-0.2127659574468085,-1995.7446808510638
2006-12-21,2006,8267.T,-0.7920792079207903,-7347.854711999984
2006-12-22,2006,8418.T,-1.4504431909750202,-14330.3787268332
2006-12-26,2006,8304.T,2.62582056892779,24000.0
2007-01-09,2007,1605.T,0.0,0.0
2007-01-10,2007,8035.T,3.518728717366635,30964.81240317826
2007-01-11,2007,4506.T,2.610587382160986,25163.451776649745
2007-01-12,2007,2593.T,1.4124293785310742,11473.272352542379
2007-01-15,2007,6952.T,-3.0,-23220.0
2007-01-15,2007,9831.T,5.0,49400.0
2007-01-18,2007,6952.T,-0.3976143141153081,-2999.9999999999995
2007-01-19,2007,4204.T,1.1891891891891893,10892.972972972972
2007-01-19,2007,8233.T,-1.557632398753894,-15140.18691588785
2007-01-23,2007,6857.T,-1.1363636363636365,-10602.272727272728
2007-01-24,2007,1802.T,0.5434782608695652,5178.804347826087
2007-01-24,2007,7741.T,-1.8433179723502304,-16147.465437788018
2007-01-26,2007,4503.T,0.7874015748031495,7157.48031496063
2007-01-29,2007,7459.T,5.85480093676815,50234.192037470726
2007-01-29,2007,6702.T,-1.5233949945593037,-13893.36235038085
2007-01-31,2007,8060.T,-2.0952380952380953,-19213.333333333336
2007-02-01,2007,7276.T,-3.0,-28231.5
2007-02-01,2007,3436.T,-3.225806451612903,-28129.032258064515
2007-02-05,2007,6925.T,-3.0,-28740.0
2007-02-06,2007,2914.T,3.804347826086957,31557.065217391308
2007-02-06,2007,6902.T,-1.9313304721030045,-17845.49356223176
2007-02-08,2007,6841.T,0.1087547580206634,991.2996193583468
2007-02-08,2007,6370.T,0.0,0.0
2007-02-09,2007,3405.T,-1.3015184381778742,-12663.774403470716
2007-02-14,2007,2914.T,-3.0,-24930.0
2007-02-14,2007,7751.T,3.3123028391167195,20801.261829652998
2007-02-15,2007,7912.T,-1.3001083423618636,-11993.49945828819
2007-02-16,2007,1963.T,-2.152230971128609,-21070.34120734908
2007-02-19,2007,2914.T,2.8301886792452833,22500.000000000007
2007-02-20,2007,7741.T,1.179245283018868,9929.245283018869
2007-02-21,2007,4922.T,-0.6097560975609756,-6000.0
2007-02-23,2007,7261.T,-0.4092769440654843,-2987.7216916780353
2007-02-26,2007,6856.T,-3.0,-24600.0
2007-02-28,2007,4114.T,3.5284683239775463,35037.69045709703
2007-03-01,2007,6302.T,-3.0,-18210.0
2007-03-01,2007,5801.T,-3.0,-28260.0
2007-03-02,2007,7203.T,-3.221649484536082,-30386.59793814433
2007-03-02,2007,7741.T,-3.0,-24360.0
2007-03-05,2007,3401.T,-3.0,-28935.0
2007-03-06,2007,4901.T,2.5695931477516,23794.43231023549
2007-03-06,2007,3401.T,4.67741935483871,43359.67741935484
2007-03-06,2007,7272.T,6.666666666666683,66199.99933800017
2007-03-08,2007,7203.T,2.737940026075619,25429.986962190345
2007-03-09,2007,4062.T,2.7586206896551726,23793.103448275862
2007-03-09,2007,4324.T,-3.0,-28800.0
2007-03-12,2007,4324.T,1.2698412698412698,11885.714285714284
2007-03-13,2007,4503.T,-3.0,-27162.0
2007-03-16,2007,6417.T,-0.7889546351084813,-7228.402366863906
2007-03-20,2007,9505.T,5.0,42450.0
2007-03-29,2007,2802.T,5.507246376811594,53238.55072463768
2007-03-30,2007,4272.T,-1.5384615384615385,-14953.846153846154
2007-04-04,2007,9007.T,-0.5931198102016607,-4988.137603795966
2007-04-04,2007,3402.T,0.8323424494649228,7645.065398335316
2007-04-05,2007,6383.T,2.6007802340702377,25349.80468798456
2007-04-09,2007,4042.T,0.0,0.0
2007-04-09,2007,7453.T,0.881057268722467,8687.224669603525
2007-04-10,2007,9984.T,-1.4388489208633095,-14176.258992805757
2007-04-12,2007,7270.T,-0.33277870216306155,-3200.0
2007-04-17,2007,9983.T,-3.0,-25799.999742
2007-04-17,2007,8015.T,1.0582010582010617,9964.726531746064
2007-04-19,2007,8309.T,-3.0,-29793.75
2007-04-20,2007,7278.T,-1.2084592145015105,-11963.746223564955
2007-04-20,2007,4689.T,-3.5479632063074904,-35238.370565045996
2007-04-24,2007,2768.T,-3.0,-27540.0
2007-04-25,2007,3407.T,2.4096385542168677,24028.915662650605
2007-04-25,2007,8306.T,-3.0,-27090.0
2007-04-27,2007,5802.T,-3.0,-29756.25
2007-05-01,2007,6988.T,3.5381750465549344,33881.564245810056
2007-05-01,2007,5803.T,5.0,49600.831349299995
2007-05-02,2007,9202.T,1.3157894736842104,12078.947368421052
2007-05-09,2007,9533.T,-3.0,-29103.75
2007-05-09,2007,8218.T,2.1538461538461537,21000.0
2007-05-10,2007,3407.T,-3.0,-27588.0
2007-05-14,2007,4502.T,0.9150326797385622,7009.150326797386
2007-05-14,2007,9008.T,-0.7398273736128237,-7200.0
2007-05-14,2007,9831.T,2.2893772893772892,22335.164835164833
2007-05-17,2007,8795.T,5.0,38400.0
2007-05-17,2007,9005.T,0.0,0.0
2007-05-17,2007,9001.T,-0.7648183556405354,-5954.110898661568
2007-05-21,2007,7762.T,4.19921875,38964.55078125
2007-05-22,2007,6136.T,0.1224739742804654,1200.0
2007-05-22,2007,8601.T,5.0,44660.0
2007-05-23,2007,2282.T,0.5532503457814661,4800.0
2007-05-24,2007,4612.T,-3.0,-29614.800000000003
2007-05-25,2007,5201.T,0.37267080745341613,3035.4037267080744
2007-05-28,2007,9513.T,2.8517110266159698,14942.965779467682
2007-05-29,2007,4324.T,0.29940119760479045,2991.0179640718566
2007-05-30,2007,9987.T,1.5748031496063009,11023.621937007885
2007-05-31,2007,9509.T,-1.384083044982699,-11979.23875432526
2007-06-01,2007,4568.T,2.4316109422492347,21657.547909057703
2007-06-04,2007,5108.T,1.2605042016806722,11949.579831932773
2007-06-05,2007,5938.T,-0.6,-5976.0
2007-06-07,2007,5108.T,-0.625,-6025.0
2007-06-07,2007,6460.T,-0.4329004329004329,-4043.2900432900433
2007-06-12,2007,8035.T,2.8368794326241233,23999.999760000082
2007-06-14,2007,6366.T,3.125,29937.5
2007-06-14,2007,6952.T,1.4227642276422763,13978.658536585364
2007-06-18,2007,4568.T,3.384615384615393,32695.384288430847
2007-06-19,2007,4666.T,-3.0,-28077.0
2007-06-19,2007,9513.T,-3.0,-29820.0
2007-06-20,2007,4091.T,1.7989417989417988,17053.968253968254
2007-06-21,2007,4666.T,-3.0,-26943.0
2007-06-21,2007,9404.T,-1.101591187270502,-10813.219094247246
2007-06-26,2007,8306.T,0.0,0.0
2007-06-28,2007,9505.T,0.0,0.0
2007-06-29,2007,4452.T,0.628930817610063,6056.603773584907
2007-07-03,2007,4507.T,0.20304568527919775,1995.939066335123
2007-07-04,2007,4004.T,0.23696682464454977,2014.218009478673
2007-07-05,2007,9433.T,-0.6622516556291489,-6478.47675640738
2007-07-06,2007,2502.T,-1.1326860841423858,-11254.368819495056
2007-07-09,2007,4519.T,-2.0737327188940085,-19410.138054746538
2007-07-10,2007,2282.T,-3.0,-25974.0
2007-07-11,2007,6481.T,-0.8403361344537815,-7537.81512605042
2007-07-12,2007,4118.T,1.0773751224289911,5489.22624877571
2007-07-12,2007,8253.T,-3.0,-27990.0
2007-07-17,2007,9005.T,-1.1335012594458438,-10827.2040302267
2007-07-18,2007,6479.T,-0.7407407407407408,-6989.62962962963
2007-07-18,2007,6762.T,0.4452359750667768,4368.061695707841
2007-07-20,2007,4324.T,-0.9202453987730062,-9055.214723926381
2007-07-23,2007,9502.T,2.31023102310231,21485.148514851484
2007-07-23,2007,8595.T,-3.4862385321100935,-32422.018024403682
2007-07-25,2007,9433.T,-3.0,-28274.99971725
2007-07-26,2007,8306.T,-3.007518796992481,-27999.999999999996
2007-07-26,2007,8308.T,-5.166051660516605,-42464.944649446494
2007-07-27,2007,8316.T,-0.9174311926605515,-6850.152836697255
2007-07-30,2007,9020.T,-0.11273957158962962,-1011.2739470462382
2007-07-30,2007,6902.T,-1.7777777777777777,-16248.888888888889
2007-08-01,2007,4901.T,0.7766990291262119,6718.446534757267
2007-08-02,2007,7911.T,0.07867820613690008,603.7765538945712
2007-08-02,2007,3401.T,-3.0,-28305.0
2007-08-03,2007,9509.T,0.3968253968253968,2994.047619047619
2007-08-06,2007,4503.T,3.373015873015873,31207.142857142855
2007-08-07,2007,1928.T,5.0,45690.0
2007-08-08,2007,6861.T,5.0,25588.842463430003
2007-08-09,2007,5201.T,-4.702194357366771,-37735.10971786834
2007-08-10,2007,2503.T,-3.361344537815126,-33579.83193277311
2007-08-10,2007,4507.T,3.0268418046830408,29235.255751812703
2007-08-13,2007,9020.T,-0.5780346820809177,-5057.803417629995
2007-08-14,2007,9735.T,3.207547169811321,25307.547169811318
2007-08-15,2007,6965.T,-3.0,-27375.0
2007-08-20,2007,1928.T,-1.5436241610738255,-13800.0
2007-08-21,2007,4502.T,3.4482758620689653,26000.0
2007-08-22,2007,9432.T,5.0,49948.5
2007-08-30,2007,9008.T,1.5759312320916905,15400.0
2007-09-05,2007,9506.T,-3.0,-23760.0
2007-09-06,2007,9503.T,1.3358778625954197,10479.96183206107
2007-09-07,2007,6752.T,-3.903903903903904,-38824.32432432433
2007-09-07,2007,7270.T,-1.875,-17962.5
2007-09-14,2007,3401.T,-3.0,-24435.0
2007-09-14,2007,5332.T,-3.0,-25560.0
2007-09-19,2007,6952.T,0.3004807692307693,2994.5913461538466
2007-09-21,2007,4204.T,5.0,48000.0
2007-09-25,2007,9502.T,-0.8488964346349746,-7487.2665534804755
2007-09-26,2007,9202.T,0.6741573033707865,5986.516853932584
2007-09-27,2007,9531.T,0.5681818181818182,4491.477272727273
2007-10-01,2007,6925.T,-3.0,-25080.0
2007-10-02,2007,6952.T,-3.0,-29124.0
2007-10-03,2007,7701.T,-3.0,-27360.0
2007-10-04,2007,2802.T,-1.4892032762472078,-13947.877885331349
2007-10-10,2007,4205.T,-3.787195671776375,-37493.237150586116
2007-10-16,2007,9503.T,-3.0,-23265.0
2007-10-17,2007,7203.T,-2.037617554858934,-18285.579937304075
2007-10-18,2007,9506.T,0.21739130434782608,1986.9565217391303
2007-10-19,2007,7201.T,-3.068592057761733,-27568.231046931407
2007-10-22,2007,9508.T,-0.5434782608695652,-4516.304347826087
2007-10-23,2007,3861.T,-3.0,-29376.0
2007-10-24,2007,9503.T,-1.183431952662722,-8982.248520710058
2007-10-25,2007,9202.T,0.683371298405467,5972.665148063781
2007-10-26,2007,4452.T,-2.4242424242424243,-24000.0
2007-10-29,2007,9531.T,1.5904572564612325,12119.284294234592
2007-10-30,2007,7752.T,3.7444933920704844,33925.11013215859
2007-11-01,2007,9504.T,1.9955654101995564,18079.82261640798
2007-11-01,2007,2801.T,-1.2379642365887285,-12240.000000000076
2007-11-02,2007,9531.T,-1.7647058823529411,-13552.941176470587
2007-11-07,2007,4188.T,-3.0,-27300.0
2007-11-09,2007,7912.T,5.0,48420.0
2007-11-09,2007,3861.T,-3.0,-28620.0
2007-11-13,2007,3402.T,2.3894862604540026,21973.715651135008
2007-11-13,2007,2802.T,-0.08136696501220504,-803.2546786004882
2007-11-13,2007,9202.T,0.966183574879227,7961.352657004831
2007-11-27,2007,4502.T,3.0927835051546393,21463.917525773195
2007-11-27,2007,3405.T,5.0,46620.0
2007-11-29,2007,2702.T,3.816793893129771,34961.83206106871
2007-12-11,2007,4151.T,0.8312551953449709,8146.300914380715
2007-12-17,2007,4506.T,-3.0,-28479.0
2007-12-18,2007,4502.T,-0.6097560975609756,-4030.487804878049
2007-12-18,2007,4901.T,0.8565310492505332,8171.306128137026
2007-12-25,2007,6460.T,-3.0,-28518.0
2007-12-26,2007,7751.T,-1.1406844106463878,-5977.186311787073
2007-12-28,2007,9503.T,-3.0,-23805.0
2008-01-07,2008,2503.T,3.076923076923077,29095.384615384617
2008-01-08,2008,9020.T,3.982300884955751,35721.2385808407
2008-01-08,2008,4452.T,3.0303030303030303,29727.27272727273
2008-01-09,2008,3861.T,-1.7408123791102514,-17100.0
2008-01-10,2008,9042.T,-1.2875536480686696,-12051.502145922746
2008-01-10,2008,9001.T,2.766798418972332,21000.0
2008-01-15,2008,9502.T,5.0,40500.0
2008-01-16,2008,5901.T,-3.0,-28500.0
2008-01-16,2008,7951.T,-3.0,-28619.999713799996
2008-01-17,2008,9007.T,0.591715976331361,5591.715976331361
2008-01-18,2008,4503.T,-5.818965517241379,-54581.89655172414
2008-01-18,2008,3405.T,5.0,43785.0
2008-01-21,2008,9501.T,-3.0,-25200.0
2008-01-22,2008,9202.T,-3.0,-24120.0
2008-01-24,2008,9202.T,0.997506234413965,7940.149625935162
2008-01-24,2008,9501.T,5.0,40575.0
2008-02-22,2008,9021.T,-3.0,-29280.0
2008-02-28,2008,9020.T,0.11933174224343851,1008.3532118735232
2008-02-28,2008,4523.T,-3.0,-23160.0
2008-03-11,2008,4661.T,-0.4983388704318937,-4958.222591362126
2008-03-14,2008,4452.T,-3.0,-26640.0
2008-03-17,2008,9503.T,1.4462809917355373,14202.479338842975
2008-03-18,2008,9001.T,5.0,49000.0
2008-03-18,2008,7912.T,5.0,47010.0
2008-04-28,2008,9861.T,-1.282051282051282,-12076.923076923076
2008-05-01,2008,9501.T,-3.0,-23805.0
2008-05-01,2008,4151.T,0.0,0.0
2008-05-02,2008,9506.T,-0.42283298097251587,-3991.54334038055
2008-05-08,2008,9735.T,3.1315240083507305,30187.891440501044
2008-05-09,2008,9020.T,0.49140049140048186,3975.4299356755982
2008-05-12,2008,9005.T,5.0,46170.0
2008-05-13,2008,2802.T,-0.4873294346978557,-4703.7037037037035
2008-05-14,2008,8233.T,0.45454545454545453,4065.4545454545455
2008-05-15,2008,4568.T,3.552397868561271,33155.71310834806
2008-05-16,2008,2502.T,-2.2198731501057085,-22198.731279069772
2008-05-20,2008,9404.T,-1.2734082397003745,-11953.483146067416
2008-05-20,2008,6965.T,-3.0,-28177.5
2008-05-22,2008,8227.T,-0.823529411764702,-7131.764634564672
2008-05-23,2008,9503.T,-3.0,-28680.0
2008-05-27,2008,2503.T,1.8702513150204558,15990.648743424896
2008-05-28,2008,9532.T,5.0,45375.0
2008-05-29,2008,9505.T,3.7037037037037033,35999.99999999999
2008-06-03,2008,9508.T,1.5695067264573992,13968.609865470853
2008-06-04,2008,5332.T,4.375,41842.5
2008-06-09,2008,4911.T,1.4198782961460445,10712.981744421906
2008-06-12,2008,4004.T,-3.0,-27990.0
2008-06-17,2008,4911.T,-1.440329218106996,-14115.226337448561
2008-06-17,2008,5332.T,-3.0,-28476.0
2008-06-24,2008,9508.T,1.1904761904761905,10119.047619047618
2008-07-01,2008,3405.T,-0.6259780907668232,-5547.417840375587
2008-07-02,2008,3401.T,-3.0,-27600.0
2008-07-04,2008,9962.T,-0.574112734864302,-5459.812053961391
2008-07-07,2008,7751.T,-0.5671077504725899,-2971.644612476371
2008-07-07,2008,8252.T,-1.1042944785276074,-10813.251533742332
2008-07-10,2008,7733.T,0.8849557522123894,8347.345132743363
2008-07-11,2008,7201.T,-3.0,-28314.0
2008-07-14,2008,1662.T,-2.106741573033708,-18176.96629213483
2008-07-15,2008,7733.T,-3.0,-28215.0
2008-07-15,2008,7951.T,1.7156862745098127,16293.30049066185
2008-07-18,2008,4324.T,0.18018018018018017,1600.0
2008-07-23,2008,4452.T,5.0,45237.5
2008-07-28,2008,9433.T,1.1513157894736787,10992.187390078074
2008-08-04,2008,6762.T,7.438016528925617,74380.16454545452
2008-08-06,2008,9533.T,0.3448275862068966,3244.396551724138
2008-08-11,2008,7762.T,-3.0,-28314.0
2008-08-12,2008,4324.T,5.0,42560.0
2008-09-04,2008,6971.T,-3.0,-26700.0
2008-09-04,2008,8233.T,-3.8551401869158877,-36384.813084112146
2008-09-05,2008,4208.T,-3.0,-21840.0
2008-09-08,2008,4324.T,5.0,40860.0
2008-09-09,2008,6861.T,-4.287045666357203,-37839.37752147267
2008-09-10,2008,4324.T,1.2464046021093003,10449.856184084374
2008-09-11,2008,3402.T,1.282051282051282,12707.692307692309
2008-09-11,2008,9202.T,-3.0,-22800.0
2008-09-17,2008,9020.T,-3.3290653008962843,-25833.546476619696
2008-09-18,2008,9022.T,0.6889763779527559,5710.236220472441
2008-09-18,2008,9202.T,5.0,36800.0
2008-09-19,2008,9504.T,-0.44150110375275936,-4035.3200883002205
2008-09-30,2008,5802.T,-3.0,-29526.75
2008-10-09,2008,4661.T,-3.0,-29406.0
2008-10-10,2008,9001.T,5.0,47200.0
2009-01-07,2009,9501.T,-3.0,-25650.0
2009-01-08,2009,9508.T,-2.517162471395881,-21848.970251716248
2009-01-09,2009,9021.T,-1.0178117048346056,-9949.10941475827
2009-01-09,2009,4661.T,-1.9858156028368796,-19655.602836879436
2009-01-19,2009,4568.T,-3.0,-28424.99971575
2009-01-23,2009,9021.T,1.0554089709762533,10000.0
2009-01-23,2009,4661.T,2.627737226277372,25985.693430656935
2009-01-26,2009,9022.T,-0.9273570324574961,-8361.051004636784
2009-02-05,2009,8267.T,-3.0,-29366.99970633
2009-02-06,2009,9042.T,-3.0,-28260.0
2009-02-10,2009,4661.T,-3.0,-29340.0
2009-02-16,2009,4661.T,-1.5384615384615385,-15184.615384615385
2009-02-18,2009,9021.T,-3.0,-26550.0
2009-03-03,2009,4502.T,0.2590673575129534,2025.9067357512956
2009-03-03,2009,9502.T,-3.0,-28080.0
2009-03-09,2009,9501.T,-3.0,-24120.0
2009-05-08,2009,9506.T,-1.0473815461346634,-10473.815461346634
2009-05-08,2009,2875.T,5.0,47625.0
2009-05-12,2009,9513.T,4.220183486238533,34500.00000000001
2009-05-12,2009,2875.T,4.114400401404917,40979.42799799297
2009-05-14,2009,9506.T,-3.0,-30000.0
2009-06-02,2009,4689.T,4.051343762535085,40318.973124749165
2009-06-02,2009,9532.T,1.3201320132013201,11960.39603960396
2009-06-17,2009,6501.T,0.9803921568627451,9694.117647058823
2009-06-17,2009,6971.T,-0.5509641873278237,-5507.575757575758
2009-06-30,2009,4911.T,-1.4612452350698857,-13677.255400254131
2009-07-01,2009,6965.T,-0.21680216802168023,-2102.2764227642274
2009-07-03,2009,9202.T,-3.0,-28530.0
2009-07-07,2009,9202.T,-3.0,-27450.0
2009-07-09,2009,9022.T,-1.5254237288135595,-14448.813559322036
2009-07-09,2009,9202.T,-3.0,-26550.0
2009-07-10,2009,6501.T,-3.0,-29715.0
2009-07-13,2009,2282.T,1.391465677179963,12222.634508348794
2009-07-15,2009,4568.T,-0.7728894173602927,-7327.24923310887
2009-07-15,2009,6273.T,3.375527426160337,32067.5105485232
2009-07-23,2009,2914.T,-3.0,-28581.0
2009-08-03,2009,4519.T,1.5499425947187215,15238.518791357708
2009-08-03,2009,9022.T,3.3333333333333335,30453.333333333336
2009-08-07,2009,7832.T,-0.6085192697768715,-6024.340710547621
2009-08-13,2009,9041.T,-3.0,-24900.0
2009-08-18,2009,9983.T,-3.0,-21659.9997834
2009-08-19,2009,4901.T,0.7339449541284386,7319.877602642186
2009-08-19,2009,9041.T,-2.481389578163772,-19950.372208436725
2009-08-25,2009,9532.T,0.6389776357827476,5980.830670926518
2009-09-04,2009,3382.T,-3.0,-27949.9997205
2009-09-04,2009,8267.T,-1.835853131749458,-18094.168285580974
2009-09-08,2009,9502.T,0.2331002331002331,2000.0
2009-09-08,2009,8601.T,0.5671077504725899,5667.674858223064
2009-09-15,2009,9001.T,-0.17761989342806395,-1497.3357015985791
2009-09-16,2009,6501.T,-0.967741935483871,-9507.09677419355
2009-09-16,2009,9202.T,-1.107011070110701,-9033.210332103321
2009-09-18,2009,8308.T,-3.0,-28896.0
2009-09-24,2009,1925.T,-1.7763845350052248,-16982.23615464995
2009-09-24,2009,2784.T,-3.0,-28050.0
2009-09-25,2009,8308.T,-3.0,-28824.0
2009-09-28,2009,9005.T,0.9389671361502347,9006.57276995305
2009-09-29,2009,8725.T,0.20242914979757384,2016.1943118218921
2009-09-29,2009,7211.T,-3.0,-26640.0
2009-10-05,2009,3861.T,3.2828282828282833,31751.515151515156
2009-10-08,2009,9508.T,-3.1488065007618085,-30984.255967496192
2009-10-09,2009,9503.T,-1.2285012285012284,-10024.570024570025
2009-10-14,2009,8267.T,-2.1201413427561673,-21024.73477208464
2009-10-14,2009,9513.T,0.1851851851851852,1491.6666666666667
2009-10-15,2009,9508.T,0.31931878658861096,2993.613624268228
2009-10-22,2009,9501.T,-3.0,-27180.0
2009-10-22,2009,2768.T,-0.5747126436781609,-5500.0
2009-10-26,2009,9022.T,-1.1532125205930808,-11126.194398682042
2009-10-28,2009,4063.T,-3.0,-27432.0
2009-10-28,2009,4507.T,-3.0,-28489.999715100003
2009-10-29,2009,4502.T,1.4084507042253522,10028.169014084508
2009-10-29,2009,2212.T,-5.477031802120141,-50432.50883392226
2009-11-04,2009,9020.T,0.17543859649123067,1666.6666500000247
2009-11-06,2009,4507.T,-1.388888888888878,-13458.333198749893
2009-11-09,2009,4519.T,-0.2905287623474767,-2859.674579189467
2009-11-10,2009,7203.T,-3.0,-29400.0
2009-11-11,2009,9531.T,-3.0,-25500.0
2009-11-12,2009,9513.T,0.1984126984126984,1502.9761904761904
2009-11-13,2009,2502.T,1.3716525146962661,13465.055384617792
2009-11-13,2009,9501.T,4.225352112676056,35915.49295774648
2009-11-20,2009,7011.T,0.34602076124567477,3435.294117647059
2009-11-24,2009,7267.T,1.2820512820512886,12809.828931730835
2009-11-24,2009,8802.T,0.07874015748031496,700.0
2009-11-30,2009,9843.T,0.6944444444444444,6941.666666666666
2009-12-01,2009,8053.T,4.127358490566038,41221.9929245283
2009-12-01,2009,6954.T,5.0,49980.0
2009-12-02,2009,9202.T,3.9301310043668125,36157.20524017468
2009-12-03,2009,2875.T,-1.9955654101995564,-18159.64523281596
2009-12-09,2009,9843.T,-3.0,-28644.0
2009-12-15,2009,3382.T,1.774193548387101,16695.161123371006
2009-12-15,2009,2282.T,0.0,0.0
2010-01-12,2010,2267.T,-3.0,-28224.0
2010-01-15,2010,2897.T,-0.6116207951070288,-6008.1548838531635
2010-01-18,2010,2267.T,0.5331302361005331,4901.865955826352
2010-01-21,2010,6674.T,0.16129032258064516,1521.774193548387
2010-01-25,2010,4043.T,-3.0,-23130.0
2010-01-26,2010,4519.T,-0.12195121951220109,-1205.1219391683514
2010-01-27,2010,2802.T,-3.0,-29635.5
2010-01-28,2010,6370.T,-3.0,-25038.0
2010-01-29,2010,9503.T,-0.1937046004842615,-1605.4237288135594
2010-01-29,2010,6923.T,-3.0,-27030.0
2010-02-02,2010,8113.T,2.3121387283220685,22830.228388080453
2010-02-03,2010,9506.T,2.387411828540423,21832.88117200217
2010-02-05,2010,7832.T,-3.912543153049477,-38666.35941387337
2010-02-08,2010,8306.T,-0.43956043956043955,-4218.461538461538
2010-02-08,2010,9766.T,-1.2385919165580181,-11400.0
2010-02-10,2010,2502.T,-0.890207715133524,-8479.821873658686
2010-02-15,2010,8227.T,-0.504413619167725,-4666.666620000069
2010-02-15,2010,4540.T,-0.33100404560500185,-2689.076866495035
2010-02-17,2010,4755.T,-3.0,-28056.0
2010-02-23,2010,4704.T,-3.0,-29160.0
2010-03-01,2010,5333.T,-3.0,-28755.0
2010-03-01,2010,6988.T,1.0752688172043012,10564.516129032258
2010-03-04,2010,4503.T,1.6793893129770994,16374.045801526718
2010-03-05,2010,4568.T,-0.11363636363636918,-1128.181806900055
2010-03-05,2010,2502.T,1.8364928909952596,17525.03931922037
2010-03-11,2010,6702.T,1.083032490974729,10780.505415162454
2010-03-12,2010,4307.T,4.251968503937888,40502.63430259692
2010-03-26,2010,2267.T,-1.3192612137203166,-12245.382585751979
2010-03-26,2010,5333.T,2.393617021276596,22308.510638297877
2010-03-29,2010,9202.T,2.2988505747126435,18068.965517241377
2010-04-01,2010,4507.T,0.2807411566535696,2662.174781538501
2010-04-02,2010,2875.T,-1.5280135823429541,-14461.120543293719
2010-04-02,2010,2267.T,2.6167471819645733,26010.466988727858
2010-04-07,2010,9843.T,2.7737226277372264,26522.335766423363
2010-04-08,2010,2802.T,-0.11135857461024498,-1098.7750556792873
2010-04-08,2010,9513.T,0.3512469265893923,2993.677555321391
2010-04-15,2010,9508.T,-0.9278350515463918,-9000.0
2010-04-20,2010,9502.T,-0.6672597864768683,-6008.007117437723
2010-04-20,2010,6586.T,2.0244328097731237,17612.565445026175
2010-04-22,2010,8058.T,-0.1728608470181441,-1622.1261721970027
2010-04-23,2010,5938.T,1.3186813186813187,12052.747252747253
2010-04-23,2010,8031.T,-1.0731052984574112,-10393.024815560027
2010-04-27,2010,4519.T,-3.6281179138322033,-36204.98830008167
2010-04-30,2010,6758.T,-4.992435703479576,-49200.453857791224
2010-05-06,2010,9020.T,-3.548387096774202,-29806.45131483878
2010-05-06,2010,4543.T,-0.5364806866952789,-5155.57939914163
2010-05-07,2010,4502.T,1.6602809706257982,13282.247765006385
2010-05-10,2010,9506.T,1.0810810810810811,10037.837837837838
2010-05-11,2010,9501.T,-0.8554319931565441,-8027.373823781009
2010-05-12,2010,9508.T,0.0,0.0
2010-05-13,2010,6326.T,-3.0,-27756.0
2010-05-14,2010,8411.T,0.6134969325153374,6073.619631901841
2010-05-17,2010,4543.T,0.44893378226711567,4345.398428731763
2010-05-18,2010,7211.T,-2.479338842975207,-24000.0
2010-05-19,2010,2875.T,-1.0214007782101167,-8408.171206225681
2010-05-21,2010,1925.T,0.0,0.0
2010-05-25,2010,9532.T,0.964630225080386,9057.877813504825
2010-05-26,2010,1928.T,-3.0,-29772.0
2010-05-27,2010,8750.T,1.6260162601626018,16210.975609756098
2010-05-28,2010,9504.T,0.9248554913294799,7986.1271676300585
2010-05-28,2010,2897.T,-0.16447368421052877,-1487.664458807588
2010-06-01,2010,7911.T,1.9255455712451863,17953.786906290115
2010-06-02,2010,4452.T,0.1,909.9
2010-06-09,2010,9433.T,2.741358760429074,26897.298102103618
2010-06-10,2010,4911.T,5.4390934844192635,48244.759206798866
2010-06-15,2010,7267.T,0.21978021978023055,2184.6886228418653
2010-06-15,2010,8267.T,5.0,49439.9995056
2010-06-28,2010,4202.T,-1.6286644951140066,-16052.11726384365
2010-06-29,2010,8411.T,-3.0,-26820.0
2010-06-30,2010,8630.T,2.879078694817668,28537.427737658443
2010-07-01,2010,6301.T,0.625,6067.5
2010-07-02,2010,3861.T,0.23201856148491878,2294.663573085847
2010-07-05,2010,5108.T,0.4861111111111111,4518.402777777778
2010-07-06,2010,7733.T,5.0,49993.75
2010-07-07,2010,8411.T,-3.0,-25740.0
2010-07-09,2010,8604.T,0.0,0.0
2010-07-12,2010,9843.T,-1.453104359313078,-14300.0
2010-07-13,2010,1662.T,-2.4226110363391657,-23400.000000000004
2010-07-21,2010,4523.T,-1.0327635327635327,-8687.606837606836
2010-07-22,2010,8766.T,0.0433839479392572,406.2472844407315
2010-08-03,2010,9503.T,0.09555661729574773,793.5021500238892
2010-08-05,2010,2875.T,-3.4904013961605584,-29790.575916230366
2010-08-09,2010,7701.T,-3.0,-29664.0
2010-08-10,2010,2897.T,0.2705444707473808,2662.1575655326515
2010-08-10,2010,7282.T,-3.0,-29070.0
2010-08-11,2010,2282.T,-0.4703668861712135,-4015.0517403574786
2010-08-12,2010,6674.T,-1.1406844106463878,-9171.102661596959
2010-08-13,2010,7911.T,1.5060240963855422,14063.253012048192
2010-08-17,2010,9735.T,0.648508430609598,6322.95719844358
2010-08-17,2010,8015.T,3.3911671924290268,33538.64319773664
2010-08-18,2010,2897.T,-0.26666666666666833,-2415.999975840015
2010-08-23,2010,7261.T,-3.0,-29700.0
2010-08-25,2010,9984.T,1.8711018711018712,18701.429313929315
2010-08-26,2010,8309.T,3.6666666666666665,35869.166666666664
2010-08-27,2010,4502.T,0.7832898172323759,6070.496083550913
2010-08-31,2010,4452.T,0.35496957403651114,3533.7221095334685
2010-08-31,2010,3407.T,0.23696682464454977,2327.2511848341233
2010-09-02,2010,4689.T,0.8143322475570033,7947.882736156352
2010-09-03,2010,3861.T,0.516795865633075,5064.599483204135
2010-09-03,2010,4755.T,-3.0,-28800.0
2010-09-08,2010,4755.T,5.0,48705.0
2010-09-09,2010,8113.T,2.1164021164034867,20784.635864814645
2010-09-10,2010,4114.T,1.662049861495845,16431.440443213298
2010-09-14,2010,9735.T,3.638814016172507,33750.0
2010-09-17,2010,8411.T,-0.7633587786259541,-6946.564885496183
2010-09-21,2010,9501.T,-1.9409282700421944,-18306.835443037977
2010-09-21,2010,9022.T,1.2213740458015268,11251.297709923665
2010-09-27,2010,9022.T,-3.0,-27846.0
2010-09-27,2010,8113.T,2.1671836842102716,20934.993761421134
2010-09-27,2010,9504.T,-3.0,-25965.0
2010-09-29,2010,9502.T,-3.0,-25992.0
2010-09-29,2010,8411.T,-3.0,-29760.0
2010-09-30,2010,9020.T,-1.953125000000002,-16666.666500000018
2010-10-01,2010,9531.T,-3.0,-28425.0
2010-10-04,2010,8306.T,3.0848329048843186,30231.362467866322
2010-10-05,2010,5938.T,-3.0,-28836.0
2010-10-06,2010,9843.T,-2.06794682422452,-19484.19497784343
2010-10-07,2010,2914.T,-3.0,-27625.5
2010-10-08,2010,4911.T,-3.0,-27450.0
2010-10-12,2010,2432.T,-3.0,-28932.0
2010-10-13,2010,4911.T,-0.2890173410404624,-2488.439306358381
2010-10-13,2010,9502.T,-1.6477857878475797,-16016.477857878477
2010-10-14,2010,9101.T,-0.30303030303028683,-2972.727242999841
2010-10-19,2010,6370.T,-1.0786516853932584,-9638.831460674157
2010-10-20,2010,4004.T,0.6802721088435374,6040.816326530612
2010-10-22,2010,9021.T,-0.8078088185796028,-7161.225176708179
2010-10-26,2010,5411.T,-0.07886435331230283,-607.3343848580441
2010-10-28,2010,6952.T,-3.0,-29784.0
2010-10-29,2010,4523.T,-0.5759539236861051,-4813.8228941684665
2010-11-01,2010,6702.T,-1.4571948998178506,-14426.229508196722
2010-11-01,2010,9602.T,1.788617886178864,17771.707317073193
2010-11-04,2010,9501.T,0.0526592943654555,496.57714586624536
2010-11-08,2010,3861.T,2.73972602739726,26852.054794520547
2010-11-10,2010,8331.T,2.4242424242424243,23854.545454545456
2010-11-15,2010,9735.T,1.6348773841961852,14918.256130790189
2010-11-15,2010,5541.T,-3.0,-19680.0
2010-11-18,2010,4063.T,3.308823529411765,32161.76470588235
2010-11-25,2010,5938.T,-0.3858520900321543,-3572.2186495176848
2010-11-26,2010,9531.T,0.5509641873278237,5013.774104683196
2010-12-02,2010,9508.T,-0.646900269541779,-5983.827493261456
2010-12-06,2010,4684.T,5.0,49572.00000000001
2010-12-14,2010,2502.T,0.06253908692934455,600.7504630357791
2010-12-14,2010,9508.T,-0.544959128065395,-5010.8991825613075
2010-12-14,2010,6367.T,-0.48159614723082217,-4191.331269349846
2010-12-27,2010,9843.T,0.14064697609001406,1394.0928270042195
2010-12-27,2010,8227.T,2.1390374331550754,18841.35453529408
2010-12-30,2010,2702.T,-0.34347399411187435,-2799.9999999999995
2011-01-07,2011,4689.T,1.6528925619834711,16500.0
2011-01-11,2011,9983.T,-0.164744645799014,-1354.200974925885
2011-01-11,2011,3086.T,-0.8928571428571428,-8800.0
2011-01-14,2011,4507.T,0.9746588693957037,9586.419657222146
2011-01-17,2011,6702.T,1.0968921389396709,10701.279707495429
2011-01-17,2011,5108.T,0.19218449711723257,1803.4593209481106
2011-01-19,2011,9433.T,-1.0638297872340436,-10361.25876163565
2011-01-21,2011,9984.T,-3.0,-29022.0
2011-01-21,2011,5110.T,1.575757575757576,15675.636363636364
2011-01-24,2011,4568.T,-0.624645088018173,-6197.936716366284
2011-01-24,2011,5713.T,2.410518626734843,19785.536888239592
2011-01-26,2011,4911.T,-1.1855364552459988,-10082.98755186722
2011-01-26,2011,8113.T,-1.2759170653920118,-12623.072581150298
2011-01-28,2011,4523.T,2.0552799433026223,17363.004961020553
2011-01-31,2011,6861.T,4.04651162790697,40354.756467488296
2011-01-31,2011,6305.T,1.9678922837907822,19255.825996892803
2011-02-02,2011,9104.T,1.698113207547169,14915.094190471693
2011-02-03,2011,8308.T,0.22988505747126436,2289.425287356322
2011-02-03,2011,6370.T,0.6185567010309279,5995.051546391753
2011-02-07,2011,6752.T,0.365296803652968,3570.4109589041095
2011-02-10,2011,1801.T,-1.0416666666666665,-10104.166666666664
2011-02-10,2011,1812.T,-0.45662100456621,-4379.908675799086
2011-02-16,2011,4613.T,-0.245398773006135,-2382.3312883435588
2011-02-17,2011,7741.T,-0.4117344312918168,-3989.706639217705
2011-02-18,2011,6367.T,-0.5321035828307911,-4501.596310748493
2011-02-22,2011,8803.T,-2.4,-22590.0
2011-02-24,2011,6366.T,-0.1358695652173913,-1292.9347826086955
2011-02-25,2011,9101.T,0.5524861878453121,5289.134385414443
2011-02-28,2011,4755.T,4.728789986091794,44015.57719054242
2011-03-01,2011,9202.T,-3.0,-26550.0
2011-03-02,2011,6701.T,-1.3215859030837005,-12655.506607929516
2011-03-02,2011,8001.T,3.4564958283670935,34161.239570917656
2011-03-03,2011,7276.T,0.9365994236311239,9106.556195965417
2011-03-07,2011,9001.T,-3.0,-27975.0
2011-03-08,2011,6701.T,-1.3513513513513513,-13199.999999999998
2011-03-08,2011,4202.T,-0.5692599620493358,-5667.552182163188
2011-03-09,2011,8252.T,-3.0,-29106.0
2011-03-11,2011,6702.T,-10.29126213592233,-102655.33980582525
2011-03-11,2011,4062.T,-11.434977578475337,-109101.12107623319
2011-03-14,2011,6954.T,-3.0,-29640.0
2011-03-15,2011,4503.T,-3.0,-28260.0
2011-03-15,2011,9735.T,-3.0,-29662.5
2011-03-16,2011,9735.T,-3.0,-29400.0
2011-03-16,2011,4503.T,-3.0,-28588.800000000003
2011-03-16,2011,2875.T,-3.0,-25755.0
2011-03-17,2011,4523.T,5.650684931506849,50313.69863013698
2011-03-17,2011,9532.T,5.0,43500.0
2011-03-18,2011,2897.T,0.5233775296580558,4989.532399511474
2011-03-18,2011,2875.T,5.0,42825.0
2011-04-20,2011,9433.T,2.0000000000000027,19839.999801600028
2011-04-22,2011,6753.T,-1.4588859416445623,-10985.411140583554
2011-04-22,2011,2432.T,5.0,41775.0
2011-04-26,2011,5411.T,0.9610983981693364,8446.132723112129
2011-04-27,2011,9531.T,1.4124293785310735,12394.06779661017
2011-04-28,2011,4507.T,1.3740458015267198,13210.07620377712
2011-05-02,2011,4519.T,0.5970149253731253,5844.776060955135
2011-05-06,2011,9021.T,1.9834710743801653,17845.28925619835
2011-05-09,2011,9064.T,0.9685230024213075,9669.733656174334
2011-05-10,2011,8031.T,-1.765536723163842,-17413.488700564973
2011-05-11,2011,6448.T,-3.0,-27360.0
2011-05-13,2011,6479.T,-3.349282296650718,-32200.0
2011-05-16,2011,4502.T,0.0,0.0
2011-05-17,2011,8306.T,0.5319148936170213,5213.829787234042
2011-05-17,2011,8316.T,1.599999999999992,15366.399846335922
2011-05-20,2011,6268.T,-3.0,-28665.0
2011-05-24,2011,8630.T,1.6032064128256442,16032.0639679358
2011-05-24,2011,5631.T,0.3389830508474576,3015.2542372881353
2011-05-25,2011,6954.T,0.7334963325183375,7223.471882640587
2011-05-27,2011,8053.T,2.5592417061611377,25188.056872037916
2011-05-27,2011,7741.T,3.3169533169533167,32439.803439803436
2011-05-30,2011,6702.T,4.13625304136253,39670.802919708025
2011-06-02,2011,5423.T,0.0,0.0
2011-06-02,2011,9532.T,-1.4184397163120568,-14148.936170212764
2011-06-03,2011,4661.T,0.0,0.0
2011-06-07,2011,3407.T,3.0947775628626695,30341.199226305613
2011-06-07,2011,6326.T,-1.1412268188302426,-11200.000000000002
2011-06-08,2011,9022.T,0.0,0.0
2011-06-09,2011,8267.T,0.33632286995515426,3303.699518532485
2011-06-10,2011,9107.T,0.7518796992488825,7305.764264919797
2011-06-13,2011,6674.T,1.7751479289940828,13633.136094674557
2011-06-14,2011,6954.T,3.0402629416598193,29551.355792933442
2011-06-16,2011,2914.T,-3.0,-27360.0
2011-06-16,2011,5411.T,1.8274111675126905,18009.137055837564
2011-06-16,2011,8309.T,0.3861003861003861,3778.957528957529
2011-06-20,2011,6508.T,3.2835820895522385,27746.26865671642
2011-06-21,2011,4507.T,0.9230769230769289,9150.46144695698
2011-06-21,2011,1812.T,1.3392857142857142,13199.999999999998
2011-06-23,2011,6988.T,-1.639344262295082,-15659.016393442624
2011-06-24,2011,1928.T,0.41379310344827586,3878.4827586206898
2011-06-28,2011,6146.T,1.60000000000001,15919.9998408001
2011-07-05,2011,4062.T,0.5282405526208858,5168.305566842746
2011-07-13,2011,5726.T,-0.7421150278293136,-4007.421150278293
2011-07-14,2011,8304.T,2.2988505747126435,20114.94252873563
2011-07-14,2011,4061.T,-1.3123359580052494,-12532.808398950132
2011-07-19,2011,7735.T,-3.0,-29520.0
2011-07-21,2011,2282.T,0.0,0.0
2011-07-21,2011,6146.T,-2.1645021645021667,-19978.35477857145
2011-07-22,2011,9107.T,0.0,0.0
2011-07-27,2011,7012.T,-3.0,-28992.0
2011-07-28,2011,8035.T,1.9417475728155296,18961.164858931996
2011-07-28,2011,6471.T,2.1136063408190227,21047.29194187583
2011-07-29,2011,5411.T,2.2520364159080017,18736.942980354575
2011-08-02,2011,9984.T,-0.6495726495726496,-6489.2307692307695
2011-08-02,2011,4062.T,-11.53516295025729,-108984.21955403087
2011-08-02,2011,2802.T,-1.36986301369863,-13068.493150684932
2011-08-04,2011,4503.T,-3.0,-28627.199999999997
2011-08-05,2011,4523.T,0.49180327868852464,4559.016393442623
2011-08-05,2011,2502.T,-3.0,-29943.99970056
2011-08-08,2011,3402.T,-3.9792387543252596,-39573.5294117647
2011-08-10,2011,4502.T,0.8333333333333334,5950.0
2011-08-10,2011,5108.T,-3.0,-28578.0
2011-08-10,2011,1925.T,-3.111587982832618,-28751.072961373393
2011-08-12,2011,4452.T,-1.0842779694430755,-9914.637752587483
2011-08-15,2011,3382.T,-0.7299270072992808,-7085.158080000105
2011-08-16,2011,7751.T,-1.2517385257301807,-8974.965229485397
2011-08-19,2011,6753.T,-3.0,-18720.0
2011-08-22,2011,6861.T,-3.0,-27218.181546
2011-08-26,2011,8113.T,3.6549707602336308,36058.316367850086
2011-08-29,2011,9022.T,2.4154589371980677,21202.89855072464
2011-08-31,2011,9021.T,2.0700636942675157,19375.796178343946
2011-09-05,2011,7203.T,0.0,0.0
2011-09-08,2011,5713.T,-6.841216216216216,-64252.7027027027
2011-09-13,2011,3099.T,1.3123359580052494,12880.577427821523
2011-09-14,2011,9843.T,0.5405405405405406,5185.945945945946
2011-09-15,2011,8308.T,5.0,49200.0
2011-09-20,2011,2802.T,0.11273957158962795,1095.0394588500562
2011-09-22,2011,9202.T,-0.8130081300813009,-8000.000000000001
2011-09-28,2011,8001.T,-3.0,-29678.999999999996
2011-10-06,2011,4519.T,1.2944983818770308,12789.643885048625
2011-10-18,2011,9202.T,1.694915254237288,16067.796610169491
2011-10-25,2011,8766.T,-3.0,-28943.999710559998
2011-10-26,2011,4543.T,7.368421052631578,70460.52631578947
2011-10-27,2011,4502.T,0.5681818181818182,3988.636363636364
2011-10-28,2011,8113.T,1.5580736543912104,15191.21782648994
2011-10-31,2011,9064.T,-1.7692307692307692,-16397.230769230766
2011-11-01,2011,9531.T,-3.0,-25275.0
2011-11-02,2011,4502.T,-2.282453637660485,-16045.649072753211
2011-11-07,2011,3407.T,0.6578947368421052,6341.4473684210525
2011-11-07,2011,9531.T,4.113924050632911,38753.16455696202
2011-11-09,2011,4502.T,-3.0,-20520.0
2011-11-10,2011,8411.T,0.0,0.0
2011-11-11,2011,4063.T,-0.9446693657219973,-9050.877192982456
2011-11-14,2011,2503.T,0.6593406593406593,6534.725274725275
2011-11-15,2011,4502.T,-3.0,-20010.0
2011-11-24,2011,4755.T,-2.360248447204969,-23309.813664596273
2011-11-25,2011,9022.T,-1.309328968903437,-12883.797054009821
2011-11-28,2011,9021.T,0.7911392405063291,7500.000000000001
2011-11-29,2011,4523.T,0.5486968449931412,4753.909465020575
2011-11-30,2011,6861.T,1.6597510373444004,14628.441951037361
2011-12-01,2011,9433.T,1.0000000000000013,9679.166569875013
2011-12-02,2011,9064.T,0.495458298926507,4895.1279933938895
2011-12-05,2011,2914.T,4.366197183098591,38367.95774647887
2011-12-06,2011,6754.T,-3.0,-28314.0
2011-12-12,2011,9503.T,0.9000900090009001,8935.193519351935
2011-12-12,2011,9202.T,0.4424778761061947,3964.6017699115046
2011-12-13,2011,4452.T,-0.05091649694501018,-502.8004073319755
2011-12-15,2011,6988.T,-3.0,-28550.399999999998
2011-12-15,2011,9831.T,0.5545286506469501,5419.96303142329
2011-12-20,2011,9202.T,-0.4524886877828055,-3981.900452488688
2011-12-30,2011,6753.T,-1.3412816691505216,-8932.935916542474
2012-01-06,2012,4519.T,-1.0682004930156084,-10391.454292141294
2012-01-06,2012,6861.T,-0.1625135427952304,-1373.2394228873025
2012-01-11,2012,8267.T,-3.0,-29985.999700139997
2012-01-12,2012,6988.T,-3.0,-28804.8
2012-01-12,2012,7261.T,-3.0,-29475.0
2012-01-13,2012,6861.T,0.9356081452944343,7701.75606447435
2012-01-16,2012,4689.T,0.5086901229334415,4972.14073760063
2012-01-17,2012,4502.T,1.2558869701726845,11943.48508634223
2012-01-18,2012,9021.T,-2.3255813953488373,-22604.6511627907
2012-01-19,2012,9831.T,3.5827186512118017,35662.38145416228
2012-01-23,2012,6754.T,5.0,47520.0
2012-01-23,2012,9021.T,1.7515923566878981,16552.547770700636
2012-01-24,2012,9433.T,0.6198347107437967,5981.404898863589
2012-01-26,2012,4755.T,-3.0,-28908.0
2012-01-26,2012,9843.T,-0.28653295128939826,-2808.022922636103
2012-01-27,2012,8331.T,-0.8403361344537815,-8033.6134453781515
2012-01-30,2012,6701.T,-3.0,-29952.0
2012-01-31,2012,5201.T,-3.0,-28260.0
2012-02-01,2012,4452.T,-0.0996512207274539,-899.5515695067264
2012-02-02,2012,7751.T,3.0303030303030303,29727.27272727273
2012-02-03,2012,4911.T,0.14705882352941177,1399.9999999999998
2012-02-06,2012,9502.T,3.393501805054152,32923.75451263539
2012-02-07,2012,4755.T,0.0,0.0
2012-02-08,2012,1878.T,1.1816838995568686,11183.456425406206
2012-02-10,2012,1812.T,1.6260162601626018,16000.000000000002
2012-02-10,2012,1803.T,0.0,0.0
2012-02-13,2012,8253.T,2.5762711864406778,22599.050847457624
2012-02-21,2012,4704.T,0.6039689387402933,5597.584124245039
2012-02-22,2012,4755.T,3.90625,38949.21875
2012-02-24,2012,8242.T,2.464788732394366,22321.12676056338
2012-02-24,2012,8086.T,1.2944983818770228,12758.576051779937
2012-02-27,2012,4151.T,-0.11507479861910241,-1097.4683544303798
2012-02-29,2012,9843.T,0.0,0.0
2012-03-05,2012,8086.T,0.8051529790660225,7999.999999999999
2012-03-13,2012,6370.T,-0.7342143906020557,-5979.441997063142
2012-03-16,2012,8136.T,-3.0,-29899.999701
2012-03-21,2012,4043.T,-3.0,-28875.0
2012-03-22,2012,9503.T,-1.0670731707317074,-9800.0
2012-03-26,2012,6113.T,3.79746835443038,37663.291139240515
2012-03-26,2012,4043.T,0.0,0.0
2012-04-04,2012,9064.T,-3.0,-30000.0
2012-04-04,2012,9007.T,-0.6527415143603132,-5976.501305483028
2012-04-05,2012,4689.T,-1.0196078431372526,-10175.788235294094
2012-04-06,2012,8058.T,-3.1049250535331963,-29124.196710899414
2012-04-09,2012,4502.T,-3.0,-21300.0
2012-04-12,2012,7202.T,-3.0,-29964.0
2012-04-12,2012,9020.T,-0.7905138339920931,-6627.140908695637
2012-04-13,2012,5019.T,-2.1963824289405682,-21250.0
2012-04-17,2012,4324.T,3.079416531604538,30510.85899513776
2012-04-17,2012,9020.T,-0.894632206759443,-7485.089388369778
2012-04-19,2012,4205.T,0.0,0.0
2012-04-20,2012,4689.T,2.957633892885705,28952.278177458164
2012-04-23,2012,9501.T,-0.9950248756218906,-9848.756218905473
2012-04-24,2012,7733.T,2.1774193548387095,21127.5
2012-05-01,2012,7751.T,-4.761904761904762,-34952.380952380954
2012-05-02,2012,5108.T,-5.166846071044134,-47948.33153928956
2012-05-07,2012,4689.T,0.6313131313131313,6234.848484848485
2012-05-09,2012,9020.T,-2.0491803278688545,-20102.458815368875
2012-05-09,2012,9697.T,2.1787709497206706,21306.201117318436
2012-05-10,2012,8001.T,-1.473922902494328,-14543.49206349203
2012-05-10,2012,3402.T,-1.0380622837370241,-10147.05882352941
2012-05-14,2012,6861.T,-0.9884678747940692,-9029.654036243823
2012-05-15,2012,4902.T,-3.0,-28440.0
2012-05-15,2012,5101.T,-3.0,-27216.0
2012-05-16,2012,9020.T,-3.0,-29279.9997072
2012-05-17,2012,4324.T,-2.3645743766122096,-22113.499570077383
2012-05-17,2012,4676.T,0.3091190108191654,2774.03400309119
2012-05-18,2012,9432.T,-2.2857142857142776,-22817.371428571347
2012-05-22,2012,4519.T,-0.2844950213371284,-2790.0426463527915
2012-05-24,2012,6869.T,6.673407482305352,66444.89316770468
2012-05-28,2012,7751.T,0.46153846153846156,4472.307692307693
2012-05-29,2012,9021.T,0.16286644951140067,1497.557003257329
2012-06-01,2012,9001.T,0.0,0.0
2012-06-04,2012,2269.T,5.0,48525.0
2012-06-06,2012,4755.T,-1.6069221260815822,-15561.433868974042
2012-06-06,2012,2502.T,-1.6480282519128902,-15763.939414658036
2012-06-07,2012,8331.T,-1.1185682326621924,-10926.174496644297
2012-06-12,2012,3382.T,-1.5638575152041727,-14487.575875975697
2012-06-12,2012,4324.T,1.1970534069981584,10601.104972375691
2012-06-14,2012,2212.T,0.19193857965451055,1798.2725527831094
2012-06-22,2012,7011.T,2.2801302931596092,22691.856677524433
2012-07-03,2012,6479.T,-3.0,-29667.0
2012-07-06,2012,2802.T,1.5902712815715623,15228.43779232928
2012-07-10,2012,3401.T,-3.0,-27960.0
2012-07-11,2012,8035.T,0.4341534008683133,4040.5209436758923
2012-07-13,2012,6268.T,0.0,0.0
2012-07-17,2012,7011.T,-0.6389776357827476,-6200.0
2012-07-17,2012,7267.T,1.5334947538337294,15261.339637539875
2012-07-19,2012,5401.T,-3.0,-29388.0
2012-07-20,2012,8267.T,-1.7801047120418825,-17566.666490999978
2012-07-20,2012,2875.T,0.15337423312883436,1507.6687116564417
2012-07-23,2012,6506.T,-3.0,-28407.0
2012-07-24,2012,8306.T,3.3707865168539324,32673.03370786517
2012-07-25,2012,7751.T,-5.6716417910447765,-45974.32835820896
2012-07-25,2012,4902.T,-3.0,-28836.0
2012-07-26,2012,9202.T,0.0,0.0
2012-07-27,2012,7201.T,5.270655270655271,52168.94586894587
2012-07-27,2012,1925.T,2.1237303785780237,20527.977839335177
2012-07-31,2012,4578.T,-0.5414410662224073,-5197.83423573511
2012-08-01,2012,2267.T,1.3333333333333335,12120.0
2012-08-01,2012,4204.T,-0.9009009009009009,-8425.225225225224
2012-08-03,2012,6460.T,-0.7006369426751593,-6709.299363057326
2012-08-07,2012,7911.T,6.167400881057269,61600.00000000001
2012-08-08,2012,3402.T,-3.0,-29640.0
2012-08-10,2012,7912.T,1.5706806282722512,15273.298429319371
2012-08-16,2012,8316.T,3.927242662257118,37890.0368265563
2012-08-16,2012,6754.T,2.2175290390707496,20911.298838437167
2012-08-17,2012,4755.T,-1.1764705882352942,-11654.117647058823
2012-08-23,2012,8473.T,-0.3952569169960474,-3923.1225296442685
2012-08-28,2012,8031.T,-2.368421052631579,-22849.342105263164
2012-08-29,2012,9602.T,1.1144130757800892,11132.986627043092
2012-08-30,2012,8058.T,-3.0,-29639.9997036
2012-09-03,2012,7751.T,-3.0,-23355.0
2012-09-04,2012,9202.T,-3.0,-25800.0
2012-09-05,2012,4324.T,-0.9900990099009901,-9460.39603960396
2012-09-05,2012,3382.T,-3.0,-28439.9997156
2012-09-06,2012,9202.T,5.0,49800.0
2012-09-10,2012,8001.T,1.5228426395939123,15081.624365482268
2012-09-10,2012,4911.T,1.083032490974729,9643.321299638988
2012-09-11,2012,7741.T,1.7981438515081205,15535.96287703016
2012-09-19,2012,9020.T,2.9821073558648146,25149.105116302213
2012-09-19,2012,4661.T,3.7678207739307537,37150.712830957236
2012-09-20,2012,7201.T,-3.0,-28353.0
2012-09-24,2012,9684.T,-0.7444168734491257,-7199.999927999943
2012-09-27,2012,9009.T,-2.12464589235127,-21118.979958781823
2012-09-27,2012,9041.T,-3.870967741935484,-36000.0
2012-10-01,2012,4502.T,-1.9607843137254901,-14098.039215686274
2012-10-02,2012,7741.T,-1.8401380103507763,-15861.989649223691
2012-10-02,2012,7013.T,3.4883720930232567,34086.378055813955
2012-10-04,2012,8227.T,0.6002400960384079,5882.352882352869
2012-10-05,2012,4568.T,-2.5641025641025625,-24799.999751999985
2012-10-05,2012,4911.T,-3.0,-29310.0
2012-10-11,2012,4523.T,1.3432835820895521,9107.462686567163
2012-10-15,2012,6367.T,4.26296866974833,41649.203903441194
2012-10-17,2012,8267.T,1.3888888888888977,13537.036901666752
2012-10-19,2012,4569.T,0.47904191616766467,3992.8143712574847
2012-10-23,2012,4151.T,-1.006711409395973,-9844.63087248322
2012-10-24,2012,8058.T,3.2023289665211014,31181.076835205193
2012-10-25,2012,8630.T,-3.0,-29659.9997034
2012-10-26,2012,9843.T,-1.8209408194233687,-18109.256449165405
2012-10-29,2012,4755.T,-3.0,-29172.0
2012-10-30,2012,7741.T,-3.0,-29304.0
2012-11-01,2012,8113.T,-1.1507479861901007,-11047.180446481352
2012-11-01,2012,6923.T,2.7027027027027026,26756.756756756757
2012-11-06,2012,2802.T,-3.0,-28488.0
2012-11-06,2012,1605.T,5.0,48881.25
2012-11-07,2012,7832.T,-3.186274509803924,-30894.117338117667
2012-11-08,2012,9201.T,2.2818791946308723,21221.476510067114
2012-11-09,2012,8053.T,-0.09871668311944717,-984.624876604146
2012-11-09,2012,6417.T,1.951951951951952,18254.654654654656
2012-11-13,2012,4324.T,2.0892151326933934,18405.985319028798
2012-11-14,2012,7733.T,4.652936689549962,45959.38215102976
2012-11-14,2012,5101.T,2.6923076923076925,25200.000000000004
2012-11-16,2012,8053.T,1.294820717131474,12935.258964143426
2012-11-20,2012,9022.T,-1.82370820668693,-16697.872340425532
2012-11-20,2012,2503.T,0.9018036072144289,8927.855711422846
2012-11-28,2012,8113.T,1.4457831325293915,14050.602128619354
2012-11-29,2012,9022.T,-0.7587253414264037,-6978.755690440061
2012-11-29,2012,9021.T,-0.4524886877828055,-4500.0
2012-12-12,2012,6758.T,5.0,49288.0
2012-12-14,2012,4503.T,0.6218905472636816,5955.2238805970155
2012-12-17,2012,4661.T,1.7391304347826086,17083.478260869564
2012-12-18,2012,9433.T,4.109589041095893,40205.47905000002
2012-12-21,2012,2229.T,-0.3246753246753247,-2999.9999999999995
2012-12-26,2012,1963.T,0.6772009029345373,5377.65237020316
2012-12-28,2012,2702.T,1.5521064301552108,14000.000000000002
2013-01-15,2013,9201.T,1.2362637362637363,11234.546703296704
2013-01-16,2013,2809.T,0.0,0.0
2013-01-18,2013,6370.T,-0.05605381165919283,-498.3183856502242
2013-01-22,2013,1963.T,0.3501945525291829,2691.5953307392997
2013-02-05,2013,4911.T,2.6223776223776225,24062.937062937064
2013-02-07,2013,5938.T,0.1021972406745018,1004.0878896269802
2013-02-13,2013,1878.T,-3.0,-25170.0
2013-02-13,2013,5232.T,-3.0,-25380.0
2013-02-18,2013,2269.T,2.356020942408377,22293.848167539265
2013-02-22,2013,2267.T,3.288490284005979,27458.893871449927
2013-03-05,2013,5938.T,-0.9778692743180649,-9411.991765311375
2013-03-06,2013,5214.T,-1.583710407239819,-13873.303167420814
2013-03-11,2013,6366.T,-1.7241379310344827,-17131.03448275862
2013-03-12,2013,1963.T,3.3305921052631584,32546.546052631584
2013-03-14,2013,1812.T,-3.0,-28512.0
2013-03-15,2013,9503.T,5.0,46995.0
2013-03-19,2013,5233.T,3.125,27875.0
2013-04-01,2013,1878.T,-3.0,-28872.0
2013-04-02,2013,2875.T,4.563563926113727,37868.45345889171
2013-04-03,2013,8316.T,5.0,49266.666174
2013-04-03,2013,7011.T,5.0,48260.0
2013-04-09,2013,9202.T,3.684210526315789,34999.99999999999
2013-04-09,2013,9201.T,1.7942583732057416,14964.114832535884
2013-05-02,2013,2897.T,1.6666666666666587,16333.333169999922
2013-05-20,2013,8354.T,1.8711018711018712,17887.733887733888
2013-05-23,2013,9005.T,-3.0,-26244.0
2013-05-24,2013,9021.T,-3.0,-27270.0
2013-05-27,2013,4568.T,-2.6330532212885194,-25839.028686521047
2013-05-27,2013,9020.T,5.0,39149.9996085
2013-05-28,2013,4452.T,-3.0,-29655.0
2013-05-28,2013,9021.T,-3.0,-26730.0
2013-06-27,2013,2702.T,1.3162705667276051,10803.948811700182
2013-07-18,2013,6981.T,-3.0,-29239.99941520008
2013-07-26,2013,4324.T,-3.0,-28530.0
2013-07-29,2013,7751.T,-3.0,-28485.0
2013-07-30,2013,9432.T,2.306920762286858,22999.999999999975
2013-07-30,2013,8604.T,3.783783783783784,36449.189189189194
2013-07-31,2013,7201.T,2.881844380403458,27129.682997118154
2013-08-02,2013,9202.T,1.932367149758454,15845.410628019323
2013-08-02,2013,6702.T,1.5706806282722512,15559.162303664922
2013-08-05,2013,8304.T,-2.0,-18000.0
2013-08-07,2013,4540.T,1.289833080424886,10288.998482549316
2013-08-12,2013,2914.T,5.105105105105105,34357.35735735736
2013-08-12,2013,1878.T,2.9511918274687856,26147.559591373443
2013-08-13,2013,4118.T,1.2558869701726845,11981.16169544741
2013-08-16,2013,4540.T,1.007462686567164,8121.1567164179105
2013-08-19,2013,8276.T,-1.556420233463035,-14456.03112840467
2013-08-22,2013,7267.T,3.176795580110507,30624.309086022196
2013-08-23,2013,9041.T,-0.7556675062972292,-5984.886649874055
2013-08-26,2013,6753.T,-3.7037037037037033,-29925.925925925923
2013-08-29,2013,9602.T,-1.1581067472306057,-11499.999999999915
2013-09-02,2013,9041.T,5.555555555555555,40555.555555555555
2013-09-03,2013,2587.T,-3.0,-20880.0
2013-09-04,2013,9041.T,-1.6042780748663104,-12128.342245989306
2013-09-04,2013,7731.T,-0.4857316332726169,-4808.743169398907
2013-09-06,2013,2802.T,0.23885350318471338,2241.042993630573
2013-09-09,2013,2206.T,0.7963594994311717,6976.109215017064
2013-09-10,2013,6501.T,2.1311475409836063,20663.606557377047
2013-09-11,2013,7731.T,-0.24242424242424243,-2394.1818181818185
2013-09-13,2013,4063.T,3.0821917808219177,29046.575342465752
2013-09-13,2013,6146.T,5.0,45916.6662075
2013-09-18,2013,4452.T,2.7374112875971615,24078.269685704632
2013-09-24,2013,3391.T,1.6489988221436984,15345.583038869256
2013-09-26,2013,9831.T,1.0452961672473868,10217.770034843206
2013-09-27,2013,2002.T,1.7171717171717116,17017.171546999947
2013-09-30,2013,4519.T,-1.7473789316025878,-16463.80412892154
2013-10-04,2013,8031.T,-0.8670520231213872,-8460.693641618496
2013-10-07,2013,6366.T,1.8567639257294428,16681.167108753314
2013-10-08,2013,3382.T,4.597701149425297,42605.36355862078
2013-10-09,2013,8306.T,5.0,48720.0
2013-10-10,2013,8002.T,2.42914979757085,23242.10526315789
2013-10-11,2013,8766.T,1.9261637239165397,17942.214908860416
2013-10-17,2013,6370.T,2.4606299212598426,19950.787401574802
2013-10-23,2013,4661.T,-3.0,-28476.0
2013-10-25,2013,9531.T,0.9633911368015413,7456.64739884393
2013-10-25,2013,6301.T,-7.974413646055437,-74066.3539445629
2013-10-29,2013,4661.T,2.9469548133595285,29230.844793713164
2013-10-31,2013,7012.T,-3.0,-28224.0
2013-10-31,2013,6301.T,-3.0,-25824.0
2013-11-05,2013,7201.T,5.0,48050.0
2013-11-05,2013,9202.T,2.4271844660194173,20000.0
2013-11-05,2013,4911.T,-0.35629453681710216,-2975.059382422803
2013-11-08,2013,6963.T,4.330708661417323,41087.598425196855
2013-11-11,2013,3401.T,1.8957345971563981,18000.0
2013-11-12,2013,4540.T,-0.6783291681542306,-5720.349875044626
2013-11-13,2013,9201.T,2.9197080291970803,24131.38686131387
2013-11-14,2013,7733.T,5.0,48587.5
2013-11-19,2013,3088.T,-2.086677367576231,-20649.411243479004
2013-11-19,2013,2670.T,1.2605042016806622,11987.394838109149
2013-11-22,2013,4540.T,2.5265470523617726,20692.42035884292
2013-11-27,2013,4612.T,2.7380211574362203,26580.709396390826
2013-11-28,2013,8227.T,-0.2873563218390847,-2488.0267950431403
2013-12-05,2013,6997.T,2.6246719160104988,20157.48031496063
2013-12-06,2013,2229.T,2.7016129032258065,26908.064516129034
2013-12-06,2013,7911.T,3.6458333333333335,33775.0
2013-12-10,2013,6754.T,-3.0,-27840.0
2013-12-11,2013,8570.T,-3.0,-24273.0
2013-12-12,2013,7532.T,5.0,49470.0
2013-12-16,2013,8136.T,-3.0,-29477.999705219998
2013-12-17,2013,8830.T,3.8751345532831003,35961.24865446717
2013-12-17,2013,8031.T,2.4354243542435423,22895.424354243543
2013-12-18,2013,8002.T,0.2801120448179272,2800.0
2013-12-19,2013,4661.T,-0.34458993797381116,-3241.040661612681
2013-12-19,2013,7242.T,-0.38167938931297707,-2977.099236641221
2013-12-24,2013,9936.T,1.4705882352941284,13499.999865000098
2013-12-25,2013,7201.T,1.3793103448275863,13184.827586206899
2013-12-25,2013,2702.T,-1.1111111111111112,-9006.666666666668
2013-12-27,2013,9501.T,0.0,0.0
2013-12-30,2013,5233.T,2.278481012658228,17908.860759493673
2013-12-30,2013,2702.T,-0.3738317757009346,-2994.3925233644864
2014-01-06,2014,4502.T,0.0,0.0
2014-01-07,2014,9064.T,-3.0,-24792.0
2014-01-08,2014,4704.T,-3.0,-21600.0
2014-01-09,2014,7453.T,-3.0,-29640.0
2014-01-10,2014,5471.T,0.39603960396039606,3614.2574257425745
2014-01-14,2014,6988.T,1.4186046511627959,13591.651162790748
2014-01-14,2014,8227.T,2.93193717277487,28117.27720573823
2014-01-16,2014,9508.T,0.9486166007905139,8353.517786561266
2014-01-17,2014,7282.T,-0.13215859030837004,-1221.1453744493392
2014-01-17,2014,4768.T,5.0,49583.3328375
2014-01-24,2014,7956.T,-3.0,-28259.999717400002
2014-01-27,2014,8316.T,2.929292929292917,24996.63274666656
2014-01-27,2014,4507.T,3.3428844317096473,31260.42630312322
2014-01-28,2014,5232.T,-0.2583979328165375,-1984.496124031008
2014-01-30,2014,2914.T,5.254515599343185,49324.137931034486
2014-01-30,2014,9984.T,-3.0,-29321.25
2014-01-31,2014,4544.T,-3.0,-28890.0
2014-02-03,2014,9022.T,-3.0,-27168.0
2014-02-04,2014,2914.T,1.040650406504065,9787.31707317073
2014-02-05,2014,9502.T,-3.0,-27000.0
2014-02-06,2014,1878.T,3.2751328489317784,30579.915410476016
2014-02-06,2014,7282.T,3.116531165311653,27637.39837398374
2014-02-07,2014,4523.T,3.4343976388516233,25373.32975583579
2014-02-18,2014,7911.T,-1.349527665317139,-11902.834008097167
2014-02-18,2014,1928.T,-2.3651145602365116,-22284.10938654841
2014-02-27,2014,7649.T,1.5444015444015322,14999.999849999884
2014-03-04,2014,4666.T,0.4495504495504496,3628.7712287712293
2014-03-04,2014,7453.T,3.4444444444444446,34327.33333333333
2014-03-07,2014,7550.T,0.0,0.0
2014-03-13,2014,5406.T,-3.0,-28980.0
2014-03-14,2014,9843.T,-2.727272727272727,-26640.0
2014-03-14,2014,5713.T,1.6116035455278,12232.070910556004
2014-03-18,2014,9735.T,-0.1438331535418914,-1188.7810140237327
2014-03-19,2014,7731.T,-3.0,-25785.0
2014-03-24,2014,7203.T,3.1376146788990864,30638.80733944958
2014-03-25,2014,7211.T,-3.0,-28377.0
2014-03-25,2014,4704.T,4.186795491143317,39816.42512077295
2014-03-27,2014,7203.T,1.254416961130746,11281.724381625478
2014-03-28,2014,9202.T,2.727272727272727,24000.0
2014-03-28,2014,8304.T,1.7123287671232876,15051.369863013697
2014-03-28,2014,1878.T,1.129032258064516,10502.258064516129
2014-04-03,2014,2269.T,-1.935483870967742,-18116.129032258064
2014-04-10,2014,4502.T,-3.0,-27132.0
2014-04-10,2014,9048.T,0.33670033670033667,2989.8989898989903
2014-04-14,2014,4507.T,2.3931623931623935,23799.999762000007
2014-04-15,2014,8267.T,3.9717563989408635,38759.04639087377
2014-04-15,2014,8031.T,1.8685121107266434,17477.128027681658
2014-04-21,2014,4912.T,0.17889087656529518,1700.0
2014-04-28,2014,6758.T,-0.5494505494505495,-5447.472527472528
2014-04-28,2014,2593.T,0.5960568546538285,5273.911049977075
2014-05-01,2014,6902.T,-3.0,-27912.0
2014-05-02,2014,8628.T,-3.0,-28860.0
2014-05-02,2014,6762.T,-3.0,-29715.99970284
2014-05-08,2014,9532.T,-0.53475935828877,-4999.999999999999
2014-05-08,2014,9513.T,-0.7407407407407408,-5993.333333333334
2014-05-08,2014,6758.T,-0.9599096555618232,-9460.86956521733
2014-05-13,2014,6460.T,-3.537618335824614,-28612.25710014948
2014-05-14,2014,5201.T,-0.539568345323741,-4475.719424460432
2014-05-14,2014,7270.T,-1.9268580416830514,-14613.291388124264
2014-05-16,2014,7731.T,-0.7638446849140674,-7222.915340547422
2014-05-19,2014,2768.T,-1.8633540372670807,-17888.198757763977
2014-05-19,2014,4005.T,0.8130081300813009,8100.000000000001
2014-05-22,2014,8725.T,5.788067675868205,56283.16951731072
2014-05-23,2014,8411.T,0.5102040816326531,5000.000000000001
2014-05-23,2014,6305.T,1.9967620075553156,18500.0
2014-06-03,2014,6417.T,-0.6535947712418301,-6491.503267973856
2014-06-05,2014,4631.T,-0.7633587786259541,-6045.801526717557
2014-06-11,2014,7649.T,1.4099783080260364,13028.199435878581
2014-06-12,2014,2875.T,0.0,0.0
2014-06-13,2014,4631.T,-1.5444015444015444,-11907.335907335908
2014-06-16,2014,6988.T,1.617190961453259,15981.727957465686
2014-06-17,2014,8233.T,2.688728024819028,25784.90175801448
2014-06-18,2014,9735.T,1.7266419235113764,15941.221558818781
2014-06-20,2014,3880.T,-3.477344573234984,-32930.4531085353
2014-06-23,2014,7731.T,-0.125,-1194.0
2014-06-23,2014,6506.T,1.8961253091508656,18506.183017312447
2014-06-27,2014,2331.T,2.157676348547713,20791.369294605764
2014-06-30,2014,2702.T,1.691928093056045,14440.606274233345
2014-06-30,2014,5110.T,2.626123013130615,22894.5404284727
2014-07-04,2014,8609.T,-3.0,-28872.0
2014-07-07,2014,7936.T,-0.31028368794326244,-2961.812943262412
2014-07-07,2014,7606.T,-3.0,-23340.0
2014-07-09,2014,8267.T,-1.5293118096856293,-15038.232644859694
2014-07-10,2014,3099.T,-0.39556962025316456,-3497.231012658228
2014-07-11,2014,9024.T,2.8428927680798006,22913.715710723194
2014-07-14,2014,8306.T,1.001669449081803,9600.0
2014-07-14,2014,8316.T,0.6313744536182674,6066.666606000058
2014-07-15,2014,2432.T,-1.7751479289940828,-16750.295857988167
2014-07-18,2014,8750.T,1.5691868758915835,15663.623395149785
2014-07-18,2014,8725.T,1.934782608695654,18117.304166653063
2014-07-22,2014,7936.T,-0.36446469248291574,-3603.2801822323468
2014-07-25,2014,2587.T,0.9247027741083224,7000.0
2014-07-28,2014,8848.T,-0.2145922746781116,-2095.49356223176
2014-07-30,2014,9861.T,-1.3475177304964538,-13299.999999999998
2014-07-31,2014,3003.T,-3.0,-29784.0
2014-08-01,2014,5332.T,-3.0,-23454.0
2014-08-04,2014,2914.T,-3.0,-21549.0
2014-08-04,2014,4689.T,-0.9009009009009009,-8760.36036036036
2014-08-05,2014,5201.T,-3.0,-26212.5
2014-08-07,2014,4755.T,1.984732824427481,18158.320610687024
2014-08-07,2014,8750.T,1.0269121813031163,10207.507082152977
2014-08-07,2014,6702.T,-3.0,-28988.699999999997
2014-08-11,2014,7741.T,2.9675425038639878,29147.20247295209
2014-08-12,2014,7267.T,0.1877256317689598,1729.578803402228
2014-08-12,2014,7203.T,0.8729226120530352,8296.256504952047
2014-08-14,2014,9435.T,-3.0,-21240.0
2014-08-15,2014,6361.T,1.1725293132328307,11237.52093802345
2014-08-19,2014,1605.T,0.6666666666666667,6030.0
2014-08-22,2014,4689.T,-3.0,-28908.0
2014-08-26,2014,8233.T,-3.0,-27540.0
2014-08-27,2014,4666.T,-3.0,-27495.0
2014-08-27,2014,7453.T,-3.0,-29088.0
2014-08-29,2014,3382.T,1.1254789272030588,11061.206785939592
2014-08-29,2014,3086.T,1.954887218045113,18186.315789473683
2014-08-29,2014,9602.T,-0.9848173984406966,-9607.878539187435
2014-09-03,2014,5938.T,-1.202749140893471,-11089.347079037801
2014-09-03,2014,6417.T,-0.8871989860583016,-8336.121673003803
2014-09-03,2014,2593.T,-3.0,-27900.0
2014-09-08,2014,9766.T,-3.0,-28164.0
2014-09-08,2014,2206.T,-3.6189462480042573,-27084.19372006386
2014-09-09,2014,2897.T,-3.0,-28599.999714
2014-09-11,2014,1928.T,-2.4380804953560373,-21956.133900928795
2014-09-11,2014,3765.T,-0.3731343283582089,-1996.2686567164178
2014-09-11,2014,4612.T,-3.0,-28680.0
2014-09-16,2014,8585.T,-1.293103448275862,-12103.448275862069
2014-09-17,2014,8802.T,0.46315789473684216,4401.852631578948
2014-09-17,2014,8830.T,1.34928716904277,13324.210794297354
2014-09-19,2014,4568.T,1.2813522355507017,12434.241969441588
2014-09-22,2014,1963.T,1.9763513513513513,17472.922297297297
2014-09-24,2014,4755.T,5.0,44275.0
2014-09-26,2014,8595.T,-1.7391304347826173,-16759.42012226095
2014-09-26,2014,5706.T,-2.341137123745819,-21351.170568561873
2014-09-29,2014,2371.T,-3.0,-29160.0
2014-10-01,2014,8267.T,2.008215426745783,19736.741016690146
2014-10-02,2014,8002.T,-1.188867873547699,-11574.460956498333
2014-10-02,2014,8031.T,0.27059530968129886,2520.3923631990383
2014-10-02,2014,8411.T,0.41025641025641024,4022.564102564102
2014-10-07,2014,8591.T,-2.2522522522522523,-19500.000000000004
2014-10-07,2014,9501.T,-2.1739130434782608,-21541.304347826084
2014-10-07,2014,7269.T,-1.346389228886169,-13094.98164014688
2014-10-14,2014,7011.T,-1.9039999999999964,-18241.271999999968
2014-10-14,2014,6701.T,-2.366863905325444,-22930.1775147929
2014-10-14,2014,1801.T,-0.7285974499089253,-6109.289617486339
2014-10-17,2014,3407.T,-3.0,-28026.899999999998
2014-10-17,2014,5108.T,1.4063873425139173,12059.77146205684
2014-10-17,2014,5938.T,2.619047619047619,22041.904761904763
2014-10-21,2014,8233.T,0.2306805074971165,2202.5374855824684
2014-10-27,2014,3360.T,-0.9163346613545816,-9156.01593625498
2014-10-28,2014,4922.T,5.0,41700.0
2014-10-31,2014,4666.T,1.3439218081857056,13200.000000000002
2014-11-13,2014,7550.T,0.10384215991692627,998.9615784008307
2014-11-14,2014,1815.T,0.2188183807439825,1986.870897155361
2014-11-17,2014,5233.T,1.9230769230769231,13961.538461538463
2014-11-18,2014,5020.T,0.9153318077803204,8789.931350114415
2014-11-26,2014,9603.T,5.0,38505.0
2014-11-27,2014,4519.T,2.511773940345363,24150.7061949136
2014-11-28,2014,9048.T,0.4357298474945534,3965.141612200436
2014-11-28,2014,9843.T,0.9244992295839755,8374.11402157165
2014-12-04,2014,2593.T,-1.651376146788991,-14314.128440366972
2014-12-05,2014,4578.T,0.8299319727891157,6099.1700680272115
2014-12-08,2014,1802.T,0.5571030640668524,5561.00278551532
2014-12-09,2014,3092.T,-3.0,-29501.332743306422
2014-12-11,2014,8060.T,1.023391812865497,9615.78947368421
2014-12-11,2014,9989.T,5.0,48100.0
2014-12-12,2014,8316.T,-3.0,-25901.99974098
2014-12-12,2014,8002.T,-3.0,-29677.2
2014-12-16,2014,4704.T,3.7735849056603774,26528.301886792455
2014-12-16,2014,3382.T,2.1342186388427784,18350.01167327009
2014-12-17,2014,4502.T,3.6476683937823835,35280.248704663216
2014-12-22,2014,2914.T,0.39473684210526316,2692.1052631578946
2014-12-22,2014,6753.T,1.5267175572519083,12045.801526717556
2014-12-25,2014,1820.T,5.0,46700.0
2014-12-30,2014,2702.T,-3.0,-23769.0
2015-01-05,2015,5947.T,-3.3498759305211077,-27234.49104279169
2015-01-05,2015,4704.T,-3.0,-20040.0
2015-01-08,2015,8591.T,-3.0,-29631.0
2015-01-09,2015,7453.T,-3.0,-28413.0
2015-01-09,2015,8309.T,-3.0,-28890.0
2015-01-13,2015,7974.T,0.29045643153526973,2836.0165975103737
2015-01-14,2015,4689.T,-1.7241379310344827,-16965.51724137931
2015-01-14,2015,6504.T,-1.279317697228145,-12025.586353944564
2015-01-16,2015,5020.T,4.499999999999995,44101.349999999955
2015-01-19,2015,5233.T,0.5730659025787965,3977.077363896848
2015-01-19,2015,7832.T,-3.0,-27983.99972016
2015-01-20,2015,9984.T,2.3498694516971277,22100.522193211487
2015-01-21,2015,8601.T,0.2271694684234439,2205.2476147205816
2015-01-22,2015,8411.T,0.20408163265306123,2000.0
2015-01-23,2015,4182.T,-3.0,-29430.0
2015-01-26,2015,6448.T,2.376237623762376,19665.742574257423
2015-01-27,2015,2768.T,-1.89873417721519,-18113.92405063291
2015-01-28,2015,8002.T,-2.1706586826347305,-20327.350299401198
2015-01-29,2015,1928.T,-0.2317880794701987,-2106.9536423841064
2015-01-30,2015,6366.T,2.7056277056277054,24783.54978354978
2015-02-02,2015,7751.T,0.22972972972972971,1718.608108108108
2015-02-03,2015,8309.T,5.0,49067.5
2015-02-04,2015,7752.T,-0.13513513513513514,-1212.9729729729731
2015-02-05,2015,6503.T,-1.9172932330827068,-17984.21052631579
2015-02-06,2015,7211.T,-0.19550342130987292,-1785.9237536656892
2015-02-09,2015,3632.T,1.5060240963855422,14932.22891566265
2015-02-10,2015,6963.T,2.3842917251051894,21279.803646563814
2015-02-12,2015,1820.T,-0.6666666666666667,-5946.666666666667
2015-02-13,2015,6367.T,0.5005928072717691,3855.5658016071657
2015-02-17,2015,2502.T,4.411764705882351,42823.52898352939
2015-02-17,2015,4578.T,2.6436781609195403,18254.597701149425
2015-02-18,2015,1802.T,3.983516483516483,37492.857142857145
2015-02-26,2015,9861.T,-1.914241960183767,-17566.99846860643
2015-03-05,2015,9501.T,-0.21505376344086022,-2104.516129032258
2015-03-05,2015,3765.T,0.9900990099009901,8000.0
2015-03-11,2015,9504.T,0.974025974025974,9029.22077922078
2015-03-12,2015,9433.T,1.555780419934219,14268.321385270161
2015-03-12,2015,3863.T,-0.6279434850863422,-6006.279434850863
2015-03-16,2015,6448.T,2.79388508170796,26374.275171323145
2015-03-23,2015,9506.T,0.8771929824561403,8400.0
2015-03-24,2015,9501.T,-0.43956043956043955,-4209.230769230769
2015-03-25,2015,9766.T,-0.2686968204209583,-2382.8034034930583
2015-03-26,2015,1963.T,-0.18931426167437948,-1799.6213714766513
2015-03-30,2015,9001.T,-3.0,-26100.0
2015-03-31,2015,6724.T,-3.0,-26412.0
2015-04-01,2015,8031.T,-1.1526479750778817,-11148.411214953272
2015-04-01,2015,8411.T,1.6634980988593155,14046.57794676806
2015-04-02,2015,5802.T,1.9211983067404754,19162.51221100619
2015-04-06,2015,7733.T,2.72189349112426,25966.86390532544
2015-04-06,2015,9201.T,-0.6729475100942126,-5006.729475100942
2015-04-08,2015,7013.T,1.8903591682419638,18395.894852173893
2015-04-10,2015,7003.T,0.0,0.0
2015-04-14,2015,4680.T,0.3110419906687422,3076.2052569518078
2015-04-14,2015,9301.T,0.6535947712418394,6304.575163398782
2015-04-15,2015,3048.T,-3.0,-29040.0
2015-04-17,2015,6460.T,-3.0,-25770.0
2015-04-20,2015,4452.T,4.747000521648409,41469.7965571205
2015-04-20,2015,6479.T,4.391891891891892,39790.54054054054
2015-04-23,2015,8714.T,0.5617977528089888,5400.0
2015-04-24,2015,6506.T,0.35149384885764495,2975.395430579965
2015-04-24,2015,8060.T,0.7136485280999109,6434.255129348796
2015-04-28,2015,2593.T,-3.0,-22779.0
2015-04-30,2015,6923.T,-3.0036630036630036,-24464.835164835164
2015-05-01,2015,6301.T,0.8717310087173101,8441.84308841843
2015-05-07,2015,8802.T,0.8799266727772685,7301.631530705775
2015-05-08,2015,7733.T,-4.137115839243498,-39561.17021276595
2015-05-11,2015,6268.T,5.05050505050505,49242.42424242424
2015-05-12,2015,9532.T,-0.4498977505112475,-4377.505112474438
2015-05-13,2015,7733.T,1.3189448441247003,12523.381294964027
2015-05-13,2015,4114.T,5.0,40775.0
2015-05-15,2015,8086.T,4.031551270815075,36574.233128834356
2015-05-15,2015,6370.T,-1.2627986348122866,-11100.0
2015-05-18,2015,1719.T,2.90519877675841,28238.532110091743
2015-05-19,2015,4023.T,-1.364522417154003,-11643.924509941578
2015-05-20,2015,4502.T,-1.4676781002638524,-8875.049472295515
2015-05-20,2015,9064.T,0.11652748106428432,899.8252087784035
2015-05-25,2015,5938.T,1.9896193771626298,18368.166089965398
2015-05-26,2015,9603.T,-1.2594458438287155,-9962.21662468514
2015-05-26,2015,6412.T,-1.021659174499387,-10000.0
2015-06-01,2015,4755.T,2.1354933726067746,17451.25184094256
2015-06-02,2015,4151.T,0.4444444444444444,4232.0
2015-06-02,2015,4666.T,-0.4574565416285453,-4016.468435498628
2015-06-04,2015,8601.T,-0.8785529715762275,-8500.0
2015-06-05,2015,1878.T,-3.0,-22932.0
2015-06-08,2015,9301.T,-2.6822157434402296,-25684.897959183636
2015-06-09,2015,3407.T,-0.7992477668077104,-7703.94922425952
2015-06-10,2015,4204.T,1.2210796915167095,11553.856041131105
2015-06-11,2015,4063.T,-0.9018857611369103,-7911.341896692977
2015-06-12,2015,8830.T,1.3401262598294386,12141.543914054713
2015-06-15,2015,8766.T,1.8289514704354197,17828.61875551828
2015-06-16,2015,7267.T,-2.583025830258307,-24560.270357103367
2015-06-17,2015,3003.T,-0.6666666666666667,-6400.000000000001
2015-06-18,2015,6305.T,1.2735849056603774,10861.132075471698
2015-06-19,2015,7269.T,3.5942885278188084,32587.167651403248
2015-06-22,2015,7203.T,3.353658536585366,33136.829268292684
2015-06-23,2015,2587.T,2.3069207622868606,22907.723169508525
2015-06-24,2015,9101.T,1.4450867052023137,13256.261909826604
2015-06-24,2015,6753.T,-1.8633540372670807,-18223.602484472052
2015-06-25,2015,7240.T,-3.0,-24030.0
2015-06-29,2015,6479.T,2.0603015075376883,17034.572864321606
2015-06-29,2015,5471.T,-2.3166023166023164,-22183.783783783783
2015-06-29,2015,5334.T,0.2949852507374631,2020.6489675516225
2015-07-02,2015,9007.T,1.2173913043478262,11102.608695652174
2015-07-02,2015,4613.T,3.7056367432150314,35240.60542797495
2015-07-02,2015,3003.T,-0.6278026905829596,-5589.955156950672
2015-07-07,2015,6268.T,-3.0,-27495.0
2015-07-08,2015,8473.T,-3.0,-29808.0
2015-07-08,2015,9831.T,-4.421052631578947,-42176.84210526316
2015-07-09,2015,6703.T,-3.0,-22590.0
2015-07-09,2015,6471.T,5.0,42500.0
2015-07-10,2015,9101.T,1.8018018018017876,16048.047887567443
2015-07-10,2015,8802.T,3.256704980842912,25285.05747126437
2015-07-15,2015,9831.T,1.702127659574468,16764.25531914894
2015-07-16,2015,7613.T,-2.3178807947019866,-20930.463576158938
2015-07-21,2015,4062.T,1.0294117647058822,9375.882352941175
2015-07-29,2015,9831.T,2.5974025974025974,25254.545454545452
2015-07-30,2015,6703.T,6.122448979591836,59755.102040816324
2015-07-31,2015,9022.T,1.1311172668513387,9727.608494921513
2015-08-03,2015,7201.T,-3.0,-28764.0
2015-08-03,2015,7012.T,-3.0,-29376.0
2015-08-05,2015,5332.T,5.0,39760.0
2015-08-05,2015,7003.T,5.0,49750.0
2015-08-06,2015,8058.T,-3.0,-29117.99970882
2015-08-06,2015,7240.T,1.1799410029498525,8023.598820058997
2015-08-10,2015,5110.T,-2.367531003382187,-20928.974069898533
2015-08-11,2015,4755.T,-3.528814419903529,-34476.51688245747
2015-08-11,2015,7762.T,5.0,49620.0
2015-08-13,2015,9735.T,1.0780669144981412,8733.420074349442
2015-08-13,2015,9364.T,0.09082652134423251,799.2733878292461
2015-08-14,2015,8306.T,1.1207394569612994,10672.465626805366
2015-08-20,2015,4661.T,-3.0,-26028.0
2015-08-21,2015,8766.T,-3.711340206185566,-31008.24711259793
2015-08-24,2015,7751.T,-5.373333333333333,-41073.759999999995
2015-08-24,2015,6902.T,-3.0,-29505.0
2015-08-25,2015,8601.T,5.0,49800.0
2015-08-25,2015,5020.T,-3.0,-29561.399999999998
2015-08-26,2015,7752.T,-3.0,-27516.0
2015-08-26,2015,1878.T,5.0,49260.0
2015-08-26,2015,4503.T,6.290417401528512,54081.86360964139
2015-08-27,2015,7752.T,1.6723842195540308,15492.967409948542
2015-08-31,2015,9861.T,-4.3175487465181055,-37199.99999999999
2015-09-18,2015,6301.T,-6.3031515757878935,-63031.51575787894
2015-09-29,2015,9832.T,-3.0,-25044.0
2015-10-01,2015,8304.T,-1.9277108433734942,-15961.445783132533
2015-10-01,2015,4004.T,5.0,45850.0
2015-11-02,2015,8273.T,0.6734006734006834,6087.542026666757
2015-11-05,2015,2875.T,-0.34762456546929316,-2975.666280417149
2015-11-06,2015,9504.T,-1.2857977790765636,-10942.139099941554
2015-11-24,2015,7224.T,-3.0,-28848.0
2015-11-27,2015,9501.T,-3.0,-28188.0
2015-11-27,2015,8601.T,-1.7203244040304746,-16733.939542885233
2015-11-30,2015,4021.T,2.2342586323628977,19786.594448205822
2015-12-01,2015,5232.T,-3.0,-28440.0
2015-12-02,2015,9021.T,-3.0,-23589.0
2015-12-07,2015,7832.T,-3.0,-27479.9997252
2015-12-07,2015,5202.T,-0.9803921568627451,-8911.764705882353
2015-12-09,2015,4004.T,-1.9736842105263157,-18118.421052631576
2015-12-10,2015,8058.T,0.2776375567895009,2595.17076321202
2015-12-10,2015,8031.T,-1.3027082619129242,-12430.442235173121
2015-12-14,2015,9503.T,2.964860907759883,28858.47364568082
2015-12-15,2015,9735.T,3.359880537580886,27178.073668491787
2015-12-15,2015,7267.T,5.0,44893.3328844
2015-12-18,2015,8601.T,-4.374193548387094,-40690.498064516105
2015-12-21,2015,9502.T,0.7053051211284882,6925.390984360625
2015-12-21,2015,8035.T,-1.806660374814616,-18066.603567480124
2015-12-22,2015,8316.T,-1.2530226423389732,-11382.457569182656
2015-12-25,2015,2702.T,-3.0,-23616.0
2015-12-28,2015,5233.T,0.8547008547008548,6000.000000000001
2015-12-28,2015,6098.T,0.5649717514124378,5280.602583728893
2015-12-29,2015,6703.T,5.0,44700.0
2016-01-04,2016,6178.T,-1.4602487831260142,-13616.819902650084
2016-01-04,2016,7181.T,-3.0,-28034.999719649997
2016-01-06,2016,9101.T,-3.0,-29399.999706
2016-01-07,2016,2501.T,-2.140077821011673,-21103.307392996107
2016-01-07,2016,2267.T,-3.0,-25155.0
2016-01-08,2016,7259.T,3.923647932131495,37313.8914614316
2016-01-12,2016,7733.T,-1.0101010101010102,-9121.212121212122
2016-01-13,2016,7649.T,-3.0,-28529.9997147
2016-01-14,2016,8591.T,-0.09505703422053231,-930.5133079847907
2016-01-15,2016,5938.T,-3.0,-22941.0
2016-01-18,2016,2433.T,-3.0,-26292.0
2016-01-18,2016,9735.T,-0.25239107332624866,-1934.0727948990434
2016-01-19,2016,8418.T,-3.0,-28035.0
2016-03-11,2016,9532.T,1.1453113815318539,9671.009305654974
2016-03-15,2016,9008.T,-1.7085427135678393,-17034.17085427136
2016-03-22,2016,9006.T,2.6970954356846475,25973.029045643154
2016-03-24,2016,4503.T,3.2509752925877766,29873.211963589078
2016-03-25,2016,8086.T,1.5023474178403755,14278.30985915493
2016-03-29,2016,5938.T,-1.9649722340879965,-18502.178556172574
2016-03-31,2016,7550.T,-3.0,-29316.0
2016-04-01,2016,4902.T,-3.0,-28680.0
2016-04-01,2016,2802.T,-1.6639935846030474,-14789.990978348034
2016-04-04,2016,1925.T,-1.0759700032605153,-9932.279100097816
2016-04-04,2016,7733.T,-1.444043321299639,-13516.24548736462
2016-04-06,2016,6178.T,-0.8321775312066574,-7224.965325936199
2016-04-07,2016,3402.T,-0.18949949838368582,-1873.543640619825
2016-04-07,2016,4578.T,-0.742827868852459,-5851.997950819672
2016-04-11,2016,6952.T,3.168506961113778,26995.67930868939
2016-04-12,2016,9022.T,5.0,37920.0
2016-04-12,2016,6701.T,5.0,48060.0
2016-04-26,2016,3391.T,-0.5649717514124294,-4809.039548022599
2016-04-28,2016,2695.T,-3.0,-28290.0
2016-05-02,2016,7751.T,-0.0333000333000333,-310.88911088911084
2016-05-02,2016,6178.T,0.07042253521126761,627.4647887323945
2016-05-06,2016,4502.T,3.705882352941176,18914.823529411762
2016-05-12,2016,4967.T,1.0227272727272727,9071.590909090908
2016-05-12,2016,5947.T,-1.1677282377919347,-11175.159123917223
2016-05-13,2016,4502.T,-3.0,-15033.0
2016-05-16,2016,6417.T,2.4630541871921183,23852.216748768475
2016-05-17,2016,8113.T,-3.0,-29899.999701
2016-05-17,2016,4502.T,-1.5464994775339602,-14806.185997910135
2016-05-19,2016,9432.T,0.33620508510190494,3359.999999999928
2016-05-26,2016,1377.T,0.7633587786259541,5961.068702290076
2016-05-27,2016,4661.T,0.5793103448275925,5045.561379310399
2016-05-27,2016,4503.T,2.0847573479152426,18256.22009569378
2016-06-02,2016,9531.T,-3.0,-26148.0
2016-06-02,2016,7752.T,-3.0,-28860.0
2016-06-03,2016,8053.T,-3.0,-29983.875
2016-06-06,2016,4661.T,-0.38297872340426176,-3804.1276595745317
2016-06-06,2016,8001.T,4.381245196003087,42925.687932359855
2016-06-07,2016,2670.T,0.4437869822485071,3976.33132118331
2016-06-10,2016,5947.T,-3.0,-27839.999721599997
2016-06-10,2016,5101.T,-3.339755940912011,-31220.038535645475
2016-06-13,2016,9616.T,-3.0,-24090.0
2016-06-14,2016,9020.T,-2.4658694041697493,-23364.11237086725
2016-06-14,2016,5020.T,-3.0,-29944.8
2016-06-15,2016,7276.T,0.1049317943336831,998.9506820566631
2016-06-17,2016,7731.T,1.1971830985915493,11799.436619718308
2016-06-17,2016,4768.T,1.053740779768177,9989.462592202319
2016-06-20,2016,4452.T,3.8844963905122034,33608.662770711584
2016-06-22,2016,8570.T,-3.0,-26940.0
2016-06-22,2016,5214.T,-3.0,-27840.0
2016-06-23,2016,4519.T,-3.0,-28919.999710800003
2016-06-28,2016,6954.T,5.0,47025.0
2016-06-28,2016,7751.T,-3.0,-26518.5
2016-06-28,2016,8304.T,1.7241379310344827,12172.413793103447
2016-06-29,2016,7751.T,0.8716875871687587,7481.694560669456
2016-07-06,2016,4689.T,0.4444444444444444,4312.0
2016-07-25,2016,1332.T,-0.2008032128514056,-2008.0321285140558
2016-08-01,2016,2914.T,-2.288557213930348,-18422.8855721393
2016-08-02,2016,8058.T,5.0,47079.9995292
2016-08-03,2016,8053.T,3.2983508245877062,32721.70164917542
2016-08-08,2016,2502.T,2.7376654632972275,27267.14774176891
2016-08-08,2016,2897.T,5.0,44999.99955
2016-08-09,2016,1812.T,5.0,49140.0
2016-08-10,2016,6869.T,1.6442451420029935,14710.51305668165
2016-08-12,2016,9831.T,-1.7374517374517375,-16934.942084942086
2016-08-12,2016,8282.T,-3.0,-29551.5
2016-08-17,2016,2503.T,-3.0,-25192.5
2016-08-18,2016,8267.T,0.8759635599159086,8347.93264251928
2016-08-22,2016,1878.T,1.500815660685155,13669.429037520393
2016-08-24,2016,9020.T,2.1687563537783783,19128.430849040986
2016-08-24,2016,9021.T,-1.7638165630774398,-15749.999999999998
2016-08-25,2016,4661.T,-1.609756097560972,-15829.697560975574
2016-08-25,2016,4151.T,-3.0,-27108.0
2016-08-29,2016,6098.T,0.8974358974359107,8103.846072807813
2016-08-30,2016,9602.T,5.0,48586.0
2016-08-30,2016,7733.T,3.614457831325301,36000.0
2016-09-02,2016,1893.T,1.6605166051660518,16259.778597785978
2016-09-05,2016,9962.T,-3.0,-25530.0
2016-09-08,2016,6113.T,-0.2921129503407984,-2697.3709834469328
2016-09-13,2016,7276.T,1.8672199170124482,17925.311203319503
2016-09-14,2016,6098.T,0.3880983182406267,3522.639033337698
2016-09-15,2016,9989.T,2.053915275994865,16041.078305519897
2016-09-16,2016,8830.T,2.78572791452013,26037.502385041025
2016-09-20,2016,8801.T,1.2604042806183042,12513.713707601592
2016-09-21,2016,8802.T,3.1931878658861095,29904.204364023415
2016-09-26,2016,8802.T,-0.9408602150537635,-8872.311827956988
2016-09-26,2016,4704.T,-0.42979942693409745,-2995.702005730659
2016-09-27,2016,8628.T,-1.9906323185011712,-18809.484777517566
2016-10-03,2016,6902.T,2.6119402985074625,26119.402985074626
2016-10-04,2016,4041.T,0.22988505747126436,2229.3103448275865
2016-10-07,2016,3402.T,-0.5053695514845182,-4809.096651926676
2016-10-12,2016,3382.T,0.15744489428699573,1406.297781708468
2016-10-17,2016,8113.T,-0.7243460764587468,-7231.871155045415
2016-10-18,2016,8035.T,1.7344360211348502,15160.705109132672
2016-10-20,2016,2914.T,-1.0974987238386933,-8621.949974476775
2016-10-24,2016,7974.T,-3.0,-22666.5
2016-10-25,2016,9504.T,1.0594947025264874,10383.048084759575
2016-10-31,2016,6807.T,-1.2064343163538873,-10995.44235924933
2016-11-01,2016,7259.T,-3.0303030303030307,-27969.696690000004
2016-11-01,2016,4452.T,-3.0,-24322.5
2016-11-04,2016,7267.T,2.1335168616655182,21146.707749074318
2016-11-07,2016,9433.T,-3.0,-26982.0
2016-11-07,2016,5802.T,-3.0,-29001.0
2016-11-09,2016,8252.T,-3.0,-29190.0
2016-11-11,2016,7201.T,1.3684744044602128,13456.208819057272
2016-11-11,2016,2914.T,-3.0,-23094.0
2016-11-11,2016,9432.T,-3.0,-29930.88
2016-11-15,2016,3382.T,0.8638804576231517,7413.822013183668
2016-11-17,2016,9433.T,2.4281378325299054,23952.972683449385
2016-11-24,2016,6268.T,0.4832585433206766,4185.50224370038
2016-11-29,2016,3349.T,-1.572926596758818,-8214.609151572928
2016-12-01,2016,9142.T,1.6835016835016834,14959.59595959596
2016-12-02,2016,4666.T,-1.1363636363636365,-10585.227272727274
2016-12-05,2016,7649.T,1.9379844961240333,18510.98172703491
2016-12-06,2016,6268.T,-1.1846689895470384,-10200.0
2016-12-07,2016,4536.T,-3.0,-27699.0
2016-12-08,2016,4507.T,-3.0,-25879.9997412
2016-12-12,2016,4324.T,5.0,25050.0
2016-12-12,2016,7164.T,2.91005291005291,27427.248677248674
2016-12-12,2016,4666.T,2.068045363575717,18531.754503002
2016-12-13,2016,4507.T,3.856914468425268,32166.66634500007
2016-12-19,2016,8572.T,0.5758157389635317,5743.761996161229
2016-12-20,2016,4666.T,2.644628099173554,24158.677685950413
2016-12-26,2016,7733.T,2.911392405063291,28568.037974683542
2016-12-28,2016,6268.T,-0.29336266960029334,-2419.361936193619
2016-12-30,2016,3197.T,1.040988939492518,9587.50813272609
2016-12-30,2016,8233.T,3.319502074688797,32132.780082987556
2017-01-06,2017,6770.T,4.3414812112367756,35947.464429040505
2017-01-10,2017,6479.T,-1.2727272727272727,-12622.909090909092
2017-01-11,2017,7453.T,0.7787448465414567,7671.026110856618
2017-01-12,2017,7649.T,-1.672862453531598,-16499.99983499999
2017-01-13,2017,2670.T,-1.4106583072100307,-11943.573548275857
2017-01-16,2017,1878.T,-2.3214810461357627,-15772.142227446371
2017-01-17,2017,7735.T,1.7647058823529411,14889.705882352942
2017-01-18,2017,7182.T,2.674591381872214,25405.943536404156
2017-01-19,2017,2802.T,-1.7371937639198218,-15648.641425389755
2017-01-20,2017,8802.T,-3.0,-27024.0
2017-01-23,2017,7974.T,0.31887755102040816,3014.030612244898
2017-01-24,2017,6178.T,2.127659574468085,21119.14893617021
2017-01-25,2017,2331.T,0.9009009009009009,8750.450450450451
2017-01-26,2017,8282.T,1.0731707317073171,9808.243902439026
2017-01-27,2017,1812.T,-1.0062893081761006,-9551.698113207547
2017-01-30,2017,1928.T,-0.5129589632829373,-4737.176025917926
2017-01-31,2017,4751.T,3.7870668095748483,37100.0
2017-02-01,2017,3391.T,-0.9487666034155597,-8045.540796963946
2017-02-02,2017,9064.T,-3.0,-27720.0
2017-02-03,2017,6762.T,-3.0,-29487.999705119997
2017-02-06,2017,7751.T,-0.15337423312883436,-1492.1779141104296
2017-02-06,2017,4183.T,-3.0,-26670.0
2017-02-07,2017,9201.T,0.14306151645207438,997.1387696709584
2017-02-08,2017,4114.T,2.8532608695652173,26570.991847826084
2017-02-09,2017,6460.T,2.0588235294117645,17438.235294117647
2017-02-10,2017,7532.T,0.38510911424903727,3807.7663671373566
2017-02-13,2017,6501.T,1.746031746031746,16431.90476190476
2017-02-14,2017,4543.T,-3.0,-27236.25
2017-02-15,2017,4912.T,-0.47145102147721324,-4497.642744892614
2017-02-16,2017,2501.T,0.07020007020008617,679.0452790454336
2017-02-17,2017,9008.T,0.5617977528089888,5543.258426966293
2017-02-20,2017,8358.T,0.7103393843725335,5402.131018153118
2017-02-21,2017,2501.T,-0.6313574184496707,-6120.000000000039
2017-02-22,2017,2685.T,-3.7800687285223367,-33317.52577319587
2017-02-23,2017,2678.T,-2.4242424242424243,-23890.909090909092
2017-02-24,2017,2802.T,1.9959632204530164,17831.935411527247
2017-02-27,2017,7649.T,2.1400778210116784,20245.135984319117
2017-02-28,2017,8697.T,2.4312220089571337,22799.999999999996
2017-03-01,2017,2413.T,0.9113214160532772,9090.43112513144
2017-03-02,2017,4021.T,-3.0,-21780.0
2017-03-03,2017,4666.T,-0.20006668889629878,-1794.5981993998
2017-03-06,2017,4205.T,-1.8867924528301887,-18400.0
2017-03-06,2017,9603.T,1.4903671392221012,12246.346782988005
2017-03-08,2017,2695.T,0.6593406593406593,5986.813186813187
2017-03-09,2017,3659.T,0.6741573033707865,6585.168539325843
2017-03-10,2017,3099.T,1.588502269288956,14555.446293494702
2017-03-13,2017,9024.T,1.4830508474576272,14000.0
2017-03-14,2017,6988.T,-3.0136986301369864,-27536.164383561645
2017-03-16,2017,7867.T,0.08576329331046312,800.0
2017-03-17,2017,5463.T,-1.7673048600883514,-15999.999839999873
2017-03-17,2017,9508.T,0.3448275862068966,3186.206896551724
2017-03-22,2017,8058.T,-0.7505070993914863,-7478.052663556242
2017-03-23,2017,7276.T,0.5208333333333333,4499.999999999999
2017-03-23,2017,3405.T,0.5988023952095809,5026.946107784432
2017-03-27,2017,8802.T,0.4581625271280444,3891.632505425609
2017-03-28,2017,6503.T,-0.5555555555555556,-5376.666666666667
2017-03-28,2017,8354.T,-1.411290322580645,-13943.548387096773
2017-03-30,2017,9201.T,-0.14136273678258413,-1005.0890585241731
2017-03-31,2017,1878.T,-2.0162601626016263,-18521.36585365854
2017-03-31,2017,7550.T,-2.3429179978700745,-21917.997870074545
2017-04-04,2017,6503.T,-3.324013668841255,-32109.972041006524
2017-04-05,2017,9433.T,-1.2101585137208113,-10570.129538094425
2017-04-05,2017,8591.T,0.906344410876133,8983.685800604231
2017-04-07,2017,4307.T,-0.2490660024906637,-2321.7102300000342
2017-04-10,2017,9532.T,-0.8899297423887589,-7532.365339578455
2017-04-10,2017,6506.T,-3.0,-25392.0
2017-04-12,2017,9987.T,-0.700280112044818,-5000.000000000001
2017-04-12,2017,9603.T,-3.0,-23103.0
2017-04-13,2017,1911.T,-0.1269035532994986,-1208.3756224340693
2017-04-17,2017,8267.T,2.013211701793008,19145.64309259507
2017-04-17,2017,4021.T,0.9316770186335404,9097.826086956522
2017-04-18,2017,9433.T,-0.590687977762335,-5084.051424600417
2017-04-20,2017,1332.T,1.9342359767891684,19110.251450676984
2017-04-20,2017,6305.T,0.8932038834951457,6958.9514563106795
2017-04-21,2017,9064.T,5.0,45430.0
2017-04-25,2017,6301.T,3.5999999999999996,29467.799999999996
2017-04-25,2017,6506.T,4.771273979340875,38475.55336940481
2017-04-27,2017,5938.T,2.42024202420242,19923.432343234323
2017-04-27,2017,2695.T,-1.3029315960912053,-12039.087947882737
2017-05-01,2017,4503.T,-1.0616438356164384,-9350.95890410959
2017-05-02,2017,6645.T,1.83982683982684,17110.38961038961
2017-05-02,2017,4307.T,3.1847133757961736,28906.581451910784
2017-05-09,2017,1963.T,-3.0,-27165.0
2017-05-10,2017,4503.T,-2.195121951219512,-19005.365853658535
2017-05-10,2017,4114.T,-3.0,-26850.0
2017-05-11,2017,7270.T,-2.8930817610062896,-23040.50314465409
2017-05-12,2017,3402.T,-2.0317460317460365,-19226.412698412743
2017-05-15,2017,6302.T,-3.0,-22050.0
2017-05-16,2017,4503.T,-1.2098167991704112,-10420.152091254751
2017-05-17,2017,7202.T,-0.25125628140703515,-2482.5376884422103
2017-05-18,2017,8795.T,1.9274746814766417,18145.246651421105
2017-05-19,2017,4506.T,-0.8050603795284648,-7028.177113283497
2017-05-22,2017,8750.T,0.9596928982725527,9182.461612284067
2017-05-25,2017,6412.T,-0.16260162601626016,-1598.69918699187
2017-05-26,2017,8227.T,0.0,0.0
2017-05-30,2017,4613.T,3.113006396588486,29187.547974413646
2017-05-31,2017,4506.T,2.633153800119689,22118.491921005385
2017-06-01,2017,4151.T,3.727034120734908,35295.01312335958
2017-06-02,2017,5110.T,1.9190871369294606,18375.25933609959
2017-06-05,2017,4666.T,0.24046719340432843,2091.3431810374445
2017-06-06,2017,8058.T,1.2295998211491046,11911.338281661518
2017-06-06,2017,7270.T,-0.8716323296354992,-6627.892234548336
2017-06-08,2017,6954.T,-2.061622111463525,-18055.68645219755
2017-06-09,2017,1662.T,0.6263982102908303,6171.024608501143
2017-06-09,2017,6592.T,-3.0,-27945.0
2017-06-13,2017,4901.T,-0.14985014985014866,-1408.3915943076809
2017-06-14,2017,3543.T,-0.8021390374331552,-7451.871657754011
2017-06-15,2017,3197.T,-4.1183294663573085,-35500.0
2017-06-16,2017,6146.T,3.7569060773480616,22754.327580928148
2017-06-19,2017,6902.T,1.1514229850097761,10662.176841190527
2017-06-19,2017,5110.T,2.159827213822894,20140.388768898487
2017-06-22,2017,1808.T,-0.5734767025089605,-5600.0
2017-06-22,2017,9505.T,-0.19723865877712032,-1800.0000000000002
2017-06-26,2017,6841.T,0.0,0.0
2017-06-27,2017,9107.T,-0.3649635036500036,-3639.9026036046757
2017-06-28,2017,3289.T,1.6845329249617151,16575.803981623278
2017-06-29,2017,6703.T,1.8483110261312936,17311.281070745696
2017-06-30,2017,2127.T,-3.0,-28181.25
2017-07-03,2017,2181.T,-3.0,-29694.6
2017-07-04,2017,6098.T,-3.0,-28995.0
2017-07-05,2017,2502.T,1.682242990654208,16796.074598394418
2017-07-05,2017,2685.T,-3.0,-26316.0
2017-07-06,2017,6869.T,-2.0030816640986213,-17333.33316000007
2017-07-06,2017,4324.T,-3.0,-16050.0
2017-07-10,2017,9041.T,-0.46728971962616817,-3971.9626168224295
2017-07-11,2017,7751.T,1.335113484646195,10008.010680907877
2017-07-11,2017,3349.T,5.0,27500.0
2017-07-12,2017,9433.T,0.12000685753471627,1054.5002571575517
2017-07-13,2017,4324.T,-0.9652509652509652,-5028.957528957529
2017-07-14,2017,2501.T,-0.3993344425956701,-3839.9999999999636
2017-07-18,2017,9504.T,1.9071310116086235,18476.285240464345
2017-07-19,2017,8273.T,1.4035087719298334,13333.333200000083
2017-07-20,2017,9503.T,-0.7089804186360568,-6314.8885887913575
2017-07-21,2017,3382.T,-0.5394470667565703,-4799.999951999962
2017-07-25,2017,2121.T,0.49180327868852464,3000.0000000000005
2017-07-25,2017,9603.T,3.565891472868217,34713.95348837209
2017-07-26,2017,8219.T,0.5221932114882406,4642.297603707482
2017-07-28,2017,1928.T,0.8385744234800839,8000.000000000001
2017-07-28,2017,4151.T,3.730569948186528,36167.87564766839
2017-07-31,2017,8601.T,-0.1574555188159345,-1516.296646197449
2017-08-01,2017,7201.T,-0.45620437956204374,-4499.999999999999
2017-08-02,2017,4507.T,-0.8663156106675716,-8495.668336989966
2017-08-03,2017,5333.T,-3.0,-26016.0
2017-08-04,2017,5201.T,-2.0562770562770565,-19123.376623376626
2017-08-07,2017,2282.T,0.15503875968992248,998.4496124031008
2017-08-07,2017,2212.T,-1.6822429906542056,-14393.271028037383
2017-08-09,2017,7832.T,-3.0,-26354.999736449998
2017-08-10,2017,1802.T,0.622568093385214,5569.494163424125
2017-08-10,2017,6965.T,-0.5908419497784343,-5000.0
2017-08-14,2017,4755.T,2.529182879377432,23015.56420233463
2017-08-16,2017,2897.T,-0.5856515373352942,-5302.098531654544
2017-08-16,2017,8113.T,-3.0,-27339.9997266
2017-08-17,2017,2809.T,-3.0,-24867.0
2017-08-18,2017,4540.T,0.6218905472636816,5062.189054726368
2017-08-21,2017,7532.T,-0.12690355329949238,-1245.241116751269
2017-08-22,2017,2201.T,-1.282051282051282,-12019.230769230768
2017-08-23,2017,9603.T,-0.1485884101040119,-991.0846953937593
2017-08-25,2017,9627.T,-3.067484662576687,-25092.0245398773
2017-08-25,2017,5401.T,0.9549795361527922,9271.89631650746
2017-08-28,2017,5411.T,0.5506344266219775,4605.5063442662195
2017-08-30,2017,9861.T,-0.96,-8990.4
2017-08-31,2017,8267.T,-1.3546798029556681,-13204.063907368258
2017-09-01,2017,2587.T,-2.3622047244094486,-11999.999999999998
2017-09-04,2017,4704.T,-1.574803149606299,-8062.992125984251
2017-09-05,2017,9432.T,-1.4594389689158378,-14451.306292645868
2017-09-06,2017,9962.T,2.6247689463955637,21299.999999999996
2017-09-07,2017,7974.T,2.5727069351230423,18400.0
2017-09-07,2017,6479.T,1.807909604519774,15864.406779661018
2017-09-08,2017,6981.T,5.0,45277.7768722225
2017-09-12,2017,1928.T,-0.2697599136768276,-2480.44240625843
2017-09-12,2017,2914.T,-0.21680216802168023,-1590.8943089430895
2017-09-12,2017,9432.T,-2.3047619047619063,-23046.144000000015
2017-09-19,2017,9627.T,-1.4962593516209477,-11895.261845386534
2017-09-20,2017,3003.T,5.0,47160.0
2017-09-20,2017,9533.T,-0.8633093525179856,-8261.870503597122
2017-09-22,2017,2784.T,1.99501246882793,15968.079800498752
2017-09-22,2017,4307.T,2.447980416156674,23133.41470134642
2017-09-25,2017,5401.T,0.05825242718445719,566.0155339804967
2017-09-27,2017,6479.T,0.11376564277588168,999.4311717861206
2017-09-28,2017,7550.T,1.7412935323383085,13986.069651741294
2017-09-28,2017,9697.T,3.984962406015038,39466.07142857143
2017-10-02,2017,9449.T,1.2283236994219653,11788.2225433526
2017-10-02,2017,9506.T,2.301255230125523,19758.577405857737
2017-10-03,2017,9064.T,0.3351206434316354,3000.0
2017-10-05,2017,8227.T,-3.424657534246584,-30022.83075000008
2017-10-06,2017,7201.T,-0.13799448022079117,-1348.7580496780129
2017-10-06,2017,4755.T,2.0226537216828477,19967.637540453074
2017-10-12,2017,8002.T,0.9374999999999969,8924.906249999969
2017-10-12,2017,9627.T,1.4905149051490514,11134.146341463415
2017-10-13,2017,5401.T,5.0,48393.0
2017-10-17,2017,7261.T,-1.2950971322849214,-12491.211840888067
2017-10-18,2017,9602.T,0.39421813403416556,3869.250985545335
2017-10-18,2017,5803.T,2.3809523809523827,23609.522865142873
2017-10-24,2017,2810.T,0.8955223880597015,5991.044776119404
2017-10-26,2017,4755.T,-0.6611570247933884,-6402.644628099174
2017-10-27,2017,4324.T,0.6256517205422315,6031.282586027111
2017-10-31,2017,6724.T,1.3006317354143442,10523.411371237458
2017-11-01,2017,4689.T,0.0,0.0
2017-11-02,2017,9107.T,2.6804123711329657,26691.248034320495
2017-11-06,2017,6981.T,-0.33577533577594676,-3060.2190406869177
2017-11-07,2017,2587.T,-0.29940119760479045,-1505.988023952096
2017-11-08,2017,7261.T,-1.61035680454689,-15319.324281654564
2017-11-09,2017,2802.T,-2.1392808375056895,-21111.492944924896
2017-11-10,2017,7550.T,-3.0,-24336.0
2017-11-13,2017,6326.T,-0.7616146230007617,-7568.545316070069
2017-11-14,2017,4631.T,-3.0,-23970.0
2017-11-14,2017,3197.T,0.4804804804804805,4800.0
2017-11-15,2017,9005.T,0.9667673716012084,9611.601208459215
2017-11-16,2017,2181.T,3.802281368821293,37140.68441064638
2017-11-17,2017,9502.T,-1.9985974754558204,-19859.06381486676
2017-11-20,2017,4324.T,-0.31645569620253167,-3009.493670886076
2017-11-21,2017,8630.T,-3.0,-26039.9997396
2017-11-22,2017,9505.T,-2.2750775594622543,-21954.498448810755
2017-11-27,2017,3197.T,-0.182370820668693,-1783.5866261398176
2017-11-27,2017,4536.T,5.0,42750.0
2017-11-30,2017,9020.T,1.6846045858680387,12005.615228563403
2017-12-04,2017,6752.T,-3.0,-29691.0
2017-12-04,2017,6594.T,0.3618421052631579,2731.907894736842
2017-12-04,2017,4544.T,-4.25531914893617,-42000.0
2017-12-07,2017,7733.T,0.8177570093457943,7838.200934579439
2017-12-07,2017,8358.T,2.909248805905341,26974.554928354322
2017-12-08,2017,6460.T,2.4264705882352944,23100.000000000004
2017-12-13,2017,1802.T,-0.3620564808110065,-3515.206372194062
2017-12-14,2017,7733.T,0.5945303210463734,5678.507728894174
2017-12-15,2017,6503.T,3.48933813348103,31438.93658266408
2017-12-18,2017,9433.T,-3.0,-26298.0
2017-12-19,2017,8086.T,1.935483870967742,18000.0
2017-12-20,2017,5801.T,5.0,48960.0
2017-12-21,2017,4114.T,0.13020833333333331,1249.9999999999998
2017-12-22,2017,7270.T,1.024473534433694,7187.706317586797
2017-12-22,2017,3391.T,2.1433355659745477,19109.97990622907
2017-12-26,2017,4536.T,1.2013729977116705,10493.99313501144
2017-12-27,2017,8227.T,-0.24135156878520064,-1998.3909695575517
2017-12-27,2017,9843.T,0.7210031347962382,6863.228840125392
2018-01-09,2018,2914.T,-0.43691971600218454,-3185.1447296559254
2018-01-09,2018,8848.T,2.662037037037037,25270.717592592595
2018-01-09,2018,2685.T,0.8535489667565139,7582.929020664869
2018-01-12,2018,4516.T,1.86799501867995,14943.960149439601
2018-01-12,2018,3092.T,-3.0,-29924.999700750002
2018-01-15,2018,3382.T,-0.49999999999999856,-4585.999954139987
2018-01-16,2018,2809.T,-0.24046719340432843,-2095.671590518722
2018-01-17,2018,9432.T,0.2690238278247513,2675.334358186022
2018-01-19,2018,4506.T,0.870105655686762,8379.117464263518
2018-01-19,2018,5423.T,2.1671826625387,20869.96904024768
2018-01-22,2018,4188.T,-0.4524886877828055,-4374.660633484164
2018-01-24,2018,2782.T,3.1298904538341157,20093.896713615024
2018-01-24,2018,8358.T,-3.0,-27492.0
2018-01-25,2018,7832.T,-1.6348773841961723,-15999.999839999873
2018-01-26,2018,5631.T,-3.0,-21030.0
2018-01-29,2018,2871.T,-1.7851128326035703,-16001.751431458404
2018-01-30,2018,7269.T,-0.4940239043824702,-4673.713147410359
2018-01-31,2018,4755.T,0.6598984771573604,6486.802030456853
2018-02-01,2018,8630.T,-1.45388459791005,-12695.320181997355
2018-02-02,2018,9021.T,-3.0,-24354.0
2018-02-05,2018,9513.T,-3.1783205085312813,-28890.93342254935
2018-02-06,2018,4502.T,-3.0,-18951.0
2018-02-07,2018,2914.T,-3.0,-21066.0
2018-02-08,2018,3382.T,-0.6261180679785332,-5578.71192990161
2018-02-08,2018,6178.T,-1.7898832684824901,-16037.354085603112
2018-02-08,2018,9022.T,-3.0,-24276.0
2018-02-13,2018,2670.T,0.15015015015015237,1331.3313180180378
2018-02-14,2018,7201.T,-0.22361359570661896,-1999.1055456171734
2018-02-14,2018,7261.T,-3.0,-27270.0
2018-02-16,2018,2702.T,0.10504201680672269,998.9495798319327
2018-02-16,2018,9432.T,2.985395189003438,29739.611254295545
2018-02-21,2018,4666.T,-1.0461061604029445,-8165.9046881053855
2018-02-27,2018,9861.T,0.625,5984.375
2018-03-01,2018,5108.T,-3.052631578947368,-29195.36842105263
2018-03-02,2018,6501.T,-3.0,-29530.8
2018-03-05,2018,2002.T,2.044887780548628,16440.89775561097
2018-03-06,2018,9005.T,-1.4654161781946073,-12390.093786635405
2018-03-07,2018,5741.T,2.3971234518577704,22616.859768278064
2018-03-08,2018,8697.T,1.8619934282584885,16953.450164293536
2018-03-13,2018,6113.T,0.14792899408284024,1421.7455621301774
2018-03-14,2018,6326.T,-1.9039957093054438,-17930.87959238402
2018-03-16,2018,8795.T,0.14551804423748546,1243.0878928987197
2018-03-16,2018,9024.T,1.3835085777531821,12527.670171555064
2018-03-19,2018,5471.T,0.1798561151079137,1614.3884892086332
2018-03-26,2018,8766.T,2.253105917035164,21598.27310471635
2018-03-26,2018,7751.T,1.2624934245134138,9594.950026301945
2018-03-26,2018,2802.T,5.0,46937.5
2018-03-28,2018,9202.T,2.463299328191092,20208.90768847972
2018-03-29,2018,8058.T,-0.8223972003499518,-7768.912141616757
2018-03-29,2018,8802.T,1.1720983419096627,10223.627787307032
2018-04-02,2018,9404.T,-3.0,-28275.0
2018-04-05,2018,4681.T,1.7619047619047619,16665.85714285714
2018-04-06,2018,2809.T,-1.1350293542074363,-8655.73385518591
2018-04-09,2018,4613.T,1.6942148760330578,16569.421487603304
2018-04-10,2018,2659.T,0.8726003490401396,7513.089005235602
2018-04-12,2018,5803.T,1.4184397163120561,14119.148371404252
2018-04-13,2018,8876.T,-3.0,-25362.0
2018-04-16,2018,9861.T,3.475670307845084,27930.486593843096
2018-04-17,2018,2267.T,-0.2607561929595828,-2000.0
2018-04-18,2018,9831.T,-1.7241379310344827,-16912.068965517243
2018-04-20,2018,4689.T,-1.3333333333333335,-13229.333333333334
2018-04-23,2018,9766.T,0.7518796992481203,3992.4812030075186
2018-04-24,2018,6981.T,0.5328596802863244,4985.790308830042
2018-04-25,2018,6586.T,2.1806853582554515,21087.227414330217
2018-04-26,2018,8227.T,1.4972419227738385,12666.666540000007
2018-04-27,2018,3659.T,3.4653465346534658,33662.376237623765
2018-05-02,2018,6902.T,-2.4912891986062715,-24780.853658536584
2018-05-02,2018,7752.T,-1.1363636363636365,-10728.409090909092
2018-05-02,2018,6645.T,1.1764705882352942,6941.176470588235
2018-05-09,2018,8001.T,-1.4330823415108034,-14328.530483361617
2018-05-09,2018,2685.T,0.11904761904761905,1004.1666666666669
2018-05-10,2018,7606.T,0.6234413965087282,5000.0
2018-05-14,2018,5741.T,0.7039644312708411,6674.638755094479
2018-05-14,2018,9006.T,-0.4904632152588556,-4497.547683923706
2018-05-15,2018,9831.T,-0.8726003490401396,-8500.0
2018-05-17,2018,8359.T,-0.7407407407407408,-7213.333333333334
2018-05-17,2018,2206.T,-0.7246376811594203,-3971.014492753623
2018-05-18,2018,7182.T,-0.06939625260235947,-595.0034698126301
2018-05-24,2018,6758.T,1.6274509803921482,15086.470588235214
2018-05-25,2018,4666.T,1.117507619370132,9943.582797155435
2018-05-25,2018,9101.T,-2.1080368906455846,-19486.692822260855
2018-05-30,2018,4689.T,1.550387596899225,15232.558139534885
2018-05-30,2018,2501.T,-0.4282655246252636,-4113.490364025657
2018-05-30,2018,4716.T,0.851581508515815,7110.7055961070555
2018-06-04,2018,4689.T,-3.0,-29475.0
2018-06-04,2018,5108.T,1.7535868822591665,15291.277613299932
2018-06-04,2018,4188.T,-0.4019696512913275,-3964.224701035072
2018-06-06,2018,7270.T,0.2932551319648094,2015.8357771260999
2018-06-07,2018,5332.T,2.142857142857143,11892.857142857143
2018-06-07,2018,9532.T,2.2895769733972964,21045.791539467948
2018-06-11,2018,3349.T,1.1423550087873462,6508.567662565905
2018-06-11,2018,7272.T,0.16260162601626257,1499.9999850000222
2018-06-13,2018,1928.T,0.12987012987012986,1240.25974025974
2018-06-19,2018,9531.T,0.017421602787456445,150.81010452961672
2018-06-19,2018,2579.T,1.9540229885057472,17214.94252873563
2018-06-19,2018,5110.T,-0.33003300330033003,-3044.5544554455446
2018-06-22,2018,8053.T,-0.19337016574585636,-1858.8190607734807
2018-06-22,2018,9531.T,1.298929261014569,11185.729331226961
2018-06-22,2018,7751.T,2.0604395604395602,15111.263736263734
2018-06-27,2018,3028.T,2.1869639794168094,20478.730703259003
2018-06-27,2018,9843.T,-3.0,-21762.0
2018-06-27,2018,5938.T,2.2611905860636825,19609.044762344256
2018-07-02,2018,4307.T,1.6666666666666659,14916.666517499994
2018-07-02,2018,4519.T,-3.0,-29049.9997095
2018-07-02,2018,8697.T,-3.7018996590355577,-34299.95129079396
2018-07-04,2018,4507.T,1.6642282370153594,15233.235643814898
2018-07-05,2018,4912.T,-0.2562788313685289,-2498.718605843157
2018-07-05,2018,2282.T,-0.4634994206257242,-3990.7300115874855
2018-07-12,2018,9503.T,3.810438680755684,35437.07973102786
2018-07-13,2018,4005.T,3.278688524590164,31947.54098360656
2018-07-13,2018,6473.T,2.636916835699797,23257.60649087221
2018-07-19,2018,2201.T,-3.0,-22680.0
2018-07-20,2018,2914.T,2.2576812086233238,19912.748260057717
2018-07-23,2018,3003.T,0.7957559681697612,7257.294429708222
2018-07-23,2018,9021.T,-0.7722007722007722,-6033.204633204633
2018-07-25,2018,5423.T,5.0,45650.0
2018-07-31,2018,9531.T,0.0361794500723589,304.9927641099855
2018-07-31,2018,4307.T,-1.6666666666666659,-14972.222072499995
2018-08-01,2018,9602.T,0.9036144578313252,9027.10843373494
2018-08-03,2018,8591.T,0.22753128555176336,1998.2935153583617
2018-08-03,2018,8802.T,0.7880434782608695,7299.252717391304
2018-08-06,2018,2801.T,-2.152641878669276,-19838.74755381605
2018-08-08,2018,8802.T,-3.0,-27817.5
2018-08-08,2018,4021.T,0.2047082906857728,1995.9058341862847
2018-08-09,2018,6465.T,-3.477443609022556,-18586.93609022556
2018-08-13,2018,7272.T,-1.4285714285714255,-13433.333198999972
2018-08-13,2018,5714.T,-3.0,-29790.0
2018-08-14,2018,1605.T,5.0,46080.0
2018-08-14,2018,3405.T,0.33333333333333337,2982.0
2018-08-17,2018,6448.T,0.045766590389016024,401.2814645308925
2018-08-17,2018,5233.T,1.3574660633484164,13459.276018099546
2018-08-20,2018,8035.T,2.918502202643185,17778.54240664931
2018-08-23,2018,9432.T,2.71604938271605,27127.466666666674
2018-08-23,2018,9433.T,1.1508072827207145,10003.392305049812
2018-08-24,2018,7261.T,2.4657534246575343,22248.49315068493
2018-08-29,2018,6723.T,-0.591715976331361,-5486.98224852071
2018-08-29,2018,2201.T,-0.23094688221709006,-2002.3094688221709
2018-08-30,2018,2587.T,1.7937219730941705,15874.439461883409
2018-08-31,2018,9766.T,-0.5341880341880342,-5042.735042735043
2018-09-03,2018,7550.T,-0.49172999552972735,-4400.0
2018-09-03,2018,1820.T,-2.0739064856711913,-16555.99547511312
2018-09-05,2018,6723.T,-3.0,-29232.0
2018-09-06,2018,9202.T,0.13333333333333333,1006.1333333333333
2018-09-06,2018,3349.T,-1.881145788798632,-10995.297135528004
2018-09-07,2018,8801.T,-0.61399918133442,-6009.823926803064
2018-09-11,2018,4502.T,2.9313045424032222,25988.94607294697
2018-09-11,2018,6971.T,-0.8057160231073274,-7904.074186682881
2018-09-12,2018,8766.T,1.2478065899785613,10654.188494225062
2018-09-12,2018,9432.T,1.4495712535728889,14392.329113924072
2018-09-14,2018,4661.T,2.63042525208242,23905.304690925033
2018-09-18,2018,6770.T,-3.0,-28215.0
2018-09-18,2018,9042.T,3.7467700258397936,29299.741602067184
2018-09-19,2018,9766.T,1.6129032258064515,13870.967741935483
2018-09-20,2018,1928.T,-1.0356731875719216,-8974.108170310701
2018-09-25,2018,2809.T,2.746615087040619,21300.0
2018-09-26,2018,8035.T,-3.0,-16314.99983685
2018-09-27,2018,3941.T,5.0,49665.0
2018-09-28,2018,6460.T,-3.0,-25320.0
2018-09-28,2018,6412.T,-3.0,-22788.0
2018-10-01,2018,9843.T,0.8042066192390969,7862.728116300649
2018-10-05,2018,9433.T,1.6831009860591637,15051.972118327101
2018-10-05,2018,8113.T,-3.0,-28111.999718880004
2018-10-09,2018,6592.T,-3.0,-28552.5
2018-10-11,2018,6113.T,1.0261194029850746,9161.194029850747
2018-10-11,2018,6504.T,0.24691358024691357,2108.641975308642
2018-10-11,2018,9861.T,1.2571428571428571,11188.571428571428
2018-10-16,2018,9021.T,2.555137170521786,19040.882194728347
2018-10-16,2018,9531.T,3.413162360927777,27318.951536865927
2018-10-16,2018,6178.T,0.8264462809917356,7636.363636363637
2018-10-17,2018,3349.T,-3.0,-17947.5
2018-10-19,2018,5411.T,-0.9704641350210972,-9394.09282700422
2018-10-19,2018,9101.T,-3.0,-29249.9997075
2018-10-22,2018,4684.T,-1.809045226130653,-14718.391959798993
2018-10-25,2018,1928.T,1.7812499999999998,17361.843749999996
2018-10-25,2018,1801.T,-0.21413276231263384,-2059.9571734475376
2018-10-25,2018,1808.T,1.4760147601476015,14495.940959409594
2018-10-30,2018,8628.T,2.1071115013169446,19267.42756804214
2018-10-30,2018,4507.T,2.305842410524826,21585.759203202142
2018-10-30,2018,9506.T,0.34891835310537334,2993.7194696441034
2018-11-01,2018,9432.T,-3.0,-29925.0
2018-11-02,2018,9001.T,0.974025974025974,8985.38961038961
2018-11-02,2018,8604.T,3.1214094216775092,30886.97050938329
2018-11-02,2018,4661.T,1.3962445835339432,11611.169956668271
2018-11-07,2018,3401.T,-0.5104645227156712,-4987.238386932108
2018-11-07,2018,8113.T,0.6138933764135617,5841.8093115333595
2018-11-08,2018,7270.T,-3.145410794087315,-27232.966655207973
2018-11-12,2018,5110.T,-0.3870967741935484,-3611.612903225807
2018-11-13,2018,3289.T,-3.3707865168539324,-31853.93258426966
2018-11-13,2018,3101.T,1.7721518987341773,17129.620253164558
2018-11-15,2018,1812.T,2.7210884353741496,24163.26530612245
2018-11-16,2018,8031.T,-0.6111111111111112,-6050.0
2018-11-19,2018,4324.T,-3.0,-15180.0
2018-11-20,2018,1808.T,3.804347826086957,34672.82608695653
2018-11-21,2018,8306.T,-3.0,-28741.500000000004
2018-11-22,2018,7201.T,2.68364554830562,25604.66217638392
2018-11-26,2018,6971.T,2.9883504980584163,26424.489279081547
2018-11-28,2018,3349.T,5.0,27312.5
2018-11-30,2018,6465.T,-0.3468208092485549,-3006.936416184971
2018-12-04,2018,6724.T,-3.0623608017817374,-27668.429844097995
2018-12-04,2018,5411.T,-3.0,-24864.0
2018-12-06,2018,8267.T,3.951956605966688,37530.41419269284
2018-12-06,2018,8002.T,-3.0,-27640.8
2018-12-06,2018,6301.T,-3.0,-26217.0
2018-12-07,2018,4502.T,-3.0,-24624.0
2018-12-10,2018,3407.T,-3.0,-28368.0
2018-12-10,2018,3391.T,3.832116788321168,34397.0802919708
2018-12-11,2018,4005.T,0.7017543859649122,6919.298245614034
2018-12-13,2018,4901.T,1.1476147614761463,10177.04760299999
2018-12-13,2018,7201.T,-0.010752688172045456,-99.3978494623882
2018-12-14,2018,1721.T,-3.0,-24795.0
2018-12-19,2018,9766.T,-3.0,-28710.0
2018-12-20,2018,2702.T,-3.0,-29130.0
2018-12-20,2018,9531.T,-3.0,-24984.0
2018-12-21,2018,3197.T,-3.0,-27360.0
2018-12-25,2018,8802.T,-3.0,-26100.0
2018-12-26,2018,9504.T,5.0,48370.0
2018-12-26,2018,9048.T,5.781424841477061,46638.75419619545
2018-12-26,2018,8113.T,5.431502715751356,54130.35552387445
2019-01-08,2019,2702.T,3.04302203567681,28969.569779643232
2019-01-17,2019,2590.T,-3.0,-25245.0
2019-01-30,2019,5901.T,-0.5288852725793327,-5185.191212367778
2019-02-01,2019,9434.T,1.8740629685157422,18624.81259370315
2019-02-01,2019,9533.T,1.3874066168623265,12916.75560298826
2019-02-05,2019,6902.T,-3.0,-28908.0
2019-02-06,2019,6758.T,-3.0,-27199.8
2019-02-06,2019,3048.T,-3.0,-27006.0
2019-02-07,2019,9142.T,0.13966480446927373,1002.7932960893854
2019-02-08,2019,7203.T,1.9230769230769231,17701.923076923078
2019-02-08,2019,4188.T,-3.0,-27934.5
2019-02-12,2019,4324.T,5.0,49200.0
2019-02-13,2019,3402.T,1.6103896103896076,16099.064935064906
2019-02-14,2019,6902.T,0.5866331447726797,5617.5989943431805
2019-02-14,2019,7272.T,-3.0,-28989.9997101
2019-02-18,2019,2587.T,5.0,46800.0
2019-02-19,2019,4091.T,0.25429116338207247,2412.2059758423393
2019-02-19,2019,3197.T,3.473053892215569,34695.80838323353
2019-02-20,2019,3099.T,0.09066183136899365,896.7361740707162
2019-02-25,2019,7224.T,1.820830298616169,17436.270939548434
2019-02-27,2019,8273.T,-2.1484375000000053,-18476.56231523442
2019-02-27,2019,2282.T,-0.2466091245376079,-2002.466091245376
2019-03-06,2019,3382.T,-4.873877725523734,-45970.414247435714
2019-03-07,2019,1878.T,-3.0,-26676.0
2019-03-08,2019,6902.T,-1.5481901439162669,-14357.91539467946
2019-03-11,2019,9045.T,1.0158013544018059,9010.158013544018
2019-03-11,2019,7261.T,1.2762453684643886,12471.469740634006
2019-03-13,2019,6770.T,0.0,0.0
2019-03-14,2019,7912.T,-0.8035355564483728,-7964.644435516271
2019-03-15,2019,4063.T,2.3891928100926623,21323.545830077008
2019-03-18,2019,9201.T,-0.9458077709611452,-7441.6155419222905
2019-03-19,2019,7911.T,1.6129032258064515,16103.225806451614
2019-03-20,2019,5334.T,-3.0,-25860.0
2019-03-22,2019,4208.T,2.2108843537414966,20853.061224489797
2019-03-25,2019,9434.T,-0.1937984496124031,-1914.7286821705427
2019-03-26,2019,8601.T,-3.0,-29629.800000000003
2019-03-27,2019,6301.T,-3.012164510523267,-23521.992662676195
2019-03-28,2019,9201.T,1.7833726724364019,13692.735378966694
2019-03-29,2019,9532.T,-1.7179023508137432,-15117.54068716094
2019-03-29,2019,9513.T,2.842183994016455,22595.362752430814
2019-04-03,2019,9201.T,1.674077949254512,12877.007585665706
2019-04-04,2019,9502.T,-0.9711595055915244,-8305.841671571514
2019-04-04,2019,9503.T,2.4761904761904763,23697.14285714286
2019-04-09,2019,2670.T,-3.0,-25519.9997448
2019-04-10,2019,2695.T,1.1122345803842264,11022.244691607684
2019-04-11,2019,2579.T,2.0637898686679175,16518.57410881801
2019-04-11,2019,3349.T,-1.0439560439560438,-9479.120879120877
2019-04-16,2019,9861.T,-1.5046296296296295,-12932.291666666666
2019-04-17,2019,7269.T,5.0,48210.0
2019-04-17,2019,9735.T,-1.6876276469955926,-15586.928947651293
2019-04-19,2019,7832.T,2.5329280648429546,24848.024067629143
2019-04-19,2019,4612.T,-0.468384074941452,-4394.8477751756445
2019-04-22,2019,7751.T,-0.12626262626262627,-1200.757575757576
2019-04-22,2019,7701.T,0.6622516556291391,6000.000000000001
2019-04-24,2019,8801.T,-3.0,-28742.99971257
2019-04-25,2019,5201.T,-1.0723860589812333,-8010.723860589813
2019-04-25,2019,2695.T,-1.435897435897436,-13985.641025641025
2019-04-25,2019,1766.T,-3.0,-20700.0
2019-05-08,2019,6724.T,-1.5966883500887048,-13651.685393258427
2019-05-08,2019,1878.T,-10.307898259705489,-92709.23694779117
2019-05-08,2019,5333.T,-1.4259144451332921,-13936.8877867328
2019-05-10,2019,7203.T,-0.6542909312233822,-5995.267802799851
2019-05-13,2019,3088.T,1.7673048600883714,16329.896743917583
2019-05-13,2019,7532.T,-3.0,-29841.0
2019-05-15,2019,2702.T,1.8442622950819672,17926.22950819672
2019-05-15,2019,5802.T,-0.5776173285198556,-5616.173285198555
2019-05-16,2019,1605.T,-3.0,-27189.0
2019-05-17,2019,8801.T,2.8838659392049832,26969.433349427465
2019-05-20,2019,8309.T,2.435830277632268,24354.95350969094
2019-05-20,2019,8306.T,0.9701049297168832,9252.860819639633
2019-05-21,2019,7731.T,5.0,44490.0
2019-05-22,2019,8766.T,1.6854973143174634,15116.101596076098
2019-05-22,2019,8630.T,-3.0,-28846.99971153
2019-05-23,2019,8630.T,1.4130709058793844,13043.58637810144
2019-05-28,2019,3099.T,-0.7641921397379913,-6977.0742358078605
2019-05-28,2019,4005.T,1.4705882352941175,14117.647058823528
2019-05-30,2019,5108.T,-1.1382901428917414,-9349.915233712763
2019-06-04,2019,5201.T,6.06508875739645,41000.0
2019-06-04,2019,7261.T,5.0,47857.5
2019-06-05,2019,8001.T,-0.6524008350730689,-6464.378914405011
2019-06-06,2019,4768.T,1.9138755980861244,15904.306220095694
2019-06-06,2019,2593.T,3.6964980544747084,19221.789883268484
2019-06-14,2019,6586.T,-3.0,-21480.0
2019-06-19,2019,2702.T,-0.8247422680412372,-8000.000000000001
2019-06-19,2019,9831.T,-0.6172839506172839,-6012.3456790123455
2019-06-20,2019,9532.T,0.9508716323296356,8947.702060221869
2019-06-24,2019,2702.T,0.5208333333333333,5010.416666666666
2019-06-24,2019,2871.T,-1.0802469135802468,-9792.438271604937
2019-06-25,2019,8113.T,-0.49720323182100995,-4814.9160488054995
2019-06-27,2019,3197.T,-1.2130801687763713,-11487.869198312235
2019-06-27,2019,2702.T,0.8333333333333334,8041.666666666667
2019-06-28,2019,6869.T,5.0,46666.6662
2019-07-04,2019,1878.T,3.031409788166545,24972.753834915995
2019-07-05,2019,9766.T,-1.3224821973550356,-12986.77517802645
2019-07-09,2019,3549.T,-0.5524861878452932,-5311.23383270708
2019-07-10,2019,9007.T,0.0,0.0
2019-07-11,2019,4183.T,3.216838760921366,28417.553613979348
2019-07-12,2019,8273.T,-0.5813953488372179,-5792.635600988457
2019-07-16,2019,4927.T,-0.4861111111111111,-4200.0
2019-07-18,2019,6326.T,-0.20533880903490762,-1759.240246406571
2019-07-18,2019,9024.T,-2.352266207687894,-20617.613310384393
2019-07-19,2019,9984.T,4.98997995991984,49370.86172344689
2019-07-23,2019,2267.T,3.536977491961415,33000.0
2019-07-23,2019,9513.T,4.63743676222597,44185.49747048904
2019-07-23,2019,3402.T,2.6134442855285425,26031.4731504356
2019-07-25,2019,2502.T,-0.6384337092998604,-6014.04548146423
2019-07-26,2019,8227.T,-0.25510204081633026,-2339.2856908928916
2019-07-29,2019,7201.T,-3.0,-28899.0
2019-07-30,2019,2784.T,1.1578541103820919,8979.158626013123
2019-07-31,2019,9962.T,-3.785103785103785,-37381.68498168498
2019-08-01,2019,8113.T,-1.6350555918901153,-15196.206519064663
2019-08-02,2019,4901.T,-3.0,-26184.99973815
2019-08-05,2019,5332.T,-3.0,-24870.0
2019-08-06,2019,9433.T,-2.462962962962963,-23662.91666666666
2019-08-06,2019,6326.T,-0.9383797309978105,-9332.186424773225
2019-08-06,2019,8306.T,1.855916982638187,18149.568948313623
2019-08-09,2019,2503.T,-3.811610076670317,-34799.99999999999
2019-08-09,2019,8331.T,-3.0,-29811.0
2019-08-09,2019,6465.T,1.248266296809986,9049.930651872399
2019-08-14,2019,8253.T,-0.7512520868113522,-7248.080133555926
2019-08-14,2019,2503.T,-3.6194895591647334,-31200.0
2019-08-15,2019,9005.T,2.2198159177043855,20844.07146724418
2019-08-16,2019,7532.T,-3.0,-29760.0
2019-08-19,2019,3197.T,-2.0364415862808145,-18949.08896034298
2019-08-28,2019,3407.T,1.9083969465648856,17944.65648854962
2019-08-28,2019,2002.T,1.1645569620253164,11500.0
2019-08-29,2019,8766.T,0.9793052475979249,8843.126297377998
2019-09-03,2019,6302.T,0.8305647840531563,7475.0830564784055
2019-09-03,2019,9065.T,1.5717092337917484,8110.019646365422
2019-09-09,2019,4021.T,2.0044543429844097,18040.089086859687
2019-09-13,2019,4091.T,-0.9047619047619048,-7563.809523809524
2019-09-13,2019,3626.T,0.0,0.0
2019-09-18,2019,6098.T,5.0,48750.0
2019-09-30,2019,7616.T,5.0,41040.0
2019-09-30,2019,9936.T,0.2881844380403304,2662.8241808644107
2019-09-30,2019,7224.T,-0.4761904761904762,-4220.0
2019-10-04,2019,7731.T,0.5271084337349398,4918.448795180722
2019-10-04,2019,6586.T,-3.5031847133757963,-33420.38216560509
2019-10-04,2019,2809.T,0.0,0.0
2019-10-10,2019,8630.T,0.7125890736341985,7051.543872477378
2019-10-11,2019,1878.T,2.9911373707533233,24201.29246676514
2019-10-15,2019,7581.T,0.9541984732824428,7462.786259541985
2019-10-18,2019,8876.T,2.376237623762376,18000.0
2019-10-18,2019,9531.T,2.7162790697674417,21859.25581395349
2019-10-25,2019,3088.T,0.786369593709055,6954.1283708257915
2019-11-01,2019,4661.T,0.5694400506168934,5427.333122429611
2019-11-01,2019,3382.T,3.0871820202519094,29534.041031736186
2019-11-05,2019,9531.T,-0.3244274809160305,-2564.5992366412215
2019-11-07,2019,8053.T,2.1904472163066626,21764.283541223
2019-11-07,2019,3626.T,-3.6507936507936614,-30423.280119047708
2019-11-08,2019,2502.T,1.3407393219689652,11570.580232886367
2019-11-11,2019,4912.T,2.008608321377331,16832.137733142034
2019-11-12,2019,9024.T,2.4219590958019377,22391.011840688916
2019-11-13,2019,1925.T,-3.0,-20970.0
2019-11-14,2019,2802.T,1.5828936406553733,15727.235490141627
2019-11-15,2019,8830.T,-0.7244501940491591,-6985.510996119016
2019-11-15,2019,5411.T,-3.0,-27615.0
2019-11-19,2019,5019.T,-3.0,-29040.0
2019-11-21,2019,4063.T,1.5537332757876565,14499.43892965041
2019-11-28,2019,2502.T,0.881226053639844,7638.761098580436
2019-11-28,2019,9502.T,0.3922850604772802,3617.6528277214775
2019-12-02,2019,7459.T,1.4024649383765404,13171.950701232467
2019-12-03,2019,2810.T,1.045751633986928,8031.372549019607
2019-12-03,2019,8227.T,1.1273957158962808,10112.739470462246
2019-12-05,2019,9987.T,-0.4094165813715456,-3995.9058341862847
2019-12-06,2019,8113.T,0.961258374599478,8799.999912000021
2019-12-06,2019,3349.T,4.090909090909091,22551.136363636364
2019-12-13,2019,2702.T,-0.945179584120983,-4962.192816635161
2019-12-16,2019,9766.T,-3.0,-27570.0
2019-12-16,2019,3064.T,0.25017869907076484,2471.8906361686923
2019-12-17,2019,6594.T,-0.7655502392344498,-5975.11961722488
2019-12-18,2019,9766.T,-1.3157894736842104,-11999.999999999998
2019-12-19,2019,5334.T,3.939250118652112,33184.24299952539
2019-12-20,2019,9202.T,-0.7401315789473684,-5391.118421052631
2019-12-23,2019,7832.T,-0.609942055504736,-5310.5621101556135
2019-12-24,2019,6954.T,0.6809338521400778,5565.953307392996
2019-12-27,2019,7649.T,-2.0583190394511104,-19897.083849056562
2019-12-27,2019,7276.T,-1.5533980582524272,-11976.699029126214
2019-12-30,2019,2914.T,-2.225852562793547,-21813.355115376762
2020-01-08,2020,7269.T,2.9921259842519685,27174.48818897638
2020-01-08,2020,9202.T,1.0704225352112675,7683.492957746478
2020-01-09,2020,3382.T,5.0,45989.9995401
2020-01-14,2020,7581.T,1.8525665766113468,14405.557699729834
2020-01-14,2020,2670.T,0.5657708628005742,5355.9641142857945
2020-01-15,2020,9502.T,-0.5175983436853002,-4500.0
2020-01-16,2020,5019.T,1.2606473594548513,12571.427597955668
2020-01-17,2020,9602.T,-1.0452961672473868,-9900.0
2020-01-20,2020,4927.T,-3.0,-23337.0
2020-01-21,2020,5105.T,-2.3458445040214477,-21154.825737265415
2020-01-22,2020,6361.T,2.021772939346812,19681.959564541212
2020-01-22,2020,3099.T,0.0,0.0
2020-01-24,2020,6902.T,-3.7567455375674554,-36094.811124948115
2020-01-27,2020,5019.T,-3.0,-29702.399999999998
2020-01-27,2020,9024.T,-3.0,-26295.0
2020-01-28,2020,6594.T,-0.5633802816901409,-4133.802816901409
2020-01-29,2020,2267.T,-3.0,-26145.0
2020-01-29,2020,9202.T,-0.7823819182845552,-5403.129527673138
2020-01-31,2020,1928.T,1.8407534246575343,17126.3698630137
2020-02-03,2020,4452.T,-1.2997469519208649,-11414.377731769035
2020-02-03,2020,7532.T,1.1428571428571428,11308.8
2020-02-05,2020,2267.T,0.7017543859649122,6000.0
2020-02-06,2020,9008.T,-2.2222222222222223,-19475.555555555555
2020-02-07,2020,9042.T,-3.0,-26640.0
2020-02-10,2020,2269.T,-3.0,-22200.0
2020-02-10,2020,7011.T,-1.5292053146151834,-14713.401855101447
2020-02-12,2020,9007.T,-1.962421711899791,-18800.0
2020-02-14,2020,1803.T,-1.9021739130434785,-18985.597826086956
2020-02-14,2020,1801.T,-3.309692671394799,-28165.48463356974
2020-02-17,2020,1605.T,1.066925315227934,10087.245392822502
2020-02-19,2020,4666.T,-1.4143730886850152,-11240.022935779816
2020-02-19,2020,7201.T,1.5307150050352512,15144.894259818775
2020-02-20,2020,8227.T,-4.4699872286079145,-40624.73352308426
2020-02-25,2020,9024.T,-3.0,-25230.0
2020-02-25,2020,8830.T,-3.0,-28890.0
2020-02-26,2020,4666.T,-3.0,-29172.0
2020-02-27,2020,7751.T,-3.6150983519404574,-30600.000000000004
2020-02-28,2020,9735.T,-1.601485435766508,-14225.99512591389
2020-02-28,2020,8316.T,-1.70421721548237,-16046.909140512904
2020-03-02,2020,8766.T,-1.4920071047957375,-14425.221880614568
2020-03-04,2020,9434.T,4.413309982486873,44130.89316987748
2020-03-04,2020,7649.T,0.1904761904761933,1829.8412515428843
2020-03-05,2020,7751.T,-3.0,-24633.0
2020-03-06,2020,4452.T,-3.0,-24558.0
2020-03-11,2020,9531.T,4.4094837137159315,40143.93972966984
2020-03-11,2020,9532.T,-5.489964580873672,-46362.75088547816
2020-03-12,2020,2269.T,-3.0,-20100.0
2020-05-01,2020,6971.T,-3.0,-26005.5
2020-05-07,2020,4661.T,5.0,40875.0
2020-05-07,2020,9504.T,0.8415147265077139,7270.687237026648
2020-05-21,2020,9434.T,-3.597122302158273,-35896.402877697845
2020-05-27,2020,2802.T,1.4917127071823204,14747.444751381216
2020-05-28,2020,9434.T,0.4411764705882311,4363.897058823489
2020-06-02,2020,2212.T,0.9023354564755839,8522.558386411889
2020-06-09,2020,6849.T,-1.7647058823529411,-14911.764705882353
2020-06-23,2020,5019.T,-3.0,-29471.4
2020-06-25,2020,4927.T,-3.0,-28140.0
2020-06-29,2020,3391.T,-3.0,-27252.0
2020-06-30,2020,4967.T,-0.5257623554153523,-5000.000000000001
2020-07-01,2020,3197.T,-3.0,-25665.0
2020-07-01,2020,8058.T,-0.9440175631174583,-9285.986003005537
2020-07-02,2020,2702.T,3.0088495575221237,17030.08849557522
2020-07-03,2020,9502.T,-0.8562918838421444,-8032.017870439315
2020-07-06,2020,4516.T,-3.0,-24960.0
2020-07-07,2020,2809.T,-3.0,-29700.0
2020-07-09,2020,4516.T,0.2506265664160401,1997.4937343358395
2020-07-09,2020,9005.T,-3.0,-25902.0
2020-07-17,2020,8410.T,0.0,0.0
2020-07-20,2020,7182.T,-0.975609756097561,-9635.121951219511
2020-07-29,2020,2503.T,-2.795698924731183,-23344.086021505376
2020-07-30,2020,3382.T,-3.0,-29834.99970165
2020-07-31,2020,1928.T,-3.0,-29812.5
2020-08-03,2020,4578.T,2.9718693284936477,25974.137931034482
2020-08-03,2020,6503.T,2.2834360275462124,21906.143530264588
2020-08-03,2020,7956.T,2.916160388821385,23883.353584447144
2020-08-05,2020,7011.T,-1.3259893920848633,-13228.070175438597
2020-08-06,2020,4661.T,3.8051750380517504,30136.986301369863
2020-08-06,2020,4503.T,2.261904761904762,19220.535714285714
2020-08-11,2020,2502.T,5.0,46386.6662028
2020-08-12,2020,2206.T,0.20725388601036268,1995.8549222797926
2020-08-12,2020,3626.T,2.3062730627306274,20110.70110701107
2020-08-12,2020,6750.T,4.166666666666666,31374.999999999993
2020-08-14,2020,3088.T,2.206896551724152,21539.310129434623
2020-08-24,2020,6981.T,1.0971786833855748,9406.478484827541
2020-08-31,2020,9433.T,-3.0,-29079.0
2020-08-31,2020,9434.T,-0.6137184115523424,-6061.91155234653
2020-09-01,2020,4519.T,0.5719127303537386,5400.0
2020-09-02,2020,7911.T,-3.287841191066997,-31878.908188585603
2020-09-04,2020,9434.T,-1.496350364963512,-14889.284671532927
2020-09-09,2020,6146.T,2.2317596566523585,18032.617845424877
2020-09-09,2020,3349.T,3.0389908256880735,26515.19495412844
2020-09-11,2020,4768.T,4.545454545454546,34977.27272727273
2020-09-14,2020,1928.T,-3.0,-24258.0
2020-09-15,2020,4503.T,-0.09256402344955261,-906.3869176180192
2020-09-16,2020,9433.T,-3.0,-29452.5
2020-09-17,2020,3088.T,4.901960784313721,46666.66619999996
2020-09-24,2020,9434.T,-1.3888888888888888,-13763.749999999998
2020-09-24,2020,6448.T,2.8279181708784598,23980.74608904934
2020-09-24,2020,9831.T,2.8625954198473282,27154.580152671755
2020-09-28,2020,7267.T,0.7946210268948662,7865.158845553797
2020-09-29,2020,5711.T,-3.0,-25944.0
2020-09-29,2020,7259.T,-3.0,-29609.9997039
2020-11-02,2020,4043.T,-3.0,-27768.0
2020-11-02,2020,6701.T,5.0,47250.0
2020-11-17,2020,1808.T,-1.8166804293971925,-17847.06853839802
2020-12-01,2020,9504.T,-2.548725637181409,-23675.11244377811
2020-12-02,2020,4503.T,-0.4330446369087275,-3901.299133910726
2020-12-02,2020,9503.T,0.6049228201919137,5781.24739257412
2020-12-14,2020,4523.T,-0.10570824524312897,-805.6025369978859
2020-12-18,2020,4536.T,-0.06035003017501509,-596.378998189499
2020-12-21,2020,8252.T,-3.0,-27240.0
2020-12-22,2020,5108.T,-2.1551724137931036,-18679.956896551725
2020-12-23,2020,8411.T,-0.4961832061068702,-4556.946564885497
2020-12-23,2020,5020.T,1.7947279865395336,17309.074593381876
2020-12-30,2020,2914.T,-2.1843494959193475,-18261.161785885746
2021-01-04,2021,4755.T,-1.2060301507537687,-11987.93969849246
2021-01-05,2021,7649.T,-0.7385524372230537,-6725.750794387101
2021-01-06,2021,4578.T,2.944613227389577,25141.107735452206
2021-01-07,2021,4452.T,1.1476466795615732,8832.288845905867
2021-01-12,2021,4911.T,-0.07470491558344539,-502.1664425519199
2021-01-14,2021,3349.T,-3.0,-24165.0
2021-01-14,2021,9962.T,-3.7267080745341614,-36782.608695652176
2021-01-15,2021,9602.T,-3.0,-27753.0
2021-01-19,2021,4502.T,-0.25,-1804.5
2021-01-19,2021,4661.T,-0.18791105543376135,-1792.6714688380835
2021-01-19,2021,6592.T,5.0,46406.25
2021-01-25,2021,2269.T,1.2747875354107647,8987.252124645891
2021-01-26,2021,7974.T,-2.1580450650587117,-13526.626467788004
2021-01-27,2021,8113.T,-2.0629297770368873,-19667.97229758996
2021-01-28,2021,5332.T,7.787610619469026,45323.89380530973
2021-01-29,2021,7181.T,0.6666666666666667,6480.444379640001
2021-02-01,2021,9432.T,1.7379679144385096,17290.00000000007
2021-02-02,2021,1803.T,0.945945945945946,9063.108108108108
2021-02-03,2021,4507.T,1.8053097345132842,16867.610450793014
2021-02-05,2021,4452.T,3.616438356164384,26154.082191780824
2021-02-05,2021,2897.T,1.779359430604976,15053.38063238429
2021-02-10,2021,2503.T,-0.24813895781637718,-2208.436724565757
2021-02-12,2021,9843.T,2.221149203283438,18457.74987928537
2021-02-15,2021,2914.T,-0.63403499873193,-6280.116662439767
2021-02-17,2021,4912.T,1.4129443938012762,12552.597994530539
2021-02-22,2021,2229.T,-1.5432098765432098,-13625.0
2021-02-25,2021,7545.T,-3.1163434903047094,-26738.227146814406
2021-02-25,2021,7453.T,3.697548815953469,35629.580390527626
2021-03-01,2021,9861.T,0.2840909090909091,2385.227272727273
2021-03-01,2021,2587.T,2.857142857142857,20828.571428571428
2021-03-02,2021,4523.T,-1.5374149659863945,-11384.557823129251
2021-03-05,2021,7412.T,-3.0,-28743.0
2021-03-05,2021,4527.T,3.9732770745428976,39591.719409282705
2021-03-08,2021,2784.T,0.6464445549477871,6454.748881153654
2021-03-08,2021,7412.T,-3.0,-28215.0
2021-03-09,2021,2897.T,-0.7499999999999941,-5954.999940449953
2021-03-16,2021,4519.T,0.5271249725455743,4800.0
2021-03-22,2021,4543.T,-3.0,-29692.5
2021-03-23,2021,7269.T,1.6876735740226447,15796.624652851955
2021-03-24,2021,8766.T,3.007518796992474,26867.16765112776
2021-03-26,2021,4661.T,4.452466907340553,44079.42238267148
2021-03-31,2021,9041.T,-3.0,-26250.0
2021-04-01,2021,7550.T,3.9319872476089266,33394.367693942615
2021-04-02,2021,2503.T,-1.0406811731315044,-8735.477767265847
2021-04-02,2021,2282.T,2.1164021164021163,19873.015873015873
2021-04-06,2021,2871.T,-2.0091646105040537,-19774.198096580894
2021-04-14,2021,4536.T,1.032346868547832,8987.611837577426
2021-04-14,2021,5333.T,1.214574898785425,12127.530364372467
2021-04-14,2021,6988.T,2.906350914962325,27116.254036598493
2021-04-19,2021,9021.T,-3.1623931623931623,-27678.846153846152
2021-04-20,2021,3197.T,-3.0,-29754.0
2021-04-20,2021,4324.T,-4.552129221732746,-31637.298091042583
2021-04-21,2021,4507.T,3.059204606802228,28787.115062137815
2021-04-22,2021,3861.T,2.877697841726619,27879.136690647487
2021-04-22,2021,3391.T,-1.761102603369066,-13673.200612557428
2021-04-27,2021,6594.T,-3.0,-19477.5
2021-04-28,2021,9143.T,0.9795918367346939,9682.285714285714
2021-04-28,2021,3635.T,-1.6824395373291272,-16134.59516298633
2021-05-06,2021,6981.T,-0.05744485294117732,-499.94255014764065
2021-05-07,2021,3659.T,-3.0,-20820.0
2021-05-07,2021,5938.T,-3.0,-26946.0
2021-05-11,2021,8282.T,-3.0,-26388.0
2021-05-11,2021,3391.T,-3.0,-23418.0
2021-05-12,2021,2282.T,1.829924650161464,17128.094725511302
2021-05-13,2021,6098.T,-3.0,-29874.0
2021-05-14,2021,2269.T,1.1922503725782414,7988.077496274217
2021-05-17,2021,4523.T,-0.014392630972941856,-99.95682210708118
2021-05-18,2021,2875.T,1.0180995475113122,8938.914027149322
2021-05-19,2021,7182.T,-0.41753653444676403,-4016.70146137787
2021-05-20,2021,7532.T,-0.35492457852706805,-3521.561668145569
2021-05-24,2021,8766.T,-0.4394344669468845,-3801.8404918503907
2021-05-25,2021,3197.T,-3.0,-28116.0
2021-05-25,2021,3349.T,-0.8414239482200648,-6491.5857605178
2021-05-31,2021,2212.T,-3.0,-29862.0
2021-05-31,2021,9843.T,-3.0,-22854.0
2021-05-31,2021,2229.T,-3.0,-23022.0
2021-06-02,2021,3636.T,-0.5037783375314862,-4000.0
2021-06-04,2021,9684.T,1.9469026548672614,18625.368545309782
2021-06-04,2021,9843.T,2.559867877786953,18610.239471511148
2021-06-09,2021,4568.T,4.169196518923295,41408.45982594616
2021-06-11,2021,8595.T,-2.1447721179624617,-21333.333119999952
2021-06-14,2021,9831.T,0.3875968992248062,3800.0000000000005
2021-06-14,2021,6841.T,1.2367491166077738,10537.102473498233
2021-06-16,2021,1803.T,-1.0321100917431194,-9809.174311926607
2021-06-17,2021,6268.T,-5.2805280528052805,-50165.01650165016
2021-06-18,2021,6674.T,-3.096085409252669,-26109.288256227755
2021-06-21,2021,8411.T,1.3968253968253967,13413.714285714286
2021-06-22,2021,6301.T,-0.16097299230906814,-1356.7608656769808
2021-06-23,2021,4063.T,2.6084568918176827,19078.25370675453
2021-06-24,2021,1721.T,1.6260162601626018,15024.390243902442
2021-06-25,2021,3391.T,1.0760953112990008,8341.890853189854
2021-06-30,2021,2914.T,-0.07052186177715092,-596.4739069111424
2021-07-01,2021,8591.T,-1.0582010582010581,-9917.989417989418
2021-07-02,2021,9508.T,-1.1641443538998837,-10948.777648428406
2021-07-05,2021,6503.T,-3.0,-27981.0
2021-07-07,2021,9984.T,-0.17711171662125338,-1652.6737057220705
2021-07-07,2021,3563.T,-3.0,-27510.0
2021-07-07,2021,1911.T,-3.0,-28475.99971524
2021-07-09,2021,2809.T,2.630497328401151,25926.181668721743
2021-07-12,2021,2503.T,2.223284723882381,18533.30145828353
2021-07-12,2021,3563.T,1.5151515151515151,12909.090909090908
2021-07-15,2021,7735.T,-3.0,-29850.0
2021-07-16,2021,6724.T,-3.0,-28695.0
2021-07-19,2021,2670.T,-3.0,-24599.999753999997
2021-07-19,2021,9531.T,0.1466275659824047,1208.2111436950147
2021-07-20,2021,6361.T,2.8790786948176583,27414.587332053747
2021-07-27,2021,7269.T,-1.509433962264151,-13521.509433962265
2021-07-27,2021,3197.T,1.1564625850340136,10116.73469387755
2021-07-28,2021,8802.T,-0.8111239860950173,-7044.611819235225
2021-07-30,2021,1928.T,1.6544117647058825,14400.000000000002
2021-07-30,2021,9984.T,-0.7895492391616422,-6928.29457364341
2021-08-02,2021,2502.T,-0.36297640653357244,-3565.1542293212065
2021-08-04,2021,7832.T,9.357384441939116,89606.31251994584
2021-08-04,2021,9504.T,1.5060240963855422,14984.939759036146
2021-08-05,2021,8282.T,-3.0,-29352.0
2021-08-10,2021,7202.T,5.0,49665.0
2021-08-10,2021,1801.T,2.8368794326241136,20000.0
2021-08-10,2021,4912.T,-0.1652892561983471,-1507.4380165289256
2021-08-12,2021,6869.T,-3.0,-24629.9997537
2021-08-13,2021,7181.T,-0.3653444676409098,-3485.3861864404166
2021-08-13,2021,2503.T,-1.530612244897959,-14988.520408163266
2021-08-16,2021,2269.T,0.0,0.0
2021-08-18,2021,6594.T,-1.108829568788501,-6744.4558521560575
2021-08-18,2021,9064.T,-1.1518324607329842,-9875.811518324606
2021-08-19,2021,8593.T,0.6920415224913495,6858.823529411765
2021-08-23,2021,7532.T,1.7798594847775229,17447.250585480146
2021-08-24,2021,8473.T,0.9678668215253582,8709.349593495936
2021-08-24,2021,7203.T,2.3468618796425953,21642.760254064015
2021-08-27,2021,3382.T,1.79704016913319,17172.515684511607
2021-08-30,2021,6724.T,2.5,24900.0
2021-08-30,2021,3861.T,3.6395147313691507,35452.512998266895
2021-09-01,2021,9008.T,-3.0,-28416.0
2021-09-01,2021,3941.T,2.3255813953488373,22946.511627906977
2021-09-03,2021,1803.T,5.0,47400.0
2021-09-06,2021,9041.T,1.2362637362637363,8938.186813186814
2021-09-07,2021,9020.T,1.7073170731707297,15748.292525443885
2021-09-07,2021,9503.T,5.0,48307.5
2021-09-09,2021,2267.T,-3.076923076923077,-27969.230769230773
2021-09-13,2021,3105.T,0.3575685339690107,3319.666269368295
2021-09-13,2021,2267.T,1.415929203539823,12127.433628318582
2021-09-14,2021,4523.T,0.5180722891566265,4293.265060240964
2021-09-16,2021,7956.T,-3.0,-27000.0
2021-09-17,2021,7956.T,0.1736111111111111,1511.458333333333
2021-09-21,2021,5332.T,-3.0,-17820.0
2021-09-22,2021,1808.T,2.2803487592219986,20523.138832997985
2021-09-22,2021,5938.T,3.1645569620253164,29905.063291139242
2021-09-27,2021,8001.T,-0.4535833081342607,-4523.132748714847
2021-09-28,2021,9684.T,-3.0,-24719.999752800002
2021-09-29,2021,6268.T,-3.0,-26220.0
2021-09-30,2021,4523.T,-3.70843989769821,-31684.910485933506
2021-09-30,2021,7550.T,-0.18335166850018336,-1496.6996699669967
2021-10-04,2021,4502.T,-4.502046384720328,-32738.88130968622
2021-10-04,2021,6981.T,-3.0,-28190.99971809
2021-10-05,2021,9843.T,0.38600723763570566,3197.6839565741857
2021-10-05,2021,3382.T,-2.695581678151605,-26772.516959676566
2021-10-07,2021,7267.T,5.0,49904.99950095
2021-10-08,2021,4704.T,2.1702838063439067,12891.485809682807
2021-10-08,2021,9502.T,-0.8761904761904762,-8065.333333333334
2021-10-12,2021,9989.T,2.0172910662824206,14020.172910662823
2021-10-14,2021,9531.T,-0.8613938919342208,-8245.69303054033
2021-10-18,2021,3048.T,0.199203187250996,1794.6215139442231
2021-10-19,2021,2782.T,1.1952191235059761,9047.808764940239
2021-10-22,2021,2269.T,0.7132667617689016,5035.663338088445
2021-10-26,2021,1820.T,-3.0,-29835.0
2021-10-26,2021,9678.T,-3.6178861788617884,-35252.682926829264
2021-10-27,2021,4208.T,-0.702576112412178,-5977.51756440281
2021-10-28,2021,7751.T,1.1185243328100472,8612.078100470957
2021-10-29,2021,6178.T,-1.2298850574712696,-11903.93448275867
2021-11-01,2021,9433.T,-3.6665711830421084,-32339.157834431393
2021-11-02,2021,4502.T,-0.24600246002460024,-2400.0
2021-11-04,2021,7259.T,2.6927784577723446,25541.003416560652
2021-11-05,2021,4042.T,-3.0,-28185.0
2021-11-05,2021,6471.T,0.13210039630118892,1308.5865257595776
2021-11-08,2021,4452.T,-0.22218695445167433,-2110.331693382003
2021-11-08,2021,2871.T,-3.552206673842842,-34438.64370290635
2021-11-10,2021,6383.T,0.9221311475409832,9064.549089682374
2021-11-10,2021,6326.T,4.583333333333333,42038.33333333333
2021-11-11,2021,4536.T,3.2467532467532463,30155.844155844155
2021-11-15,2021,5020.T,-0.6208425720620868,-6147.7073170731965
2021-11-15,2021,1721.T,-2.0915975477821855,-17305.8781103498
2021-11-16,2021,5108.T,-0.40733197556008144,-4010.590631364562
2021-11-18,2021,9064.T,0.5744925315970892,4541.3634622749905
2021-11-18,2021,7164.T,3.510531594784353,26486.960882647945
2021-11-19,2021,3391.T,4.163623082542001,34150.03652300949
2021-11-24,2021,8725.T,-3.0,-28391.99971608
2021-11-24,2021,9532.T,2.1834061135371177,19868.995633187773
2021-11-24,2021,8697.T,-3.0,-29322.0
2021-11-29,2021,6841.T,0.936768149882904,8153.629976580796
2021-11-29,2021,9843.T,-3.0,-22674.0
2021-11-30,2021,3407.T,-3.0040964952207556,-29524.260355029583
2021-12-01,2021,3003.T,3.280224929709466,31765.69821930647
2021-12-02,2021,9432.T,0.6207121855602786,6167.396275726928
2021-12-02,2021,8316.T,3.584905660377364,35696.100271969866
2021-12-06,2021,4452.T,2.1728145528044465,19265.26023244062
2021-12-06,2021,4536.T,1.7482517482517483,15031.468531468532
2021-12-07,2021,2702.T,1.7999999999999998,17982.0
2021-12-10,2021,8802.T,-0.6049028971665075,-5734.47946513849
2021-12-10,2021,8830.T,-1.8187066974595842,-16068.273672055428
2021-12-21,2021,3088.T,-3.0,-26279.9997372
2021-12-23,2021,4927.T,-2.091633466135458,-20884.96015936255
2021-12-24,2021,3391.T,-1.4388489208633095,-12776.97841726619
2021-12-29,2021,9843.T,-0.4558404558404558,-3223.7037037037035
2021-12-29,2021,8227.T,3.3719704952581733,32033.719384615448
2021-12-30,2021,2501.T,3.1135531135531056,29933.699633699558
2022-01-04,2022,4704.T,-3.0,-19170.0
2022-01-07,2022,4568.T,-1.090909090909091,-8970.545454545456
2022-01-11,2022,3092.T,-3.0,-27279.9997272
2022-01-11,2022,7951.T,-1.4311270125223703,-13309.481083363231
2022-01-12,2022,4452.T,-3.0,-26424.0
2022-01-13,2022,9064.T,-3.0,-23373.0
2022-01-14,2022,2702.T,0.8113590263691683,8008.113590263692
2022-01-17,2022,6849.T,-3.0,-28440.0
2022-01-17,2022,9602.T,-1.4460511679644048,-14427.252502780868
2022-01-19,2022,9064.T,-3.0,-29268.0
2022-01-20,2022,9735.T,5.0,38255.0
2022-01-20,2022,7259.T,-3.0,-26369.9997363
2022-01-20,2022,2269.T,2.0319303338171264,13918.722786647315
2022-01-24,2022,5332.T,-0.7070707070707071,-6985.858585858586
2022-01-26,2022,9843.T,-3.0,-20202.0
2022-01-27,2022,6752.T,-3.0,-26575.5
2022-01-28,2022,2914.T,-0.23850823937554208,-2185.2124891587164
2022-01-31,2022,8591.T,3.2534246575342465,30386.986301369863
2022-01-31,2022,9843.T,1.4390691977954684,14117.268830373543
2022-02-02,2022,9502.T,0.7978723404255319,7327.659574468085
2022-02-04,2022,9506.T,1.9283746556473829,18225.068870523417
2022-02-07,2022,6503.T,1.5714285714285716,15400.0
2022-02-07,2022,5214.T,5.0,40665.0
2022-02-08,2022,1332.T,4.222648752399232,41719.76967370442
2022-02-14,2022,2269.T,1.0189228529839884,7010.189228529841
2022-02-14,2022,7270.T,-0.7571933366986371,-6087.834427057042
2022-02-14,2022,4613.T,5.019815059445178,47005.548216644645
2022-02-18,2022,8227.T,1.313131313131305,13065.656434999917
2022-02-18,2022,7182.T,-1.1811023622047243,-10906.299212598426
2022-02-21,2022,2212.T,-0.2588996763754045,-2415.533980582524
2022-02-24,2022,6302.T,2.389705882352941,19815.441176470587
2022-02-25,2022,2914.T,-3.0,-26298.0
2022-02-28,2022,2502.T,-3.0,-28019.999719800002
2022-03-02,2022,8031.T,5.0,49455.0
2022-03-02,2022,6448.T,-3.0,-25032.0
2022-03-04,2022,4503.T,-3.988300983780909,-37509.97075245945
2022-03-09,2022,7751.T,4.559445940746441,35379.020777222
2022-03-09,2022,8593.T,5.0,49685.0
2022-03-09,2022,6503.T,5.0,49320.0
2022-03-10,2022,5020.T,5.0,48312.0
2022-03-11,2022,9506.T,2.6950354609929077,26901.843971631202
2022-03-14,2022,3861.T,3.656307129798903,35670.9323583181
2022-03-15,2022,2664.T,1.0897994768962511,10013.077593722755
2022-03-31,2022,7412.T,1.4725568942436411,14395.716198125836
2022-04-01,2022,2229.T,2.771855010660981,26110.874200426442
2022-04-04,2022,9508.T,-0.8433734939759037,-8349.397590361446
2022-04-05,2022,6178.T,-1.7088399605652342,-15723.03647716072
2022-04-07,2022,7752.T,1.789473684210526,17501.052631578943
2022-04-08,2022,2331.T,-3.0,-29172.0
2022-04-11,2022,4206.T,-0.1034126163391934,-901.5511892450879
2022-04-12,2022,6113.T,1.530612244897959,15168.367346938776
2022-04-12,2022,9048.T,2.497551420176298,20419.980411361412
2022-04-14,2022,1925.T,0.13266998341625208,1200.0
2022-04-14,2022,5332.T,-3.0,-26820.0
2022-04-15,2022,4912.T,-2.311248073959938,-21161.787365177195
2022-04-21,2022,2875.T,1.153846153846154,8953.846153846154
2022-04-22,2022,3105.T,-3.3333333333333335,-33166.66666666667
2022-04-22,2022,2593.T,-3.148148148148148,-17000.0
2022-04-26,2022,1766.T,-3.944315545243619,-33881.67053364269
2022-04-26,2022,9627.T,1.565217391304348,9156.521739130436
2022-04-27,2022,7974.T,-3.0,-18420.0
2022-04-28,2022,2695.T,-3.0,-28935.0
2022-05-02,2022,8267.T,-3.0,-29621.99970378
2022-05-06,2022,9021.T,1.9926799511996744,19408.70272468483
2022-05-09,2022,6754.T,-3.169251517194875,-29093.728927848955
2022-05-09,2022,4768.T,3.233830845771144,26679.104477611938
2022-05-10,2022,9020.T,-2.8780196838652015,-25925.20105300572
2022-05-11,2022,8267.T,-3.0,-28643.99971356
2022-05-13,2022,8630.T,-1.5804030027657152,-13372.843274674124
2022-05-16,2022,1332.T,-1.2867647058823528,-12623.161764705881
2022-05-17,2022,8591.T,1.9494904740806378,17572.70713336287
2022-05-18,2022,4005.T,-4.307116104868914,-41244.94382022472
2022-05-20,2022,8473.T,5.0,49320.0
2022-05-26,2022,8227.T,0.9066183136899376,8310.667792384416
2022-05-26,2022,9042.T,1.1747430249632893,8011.747430249633
2022-05-31,2022,4716.T,-3.0,-23820.0
2022-06-02,2022,4519.T,0.08476970895733257,601.8649335970613
2022-06-02,2022,4523.T,-0.2656042496679947,-1402.65604249668
2022-06-06,2022,4502.T,0.1652892561983471,1196.3636363636365
2022-06-14,2022,7735.T,-0.9596928982725527,-7643.953934740883
2022-06-15,2022,5714.T,-3.0,-27300.0
2022-06-15,2022,7272.T,-0.7763975155279618,-7327.639678276506
2022-06-17,2022,4502.T,1.8889202142655765,13532.22441499859
2022-06-20,2022,6988.T,-3.0,-27330.0
2022-06-20,2022,3191.T,0.26109660574412535,2412.5326370757184
2022-06-21,2022,3382.T,2.303969022265244,19710.454788374613
2022-06-22,2022,1911.T,2.812499999999995,26887.499731124957
2022-06-24,2022,6965.T,5.0,39450.0
2022-06-28,2022,9433.T,-0.13969732246798602,-1212.0139697322468
2022-06-30,2022,2914.T,0.2798708288482239,2621.8299246501615
2022-07-01,2022,8750.T,-3.0,-28237.5
2022-07-04,2022,4704.T,4.315476190476191,28870.535714285717
2022-07-05,2022,2914.T,0.4478566858605247,4172.232885476648
2022-07-06,2022,9433.T,-0.02328830926874709,-200.46576618537495
2022-07-07,2022,9766.T,1.639344262295082,12065.573770491803
2022-07-08,2022,8306.T,3.484466834592776,34816.0957178841
2022-07-11,2022,9021.T,0.6355932203389831,5959.322033898306
2022-07-14,2022,6586.T,4.283559577677225,28785.520361990948
2022-07-15,2022,4182.T,4.662379421221865,43686.495176848875
2022-07-19,2022,5332.T,3.9215686274509802,33921.56862745098
2022-07-21,2022,2212.T,4.391468005018821,42395.23212045169
2022-07-27,2022,3563.T,2.9952076677316293,26260.483226837063
2022-08-01,2022,6503.T,-3.0,-29484.0
2022-08-02,2022,9433.T,-1.2619047619047619,-10650.47619047619
2022-08-03,2022,8601.T,0.9932659932659894,9430.46464646461
2022-08-03,2022,4502.T,0.7555315704263357,5606.044252563411
2022-08-05,2022,6178.T,0.4591564335290928,4326.171916711113
2022-08-08,2022,8591.T,0.3605227579990987,3205.768364127986
2022-08-08,2022,3407.T,-0.04906771344455348,-448.23356231599604
2022-08-10,2022,8630.T,1.4969538729329932,14216.071804459607
2022-08-12,2022,9432.T,-1.915912719531663,-18937.18786588608
2022-08-15,2022,8795.T,-3.0,-26478.0
2022-08-16,2022,7182.T,-0.5905511811023622,-5400.0
2022-08-17,2022,3197.T,0.2609262883235486,2410.9589041095887
2022-08-19,2022,8227.T,1.0543390105433836,8666.666579999946
2022-08-19,2022,2784.T,0.7233273056057866,7143.5804701627485
2022-08-29,2022,6594.T,4.17877094972067,38733.02793296089
2022-08-29,2022,6702.T,1.6881522406384284,14188.919582565992
2022-08-29,2022,3038.T,-0.41841004184100417,-3087.8661087866108
2022-09-01,2022,4887.T,-1.8359853121174967,-17628.518795562977
2022-09-01,2022,9504.T,-0.9626955475330927,-8831.768953068593
2022-09-01,2022,4544.T,-3.0,-25515.0
2022-09-05,2022,8001.T,0.5398110661268556,5169.122807017544
2022-09-06,2022,2587.T,1.5045135406218655,14924.774322968906
2022-09-06,2022,8282.T,-0.3225806451612903,-3176.774193548387
2022-09-08,2022,1333.T,0.7030603804797345,6752.191826605451
2022-09-09,2022,2269.T,0.46656298600311047,4534.992223950234
2022-09-09,2022,9101.T,5.0,48699.999512999995
2022-09-13,2022,4307.T,-3.0,-22260.0
2022-09-14,2022,9143.T,-2.242562929061785,-19851.16704805492
2022-09-14,2022,4911.T,3.473053892215569,17976.526946107784
2022-09-16,2022,9503.T,2.895148669796557,25940.532081377154
2022-09-20,2022,9143.T,-3.0,-25632.0
2022-09-20,2022,6383.T,-3.8043478260869574,-37130.43441130436
2022-09-20,2022,2002.T,-2.066115702479339,-17925.619834710746
2022-09-22,2022,9766.T,5.0,33800.0
2022-09-26,2022,8227.T,5.0,49833.332835
2022-09-26,2022,6532.T,-3.0,-23550.0
2022-09-28,2022,8306.T,-3.0,-29089.2
2022-09-28,2022,7751.T,0.570703868103995,5453.075459733672
2022-09-29,2022,7550.T,2.8530670470756063,20000.0
2022-09-30,2022,6594.T,1.2845138055222087,11057.094837935172
2022-09-30,2022,2502.T,2.137034589116556,19438.466428219526
2022-10-03,2022,8630.T,2.839826839826837,27271.803479085687
2022-10-05,2022,2282.T,-3.4120734908136483,-25931.758530183728
2022-10-05,2022,9506.T,-3.0,-29880.0
2022-10-05,2022,9502.T,-3.0,-27132.0
2022-10-07,2022,8227.T,-1.5993265993266,-15913.299504166673
2022-10-11,2022,7182.T,-3.0,-29910.0
2022-10-12,2022,7956.T,1.6336633663366338,13108.51485148515
2022-10-13,2022,8113.T,0.06528835690969136,596.7355761872232
2022-10-19,2022,6481.T,-1.5841584158415842,-11985.742574257425
2022-10-25,2022,4613.T,-3.0,-24276.0
2022-10-25,2022,6361.T,0.949367088607595,9085.443037974685
2022-10-26,2022,2269.T,-1.1382113821138211,-10465.853658536585
2022-10-31,2022,8304.T,0.6677140612725845,5063.943440691281
2022-10-31,2022,2502.T,1.29186602870814,12530.66973115269
2022-10-31,2022,2212.T,-3.0,-27360.0
2022-11-04,2022,1911.T,3.4032634032634026,32739.393611999996
2022-11-04,2022,4768.T,0.8948545861297539,8062.639821029083
2022-11-04,2022,9532.T,-0.1447178002894356,-1213.8929088277857
2022-11-09,2022,4151.T,-3.0,-29250.0
2022-11-09,2022,8282.T,-1.6888888888888887,-15227.02222222222
2022-11-09,2022,4912.T,1.9787985865724382,19586.148409893995
2022-11-14,2022,5019.T,-3.0,-28755.0
2022-11-14,2022,6326.T,2.730883813306852,21934.458788480635
2022-11-14,2022,8801.T,-1.3966480446927327,-13739.757776941295
2022-11-15,2022,2267.T,-3.0,-24030.0
2022-11-16,2022,5334.T,0.8058326937835764,6285.495011511895
2022-11-16,2022,7186.T,5.0,48730.0
2022-11-18,2022,3289.T,2.361111111111111,22069.305555555555
2022-11-24,2022,8630.T,2.6139294926913146,25224.419352226992
2022-11-30,2022,3349.T,-1.773049645390071,-12597.517730496455
2022-12-02,2022,8804.T,-3.0,-28590.0
2022-12-05,2022,4516.T,0.2574002574002574,1992.2779922779923
2022-12-06,2022,7751.T,0.38961038961038963,3576.6233766233763
2022-12-06,2022,4578.T,0.44375416019525177,3991.1249167960946
2022-12-12,2022,2371.T,0.3170289855072464,2826.630434782609
2022-12-13,2022,9433.T,1.026539809714572,10224.336504757135
2022-12-13,2022,1928.T,1.1840465309513917,11343.165766514332
2022-12-20,2022,4768.T,-3.0,-26010.0
2022-12-20,2022,8601.T,2.6132404181184667,25455.574912891985
2022-12-20,2022,3635.T,0.8695652173913043,8017.391304347826
2022-12-21,2022,6702.T,3.1016657093624356,27077.54164273406
2022-12-23,2022,4661.T,2.8740263228579104,21618.4260005372
2022-12-23,2022,1808.T,1.36986301369863,12057.534246575342
2022-12-26,2022,6841.T,-3.0,-26304.0
2022-12-28,2022,7202.T,-1.2132822477650063,-11421.83908045977
2022-12-28,2022,9143.T,-3.0,-28095.0
2022-12-29,2022,6504.T,-0.1,-503.0
2022-12-30,2022,3197.T,-0.7133592736705577,-6604.280155642024
2023-01-04,2023,8473.T,0.4365079365079365,3845.416666666667
2023-01-05,2023,6098.T,2.132701421800948,17829.383886255924
2023-01-06,2023,9531.T,1.1377488825680617,11200.0
2023-01-06,2023,9532.T,-1.172447484123107,-9623.448949682463
2023-01-10,2023,1801.T,-1.715686274509804,-13948.529411764706
2023-01-12,2023,9433.T,-1.2355212355212355,-12046.332046332047
2023-01-12,2023,6701.T,-2.0787746170678334,-18937.636761487964
2023-01-13,2023,2269.T,2.018633540372671,19590.83850931677
2023-01-17,2023,6098.T,2.0009881422924902,16348.073122529646
2023-01-17,2023,2371.T,5.0,41620.0
2023-01-18,2023,9735.T,0.7916611690196597,5946.167040506663
2023-01-20,2023,7751.T,2.830856334041047,24016.985138004246
2023-01-20,2023,2801.T,1.040118870728083,9872.808320950964
2023-01-24,2023,9502.T,1.0276679841897234,9085.612648221346
2023-01-26,2023,8227.T,-1.548492257538713,-12625.373413545238
2023-01-31,2023,4536.T,-0.7889546351084813,-7136.094674556214
2023-02-01,2023,3349.T,-0.7886435331230284,-5000.0
2023-02-03,2023,4204.T,2.2905027932960893,20706.14525139665
2023-02-03,2023,1878.T,-0.7142857142857143,-5442.857142857143
2023-02-06,2023,2802.T,1.9393336648433617,19378.79164594729
2023-02-08,2023,7512.T,-1.899441340782123,-18553.743016759778
2023-02-09,2023,6952.T,0.078125,701.640625
2023-02-09,2023,4307.T,-0.675219446320054,-6087.103308575287
2023-02-13,2023,4901.T,-1.2947448591012929,-11324.701587692292
2023-02-14,2023,8802.T,-0.2147239263803681,-2087.116564417178
2023-02-14,2023,7731.T,1.8775510204081631,18279.836734693876
2023-02-17,2023,4901.T,-0.43784206411259863,-3768.360660778825
2023-02-17,2023,9706.T,5.0,31500.0
2023-02-24,2023,2229.T,-0.6254598969830758,-5071.854304635762
2023-02-27,2023,9531.T,1.0575793184488838,8100.000000000001
2023-02-27,2023,9843.T,-2.2020725388601035,-20697.27979274611
2023-03-02,2023,3088.T,4.465709728867624,37095.161776842106
2023-03-03,2023,4613.T,2.2948938611589216,20022.948938611593
2023-03-03,2023,4507.T,1.9980019980019934,19890.10969120875
2023-03-07,2023,4151.T,2.4947294448348556,21412.262825017566
2023-03-08,2023,4578.T,-0.41871921182266003,-3381.5763546798025
2023-03-10,2023,4613.T,-3.0,-26295.0
2023-03-14,2023,8316.T,5.0,47241.66619425
2023-03-14,2023,4543.T,-1.3187429854096522,-11723.625140291808
2023-03-15,2023,2664.T,1.1291779584462511,9923.215898825654
2023-03-16,2023,7203.T,-0.1694915254237288,-1535.593220338983
2023-03-17,2023,4613.T,2.219626168224299,18988.90186915888
2023-03-20,2023,4666.T,-3.0,-29025.0
2023-03-22,2023,2782.T,1.643192488262911,12496.478873239437
2023-03-22,2023,7564.T,4.725897920604915,24858.22306238185
2023-03-23,2023,7182.T,-0.9760425909494232,-8854.658385093167
2023-03-23,2023,4519.T,-0.5170316301703163,-5155.839416058394
2023-03-28,2023,3391.T,2.320185614849188,20000.0
2023-03-31,2023,2730.T,1.795472287275566,16024.590163934425
2023-03-31,2023,8282.T,2.9285099052540913,27153.143841515935
2023-04-06,2023,4768.T,2.356902356902357,21117.845117845118
2023-04-06,2023,4023.T,-0.12239902080783535,-1006.1199409792071
2023-04-07,2023,6268.T,0.8210180623973727,7512.315270935961
2023-04-18,2023,7762.T,-1.0638297872340425,-10358.510638297872
2023-04-18,2023,7839.T,-1.807465618860511,-13865.06876227898
2023-04-20,2023,8174.T,2.453271028037383,20938.668224299065
2023-04-27,2023,6963.T,1.461988304093567,11282.894736842103
2023-04-27,2023,5401.T,2.255506607929507,21913.37444933913
2023-04-28,2023,2593.T,-1.0676156583629894,-8946.619217081852
2023-05-02,2023,3092.T,1.3194444444444497,12772.222094500052
2023-05-02,2023,9104.T,-3.0,-29250.0
2023-05-08,2023,5334.T,1.3188518231186968,10393.871217998449
2023-05-12,2023,8113.T,3.892386949055532,33883.22805269612
2023-05-15,2023,4452.T,0.8847855356799386,6874.783612233123
2023-05-15,2023,1820.T,-0.7374631268436578,-5000.0
2023-05-16,2023,1662.T,-3.0,-28776.0
2023-05-17,2023,8308.T,3.085271317829454,30058.255813953456
2023-05-18,2023,1662.T,-3.0,-28248.0
2023-05-19,2023,4324.T,1.735357917570499,15843.817787418655
2023-05-19,2023,4005.T,0.23148148148148145,2299.9999999999995
2023-05-23,2023,4751.T,-3.5135135135135136,-34941.89189189189
2023-05-25,2023,9616.T,-1.1627906976744187,-9034.883720930233
2023-05-25,2023,9962.T,-2.1671826625387,-21292.569659442725
2023-05-25,2023,3086.T,1.0174418604651163,9792.877906976744
2023-05-30,2023,3291.T,-1.872340425531915,-17704.85106382979
2023-05-30,2023,5947.T,-0.775716694772344,-7016.357504215852
2023-05-31,2023,3349.T,4.459561602418746,29789.87150415722
2023-06-02,2023,4502.T,1.9727891156462583,17427.619047619046
2023-06-02,2023,3659.T,2.3095484315753185,20093.071354705273
2023-06-06,2023,6753.T,5.0,48120.0
2023-06-07,2023,9962.T,-3.329065300896287,-31190.01280409731
2023-06-08,2023,3626.T,1.8070614400889629,12974.701139838753
2023-06-09,2023,4205.T,-2.175438596491228,-18658.736842105267
2023-06-09,2023,6753.T,-1.7920273070827664,-17732.46860904539
2023-06-13,2023,1928.T,1.7407407407407407,14139.166666666664
2023-06-15,2023,4205.T,-3.040057224606581,-30090.486409155936
2023-06-19,2023,4755.T,-3.0,-29394.9
2023-06-20,2023,7181.T,1.4636449480642106,14435.92997839801
2023-06-20,2023,3191.T,0.2905287623474724,2507.2632190586864
2023-06-21,2023,2593.T,-0.7135826771653544,-5787.155511811025
2023-06-22,2023,1518.T,-3.0,-29765.4
2023-06-23,2023,9005.T,-1.5895147796988287,-14269.868934746235
2023-06-26,2023,3038.T,-0.05319148936170213,-400.63829787234044
2023-06-26,2023,5021.T,0.8571428571428572,8241.42857142857
2023-06-30,2023,2206.T,-0.4266666666666667,-3174.4
2023-07-03,2023,3197.T,-0.7190265486725663,-6473.036504424778
2023-07-03,2023,2702.T,-0.35714285714285715,-2003.5714285714287
2023-07-06,2023,3861.T,0.7471264367816048,7438.390804597658
2023-07-07,2023,2670.T,2.1772939346811824,16834.836534606537
2023-07-10,2023,9008.T,1.1971830985915546,11169.957746478924
2023-07-10,2023,4516.T,-0.6632277081798084,-3597.3470891672805
2023-07-11,2023,6417.T,-0.544624033731557,-4936.472241742833
2023-07-13,2023,2802.T,2.851851851851852,23027.277777777777
2023-07-13,2023,7261.T,-0.4286827747466875,-3898.012470771629
2023-07-14,2023,9532.T,0.6801125703564728,5840.8067542213885
2023-07-19,2023,3382.T,-1.1300387923764552,-11121.465003756965
2023-07-19,2023,4911.T,-0.5569700827498408,-3476.6072565245063
2023-07-26,2023,2809.T,-0.9417808219178082,-8786.81506849315
2023-07-28,2023,7013.T,4.33628318584071,42272.5655262301
2023-08-01,2023,3064.T,1.7694063926940637,15358.447488584476
2023-08-01,2023,5938.T,-3.0,-27262.5
2023-08-02,2023,9433.T,-2.652963671128107,-22438.76673040153
2023-08-04,2023,8725.T,2.9079159935379693,28788.368048142213
2023-08-04,2023,3635.T,-2.307357422725294,-21319.982585981717
2023-08-07,2023,2229.T,3.516068052930057,27852.533081285444
2023-08-09,2023,3092.T,0.4494382022471875,4388.464375590977
2023-08-09,2023,5947.T,-1.59500693481276,-13855.02773925104
2023-08-10,2023,3626.T,-0.15128593040847202,-1017.8517397881998
2023-08-15,2023,5108.T,-1.2279765082754939,-10270.79551521623
2023-08-15,2023,8253.T,-3.0,-25692.0
2023-08-16,2023,1808.T,-0.37164093767867357,-3276.0148656375077
2023-08-17,2023,5332.T,0.4181913225300575,3214.2185049660216
2023-08-18,2023,7762.T,2.5,23512.5
2023-08-21,2023,4911.T,0.8833333333333334,5348.583333333334
2023-08-22,2023,9843.T,3.132832080200501,30291.353383458645
2023-08-25,2023,3038.T,1.6269284712482468,11694.361851332398
2023-08-30,2023,4911.T,0.35496957403651114,2108.874239350913
2023-08-31,2023,8200.T,0.9393680614859093,8788.727583262167
2023-09-04,2023,2433.T,2.563176895306859,24796.173285198554
2023-09-07,2023,6586.T,-1.7683239364428498,-14012.198872373141
2023-09-07,2023,9759.T,-1.0040160642570282,-9979.91967871486
2023-09-08,2023,6460.T,-1.5398230088495577,-13149.318584070797
2023-09-12,2023,4732.T,1.4486839420526423,14200.0
2023-09-12,2023,8267.T,2.0770519262981675,20663.20470682422
2023-09-13,2023,9759.T,1.900990099009901,14428.514851485148
2023-09-15,2023,9697.T,-3.0,-26203.5
2023-09-15,2023,4716.T,-0.42381432896064586,-4175.842583249244
2023-09-19,2023,9684.T,-3.2631379244925105,-28519.825174866284
2023-09-19,2023,9697.T,-3.0,-25375.5
2023-09-21,2023,6963.T,-3.0,-26223.75
2023-09-21,2023,9044.T,0.7452574525745257,6615.650406504065
2023-09-22,2023,7974.T,2.4214659685863875,14899.280104712043
2023-09-25,2023,6506.T,-3.0,-16533.0
2023-09-26,2023,6370.T,-3.138347260909935,-16881.16991643454
2023-09-27,2023,4967.T,-3.0,-20616.0
2023-09-27,2023,4568.T,3.5205992509363293,28199.999999999996
2023-09-28,2023,6465.T,-2.19115980355119,-11560.559123536077
2023-09-29,2023,9001.T,-3.0,-23208.0
2023-10-02,2023,2502.T,-3.521379805964787,-32807.52153083004
2023-10-03,2023,8031.T,-3.332709230481183,-26949.953192286088
2023-10-03,2023,8628.T,-4.176904176904177,-40950.36855036855
2023-10-05,2023,9434.T,1.2866546977857605,12666.021843207693
2023-10-05,2023,4507.T,3.820858127153153,32482.388233480786
2023-10-05,2023,4021.T,1.8199233716475096,11379.980842911878
2023-10-06,2023,2914.T,3.7939543491671808,36865.85441085749
2023-10-16,2023,2587.T,-1.5436241610738255,-13688.859060402685
2023-10-16,2023,3543.T,-3.0,-24957.0
2023-10-16,2023,9602.T,-3.0,-29994.0
2023-10-17,2023,8227.T,0.03438789546080769,330.9261773419109
2023-10-17,2023,9843.T,0.4464285714285714,4174.553571428572
2023-10-19,2023,6370.T,-3.0,-27006.0
2023-10-20,2023,3288.T,4.012738853503184,38121.01910828025
2023-10-20,2023,5333.T,-3.0,-27120.0
2023-10-23,2023,9041.T,-0.43373493975903615,-3594.7951807228915
2023-10-26,2023,4021.T,-1.1977030352748155,-7405.397867104184
2023-10-26,2023,6471.T,-0.4970178926441352,-4847.117296222664
2023-10-27,2023,6383.T,-1.1818910256410255,-11724.358974358973
2023-10-31,2023,7532.T,3.5751840168243914,34442.9652996845
2023-10-31,2023,4996.T,5.0,47385.0
2023-11-06,2023,3626.T,-3.0,-27468.0
2023-11-06,2023,2229.T,-3.0,-24147.0
2023-11-07,2023,4528.T,1.7624521072796935,13752.41379310345
2023-11-08,2023,9468.T,-3.0,-25177.5
2023-11-09,2023,7951.T,-1.575246132208158,-14996.343028658233
2023-11-10,2023,8316.T,3.3357400722021637,30799.99969199998
2023-11-10,2023,8309.T,1.9658276685651295,18883.249127319494
2023-11-14,2023,3591.T,-1.6227801592161666,-15953.551745254135
2023-11-15,2023,8593.T,0.14705882352940938,1395.4411764705656
2023-11-15,2023,9076.T,2.6848913839394677,21822.797168659992
2023-11-20,2023,8252.T,-3.0,-27132.0
2023-11-22,2023,8725.T,1.60962072155411,14532.192269109099
2023-11-22,2023,7272.T,3.4047226798462367,33257.330804164725
2023-11-29,2023,2503.T,0.3833253473885961,3219.932918064207
2023-11-30,2023,9008.T,1.4821898159215845,13793.258426966268
2023-12-01,2023,2502.T,-0.23679417122039678,-2152.853651816904
2023-12-04,2023,5333.T,-3.0,-26850.0
2023-12-05,2023,2809.T,1.1667672500502917,11597.666465499899
2023-12-06,2023,5021.T,3.851851851851852,31257.77777777778
2023-12-06,2023,8088.T,-3.219076005961252,-27092.54843517139
2023-12-08,2023,1802.T,0.5282405526208858,5231.694433157252
2023-12-08,2023,7550.T,0.4401650618982118,3208.803301237964
2023-12-11,2023,4967.T,0.7283763277693476,4781.062215477998
2023-12-13,2023,5901.T,-3.0,-27228.0
2023-12-13,2023,4042.T,-3.0,-27427.5
2023-12-14,2023,3197.T,-3.0,-25878.0
2023-12-15,2023,8473.T,0.6314390162844798,5724.626121635095
2023-12-15,2023,8616.T,-3.0,-29469.0
2023-12-19,2023,9434.T,-1.4925373134328326,-14764.70149253728
2023-12-19,2023,9433.T,-0.5859815190443994,-5187.108406581024
2023-12-20,2023,6902.T,-1.2616822429906542,-10852.990654205607
2023-12-22,2023,3405.T,0.4185559818625741,3598.7443320544126
2023-12-22,2023,5020.T,-0.25270758122743275,-2522.7292418772154
2023-12-26,2023,8331.T,0.09866798223976321,899.1119881598422
2023-12-28,2023,7276.T,3.2250633494586496,28038.7007601935
2023-12-29,2023,3197.T,4.693926929591096,38856.32712315509
2023-12-29,2023,2702.T,1.3266998341625207,8000.0
2024-01-04,2024,4704.T,3.919978372533117,29587.99675587997
2024-01-09,2024,8227.T,2.325581395348846,18145.348655755883
2024-01-11,2024,8098.T,1.7857142857142856,16446.42857142857
2024-01-15,2024,2222.T,-3.0430711610486894,-25939.138576779027
2024-01-16,2024,3349.T,5.0,37987.5
2024-01-18,2024,9143.T,0.297029702970297,2406.5346534653463
2024-01-18,2024,2222.T,4.052658750645328,39290.52658750646
2024-01-19,2024,4612.T,2.361489554950045,23187.46594005449
2024-01-23,2024,7956.T,1.5346069527090511,14598.715941121203
2024-01-23,2024,3038.T,-0.0259000259000259,-201.86480186480188
2024-01-29,2024,6594.T,-1.387900355871886,-11716.654804270464
2024-01-31,2024,9143.T,1.6078017923036374,15338.4290985767
2024-02-01,2024,7747.T,5.0,42472.5
2024-02-01,2024,3549.T,0.9520787051729609,9131.38686131387
2024-02-05,2024,4528.T,-0.6903353057199211,-5250.0
2024-02-05,2024,4307.T,0.4511992400854904,3780.1472334362384
2024-02-06,2024,3116.T,2.8688524590163933,26686.06557377049
2024-02-09,2024,9008.T,-0.5698005698005645,-5328.888888888839
2024-02-09,2024,6923.T,1.7323434228060157,13805.910908052541
2024-02-13,2024,4452.T,-3.0,-25317.0
2024-02-15,2024,3861.T,2.0773638968481416,20760.343839541594
2024-02-15,2024,1808.T,1.0176754151044456,9474.558114622389
2024-02-16,2024,9001.T,1.788532351394003,13542.76696475539
2024-02-20,2024,3197.T,-3.0,-26688.0
2024-02-21,2024,6923.T,0.05839984426708195,450.700798131205
2024-02-21,2024,4666.T,5.0,43125.0
2024-02-22,2024,9069.T,0.7490636704119851,7193.258426966293
2024-02-27,2024,9001.T,1.3238019592268997,10066.190097961346
2024-02-27,2024,7956.T,0.5932762030323006,5410.678971654582
2024-02-28,2024,4516.T,-0.08343763037129745,-811.6812682519816
2024-03-01,2024,8103.T,-2.5297619047619047,-23835.416666666664
2024-03-01,2024,8570.T,-1.7208413001912046,-15737.954110898661
2024-03-04,2024,4005.T,2.158751245433411,21535.48654931917
2024-03-06,2024,9147.T,-0.2098360655737629,-1606.7147380311549
2024-03-06,2024,3349.T,-2.240398293029872,-15671.586059743953
2024-03-07,2024,4528.T,0.4698672114402451,4568.049029622063
2024-03-11,2024,6981.T,1.6794711452563873,14558.495622654991
2024-03-11,2024,6971.T,-3.0,-25464.0
2024-03-12,2024,4503.T,-1.0866190624029806,-10418.503570319777
2024-03-14,2024,9008.T,2.731707317073168,26958.67317073168
2024-03-14,2024,3349.T,1.4250089063056643,10081.938012112576
2024-03-15,2024,2664.T,2.134959969500572,16812.809759817002
2024-03-19,2024,4661.T,0.9010812975570685,8992.791349619543
2024-03-19,2024,2802.T,0.6238532110091742,5116.844036697247
2024-03-22,2024,9104.T,0.8536064874093043,7959.026888604353
2024-03-27,2024,4927.T,1.0793871866295264,10763.109331476322
2024-03-27,2024,8113.T,0.45719035743973513,4364.33910847632
2024-03-28,2024,7956.T,0.44262853251617296,3868.1307456588356
2024-04-01,2024,4502.T,-3.0,-25104.0
2024-04-01,2024,5192.T,-3.0,-28020.0
2024-04-02,2024,4536.T,2.4822695035460995,24673.75886524823
2024-04-03,2024,8306.T,3.994629070157771,35819.83887210473
2024-04-04,2024,8267.T,0.4332755632582386,3994.222952547719
2024-04-05,2024,9022.T,0.273224043715847,2016.393442622951
2024-04-05,2024,7974.T,1.7426100425971345,13745.708016006196
2024-04-09,2024,4527.T,0.10238907849829351,902.6109215017066
2024-04-10,2024,4613.T,-0.7342491710090004,-6169.161534817622
2024-04-11,2024,2267.T,-0.738255033557047,-6612.181208053692
2024-04-12,2024,4661.T,-1.381331100879029,-13117.12013394726
2024-04-15,2024,3543.T,-3.0,-23724.0
2024-04-16,2024,8410.T,-1.167728237791936,-11599.044585987302
2024-04-17,2024,2379.T,3.84172109104879,29988.474836726855
2024-04-18,2024,9101.T,5.0,40430.0
2024-04-19,2024,9021.T,1.1928429423459244,10800.0
2024-04-19,2024,8473.T,3.4652114597544337,32174.48840381992
2024-04-23,2024,6758.T,1.632815611310235,12275.507765830345
2024-04-24,2024,9008.T,-3.0,-28454.399999999998
2024-04-24,2024,6869.T,0.3024193548387097,3009.677419354839
2024-04-26,2024,3407.T,4.312796208530806,41454.5971563981
2024-04-30,2024,7751.T,1.4709371293001186,12397.0581257414
2024-04-30,2024,3003.T,2.072714916751614,18188.07339449541
2024-05-01,2024,4503.T,2.9402048232573508,26708.820614469776
2024-05-07,2024,4768.T,1.02832097100472,9148.457518543491
2024-05-07,2024,9041.T,-1.7951959544879899,-14182.04804045512
2024-05-07,2024,9143.T,-3.0,-29268.0
2024-05-10,2024,9989.T,-1.3296011196641007,-11447.865640307908
2024-05-10,2024,9020.T,1.4570685169124025,12530.060711188205
2024-05-13,2024,4528.T,5.331570830579422,48911.83079973562
2024-05-15,2024,7267.T,-3.0,-26190.0
2024-05-15,2024,3088.T,5.0,44580.0
2024-05-15,2024,3391.T,-3.0,-29289.0
2024-05-17,2024,9005.T,3.3185840707964607,30199.11504424779
2024-05-20,2024,6178.T,-0.27586206896551724,-2404.137931034483
2024-05-20,2024,9042.T,1.4676616915422884,11764.776119402984
2024-05-23,2024,2267.T,-1.856267029972752,-16344.431198910082
2024-05-24,2024,4507.T,2.3102792805965766,21186.80097738966
2024-05-24,2024,9531.T,5.0,33380.0
2024-05-28,2024,5214.T,-0.4159733777038269,-3007.487520798669
2024-05-29,2024,9143.T,5.0,45885.0
2024-05-30,2024,5423.T,1.7263427109974423,16334.6547314578
2024-05-31,2024,3197.T,3.625730994152047,30992.748538011696
2024-06-03,2024,9009.T,0.827319133955285,7782.315242249561
2024-06-04,2024,9020.T,0.21865889212827988,1809.8396501457728
2024-06-04,2024,6702.T,5.0,45830.0
2024-06-05,2024,7203.T,-0.9538461538461539,-9437.353846153846
2024-06-06,2024,6965.T,-3.0,-29184.0
2024-06-07,2024,3397.T,0.24861878453038672,1799.9999999999998
2024-06-07,2024,4768.T,0.6576670128071997,5651.661474558671
2024-06-10,2024,2702.T,0.0,0.0
2024-06-13,2024,2593.T,-3.0,-21312.0
2024-06-14,2024,9602.T,1.0506003430531807,9781.089193825113
2024-06-14,2024,6465.T,-3.0,-15723.0
2024-06-18,2024,9433.T,-0.24009603841536614,-2004.8019207683074
2024-06-18,2024,4188.T,3.0788177339901477,29733.99014778325
2024-06-19,2024,9005.T,-0.5964214711729622,-5258.946322067594
2024-06-20,2024,4502.T,2.247191011235955,18080.898876404495
2024-06-21,2024,7735.T,3.0657940062004823,22656.217705821564
2024-06-25,2024,7182.T,1.9328585961342828,17007.222787385555
2024-06-25,2024,6902.T,1.8971848225214198,18459.608323133416
2024-06-26,2024,4205.T,-3.0,-28843.5
2024-06-27,2024,8058.T,4.256,40027.68
2024-06-28,2024,2914.T,0.9567198177676537,8361.731207289293
2024-07-01,2024,7735.T,5.0,36250.0
2024-07-02,2024,7259.T,3.791737408036222,33373.608419329394
2024-07-03,2024,9021.T,-0.39075773020727145,-3448.2415902140674
2024-07-04,2024,2875.T,3.4916940006348534,33122.20929002222
2024-07-05,2024,5108.T,-3.0,-28489.5
2024-07-08,2024,2670.T,-3.0,-25002.0
2024-07-09,2024,4183.T,1.9589767227471768,16886.379350080664
2024-07-10,2024,6506.T,-3.0,-17400.0
2024-07-11,2024,8227.T,-1.3570229434806913,-12837.43691695297
2024-07-12,2024,6674.T,-0.1371742112482853,-1214.1975308641972
2024-07-16,2024,3543.T,0.9125475285171103,7164.410646387833
2024-07-17,2024,8267.T,0.15165301789505836,1499.9999850000222
2024-07-18,2024,9531.T,1.2282804074295985,8354.76333133613
2024-07-19,2024,7267.T,0.45004500450045004,4495.949594959496
2024-07-22,2024,6370.T,-2.3368740515933233,-15570.591805766313
2024-07-23,2024,3091.T,-0.723589001447178,-6250.0
2024-07-24,2024,6951.T,-4.501406689590497,-29137.60550171929
2024-07-26,2024,4183.T,2.0975724723073297,17795.804855055387
2024-07-26,2024,9503.T,1.1027963765261914,8471.13036628594
2024-07-26,2024,8227.T,0.4372355430183306,4131.584349845368
2024-07-31,2024,5019.T,-3.0,-29568.0
2024-07-31,2024,8001.T,2.2867656722302505,20803.164673413037
2024-08-01,2024,2502.T,-3.0,-27774.99972225
2024-08-01,2024,4612.T,-3.0,-28734.0
2024-08-02,2024,4021.T,-3.9735099337748347,-37509.93377483444
2024-08-02,2024,1605.T,-12.790697674418606,-115653.48837209304
2024-08-05,2024,4528.T,5.019212295869356,43155.187319884724
2024-08-07,2024,9433.T,5.0,43590.0
2024-08-07,2024,3197.T,0.3779289493575208,3774.5653817082393
2024-08-08,2024,4502.T,3.125,25600.0
2024-08-08,2024,4528.T,-0.5445075757575758,-4601.089015151516
2024-08-29,2024,1333.T,0.9286898839137646,8399.999916
2024-09-02,2024,6594.T,-3.0,-26757.0
2024-09-02,2024,8273.T,5.0,48854.999511450005
2024-09-03,2024,8200.T,-2.117863720073665,-18408.471454880295
2024-09-05,2024,1333.T,-1.0779436152570414,-9756.467564126806
2024-09-06,2024,5021.T,-4.25531914893617,-31748.936170212764
2024-09-06,2024,2593.T,2.7258805513016844,26700.0
2024-09-11,2024,8802.T,-3.0,-27900.0
2024-09-11,2024,6113.T,2.8437724982001438,24664.03887688985
2024-09-11,2024,6594.T,-1.2980178915979654,-11086.370812138224
2024-09-12,2024,9432.T,0.2702702702702741,2701.7297297297678
2024-09-18,2024,4507.T,1.0498276402381597,8895.539449329277
2024-09-18,2024,4503.T,2.4174528301886795,20415.3891509434
2024-09-19,2024,9502.T,0.46565774155995343,3982.5378346915013
2024-09-25,2024,7313.T,0.45377197958026094,4007.941009642655
2024-09-25,2024,9531.T,3.0068472759749927,20169.93152724025
2024-09-30,2024,7459.T,2.7254509018036073,20690.26052104208
2024-10-01,2024,1605.T,5.263157894736842,51000.0
2024-10-02,2024,7616.T,0.8284023668639053,7024.8520710059165
2024-10-10,2024,9989.T,-0.14756517461878996,-1207.3782587309395
2024-10-11,2024,8020.T,2.35191637630662,21656.44599303136
2024-10-15,2024,2587.T,-0.5094339622641509,-2674.0188679245284
2024-10-16,2024,6136.T,1.786711334450028,15977.666108319374
2024-10-18,2024,6471.T,-1.1821677823671939,-11573.659022931299
2024-10-21,2024,8020.T,-1.198117244330338,-11204.79246897732
2024-10-23,2024,2914.T,-0.36549707602339176,-2989.0350877192977
2024-10-25,2024,4732.T,0.865460267505901,7684.854445318647
2024-10-25,2024,2702.T,0.3105590062111801,1987.5776397515526
2024-10-29,2024,3038.T,-3.0,-22812.0
2024-10-30,2024,7733.T,-0.5783582089552238,-4650.0
2024-10-30,2024,5401.T,0.09836065573770865,960.0000000000364
2024-10-31,2024,5947.T,1.5816174276335422,10596.836765144733
2024-11-05,2024,8053.T,3.3125,31690.6875
2024-11-05,2024,9301.T,2.120424084816968,19322.36447289462
2024-11-06,2024,9202.T,-1.4813523875914953,-12736.667828511678
2024-11-07,2024,9041.T,2.166377816291161,14926.3431542461
2024-11-08,2024,2670.T,1.3235047746691238,11836.103199865975
2024-11-11,2024,4901.T,-3.0,-21312.0
2024-11-12,2024,2503.T,-1.4385150812064964,-12302.180974477957
2024-11-13,2024,5901.T,0.7673211464680658,6780.04965019183
2024-11-14,2024,4208.T,-0.06493506493506493,-599.4805194805194
2024-11-15,2024,9143.T,-1.4256619144602851,-12565.784114052953
2024-11-18,2024,8795.T,-3.0,-29670.0
2024-11-19,2024,6113.T,0.657439446366782,5735.501730103806
2024-11-20,2024,4194.T,6.0386791211682675,46026.81226154453
2024-11-22,2024,3349.T,5.0,33600.0
2024-11-22,2024,2502.T,0.375,3625.875
2024-11-25,2024,8267.T,-2.430267881800613,-23382.41714627346
2024-11-26,2024,9989.T,2.2879464285714284,16244.419642857141
2024-11-27,2024,8001.T,-0.5789686279790046,-5175.979534132301
2024-11-28,2024,2809.T,3.202846975088968,21869.039145907474
2024-11-29,2024,6902.T,2.2093023255813953,19145.81395348837
2024-12-02,2024,9023.T,-0.2694610778443114,-2683.8323353293413
2024-12-03,2024,6954.T,1.1689961880559085,9188.310038119442
2024-12-04,2024,3191.T,0.22002200220022,1988.9988998899887
2024-12-05,2024,4063.T,0.34576888080072793,1927.3157415832575
2024-12-06,2024,8058.T,0.9343975082733113,7181.77924858867
2024-12-09,2024,6460.T,-0.7748934521503293,-5988.376598217746
2024-12-11,2024,7912.T,-0.39955604883462825,-3578.4239733629306
2024-12-12,2024,3003.T,-1.5596663039535728,-15022.705839680812
2024-12-16,2024,9706.T,-1.2395041983206718,-6200.000000000001
2024-12-16,2024,6869.T,0.6147540983606558,5386.168032786885
2024-12-17,2024,3003.T,-0.29728725380899296,-2823.9316239316236
2024-12-19,2024,8697.T,0.6779661016949152,6089.830508474576
2024-12-19,2024,6902.T,1.17359413202934,9780.73349633252
2024-12-20,2024,6332.T,2.8368794326241136,27900.709219858152
2024-12-24,2024,8058.T,1.7892644135188867,13483.896620278329
2024-12-24,2024,6326.T,1.4884233737596473,13563.257993384786
2024-12-25,2024,4516.T,-0.07481296758104738,-595.8104738154614
2024-12-27,2024,2809.T,-1.7820017820017822,-11896.643896643898
2024-12-27,2024,9023.T,2.77602523659306,26291.73501577287
2024-12-30,2024,2914.T,-1.9564685742235264,-15996.087062851551
2025-01-07,2025,4676.T,-3.0205278592375366,-25848.167155425217
2025-01-07,2025,2685.T,-3.1746031746031744,-21904.761904761905
2025-01-08,2025,2502.T,1.5812776723592663,15156.546489563565
2025-01-09,2025,8697.T,-3.0,-26025.0
2025-01-10,2025,8591.T,-0.7732755954222085,-7483.761212496134
2025-01-14,2025,8002.T,0.5595344673231871,4997.761862130707
2025-01-15,2025,9433.T,-0.6393070736234274,-6146.298205815631
2025-01-16,2025,4063.T,0.2720031086069555,1387.4878570040798
2025-01-17,2025,4519.T,0.1371742112482853,907.8189300411522
2025-01-20,2025,5334.T,5.0,47030.0
2025-01-21,2025,8804.T,-0.6945906125026311,-6619.448537150074
2025-01-22,2025,2282.T,1.597051597051597,15647.911547911548
2025-01-24,2025,7476.T,1.974471479856402,19610.450737933785
2025-01-28,2025,6752.T,5.0,45585.0
2025-01-29,2025,4004.T,2.1236559139784945,15689.569892473117
2025-01-30,2025,6503.T,-0.1960015680125441,-1515.2881223049783
2025-02-03,2025,8697.T,5.0,49515.0
2025-02-03,2025,2002.T,-3.0,-26235.0
2025-02-04,2025,3116.T,1.0064516129032257,9692.129032258064
2025-02-06,2025,8591.T,-2.168525402726146,-20882.899628252788
2025-02-06,2025,5332.T,-1.0054347826086956,-7371.847826086956
2025-02-10,2025,9433.T,3.014148041828993,29381.915111749026
2025-02-12,2025,7202.T,-3.0,-24144.0
2025-02-12,2025,5201.T,1.0185185185185186,8714.444444444445
2025-02-13,2025,5844.T,0.3258845437616387,2814.338919925512
2025-02-14,2025,8591.T,-2.630744849445325,-24884.215530903333
2025-02-17,2025,6481.T,3.3936022253129345,24325.340751043113
2025-02-18,2025,4543.T,-3.0,-25303.5
2025-02-18,2025,1605.T,1.6029922522041145,14919.850387389795
2025-02-19,2025,7912.T,1.5207373271889402,13200.0
2025-02-21,2025,9024.T,-1.065203357004519,-9900.0
2025-02-21,2025,8031.T,5.0,40807.5
2025-02-25,2025,4114.T,1.4072847682119205,12873.137417218542
2025-02-26,2025,8439.T,2.8909787530477185,24787.251828631135
2025-02-27,2025,8031.T,1.0108175208370278,8499.964532718568
2025-02-28,2025,2702.T,1.4109347442680775,8084.656084656084
2025-03-03,2025,8591.T,1.2222579607590867,11322.99774847218
2025-03-04,2025,6326.T,2.9395604395604393,26874.931318681312
2025-03-05,2025,4540.T,-1.1499647969960103,-9820.699366345927
2025-03-06,2025,9301.T,5.49738219895288,50960.732984293194
2025-03-07,2025,2670.T,-3.0,-25785.0
2025-03-10,2025,1928.T,-3.0,-20310.0
2025-03-11,2025,8227.T,2.180722891566271,18348.60222615258
2025-03-12,2025,6178.T,0.9711880867594691,9017.48138556167
2025-03-13,2025,4661.T,-0.38314176245210724,-3582.7586206896544
2025-03-14,2025,8354.T,4.27863292460214,33090.947038872946
2025-03-17,2025,6178.T,1.9884541372674793,18605.965362411804
2025-03-24,2025,2678.T,3.6432160804020097,34668.84422110552
2025-03-25,2025,7278.T,-0.21551724137931033,-2021.551724137931
2025-03-25,2025,9706.T,-0.4629629629629629,-3971.2962962962956
2025-03-31,2025,8697.T,2.7649769585253456,26211.98156682028
2025-03-31,2025,5991.T,1.0258004351880634,10136.959900528442
2025-03-31,2025,8219.T,-0.34431874077718505,-3318.08489877529
2025-04-03,2025,9433.T,5.0,46540.0
2025-04-03,2025,4208.T,-3.738095238095238,-32805.52380952381
2025-04-03,2025,4768.T,-3.35336918696615,-32142.043657070546
2025-04-07,2025,4519.T,-3.0,-19962.0
2025-04-07,2025,1812.T,5.0,44947.5
2025-04-08,2025,2503.T,3.842364532019704,30931.03448275862
2025-04-08,2025,2212.T,3.6455513445226497,30365.61992420141
2025-04-09,2025,9434.T,3.7586547972304762,37387.339268051546
2025-04-09,2025,2897.T,3.542051368138325,31878.462313244923
2025-04-14,2025,2670.T,1.6553067185978578,12685.443037974683
2025-05-01,2025,9003.T,1.522140221402214,13224.354243542435
2025-05-02,2025,2327.T,5.0,33680.0
2025-05-07,2025,9505.T,-3.0,-29129.1
2025-05-08,2025,4151.T,5.0,41830.0
2025-05-13,2025,2269.T,-3.0,-29124.0
2025-05-13,2025,4912.T,-0.8155583437892095,-7792.659974905897
2025-05-14,2025,4502.T,0.7411067193675889,6096.343873517786
2025-05-16,2025,4613.T,-1.6953257447323806,-14010.171954468393
2025-05-16,2025,7701.T,-3.0,-20814.0
2025-05-19,2025,9076.T,0.683371298405467,6016.400911161731
2025-05-20,2025,2002.T,-1.566951566951567,-13761.752136752137
2025-05-22,2025,2503.T,0.6067961165048543,5013.349514563107
2025-05-22,2025,9005.T,0.3821281599059377,3267.195767195767
2025-06-02,2025,1419.T,-2.2535211267605635,-16090.140845070424
2025-06-03,2025,9433.T,-1.6115871073031414,-15829.008567931454
2025-06-03,2025,6724.T,-0.4880694143167028,-4535.385032537962
2025-06-05,2025,1878.T,1.2907389480477574,12038.72216844143
2025-06-06,2025,8113.T,0.6140350877192983,5619.649122807018
2025-06-09,2025,2914.T,1.1491611123879568,9951.735233279705
2025-06-11,2025,7550.T,-0.9904714142427282,-7903.961885656971
2025-06-12,2025,7202.T,-1.6362148895554949,-15134.987728388327
2025-06-12,2025,9502.T,2.4157470921562783,20177.527587235312
2025-06-16,2025,4063.T,1.3910702266098272,12336.010769575947
2025-06-17,2025,9202.T,0.8889695210449928,7333.998548621191
2025-06-17,2025,6465.T,-1.0485436893203883,-5420.9708737864075
2025-06-20,2025,5401.T,-3.0,-29872.800000000003
2025-06-23,2025,6305.T,0.3792367859682389,3171.1780042664136
2025-06-23,2025,9107.T,-0.07425742574257425,-600.8910891089108
2025-06-24,2025,8058.T,0.8837044892188053,7444.326617179216
2025-06-26,2025,8001.T,2.5226213326021356,22098.16287359471
2025-06-26,2025,4613.T,1.4102564102564104,13774.679487179486
2025-06-27,2025,8795.T,0.6635071090047393,6264.170616113744
2025-06-27,2025,2222.T,-3.0,-25302.0
2025-07-01,2025,5110.T,2.6211520877781167,25800.000000000004
2025-07-02,2025,4543.T,-3.2446085098115405,-25327.414027588886
2025-07-02,2025,4516.T,-0.4132231404958678,-3893.8016528925623
2025-07-03,2025,4901.T,-0.5909389363099147,-5405.318450426789
2025-07-04,2025,8697.T,-1.2991339107261826,-11653.231179213857
2025-07-07,2025,7203.T,-0.5,-4969.0
2025-07-08,2025,2871.T,-2.127659574468085,-19643.617021276594
2025-07-09,2025,2678.T,3.3499643620812543,32712.401995723445
2025-07-10,2025,2587.T,-0.26666666666666666,-2413.866666666667
2025-07-11,2025,4324.T,-3.0,-26662.5
2025-07-14,2025,3626.T,0.461335676625659,4222.144112478031
2025-07-16,2025,4385.T,-1.4724180837826628,-14303.069265864786
2025-07-16,2025,4516.T,2.947996025173899,26646.936071546872
2025-07-17,2025,3626.T,1.1706048124864512,10706.351615001082
2025-07-18,2025,8804.T,-3.0,-22675.5
2025-07-22,2025,3382.T,3.905447070914697,37746.14594039055
2025-07-23,2025,8830.T,2.6820636990128515,21422.983795865155
2025-07-24,2025,2267.T,-1.2459267778416714,-9729.442208165612
2025-07-25,2025,4704.T,-3.0,-28230.0
2025-07-28,2025,7751.T,5.0,40400.0
2025-07-29,2025,4063.T,-0.6555153707052441,-5873.4177215189875
2025-07-29,2025,4684.T,1.6885553470919326,9052.345215759851
2025-07-31,2025,7956.T,1.4609421586165774,12220.781156827668
2025-08-01,2025,3038.T,0.29666254635352285,2411.8665018541406
2025-08-01,2025,2501.T,-1.0898796886058097,-10694.55343241337
2025-08-05,2025,8253.T,3.914959813326419,30098.21104485351
2025-08-06,2025,7951.T,-0.30339805825242716,-2984.2233009708734
2025-08-06,2025,2222.T,1.9736842105263157,18799.342105263157
2025-08-12,2025,8113.T,0.1803245842516484,1638.3390102183514
2025-08-12,2025,7951.T,-2.6262626262626263,-25889.696969696968
2025-08-12,2025,8282.T,1.6615801966768398,14754.832146490337
2025-08-18,2025,6707.T,5.0,41650.0
2025-08-18,2025,7951.T,5.0,47775.0
2025-08-19,2025,6750.T,5.0,44675.0
2025-08-20,2025,6544.T,0.0,0.0
2025-08-21,2025,6005.T,0.31534688156972673,2698.107918710582
2025-08-25,2025,4684.T,-1.4018691588785046,-7514.018691588784
2025-08-27,2025,9735.T,0.36845983787767134,2008.106116433309
2025-08-28,2025,4528.T,4.99383477188656,48240.44389642417
2025-09-01,2025,9021.T,1.6388467374810318,16200.0
2025-09-03,2025,7729.T,3.9724310776942358,31870.814536340855
2025-09-04,2025,6544.T,5.0,46250.0
2025-09-05,2025,7011.T,5.8474576271186445,41388.30508474576
2025-09-08,2025,7832.T,0.099601593625498,498.3067729083665
2025-09-09,2025,6754.T,1.1887503624238909,10199.478109596985
2025-09-10,2025,6098.T,1.3261648745519712,11176.917562724013
2025-09-11,2025,7012.T,3.009666080843583,27216.41036906852
2025-09-12,2025,4151.T,-3.0,-29784.0
2025-09-18,2025,4816.T,-3.0,-27585.0
2025-09-18,2025,5929.T,-1.4935354436023183,-13397.012929112794
2025-09-19,2025,8795.T,-3.0,-22200.0
2025-09-22,2025,9201.T,0.3246753246753247,2998.051948051948
2025-09-24,2025,4452.T,-0.26013771996939555,-2554.292272379495
2025-09-25,2025,9107.T,-3.0,-26664.0
2025-09-26,2025,4568.T,-0.8968609865470852,-6125.560538116592
2025-09-29,2025,4543.T,0.51440329218107,5036.008230452675
2025-09-30,2025,4519.T,5.0,31595.0
2025-10-01,2025,2502.T,-3.651685393258427,-32417.837078651686
2025-10-02,2025,4188.T,0.3208556149732674,2971.764705882403
2025-10-02,2025,9843.T,-3.0,-24462.0
2025-10-03,2025,4502.T,2.2508792497069168,19344.056271981244
2025-10-06,2025,4751.T,-3.0,-25132.5
2025-10-07,2025,3549.T,-0.16216216216216214,-1209.081081081081
2025-10-08,2025,8308.T,1.6666666666666667,14575.0
2025-10-08,2025,8056.T,-0.18357810413885178,-1104.0387182910547
2025-10-09,2025,4536.T,-3.0,-28413.0
2025-10-10,2025,2269.T,-0.4680708793045804,-4222.46740220662
2025-10-14,2025,5021.T,0.6065857885615251,4229.116117850953
2025-10-15,2025,9532.T,0.6802721088435374,5600.0
2025-10-16,2025,9434.T,1.0208816705336374,10096.519721577675
2025-10-17,2025,5108.T,3.1719276739197055,31221.28409439166
2025-10-21,2025,3086.T,0.4793028322440087,4407.668845315904
2025-10-21,2025,5423.T,-0.2888086642599278,-2800.0
2025-10-22,2025,4151.T,1.2082601054481545,11031.414762741651
2025-10-24,2025,3659.T,0.32733224222585927,3068.7397708674307
2025-10-28,2025,8424.T,-1.0980966325036603,-9063.689604685213
2025-10-29,2025,4063.T,-0.38519152578643273,-3599.2296169484275
2025-10-29,2025,8227.T,2.4518388791593666,23795.096084290693
2025-10-31,2025,9147.T,1.1066707654472794,10763.47986474024
2025-11-04,2025,8725.T,0.6305170239596469,6026.481715006305
2025-11-04,2025,8750.T,1.1563367252543941,11291.62812210916
2025-11-06,2025,5332.T,2.4581589958158996,18790.167364016736
2025-11-07,2025,8766.T,0.22452504317789293,1315.7167530224526
2025-11-07,2025,8725.T,1.5108593012275733,14467.988668555241
2025-11-11,2025,9072.T,5.0,49800.0
2025-11-12,2025,8113.T,-0.811316829623461,-7734.283336800453
2025-11-12,2025,4613.T,-0.44482101249735223,-4220.461766574878
2025-11-17,2025,2201.T,3.3783783783783785,26209.45945945946
2025-11-17,2025,4543.T,-1.246830092983939,-11839.898562975486
2025-11-17,2025,3405.T,-3.0,-28656.0
2025-11-20,2025,7965.T,1.8450184501845017,17977.859778597784
2025-11-20,2025,9602.T,2.7958679541881852,25000.651246350753
2025-11-21,2025,6465.T,5.0,49610.0
2025-11-25,2025,8766.T,-0.5597688696280245,-3101.679306608884
2025-11-26,2025,4452.T,-1.065496709495456,-10201.598245064244
2025-11-26,2025,9042.T,-1.1097099621689785,-8793.341740226986
2025-12-09,2025,6417.T,-0.7229386479093396,-5556.506447831184
2025-12-09,2025,4704.T,-3.0,-21333.0
2025-12-11,2025,9684.T,1.2561924982307147,10804.511677282377
2025-12-11,2025,9706.T,4.134799235181644,34624.80879541109
2025-12-12,2025,6758.T,-0.7073170731707318,-5800.000000000001
2025-12-16,2025,9697.T,-3.0,-21606.0
2025-12-16,2025,9684.T,0.3668122270742358,3148.899563318777
2025-12-17,2025,5401.T,2.098019469620678,19973.14535078886
2025-12-18,2025,6141.T,3.8658777120315584,29475.384615384617
2025-12-22,2025,6770.T,0.690537084398977,6686.125319693095
2025-12-23,2025,8697.T,0.53475935828877,5347.058823529411
2025-12-23,2025,8111.T,-3.0,-23670.0
2025-12-25,2025,6460.T,-0.5258899676375405,-5153.721682847897
2025-12-26,2025,8227.T,1.590457256461229,10624.254366918463
2025-12-29,2025,7453.T,-3.0,-25785.0
2025-12-30,2025,7701.T,1.0233222275107092,8561.113755354594
2026-01-05,2026,2914.T,-0.5852101436424898,-3300.5852101436426
2026-01-05,2026,8179.T,1.2139605462822458,11200.0
2026-01-08,2026,7453.T,0.32056990204808544,2697.5957257346386
2026-01-09,2026,6758.T,-0.31088082901554404,-2443.523316062176
2026-01-13,2026,9502.T,-2.0013492241960873,-17820.01349224196
2026-01-14,2026,9064.T,-1.9185220274751305,-16280.577925153957
2026-01-15,2026,3038.T,2.185792349726776,15982.513661202187
2026-01-16,2026,2222.T,2.1552915169936444,19343.74136501796
2026-01-19,2026,9433.T,2.272727272727273,18054.545454545456
2026-01-20,2026,4568.T,-3.196066379840197,-31353.41118623233
2026-01-21,2026,6770.T,2.746406570841889,26791.196098562632
2026-01-23,2026,7550.T,-1.8870122306348283,-16207.54804892254
2026-01-23,2026,3088.T,-0.03968253968253968,-298.2142857142857
2026-01-29,2026,3387.T,2.0746887966804977,19607.88381742738
2026-01-30,2026,1928.T,1.3650885855358699,9337.20592506535
2026-01-30,2026,4151.T,-7.764658795277166,-77398.11887132279
2026-02-03,2026,4661.T,-3.0,-24835.5
2026-02-04,2026,8697.T,-3.0,-25050.0
2026-02-04,2026,5334.T,-3.0,-19935.0
2026-02-06,2026,4768.T,3.4779728386883075,31531.301755548197
2026-02-06,2026,8697.T,5.0,49065.0
2026-02-09,2026,9432.T,0.26143790849673576,2591.503267973894
2026-02-10,2026,8111.T,-1.7677782241864202,-17596.464443551627
2026-02-16,2026,9020.T,1.3742071881606766,10471.458773784356
2026-02-16,2026,2587.T,1.6424116424116426,15921.538461538463
2026-02-17,2026,4527.T,-1.2653061224489797,-12445.551020408164
2026-02-19,2026,9887.T,1.8302828618968388,11000.0
2026-02-24,2026,9142.T,1.5897435897435899,12377.74358974359
2026-02-27,2026,8125.T,-0.845771144278607,-6779.701492537314
2026-02-27,2026,3387.T,-3.0,-28899.0
2026-03-02,2026,9759.T,-3.0,-25663.5
2026-03-04,2026,9202.T,0.4269293924466338,3989.655172413793
2026-03-04,2026,4202.T,-3.0,-27351.0
2026-03-05,2026,9989.T,-3.0,-24240.0
2026-03-05,2026,3038.T,5.0,36000.0
2026-03-09,2026,1928.T,5.0,35680.0
2026-03-09,2026,1925.T,5.391099784356008,28739.95295040188
2026-03-11,2026,4568.T,-0.966268446943078,-8250.0
2026-03-13,2026,2871.T,1.3090349075975358,12848.177618069814
2026-03-16,2026,2664.T,3.5788024776324847,31382.51892635926
2026-03-18,2026,3038.T,-1.16991643454039,-8463.175487465182
2026-03-24,2026,2811.T,1.0480664980122878,8615.106613661006
2026-03-31,2026,9936.T,0.3236245954692557,2975.728155339806
2026-04-01,2026,9007.T,2.084592145015106,20574.924471299095
2026-04-02,2026,9022.T,-2.857142857142857,-23954.285714285714
2026-04-03,2026,3038.T,-3.0,-20286.0
2026-04-06,2026,9404.T,2.875605815831987,26743.13408723748
2026-04-10,2026,4626.T,-0.7299270072992701,-7001.459854014599
2026-04-13,2026,2212.T,1.8769230769230771,18395.723076923077
2026-04-13,2026,3092.T,1.4200641319285385,14001.122308749424
2026-04-15,2026,5938.T,0.27932960893854747,2694.9720670391057
2026-04-16,2026,9021.T,0.7241606319947334,6658.6570111915735
2026-04-16,2026,1808.T,2.210144927536232,18280.108695652172
2026-04-20,2026,5947.T,-1.707726763717805,-12094.120940649496
2026-04-21,2026,6465.T,0.3544004725339634,1799.6455995274662
2026-04-22,2026,9005.T,-3.0,-26505.0
2026-04-23,2026,8331.T,0.7678969531830567,6279.861283131038
2026-04-24,2026,2502.T,-3.0,-28224.0
2026-04-24,2026,9042.T,1.8398025577742876,16433.116446039938
2026-04-28,2026,7752.T,-0.4973221117061974,-4522.149961744452
2026-04-30,2026,3231.T,1.4471057884231537,13050.000000000002
2026-04-30,2026,2593.T,-3.0,-26433.0
2026-05-01,2026,2503.T,1.0728744939271255,10640.76923076923
2026-05-07,2026,4452.T,-0.1360775642116006,-1196.5300221126042
2026-05-08,2026,2579.T,-3.0,-20256.0
2026-05-11,2026,5445.T,0.05339028296849973,495.19487453283494
2026-05-11,2026,9503.T,-1.762854144805876,-16983.33683105981
2026-05-12,2026,9432.T,0.5376344086021391,5345.591397849348
2026-05-14,2026,9143.T,1.5162200282087448,14975.705218617773
2026-05-14,2026,2212.T,0.6472491909385114,6005.825242718447
2026-05-15,2026,2201.T,5.0,49500.0
2026-05-19,2026,4922.T,-1.9917324314167606,-10548.214956783164
2026-05-19,2026,9364.T,0.060753341433778855,595.6257594167679
2026-05-20,2026,3861.T,-3.0,-29343.600000000002
2026-05-22,2026,4502.T,-3.0,-15540.0
2026-05-22,2026,9005.T,-1.6564417177914113,-16334.171779141107
2026-05-22,2026,2331.T,0.920648838228847,8469.969311705392
2026-05-28,2026,3397.T,0.26624068157614483,1990.947816826411
2026-05-29,2026,1719.T,-3.0,-26505.0
2026-06-02,2026,3382.T,0.48913043478260876,4485.326086956522
2026-06-03,2026,5021.T,-3.0,-22302.0
2026-06-04,2026,2212.T,3.068294292312768,27817.156054107556
2026-06-05,2026,2897.T,1.7354415734670268,13434.920940994989
2026-06-08,2026,1928.T,2.660068048252397,25560.593875657283
2026-06-10,2026,9023.T,-0.7363770250368188,-6974.22680412371
2026-06-11,2026,9301.T,3.4310221586847747,33876.19728377412
2026-06-15,2026,9022.T,-3.0,-20190.0
2026-06-15,2026,1951.T,5.0,40500.0
2026-06-22,2026,3397.T,2.3529411764705883,16795.29411764706
2026-06-23,2026,9008.T,1.5586206896551662,14661.63310344822
2026-06-26,2026,3659.T,0.8697696285848613,7424.353549600376
2026-06-29,2026,8058.T,-3.0,-26418.0
2026-07-01,2026,7270.T,4.034102724059055,38566.022042004566
2026-07-06,2026,9503.T,0.10917030567685589,993.6681222707423
2026-07-06,2026,8282.T,2.5442477876106198,23019.08185840708
2026-07-10,2026,4519.T,-1.523187814497484,-11209.139126886985
2026-07-13,2026,9532.T,-0.14814814814814814,-794.5185185185185
2026-07-17,2026,6465.T,1.137009664582149,6000.0
2026-07-22,2026,1721.T,1.9938056523422378,10361.80797522261
2026-07-30,2026,4042.T,0.6701414743112435,5455.286671630677
2026-07-31,2026,4536.T,-3.1578947368421053,-30576.315789473687
2026-08-03,2026,2127.T,-0.3449898071193422,-3299.482515289389
2026-08-04,2026,3231.T,-0.4856512141280328,-4807.947019867524
2026-08-05,2026,9065.T,-3.0,-26388.0
2026-08-12,2026,1951.T,1.9163763066202089,14838.501742160277
2026-08-13,2026,8801.T,-1.1596180081855387,-10099.113233287857
2026-08-13,2026,3288.T,-0.18279307823543747,-1513.1611016329514
2026-08-18,2026,1861.T,-3.0,-27573.0
2026-08-21,2026,3288.T,-1.3558486379884136,-11000.0
2026-08-21,2026,8591.T,4.528050607624438,27263.392708506744
2026-08-26,2026,8060.T,1.821286283437678,12800.0
2026-08-31,2026,3387.T,3.351206434316354,32674.262734584452
2026-08-31,2026,9842.T,0.9294696555494806,8523.236741388737
2026-08-31,2026,2685.T,-3.0,-20400.0
