clock,h,m,k,side,n,gross,net,t,t1,t2,wy,ny,roll
ロンドン,0,0,15,買,2785,0.0019567985424003326,-0.0030432014575996675,1.1899514936938942,0.6075013071437624,1.0231823108090499,6,11,True
ロンドン,0,0,15,売,2785,-0.0019567985424003326,-0.006956798542400333,-1.1899514936938942,-0.6075013071437624,-1.0231823108090499,5,11,True
ロンドン,0,15,15,買,2785,0.0010634174954745673,-0.003936582504525433,0.7871255795737416,0.40783963501147824,0.6788287272385617,8,11,True
ロンドン,0,15,15,売,2785,-0.0010634174954745673,-0.006063417495474567,-0.7871255795737416,-0.40783963501147824,-0.6788287272385617,3,11,True
ロンドン,0,30,15,買,2785,0.0019303363930939005,-0.0030696636069060994,1.348488088946281,1.2513616038964506,0.7545596908539578,8,11,True
ロンドン,0,30,15,売,2785,-0.0019303363930939005,-0.006930336393093901,-1.348488088946281,-1.2513616038964506,-0.7545596908539578,3,11,True
ロンドン,0,45,15,買,2784,0.0008134409111470593,-0.004186559088852941,0.6062161199892286,0.05833901229072834,0.7190469797587516,7,11,True
ロンドン,0,45,15,売,2784,-0.0008134409111470593,-0.005813440911147059,-0.6062161199892286,-0.05833901229072834,-0.7190469797587516,4,11,True
ロンドン,1,0,15,買,2785,-0.0028613467037960603,-0.007861346703796061,-1.0914100663702002,-0.4614227403068543,-1.005959281046398,4,11,True
ロンドン,1,0,15,売,2785,0.0028613467037960603,-0.0021386532962039398,1.0914100663702002,0.4614227403068543,1.005959281046398,7,11,True
ロンドン,1,15,15,買,2785,0.002119036888912941,-0.002880963111087059,1.1262012468589992,0.12271488886308696,1.2875302780053564,6,11,True
ロンドン,1,15,15,売,2785,-0.002119036888912941,-0.007119036888912941,-1.1262012468589992,-0.12271488886308696,-1.2875302780053564,5,11,True
ロンドン,1,30,15,買,2785,0.004033682746384128,-0.0009663172536158718,2.263596638486751,-1.0220719085480003,3.425721436647229,6,11,True
ロンドン,1,30,15,売,2785,-0.004033682746384128,-0.00903368274638413,-2.263596638486751,1.0220719085480003,-3.425721436647229,5,11,True
ロンドン,1,45,15,買,2785,0.00255674501179277,-0.00244325498820723,1.5104274824299209,1.8015393941908175,0.6044462404074757,6,11,True
ロンドン,1,45,15,売,2785,-0.00255674501179277,-0.00755674501179277,-1.5104274824299209,-1.8015393941908175,-0.6044462404074757,5,11,True
ロンドン,2,0,15,買,2785,0.0015009029015808026,-0.0034990970984191978,0.6124497596454849,-0.09613671944285782,0.8136267269957733,6,11,False
ロンドン,2,0,15,売,2785,-0.0015009029015808026,-0.0065009029015808024,-0.6124497596454849,0.09613671944285782,-0.8136267269957733,5,11,False
ロンドン,2,15,15,買,2785,0.003726057166183032,-0.0012739428338169683,2.002487526866615,2.3161913080663235,0.8088229136716264,8,11,False
ロンドン,2,15,15,売,2785,-0.003726057166183032,-0.008726057166183031,-2.002487526866615,-2.3161913080663235,-0.8088229136716264,3,11,False
ロンドン,2,30,15,買,2785,0.001597528557876286,-0.003402471442123714,0.7946369663129323,0.09236256641464478,0.8938028714756353,8,11,False
ロンドン,2,30,15,売,2785,-0.001597528557876286,-0.006597528557876286,-0.7946369663129323,-0.09236256641464478,-0.8938028714756353,3,11,False
ロンドン,2,45,15,買,2785,-0.003160879803575755,-0.008160879803575756,-1.7237643811767596,0.7507751939910717,-2.4899966572646672,4,11,False
ロンドン,2,45,15,売,2785,0.003160879803575755,-0.001839120196424245,1.7237643811767596,-0.7507751939910717,2.4899966572646672,7,11,False
ロンドン,3,0,15,買,2785,4.140226799558628e-05,-0.004958597732004414,0.025433511953856687,-0.8511741725462159,0.6485301488169032,4,11,False
ロンドン,3,0,15,売,2785,-4.140226799558628e-05,-0.005041402267995586,-0.025433511953856687,0.8511741725462159,-0.6485301488169032,7,11,False
ロンドン,3,15,15,買,2785,0.0035269153692618167,-0.0014730846307381834,2.757985292458384,2.693789356287672,1.4744801025773764,10,11,False
ロンドン,3,15,15,売,2785,-0.0035269153692618167,-0.008526915369261817,-2.757985292458384,-2.693789356287672,-1.4744801025773764,1,11,False
ロンドン,3,30,15,買,2785,-0.003409539111934714,-0.008409539111934714,-2.122506756645943,-1.9493470479253767,-1.215681196913992,4,11,False
ロンドン,3,30,15,売,2785,0.003409539111934714,-0.001590460888065286,2.122506756645943,1.9493470479253767,1.215681196913992,7,11,False
ロンドン,3,45,15,買,2785,-0.0007013177697030378,-0.005701317769703038,-0.5357972006150791,-1.0904459506894668,0.08641588757633947,4,11,False
ロンドン,3,45,15,売,2785,0.0007013177697030378,-0.004298682230296962,0.5357972006150791,1.0904459506894668,-0.08641588757633947,7,11,False
ロンドン,4,0,15,買,2785,-0.0005827180083529238,-0.005582718008352924,-0.40962841617581713,0.007811702269294083,-0.5467306253326267,4,11,False
ロンドン,4,0,15,売,2785,0.0005827180083529238,-0.004417281991647076,0.40962841617581713,-0.007811702269294083,0.5467306253326267,7,11,False
ロンドン,4,15,15,買,2785,0.0011199109577294793,-0.003880089042270521,0.9755814956091697,-0.5734108263326764,1.760341962301262,5,11,False
ロンドン,4,15,15,売,2785,-0.0011199109577294793,-0.006119910957729479,-0.9755814956091697,0.5734108263326764,-1.760341962301262,6,11,False
ロンドン,4,30,15,買,2785,0.00038718942440214165,-0.004612810575597859,0.2835760977213188,0.6065109944573912,-0.26389376277666166,5,11,False
ロンドン,4,30,15,売,2785,-0.00038718942440214165,-0.005387189424402142,-0.2835760977213188,-0.6065109944573912,0.26389376277666166,6,11,False
ロンドン,4,45,15,買,2785,-0.0007979638635875331,-0.005797963863587533,-0.7645113178493497,-0.846747363251749,-0.31892410655986725,3,11,False
ロンドン,4,45,15,売,2785,0.0007979638635875331,-0.004202036136412467,0.7645113178493497,0.846747363251749,0.31892410655986725,8,11,False
ロンドン,5,0,15,買,2785,-0.0010567679510278612,-0.006056767951027862,-0.9334792726918739,-0.2565120110845905,-1.0085529366521557,5,11,False
ロンドン,5,0,15,売,2785,0.0010567679510278612,-0.0039432320489721385,0.9334792726918739,0.2565120110845905,1.0085529366521557,6,11,False
ロンドン,5,15,15,買,2785,-0.0006804549069008145,-0.005680454906900815,-0.5921333985217735,-0.10765208888657855,-0.6596338449111582,4,11,False
ロンドン,5,15,15,売,2785,0.0006804549069008145,-0.004319545093099186,0.5921333985217735,0.10765208888657855,0.6596338449111582,7,11,False
ロンドン,5,30,15,買,2785,0.0004965936176151624,-0.004503406382384838,0.31950663933236845,-0.3974032592971091,0.6759865994056975,9,11,False
ロンドン,5,30,15,売,2785,-0.0004965936176151624,-0.005496593617615162,-0.31950663933236845,0.3974032592971091,-0.6759865994056975,2,11,False
ロンドン,5,45,15,買,2785,0.0005560134965454637,-0.004443986503454536,0.3892562521581279,0.9270888025238458,-0.15145652559157308,7,11,False
ロンドン,5,45,15,売,2785,-0.0005560134965454637,-0.005556013496545464,-0.3892562521581279,-0.9270888025238458,0.15145652559157308,4,11,False
ロンドン,6,0,15,買,2785,-0.0015071874933295845,-0.006507187493329585,-0.9976995210142835,-1.4412678682302988,-0.10893352422381108,4,11,False
ロンドン,6,0,15,売,2785,0.0015071874933295845,-0.0034928125066704153,0.9976995210142835,1.4412678682302988,0.10893352422381108,7,11,False
ロンドン,6,15,15,買,2785,0.002575165392236456,-0.002424834607763544,1.6991241635899776,3.019887445408725,0.09607281123542723,8,11,False
ロンドン,6,15,15,売,2785,-0.002575165392236456,-0.007575165392236456,-1.6991241635899776,-3.019887445408725,-0.09607281123542723,3,11,False
ロンドン,6,30,15,買,2785,-0.0010606391443272788,-0.006060639144327279,-0.5371828301526231,0.8237492601664665,-1.1790362267633385,4,11,False
ロンドン,6,30,15,売,2785,0.0010606391443272788,-0.003939360855672721,0.5371828301526231,-0.8237492601664665,1.1790362267633385,7,11,False
ロンドン,6,45,15,買,2785,-0.00043482793667923156,-0.005434827936679231,-0.2653698940492512,-0.5197653847868395,0.029288386424453364,5,11,False
ロンドン,6,45,15,売,2785,0.00043482793667923156,-0.004565172063320769,0.2653698940492512,0.5197653847868395,-0.029288386424453364,6,11,False
ロンドン,7,0,15,買,2785,-0.0007254498347667704,-0.00572544983476677,-0.36825952119960764,-2.515993383936572,1.4613723583782618,4,11,False
ロンドン,7,0,15,売,2785,0.0007254498347667704,-0.00427455016523323,0.36825952119960764,2.515993383936572,-1.4613723583782618,7,11,False
ロンドン,7,15,15,買,2785,0.002148076437721695,-0.002851923562278305,1.2654264796207517,0.5706769112052688,1.1671296293421813,7,11,False
ロンドン,7,15,15,売,2785,-0.002148076437721695,-0.007148076437721695,-1.2654264796207517,-0.5706769112052688,-1.1671296293421813,4,11,False
ロンドン,7,30,15,買,2785,-0.0011609574360942746,-0.006160957436094275,-0.6480815600337144,-1.8556269573184243,0.5403294105110759,6,11,False
ロンドン,7,30,15,売,2785,0.0011609574360942746,-0.0038390425639057255,0.6480815600337144,1.8556269573184243,-0.5403294105110759,5,11,False
ロンドン,7,45,15,買,2785,0.0028095236476390127,-0.0021904763523609874,1.791864321742955,1.0693570637397116,1.4549584919109524,7,11,False
ロンドン,7,45,15,売,2785,-0.0028095236476390127,-0.007809523647639012,-1.791864321742955,-1.0693570637397116,-1.4549584919109524,4,11,False
ロンドン,8,0,15,買,2785,0.0025224498572950205,-0.0024775501427049796,1.16852602494618,1.866886775635722,-0.1413704757508354,5,11,False
ロンドン,8,0,15,売,2785,-0.0025224498572950205,-0.00752244985729502,-1.16852602494618,-1.866886775635722,0.1413704757508354,6,11,False
ロンドン,8,15,15,買,2785,0.000845198529708701,-0.0041548014702912995,0.4708931798301471,0.26907278118303496,0.38842858468911445,8,11,False
ロンドン,8,15,15,売,2785,-0.000845198529708701,-0.005845198529708701,-0.4708931798301471,-0.26907278118303496,-0.38842858468911445,3,11,False
ロンドン,8,30,15,買,2785,0.002726378793460907,-0.002273621206539093,1.4098397807733518,2.4318361390014784,-0.1527513018196502,7,11,False
ロンドン,8,30,15,売,2785,-0.002726378793460907,-0.007726378793460907,-1.4098397807733518,-2.4318361390014784,0.1527513018196502,4,11,False
ロンドン,8,45,15,買,2785,-0.0016533954473648875,-0.006653395447364888,-1.0211885366201983,-1.0373472491982036,-0.4780752317775796,2,11,False
ロンドン,8,45,15,売,2785,0.0016533954473648875,-0.0033466045526351126,1.0211885366201983,1.0373472491982036,0.4780752317775796,9,11,False
ロンドン,9,0,15,買,2785,0.00033980453971524426,-0.004660195460284755,0.16466964282864016,1.1132685308658663,-0.5141828568548599,7,11,False
ロンドン,9,0,15,売,2785,-0.00033980453971524426,-0.005339804539715245,-0.16466964282864016,-1.1132685308658663,0.5141828568548599,4,11,False
ロンドン,9,15,15,買,2785,-0.00029120783874998,-0.00529120783874998,-0.16865024914283752,-0.723668411836108,0.2994622415209412,5,11,False
ロンドン,9,15,15,売,2785,0.00029120783874998,-0.00470879216125002,0.16865024914283752,0.723668411836108,-0.2994622415209412,6,11,False
ロンドン,9,30,15,買,2785,0.0022326807621008316,-0.0027673192378991685,1.2462516902655774,1.6335171424780397,0.35712961680740535,9,11,False
ロンドン,9,30,15,売,2785,-0.0022326807621008316,-0.007232680762100832,-1.2462516902655774,-1.6335171424780397,-0.35712961680740535,2,11,False
ロンドン,9,45,15,買,2785,0.0006208700509734387,-0.004379129949026561,0.4098985848190303,0.722992917373356,-0.05836468243236887,7,11,False
ロンドン,9,45,15,売,2785,-0.0006208700509734387,-0.005620870050973439,-0.4098985848190303,-0.722992917373356,0.05836468243236887,4,11,False
ロンドン,10,0,15,買,2785,0.005514596771334898,0.0005145967713348978,3.5525910644164824,1.0668638622105535,3.8480595964270075,10,11,False
ロンドン,10,0,15,売,2785,-0.005514596771334898,-0.010514596771334898,-3.5525910644164824,-1.0668638622105535,-3.8480595964270075,1,11,False
ロンドン,10,15,15,買,2785,-0.009664010437133424,-0.014664010437133425,-6.252910102908105,-3.1001231655566532,-5.546099440338949,2,11,False
ロンドン,10,15,15,売,2785,0.009664010437133424,0.004664010437133424,6.252910102908105,3.1001231655566532,5.546099440338949,9,11,False
ロンドン,10,30,15,買,2785,0.0026785677765302396,-0.0023214322234697605,1.806464179093173,1.9733465124253593,0.7065256800495215,8,11,False
ロンドン,10,30,15,売,2785,-0.0026785677765302396,-0.00767856777653024,-1.806464179093173,-1.9733465124253593,-0.7065256800495215,3,11,False
ロンドン,10,45,15,買,2785,0.00028430466812736163,-0.0047156953318726385,0.18102610943505557,-1.4734283105278458,1.6925583274298337,7,11,False
ロンドン,10,45,15,売,2785,-0.00028430466812736163,-0.005284304668127362,-0.18102610943505557,1.4734283105278458,-1.6925583274298337,4,11,False
ロンドン,11,0,15,買,2785,0.0036258076363193093,-0.0013741923636806908,1.6467710404964822,1.2598417127350876,1.2358324612297076,9,11,False
ロンドン,11,0,15,売,2785,-0.0036258076363193093,-0.008625807636319309,-1.6467710404964822,-1.2598417127350876,-1.2358324612297076,2,11,False
ロンドン,11,15,15,買,2785,-0.00026351003917569703,-0.005263510039175697,-0.16306369858184178,-0.13506216117847472,-0.10619185601786787,7,11,False
ロンドン,11,15,15,売,2785,0.00026351003917569703,-0.004736489960824303,0.16306369858184178,0.13506216117847472,0.10619185601786787,4,11,False
ロンドン,11,30,15,買,2785,0.0013575154415818194,-0.0036424845584181807,0.8851950224905321,0.9565266948470973,0.3511950089856998,8,11,False
ロンドン,11,30,15,売,2785,-0.0013575154415818194,-0.006357515441581819,-0.8851950224905321,-0.9565266948470973,-0.3511950089856998,3,11,False
ロンドン,11,45,15,買,2785,-0.003019074659085811,-0.008019074659085811,-1.7643076053352174,-1.5980185644722822,-0.8863793476428548,4,11,False
ロンドン,11,45,15,売,2785,0.003019074659085811,-0.001980925340914189,1.7643076053352174,1.5980185644722822,0.8863793476428548,7,11,False
ロンドン,12,0,15,買,2785,0.0031200070069093903,-0.0018799929930906098,1.6172604671187873,0.9009790701840139,1.3892933953652005,5,11,False
ロンドン,12,0,15,売,2785,-0.0031200070069093903,-0.00812000700690939,-1.6172604671187873,-0.9009790701840139,-1.3892933953652005,6,11,False
ロンドン,12,15,15,買,2785,-0.0010570132944637816,-0.0060570132944637815,-0.620552741340509,-0.99296869294027,0.058562249314369624,3,11,False
ロンドン,12,15,15,売,2785,0.0010570132944637816,-0.003942986705536219,0.620552741340509,0.99296869294027,-0.058562249314369624,8,11,False
ロンドン,12,30,15,買,2785,0.00032872052259488947,-0.004671279477405111,0.16226938018736878,-0.28079822866692833,0.4405923567879843,7,11,False
ロンドン,12,30,15,売,2785,-0.00032872052259488947,-0.00532872052259489,-0.16226938018736878,0.28079822866692833,-0.4405923567879843,4,11,False
ロンドン,12,45,15,買,2785,-0.0010097274480344114,-0.006009727448034411,-0.555766154222478,-0.5235987766979653,-0.2805598150964857,3,11,False
ロンドン,12,45,15,売,2785,0.0010097274480344114,-0.003990272551965589,0.555766154222478,0.5235987766979653,0.2805598150964857,8,11,False
ロンドン,13,0,15,買,2785,0.0008084024513956094,-0.004191597548604391,0.34718206840618676,0.42419687375837317,0.0814358733821884,8,11,False
ロンドン,13,0,15,売,2785,-0.0008084024513956094,-0.005808402451395609,-0.34718206840618676,-0.42419687375837317,-0.0814358733821884,3,11,False
ロンドン,13,15,15,買,2785,-0.004885495326995568,-0.009885495326995567,-1.8187277256149885,-0.16441349956408843,-2.2302740718298097,4,11,False
ロンドン,13,15,15,売,2785,0.004885495326995568,-0.00011450467300443221,1.8187277256149885,0.16441349956408843,2.2302740718298097,7,11,False
ロンドン,13,30,15,買,2785,0.004939465983258879,-6.053401674112075e-05,1.1646904654216959,0.42573293859410904,1.128963940817656,7,11,False
ロンドン,13,30,15,売,2785,-0.004939465983258879,-0.009939465983258879,-1.1646904654216959,-0.42573293859410904,-1.128963940817656,4,11,False
ロンドン,13,45,15,買,2785,-0.0006768483595169718,-0.005676848359516972,-0.24339718902720228,0.11977031972263001,-0.39930518830423334,5,11,False
ロンドン,13,45,15,売,2785,0.0006768483595169718,-0.0043231516404830285,0.24339718902720228,-0.11977031972263001,0.39930518830423334,6,11,False
ロンドン,14,0,15,買,2785,0.0019397418715156635,-0.0030602581284843366,0.664968850590565,0.1574463328353112,0.7459067505365723,4,11,False
ロンドン,14,0,15,売,2785,-0.0019397418715156635,-0.006939741871515664,-0.664968850590565,-0.1574463328353112,-0.7459067505365723,7,11,False
ロンドン,14,15,15,買,2785,-1.1942414428602442e-05,-0.005011942414428603,-0.004854122541080409,1.4125621203601453,-1.157235096639816,4,11,False
ロンドン,14,15,15,売,2785,1.1942414428602442e-05,-0.0049880575855713975,0.004854122541080409,-1.4125621203601453,1.157235096639816,7,11,False
ロンドン,14,30,15,買,2785,-0.0011941485134134178,-0.006194148513413418,-0.34441667616107274,-1.1769929585157881,0.4893189884637401,5,11,False
ロンドン,14,30,15,売,2785,0.0011941485134134178,-0.0038058514865865825,0.34441667616107274,1.1769929585157881,-0.4893189884637401,6,11,False
ロンドン,14,45,15,買,2785,-0.00797612639523987,-0.01297612639523987,-2.4359591691509226,-2.699905847247581,-0.9072274110145823,2,11,False
ロンドン,14,45,15,売,2785,0.00797612639523987,0.0029761263952398703,2.4359591691509226,2.699905847247581,0.9072274110145823,9,11,False
ロンドン,15,0,15,買,2785,0.004206384911480594,-0.0007936150885194063,1.1809137522508586,0.7751274549798555,0.8927703942370719,8,11,False
ロンドン,15,0,15,売,2785,-0.004206384911480594,-0.009206384911480594,-1.1809137522508586,-0.7751274549798555,-0.8927703942370719,3,11,False
ロンドン,15,15,15,買,2785,0.00014366711222148348,-0.004856332887778517,0.04522360254440523,0.7135187719429013,-0.48452860867817354,7,11,False
ロンドン,15,15,15,売,2785,-0.00014366711222148348,-0.005143667112221483,-0.04522360254440523,-0.7135187719429013,0.48452860867817354,4,11,False
ロンドン,15,30,15,買,2785,-0.002964260079424849,-0.00796426007942485,-1.0519288743205057,-0.8964051330487633,-0.626841664649875,4,11,False
ロンドン,15,30,15,売,2785,0.002964260079424849,-0.002035739920575151,1.0519288743205057,0.8964051330487633,0.626841664649875,7,11,False
ロンドン,15,45,15,買,2785,0.003421442802944338,-0.0015785571970556621,1.323226105845271,2.357863001178669,-0.26737823471061806,8,11,False
ロンドン,15,45,15,売,2785,-0.003421442802944338,-0.008421442802944337,-1.323226105845271,-2.357863001178669,0.26737823471061806,3,11,False
ロンドン,16,0,15,買,2785,0.0040025738577160975,-0.0009974261422839026,1.467991478857671,0.9030034516991355,1.1597251181763062,7,11,False
ロンドン,16,0,15,売,2785,-0.0040025738577160975,-0.009002573857716098,-1.467991478857671,-0.9030034516991355,-1.1597251181763062,4,11,False
ロンドン,16,15,15,買,2785,0.0020142404933345356,-0.0029857595066654645,0.8957749351084323,0.9717809084328163,0.3612646304023668,7,11,False
ロンドン,16,15,15,売,2785,-0.0020142404933345356,-0.007014240493334536,-0.8957749351084323,-0.9717809084328163,-0.3612646304023668,4,11,False
ロンドン,16,30,15,買,2785,-0.000931498746846226,-0.005931498746846226,-0.4348334086911668,-1.3658670985795316,0.6447525386583255,3,11,False
ロンドン,16,30,15,売,2785,0.000931498746846226,-0.004068501253153774,0.4348334086911668,1.3658670985795316,-0.6447525386583255,8,11,False
ロンドン,16,45,15,買,2785,0.0004945441112958434,-0.0045054558887041565,0.260015784401053,-0.09146894707645824,0.43828215500402007,6,11,False
ロンドン,16,45,15,売,2785,-0.0004945441112958434,-0.005494544111295844,-0.260015784401053,0.09146894707645824,-0.43828215500402007,5,11,False
ロンドン,17,0,15,買,2785,-0.002908831329234219,-0.00790883132923422,-1.4549850387093624,-0.33001754982623466,-1.5747549054136314,4,11,False
ロンドン,17,0,15,売,2785,0.002908831329234219,-0.002091168670765781,1.4549850387093624,0.33001754982623466,1.5747549054136314,7,11,False
ロンドン,17,15,15,買,2785,-0.0029619487265400545,-0.007961948726540054,-1.582080979781507,-0.9849393363388755,-1.242915675107182,3,11,False
ロンドン,17,15,15,売,2785,0.0029619487265400545,-0.0020380512734599456,1.582080979781507,0.9849393363388755,1.242915675107182,8,11,False
ロンドン,17,30,15,買,2785,-0.003060366098234903,-0.008060366098234902,-1.7449684050291343,-0.5110983834901557,-1.8081723312845097,3,11,False
ロンドン,17,30,15,売,2785,0.003060366098234903,-0.0019396339017650971,1.7449684050291343,0.5110983834901557,1.8081723312845097,8,11,False
ロンドン,17,45,15,買,2785,0.0018730933689497583,-0.003126906631050242,1.186144029925226,-0.013628570390012102,1.6373265108127615,5,11,False
ロンドン,17,45,15,売,2785,-0.0018730933689497583,-0.006873093368949758,-1.186144029925226,0.013628570390012102,-1.6373265108127615,6,11,False
ロンドン,18,0,15,買,2785,0.001773596008777574,-0.0032264039912224263,0.9290706808517253,0.821444719999491,0.48653913632883905,6,11,False
ロンドン,18,0,15,売,2785,-0.001773596008777574,-0.006773596008777574,-0.9290706808517253,-0.821444719999491,-0.48653913632883905,5,11,False
ロンドン,18,15,15,買,2785,-0.0031840141192213452,-0.008184014119221344,-1.7175741871031656,-1.1976635675820513,-1.2323054150466022,5,11,False
ロンドン,18,15,15,売,2785,0.0031840141192213452,-0.0018159858807786549,1.7175741871031656,1.1976635675820513,1.2323054150466022,6,11,False
ロンドン,18,30,15,買,2785,0.003833366744172426,-0.0011666332558275742,1.9150916893957743,0.8054071348186368,1.7881644508629477,8,11,False
ロンドン,18,30,15,売,2785,-0.003833366744172426,-0.008833366744172426,-1.9150916893957743,-0.8054071348186368,-1.7881644508629477,3,11,False
ロンドン,18,45,15,買,2785,0.0013010064131802794,-0.0036989935868197207,0.7618005479579593,0.3739966330997677,0.6770978299132809,7,11,False
ロンドン,18,45,15,売,2785,-0.0013010064131802794,-0.0063010064131802795,-0.7618005479579593,-0.3739966330997677,-0.6770978299132809,4,11,False
ロンドン,19,0,15,買,2785,-0.00038576709827813744,-0.005385767098278138,-0.16693614071560348,0.19239331636964102,-0.37250240281600794,5,11,False
ロンドン,19,0,15,売,2785,0.00038576709827813744,-0.004614232901721862,0.16693614071560348,-0.19239331636964102,0.37250240281600794,6,11,False
ロンドン,19,15,15,買,2785,-0.0007307798937113477,-0.005730779893711348,-0.45320802384067427,-0.6249603053536806,-0.032526519300673365,4,11,False
ロンドン,19,15,15,売,2785,0.0007307798937113477,-0.004269220106288652,0.45320802384067427,0.6249603053536806,0.032526519300673365,7,11,False
ロンドン,19,30,15,買,2785,0.0023951132619739065,-0.0026048867380260936,1.2068758265242479,1.4214669381346154,0.3746684382002173,6,11,False
ロンドン,19,30,15,売,2785,-0.0023951132619739065,-0.007395113261973906,-1.2068758265242479,-1.4214669381346154,-0.3746684382002173,5,11,False
ロンドン,19,45,15,買,2785,-0.0014122199892797004,-0.0064122199892797,-0.8201664295655174,-0.53147976181728,-0.6305767762722475,4,11,False
ロンドン,19,45,15,売,2785,0.0014122199892797004,-0.0035877800107202997,0.8201664295655174,0.53147976181728,0.6305767762722475,7,11,False
ロンドン,20,0,15,買,2785,0.000630577693413991,-0.004369422306586009,0.3792423571874615,-0.5689508135018744,0.9704191264215917,4,11,False
ロンドン,20,0,15,売,2785,-0.000630577693413991,-0.0056305776934139915,-0.3792423571874615,0.5689508135018744,-0.9704191264215917,7,11,False
ロンドン,20,15,15,買,2785,-0.0005513335021275273,-0.005551333502127527,-0.3596211902059441,-1.5053841300302229,0.6500593162744266,5,11,False
ロンドン,20,15,15,売,2785,0.0005513335021275273,-0.004448666497872473,0.3596211902059441,1.5053841300302229,-0.6500593162744266,6,11,False
ロンドン,20,30,15,買,2785,0.002923590425056516,-0.0020764095749434843,1.9421838371210491,1.752225995931798,1.0754993927721095,7,11,False
ロンドン,20,30,15,売,2785,-0.002923590425056516,-0.007923590425056515,-1.9421838371210491,-1.752225995931798,-1.0754993927721095,4,11,False
ロンドン,20,45,15,買,2785,-0.0016226176244988,-0.0066226176244988,-1.0002177529104166,-1.1959831579228337,-0.22033295968451147,3,11,False
ロンドン,20,45,15,売,2785,0.0016226176244988,-0.0033773823755012004,1.0002177529104166,1.1959831579228337,0.22033295968451147,8,11,False
ロンドン,21,0,15,買,2785,-0.00021434997903467827,-0.005214349979034678,-0.1972708828211056,0.005348641942111611,-0.2674822922312948,6,11,False
ロンドン,21,0,15,売,2785,0.00021434997903467827,-0.004785650020965322,0.1972708828211056,-0.005348641942111611,0.2674822922312948,5,11,False
ロンドン,21,15,15,買,2785,-0.0010121203152665067,-0.006012120315266507,-1.094741027717356,-1.0121686498352307,-0.6085456270027857,5,11,False
ロンドン,21,15,15,売,2785,0.0010121203152665067,-0.003987879684733494,1.094741027717356,1.0121686498352307,0.6085456270027857,6,11,False
ロンドン,21,30,15,買,2785,-0.0011538800939489542,-0.006153880093948954,-1.1642415002631696,-0.2590458899173462,-1.2644609872714367,5,11,False
ロンドン,21,30,15,売,2785,0.0011538800939489542,-0.003846119906051046,1.1642415002631696,0.2590458899173462,1.2644609872714367,6,11,False
ロンドン,21,45,15,買,2785,-0.014997487046801941,-0.019997487046801942,-13.066917133490625,-16.829886308014977,-2.404377910903804,2,11,False
ロンドン,21,45,15,売,2785,0.014997487046801941,0.00999748704680194,13.066917133490625,16.829886308014977,2.404377910903804,9,11,False
ロンドン,22,0,15,買,2785,0.0010192429026630908,-0.003980757097336909,1.8671582052233673,1.399813246323806,1.2475159447747153,9,11,True
ロンドン,22,0,15,売,2785,-0.0010192429026630908,-0.006019242902663091,-1.8671582052233673,-1.399813246323806,-1.2475159447747153,2,11,True
ロンドン,22,15,15,買,2785,0.0008258693327694664,-0.004174130667230534,1.815354498496353,1.3053412572022354,1.2845573068845726,7,11,True
ロンドン,22,15,15,売,2785,-0.0008258693327694664,-0.0058258693327694665,-1.815354498496353,-1.3053412572022354,-1.2845573068845726,4,11,True
ロンドン,22,30,15,買,2785,-0.00028555236044605593,-0.005285552360446056,-0.666238639915306,0.649982671991204,-1.2193812313098753,5,11,True
ロンドン,22,30,15,売,2785,0.00028555236044605593,-0.004714447639553945,0.666238639915306,-0.649982671991204,1.2193812313098753,6,11,True
ロンドン,22,45,15,買,2785,0.004397951095365335,-0.0006020489046346649,4.159802773097831,6.411073650546703,-0.3779430853470488,7,11,True
ロンドン,22,45,15,売,2785,-0.004397951095365335,-0.009397951095365335,-4.159802773097831,-6.411073650546703,0.3779430853470488,4,11,True
ロンドン,23,0,15,買,2785,0.023661953376187643,0.018661953376187642,13.948793466178012,11.563199773396196,8.784522778481058,11,11,True
ロンドン,23,0,15,売,2785,-0.023661953376187643,-0.028661953376187644,-13.948793466178012,-11.563199773396196,-8.784522778481058,0,11,True
ロンドン,23,15,15,買,2785,0.004853876108601743,-0.00014612389139825703,4.4171386856139945,2.0931087921201983,4.003304142206233,10,11,True
ロンドン,23,15,15,売,2785,-0.004853876108601743,-0.009853876108601743,-4.4171386856139945,-2.0931087921201983,-4.003304142206233,1,11,True
ロンドン,23,30,15,買,2785,0.0024102164554534243,-0.002589783544546576,2.0244903474911973,1.532250950849467,1.3632884555907614,7,11,True
ロンドン,23,30,15,売,2785,-0.0024102164554534243,-0.007410216455453424,-2.0244903474911973,-1.532250950849467,-1.3632884555907614,4,11,True
ロンドン,23,45,15,買,2785,0.0007384611864338495,-0.004261538813566151,0.6525249689139809,-0.7812853172791216,1.2905729114081081,5,11,True
ロンドン,23,45,15,売,2785,-0.0007384611864338495,-0.0057384611864338495,-0.6525249689139809,0.7812853172791216,-1.2905729114081081,6,11,True
ロンドン,0,0,30,買,2785,0.003018378120701331,-0.0019816218792986693,1.4399487012401098,0.7264133589178438,1.24728358764226,8,11,True
ロンドン,0,0,30,売,2785,-0.003018378120701331,-0.00801837812070133,-1.4399487012401098,-0.7264133589178438,-1.24728358764226,3,11,True
ロンドン,0,15,30,買,2785,0.0030002093552864923,-0.001999790644713508,1.4410549207188181,1.2576512624757379,0.9120191630359319,9,11,True
ロンドン,0,15,30,売,2785,-0.0030002093552864923,-0.008000209355286492,-1.4410549207188181,-1.2576512624757379,-0.9120191630359319,2,11,True
ロンドン,0,30,30,買,2784,0.002743266591480714,-0.002256733408519286,1.414740558992768,1.002686913268552,1.0266696032539486,7,11,True
ロンドン,0,30,30,売,2784,-0.002743266591480714,-0.007743266591480714,-1.414740558992768,-1.002686913268552,-1.0266696032539486,4,11,True
ロンドン,0,45,30,買,2784,-0.0009867594481289756,-0.005986759448128976,-0.3385110875500249,-0.1898908937307499,-0.2802761596547972,3,11,True
ロンドン,0,45,30,売,2784,0.0009867594481289756,-0.004013240551871024,0.3385110875500249,0.1898908937307499,0.2802761596547972,8,11,True
ロンドン,1,0,30,買,2785,-0.0007597170996860971,-0.005759717099686097,-0.25065518979442175,-0.29346720327582804,-0.08912342720206623,4,11,True
ロンドン,1,0,30,売,2785,0.0007597170996860971,-0.004240282900313903,0.25065518979442175,0.29346720327582804,0.08912342720206623,7,11,True
ロンドン,1,15,30,買,2785,0.006149669600738866,0.0011496696007388656,2.4134411114605814,-0.6192360324332731,3.3447927690828285,7,11,True
ロンドン,1,15,30,売,2785,-0.006149669600738866,-0.011149669600738866,-2.4134411114605814,0.6192360324332731,-3.3447927690828285,4,11,True
ロンドン,1,30,30,買,2785,0.006588276785359611,0.0015882767853596111,2.7165649149687967,0.488023989595043,3.003647152687329,8,11,True
ロンドン,1,30,30,売,2785,-0.006588276785359611,-0.011588276785359612,-2.7165649149687967,-0.488023989595043,-3.003647152687329,3,11,True
ロンドン,1,45,30,買,2785,0.004061308960641135,-0.0009386910393588653,1.3444655439756301,0.8999743637388473,1.0093639808658625,8,11,True
ロンドン,1,45,30,売,2785,-0.004061308960641135,-0.009061308960641135,-1.3444655439756301,-0.8999743637388473,-1.0093639808658625,3,11,True
ロンドン,2,0,30,買,2785,0.0052330909483010255,0.0002330909483010254,1.6638019191143565,1.3925708876847218,1.0837507784062446,8,11,False
ロンドン,2,0,30,売,2785,-0.0052330909483010255,-0.010233090948301025,-1.6638019191143565,-1.3925708876847218,-1.0837507784062446,3,11,False
ロンドン,2,15,30,買,2785,0.005332360960566443,0.00033236096056644265,1.869809859096981,1.613610095317899,1.1596576408783263,8,11,False
ロンドン,2,15,30,売,2785,-0.005332360960566443,-0.010332360960566443,-1.869809859096981,-1.613610095317899,-1.1596576408783263,3,11,False
ロンドン,2,30,30,買,2785,-0.0015645211594127071,-0.006564521159412707,-0.5785565184026628,0.5631711573330098,-1.0510379347263168,5,11,False
ロンドン,2,30,30,売,2785,0.0015645211594127071,-0.003435478840587293,0.5785565184026628,-0.5631711573330098,1.0510379347263168,6,11,False
ロンドン,2,45,30,買,2785,-0.003122766633335903,-0.008122766633335903,-1.2991785659091706,-0.06724779305885237,-1.528756884367861,5,11,False
ロンドン,2,45,30,売,2785,0.003122766633335903,-0.001877233366664097,1.2991785659091706,0.06724779305885237,1.528756884367861,6,11,False
ロンドン,3,0,30,買,2785,0.0035658609242030345,-0.0014341390757969656,1.758490299781987,0.956775460931535,1.4811983455176483,7,11,False
ロンドン,3,0,30,売,2785,-0.0035658609242030345,-0.008565860924203035,-1.758490299781987,-0.956775460931535,-1.4811983455176483,4,11,False
ロンドン,3,15,30,買,2785,0.00011555421286440703,-0.004884445787135593,0.057093707353742744,0.13968092417375422,-0.03048548633092383,7,11,False
ロンドン,3,15,30,売,2785,-0.00011555421286440703,-0.005115554212864407,-0.057093707353742744,-0.13968092417375422,0.03048548633092383,4,11,False
ロンドン,3,30,30,買,2785,-0.004114659098401811,-0.009114659098401812,-2.052788006786506,-2.343692014714541,-0.8993821005112599,3,11,False
ロンドン,3,30,30,売,2785,0.004114659098401811,-0.0008853409015981894,2.052788006786506,2.343692014714541,0.8993821005112599,8,11,False
ロンドン,3,45,30,買,2785,-0.0012812549749921973,-0.006281254974992197,-0.6459089918473557,-0.6450280204161485,-0.3160576036310674,5,11,False
ロンドン,3,45,30,売,2785,0.0012812549749921973,-0.003718745025007803,0.6459089918473557,0.6450280204161485,0.3160576036310674,6,11,False
ロンドン,4,0,30,買,2785,0.0005350363355825497,-0.0044649636644174505,0.2996697119451409,-0.3552023426423133,0.7084177094761149,5,11,False
ロンドン,4,0,30,売,2785,-0.0005350363355825497,-0.00553503633558255,-0.2996697119451409,0.3552023426423133,-0.7084177094761149,6,11,False
ロンドン,4,15,30,買,2785,0.0015112685254384706,-0.0034887314745615295,0.8087816985704714,0.1467928796992665,1.0480161055942363,5,11,False
ロンドン,4,15,30,売,2785,-0.0015112685254384706,-0.006511268525438471,-0.8087816985704714,-0.1467928796992665,-1.0480161055942363,6,11,False
ロンドン,4,30,30,買,2785,-0.0004092147860036268,-0.005409214786003627,-0.2335831089767622,0.07377854604906878,-0.421520575621657,3,11,False
ロンドン,4,30,30,売,2785,0.0004092147860036268,-0.004590785213996374,0.2335831089767622,-0.07377854604906878,0.421520575621657,8,11,False
ロンドン,4,45,30,買,2785,-0.0018546172120673683,-0.006854617212067368,-1.2025421414724744,-0.7572565219908839,-0.9341022085251796,5,11,False
ロンドン,4,45,30,売,2785,0.0018546172120673683,-0.003145382787932632,1.2025421414724744,0.7572565219908839,0.9341022085251796,6,11,False
ロンドン,5,0,30,買,2785,-0.0017367945616904796,-0.00673679456169048,-1.0706721227351592,-0.27494210170848166,-1.1267803774911693,3,11,False
ロンドン,5,0,30,売,2785,0.0017367945616904796,-0.0032632054383095205,1.0706721227351592,0.27494210170848166,1.1267803774911693,8,11,False
ロンドン,5,15,30,買,2785,-0.0001838032059026974,-0.0051838032059026975,-0.09505181726805732,-0.4049142988617425,0.15618633211920485,8,11,False
ロンドン,5,15,30,売,2785,0.0001838032059026974,-0.004816196794097303,0.09505181726805732,0.4049142988617425,-0.15618633211920485,3,11,False
ロンドン,5,30,30,買,2785,0.0010612692469698767,-0.003938730753030123,0.4713879092348183,0.3124245076402106,0.35987678625605746,7,11,False
ロンドン,5,30,30,売,2785,-0.0010612692469698767,-0.006061269246969877,-0.4713879092348183,-0.3124245076402106,-0.35987678625605746,4,11,False
ロンドン,5,45,30,買,2785,-0.0009533274059264141,-0.0059533274059264145,-0.46710897323690703,-0.5357152072703196,-0.18690335799763325,6,11,False
ロンドン,5,45,30,売,2785,0.0009533274059264141,-0.004046672594073586,0.46710897323690703,0.5357152072703196,0.18690335799763325,5,11,False
ロンドン,6,0,30,買,2785,0.0010709182854860427,-0.003929081714513958,0.48925715370778605,0.8321191751833168,-0.0014809073589036477,9,11,False
ロンドン,6,0,30,売,2785,-0.0010709182854860427,-0.006070918285486043,-0.48925715370778605,-0.8321191751833168,0.0014809073589036477,2,11,False
ロンドン,6,15,30,買,2785,0.0015249815247348629,-0.003475018475265137,0.5791325924913612,2.445621094323319,-0.8075607617757603,6,11,False
ロンドン,6,15,30,売,2785,-0.0015249815247348629,-0.006524981524734863,-0.5791325924913612,-2.445621094323319,0.8075607617757603,5,11,False
ロンドン,6,30,30,買,2785,-0.0015007172656468014,-0.006500717265646801,-0.6025544869387077,0.2929604271025195,-0.9334177402607868,3,11,False
ロンドン,6,30,30,売,2785,0.0015007172656468014,-0.0034992827343531987,0.6025544869387077,-0.2929604271025195,0.9334177402607868,8,11,False
ロンドン,6,45,30,買,2785,-0.0011629455512318129,-0.006162945551231813,-0.46026148532188843,-2.294714510565522,1.1499838551675639,4,11,False
ロンドン,6,45,30,売,2785,0.0011629455512318129,-0.003837054448768187,0.46026148532188843,2.294714510565522,-1.1499838551675639,7,11,False
ロンドン,7,0,30,買,2785,0.0014264082812554934,-0.0035735917187445067,0.5376568890280778,-1.4561671351284486,1.8383943175726853,4,11,False
ロンドン,7,0,30,売,2785,-0.0014264082812554934,-0.0064264082812554935,-0.5376568890280778,1.4561671351284486,-1.8383943175726853,7,11,False
ロンドン,7,15,30,買,2785,0.0009902005762081848,-0.0040097994237918155,0.394012212665893,-0.8623254414538225,1.1713941865937458,4,11,False
ロンドン,7,15,30,売,2785,-0.0009902005762081848,-0.005990200576208185,-0.394012212665893,0.8623254414538225,-1.1713941865937458,7,11,False
ロンドン,7,30,30,買,2785,0.0016461433516743401,-0.00335385664832566,0.7023763775695998,-0.5124451450816666,1.3806328713650813,4,11,False
ロンドン,7,30,30,売,2785,-0.0016461433516743401,-0.00664614335167434,-0.7023763775695998,0.5124451450816666,-1.3806328713650813,7,11,False
ロンドン,7,45,30,買,2785,0.005328717640411807,0.000328717640411807,2.032057685415984,2.1230985315898088,0.7632764936575989,7,11,False
ロンドン,7,45,30,売,2785,-0.005328717640411807,-0.010328717640411808,-2.032057685415984,-2.1230985315898088,-0.7632764936575989,4,11,False
ロンドン,8,0,30,買,2785,0.0033590808532015905,-0.0016409191467984096,1.2462575880906908,1.7566271061328351,0.15121014686658427,8,11,False
ロンドン,8,0,30,売,2785,-0.0033590808532015905,-0.00835908085320159,-1.2462575880906908,-1.7566271061328351,-0.15121014686658427,3,11,False
ロンドン,8,15,30,買,2785,0.0035655064352695626,-0.0014344935647304376,1.3960962366277265,1.9744594389170165,0.15533095490101756,7,11,False
ロンドン,8,15,30,売,2785,-0.0035655064352695626,-0.008565506435269562,-1.3960962366277265,-1.9744594389170165,-0.15533095490101756,4,11,False
ロンドン,8,30,30,買,2785,0.0010689873969025843,-0.003931012603097416,0.4335915403959931,1.200940748357652,-0.4448734722550057,6,11,False
ロンドン,8,30,30,売,2785,-0.0010689873969025843,-0.006068987396902584,-0.4335915403959931,-1.200940748357652,0.4448734722550057,5,11,False
ロンドン,8,45,30,買,2785,-0.0013137707360965098,-0.00631377073609651,-0.5012949026490177,0.12227693917450798,-0.7058338463102837,7,11,False
ロンドン,8,45,30,売,2785,0.0013137707360965098,-0.0036862292639034903,0.5012949026490177,-0.12227693917450798,0.7058338463102837,4,11,False
ロンドン,9,0,30,買,2785,4.4045553004186805e-05,-0.004955954446995813,0.01674719490338319,0.35425859369730456,-0.2170120739061719,7,11,False
ロンドン,9,0,30,売,2785,-4.4045553004186805e-05,-0.005044045553004187,-0.01674719490338319,-0.35425859369730456,0.2170120739061719,4,11,False
ロンドン,9,15,30,買,2785,0.0019351022796777998,-0.0030648977203222003,0.8079281816401929,0.691869672867276,0.48976165426861407,6,11,False
ロンドン,9,15,30,売,2785,-0.0019351022796777998,-0.0069351022796778,-0.8079281816401929,-0.691869672867276,-0.48976165426861407,5,11,False
ロンドン,9,30,30,買,2785,0.0028435661196540888,-0.0021564338803459113,1.2992929204643402,1.6992213240793694,0.2635102268141,8,11,False
ロンドン,9,30,30,売,2785,-0.0028435661196540888,-0.007843566119654088,-1.2992929204643402,-1.6992213240793694,-0.2635102268141,3,11,False
ロンドン,9,45,30,買,2785,0.0061370396889738775,0.0011370396889738774,2.7962921294612393,1.2576656557359938,2.6119879020243717,9,11,False
ロンドン,9,45,30,売,2785,-0.0061370396889738775,-0.011137039688973878,-2.7962921294612393,-1.2576656557359938,-2.6119879020243717,2,11,False
ロンドン,10,0,30,買,2785,-0.004150411160977469,-0.009150411160977468,-1.9013990561955254,-1.2917647664627858,-1.3948363518216793,5,11,False
ロンドン,10,0,30,売,2785,0.004150411160977469,-0.0008495888390225312,1.9013990561955254,1.2917647664627858,1.3948363518216793,6,11,False
ロンドン,10,15,30,買,2785,-0.006989299709373786,-0.011989299709373787,-3.359833424479383,-0.8404568774744655,-3.730811854385014,3,11,False
ロンドン,10,15,30,売,2785,0.006989299709373786,0.001989299709373786,3.359833424479383,0.8404568774744655,3.730811854385014,8,11,False
ロンドン,10,30,30,買,2785,0.002961304533768608,-0.002038695466231392,1.3881612235704357,0.17958763737461414,1.7107441027350387,8,11,False
ロンドン,10,30,30,売,2785,-0.002961304533768608,-0.007961304533768608,-1.3881612235704357,-0.17958763737461414,-1.7107441027350387,3,11,False
ロンドン,10,45,30,買,2785,0.0039094526082064235,-0.0010905473917935766,1.4485489065049817,-0.3537599101266786,1.8665529331078459,7,11,False
ロンドン,10,45,30,売,2785,-0.0039094526082064235,-0.008909452608206424,-1.4485489065049817,0.3537599101266786,-1.8665529331078459,4,11,False
ロンドン,11,0,30,買,2785,0.0033467295932728446,-0.0016532704067271555,1.3344685822165858,0.8320702297534702,1.0623610189047283,8,11,False
ロンドン,11,0,30,売,2785,-0.0033467295932728446,-0.008346729593272845,-1.3344685822165858,-0.8320702297534702,-1.0623610189047283,3,11,False
ロンドン,11,15,30,買,2785,0.0010936813518771906,-0.0039063186481228095,0.492048805954081,0.6125589111071371,0.15141700633801178,7,11,False
ロンドン,11,15,30,売,2785,-0.0010936813518771906,-0.006093681351877191,-0.492048805954081,-0.6125589111071371,-0.15141700633801178,4,11,False
ロンドン,11,30,30,買,2785,-0.0016648207872274807,-0.006664820787227481,-0.7410625739025771,-0.6771273055334579,-0.38677280842967665,5,11,False
ロンドン,11,30,30,売,2785,0.0016648207872274807,-0.0033351792127725194,0.7410625739025771,0.6771273055334579,0.38677280842967665,6,11,False
ロンドン,11,45,30,買,2785,0.00010463338247189305,-0.004895366617528107,0.03978895886322592,-0.38018048178331265,0.4540953468995326,5,11,False
ロンドン,11,45,30,売,2785,-0.00010463338247189305,-0.0051046333824718935,-0.03978895886322592,0.38018048178331265,-0.4540953468995326,6,11,False
ロンドン,12,0,30,買,2785,0.002056602573808288,-0.002943397426191712,0.8281966930506005,0.06051999758258012,1.0664049332614465,7,11,False
ロンドン,12,0,30,売,2785,-0.002056602573808288,-0.007056602573808288,-0.8281966930506005,-0.06051999758258012,-1.0664049332614465,4,11,False
ロンドン,12,15,30,買,2785,-0.0007240808033500895,-0.00572408080335009,-0.2678133209997616,-0.8929561214513703,0.362693669214501,6,11,False
ロンドン,12,15,30,売,2785,0.0007240808033500895,-0.00427591919664991,0.2678133209997616,0.8929561214513703,-0.362693669214501,5,11,False
ロンドン,12,30,30,買,2785,-0.0006841351370509648,-0.005684135137050965,-0.2552401884562818,-0.5723004800172906,0.14822037096768034,3,11,False
ロンドン,12,30,30,売,2785,0.0006841351370509648,-0.004315864862949035,0.2552401884562818,0.5723004800172906,-0.14822037096768034,8,11,False
ロンドン,12,45,30,買,2785,-0.00021394208760260942,-0.005213942087602609,-0.07651433513592287,0.02008357293468033,-0.12128138647450543,5,11,False
ロンドン,12,45,30,売,2785,0.00021394208760260942,-0.004786057912397391,0.07651433513592287,-0.02008357293468033,0.12128138647450543,6,11,False
ロンドン,13,0,30,買,2785,-0.004088298309326841,-0.00908829830932684,-1.1885671990270918,0.1695737388425117,-1.7159793138366894,6,11,False
ロンドン,13,0,30,売,2785,0.004088298309326841,-0.0009117016906731593,1.1885671990270918,-0.1695737388425117,1.7159793138366894,5,11,False
ロンドン,13,15,30,買,2785,5.3535599108992744e-05,-0.004946464400891007,0.010669373578814602,0.25641654446676065,-0.1798937487906356,5,11,False
ロンドン,13,15,30,売,2785,-5.3535599108992744e-05,-0.005053535599108993,-0.010669373578814602,-0.25641654446676065,0.1798937487906356,6,11,False
ロンドン,13,30,30,買,2785,0.004256640658339888,-0.0007433593416601124,0.8464358608987714,0.41992228100992224,0.7423089500027968,7,11,False
ロンドン,13,30,30,売,2785,-0.004256640658339888,-0.009256640658339888,-0.8464358608987714,-0.41992228100992224,-0.7423089500027968,4,11,False
ロンドン,13,45,30,買,2785,0.0012601638202949471,-0.0037398361797050528,0.31456114278460423,0.19827292219811807,0.24414017838567753,6,11,False
ロンドン,13,45,30,売,2785,-0.0012601638202949471,-0.006260163820294947,-0.31456114278460423,-0.19827292219811807,-0.24414017838567753,5,11,False
ロンドン,14,0,30,買,2785,0.0019199765715376608,-0.0030800234284623393,0.5131342936817072,1.037201015901849,-0.19952389341675736,5,11,False
ロンドン,14,0,30,売,2785,-0.0019199765715376608,-0.0069199765715376605,-0.5131342936817072,-1.037201015901849,0.19952389341675736,6,11,False
ロンドン,14,15,30,買,2785,-0.0011976843570603913,-0.006197684357060392,-0.2770980444243183,-0.12372098839629406,-0.2551467713872652,6,11,False
ロンドン,14,15,30,売,2785,0.0011976843570603913,-0.003802315642939609,0.2770980444243183,0.12372098839629406,0.2551467713872652,5,11,False
ロンドン,14,30,30,買,2785,-0.009161792581739603,-0.014161792581739604,-1.89675077990031,-2.617295824640014,-0.25605945072689035,2,11,False
ロンドン,14,30,30,売,2785,0.009161792581739603,0.004161792581739603,1.89675077990031,2.617295824640014,0.25605945072689035,9,11,False
ロンドン,14,45,30,買,2785,-0.003769238961819454,-0.008769238961819454,-0.7779644846722291,-1.3117967042393486,0.06341080417005378,3,11,False
ロンドン,14,45,30,売,2785,0.003769238961819454,-0.0012307610381805463,0.7779644846722291,1.3117967042393486,-0.06341080417005378,8,11,False
ロンドン,15,0,30,買,2785,0.004364530392011767,-0.0006354696079882332,0.896123606722715,1.0679954743048305,0.3299393256249881,8,11,False
ロンドン,15,0,30,売,2785,-0.004364530392011767,-0.009364530392011766,-0.896123606722715,-1.0679954743048305,-0.3299393256249881,3,11,False
ロンドン,15,15,30,買,2785,-0.002799463515530147,-0.007799463515530148,-0.6341543480864954,-0.09188018364392112,-0.707233762018385,7,11,False
ロンドン,15,15,30,売,2785,0.002799463515530147,-0.002200536484469853,0.6341543480864954,0.09188018364392112,0.707233762018385,4,11,False
ロンドン,15,30,30,買,2785,0.00044582511347740803,-0.004554174886522592,0.11999282195069116,0.9636688851839266,-0.6822963138449399,6,11,False
ロンドン,15,30,30,売,2785,-0.00044582511347740803,-0.0054458251134774085,-0.11999282195069116,-0.9636688851839266,0.6822963138449399,5,11,False
ロンドン,15,45,30,買,2785,0.007427789316829238,0.002427789316829238,1.9578426947013448,2.3390538008314428,0.6847420580081005,9,11,False
ロンドン,15,45,30,売,2785,-0.007427789316829238,-0.012427789316829238,-1.9578426947013448,-2.3390538008314428,-0.6847420580081005,2,11,False
ロンドン,16,0,30,買,2785,0.006020136684212265,0.0010201366842122646,1.6889234774459378,1.328193929115452,1.1208588169227833,8,11,False
ロンドン,16,0,30,売,2785,-0.006020136684212265,-0.011020136684212265,-1.6889234774459378,-1.328193929115452,-1.1208588169227833,3,11,False
ロンドン,16,15,30,買,2785,0.0010817096672656823,-0.003918290332734318,0.3496841640281282,-0.2774119091207614,0.7139146249652878,6,11,False
ロンドン,16,15,30,売,2785,-0.0010817096672656823,-0.006081709667265682,-0.3496841640281282,0.2774119091207614,-0.7139146249652878,5,11,False
ロンドン,16,30,30,買,2785,-0.00044895131467602526,-0.005448951314676025,-0.16563461193573265,-1.2106613111460565,0.7827360112745346,5,11,False
ロンドン,16,30,30,売,2785,0.00044895131467602526,-0.004551048685323975,0.16563461193573265,1.2106613111460565,-0.7827360112745346,6,11,False
ロンドン,16,45,30,買,2785,-0.002412641597727353,-0.007412641597727353,-0.8677128506698172,-0.29263982726779825,-0.8821441258886537,2,11,False
ロンドン,16,45,30,売,2785,0.002412641597727353,-0.002587358402272647,0.8677128506698172,0.29263982726779825,0.8821441258886537,9,11,False
ロンドン,17,0,30,買,2785,-0.00587323861010837,-0.01087323861010837,-2.1708826500438065,-0.9596761534493827,-2.0200661776240256,3,11,False
ロンドン,17,0,30,売,2785,0.00587323861010837,0.0008732386101083702,2.1708826500438065,0.9596761534493827,2.0200661776240256,8,11,False
ロンドン,17,15,30,買,2785,-0.0060282502138135205,-0.01102825021381352,-2.43075046002549,-1.182759499423852,-2.158862268384503,3,11,False
ロンドン,17,15,30,売,2785,0.0060282502138135205,0.0010282502138135204,2.43075046002549,1.182759499423852,2.158862268384503,8,11,False
ロンドン,17,30,30,買,2785,-0.0011904203878286628,-0.006190420387828663,-0.514835682661397,-0.3706002380045833,-0.35998487781774025,5,11,False
ロンドン,17,30,30,売,2785,0.0011904203878286628,-0.0038095796121713375,0.514835682661397,0.3706002380045833,0.35998487781774025,6,11,False
ロンドン,17,45,30,買,2785,0.003644985311757967,-0.0013550146882420331,1.4864685391133976,0.63853887538729,1.4681337894315185,7,11,False
ロンドン,17,45,30,売,2785,-0.003644985311757967,-0.008644985311757968,-1.4864685391133976,-0.63853887538729,-1.4681337894315185,4,11,False
ロンドン,18,0,30,買,2785,-0.0014011804303361106,-0.006401180430336111,-0.5034963967923415,-0.18485754750798744,-0.520173500474592,5,11,False
ロンドン,18,0,30,売,2785,0.0014011804303361106,-0.0035988195696638895,0.5034963967923415,0.18485754750798744,0.520173500474592,6,11,False
ロンドン,18,15,30,買,2785,0.0006469748933697076,-0.004353025106630292,0.23964711382378845,-0.31256266338146194,0.5564564895978855,6,11,False
ロンドン,18,15,30,売,2785,-0.0006469748933697076,-0.005646974893369708,-0.23964711382378845,0.31256266338146194,-0.5564564895978855,5,11,False
ロンドン,18,30,30,買,2785,0.005137382107895735,0.000137382107895735,1.9217229720288105,0.8289688690175376,1.791773145646389,8,11,False
ロンドン,18,30,30,売,2785,-0.005137382107895735,-0.010137382107895734,-1.9217229720288105,-0.8289688690175376,-1.791773145646389,3,11,False
ロンドン,18,45,30,買,2785,0.0009159102162582398,-0.004084089783741761,0.317754741598094,0.3796027196219577,0.1037626391080142,6,11,False
ロンドン,18,45,30,売,2785,-0.0009159102162582398,-0.0059159102162582395,-0.317754741598094,-0.3796027196219577,-0.1037626391080142,5,11,False
ロンドン,19,0,30,買,2785,-0.0011230201435086739,-0.0061230201435086735,-0.410762316479307,-0.22548349456902392,-0.34947556708298616,5,11,False
ロンドン,19,0,30,売,2785,0.0011230201435086739,-0.0038769798564913262,0.410762316479307,0.22548349456902392,0.34947556708298616,6,11,False
ロンドン,19,15,30,買,2785,0.0016693112719152543,-0.0033306887280847458,0.6357619284753155,0.6678338438143151,0.2664343148171554,7,11,False
ロンドン,19,15,30,売,2785,-0.0016693112719152543,-0.006669311271915255,-0.6357619284753155,-0.6678338438143151,-0.2664343148171554,4,11,False
ロンドン,19,30,30,買,2785,0.0009700341611476887,-0.004029965838852311,0.3966185320717905,0.7250845736512448,-0.10207239850551592,7,11,False
ロンドン,19,30,30,売,2785,-0.0009700341611476887,-0.005970034161147689,-0.3966185320717905,-0.7250845736512448,0.10207239850551592,4,11,False
ロンドン,19,45,30,買,2785,-0.0007839240749166971,-0.005783924074916697,-0.33231544842509664,-0.8257440741437779,0.27324769774615537,4,11,False
ロンドン,19,45,30,売,2785,0.0007839240749166971,-0.004216075925083303,0.33231544842509664,0.8257440741437779,-0.27324769774615537,7,11,False
ロンドン,20,0,30,買,2785,8.358008141734495e-05,-0.004916419918582655,0.03588304945596325,-1.4191889929188315,1.0940000474623657,4,11,False
ロンドン,20,0,30,売,2785,-8.358008141734495e-05,-0.005083580081417345,-0.03588304945596325,1.4191889929188315,-1.0940000474623657,7,11,False
ロンドン,20,15,30,買,2785,0.0023756042174268217,-0.0026243957825731784,1.0775980074398654,0.23704863849080904,1.1687864005805082,7,11,False
ロンドン,20,15,30,売,2785,-0.0023756042174268217,-0.007375604217426822,-1.0775980074398654,-0.23704863849080904,-1.1687864005805082,4,11,False
ロンドン,20,30,30,買,2785,0.0013059730120112687,-0.003694026987988731,0.5693899801428565,0.19789200547104951,0.5866043808871724,4,11,False
ロンドン,20,30,30,売,2785,-0.0013059730120112687,-0.006305973012011269,-0.5693899801428565,-0.19789200547104951,-0.5866043808871724,7,11,False
ロンドン,20,45,30,買,2785,-0.0018507407500059471,-0.006850740750005947,-1.1012936578438752,-1.2336638287348956,-0.37892979836157015,3,11,False
ロンドン,20,45,30,売,2785,0.0018507407500059471,-0.003149259249994053,1.1012936578438752,1.2336638287348956,0.37892979836157015,8,11,False
ロンドン,21,0,30,買,2785,-0.0012244156025382055,-0.006224415602538206,-0.8287400148597432,-0.5747802520022515,-0.5982806182918937,4,11,False
ロンドン,21,0,30,売,2785,0.0012244156025382055,-0.0037755843974617946,0.8287400148597432,0.5747802520022515,0.5982806182918937,7,11,False
ロンドン,21,15,30,買,2785,-0.00216609768623641,-0.0071660976862364095,-1.6020782764264299,-0.8875925316625674,-1.336345847208803,4,11,False
ロンドン,21,15,30,売,2785,0.00216609768623641,-0.0028339023137635903,1.6020782764264299,0.8875925316625674,1.336345847208803,7,11,False
ロンドン,21,30,30,買,2785,-0.016153313821998846,-0.021153313821998847,-11.024246827940605,-13.84041044674017,-2.712268152368679,1,11,False
ロンドン,21,30,30,売,2785,0.016153313821998846,0.011153313821998845,11.024246827940605,13.84041044674017,2.712268152368679,10,11,False
ロンドン,21,45,30,買,2785,-0.013978735332998364,-0.018978735332998365,-11.081979958279373,-14.538479791953383,-1.6430222772646583,2,11,False
ロンドン,21,45,30,売,2785,0.013978735332998364,0.008978735332998363,11.081979958279373,14.538479791953383,1.6430222772646583,9,11,False
ロンドン,22,0,30,買,2785,0.0018444325122599404,-0.00315556748774006,2.73063700867584,1.9204903106094287,1.9421698384297397,11,11,True
ロンドン,22,0,30,売,2785,-0.0018444325122599404,-0.00684443251225994,-2.73063700867584,-1.9204903106094287,-1.9421698384297397,0,11,True
ロンドン,22,15,30,買,2785,0.0005382368457850162,-0.004461763154214984,1.0960050088105084,1.6009597553762964,0.060623207517948856,8,11,True
ロンドン,22,15,30,売,2785,-0.0005382368457850162,-0.005538236845785016,-1.0960050088105084,-1.6009597553762964,-0.060623207517948856,3,11,True
ロンドン,22,30,30,買,2785,0.004111448562388171,-0.0008885514376118292,3.7011816910622093,6.624814113578149,-0.8720031315684951,7,11,True
ロンドン,22,30,30,売,2785,-0.004111448562388171,-0.009111448562388172,-3.7011816910622093,-6.624814113578149,0.8720031315684951,4,11,True
ロンドン,22,45,30,買,2785,0.02805549534629501,0.02305549534629501,14.776618117837051,14.32939332228513,7.713612071282129,11,11,True
ロンドン,22,45,30,売,2785,-0.02805549534629501,-0.03305549534629501,-14.776618117837051,-14.32939332228513,-7.713612071282129,0,11,True
ロンドン,23,0,30,買,2785,0.02852217454562316,0.023522174545623158,13.505843775391835,11.119665914490003,8.783166678846975,11,11,True
ロンドン,23,0,30,売,2785,-0.02852217454562316,-0.03352217454562316,-13.505843775391835,-11.119665914490003,-8.783166678846975,0,11,True
ロンドン,23,15,30,買,2785,0.007262278816788165,0.0022622788167881653,4.603412042175955,2.6143856444059557,3.810070747173292,9,11,True
ロンドン,23,15,30,売,2785,-0.007262278816788165,-0.012262278816788166,-4.603412042175955,-2.6143856444059557,-3.810070747173292,2,11,True
ロンドン,23,30,30,買,2785,0.0031487308135773966,-0.0018512691864226035,1.9148348980193057,0.6994129182637978,1.8517106553351588,8,11,True
ロンドン,23,30,30,売,2785,-0.0031487308135773966,-0.008148730813577396,-1.9148348980193057,-0.6994129182637978,-1.8517106553351588,3,11,True
ロンドン,23,45,30,買,2785,0.003027191245690326,-0.001972808754309674,1.7464642139461974,0.08909720064637637,2.0718336259449828,7,11,True
ロンドン,23,45,30,売,2785,-0.003027191245690326,-0.008027191245690325,-1.7464642139461974,-0.08909720064637637,-2.0718336259449828,4,11,True
ロンドン,0,0,60,買,2784,0.005759630523848303,0.0007596305238483031,2.0471749093958334,1.227872898797215,1.6397435778051346,7,11,True
ロンドン,0,0,60,売,2784,-0.005759630523848303,-0.010759630523848304,-2.0471749093958334,-1.227872898797215,-1.6397435778051346,4,11,True
ロンドン,0,15,60,買,2784,0.002016276253850162,-0.0029837237461498383,0.5608384465324526,0.5532346519119616,0.3068981160400371,7,11,True
ロンドン,0,15,60,売,2784,-0.002016276253850162,-0.0070162762538501615,-0.5608384465324526,-0.5532346519119616,-0.3068981160400371,4,11,True
ロンドン,0,30,60,買,2784,0.003707268293778238,-0.0012927317062217621,1.0795209097497898,0.4935826628591546,0.9793213318372523,8,11,True
ロンドン,0,30,60,売,2784,-0.003707268293778238,-0.008707268293778238,-1.0795209097497898,-0.4935826628591546,-0.9793213318372523,3,11,True
ロンドン,0,45,60,買,2784,0.00689309411836654,0.0018930941183665402,2.0145346447710883,-0.06838043642913902,2.578338436554364,6,11,True
ロンドン,0,45,60,売,2784,-0.00689309411836654,-0.01189309411836654,-2.0145346447710883,0.06838043642913902,-2.578338436554364,5,11,True
ロンドン,1,0,60,買,2785,0.005813110806385048,0.0008131108063850478,1.5558903060244225,0.06299540270784444,1.9328888970329892,8,11,True
ロンドン,1,0,60,売,2785,-0.005813110806385048,-0.010813110806385048,-1.5558903060244225,-0.06299540270784444,-1.9328888970329892,3,11,True
ロンドン,1,15,60,買,2785,0.010205142275962887,0.0052051422759628865,2.617210544445814,0.29867778596376476,3.0434965706642854,9,11,True
ロンドン,1,15,60,売,2785,-0.010205142275962887,-0.015205142275962886,-2.617210544445814,-0.29867778596376476,-3.0434965706642854,2,11,True
ロンドン,1,30,60,買,2785,0.011831763184371177,0.0068317631843711766,2.9135232056500513,1.3667910039420579,2.5894395990361114,8,11,True
ロンドン,1,30,60,売,2785,-0.011831763184371177,-0.016831763184371178,-2.9135232056500513,-1.3667910039420579,-2.5894395990361114,3,11,True
ロンドン,1,45,60,買,2785,0.009410175452434583,0.0044101754524345825,2.1915239977461742,1.8011367725660312,1.4474997398214355,8,11,True
ロンドン,1,45,60,売,2785,-0.009410175452434583,-0.014410175452434584,-2.1915239977461742,-1.8011367725660312,-1.4474997398214355,3,11,True
ロンドン,2,0,60,買,2785,0.003676114466140721,-0.0013238855338592792,0.872267573888399,1.3894912271729098,0.1375640743352949,8,11,False
ロンドン,2,0,60,売,2785,-0.003676114466140721,-0.008676114466140722,-0.872267573888399,-1.3894912271729098,-0.1375640743352949,3,11,False
ロンドン,2,15,60,買,2785,0.0021958635734572094,-0.0028041364265427907,0.6105831207955519,1.2004428762683264,-0.1086563591927791,6,11,False
ロンドン,2,15,60,売,2785,-0.0021958635734572094,-0.007195863573457209,-0.6105831207955519,-1.2004428762683264,0.1086563591927791,5,11,False
ロンドン,2,30,60,買,2785,0.0019876494392784797,-0.0030123505607215204,0.6146860747850988,1.0406500500927691,-0.004109117099513759,6,11,False
ロンドン,2,30,60,売,2785,-0.0019876494392784797,-0.00698764943927848,-0.6146860747850988,-1.0406500500927691,0.004109117099513759,5,11,False
ロンドン,2,45,60,買,2785,-0.0029996284891355553,-0.007999628489135555,-0.9291363606339336,0.04141051094177447,-1.1652665849150021,6,11,False
ロンドン,2,45,60,売,2785,0.0029996284891355553,-0.002000371510864445,0.9291363606339336,-0.04141051094177447,1.1652665849150021,5,11,False
ロンドン,3,0,60,買,2785,-0.0005438030245301415,-0.005543803024530142,-0.18647063382162285,-0.839379410227377,0.38090905335590425,6,11,False
ロンドン,3,0,60,売,2785,0.0005438030245301415,-0.0044561969754698585,0.18647063382162285,0.839379410227377,-0.38090905335590425,5,11,False
ロンドン,3,15,60,買,2785,-0.0011648449663865035,-0.006164844966386504,-0.40947236914321206,-0.3752153539165975,-0.23451409454685979,5,11,False
ロンドン,3,15,60,売,2785,0.0011648449663865035,-0.0038351550336134963,0.40947236914321206,0.3752153539165975,0.23451409454685979,6,11,False
ロンドン,3,30,60,買,2785,-0.003574249490083355,-0.008574249490083355,-1.2969672605044444,-1.7623855762480325,-0.2525973062022666,3,11,False
ロンドン,3,30,60,売,2785,0.003574249490083355,-0.0014257505099166453,1.2969672605044444,1.7623855762480325,0.2525973062022666,8,11,False
ロンドン,3,45,60,買,2785,0.00022364720067346593,-0.004776352799326534,0.08469668229042111,-0.3281390519788952,0.41581099547204814,5,11,False
ロンドン,3,45,60,売,2785,-0.00022364720067346593,-0.005223647200673466,-0.08469668229042111,0.3281390519788952,-0.41581099547204814,6,11,False
ロンドン,4,0,60,買,2785,0.00012449021204097993,-0.00487550978795902,0.050093472825346645,-0.17909814275312175,0.25800402376659215,4,11,False
ロンドン,4,0,60,売,2785,-0.00012449021204097993,-0.00512449021204098,-0.050093472825346645,0.17909814275312175,-0.25800402376659215,7,11,False
ロンドン,4,15,60,買,2785,-0.00035369939903697996,-0.0053536993990369805,-0.15627630055781427,-0.33455645722328153,0.10297870291464979,4,11,False
ロンドン,4,15,60,売,2785,0.00035369939903697996,-0.00464630060096302,0.15627630055781427,0.33455645722328153,-0.10297870291464979,7,11,False
ロンドン,4,30,60,買,2785,-0.0021567451430921244,-0.007156745143092124,-0.9722248814740818,-0.12561929102211153,-1.157466537112237,5,11,False
ロンドン,4,30,60,売,2785,0.0021567451430921244,-0.0028432548569078757,0.9722248814740818,0.12561929102211153,1.157466537112237,6,11,False
ロンドン,4,45,60,買,2785,-0.0020365009144406522,-0.007036500914440653,-0.8148441266557109,-0.8618879799027412,-0.4162211760055205,5,11,False
ロンドン,4,45,60,売,2785,0.0020365009144406522,-0.002963499085559348,0.8148441266557109,0.8618879799027412,0.4162211760055205,6,11,False
ロンドン,5,0,60,買,2785,-0.0006716527187274333,-0.005671652718727434,-0.23787999479290675,0.07623563038227668,-0.31860700524288604,7,11,False
ロンドン,5,0,60,売,2785,0.0006716527187274333,-0.004328347281272567,0.23787999479290675,-0.07623563038227668,0.31860700524288604,4,11,False
ロンドン,5,15,60,買,2785,-0.0011189746909901054,-0.0061189746909901055,-0.3692002716531809,-0.6431444052098352,-0.016442953212399913,6,11,False
ロンドン,5,15,60,売,2785,0.0011189746909901054,-0.0038810253090098947,0.3692002716531809,0.6431444052098352,0.016442953212399913,5,11,False
ロンドン,5,30,60,買,2785,0.0021466695757268225,-0.0028533304242731776,0.6515025945855091,0.8226114528133202,0.2499806877037869,7,11,False
ロンドン,5,30,60,売,2785,-0.0021466695757268225,-0.007146669575726823,-0.6515025945855091,-0.8226114528133202,-0.2499806877037869,4,11,False
ロンドン,5,45,60,買,2785,0.0005797278863502645,-0.004420272113649736,0.16978274163931864,1.4914719015342766,-0.7304733963951853,7,11,False
ロンドン,5,45,60,売,2785,-0.0005797278863502645,-0.0055797278863502645,-0.16978274163931864,-1.4914719015342766,0.7304733963951853,4,11,False
ロンドン,6,0,60,買,2785,-0.0004245520293633159,-0.005424552029363316,-0.1259060697200786,0.7662930510330932,-0.6943982838901419,4,11,False
ロンドン,6,0,60,売,2785,0.0004245520293633159,-0.004575447970636685,0.1259060697200786,-0.7662930510330932,0.6943982838901419,7,11,False
ロンドン,6,15,60,買,2785,0.00036219494418171787,-0.004637805055818282,0.09933601237529158,-0.07005849424365168,0.16662810132075964,5,11,False
ロンドン,6,15,60,売,2785,-0.00036219494418171787,-0.005362194944181718,-0.09933601237529158,0.07005849424365168,-0.16662810132075964,6,11,False
ロンドン,6,30,60,買,2785,-7.323872328298031e-05,-0.00507323872328298,-0.020072371067897908,-0.9074195662562022,0.6523110010845419,5,11,False
ロンドン,6,30,60,売,2785,7.323872328298031e-05,-0.00492676127671702,0.020072371067897908,0.9074195662562022,-0.6523110010845419,6,11,False
ロンドン,6,45,60,買,2785,-0.00018117889132763913,-0.005181178891327639,-0.05207290895664604,-2.2783672399310624,1.6810717343195858,6,11,False
ロンドン,6,45,60,売,2785,0.00018117889132763913,-0.004818821108672361,0.05207290895664604,2.2783672399310624,-1.6810717343195858,5,11,False
ロンドン,7,0,60,買,2785,0.0030668492534412814,-0.0019331507465587187,0.8803488523612735,-1.3833281177351329,2.393739430529932,6,11,False
ロンドン,7,0,60,売,2785,-0.0030668492534412814,-0.008066849253441281,-0.8803488523612735,1.3833281177351329,-2.393739430529932,5,11,False
ロンドン,7,15,60,買,2785,0.006327891223674403,0.001327891223674403,1.7001468846969952,1.072230886013224,1.3193486683379438,7,11,False
ロンドン,7,15,60,売,2785,-0.006327891223674403,-0.011327891223674403,-1.7001468846969952,-1.072230886013224,-1.3193486683379438,4,11,False
ロンドン,7,30,60,買,2785,0.00500067576614205,6.757661420503033e-07,1.4180763924649642,1.0175831315404353,1.0010225990516217,6,11,False
ロンドン,7,30,60,売,2785,-0.00500067576614205,-0.01000067576614205,-1.4180763924649642,-1.0175831315404353,-1.0010225990516217,5,11,False
ロンドン,7,45,60,買,2785,0.008890909819174894,0.0038909098191748934,2.451808045594642,3.0221172113918926,0.6317251292561233,9,11,False
ロンドン,7,45,60,売,2785,-0.008890909819174894,-0.013890909819174894,-2.451808045594642,-3.0221172113918926,-0.6317251292561233,2,11,False
ロンドン,8,0,60,買,2785,0.004426985550802495,-0.0005730144491975049,1.215821280397505,2.0779233396843675,-0.1928291849756474,7,11,False
ロンドン,8,0,60,売,2785,-0.004426985550802495,-0.009426985550802496,-1.215821280397505,-2.0779233396843675,0.1928291849756474,4,11,False
ロンドン,8,15,60,買,2785,0.0022558583683256776,-0.0027441416316743225,0.609948258586635,1.530646566292027,-0.40749700765902874,7,11,False
ロンドン,8,15,60,売,2785,-0.0022558583683256776,-0.007255858368325678,-0.609948258586635,-1.530646566292027,0.40749700765902874,4,11,False
ロンドン,8,30,60,買,2785,0.0011174808573903023,-0.0038825191426096976,0.30631261171547086,1.1518844811521582,-0.4378908427161216,5,11,False
ロンドン,8,30,60,売,2785,-0.0011174808573903023,-0.006117480857390303,-0.30631261171547086,-1.1518844811521582,0.4378908427161216,6,11,False
ロンドン,8,45,60,買,2785,0.0006132944479227882,-0.0043867055520772115,0.1768735769975493,0.5965114269142326,-0.1984556073105778,5,11,False
ロンドン,8,45,60,売,2785,-0.0006132944479227882,-0.005613294447922789,-0.1768735769975493,-0.5965114269142326,0.1984556073105778,6,11,False
ロンドン,9,0,60,買,2785,0.002887799527753876,-0.002112200472246124,0.8437341457721771,1.4165405527190664,-0.01307282457771716,7,11,False
ロンドン,9,0,60,売,2785,-0.002887799527753876,-0.007887799527753876,-0.8437341457721771,-1.4165405527190664,0.01307282457771716,4,11,False
ロンドン,9,15,60,買,2785,0.008072699787512782,0.0030726997875127815,2.4809608732512283,1.3428158790813824,2.1121583568354962,9,11,False
ロンドン,9,15,60,売,2785,-0.008072699787512782,-0.01307269978751278,-2.4809608732512283,-1.3428158790813824,-2.1121583568354962,2,11,False
ロンドン,9,30,60,買,2785,-0.0013045526112284826,-0.0063045526112284825,-0.41828303158401914,0.24280762415603852,-0.775634162625181,5,11,False
ロンドン,9,30,60,売,2785,0.0013045526112284826,-0.0036954473887715177,0.41828303158401914,-0.24280762415603852,0.775634162625181,6,11,False
ロンドン,9,45,60,買,2785,-0.0008571781061348316,-0.005857178106134832,-0.28851252791858295,0.3363133531432352,-0.6795280660570289,6,11,False
ロンドン,9,45,60,売,2785,0.0008571781061348316,-0.004142821893865168,0.28851252791858295,-0.3363133531432352,0.6795280660570289,5,11,False
ロンドン,10,0,60,買,2785,-0.001186903181000173,-0.006186903181000173,-0.3857334922813505,-0.7749378846444743,0.20321389843267804,6,11,False
ロンドン,10,0,60,売,2785,0.001186903181000173,-0.0038130968189998274,0.3857334922813505,0.7749378846444743,-0.20321389843267804,5,11,False
ロンドン,10,15,60,買,2785,-0.0030826576686129705,-0.00808265766861297,-0.9126786049633953,-0.8018284578736865,-0.5412390674139458,5,11,False
ロンドン,10,15,60,売,2785,0.0030826576686129705,-0.0019173423313870296,0.9126786049633953,0.8018284578736865,0.5412390674139458,6,11,False
ロンドン,10,30,60,買,2785,0.0063036673452626524,0.0013036673452626523,1.9441245637226408,0.7089642918007358,1.8654143071105125,8,11,False
ロンドン,10,30,60,売,2785,-0.0063036673452626524,-0.011303667345262652,-1.9441245637226408,-0.7089642918007358,-1.8654143071105125,3,11,False
ロンドン,10,45,60,買,2785,0.004993926914693923,-6.073085306076975e-06,1.4727110938855381,0.18520189011790592,1.6628592187004807,6,11,False
ロンドン,10,45,60,売,2785,-0.004993926914693923,-0.009993926914693923,-1.4727110938855381,-0.18520189011790592,-1.6628592187004807,5,11,False
ロンドン,11,0,60,買,2785,0.0016751453413967681,-0.003324854658603232,0.508522684008039,0.004149564215994402,0.6309570678439629,7,11,False
ロンドン,11,0,60,売,2785,-0.0016751453413967681,-0.006675145341396768,-0.508522684008039,-0.004149564215994402,-0.6309570678439629,4,11,False
ロンドン,11,15,60,買,2785,0.0011941946901904816,-0.0038058053098095185,0.35142320896933643,0.04393169242036562,0.42720607517495457,7,11,False
ロンドン,11,15,60,売,2785,-0.0011941946901904816,-0.006194194690190481,-0.35142320896933643,-0.04393169242036562,-0.42720607517495457,4,11,False
ロンドン,11,30,60,買,2785,0.00039120147076496313,-0.004608798529235037,0.11707007645159874,-0.4143853969282426,0.5253740505397626,5,11,False
ロンドン,11,30,60,売,2785,-0.00039120147076496313,-0.0053912014707649634,-0.11707007645159874,0.4143853969282426,-0.5253740505397626,6,11,False
ロンドン,11,45,60,買,2785,-0.0006310958366481022,-0.005631095836648102,-0.17258112574959839,-0.9162262928668404,0.5820080150045517,5,11,False
ロンドン,11,45,60,売,2785,0.0006310958366481022,-0.004368904163351898,0.17258112574959839,0.9162262928668404,-0.5820080150045517,6,11,False
ロンドン,12,0,60,買,2785,0.0013792059206408501,-0.00362079407935915,0.37081387680378686,-0.36642591497644417,0.8013010657780341,5,11,False
ロンドン,12,0,60,売,2785,-0.0013792059206408501,-0.006379205920640851,-0.37081387680378686,0.36642591497644417,-0.8013010657780341,6,11,False
ロンドン,12,15,60,買,2785,-0.0009496817347377017,-0.005949681734737702,-0.2512501836670025,-0.6049059823848398,0.1767551096177311,4,11,False
ロンドン,12,15,60,売,2785,0.0009496817347377017,-0.004050318265262298,0.2512501836670025,0.6049059823848398,-0.1767551096177311,7,11,False
ロンドン,12,30,60,買,2785,-0.004794664127366289,-0.00979466412736629,-1.1491948246367463,-0.22930411730890363,-1.3111504745710718,4,11,False
ロンドン,12,30,60,売,2785,0.004794664127366289,-0.00020533587263371102,1.1491948246367463,0.22930411730890363,1.3111504745710718,7,11,False
ロンドン,12,45,60,買,2785,-0.00015488546218902707,-0.005154885462189027,-0.026811289834695953,0.2273125853206253,-0.21423184559634076,5,11,False
ロンドン,12,45,60,売,2785,0.00015488546218902707,-0.004845114537810973,0.026811289834695953,-0.2273125853206253,0.21423184559634076,6,11,False
ロンドン,13,0,60,買,2785,0.00017690133398775925,-0.004823098666012241,0.02879991461122868,0.4345320122575998,-0.3031832575876569,5,11,False
ロンドン,13,0,60,売,2785,-0.00017690133398775925,-0.00517690133398776,-0.02879991461122868,-0.4345320122575998,0.3031832575876569,6,11,False
ロンドン,13,15,60,買,2785,0.0013145855023482644,-0.0036854144976517355,0.20459800114502827,0.3199608271896042,0.005458103484765656,4,11,False
ロンドン,13,15,60,売,2785,-0.0013145855023482644,-0.006314585502348265,-0.20459800114502827,-0.3199608271896042,-0.005458103484765656,7,11,False
ロンドン,13,30,60,買,2785,0.006177092777808313,0.0011770927778083128,0.9852309114017037,0.9658701070731033,0.49205279423397774,8,11,False
ロンドン,13,30,60,売,2785,-0.006177092777808313,-0.011177092777808314,-0.9852309114017037,-0.9658701070731033,-0.49205279423397774,3,11,False
ロンドン,13,45,60,買,2785,4.794555596055464e-05,-0.004952054444039446,0.008260456401737214,0.045871013661011276,-0.025868102285143895,6,11,False
ロンドン,13,45,60,売,2785,-4.794555596055464e-05,-0.005047945555960554,-0.008260456401737214,-0.045871013661011276,0.025868102285143895,5,11,False
ロンドン,14,0,60,買,2785,-0.007242714171325579,-0.012242714171325579,-1.1861151599523012,-1.447112055731123,-0.32530825607943037,3,11,False
ロンドン,14,0,60,売,2785,0.007242714171325579,0.0022427141713255785,1.1861151599523012,1.447112055731123,0.32530825607943037,8,11,False
ロンドン,14,15,60,買,2785,-0.004946998922992799,-0.009946998922992799,-0.7493563516163767,-1.0277879128447536,-0.12287454656137811,5,11,False
ロンドン,14,15,60,売,2785,0.004946998922992799,-5.30010770072014e-05,0.7493563516163767,1.0277879128447536,0.12287454656137811,6,11,False
ロンドン,14,30,60,買,2785,-0.004773727182183302,-0.009773727182183303,-0.6840094729881447,-1.2132911840101988,0.06936561080680904,5,11,False
ロンドン,14,30,60,売,2785,0.004773727182183302,-0.0002262728178166985,0.6840094729881447,1.2132911840101988,-0.06936561080680904,6,11,False
ロンドン,14,45,60,買,2785,-0.006518497569537043,-0.011518497569537043,-0.9574541439045661,-1.060398305476141,-0.4141811930777553,5,11,False
ロンドン,14,45,60,売,2785,0.006518497569537043,0.0015184975695370431,0.9574541439045661,1.060398305476141,0.4141811930777553,6,11,False
ロンドン,15,0,60,買,2785,0.004822326126507217,-0.00017767387349278303,0.7784024378680753,1.4717940233206623,-0.11816126196900038,7,11,False
ロンドン,15,0,60,売,2785,-0.004822326126507217,-0.009822326126507217,-0.7784024378680753,-1.4717940233206623,0.11816126196900038,4,11,False
ロンドン,15,15,60,買,2785,0.004550965403759867,-0.00044903459624013285,0.8539359438299656,1.556883507648441,-0.13453468871871258,7,11,False
ロンドン,15,15,60,売,2785,-0.004550965403759867,-0.009550965403759867,-0.8539359438299656,-1.556883507648441,0.13453468871871258,4,11,False
ロンドン,15,30,60,買,2785,0.006462082304108617,0.0014620823041086167,1.2617877893549216,1.598378453562402,0.32983255173030074,8,11,False
ロンドン,15,30,60,売,2785,-0.006462082304108617,-0.011462082304108617,-1.2617877893549216,-1.598378453562402,-0.32983255173030074,3,11,False
ロンドン,15,45,60,買,2785,0.008503661486962409,0.0035036614869624087,1.7528784098993115,1.5462565421635615,0.9946223985346114,8,11,False
ロンドン,15,45,60,売,2785,-0.008503661486962409,-0.013503661486962408,-1.7528784098993115,-1.5462565421635615,-0.9946223985346114,3,11,False
ロンドン,16,0,60,買,2785,0.0055563665728122075,0.0005563665728122074,1.2746694206760651,0.25908123444956166,1.4283492712068957,7,11,False
ロンドン,16,0,60,売,2785,-0.0055563665728122075,-0.010556366572812208,-1.2746694206760651,-0.25908123444956166,-1.4283492712068957,4,11,False
ロンドン,16,15,60,買,2785,-0.0013414676107206473,-0.006341467610720648,-0.32984628992706366,-0.4242650874435377,-0.07830922757139273,5,11,False
ロンドン,16,15,60,売,2785,0.0013414676107206473,-0.0036585323892793526,0.32984628992706366,0.4242650874435377,0.07830922757139273,6,11,False
ロンドン,16,30,60,買,2785,-0.006325686399147434,-0.011325686399147435,-1.6666960916073514,-1.536714151058271,-0.889113508504122,2,11,False
ロンドン,16,30,60,売,2785,0.006325686399147434,0.0013256863991474343,1.6666960916073514,1.536714151058271,0.889113508504122,9,11,False
ロンドン,16,45,60,買,2785,-0.008438965067211136,-0.013438965067211137,-2.2570624754413577,-1.056608565345203,-2.0222526598891175,1,11,False
ロンドン,16,45,60,売,2785,0.008438965067211136,0.0034389650672111355,2.2570624754413577,1.056608565345203,2.0222526598891175,10,11,False
ロンドン,17,0,60,買,2785,-0.00706145181595355,-0.01206145181595355,-1.9736989064369084,-0.9962533224901166,-1.728167557212036,4,11,False
ロンドン,17,0,60,売,2785,0.00706145181595355,0.00206145181595355,1.9736989064369084,0.9962533224901166,1.728167557212036,7,11,False
ロンドン,17,15,60,買,2785,-0.0023816188153379598,-0.00738161881533796,-0.6795200079302087,-0.29740798663278173,-0.642051373758046,5,11,False
ロンドン,17,15,60,売,2785,0.0023816188153379598,-0.0026183811846620404,0.6795200079302087,0.29740798663278173,0.642051373758046,6,11,False
ロンドン,17,30,60,買,2785,-0.0025799920352685465,-0.007579992035268547,-0.6922934698767181,-0.3666509701729523,-0.6012401273211292,4,11,False
ロンドン,17,30,60,売,2785,0.0025799920352685465,-0.0024200079647314536,0.6922934698767181,0.3666509701729523,0.6012401273211292,7,11,False
ロンドン,17,45,60,買,2785,0.004301120799520401,-0.0006988792004795994,1.1511283668469021,0.23879182746082833,1.3234702247176051,7,11,False
ロンドン,17,45,60,売,2785,-0.004301120799520401,-0.0093011207995204,-1.1511283668469021,-0.23879182746082833,-1.3234702247176051,4,11,False
ロンドン,18,0,60,買,2785,0.0037156020255800742,-0.0012843979744199259,1.0144460666408635,0.39774393602710756,1.0254266292907677,9,11,False
ロンドン,18,0,60,売,2785,-0.0037156020255800742,-0.008715602025580074,-1.0144460666408635,-0.39774393602710756,-1.0254266292907677,2,11,False
ロンドン,18,15,60,買,2785,0.0015370185212430043,-0.003462981478756996,0.41477939748280424,0.06290761869750944,0.4951130535443453,7,11,False
ロンドン,18,15,60,売,2785,-0.0015370185212430043,-0.006537018521243004,-0.41477939748280424,-0.06290761869750944,-0.4951130535443453,4,11,False
ロンドン,18,30,60,買,2785,0.004010553903634132,-0.0009894460963658681,1.0583990267782888,0.39426973440824586,1.0470674748604514,7,11,False
ロンドン,18,30,60,売,2785,-0.004010553903634132,-0.009010553903634132,-1.0583990267782888,-0.39426973440824586,-1.0470674748604514,4,11,False
ロンドン,18,45,60,買,2785,0.0025752624180561145,-0.0024247375819438856,0.6763181333492486,0.7309288890962162,0.2622342086883065,7,11,False
ロンドン,18,45,60,売,2785,-0.0025752624180561145,-0.007575262418056115,-0.6763181333492486,-0.7309288890962162,-0.2622342086883065,4,11,False
ロンドン,19,0,60,買,2785,-0.00015159977349045776,-0.005151599773490458,-0.041182624837615645,0.3125269129663075,-0.31893122481045316,6,11,False
ロンドン,19,0,60,売,2785,0.00015159977349045776,-0.004848400226509542,0.041182624837615645,-0.3125269129663075,0.31893122481045316,5,11,False
ロンドン,19,15,60,買,2785,0.000864046911582659,-0.004135953088417341,0.26132872285549336,-0.06938856042666561,0.3977842188084747,5,11,False
ロンドン,19,15,60,売,2785,-0.000864046911582659,-0.0058640469115826595,-0.26132872285549336,0.06938856042666561,-0.3977842188084747,6,11,False
ロンドン,19,30,60,買,2785,0.0010481429098429924,-0.003951857090157008,0.3158250859508205,-0.3872977884440981,0.7184730166378678,6,11,False
ロンドン,19,30,60,売,2785,-0.0010481429098429924,-0.006048142909842992,-0.3158250859508205,0.3872977884440981,-0.7184730166378678,5,11,False
ロンドン,19,45,60,買,2785,0.0016015905776604075,-0.003398409422339593,0.4799987697461143,-0.46266133723687486,0.9769227507943399,5,11,False
ロンドン,19,45,60,売,2785,-0.0016015905776604075,-0.006601590577660407,-0.4799987697461143,0.46266133723687486,-0.9769227507943399,6,11,False
ロンドン,20,0,60,買,2785,0.0013983425415226539,-0.0036016574584773462,0.41563685958555047,-0.8084102725595147,1.149873990167586,3,11,False
ロンドン,20,0,60,売,2785,-0.0013983425415226539,-0.006398342541522654,-0.41563685958555047,0.8084102725595147,-1.149873990167586,8,11,False
ロンドン,20,15,60,買,2785,0.0005266589863024694,-0.0044733410136975306,0.18830313797106077,-0.6294763264375131,0.7123870374362734,5,11,False
ロンドン,20,15,60,売,2785,-0.0005266589863024694,-0.00552665898630247,-0.18830313797106077,0.6294763264375131,-0.7123870374362734,6,11,False
ロンドン,20,30,60,買,2785,5.937590564049249e-05,-0.004940624094359507,0.024535938724625492,-0.17976055480336087,0.1724653599609386,5,11,False
ロンドン,20,30,60,売,2785,-5.937590564049249e-05,-0.005059375905640493,-0.024535938724625492,0.17976055480336087,-0.1724653599609386,6,11,False
ロンドン,20,45,60,買,2785,-0.004016771848162519,-0.00901677184816252,-1.862079832532206,-1.5327035946924983,-1.1520139620177638,4,11,False
ロンドン,20,45,60,売,2785,0.004016771848162519,-0.000983228151837481,1.862079832532206,1.5327035946924983,1.1520139620177638,7,11,False
ロンドン,21,0,60,買,2785,-0.017377257695818667,-0.022377257695818668,-8.33221812736981,-10.42793184244745,-2.267412720188662,2,11,False
ロンドン,21,0,60,売,2785,0.017377257695818667,0.012377257695818666,8.33221812736981,10.42793184244745,2.267412720188662,9,11,False
ロンドン,21,15,60,買,2785,-0.016145389992766757,-0.021145389992766758,-8.80986639033876,-11.747888045745155,-2.0402662572981694,2,11,False
ロンドン,21,15,60,売,2785,0.016145389992766757,0.011145389992766756,8.80986639033876,11.747888045745155,2.0402662572981694,9,11,False
ロンドン,21,30,60,買,2785,-0.014308585040844929,-0.019308585040844928,-8.796387538813503,-11.378228959987396,-1.6790048388438532,2,11,False
ロンドン,21,30,60,売,2785,0.014308585040844929,0.00930858504084493,8.796387538813503,11.378228959987396,1.6790048388438532,9,11,False
ロンドン,21,45,60,買,2785,-0.013440183839021569,-0.01844018383902157,-9.851154685004733,-12.339537257283444,-1.5529329413361443,2,11,False
ロンドン,21,45,60,売,2785,0.013440183839021569,0.008440183839021568,9.851154685004733,12.339537257283444,1.5529329413361443,9,11,False
ロンドン,22,0,60,買,2785,0.005952645045999678,0.0009526450459996783,4.940640203839844,7.163330643884707,0.2604948591558105,7,11,True
ロンドン,22,0,60,売,2785,-0.005952645045999678,-0.010952645045999678,-4.940640203839844,-7.163330643884707,-0.2604948591558105,4,11,True
ロンドン,22,15,60,買,2785,0.028592185443451375,0.023592185443451374,14.816137348484972,14.857702373847783,7.516058180150012,11,11,True
ロンドン,22,15,60,売,2785,-0.028592185443451375,-0.033592185443451376,-14.816137348484972,-14.857702373847783,-7.516058180150012,0,11,True
ロンドン,22,30,60,買,2785,0.03262957072453836,0.027629570724538362,14.1463638518652,13.864759788883443,7.6776614086649175,11,11,True
ロンドン,22,30,60,売,2785,-0.03262957072453836,-0.03762957072453836,-14.1463638518652,-13.864759788883443,-7.6776614086649175,0,11,True
ロンドン,22,45,60,買,2785,0.03532648652101424,0.030326486521014242,13.764326487144901,13.355429789449751,7.646056584668829,11,11,True
ロンドン,22,45,60,売,2785,-0.03532648652101424,-0.04032648652101424,-13.764326487144901,-13.355429789449751,-7.646056584668829,0,11,True
ロンドン,23,0,60,買,2785,0.03167761227398096,0.026677612273980956,11.496219487126133,9.329507979614121,7.687128154833376,11,11,True
ロンドン,23,0,60,売,2785,-0.03167761227398096,-0.036677612273980954,-11.496219487126133,-9.329507979614121,-7.687128154833376,0,11,True
ロンドン,23,15,60,買,2785,0.010291799392651665,0.005291799392651665,4.32963414904449,1.8873365245973812,4.004077766586412,9,11,True
ロンドン,23,15,60,売,2785,-0.010291799392651665,-0.015291799392651666,-4.32963414904449,-1.8873365245973812,-4.004077766586412,2,11,True
ロンドン,23,30,60,買,2785,0.006849141181284061,0.001849141181284061,2.9123483653063835,1.2760323453745703,2.6942552039603966,7,11,True
ロンドン,23,30,60,売,2785,-0.006849141181284061,-0.011849141181284061,-2.9123483653063835,-1.2760323453745703,-2.6942552039603966,4,11,True
ロンドン,23,45,60,買,2785,0.006639061675376928,0.0016390616753769278,2.730728460511727,1.0871137764786527,2.5956063026837684,7,11,True
ロンドン,23,45,60,売,2785,-0.006639061675376928,-0.011639061675376927,-2.730728460511727,-1.0871137764786527,-2.5956063026837684,4,11,True
NY,0,0,15,買,2785,-0.0013143880767698293,-0.006314388076769829,-1.2081525689162937,-1.0674581381946893,-0.6972532102010432,3,11,False
NY,0,0,15,売,2785,0.0013143880767698293,-0.003685611923230171,1.2081525689162937,1.0674581381946893,0.6972532102010432,8,11,False
NY,0,15,15,買,2785,0.00021636629493444425,-0.004783633705065556,0.1865356055591634,0.17907763108207675,0.09547629960409805,6,11,False
NY,0,15,15,売,2785,-0.00021636629493444425,-0.005216366294934444,-0.1865356055591634,-0.17907763108207675,-0.09547629960409805,5,11,False
NY,0,30,15,買,2785,0.00018385784945676757,-0.004816142150543232,0.12353121955645731,0.05881607723614838,0.11090878893154976,8,11,False
NY,0,30,15,売,2785,-0.00018385784945676757,-0.005183857849456768,-0.12353121955645731,-0.05881607723614838,-0.11090878893154976,3,11,False
NY,0,45,15,買,2785,0.0020275984685438233,-0.0029724015314561768,1.533737349749909,1.6869537460291169,0.7088922476879918,8,11,False
NY,0,45,15,売,2785,-0.0020275984685438233,-0.007027598468543823,-1.533737349749909,-1.6869537460291169,-0.7088922476879918,3,11,False
NY,1,0,15,買,2785,-0.002127581234831877,-0.007127581234831877,-1.485252618663478,-1.761005649923115,-0.451899450736933,2,11,False
NY,1,0,15,売,2785,0.002127581234831877,-0.002872418765168123,1.485252618663478,1.761005649923115,0.451899450736933,9,11,False
NY,1,15,15,買,2785,0.0016053451922070855,-0.0033946548077929146,1.1340425963581962,2.140834950275401,-0.05556253527295263,8,11,False
NY,1,15,15,売,2785,-0.0016053451922070855,-0.006605345192207086,-1.1340425963581962,-2.140834950275401,0.05556253527295263,3,11,False
NY,1,30,15,買,2785,-6.404445128320349e-05,-0.005064044451283204,-0.03266421909011579,0.099492228124604,-0.10857281219281378,6,11,False
NY,1,30,15,売,2785,6.404445128320349e-05,-0.0049359555487167965,0.03266421909011579,-0.099492228124604,0.10857281219281378,5,11,False
NY,1,45,15,買,2785,-0.0018885418328320421,-0.006888541832832043,-1.1461969472508233,-0.9676072045109567,-0.7325495600344542,3,11,False
NY,1,45,15,売,2785,0.0018885418328320421,-0.003111458167167958,1.1461969472508233,0.9676072045109567,0.7325495600344542,8,11,False
NY,2,0,15,買,2785,0.00017001632481927707,-0.004829983675180723,0.09233665189961039,-2.01878059559168,1.8989227724356819,5,11,False
NY,2,0,15,売,2785,-0.00017001632481927707,-0.005170016324819277,-0.09233665189961039,2.01878059559168,-1.8989227724356819,6,11,False
NY,2,15,15,買,2785,0.002310721636515947,-0.002689278363484053,1.3342456158424862,1.018776391675891,0.9042806613861644,9,11,False
NY,2,15,15,売,2785,-0.002310721636515947,-0.007310721636515947,-1.3342456158424862,-1.018776391675891,-0.9042806613861644,2,11,False
NY,2,30,15,買,2785,-0.001233930554140866,-0.006233930554140866,-0.7175666617769579,-0.7364345308620281,-0.3471329840367622,4,11,False
NY,2,30,15,売,2785,0.001233930554140866,-0.003766069445859134,0.7175666617769579,0.7364345308620281,0.3471329840367622,7,11,False
NY,2,45,15,買,2785,0.003159672194722122,-0.001840327805277878,1.9614395332421664,0.8617394164234954,1.8662336830185944,5,11,False
NY,2,45,15,売,2785,-0.003159672194722122,-0.008159672194722122,-1.9614395332421664,-0.8617394164234954,-1.8662336830185944,6,11,False
NY,3,0,15,買,2785,0.0016234927134624263,-0.003376507286537574,0.7241544184241906,1.515294185002312,-0.3401774032047341,4,11,False
NY,3,0,15,売,2785,-0.0016234927134624263,-0.006623492713462426,-0.7241544184241906,-1.515294185002312,0.3401774032047341,7,11,False
NY,3,15,15,買,2785,0.0014729025307602098,-0.00352709746923979,0.8201987674271379,0.45744466148481994,0.6887217312593136,7,11,False
NY,3,15,15,売,2785,-0.0014729025307602098,-0.00647290253076021,-0.8201987674271379,-0.45744466148481994,-0.6887217312593136,4,11,False
NY,3,30,15,買,2785,0.0028639639481490005,-0.0021360360518509996,1.406662233000435,1.947119910357202,0.29938835486350046,9,11,False
NY,3,30,15,売,2785,-0.0028639639481490005,-0.007863963948149,-1.406662233000435,-1.947119910357202,-0.29938835486350046,2,11,False
NY,3,45,15,買,2785,-0.002074365303919486,-0.007074365303919486,-1.2922439912039414,-0.8804583822005392,-0.9488767364035685,2,11,False
NY,3,45,15,売,2785,0.002074365303919486,-0.0029256346960805143,1.2922439912039414,0.8804583822005392,0.9488767364035685,9,11,False
NY,4,0,15,買,2785,0.00043108802597561184,-0.004568911974024388,0.20391177195137555,1.4387757585172547,-0.6792226125047373,6,11,False
NY,4,0,15,売,2785,-0.00043108802597561184,-0.005431088025975612,-0.20391177195137555,-1.4387757585172547,0.6792226125047373,5,11,False
NY,4,15,15,買,2785,-0.002029717771415578,-0.0070297177714155785,-1.1678673922912486,-0.9548415187756216,-0.7599119641888014,4,11,False
NY,4,15,15,売,2785,0.002029717771415578,-0.002970282228584422,1.1678673922912486,0.9548415187756216,0.7599119641888014,7,11,False
NY,4,30,15,買,2785,0.0021127457643537405,-0.0028872542356462596,1.2685402853733088,1.820768558841391,0.19673793765824166,8,11,False
NY,4,30,15,売,2785,-0.0021127457643537405,-0.00711274576435374,-1.2685402853733088,-1.820768558841391,-0.19673793765824166,3,11,False
NY,4,45,15,買,2785,0.00045205109174008837,-0.004547948908259911,0.2999116669114289,0.5457031622855839,-0.04749606199875576,6,11,False
NY,4,45,15,売,2785,-0.00045205109174008837,-0.005452051091740089,-0.2999116669114289,-0.5457031622855839,0.04749606199875576,5,11,False
NY,5,0,15,買,2785,0.004748233011762696,-0.0002517669882373041,3.097136943902782,0.546602609584132,3.5673765470618903,9,11,False
NY,5,0,15,売,2785,-0.004748233011762696,-0.009748233011762697,-3.097136943902782,-0.546602609584132,-3.5673765470618903,2,11,False
NY,5,15,15,買,2785,-0.008016296943431441,-0.01301629694343144,-5.222630032880607,-2.835526509992891,-4.412669894247698,2,11,False
NY,5,15,15,売,2785,0.008016296943431441,0.0030162969434314414,5.222630032880607,2.835526509992891,4.412669894247698,9,11,False
NY,5,30,15,買,2785,0.002704674406315098,-0.002295325593684902,1.6289636329675365,1.4023683895258432,0.9799953198124005,8,11,False
NY,5,30,15,売,2785,-0.002704674406315098,-0.007704674406315098,-1.6289636329675365,-1.4023683895258432,-0.9799953198124005,3,11,False
NY,5,45,15,買,2785,0.001161434434794171,-0.003838565565205829,0.8226725965941104,-0.16394476224740293,1.1655876635444387,7,11,False
NY,5,45,15,売,2785,-0.001161434434794171,-0.0061614344347941715,-0.8226725965941104,0.16394476224740293,-1.1655876635444387,4,11,False
NY,6,0,15,買,2785,0.002536286061693013,-0.002463713938306987,1.5853022005476165,1.2046163044098201,1.0632378660751105,9,11,False
NY,6,0,15,売,2785,-0.002536286061693013,-0.007536286061693013,-1.5853022005476165,-1.2046163044098201,-1.0632378660751105,2,11,False
NY,6,15,15,買,2785,0.00011111149845003166,-0.004888888501549968,0.07082452629167157,0.18676095788466898,-0.04596702100233615,6,11,False
NY,6,15,15,売,2785,-0.00011111149845003166,-0.005111111498450032,-0.07082452629167157,-0.18676095788466898,0.04596702100233615,5,11,False
NY,6,30,15,買,2785,0.0007499745703735225,-0.004250025429626478,0.4999816818722423,1.6983320883685662,-0.6997157185394447,6,11,False
NY,6,30,15,売,2785,-0.0007499745703735225,-0.005749974570373522,-0.4999816818722423,-1.6983320883685662,0.6997157185394447,5,11,False
NY,6,45,15,買,2785,-0.002698364910312688,-0.007698364910312688,-1.5191720164906695,-2.2083481560808917,0.20985136203061638,4,11,False
NY,6,45,15,売,2785,0.002698364910312688,-0.002301635089687312,1.5191720164906695,2.2083481560808917,-0.20985136203061638,7,11,False
NY,7,0,15,買,2785,0.0037871566457418865,-0.0012128433542581136,1.6131806399991795,0.47611692258627497,1.58960152043868,6,11,False
NY,7,0,15,売,2785,-0.0037871566457418865,-0.008787156645741886,-1.6131806399991795,-0.47611692258627497,-1.58960152043868,5,11,False
NY,7,15,15,買,2785,-0.0013756473535639164,-0.006375647353563917,-0.846829380519474,-1.4555699521243863,0.11747805325637066,4,11,False
NY,7,15,15,売,2785,0.0013756473535639164,-0.0036243526464360834,0.846829380519474,1.4555699521243863,-0.11747805325637066,7,11,False
NY,7,30,15,買,2785,0.0008048821750487043,-0.004195117824951296,0.4387835008323377,-0.15623494207669367,0.7278346206798598,7,11,False
NY,7,30,15,売,2785,-0.0008048821750487043,-0.005804882175048705,-0.4387835008323377,0.15623494207669367,-0.7278346206798598,4,11,False
NY,7,45,15,買,2785,-0.0022771784927408433,-0.007277178492740843,-1.2620668340538868,-1.0761347965823966,-0.7253871343618277,3,11,False
NY,7,45,15,売,2785,0.0022771784927408433,-0.002722821507259157,1.2620668340538868,1.0761347965823966,0.7253871343618277,8,11,False
NY,8,0,15,買,2785,0.002472667319546629,-0.002527332680453371,1.047601827771687,0.9610773549413484,0.5237684313173404,9,11,False
NY,8,0,15,売,2785,-0.002472667319546629,-0.007472667319546629,-1.047601827771687,-0.9610773549413484,-0.5237684313173404,2,11,False
NY,8,15,15,買,2785,-0.004793022856868968,-0.009793022856868968,-1.7730229501164594,-0.5463132651860827,-1.8710313831900678,4,11,False
NY,8,15,15,売,2785,0.004793022856868968,-0.00020697714313103188,1.7730229501164594,0.5463132651860827,1.8710313831900678,7,11,False
NY,8,30,15,買,2785,0.007165711775630561,0.0021657117756305605,1.685863944635223,0.9765431927742911,1.3739756582672458,7,11,False
NY,8,30,15,売,2785,-0.007165711775630561,-0.01216571177563056,-1.685863944635223,-0.9765431927742911,-1.3739756582672458,4,11,False
NY,8,45,15,買,2785,-0.001655668193529336,-0.006655668193529336,-0.6292242956325552,-0.019530532224110136,-0.7791564020578253,3,11,False
NY,8,45,15,売,2785,0.001655668193529336,-0.0033443318064706644,0.6292242956325552,0.019530532224110136,0.7791564020578253,8,11,False
NY,9,0,15,買,2785,0.0012835182402195213,-0.0037164817597804788,0.44788223102714453,0.013832034902406854,0.5824725866359586,6,11,False
NY,9,0,15,売,2785,-0.0012835182402195213,-0.0062835182402195214,-0.44788223102714453,-0.013832034902406854,-0.5824725866359586,5,11,False
NY,9,15,15,買,2785,-0.0008503286522150651,-0.005850328652215065,-0.34665461175310236,1.3404413290800985,-1.5279762318164702,4,11,False
NY,9,15,15,売,2785,0.0008503286522150651,-0.004149671347784935,0.34665461175310236,-1.3404413290800985,1.5279762318164702,7,11,False
NY,9,30,15,買,2785,-0.004476737055507068,-0.009476737055507068,-1.269760263891855,-1.8700924993507775,-0.13359715877712572,4,11,False
NY,9,30,15,売,2785,0.004476737055507068,-0.0005232629444929318,1.269760263891855,1.8700924993507775,0.13359715877712572,7,11,False
NY,9,45,15,買,2785,-0.006539217193914623,-0.011539217193914623,-1.9589078088651561,-2.307512336477796,-0.6377677245686901,2,11,False
NY,9,45,15,売,2785,0.006539217193914623,0.001539217193914623,1.9589078088651561,2.307512336477796,0.6377677245686901,9,11,False
NY,10,0,15,買,2785,0.0051734264062737855,0.0001734264062737854,1.4362421185390386,0.9738863224926686,1.0628710006136797,8,11,False
NY,10,0,15,売,2785,-0.0051734264062737855,-0.010173426406273785,-1.4362421185390386,-0.9738863224926686,-1.0628710006136797,3,11,False
NY,10,15,15,買,2785,-0.00010211626795319148,-0.005102116267953191,-0.032277734274975635,0.8641439996390025,-0.6539301776182469,6,11,False
NY,10,15,15,売,2785,0.00010211626795319148,-0.004897883732046809,0.032277734274975635,-0.8641439996390025,0.6539301776182469,5,11,False
NY,10,30,15,買,2785,-0.00024589426027395644,-0.005245894260273956,-0.08894045163151947,-0.7678426234157487,0.48264468512451225,4,11,False
NY,10,30,15,売,2785,0.00024589426027395644,-0.004754105739726044,0.08894045163151947,0.7678426234157487,-0.48264468512451225,7,11,False
NY,10,45,15,買,2785,0.0035966739083016356,-0.0014033260916983645,1.3486828576580745,2.0075849118874296,0.029960281176442317,8,11,False
NY,10,45,15,売,2785,-0.0035966739083016356,-0.008596673908301636,-1.3486828576580745,-2.0075849118874296,-0.029960281176442317,3,11,False
NY,11,0,15,買,2785,0.0029885622952583366,-0.0020114377047416635,1.0739716325795559,0.9857291254615415,0.6052568170302527,6,11,False
NY,11,0,15,売,2785,-0.0029885622952583366,-0.007988562295258336,-1.0739716325795559,-0.9857291254615415,-0.6052568170302527,5,11,False
NY,11,15,15,買,2785,0.0024797878725359166,-0.0025202121274640835,1.068973513588589,1.2576931605825252,0.30409718642012024,7,11,False
NY,11,15,15,売,2785,-0.0024797878725359166,-0.007479787872535917,-1.068973513588589,-1.2576931605825252,-0.30409718642012024,4,11,False
NY,11,30,15,買,2785,-0.002097150113978748,-0.007097150113978748,-0.9490859666914696,-1.353680237652048,-0.055586255268395855,3,11,False
NY,11,30,15,売,2785,0.002097150113978748,-0.002902849886021252,0.9490859666914696,1.353680237652048,0.055586255268395855,8,11,False
NY,11,45,15,買,2785,-0.0011466164400239136,-0.006146616440023914,-0.5991744275225367,-0.9278208523775474,-0.0084420567465952,5,11,False
NY,11,45,15,売,2785,0.0011466164400239136,-0.0038533835599760865,0.5991744275225367,0.9278208523775474,0.0084420567465952,6,11,False
NY,12,0,15,買,2785,-0.0023231445215460625,-0.007323144521546063,-1.1440639188211992,-0.34296010639049407,-1.1704424345728155,4,11,False
NY,12,0,15,売,2785,0.0023231445215460625,-0.0026768554784539376,1.1440639188211992,0.34296010639049407,1.1704424345728155,7,11,False
NY,12,15,15,買,2785,-0.002263180541187739,-0.00726318054118774,-1.2484861534260965,-0.8585340685899655,-0.9127828081284944,3,11,False
NY,12,15,15,売,2785,0.002263180541187739,-0.002736819458812261,1.2484861534260965,0.8585340685899655,0.9127828081284944,8,11,False
NY,12,30,15,買,2785,-0.003618237884149827,-0.008618237884149827,-1.9817946132144686,-1.1112762994023593,-1.6540251234812404,3,11,False
NY,12,30,15,売,2785,0.003618237884149827,-0.0013817621158501731,1.9817946132144686,1.1112762994023593,1.6540251234812404,8,11,False
NY,12,45,15,買,2785,0.0025283518094457147,-0.0024716481905542854,1.5227001399312714,0.5822379139129947,1.5858302853855732,7,11,False
NY,12,45,15,売,2785,-0.0025283518094457147,-0.007528351809445714,-1.5227001399312714,-0.5822379139129947,-1.5858302853855732,4,11,False
NY,13,0,15,買,2785,-0.0005287914153915322,-0.005528791415391532,-0.3020672081231291,-0.23591998147542412,-0.19422554791044053,5,11,False
NY,13,0,15,売,2785,0.0005287914153915322,-0.004471208584608468,0.3020672081231291,0.23591998147542412,0.19422554791044053,6,11,False
NY,13,15,15,買,2785,-0.0032746408504043772,-0.008274640850404377,-1.7007359151324437,-0.806473191412796,-1.586215946440268,4,11,False
NY,13,15,15,売,2785,0.0032746408504043772,-0.0017253591495956229,1.7007359151324437,0.806473191412796,1.586215946440268,7,11,False
NY,13,30,15,買,2785,0.0032467386789974675,-0.0017532613210025326,1.7153392658318973,0.8607971421857088,1.501581612710069,7,11,False
NY,13,30,15,売,2785,-0.0032467386789974675,-0.008246738678997468,-1.7153392658318973,-0.8607971421857088,-1.501581612710069,4,11,False
NY,13,45,15,買,2785,0.0018076790182543518,-0.0031923209817456485,1.1129601448124355,0.4197985594548249,1.099556690447399,8,11,False
NY,13,45,15,売,2785,-0.0018076790182543518,-0.006807679018254352,-1.1129601448124355,-0.4197985594548249,-1.099556690447399,3,11,False
NY,14,0,15,買,2785,0.0019816620985705796,-0.0030183379014294205,0.8288451640811935,0.7256567494060354,0.459636957807557,9,11,False
NY,14,0,15,売,2785,-0.0019816620985705796,-0.00698166209857058,-0.8288451640811935,-0.7256567494060354,-0.459636957807557,2,11,False
NY,14,15,15,買,2785,-0.0010871113553209493,-0.006087111355320949,-0.664267910097172,-1.1574782716205743,0.21949659601879554,5,11,False
NY,14,15,15,売,2785,0.0010871113553209493,-0.003912888644679051,0.664267910097172,1.1574782716205743,-0.21949659601879554,6,11,False
NY,14,30,15,買,2785,0.002694884040519657,-0.002305115959480343,1.2887272890570882,1.261350068110058,0.6300818375901143,6,11,False
NY,14,30,15,売,2785,-0.002694884040519657,-0.007694884040519657,-1.2887272890570882,-1.261350068110058,-0.6300818375901143,5,11,False
NY,14,45,15,買,2785,-0.0005840114214909209,-0.005584011421490921,-0.33663988817300244,0.20901777823512696,-0.6706587367527553,4,11,False
NY,14,45,15,売,2785,0.0005840114214909209,-0.004415988578509079,0.33663988817300244,-0.20901777823512696,0.6706587367527553,7,11,False
NY,15,0,15,買,2785,0.0008670117167174776,-0.004132988283282522,0.4995334635106173,-0.044122423090283844,0.6759026517861365,6,11,False
NY,15,0,15,売,2785,-0.0008670117167174776,-0.005867011716717478,-0.4995334635106173,0.044122423090283844,-0.6759026517861365,5,11,False
NY,15,15,15,買,2785,-0.001504067720221108,-0.006504067720221108,-0.9782885754127277,-1.886613132089576,0.2436390781207056,4,11,False
NY,15,15,15,売,2785,0.001504067720221108,-0.003495932279778892,0.9782885754127277,1.886613132089576,-0.2436390781207056,7,11,False
NY,15,30,15,買,2785,0.002527526370773734,-0.002472473629226266,1.63298402696024,1.771746890360065,0.648076212979827,7,11,False
NY,15,30,15,売,2785,-0.002527526370773734,-0.007527526370773734,-1.63298402696024,-1.771746890360065,-0.648076212979827,4,11,False
NY,15,45,15,買,2785,-0.0018434498186706658,-0.006843449818670666,-1.1037741144596167,-1.3931266045214967,-0.1338652194398693,2,11,False
NY,15,45,15,売,2785,0.0018434498186706658,-0.0031565501813293345,1.1037741144596167,1.3931266045214967,0.1338652194398693,9,11,False
NY,16,0,15,買,2785,-0.00041975750457801927,-0.005419757504578019,-0.3470939322079735,-0.20769719683278673,-0.280508105389656,7,11,False
NY,16,0,15,売,2785,0.00041975750457801927,-0.004580242495421981,0.3470939322079735,0.20769719683278673,0.280508105389656,4,11,False
NY,16,15,15,買,2785,-0.0004663106215390705,-0.0054663106215390705,-0.43450802980270004,-0.5559882697683624,-0.15783476074231959,6,11,False
NY,16,15,15,売,2785,0.0004663106215390705,-0.00453368937846093,0.43450802980270004,0.5559882697683624,0.15783476074231959,5,11,False
NY,16,30,15,買,2785,-0.0006444825343122774,-0.005644482534312278,-0.5918642885962406,0.20950646845107693,-0.9218296174850615,6,11,False
NY,16,30,15,売,2785,0.0006444825343122774,-0.0043555174656877225,0.5918642885962406,-0.20950646845107693,0.9218296174850615,5,11,False
NY,16,45,15,買,2785,-0.01584753879858056,-0.02084753879858056,-12.678807790436379,-16.209714861809324,-2.5140185822433327,2,11,False
NY,16,45,15,売,2785,0.01584753879858056,0.01084753879858056,12.678807790436379,16.209714861809324,2.5140185822433327,9,11,False
NY,17,0,15,買,2785,0.0,-0.005,,,,0,11,True
NY,17,0,15,売,2785,0.0,-0.005,,,,0,11,True
NY,17,15,15,買,2785,0.0,-0.005,,,,0,11,True
NY,17,15,15,売,2785,0.0,-0.005,,,,0,11,True
NY,17,30,15,買,2785,0.0,-0.005,,,,0,11,True
NY,17,30,15,売,2785,0.0,-0.005,,,,0,11,True
NY,17,45,15,買,2785,0.004897598028029088,-0.00010240197197091197,5.013129749224914,7.893916705870763,-0.7768993454159436,7,11,True
NY,17,45,15,売,2785,-0.004897598028029088,-0.009897598028029088,-5.013129749224914,-7.893916705870763,0.7768993454159436,4,11,True
NY,18,0,15,買,2785,0.0240688782074992,0.0190688782074992,13.873524217587475,11.279768819466089,8.869092369774178,11,11,True
NY,18,0,15,売,2785,-0.0240688782074992,-0.0290688782074992,-13.873524217587475,-11.279768819466089,-8.869092369774178,0,11,True
NY,18,15,15,買,2785,0.005097945291119619,9.794529111961919e-05,4.460373330934108,2.6650785920860875,3.5846115180028466,10,11,True
NY,18,15,15,売,2785,-0.005097945291119619,-0.010097945291119619,-4.460373330934108,-2.6650785920860875,-3.5846115180028466,1,11,True
NY,18,30,15,買,2785,0.0017255982633875965,-0.0032744017366124036,1.4713064074757323,1.3799699778506116,0.8043511356261851,6,11,True
NY,18,30,15,売,2785,-0.0017255982633875965,-0.006725598263387597,-1.4713064074757323,-1.3799699778506116,-0.8043511356261851,5,11,True
NY,18,45,15,買,2785,9.705176013561485e-06,-0.004990294823986438,0.008258475822919182,-1.649847143497452,1.0714901616376749,6,11,True
NY,18,45,15,売,2785,-9.705176013561485e-06,-0.005009705176013562,-0.008258475822919182,1.649847143497452,-1.0714901616376749,5,11,True
NY,19,0,15,買,2785,0.002758488272878869,-0.002241511727121131,1.7600836183052848,1.3931063132292332,1.1920095360691279,7,11,True
NY,19,0,15,売,2785,-0.002758488272878869,-0.00775848827287887,-1.7600836183052848,-1.3931063132292332,-1.1920095360691279,4,11,True
NY,19,15,15,買,2785,0.0018809881728667536,-0.0031190118271332465,1.5001617581399223,-0.0793723852337105,1.97108136281649,7,11,True
NY,19,15,15,売,2785,-0.0018809881728667536,-0.006880988172866753,-1.5001617581399223,0.0793723852337105,-1.97108136281649,4,11,True
NY,19,30,15,買,2785,0.002869979444629404,-0.002130020555370596,2.2109602657891356,1.8123375971257238,1.3533960555329434,10,11,True
NY,19,30,15,売,2785,-0.002869979444629404,-0.007869979444629404,-2.2109602657891356,-1.8123375971257238,-1.3533960555329434,1,11,True
NY,19,45,15,買,2784,0.001173862814489749,-0.003826137185510251,0.9118057099631274,0.11284280362299606,1.0613930543886732,8,11,True
NY,19,45,15,売,2784,-0.001173862814489749,-0.006173862814489749,-0.9118057099631274,-0.11284280362299606,-1.0613930543886732,3,11,True
NY,20,0,15,買,2785,-0.0027758587400440486,-0.007775858740044049,-1.1085305355430137,0.13069730025661064,-1.3908869338546723,4,11,True
NY,20,0,15,売,2785,0.0027758587400440486,-0.0022241412599559515,1.1085305355430137,-0.13069730025661064,1.3908869338546723,7,11,True
NY,20,15,15,買,2785,0.0014120686069421073,-0.0035879313930578926,0.7450201417603242,0.5084198014122406,0.5556223350214416,6,11,True
NY,20,15,15,売,2785,-0.0014120686069421073,-0.006412068606942108,-0.7450201417603242,-0.5084198014122406,-0.5556223350214416,5,11,True
NY,20,30,15,買,2785,0.0031050195474413705,-0.0018949804525586296,1.692746581701757,-1.126642491417949,2.7181015062684386,7,11,True
NY,20,30,15,売,2785,-0.0031050195474413705,-0.008105019547441372,-1.692746581701757,1.126642491417949,-2.7181015062684386,4,11,True
NY,20,45,15,買,2785,0.003429808027641648,-0.0015701919723583521,2.0877808371245745,2.000409659034237,1.1467437790037978,7,11,True
NY,20,45,15,売,2785,-0.003429808027641648,-0.008429808027641648,-2.0877808371245745,-2.000409659034237,-1.1467437790037978,4,11,True
NY,21,0,15,買,2785,0.0012277013054696141,-0.0037722986945303858,0.4701124818841011,-0.618683729226578,1.0396665148087096,5,11,False
NY,21,0,15,売,2785,-0.0012277013054696141,-0.006227701305469614,-0.4701124818841011,0.618683729226578,-1.0396665148087096,6,11,False
NY,21,15,15,買,2785,0.003298150982265733,-0.0017018490177342672,1.756401127993617,1.7634046652194582,0.8812794830696142,7,11,False
NY,21,15,15,売,2785,-0.003298150982265733,-0.008298150982265733,-1.756401127993617,-1.7634046652194582,-0.8812794830696142,4,11,False
NY,21,30,15,買,2785,0.0016840601407341574,-0.003315939859265843,0.8199595366008415,-0.1879325365551548,1.1115874102324241,6,11,False
NY,21,30,15,売,2785,-0.0016840601407341574,-0.006684060140734157,-0.8199595366008415,0.1879325365551548,-1.1115874102324241,5,11,False
NY,21,45,15,買,2785,-0.0027690107047185085,-0.007769010704718509,-1.480617907004553,0.6924143957701344,-2.145215681252134,6,11,False
NY,21,45,15,売,2785,0.0027690107047185085,-0.0022309892952814916,1.480617907004553,-0.6924143957701344,2.145215681252134,5,11,False
NY,22,0,15,買,2785,0.00021143195169685952,-0.004788568048303141,0.12985124276582302,-0.966000063237346,0.8334659862672952,4,11,False
NY,22,0,15,売,2785,-0.00021143195169685952,-0.005211431951696859,-0.12985124276582302,0.966000063237346,-0.8334659862672952,7,11,False
NY,22,15,15,買,2785,0.00420065362300874,-0.0007993463769912605,3.1797800542441146,3.347420442707017,1.5753539220462807,11,11,False
NY,22,15,15,売,2785,-0.00420065362300874,-0.00920065362300874,-3.1797800542441146,-3.347420442707017,-1.5753539220462807,0,11,False
NY,22,30,15,買,2785,-0.0028765356485444373,-0.007876535648544437,-1.7628663544457113,-1.65843953656186,-0.9835652602806306,4,11,False
NY,22,30,15,売,2785,0.0028765356485444373,-0.002123464351455563,1.7628663544457113,1.65843953656186,0.9835652602806306,7,11,False
NY,22,45,15,買,2785,-0.0018285432083151654,-0.006828543208315166,-1.3274898634268555,-1.238676494513047,-0.7571081374125034,4,11,False
NY,22,45,15,売,2785,0.0018285432083151654,-0.0031714567916848345,1.3274898634268555,1.238676494513047,0.7571081374125034,7,11,False
NY,23,0,15,買,2785,-0.0004182749055437975,-0.005418274905543798,-0.28748629159498507,0.24089798463893242,-0.5868485714610518,6,11,False
NY,23,0,15,売,2785,0.0004182749055437975,-0.0045817250944562024,0.28748629159498507,-0.24089798463893242,0.5868485714610518,5,11,False
NY,23,15,15,買,2785,0.0013439997019560872,-0.003656000298043913,1.1896867606335118,-0.6170771338348273,2.051704084170441,4,11,False
NY,23,15,15,売,2785,-0.0013439997019560872,-0.006343999701956087,-1.1896867606335118,0.6170771338348273,-2.051704084170441,7,11,False
NY,23,30,15,買,2785,-0.0001324991527356105,-0.00513249915273561,-0.10078540973559631,0.41080302121474177,-0.584295518673454,4,11,False
NY,23,30,15,売,2785,0.0001324991527356105,-0.00486750084726439,0.10078540973559631,-0.41080302121474177,0.584295518673454,7,11,False
NY,23,45,15,買,2785,-0.0006868888164954917,-0.005686888816495492,-0.655354869241932,-0.4594605539131427,-0.47310972479115354,4,11,False
NY,23,45,15,売,2785,0.0006868888164954917,-0.004313111183504508,0.655354869241932,0.4594605539131427,0.47310972479115354,7,11,False
NY,0,0,30,買,2785,-0.001096452501081073,-0.006096452501081073,-0.6746812478538337,-0.5962290205145754,-0.3934608595387913,5,11,False
NY,0,0,30,売,2785,0.001096452501081073,-0.0039035474989189273,0.6746812478538337,0.5962290205145754,0.3934608595387913,6,11,False
NY,0,15,30,買,2785,0.0004014466426450385,-0.004598553357354962,0.21013868562134022,0.15899504690513389,0.14311683421787794,6,11,False
NY,0,15,30,売,2785,-0.0004014466426450385,-0.005401446642645039,-0.21013868562134022,-0.15899504690513389,-0.14311683421787794,5,11,False
NY,0,30,30,買,2785,0.0022175356507229444,-0.0027824643492770557,1.058165645290555,1.1235412941302065,0.5228800426997781,7,11,False
NY,0,30,30,売,2785,-0.0022175356507229444,-0.007217535650722945,-1.058165645290555,-1.1235412941302065,-0.5228800426997781,4,11,False
NY,0,45,30,買,2785,-0.00010367215858836845,-0.005103672158588368,-0.05512405978007736,-0.3430607236569117,0.18617322724155513,5,11,False
NY,0,45,30,売,2785,0.00010367215858836845,-0.004896327841411632,0.05512405978007736,0.3430607236569117,-0.18617322724155513,6,11,False
NY,1,0,30,買,2785,-0.0005203070636310349,-0.005520307063631035,-0.25402533447087555,0.030046787717257186,-0.3364989942531786,5,11,False
NY,1,0,30,売,2785,0.0005203070636310349,-0.004479692936368965,0.25402533447087555,-0.030046787717257186,0.3364989942531786,6,11,False
NY,1,15,30,買,2785,0.0015443288326749275,-0.0034556711673250726,0.6272411656028108,1.3159574245576444,-0.11541713922293703,6,11,False
NY,1,15,30,売,2785,-0.0015443288326749275,-0.006544328832674928,-0.6272411656028108,-1.3159574245576444,0.11541713922293703,5,11,False
NY,1,30,30,買,2785,-0.0019526994507453519,-0.006952699450745352,-0.7632826305903112,-0.5350610410573563,-0.5586655291868534,4,11,False
NY,1,30,30,売,2785,0.0019526994507453519,-0.003047300549254648,0.7632826305903112,0.5350610410573563,0.5586655291868534,7,11,False
NY,1,45,30,買,2785,-0.0017131064168842125,-0.006713106416884213,-0.6721652679578302,-2.16145519884175,0.8000280958080975,3,11,False
NY,1,45,30,売,2785,0.0017131064168842125,-0.0032868935831157874,0.6721652679578302,2.16145519884175,-0.8000280958080975,8,11,False
NY,2,0,30,買,2785,0.0024859395300637875,-0.0025140604699362126,0.9558635120118898,-0.8458603989197643,1.9310688661446123,4,11,False
NY,2,0,30,売,2785,-0.0024859395300637875,-0.007485939530063788,-0.9558635120118898,0.8458603989197643,-1.9310688661446123,7,11,False
NY,2,15,30,買,2785,0.0010857144602494774,-0.003914285539750523,0.4229603504028215,0.20251605900239505,0.375073491425791,6,11,False
NY,2,15,30,売,2785,-0.0010857144602494774,-0.006085714460249477,-0.4229603504028215,-0.20251605900239505,-0.375073491425791,5,11,False
NY,2,30,30,買,2785,0.0019211687235422801,-0.00307883127645772,0.8402637103132757,0.11740767841382306,1.026809477239955,4,11,False
NY,2,30,30,売,2785,-0.0019211687235422801,-0.00692116872354228,-0.8402637103132757,-0.11740767841382306,-1.026809477239955,7,11,False
NY,2,45,30,買,2785,0.004773477146972596,-0.00022652285302740376,1.8137094724840768,1.7098049916629974,0.8668855859759284,7,11,False
NY,2,45,30,売,2785,-0.004773477146972596,-0.009773477146972596,-1.8137094724840768,-1.7098049916629974,-0.8668855859759284,4,11,False
NY,3,0,30,買,2785,0.003089777181217548,-0.001910222818782452,1.107960246408074,1.5504296531034159,0.16359467156444732,7,11,False
NY,3,0,30,売,2785,-0.003089777181217548,-0.008089777181217547,-1.107960246408074,-1.5504296531034159,-0.16359467156444732,4,11,False
NY,3,15,30,買,2785,0.004334563320440368,-0.0006654366795596318,1.6152754851035478,1.713412892264094,0.6840925875479383,9,11,False
NY,3,15,30,売,2785,-0.004334563320440368,-0.00933456332044037,-1.6152754851035478,-1.713412892264094,-0.6840925875479383,2,11,False
NY,3,30,30,買,2785,0.0007857982678544068,-0.004214201732145593,0.3093667682520915,0.918166648516869,-0.35403877016483215,7,11,False
NY,3,30,30,売,2785,-0.0007857982678544068,-0.005785798267854407,-0.3093667682520915,-0.918166648516869,0.35403877016483215,4,11,False
NY,3,45,30,買,2785,-0.0016436444932428605,-0.00664364449324286,-0.620314547932714,0.4838770066865502,-1.1067359244889545,5,11,False
NY,3,45,30,売,2785,0.0016436444932428605,-0.00335635550675714,0.620314547932714,-0.4838770066865502,1.1067359244889545,6,11,False
NY,4,0,30,買,2785,-0.0016063490438759814,-0.006606349043875982,-0.6098509598921102,0.47217200717454855,-1.055300248139589,4,11,False
NY,4,0,30,売,2785,0.0016063490438759814,-0.0033936509561240187,0.6098509598921102,-0.47217200717454855,1.055300248139589,7,11,False
NY,4,15,30,買,2785,7.87339121255592e-05,-0.004921266087874441,0.03361019570662218,0.6561473181431384,-0.4401444870920118,6,11,False
NY,4,15,30,売,2785,-7.87339121255592e-05,-0.005078733912125559,-0.03361019570662218,-0.6561473181431384,0.4401444870920118,5,11,False
NY,4,30,30,買,2785,0.002557158992156946,-0.002442841007843054,1.2059198211980946,1.7534895193011617,0.1200427625134259,7,11,False
NY,4,30,30,売,2785,-0.002557158992156946,-0.0075571589921569465,-1.2059198211980946,-1.7534895193011617,-0.1200427625134259,4,11,False
NY,4,45,30,買,2785,0.005201320551660424,0.00020132055166042356,2.400102808759306,0.7468918899769275,2.5100316895967283,9,11,False
NY,4,45,30,売,2785,-0.005201320551660424,-0.010201320551660424,-2.400102808759306,-0.7468918899769275,-2.5100316895967283,2,11,False
NY,5,0,30,買,2785,-0.0032699400506684697,-0.00826994005066847,-1.5243596799058647,-1.5748395415487269,-0.6828499222156834,5,11,False
NY,5,0,30,売,2785,0.0032699400506684697,-0.0017300599493315304,1.5243596799058647,1.5748395415487269,0.6828499222156834,6,11,False
NY,5,15,30,買,2785,-0.005320436471438538,-0.010320436471438538,-2.5085048465854594,-0.9042941715616067,-2.5377933783550732,6,11,False
NY,5,15,30,売,2785,0.005320436471438538,0.00032043647143853785,2.5085048465854594,0.9042941715616067,2.5377933783550732,5,11,False
NY,5,30,30,買,2785,0.0038620301411725964,-0.0011379698588274037,1.8289402387707847,0.9614059337122145,1.5725821450740194,7,11,False
NY,5,30,30,売,2785,-0.0038620301411725964,-0.008862030141172596,-1.8289402387707847,-0.9614059337122145,-1.5725821450740194,4,11,False
NY,5,45,30,買,2785,0.003694931789061631,-0.0013050682109383691,1.7709872230232842,0.863199531829949,1.5643761468337236,8,11,False
NY,5,45,30,売,2785,-0.003694931789061631,-0.008694931789061631,-1.7709872230232842,-0.863199531829949,-1.5643761468337236,3,11,False
NY,6,0,30,買,2785,0.0026531924235883753,-0.002346807576411625,1.1387642445236419,1.02508510520652,0.6675767266966688,8,11,False
NY,6,0,30,売,2785,-0.0026531924235883753,-0.007653192423588376,-1.1387642445236419,-1.02508510520652,-0.6675767266966688,3,11,False
NY,6,15,30,買,2785,0.000862830899751821,-0.004137169100248179,0.3923739094844459,1.3107777296382268,-0.5046492853478535,7,11,False
NY,6,15,30,売,2785,-0.000862830899751821,-0.005862830899751821,-0.3923739094844459,-1.3107777296382268,0.5046492853478535,4,11,False
NY,6,30,30,買,2785,-0.0019513859720411625,-0.006951385972041163,-0.8567090472669625,-0.867802340909167,-0.35332930451396544,3,11,False
NY,6,30,30,売,2785,0.0019513859720411625,-0.0030486140279588373,0.8567090472669625,0.867802340909167,0.35332930451396544,8,11,False
NY,6,45,30,買,2785,0.001091682926811705,-0.003908317073188295,0.3660915721400664,-1.3337884023862332,1.4555465551366968,5,11,False
NY,6,45,30,売,2785,-0.001091682926811705,-0.006091682926811705,-0.3660915721400664,1.3337884023862332,-1.4555465551366968,6,11,False
NY,7,0,30,買,2785,0.002387772565383505,-0.002612227434616495,0.9433555278761764,-0.6585492657195293,1.6241841409198263,5,11,False
NY,7,0,30,売,2785,-0.002387772565383505,-0.007387772565383505,-0.9433555278761764,0.6585492657195293,-1.6241841409198263,6,11,False
NY,7,15,30,買,2785,-0.0005736179374311564,-0.0055736179374311565,-0.23819176376297826,-1.1142812903853552,0.6168051556246248,5,11,False
NY,7,15,30,売,2785,0.0005736179374311564,-0.004426382062568844,0.23819176376297826,1.1142812903853552,-0.6168051556246248,6,11,False
NY,7,30,30,買,2785,-0.001477583333853204,-0.006477583333853204,-0.591441224456547,-0.9023454850196002,0.015134237482256752,4,11,False
NY,7,30,30,売,2785,0.001477583333853204,-0.003522416666146796,0.591441224456547,0.9023454850196002,-0.015134237482256752,7,11,False
NY,7,45,30,買,2785,0.00019148244815637576,-0.004808517551843625,0.06551526654487458,0.137596434567862,-0.040152679370224674,5,11,False
NY,7,45,30,売,2785,-0.00019148244815637576,-0.005191482448156376,-0.06551526654487458,-0.137596434567862,0.040152679370224674,6,11,False
NY,8,0,30,買,2785,-0.002334671542419879,-0.007334671542419879,-0.6780866844315139,0.26599195680827814,-1.1660407268850657,6,11,False
NY,8,0,30,売,2785,0.002334671542419879,-0.002665328457580121,0.6780866844315139,-0.26599195680827814,1.1660407268850657,5,11,False
NY,8,15,30,買,2785,0.0023827692041942707,-0.0026172307958057294,0.4662682530552078,0.46996549407126204,0.23124838382578938,7,11,False
NY,8,15,30,売,2785,-0.0023827692041942707,-0.007382769204194271,-0.4662682530552078,-0.46996549407126204,-0.23124838382578938,4,11,False
NY,8,30,30,買,2785,0.005510826729198597,0.0005108267291985972,1.1008692282047552,0.7993216980398071,0.7785914905383572,8,11,False
NY,8,30,30,売,2785,-0.005510826729198597,-0.010510826729198598,-1.1008692282047552,-0.7993216980398071,-0.7785914905383572,3,11,False
NY,8,45,30,買,2785,-0.0003861077032482427,-0.005386107703248243,-0.10269330493859184,-0.0033625885454013566,-0.13186106738764278,6,11,False
NY,8,45,30,売,2785,0.0003861077032482427,-0.004613892296751757,0.10269330493859184,0.0033625885454013566,0.13186106738764278,5,11,False
NY,9,0,30,買,2785,0.000426645097233148,-0.0045733549027668526,0.11502193355849864,0.8801293251756055,-0.5815839757901129,4,11,False
NY,9,0,30,売,2785,-0.000426645097233148,-0.005426645097233148,-0.11502193355849864,-0.8801293251756055,0.5815839757901129,7,11,False
NY,9,15,30,買,2785,-0.005322582178451034,-0.010322582178451034,-1.2286358440145728,-0.7678326986246906,-0.9590264266312776,4,11,False
NY,9,15,30,売,2785,0.005322582178451034,0.00032258217845103354,1.2286358440145728,0.7678326986246906,0.9590264266312776,7,11,False
NY,9,30,30,買,2785,-0.011018144512027078,-0.01601814451202708,-2.2788589248206046,-2.9084964263343664,-0.5434745196741357,2,11,False
NY,9,30,30,売,2785,0.011018144512027078,0.006018144512027077,2.2788589248206046,2.9084964263343664,0.5434745196741357,9,11,False
NY,9,45,30,買,2785,-0.0013612459570276107,-0.0063612459570276106,-0.2751971256943176,-0.9137799474861461,0.35838267421112724,5,11,False
NY,9,45,30,売,2785,0.0013612459570276107,-0.0036387540429723897,0.2751971256943176,0.9137799474861461,-0.35838267421112724,6,11,False
NY,10,0,30,買,2785,0.005091614077906717,9.161407790671695e-05,1.0320081896114306,1.297575683048192,0.3418127287468154,8,11,False
NY,10,0,30,売,2785,-0.005091614077906717,-0.010091614077906718,-1.0320081896114306,-1.297575683048192,-0.3418127287468154,3,11,False
NY,10,15,30,買,2785,-0.00032393002521701597,-0.005323930025217016,-0.07368982514980571,0.11353772990441208,-0.16773644378528424,6,11,False
NY,10,15,30,売,2785,0.00032393002521701597,-0.004676069974782984,0.07368982514980571,-0.11353772990441208,0.16773644378528424,5,11,False
NY,10,30,30,買,2785,0.003340134091516971,-0.0016598659084830292,0.8929984448403505,0.9032170911945661,0.3931546947883391,8,11,False
NY,10,30,30,売,2785,-0.003340134091516971,-0.00834013409151697,-0.8929984448403505,-0.9032170911945661,-0.3931546947883391,3,11,False
NY,10,45,30,買,2785,0.006591639851690718,0.0015916398516907177,1.6836506820067942,2.103410511801996,0.464892161419615,8,11,False
NY,10,45,30,売,2785,-0.006591639851690718,-0.011591639851690719,-1.6836506820067942,-2.103410511801996,-0.464892161419615,3,11,False
NY,11,0,30,買,2785,0.005468207466746012,0.00046820746674601163,1.5111650429764019,1.627527286795611,0.6549895099137332,7,11,False
NY,11,0,30,売,2785,-0.005468207466746012,-0.010468207466746012,-1.5111650429764019,-1.627527286795611,-0.6549895099137332,4,11,False
NY,11,15,30,買,2785,0.00037762725117829367,-0.0046223727488217065,0.11999159381611987,-0.02634634279110176,0.1821030254173448,4,11,False
NY,11,15,30,売,2785,-0.00037762725117829367,-0.005377627251178294,-0.11999159381611987,0.02634634279110176,-0.1821030254173448,7,11,False
NY,11,30,30,買,2785,-0.0032448868250697853,-0.008244886825069785,-1.1161179351673802,-1.669123483125236,-0.04637597700896203,3,11,False
NY,11,30,30,売,2785,0.0032448868250697853,-0.0017551131749302148,1.1161179351673802,1.669123483125236,0.04637597700896203,8,11,False
NY,11,45,30,買,2785,-0.0034701755688566834,-0.008470175568856684,-1.2466227159661747,-0.9086877880635976,-0.8725961752958162,3,11,False
NY,11,45,30,売,2785,0.0034701755688566834,-0.0015298244311433167,1.2466227159661747,0.9086877880635976,0.8725961752958162,8,11,False
NY,12,0,30,買,2785,-0.00459063602925211,-0.00959063602925211,-1.7231869512826876,-0.8545475993066818,-1.5150948131761424,3,11,False
NY,12,0,30,売,2785,0.00459063602925211,-0.0004093639707478903,1.7231869512826876,0.8545475993066818,1.5150948131761424,8,11,False
NY,12,15,30,買,2785,-0.005882487374079816,-0.010882487374079815,-2.3009736028609082,-1.3910723889340872,-1.8350333624795516,2,11,False
NY,12,15,30,売,2785,0.005882487374079816,0.0008824873740798161,2.3009736028609082,1.3910723889340872,1.8350333624795516,9,11,False
NY,12,30,30,買,2785,-0.001098979747771238,-0.006098979747771238,-0.4709739225457044,-0.398170447551394,-0.2765857033358936,4,11,False
NY,12,30,30,売,2785,0.001098979747771238,-0.003901020252228762,0.4709739225457044,0.398170447551394,0.2765857033358936,7,11,False
NY,12,45,30,買,2785,0.00199899434222405,-0.00300100565777595,0.8312815451245816,0.24943507994651265,0.9179130245955763,8,11,False
NY,12,45,30,売,2785,-0.00199899434222405,-0.00699899434222405,-0.8312815451245816,-0.24943507994651265,-0.9179130245955763,3,11,False
NY,13,0,30,買,2785,-0.0037985792483611457,-0.008798579248361145,-1.42446326013558,-0.7540901993908165,-1.2396784789284394,4,11,False
NY,13,0,30,売,2785,0.0037985792483611457,-0.0012014207516388544,1.42446326013558,0.7540901993908165,1.2396784789284394,7,11,False
NY,13,15,30,買,2785,-3.691831647657244e-05,-0.005036918316476573,-0.014307184488270173,-0.059019723475703945,0.028823367222164806,6,11,False
NY,13,15,30,売,2785,3.691831647657244e-05,-0.004963081683523427,0.014307184488270173,0.059019723475703945,-0.028823367222164806,5,11,False
NY,13,30,30,買,2785,0.005056590174557677,5.659017455767693e-05,2.0012261600396832,0.8983348070242941,1.8486587755965058,8,11,False
NY,13,30,30,売,2785,-0.005056590174557677,-0.010056590174557678,-2.0012261600396832,-0.8983348070242941,-1.8486587755965058,3,11,False
NY,13,45,30,買,2785,0.003788865145425653,-0.001211134854574347,1.3134010364780748,0.8329396565246424,1.0170587767572603,8,11,False
NY,13,45,30,売,2785,-0.003788865145425653,-0.008788865145425654,-1.3134010364780748,-0.8329396565246424,-1.0170587767572603,3,11,False
NY,14,0,30,買,2785,0.0008939247840449294,-0.0041060752159550705,0.3092677839568842,-0.08299104934723042,0.5162769982015566,6,11,False
NY,14,0,30,売,2785,-0.0008939247840449294,-0.00589392478404493,-0.3092677839568842,0.08299104934723042,-0.5162769982015566,5,11,False
NY,14,15,30,買,2785,0.0016137653029843057,-0.0033862346970156944,0.5899850909476458,0.19095008953383444,0.6110413820822643,6,11,False
NY,14,15,30,売,2785,-0.0016137653029843057,-0.006613765302984306,-0.5899850909476458,-0.19095008953383444,-0.6110413820822643,5,11,False
NY,14,30,30,買,2785,0.002101929475063521,-0.0028980705249364793,0.8096531538979511,1.1627706735181293,0.08918896981379934,7,11,False
NY,14,30,30,売,2785,-0.002101929475063521,-0.007101929475063521,-0.8096531538979511,-1.1627706735181293,-0.08918896981379934,4,11,False
NY,14,45,30,買,2785,0.0002876092730202741,-0.004712390726979726,0.11411548471659311,0.12732535637816964,0.0433713566328585,4,11,False
NY,14,45,30,売,2785,-0.0002876092730202741,-0.005287609273020274,-0.11411548471659311,-0.12732535637816964,-0.0433713566328585,7,11,False
NY,15,0,30,買,2785,-0.0006360439273131923,-0.005636043927313193,-0.2724979712125531,-1.2938313933845642,0.6555744632522077,3,11,False
NY,15,0,30,売,2785,0.0006360439273131923,-0.0043639560726868075,0.2724979712125531,1.2938313933845642,-0.6555744632522077,8,11,False
NY,15,15,30,買,2785,0.0010278081550214747,-0.0039721918449785254,0.45623879028123016,-0.028789356515734547,0.6025787854866833,5,11,False
NY,15,15,30,売,2785,-0.0010278081550214747,-0.006027808155021475,-0.45623879028123016,0.028789356515734547,-0.6025787854866833,6,11,False
NY,15,30,30,買,2785,0.0006841250482009741,-0.004315874951799026,0.3002357854791081,0.04309640283092267,0.36776441834031964,4,11,False
NY,15,30,30,売,2785,-0.0006841250482009741,-0.005684125048200974,-0.3002357854791081,-0.04309640283092267,-0.36776441834031964,7,11,False
NY,15,45,30,買,2785,-0.0022826748334306493,-0.007282674833430649,-1.3512367238257021,-1.6666513019874718,-0.32528322574209956,4,11,False
NY,15,45,30,売,2785,0.0022826748334306493,-0.002717325166569351,1.3512367238257021,1.6666513019874718,0.32528322574209956,7,11,False
NY,16,0,30,買,2785,-0.0008833036529981903,-0.0058833036529981906,-0.5266538835618771,-0.4711465206080099,-0.2976464186596744,5,11,False
NY,16,0,30,売,2785,0.0008833036529981903,-0.00411669634700181,0.5266538835618771,0.4711465206080099,0.2976464186596744,6,11,False
NY,16,15,30,買,2785,-0.0011105986542710284,-0.006110598654271028,-0.7243907243476322,-0.20295200327447166,-0.7467514483290206,5,11,False
NY,16,15,30,売,2785,0.0011105986542710284,-0.0038894013457289717,0.7243907243476322,0.20295200327447166,0.7467514483290206,6,11,False
NY,16,30,30,買,2785,-0.016493090859544722,-0.021493090859544723,-10.105375240490451,-12.580612260676398,-2.5083220847115033,2,11,False
NY,16,30,30,売,2785,0.016493090859544722,0.011493090859544721,10.105375240490451,12.580612260676398,2.5083220847115033,9,11,False
NY,16,45,30,買,2785,-0.01584753879858056,-0.02084753879858056,-12.678807790436379,-16.209714861809324,-2.5140185822433327,2,11,False
NY,16,45,30,売,2785,0.01584753879858056,0.01084753879858056,12.678807790436379,16.209714861809324,2.5140185822433327,9,11,False
NY,17,0,30,買,2785,0.0,-0.005,,,,0,11,True
NY,17,0,30,売,2785,0.0,-0.005,,,,0,11,True
NY,17,15,30,買,2785,0.0,-0.005,,,,0,11,True
NY,17,15,30,売,2785,0.0,-0.005,,,,0,11,True
NY,17,30,30,買,2785,0.004897598028029088,-0.00010240197197091197,5.013129749224914,7.893916705870763,-0.7768993454159436,7,11,True
NY,17,30,30,売,2785,-0.004897598028029088,-0.009897598028029088,-5.013129749224914,-7.893916705870763,0.7768993454159436,4,11,True
NY,17,45,30,買,2785,0.028962598271725683,0.023962598271725682,15.261100220820362,15.013921993010348,7.788167786889267,11,11,True
NY,17,45,30,売,2785,-0.028962598271725683,-0.03396259827172568,-15.261100220820362,-15.013921993010348,-7.788167786889267,0,11,True
NY,18,0,30,買,2785,0.02917304241970672,0.02417304241970672,13.48980522992644,11.054661607351992,8.724231361130748,11,11,True
NY,18,0,30,売,2785,-0.02917304241970672,-0.03417304241970672,-13.48980522992644,-11.054661607351992,-8.724231361130748,0,11,True
NY,18,15,30,買,2785,0.006818815716967838,0.001818815716967838,4.460300669350818,2.949649060324461,3.3462708228393296,9,11,True
NY,18,15,30,売,2785,-0.006818815716967838,-0.01181881571696784,-4.460300669350818,-2.949649060324461,-3.3462708228393296,2,11,True
NY,18,30,30,買,2785,0.0017340683604881281,-0.003265931639511872,1.0611725050476626,-0.09023876391118385,1.3214174444915054,7,11,True
NY,18,30,30,売,2785,-0.0017340683604881281,-0.006734068360488128,-1.0611725050476626,0.09023876391118385,-1.3214174444915054,4,11,True
NY,18,45,30,買,2785,0.0027019421705325813,-0.002298057829467419,1.5606872556286149,0.13495891203891147,1.830656725189689,8,11,True
NY,18,45,30,売,2785,-0.0027019421705325813,-0.007701942170532581,-1.5606872556286149,-0.13495891203891147,-1.830656725189689,3,11,True
NY,19,0,30,買,2785,0.0046362959343467566,-0.00036370406565324354,2.3795602485849825,1.0076818254667737,2.2014265701575084,9,11,True
NY,19,0,30,売,2785,-0.0046362959343467566,-0.009636295934346756,-2.3795602485849825,-1.0076818254667737,-2.2014265701575084,2,11,True
NY,19,15,30,買,2785,0.004754958197231442,-0.0002450418027685579,2.525882276714292,1.3642714885285008,2.128683991615937,8,11,True
NY,19,15,30,売,2785,-0.004754958197231442,-0.009754958197231442,-2.525882276714292,-1.3642714885285008,-2.128683991615937,3,11,True
NY,19,30,30,買,2784,0.004044880952295051,-0.0009551190477049493,2.2132820445859687,1.4877946479621178,1.6504095352238792,9,11,True
NY,19,30,30,売,2784,-0.004044880952295051,-0.00904488095229505,-2.2132820445859687,-1.4877946479621178,-1.6504095352238792,2,11,True
NY,19,45,30,買,2784,-0.00014056234142574182,-0.005140562341425742,-0.0504869668173837,0.45488048600500425,-0.33329109288009434,7,11,True
NY,19,45,30,売,2784,0.00014056234142574182,-0.004859437658574258,0.0504869668173837,-0.45488048600500425,0.33329109288009434,4,11,True
NY,20,0,30,買,2785,-0.0013814581595648528,-0.006381458159564853,-0.4707332897003488,0.41667243916030916,-0.8785220454349805,4,11,True
NY,20,0,30,売,2785,0.0013814581595648528,-0.003618541840435147,0.4707332897003488,-0.41667243916030916,0.8785220454349805,7,11,True
NY,20,15,30,買,2785,0.00451575654543552,-0.00048424345456448033,1.724652029943691,-0.4179604760744645,2.273245858067896,7,11,True
NY,20,15,30,売,2785,-0.00451575654543552,-0.00951575654543552,-1.724652029943691,0.4179604760744645,-2.273245858067896,4,11,True
NY,20,30,30,買,2785,0.006532954737299935,0.001532954737299935,2.684438139815067,0.563259720668915,2.883781832704298,9,11,True
NY,20,30,30,売,2785,-0.006532954737299935,-0.011532954737299934,-2.684438139815067,-0.563259720668915,-2.883781832704298,2,11,True
NY,20,45,30,買,2785,0.004659062692677927,-0.00034093730732207353,1.502015205238013,0.5069209079257526,1.4908172597439435,8,11,True
NY,20,45,30,売,2785,-0.004659062692677927,-0.009659062692677927,-1.502015205238013,-0.5069209079257526,-1.4908172597439435,3,11,True
NY,21,0,30,買,2785,0.00453441855353979,-0.00046558144646021045,1.3704077071407048,0.5375667502465347,1.292960058275828,7,11,False
NY,21,0,30,売,2785,-0.00453441855353979,-0.00953441855353979,-1.3704077071407048,-0.5375667502465347,-1.292960058275828,4,11,False
NY,21,15,30,買,2785,0.004990217589201599,-9.782410798401218e-06,1.7303751702076118,1.0579804618827036,1.3711369185253879,8,11,False
NY,21,15,30,売,2785,-0.004990217589201599,-0.0099902175892016,-1.7303751702076118,-1.0579804618827036,-1.3711369185253879,3,11,False
NY,21,30,30,買,2785,-0.0010872805769956194,-0.006087280576995619,-0.39592163073199843,0.30120489211212925,-0.6701762916357843,5,11,False
NY,21,30,30,売,2785,0.0010872805769956194,-0.003912719423004381,0.39592163073199843,-0.30120489211212925,0.6701762916357843,6,11,False
NY,21,45,30,買,2785,-0.002562223478611269,-0.0075622234786112685,-1.062387719659223,-0.17363165228177357,-1.1636419661753945,4,11,False
NY,21,45,30,売,2785,0.002562223478611269,-0.0024377765213887312,1.062387719659223,0.17363165228177357,1.1636419661753945,7,11,False
NY,22,0,30,買,2785,0.004407563069938826,-0.0005924369300611739,2.1837579186481175,1.3163714515057559,1.7423123628797026,7,11,False
NY,22,0,30,売,2785,-0.004407563069938826,-0.009407563069938826,-2.1837579186481175,-1.3163714515057559,-1.7423123628797026,4,11,False
NY,22,15,30,買,2785,0.0013256814591856097,-0.0036743185408143904,0.6226740106348727,0.7313093309190173,0.24093977608806835,7,11,False
NY,22,15,30,売,2785,-0.0013256814591856097,-0.006325681459185609,-0.6226740106348727,-0.7313093309190173,-0.24093977608806835,4,11,False
NY,22,30,30,買,2785,-0.004708057915790363,-0.009708057915790363,-2.259808435408667,-2.1954991749451844,-1.2505627691385235,3,11,False
NY,22,30,30,売,2785,0.004708057915790363,-0.0002919420842096374,2.259808435408667,2.1954991749451844,1.2505627691385235,8,11,False
NY,22,45,30,買,2785,-0.0022446284979238617,-0.007244628497923861,-1.099262399996486,-0.5836707735001629,-0.9398661826639116,4,11,False
NY,22,45,30,売,2785,0.0022446284979238617,-0.0027553715020761384,1.099262399996486,0.5836707735001629,0.9398661826639116,7,11,False
NY,23,0,30,買,2785,0.0009232544531560866,-0.004076745546843914,0.5147229511026137,-0.1847236310743378,0.8351980617444326,5,11,False
NY,23,0,30,売,2785,-0.0009232544531560866,-0.005923254453156087,-0.5147229511026137,0.1847236310743378,-0.8351980617444326,6,11,False
NY,23,15,30,買,2785,0.001213060111132497,-0.003786939888867503,0.6861009599063962,-0.03641117008871665,1.0374321686697048,5,11,False
NY,23,15,30,売,2785,-0.001213060111132497,-0.006213060111132497,-0.6861009599063962,0.03641117008871665,-1.0374321686697048,6,11,False
NY,23,30,30,買,2785,-0.0008179206975815002,-0.0058179206975815,-0.47736757710439726,0.08296950644165303,-0.7691031727597615,3,11,False
NY,23,30,30,売,2785,0.0008179206975815002,-0.0041820793024185,0.47736757710439726,-0.08296950644165303,0.7691031727597615,8,11,False
NY,23,45,30,買,2785,-0.0019996997501864175,-0.006999699750186418,-1.2922527521186302,-1.068499814269961,-0.8069702707029371,4,11,False
NY,23,45,30,売,2785,0.0019996997501864175,-0.0030003002498135826,1.2922527521186302,1.068499814269961,0.8069702707029371,7,11,False
NY,0,0,60,買,2785,0.0011237488745217774,-0.0038762511254782227,0.4181174471580271,0.49652545630486733,0.18055090758535877,7,11,False
NY,0,0,60,売,2785,-0.0011237488745217774,-0.006123748874521778,-0.4181174471580271,-0.49652545630486733,-0.18055090758535877,4,11,False
NY,0,15,60,買,2785,0.0003038192069517513,-0.004696180793048249,0.11015451973210151,-0.12547055447018146,0.22521697046267783,7,11,False
NY,0,15,60,売,2785,-0.0003038192069517513,-0.005303819206951751,-0.11015451973210151,0.12547055447018146,-0.22521697046267783,4,11,False
NY,0,30,60,買,2785,0.0017008806621180424,-0.0032991193378819578,0.5727163277860456,0.8276469488144269,0.14527506334507992,7,11,False
NY,0,30,60,売,2785,-0.0017008806621180424,-0.006700880662118042,-0.5727163277860456,-0.8276469488144269,-0.14527506334507992,4,11,False
NY,0,45,60,買,2785,0.0014432341595672625,-0.0035567658404327377,0.4616239044531375,0.8376569556634382,0.019226963700243023,5,11,False
NY,0,45,60,売,2785,-0.0014432341595672625,-0.006443234159567263,-0.4616239044531375,-0.8376569556634382,-0.019226963700243023,6,11,False
NY,1,0,60,買,2785,-0.002473199062598932,-0.007473199062598932,-0.7553094837555825,-0.40052567390459065,-0.6409096644148543,4,11,False
NY,1,0,60,売,2785,0.002473199062598932,-0.0025268009374010683,0.7553094837555825,0.40052567390459065,0.6409096644148543,7,11,False
NY,1,15,60,買,2785,-0.00017219850198787605,-0.005172198501987876,-0.04909823633317593,-0.7450468772971598,0.4886916578781119,6,11,False
NY,1,15,60,売,2785,0.00017219850198787605,-0.004827801498012124,0.04909823633317593,0.7450468772971598,-0.4886916578781119,5,11,False
NY,1,30,60,買,2785,0.0005420770691207565,-0.004457922930879244,0.14521584980547433,-0.9665484142045848,0.9062010390095715,5,11,False
NY,1,30,60,売,2785,-0.0005420770691207565,-0.005542077069120756,-0.14521584980547433,0.9665484142045848,-0.9062010390095715,6,11,False
NY,1,45,60,買,2785,-0.0006193522745117502,-0.00561935227451175,-0.16752828981676246,-1.398785779848416,0.805444059856397,5,11,False
NY,1,45,60,売,2785,0.0006193522745117502,-0.00438064772548825,0.16752828981676246,1.398785779848416,-0.805444059856397,6,11,False
NY,2,0,60,買,2785,0.004421545583223098,-0.000578454416776902,1.2246891502565418,-0.5224384855681369,2.0356070755825058,6,11,False
NY,2,0,60,売,2785,-0.004421545583223098,-0.009421545583223098,-1.2246891502565418,0.5224384855681369,-2.0356070755825058,5,11,False
NY,2,15,60,買,2785,0.005872751884712097,0.0008727518847120967,1.5443583376020802,1.4695571702274497,0.8118705031600784,7,11,False
NY,2,15,60,売,2785,-0.005872751884712097,-0.010872751884712097,-1.5443583376020802,-1.4695571702274497,-0.8118705031600784,4,11,False
NY,2,30,60,買,2785,0.005005100101429321,5.100101429320741e-06,1.4113312001071703,1.3015301710597487,0.7608428361167896,6,11,False
NY,2,30,60,売,2785,-0.005005100101429321,-0.010005100101429321,-1.4113312001071703,-1.3015301710597487,-0.7608428361167896,5,11,False
NY,2,45,60,買,2785,0.009090468575662177,0.004090468575662177,2.536058078895119,2.540327841149792,1.136255417296125,9,11,False
NY,2,45,60,売,2785,-0.009090468575662177,-0.014090468575662176,-2.536058078895119,-2.540327841149792,-1.136255417296125,2,11,False
NY,3,0,60,買,2785,0.003861307320439162,-0.001138692679560838,1.0627690288858822,1.727961609258279,-0.13366763923416264,7,11,False
NY,3,0,60,売,2785,-0.003861307320439162,-0.008861307320439162,-1.0627690288858822,-1.727961609258279,0.13366763923416264,4,11,False
NY,3,15,60,買,2785,0.0027054267037571415,-0.0022945732962428586,0.6923025676629923,1.571227036167937,-0.3045925093667666,7,11,False
NY,3,15,60,売,2785,-0.0027054267037571415,-0.007705426703757142,-0.6923025676629923,-1.571227036167937,0.3045925093667666,4,11,False
NY,3,30,60,買,2785,-0.0008153624382256656,-0.005815362438225666,-0.21981342793423594,1.024516640337142,-0.9823725119837716,5,11,False
NY,3,30,60,売,2785,0.0008153624382256656,-0.004184637561774334,0.21981342793423594,-1.024516640337142,0.9823725119837716,6,11,False
NY,3,45,60,買,2785,-0.0015686259745694834,-0.006568625974569484,-0.4484694669962725,0.8383086232595797,-1.1122067443701737,5,11,False
NY,3,45,60,売,2785,0.0015686259745694834,-0.0034313740254305167,0.4484694669962725,-0.8383086232595797,1.1122067443701737,6,11,False
NY,4,0,60,買,2785,0.0009566539633142535,-0.004043346036685746,0.27788226147999323,1.528827509310749,-0.7497711846251053,7,11,False
NY,4,0,60,売,2785,-0.0009566539633142535,-0.005956653963314254,-0.27788226147999323,-1.528827509310749,0.7497711846251053,4,11,False
NY,4,15,60,買,2785,0.0052797941084497865,0.00027979410844978635,1.6558384776035886,0.9927574624552955,1.3254193652207542,8,11,False
NY,4,15,60,売,2785,-0.0052797941084497865,-0.010279794108449786,-1.6558384776035886,-0.9927574624552955,-1.3254193652207542,3,11,False
NY,4,30,60,買,2785,-0.0007089229561307757,-0.005708922956130776,-0.2314143813017012,0.11783218391612925,-0.39301120470761053,6,11,False
NY,4,30,60,売,2785,0.0007089229561307757,-0.004291077043869224,0.2314143813017012,-0.11783218391612925,0.39301120470761053,5,11,False
NY,4,45,60,買,2785,-0.000127079385538154,-0.005127079385538154,-0.0432073974665923,-0.11578920441982998,0.04082001705894698,7,11,False
NY,4,45,60,売,2785,0.000127079385538154,-0.004872920614461846,0.0432073974665923,0.11578920441982998,-0.04082001705894698,4,11,False
NY,5,0,60,買,2785,0.0005831956232523031,-0.004416804376747697,0.200774115523893,-0.4618495733943595,0.6548863569704587,6,11,False
NY,5,0,60,売,2785,-0.0005831956232523031,-0.005583195623252303,-0.200774115523893,0.4618495733943595,-0.6548863569704587,5,11,False
NY,5,15,60,買,2785,-0.0016299033869625625,-0.006629903386962562,-0.5574529210128806,-0.09488481122418053,-0.6570491737629988,5,11,False
NY,5,15,60,売,2785,0.0016299033869625625,-0.0033700966130374376,0.5574529210128806,0.09488481122418053,0.6570491737629988,6,11,False
NY,5,30,60,買,2785,0.006515795519185011,0.0015157955191850113,2.069362140315145,1.4186729604560528,1.5245357643243955,8,11,False
NY,5,30,60,売,2785,-0.006515795519185011,-0.011515795519185012,-2.069362140315145,-1.4186729604560528,-1.5245357643243955,3,11,False
NY,5,45,60,買,2785,0.004562466365952666,-0.0004375336340473341,1.4790088983712835,1.5528023397993043,0.6992387120404061,8,11,False
NY,5,45,60,売,2785,-0.004562466365952666,-0.009562466365952666,-1.4790088983712835,-1.5528023397993043,-0.6992387120404061,3,11,False
NY,6,0,60,買,2785,0.0007057146462385587,-0.004294285353761441,0.21391739451442865,0.009336392494129736,0.27600731658720173,8,11,False
NY,6,0,60,売,2785,-0.0007057146462385587,-0.005705714646238559,-0.21391739451442865,-0.009336392494129736,-0.27600731658720173,3,11,False
NY,6,15,60,買,2785,0.0019473238534625757,-0.0030526761465374244,0.5362597303304588,-0.28070788975277183,0.9076701797164449,5,11,False
NY,6,15,60,売,2785,-0.0019473238534625757,-0.006947323853462576,-0.5362597303304588,0.28070788975277183,-0.9076701797164449,6,11,False
NY,6,30,60,買,2785,0.0004311098918260866,-0.004568890108173913,0.1287286655265225,-1.1269035158265035,1.0553153530106587,3,11,False
NY,6,30,60,売,2785,-0.0004311098918260866,-0.005431109891826087,-0.1287286655265225,1.1269035158265035,-1.0553153530106587,8,11,False
NY,6,45,60,買,2785,0.0005043085500861663,-0.004495691449913834,0.13650194579158298,-1.7145896103825915,1.6340308921882345,5,11,False
NY,6,45,60,売,2785,-0.0005043085500861663,-0.005504308550086166,-0.13650194579158298,1.7145896103825915,-1.6340308921882345,6,11,False
NY,7,0,60,買,2785,0.0009061088977075793,-0.004093891102292421,0.2578510954164467,-1.107564245646759,1.2432616494014412,4,11,False
NY,7,0,60,売,2785,-0.0009061088977075793,-0.0059061088977075795,-0.2578510954164467,1.107564245646759,-1.2432616494014412,7,11,False
NY,7,15,60,買,2785,-0.0003917053837627549,-0.005391705383762755,-0.1060448632403594,-0.6076402711167409,0.374810640661003,6,11,False
NY,7,15,60,売,2785,0.0003917053837627549,-0.004608294616237245,0.1060448632403594,0.6076402711167409,-0.374810640661003,5,11,False
NY,7,30,60,買,2785,-0.0038171771979688476,-0.008817177197968849,-0.9065594754517182,-0.322164909801333,-0.9224170892670035,5,11,False
NY,7,30,60,売,2785,0.0038171771979688476,-0.0011828228020311525,0.9065594754517182,0.322164909801333,0.9224170892670035,6,11,False
NY,7,45,60,買,2785,0.002569870313787837,-0.002430129686212163,0.4387569511568484,0.47231209994930234,0.1870666209713948,7,11,False
NY,7,45,60,売,2785,-0.002569870313787837,-0.007569870313787837,-0.4387569511568484,-0.47231209994930234,-0.1870666209713948,4,11,False
NY,8,0,60,買,2785,0.003197956461217403,-0.0018020435387825972,0.515606864756077,0.7817891058066123,0.041506278451010896,8,11,False
NY,8,0,60,売,2785,-0.003197956461217403,-0.008197956461217404,-0.515606864756077,-0.7817891058066123,-0.041506278451010896,3,11,False
NY,8,15,60,買,2785,0.001999254466903764,-0.003000745533096236,0.3144000976476229,0.3614981089587701,0.11381276493843678,6,11,False
NY,8,15,60,売,2785,-0.001999254466903764,-0.006999254466903764,-0.3144000976476229,-0.3614981089587701,-0.11381276493843678,5,11,False
NY,8,30,60,買,2785,0.005909602312962774,0.0009096023129627736,0.9740658603094993,1.1823835201169266,0.30634783095821716,7,11,False
NY,8,30,60,売,2785,-0.005909602312962774,-0.010909602312962775,-0.9740658603094993,-1.1823835201169266,-0.30634783095821716,4,11,False
NY,8,45,60,買,2785,-0.005728958573925331,-0.010728958573925331,-1.0217885553863606,-0.592007242327919,-0.8344723605628228,4,11,False
NY,8,45,60,売,2785,0.005728958573925331,0.0007289585739253309,1.0217885553863606,0.592007242327919,0.8344723605628228,7,11,False
NY,9,0,60,買,2785,-0.010604193796536066,-0.015604193796536065,-1.7621532715936754,-1.790976668289611,-0.7987057235012106,3,11,False
NY,9,0,60,売,2785,0.010604193796536066,0.005604193796536066,1.7621532715936754,1.790976668289611,0.7987057235012106,8,11,False
NY,9,15,60,買,2785,-0.006674485976018884,-0.011674485976018884,-1.0077066839949878,-1.1760730222920037,-0.358789639556714,5,11,False
NY,9,15,60,売,2785,0.006674485976018884,0.0016744859760188836,1.0077066839949878,1.1760730222920037,0.358789639556714,6,11,False
NY,9,30,60,買,2785,-0.005894543326711915,-0.010894543326711914,-0.8338800555516421,-1.2449252244532723,-0.10882224023438287,5,11,False
NY,9,30,60,売,2785,0.005894543326711915,0.0008945433267119147,0.8338800555516421,1.2449252244532723,0.10882224023438287,6,11,False
NY,9,45,60,買,2785,-0.0016281844677181652,-0.006628184467718165,-0.2357681481856171,-0.6101999367456161,0.14987414218829342,6,11,False
NY,9,45,60,売,2785,0.0016281844677181652,-0.003371815532281835,0.2357681481856171,0.6101999367456161,-0.14987414218829342,5,11,False
NY,10,0,60,買,2785,0.008452923470542625,0.003452923470542625,1.3388581451102135,1.5786605862778083,0.4932989607633018,9,11,False
NY,10,0,60,売,2785,-0.008452923470542625,-0.013452923470542624,-1.3388581451102135,-1.5786605862778083,-0.4932989607633018,2,11,False
NY,10,15,60,買,2785,0.006204013343691644,0.001204013343691644,1.129464492950353,1.5467517037578227,0.17644876102536278,7,11,False
NY,10,15,60,売,2785,-0.006204013343691644,-0.011204013343691643,-1.129464492950353,-1.5467517037578227,-0.17644876102536278,4,11,False
NY,10,30,60,買,2785,0.008805283180168684,0.0038052831801686842,1.698617440996759,1.7512140308330881,0.7489775645973328,8,11,False
NY,10,30,60,売,2785,-0.008805283180168684,-0.013805283180168684,-1.698617440996759,-1.7512140308330881,-0.7489775645973328,3,11,False
NY,10,45,60,買,2785,0.006960095068805379,0.001960095068805379,1.4041601393904124,1.6208484820522937,0.4823431612429965,8,11,False
NY,10,45,60,売,2785,-0.006960095068805379,-0.011960095068805379,-1.4041601393904124,-1.6208484820522937,-0.4823431612429965,3,11,False
NY,11,0,60,買,2785,0.002202028336015287,-0.002797971663984713,0.49196050645191775,0.15582234936710723,0.5073801013228842,6,11,False
NY,11,0,60,売,2785,-0.002202028336015287,-0.007202028336015288,-0.49196050645191775,-0.15582234936710723,-0.5073801013228842,5,11,False
NY,11,15,60,買,2785,-0.003099943444149299,-0.008099943444149299,-0.7495579167275012,-0.6229324089463196,-0.4611380681235512,3,11,False
NY,11,15,60,売,2785,0.003099943444149299,-0.0019000565558507012,0.7495579167275012,0.6229324089463196,0.4611380681235512,8,11,False
NY,11,30,60,買,2785,-0.007837612662752968,-0.012837612662752969,-1.9988399057178168,-1.8213137071125571,-1.0922345050845468,1,11,False
NY,11,30,60,売,2785,0.007837612662752968,0.0028376126627529677,1.9988399057178168,1.8213137071125571,1.0922345050845468,10,11,False
NY,11,45,60,買,2785,-0.009342557346789916,-0.014342557346789915,-2.4151697275895776,-1.6107477286426102,-1.8068973690917156,1,11,False
NY,11,45,60,売,2785,0.009342557346789916,0.004342557346789916,2.4151697275895776,1.6107477286426102,1.8068973690917156,10,11,False
NY,12,0,60,買,2785,-0.005680866396987742,-0.010680866396987742,-1.5667065830618527,-0.8620760634602092,-1.319653538132986,4,11,False
NY,12,0,60,売,2785,0.005680866396987742,0.0006808663969877417,1.5667065830618527,0.8620760634602092,1.319653538132986,7,11,False
NY,12,15,60,買,2785,-0.0038880665280666723,-0.008888066528066672,-1.1228263227335655,-0.8070125675359315,-0.7850574862715051,4,11,False
NY,12,15,60,売,2785,0.0038880665280666723,-0.0011119334719333278,1.1228263227335655,0.8070125675359315,0.7850574862715051,7,11,False
NY,12,30,60,買,2785,-0.004884974174699142,-0.009884974174699142,-1.3334140016365656,-0.8139446830110496,-1.0594291345554454,4,11,False
NY,12,30,60,売,2785,0.004884974174699142,-0.0001150258253008584,1.3334140016365656,0.8139446830110496,1.0594291345554454,7,11,False
NY,12,45,60,買,2785,0.001961353367027228,-0.003038646632972772,0.5573812107264511,0.1416446376329789,0.6075982258142059,8,11,False
NY,12,45,60,売,2785,-0.001961353367027228,-0.006961353367027228,-0.5573812107264511,-0.1416446376329789,-0.6075982258142059,3,11,False
NY,13,0,60,買,2785,0.0012265425009807991,-0.003773457499019201,0.36577279577288435,0.029869881653149372,0.46461407480133177,6,11,False
NY,13,0,60,売,2785,-0.0012265425009807991,-0.006226542500980799,-0.36577279577288435,-0.029869881653149372,-0.46461407480133177,5,11,False
NY,13,15,60,買,2785,0.0037311476004017147,-0.0012688523995982855,1.0161461189850844,0.6148168779330431,0.813387360356317,8,11,False
NY,13,15,60,売,2785,-0.0037311476004017147,-0.008731147600401714,-1.0161461189850844,-0.6148168779330431,-0.813387360356317,3,11,False
NY,13,30,60,買,2785,0.005948502207062739,0.0009485022070627389,1.556718513825222,0.49021049820296336,1.6602770686525328,7,11,False
NY,13,30,60,売,2785,-0.005948502207062739,-0.010948502207062739,-1.556718513825222,-0.49021049820296336,-1.6602770686525328,4,11,False
NY,13,45,60,買,2785,0.005402726963440133,0.0004027269634401332,1.3581896677336656,0.7276446883909179,1.174159692331099,9,11,False
NY,13,45,60,売,2785,-0.005402726963440133,-0.010402726963440134,-1.3581896677336656,-0.7276446883909179,-1.174159692331099,2,11,False
NY,14,0,60,買,2785,0.0030040113232653125,-0.0019959886767346876,0.7586324116252317,0.6619705237551352,0.42414967620633887,8,11,False
NY,14,0,60,売,2785,-0.0030040113232653125,-0.008004011323265312,-0.7586324116252317,-0.6619705237551352,-0.42414967620633887,3,11,False
NY,14,15,60,買,2785,0.0018784169278039636,-0.0031215830721960363,0.5380728722639702,0.23624479553682035,0.5045765163516984,6,11,False
NY,14,15,60,売,2785,-0.0018784169278039636,-0.006878416927803964,-0.5380728722639702,-0.23624479553682035,-0.5045765163516984,5,11,False
NY,14,30,60,買,2785,0.0014650544963707628,-0.0035349455036292375,0.42068219637771287,0.034844970879720286,0.5084436834434785,5,11,False
NY,14,30,60,売,2785,-0.0014650544963707628,-0.006465054496370763,-0.42068219637771287,-0.034844970879720286,-0.5084436834434785,6,11,False
NY,14,45,60,買,2785,0.0013182258289532582,-0.003681774171046742,0.386628506602138,0.0770672241884929,0.43080018239680773,5,11,False
NY,14,45,60,売,2785,-0.0013182258289532582,-0.006318225828953259,-0.386628506602138,-0.0770672241884929,-0.43080018239680773,6,11,False
NY,15,0,60,買,2785,5.96186133801119e-05,-0.004940381386619888,0.017604915264350752,-0.847625053545418,0.6925841829371394,3,11,False
NY,15,0,60,売,2785,-5.96186133801119e-05,-0.005059618613380112,-0.017604915264350752,0.847625053545418,-0.6925841829371394,8,11,False
NY,15,15,60,買,2785,-0.0012586930520168053,-0.006258693052016805,-0.45478588759418365,-1.132159156876947,0.300621276661766,4,11,False
NY,15,15,60,売,2785,0.0012586930520168053,-0.0037413069479831948,0.45478588759418365,1.132159156876947,-0.300621276661766,7,11,False
NY,15,30,60,買,2785,-0.00022763529574053887,-0.005227635295740539,-0.0932066948465726,-0.2996864661927073,0.11166292120564586,7,11,False
NY,15,30,60,売,2785,0.00022763529574053887,-0.004772364704259461,0.0932066948465726,0.2996864661927073,-0.11166292120564586,4,11,False
NY,15,45,60,買,2785,-0.0033928255752557535,-0.008392825575255754,-1.4829479718653447,-1.4266743527207058,-0.7526617961401193,4,11,False
NY,15,45,60,売,2785,0.0033928255752557535,-0.0016071744247442466,1.4829479718653447,1.4266743527207058,0.7526617961401193,7,11,False
NY,16,0,60,買,2785,-0.017378693832955476,-0.022378693832955477,-7.547193552977033,-9.794515429383248,-1.9144541496491174,2,11,False
NY,16,0,60,売,2785,0.017378693832955476,0.012378693832955475,7.547193552977033,9.794515429383248,1.9144541496491174,9,11,False
NY,16,15,60,買,2785,-0.016956799416554938,-0.02195679941655494,-8.478506651420046,-11.402021274575086,-2.01970090242493,2,11,False
NY,16,15,60,売,2785,0.016956799416554938,0.011956799416554937,8.478506651420046,11.402021274575086,2.01970090242493,9,11,False
NY,16,30,60,買,2785,-0.016493090859544722,-0.021493090859544723,-10.105375240490451,-12.580612260676398,-2.5083220847115033,2,11,False
NY,16,30,60,売,2785,0.016493090859544722,0.011493090859544721,10.105375240490451,12.580612260676398,2.5083220847115033,9,11,False
NY,16,45,60,買,2785,-0.01584753879858056,-0.02084753879858056,-12.678807790436379,-16.209714861809324,-2.5140185822433327,2,11,False
NY,16,45,60,売,2785,0.01584753879858056,0.01084753879858056,12.678807790436379,16.209714861809324,2.5140185822433327,9,11,False
NY,17,0,60,買,2785,0.004897598028029088,-0.00010240197197091197,5.013129749224914,7.893916705870763,-0.7768993454159436,7,11,True
NY,17,0,60,売,2785,-0.004897598028029088,-0.009897598028029088,-5.013129749224914,-7.893916705870763,0.7768993454159436,4,11,True
NY,17,15,60,買,2785,0.028962598271725683,0.023962598271725682,15.261100220820362,15.013921993010348,7.788167786889267,11,11,True
NY,17,15,60,売,2785,-0.028962598271725683,-0.03396259827172568,-15.261100220820362,-15.013921993010348,-7.788167786889267,0,11,True
NY,17,30,60,買,2785,0.034068337026713934,0.029068337026713933,14.709829835597805,14.449182225247997,7.85971728241378,11,11,True
NY,17,30,60,売,2785,-0.034068337026713934,-0.03906833702671393,-14.709829835597805,-14.449182225247997,-7.85971728241378,0,11,True
NY,17,45,60,買,2785,0.035789958696631076,0.030789958696631075,14.120034851299838,13.682307107958977,7.594788207681754,11,11,True
NY,17,45,60,売,2785,-0.035789958696631076,-0.04078995869663107,-14.120034851299838,-13.682307107958977,-7.594788207681754,0,11,True
NY,18,0,60,買,2785,0.030909931953279558,0.025909931953279557,11.269799332063357,9.178327176800995,7.493083306652638,11,11,True
NY,18,0,60,売,2785,-0.030909931953279558,-0.03590993195327956,-11.269799332063357,-9.178327176800995,-7.493083306652638,0,11,True
NY,18,15,60,買,2785,0.009522145479504616,0.004522145479504616,4.08792841902302,2.15914013964412,3.4957704327212262,8,11,True
NY,18,15,60,売,2785,-0.009522145479504616,-0.014522145479504617,-4.08792841902302,-2.15914013964412,-3.4957704327212262,3,11,True
NY,18,30,60,買,2785,0.0063570879837033575,0.0013570879837033574,2.7929464494901146,0.7254320117919169,2.998021976006191,7,11,True
NY,18,30,60,売,2785,-0.0063570879837033575,-0.011357087983703357,-2.7929464494901146,-0.7254320117919169,-2.998021976006191,4,11,True
NY,18,45,60,買,2785,0.00764583462855659,0.00264583462855659,3.2323650411899014,1.0637835847929695,3.2640995358012863,8,11,True
NY,18,45,60,売,2785,-0.00764583462855659,-0.01264583462855659,-3.2323650411899014,-1.0637835847929695,-3.2640995358012863,3,11,True
NY,19,0,60,買,2784,0.00867374647448983,0.0036737464744898305,3.4095472983988357,1.8111189174867608,2.9037098194472732,9,11,True
NY,19,0,60,売,2784,-0.00867374647448983,-0.01367374647448983,-3.4095472983988357,-1.8111189174867608,-2.9037098194472732,2,11,True
NY,19,15,60,買,2784,0.00462068785726394,-0.0003793121427360605,1.3572083061348152,1.1814444345784056,0.8611397904736634,7,11,True
NY,19,15,60,売,2784,-0.00462068785726394,-0.00962068785726394,-1.3572083061348152,-1.1814444345784056,-0.8611397904736634,4,11,True
NY,19,30,60,買,2784,0.005091160489262611,9.116048926261118e-05,1.525009197824987,1.659859140226733,0.7100510259204511,8,11,True
NY,19,30,60,売,2784,-0.005091160489262611,-0.010091160489262611,-1.525009197824987,-1.659859140226733,-0.7100510259204511,3,11,True
NY,19,45,60,買,2784,0.006525811016909197,0.0015258110169091973,1.9945917225650194,0.7004243627499656,1.9425436102866973,8,11,True
NY,19,45,60,売,2784,-0.006525811016909197,-0.011525811016909197,-1.9945917225650194,-0.7004243627499656,-1.9425436102866973,3,11,True
NY,20,0,60,買,2785,0.005142924184531408,0.00014292418453140752,1.3785892316100747,0.6980451278385805,1.1939921631101738,8,11,True
NY,20,0,60,売,2785,-0.005142924184531408,-0.010142924184531409,-1.3785892316100747,-0.6980451278385805,-1.1939921631101738,3,11,True
NY,20,15,60,買,2785,0.009167828676710881,0.004167828676710881,2.2932562807298047,0.15421264732354792,2.7513580817011682,9,11,True
NY,20,15,60,売,2785,-0.009167828676710881,-0.014167828676710882,-2.2932562807298047,-0.15421264732354792,-2.7513580817011682,2,11,True
NY,20,30,60,買,2785,0.011070564380243843,0.006070564380243843,2.6791056006755967,0.7633566983302921,2.730275427852269,8,11,True
NY,20,30,60,売,2785,-0.011070564380243843,-0.016070564380243842,-2.6791056006755967,-0.7633566983302921,-2.730275427852269,3,11,True
NY,20,45,60,買,2785,0.009669820829902153,0.004669820829902153,2.19499319197488,1.0960130664945906,1.907565763523438,10,11,True
NY,20,45,60,売,2785,-0.009669820829902153,-0.014669820829902154,-2.19499319197488,-1.0960130664945906,-1.907565763523438,1,11,True
NY,21,0,60,買,2785,0.0034513089700920012,-0.0015486910299079989,0.7960870940624261,0.5927599870675622,0.55762106390122,7,11,False
NY,21,0,60,売,2785,-0.0034513089700920012,-0.008451308970092001,-0.7960870940624261,-0.5927599870675622,-0.55762106390122,4,11,False
NY,21,15,60,買,2785,0.002413791874602767,-0.002586208125397233,0.6663242503938649,0.7141626850978269,0.30467785606919834,7,11,False
NY,21,15,60,売,2785,-0.002413791874602767,-0.007413791874602767,-0.6663242503938649,-0.7141626850978269,-0.30467785606919834,4,11,False
NY,21,30,60,買,2785,0.0033023523243053536,-0.0016976476756946465,1.0268492512333491,1.0637244726195096,0.4920582441898656,6,11,False
NY,21,30,60,売,2785,-0.0033023523243053536,-0.008302352324305354,-1.0268492512333491,-1.0637244726195096,-0.4920582441898656,5,11,False
NY,21,45,60,買,2785,-0.0012317484505497888,-0.006231748450549789,-0.37656141433351786,0.3631986689114031,-0.7098323191155642,5,11,False
NY,21,45,60,売,2785,0.0012317484505497888,-0.0037682515494502113,0.37656141433351786,-0.3631986689114031,0.7098323191155642,6,11,False
NY,22,0,60,買,2785,-0.0002917032689078321,-0.005291703268907832,-0.09687204730758303,-0.5507753035596815,0.27329196148597423,6,11,False
NY,22,0,60,売,2785,0.0002917032689078321,-0.004708296731092168,0.09687204730758303,0.5507753035596815,-0.27329196148597423,5,11,False
NY,22,15,60,買,2785,-0.0009193740224363574,-0.005919374022436357,-0.3122043054936879,0.09724170050978333,-0.44950545246922274,6,11,False
NY,22,15,60,売,2785,0.0009193740224363574,-0.004080625977563643,0.3122043054936879,-0.09724170050978333,0.44950545246922274,5,11,False
NY,22,30,60,買,2785,-0.003778583852149574,-0.008778583852149574,-1.3351971098583242,-1.5598687020785253,-0.4642564658302214,3,11,False
NY,22,30,60,売,2785,0.003778583852149574,-0.0012214161478504263,1.3351971098583242,1.5598687020785253,0.4642564658302214,8,11,False
NY,22,45,60,買,2785,-0.0010393067760556315,-0.006039306776055632,-0.4002274491791854,-0.46641241402576217,-0.12561000073580053,6,11,False
NY,22,45,60,売,2785,0.0010393067760556315,-0.003960693223944369,0.4002274491791854,0.46641241402576217,0.12561000073580053,5,11,False
NY,23,0,60,買,2785,0.00010203060730054111,-0.004897969392699459,0.04189825911061714,-0.0647908356135855,0.12476094525393343,4,11,False
NY,23,0,60,売,2785,-0.00010203060730054111,-0.005102030607300541,-0.04189825911061714,0.0647908356135855,-0.12476094525393343,7,11,False
NY,23,15,60,買,2785,-0.0007948479103043502,-0.005794847910304351,-0.3581147840573245,-0.7037026943411039,0.1642552979872299,5,11,False
NY,23,15,60,売,2785,0.0007948479103043502,-0.0042051520896956495,0.3581147840573245,0.7037026943411039,-0.1642552979872299,6,11,False
NY,23,30,60,買,2785,-0.0019236130842485274,-0.006923613084248528,-0.8686007052865187,-0.351695430938363,-0.8343991699020356,4,11,False
NY,23,30,60,売,2785,0.0019236130842485274,-0.0030763869157514724,0.8686007052865187,0.351695430938363,0.8343991699020356,7,11,False
NY,23,45,60,買,2785,-0.0015931097704581895,-0.00659310977045819,-0.6294565396730489,-0.5564698852401562,-0.3735176356875759,5,11,False
NY,23,45,60,売,2785,0.0015931097704581895,-0.0034068902295418106,0.6294565396730489,0.5564698852401562,0.3735176356875759,6,11,False
UTC,0,0,15,買,2785,-0.002436450915346505,-0.007436450915346505,-1.2261326379613204,-0.9337949178264255,-0.8591226350893955,2,11,True
UTC,0,0,15,売,2785,0.002436450915346505,-0.002563549084653495,1.2261326379613204,0.9337949178264255,0.8591226350893955,9,11,True
UTC,0,15,15,買,2785,0.0004719025868143819,-0.0045280974131856186,0.27895601078518567,-0.2904447661928579,0.5315842135251231,6,11,True
UTC,0,15,15,売,2785,-0.0004719025868143819,-0.005471902586814382,-0.27895601078518567,0.2904447661928579,-0.5315842135251231,5,11,True
UTC,0,30,15,買,2785,-0.0015809265241813115,-0.006580926524181312,-0.9152419108977914,-2.7000946432119326,0.6432625330380257,3,11,True
UTC,0,30,15,売,2785,0.0015809265241813115,-0.0034190734758186886,0.9152419108977914,2.7000946432119326,-0.6432625330380257,8,11,True
UTC,0,45,15,買,2785,0.001977180969884349,-0.0030228190301156512,1.2390611998856083,0.9657287284551112,0.8345122109545681,9,11,True
UTC,0,45,15,売,2785,-0.001977180969884349,-0.006977180969884349,-1.2390611998856083,-0.9657287284551112,-0.8345122109545681,2,11,True
UTC,1,0,15,買,2785,0.0008830803201041688,-0.004116919679895832,0.2906843924775303,-0.16558269462541628,0.47081743094023676,5,11,False
UTC,1,0,15,売,2785,-0.0008830803201041688,-0.005883080320104169,-0.2906843924775303,0.16558269462541628,-0.47081743094023676,6,11,False
UTC,1,15,15,買,2785,0.0023590575767000327,-0.0026409424232999674,1.120878821069163,0.5391193919107012,0.9930360956470113,6,11,False
UTC,1,15,15,売,2785,-0.0023590575767000327,-0.007359057576700033,-1.120878821069163,-0.5391193919107012,-0.9930360956470113,5,11,False
UTC,1,30,15,買,2785,0.00670728555137416,0.00170728555137416,3.169978405631499,1.234123333343777,3.0051816167020764,9,11,False
UTC,1,30,15,売,2785,-0.00670728555137416,-0.01170728555137416,-3.169978405631499,-1.234123333343777,-3.0051816167020764,2,11,False
UTC,1,45,15,買,2785,-0.0003209186776001173,-0.0053209186776001175,-0.17931921373353274,1.8559519449828332,-1.489797929257679,6,11,False
UTC,1,45,15,売,2785,0.0003209186776001173,-0.004679081322399883,0.17931921373353274,-1.8559519449828332,1.489797929257679,5,11,False
UTC,2,0,15,買,2785,0.0003575876616728026,-0.004642412338327197,0.19887343387766346,-0.6387489346293784,0.6401816682723801,5,11,False
UTC,2,0,15,売,2785,-0.0003575876616728026,-0.005357587661672803,-0.19887343387766346,0.6387489346293784,-0.6401816682723801,6,11,False
UTC,2,15,15,買,2785,0.00718631139824977,0.0021863113982497698,5.2535476784851785,5.508777649811754,2.5853818705767844,10,11,False
UTC,2,15,15,売,2785,-0.00718631139824977,-0.01218631139824977,-5.2535476784851785,-5.508777649811754,-2.5853818705767844,1,11,False
UTC,2,30,15,買,2785,-0.0014349000557600023,-0.006434900055760003,-0.8252975873595415,-1.2097779153486827,-0.1594147779297196,4,11,False
UTC,2,30,15,売,2785,0.0014349000557600023,-0.0035650999442399978,0.8252975873595415,1.2097779153486827,0.1594147779297196,7,11,False
UTC,2,45,15,買,2785,-0.0030639105720823004,-0.0080639105720823,-1.8396557466861967,-1.0576642814845993,-1.5109990169931693,4,11,False
UTC,2,45,15,売,2785,0.0030639105720823004,-0.0019360894279176998,1.8396557466861967,1.0576642814845993,1.5109990169931693,7,11,False
UTC,3,0,15,買,2785,-0.0006501758847556216,-0.0056501758847556215,-0.4056081872971364,-0.02939089783180365,-0.5098523483816069,6,11,False
UTC,3,0,15,売,2785,0.0006501758847556216,-0.004349824115244379,0.4056081872971364,0.02939089783180365,0.5098523483816069,5,11,False
UTC,3,15,15,買,2785,0.0017027662854074744,-0.003297233714592526,1.3695771980746287,0.1702051021335,1.5954775159133177,7,11,False
UTC,3,15,15,売,2785,-0.0017027662854074744,-0.006702766285407474,-1.3695771980746287,-0.1702051021335,-1.5954775159133177,4,11,False
UTC,3,30,15,買,2785,-0.0013100262758333385,-0.006310026275833339,-0.9384412805609798,-0.5122616454945718,-0.806348555092821,3,11,False
UTC,3,30,15,売,2785,0.0013100262758333385,-0.0036899737241666616,0.9384412805609798,0.5122616454945718,0.806348555092821,8,11,False
UTC,3,45,15,買,2785,-0.0008285261838666345,-0.005828526183866634,-0.7494106160051945,-1.3636665635194816,0.027152614203272613,3,11,False
UTC,3,45,15,売,2785,0.0008285261838666345,-0.004171473816133366,0.7494106160051945,1.3636665635194816,-0.027152614203272613,8,11,False
UTC,4,0,15,買,2785,-0.001287602992001638,-0.006287602992001639,-1.1675937999407258,-1.3903241002230253,-0.3724162866206966,4,11,False
UTC,4,0,15,売,2785,0.001287602992001638,-0.003712397007998362,1.1675937999407258,1.3903241002230253,0.3724162866206966,7,11,False
UTC,4,15,15,買,2785,-0.001377675648746331,-0.006377675648746331,-1.294101841657627,-0.7051499782220029,-1.1013778722533254,2,11,False
UTC,4,15,15,売,2785,0.001377675648746331,-0.003622324351253669,1.294101841657627,0.7051499782220029,1.1013778722533254,9,11,False
UTC,4,30,15,買,2785,-0.00034837114229482755,-0.005348371142294828,-0.30501424854322245,0.03753327111699041,-0.45992891310987927,2,11,False
UTC,4,30,15,売,2785,0.00034837114229482755,-0.004651628857705172,0.30501424854322245,-0.03753327111699041,0.45992891310987927,9,11,False
UTC,4,45,15,買,2785,0.0013475368060976945,-0.0036524631939023056,1.2534554134579863,1.0374113585233142,0.7549085275046096,8,11,False
UTC,4,45,15,売,2785,-0.0013475368060976945,-0.006347536806097695,-1.2534554134579863,-1.0374113585233142,-0.7549085275046096,3,11,False
UTC,5,0,15,買,2785,-0.0014730738474986109,-0.0064730738474986105,-1.185533972236018,-1.3156540288373655,-0.4739015537261664,5,11,False
UTC,5,0,15,売,2785,0.0014730738474986109,-0.0035269261525013892,1.185533972236018,1.3156540288373655,0.4739015537261664,6,11,False
UTC,5,15,15,買,2785,0.0021164793575650263,-0.002883520642434974,1.7279681402548002,1.944937722317757,0.7361972108747473,8,11,False
UTC,5,15,15,売,2785,-0.0021164793575650263,-0.007116479357565026,-1.7279681402548002,-1.944937722317757,-0.7361972108747473,3,11,False
UTC,5,30,15,買,2785,0.00025509212897251437,-0.004744907871027486,0.1227028706632644,0.3834546475267798,-0.10741672732827649,7,11,False
UTC,5,30,15,売,2785,-0.00025509212897251437,-0.005255092128972514,-0.1227028706632644,-0.3834546475267798,0.10741672732827649,4,11,False
UTC,5,45,15,買,2785,-0.0024010731732549096,-0.00740107317325491,-1.4145843171834578,0.04591602000209833,-1.6958578069093917,4,11,False
UTC,5,45,15,売,2785,0.0024010731732549096,-0.0025989268267450905,1.4145843171834578,-0.04591602000209833,1.6958578069093917,7,11,False
UTC,6,0,15,買,2785,-0.0009299746250302861,-0.005929974625030286,-0.5142844450204536,-1.214125098956116,0.3550235431840755,6,11,False
UTC,6,0,15,売,2785,0.0009299746250302861,-0.004070025374969714,0.5142844450204536,1.214125098956116,-0.3550235431840755,5,11,False
UTC,6,15,15,買,2785,0.0024536290278476735,-0.0025463709721523266,1.3660644563519062,1.7398580546968687,0.45755786008787075,7,11,False
UTC,6,15,15,売,2785,-0.0024536290278476735,-0.007453629027847674,-1.3660644563519062,-1.7398580546968687,-0.45755786008787075,4,11,False
UTC,6,30,15,買,2785,0.0005505264704224133,-0.0044494735295775864,0.3238357018557776,0.05490390862121541,0.3603405421521493,6,11,False
UTC,6,30,15,売,2785,-0.0005505264704224133,-0.005550526470422414,-0.3238357018557776,-0.05490390862121541,-0.3603405421521493,5,11,False
UTC,6,45,15,買,2785,0.004358835687704262,-0.0006411643122957384,2.7137336928791145,1.3227965759407314,2.4135147315352583,7,11,False
UTC,6,45,15,売,2785,-0.004358835687704262,-0.009358835687704261,-2.7137336928791145,-1.3227965759407314,-2.4135147315352583,4,11,False
UTC,7,0,15,買,2785,0.0012291051447532887,-0.0037708948552467115,0.5935741195302995,0.31933060017191317,0.5035009702095398,6,11,False
UTC,7,0,15,売,2785,-0.0012291051447532887,-0.006229105144753289,-0.5935741195302995,-0.31933060017191317,-0.5035009702095398,5,11,False
UTC,7,15,15,買,2785,0.00042500746357777456,-0.004574992536422225,0.25449504207023976,-0.6750555982498473,0.8785359430024999,8,11,False
UTC,7,15,15,売,2785,-0.00042500746357777456,-0.005425007463577775,-0.25449504207023976,0.6750555982498473,-0.8785359430024999,3,11,False
UTC,7,30,15,買,2785,0.0013498126984882793,-0.003650187301511721,0.6859834364280674,0.8575666184317672,0.2093793401951097,6,11,False
UTC,7,30,15,売,2785,-0.0013498126984882793,-0.006349812698488279,-0.6859834364280674,-0.8575666184317672,-0.2093793401951097,5,11,False
UTC,7,45,15,買,2785,-0.0014603715977202089,-0.006460371597720209,-0.9269112309306397,-0.927716213131914,-0.42049615893449827,3,11,False
UTC,7,45,15,売,2785,0.0014603715977202089,-0.0035396284022797915,0.9269112309306397,0.927716213131914,0.42049615893449827,8,11,False
UTC,8,0,15,買,2785,0.0017361215767434156,-0.0032638784232565847,0.796174066913298,1.4689699731538348,-0.1589832805624229,7,11,False
UTC,8,0,15,売,2785,-0.0017361215767434156,-0.0067361215767434155,-0.796174066913298,-1.4689699731538348,0.1589832805624229,4,11,False
UTC,8,15,15,買,2785,0.00026395614404113284,-0.004736043855958867,0.1488869994829207,0.9178366829311297,-0.5459467310096584,7,11,False
UTC,8,15,15,売,2785,-0.00026395614404113284,-0.005263956144041133,-0.1488869994829207,-0.9178366829311297,0.5459467310096584,4,11,False
UTC,8,30,15,買,2785,0.0010335734230008664,-0.003966426576999134,0.5915622972101489,0.7811566274173711,0.1360072984447199,7,11,False
UTC,8,30,15,売,2785,-0.0010335734230008664,-0.0060335734230008665,-0.5915622972101489,-0.7811566274173711,-0.1360072984447199,4,11,False
UTC,8,45,15,買,2785,-0.0002769606529406823,-0.005276960652940682,-0.1818916995906599,0.3769735210441519,-0.5483093867057258,6,11,False
UTC,8,45,15,売,2785,0.0002769606529406823,-0.004723039347059318,0.1818916995906599,-0.3769735210441519,0.5483093867057258,5,11,False
UTC,9,0,15,買,2785,0.003178964193282241,-0.001821035806717759,1.8398445462193471,0.5948829956420478,1.8325138096957916,7,11,False
UTC,9,0,15,売,2785,-0.003178964193282241,-0.008178964193282241,-1.8398445462193471,-0.5948829956420478,-1.8325138096957916,4,11,False
UTC,9,15,15,買,2785,-0.0050783561773076365,-0.010078356177307637,-3.158346697155763,-1.8957107145797298,-2.5265816953965348,5,11,False
UTC,9,15,15,売,2785,0.0050783561773076365,7.835617730763637e-05,3.158346697155763,1.8957107145797298,2.5265816953965348,6,11,False
UTC,9,30,15,買,2785,0.001534728096615079,-0.0034652719033849214,0.8973847563578439,0.8111665401742058,0.5223221380294408,8,11,False
UTC,9,30,15,売,2785,-0.001534728096615079,-0.006534728096615079,-0.8973847563578439,-0.8111665401742058,-0.5223221380294408,3,11,False
UTC,9,45,15,買,2785,0.000697350928244648,-0.004302649071755352,0.478612846460883,-0.3852993436105535,0.9099069507606623,7,11,False
UTC,9,45,15,売,2785,-0.000697350928244648,-0.005697350928244648,-0.478612846460883,0.3852993436105535,-0.9099069507606623,4,11,False
UTC,10,0,15,買,2785,0.003286302960768368,-0.001713697039231632,2.0680520312365904,0.4752899503381063,2.3275158095010813,7,11,False
UTC,10,0,15,売,2785,-0.003286302960768368,-0.008286302960768368,-2.0680520312365904,-0.4752899503381063,-2.3275158095010813,4,11,False
UTC,10,15,15,買,2785,-0.0033022236318385532,-0.008302223631838553,-2.1140006535493563,-1.4735355303062108,-1.5362635188753875,4,11,False
UTC,10,15,15,売,2785,0.0033022236318385532,-0.0016977763681614469,2.1140006535493563,1.4735355303062108,1.5362635188753875,7,11,False
UTC,10,30,15,買,2785,0.0023418424440755123,-0.002658157555924488,1.5537461550615532,3.8113218697358167,-1.0054892622476603,10,11,False
UTC,10,30,15,売,2785,-0.0023418424440755123,-0.007341842444075512,-1.5537461550615532,-3.8113218697358167,1.0054892622476603,1,11,False
UTC,10,45,15,買,2785,-0.0012895313734469086,-0.006289531373446909,-0.7849019715691387,-1.6208305052511425,0.43802844462730567,4,11,False
UTC,10,45,15,売,2785,0.0012895313734469086,-0.0037104686265530913,0.7849019715691387,1.6208305052511425,-0.43802844462730567,7,11,False
UTC,11,0,15,買,2785,0.003983370096377054,-0.0010166299036229462,1.7658376890977292,1.5539664756210874,1.2004295502781535,7,11,False
UTC,11,0,15,売,2785,-0.003983370096377054,-0.008983370096377053,-1.7658376890977292,-1.5539664756210874,-1.2004295502781535,4,11,False
UTC,11,15,15,買,2785,-0.000843103801485363,-0.005843103801485363,-0.5080697988246752,-1.7913939686213294,0.6834040154026803,5,11,False
UTC,11,15,15,売,2785,0.000843103801485363,-0.004156896198514637,0.5080697988246752,1.7913939686213294,-0.6834040154026803,6,11,False
UTC,11,30,15,買,2785,0.001751803494513044,-0.003248196505486956,1.0046733434609934,0.391332446348985,0.9834610464371363,7,11,False
UTC,11,30,15,売,2785,-0.001751803494513044,-0.006751803494513044,-1.0046733434609934,-0.391332446348985,-0.9834610464371363,4,11,False
UTC,11,45,15,買,2785,-0.0018284119020497876,-0.006828411902049788,-1.0102316674449376,-1.0844207877147907,-0.32429562677989593,5,11,False
UTC,11,45,15,売,2785,0.0018284119020497876,-0.0031715880979502125,1.0102316674449376,1.0844207877147907,0.32429562677989593,6,11,False
UTC,12,0,15,買,2785,0.004418375207255359,-0.000581624792744641,2.03454137559448,1.4366779213158938,1.4404660470025896,8,11,False
UTC,12,0,15,売,2785,-0.004418375207255359,-0.009418375207255358,-2.03454137559448,-1.4366779213158938,-1.4404660470025896,3,11,False
UTC,12,15,15,買,2785,-0.003651297769399327,-0.008651297769399328,-1.5363163935891977,0.16920835580255578,-2.1779304765131116,3,11,False
UTC,12,15,15,売,2785,0.003651297769399327,-0.001348702230600673,1.5363163935891977,-0.16920835580255578,2.1779304765131116,8,11,False
UTC,12,30,15,買,2785,0.005391697496737666,0.00039169749673766564,1.4392980180766364,0.4717364890178355,1.4360044930311457,7,11,False
UTC,12,30,15,売,2785,-0.005391697496737666,-0.010391697496737667,-1.4392980180766364,-0.4717364890178355,-1.4360044930311457,4,11,False
UTC,12,45,15,買,2785,-0.002876253611776549,-0.00787625361177655,-1.20760675981667,-1.1587974436768769,-0.6340617482322398,3,11,False
UTC,12,45,15,売,2785,0.002876253611776549,-0.002123746388223451,1.20760675981667,1.1587974436768769,0.6340617482322398,8,11,False
UTC,13,0,15,買,2785,-0.001123472633100514,-0.006123472633100514,-0.4015049415348133,-0.7160810921402732,0.09514365572869554,6,11,False
UTC,13,0,15,売,2785,0.001123472633100514,-0.003876527366899486,0.4015049415348133,0.7160810921402732,-0.09514365572869554,5,11,False
UTC,13,15,15,買,2785,-0.0016302542981796026,-0.006630254298179603,-0.6283042615755526,0.3254339574815018,-1.0843295432520332,3,11,False
UTC,13,15,15,売,2785,0.0016302542981796026,-0.0033697457018203973,0.6283042615755526,-0.3254339574815018,1.0843295432520332,8,11,False
UTC,13,30,15,買,2785,-0.0002431576670695605,-0.00524315766706956,-0.06711055944251026,-0.4367244490041858,0.23779905661685205,6,11,False
UTC,13,30,15,売,2785,0.0002431576670695605,-0.00475684233293044,0.06711055944251026,0.4367244490041858,-0.23779905661685205,5,11,False
UTC,13,45,15,買,2785,-0.0028403623393875223,-0.007840362339387522,-0.9092358563677335,-0.7173105143560402,-0.5929441132076979,5,11,False
UTC,13,45,15,売,2785,0.0028403623393875223,-0.0021596376606124778,0.9092358563677335,0.7173105143560402,0.5929441132076979,6,11,False
UTC,14,0,15,買,2785,0.003276592187740257,-0.0017234078122597431,0.9744514673261603,0.5059742744054175,0.841548656747577,5,11,False
UTC,14,0,15,売,2785,-0.003276592187740257,-0.008276592187740257,-0.9744514673261603,-0.5059742744054175,-0.841548656747577,6,11,False
UTC,14,15,15,買,2785,0.0024267342025260214,-0.0025732657974739787,0.9329710847925272,1.6273029927037768,-0.09405173544899663,6,11,False
UTC,14,15,15,売,2785,-0.0024267342025260214,-0.007426734202526021,-0.9329710847925272,-1.6273029927037768,0.09405173544899663,5,11,False
UTC,14,30,15,買,2785,-0.003027724585559188,-0.008027724585559188,-0.9882906028375124,-1.837658336727212,0.1961858344456811,3,11,False
UTC,14,30,15,売,2785,0.003027724585559188,-0.0019722754144408123,0.9882906028375124,1.837658336727212,-0.1961858344456811,8,11,False
UTC,14,45,15,買,2785,-0.0008345516321428148,-0.005834551632142815,-0.28827999218313094,-0.17056514764791814,-0.23499771534914815,5,11,False
UTC,14,45,15,売,2785,0.0008345516321428148,-0.004165448367857185,0.28827999218313094,0.17056514764791814,0.23499771534914815,6,11,False
UTC,15,0,15,買,2785,0.003984915711341065,-0.0010150842886589347,1.3492606518189056,1.6832086838955933,0.35297055886805323,7,11,False
UTC,15,0,15,売,2785,-0.003984915711341065,-0.008984915711341065,-1.3492606518189056,-1.6832086838955933,-0.35297055886805323,4,11,False
UTC,15,15,15,買,2785,-0.0020388441428537876,-0.007038844142853788,-0.6995531199038605,-0.08659990060940416,-0.8188084685267463,4,11,False
UTC,15,15,15,売,2785,0.0020388441428537876,-0.0029611558571462126,0.6995531199038605,0.08659990060940416,0.8188084685267463,7,11,False
UTC,15,30,15,買,2785,-0.002586495696302757,-0.007586495696302757,-1.052872307075019,-0.6213348263155414,-0.8585093922238629,3,11,False
UTC,15,30,15,売,2785,0.002586495696302757,-0.002413504303697243,1.052872307075019,0.6213348263155414,0.8585093922238629,8,11,False
UTC,15,45,15,買,2785,-0.00180894663577821,-0.00680894663577821,-0.8091291779120972,-0.399591151735458,-0.7184821025028204,4,11,False
UTC,15,45,15,売,2785,0.00180894663577821,-0.00319105336422179,0.8091291779120972,0.399591151735458,0.7184821025028204,7,11,False
UTC,16,0,15,買,2785,0.0013496564394666903,-0.0036503435605333098,0.5725771148894951,0.04266334763341704,0.6610520831538294,5,11,False
UTC,16,0,15,売,2785,-0.0013496564394666903,-0.006349656439466691,-0.5725771148894951,-0.04266334763341704,-0.6610520831538294,6,11,False
UTC,16,15,15,買,2785,-0.0009251761578224349,-0.005925176157822435,-0.4613800391997104,0.34873403746015885,-0.8668103032634269,5,11,False
UTC,16,15,15,売,2785,0.0009251761578224349,-0.0040748238421775655,0.4613800391997104,-0.34873403746015885,0.8668103032634269,6,11,False
UTC,16,30,15,買,2785,-0.0017150872033139682,-0.006715087203313968,-0.897762637046121,-1.832803804835006,0.4512640382216795,5,11,False
UTC,16,30,15,売,2785,0.0017150872033139682,-0.003284912796686032,0.897762637046121,1.832803804835006,-0.4512640382216795,6,11,False
UTC,16,45,15,買,2785,0.0029496675388094814,-0.0020503324611905187,1.7024225003022189,0.49160359748324517,1.9172400974380088,8,11,False
UTC,16,45,15,売,2785,-0.0029496675388094814,-0.007949667538809482,-1.7024225003022189,-0.49160359748324517,-1.9172400974380088,3,11,False
UTC,17,0,15,買,2785,-0.001976698540125897,-0.006976698540125897,-1.0229592537293064,-0.3043413237449056,-1.0683777456778993,2,11,False
UTC,17,0,15,売,2785,0.001976698540125897,-0.003023301459874103,1.0229592537293064,0.3043413237449056,1.0683777456778993,9,11,False
UTC,17,15,15,買,2785,-0.0021123672800309194,-0.00711236728003092,-1.1211851497809568,-0.17494400912092453,-1.3795215257418134,4,11,False
UTC,17,15,15,売,2785,0.0021123672800309194,-0.0028876327199690807,1.1211851497809568,0.17494400912092453,1.3795215257418134,7,11,False
UTC,17,30,15,買,2785,0.001447365424521432,-0.0035526345754785683,0.7909654317921427,1.7346345949499182,-0.28011103036002466,5,11,False
UTC,17,30,15,売,2785,-0.001447365424521432,-0.006447365424521432,-0.7909654317921427,-1.7346345949499182,0.28011103036002466,6,11,False
UTC,17,45,15,買,2785,0.0010086056432807534,-0.003991394356719247,0.6584837294775828,0.951363290294044,-0.0237942659677272,5,11,False
UTC,17,45,15,売,2785,-0.0010086056432807534,-0.0060086056432807535,-0.6584837294775828,-0.951363290294044,0.0237942659677272,6,11,False
UTC,18,0,15,買,2785,0.0009380438700704116,-0.004061956129929588,0.408712261910056,0.2680028922960169,0.3085016811382456,7,11,False
UTC,18,0,15,売,2785,-0.0009380438700704116,-0.005938043870070412,-0.408712261910056,-0.2680028922960169,-0.3085016811382456,4,11,False
UTC,18,15,15,買,2785,-0.0011323471834631376,-0.006132347183463138,-0.6569577111718197,-1.4729476438403017,0.47885624803504834,6,11,False
UTC,18,15,15,売,2785,0.0011323471834631376,-0.0038676528165368625,0.6569577111718197,1.4729476438403017,-0.47885624803504834,5,11,False
UTC,18,30,15,買,2785,0.0009698097221084817,-0.004030190277891518,0.4686206227655938,-0.21654676875334067,0.7882262567692413,5,11,False
UTC,18,30,15,売,2785,-0.0009698097221084817,-0.005969809722108482,-0.4686206227655938,0.21654676875334067,-0.7882262567692413,6,11,False
UTC,18,45,15,買,2785,0.0005423120886870424,-0.0044576879113129575,0.2951538788916975,-0.035531886425522456,0.40580139027288453,8,11,False
UTC,18,45,15,売,2785,-0.0005423120886870424,-0.005542312088687043,-0.2951538788916975,0.035531886425522456,-0.40580139027288453,3,11,False
UTC,19,0,15,買,2785,0.0009828792147382216,-0.004017120785261778,0.5175942326640234,0.6818648194450454,0.0961611021299222,6,11,False
UTC,19,0,15,売,2785,-0.0009828792147382216,-0.005982879214738222,-0.5175942326640234,-0.6818648194450454,-0.0961611021299222,5,11,False
UTC,19,15,15,買,2785,-0.0026886928049559837,-0.007688692804955984,-1.6561107034662366,-1.4770102795451534,-0.904947111490553,4,11,False
UTC,19,15,15,売,2785,0.0026886928049559837,-0.0023113071950440164,1.6561107034662366,1.4770102795451534,0.904947111490553,7,11,False
UTC,19,30,15,買,2785,0.0037770930550424437,-0.0012229069449575564,2.1375915348705132,2.7974287290249027,0.49171783916963624,6,11,False
UTC,19,30,15,売,2785,-0.0037770930550424437,-0.008777093055042444,-2.1375915348705132,-2.7974287290249027,-0.49171783916963624,5,11,False
UTC,19,45,15,買,2785,-0.0007963344405244379,-0.005796334440524438,-0.4936052417757332,-0.719473170519271,0.05005392974655978,5,11,False
UTC,19,45,15,売,2785,0.0007963344405244379,-0.004203665559475562,0.4936052417757332,0.719473170519271,-0.05005392974655978,6,11,False
UTC,20,0,15,買,2785,-0.0013699909568283739,-0.006369990956828374,-0.9775220030434191,-1.4692478482469042,-0.03406183261752193,4,11,False
UTC,20,0,15,売,2785,0.0013699909568283739,-0.003630009043171626,0.9775220030434191,1.4692478482469042,0.03406183261752193,7,11,False
UTC,20,15,15,買,2785,-0.0005051652014487028,-0.005505165201448703,-0.40058278735684727,-1.0825731035133757,0.25367564794574643,5,11,False
UTC,20,15,15,売,2785,0.0005051652014487028,-0.004494834798551298,0.40058278735684727,1.0825731035133757,-0.25367564794574643,6,11,False
UTC,20,30,15,買,2785,4.355899900783227e-05,-0.004956441000992168,0.034711832578416396,-1.0623724218602237,0.9569516642832637,5,11,False
UTC,20,30,15,売,2785,-4.355899900783227e-05,-0.005043558999007832,-0.034711832578416396,1.0623724218602237,-0.9569516642832637,6,11,False
UTC,20,45,15,買,2785,-0.011694975565566307,-0.016694975565566306,-7.902354672794342,-9.481150415106423,-1.6703241094133914,2,11,False
UTC,20,45,15,売,2785,0.011694975565566307,0.006694975565566307,7.902354672794342,9.481150415106423,1.6703241094133914,9,11,False
UTC,21,0,15,買,2785,0.0013048513036748117,-0.003695148696325188,1.8699047731880842,1.6616221490866916,0.9954668066574053,8,11,True
UTC,21,0,15,売,2785,-0.0013048513036748117,-0.006304851303674812,-1.8699047731880842,-1.6616221490866916,-0.9954668066574053,3,11,True
UTC,21,15,15,買,2785,-0.0003260066786519864,-0.0053260066786519865,-0.5812630536104952,-0.4538594543892893,-0.39196240794871007,4,11,True
UTC,21,15,15,売,2785,0.0003260066786519864,-0.004673993321348014,0.5812630536104952,0.4538594543892893,0.39196240794871007,7,11,True
UTC,21,30,15,買,2785,0.0004602096251132707,-0.0045397903748867294,0.7460800651295553,2.512858450124993,-0.714630162811728,6,11,True
UTC,21,30,15,売,2785,-0.0004602096251132707,-0.005460209625113271,-0.7460800651295553,-2.512858450124993,0.714630162811728,5,11,True
UTC,21,45,15,買,2785,-0.0012371790309030697,-0.00623717903090307,-1.1199467997080852,-1.0989841882671363,-0.48792775185971954,5,11,True
UTC,21,45,15,売,2785,0.0012371790309030697,-0.0037628209690969304,1.1199467997080852,1.0989841882671363,0.48792775185971954,6,11,True
UTC,22,0,15,買,2785,0.01461573551691074,0.00961573551691074,11.025021364501542,9.00292820113859,6.785955664031493,11,11,True
UTC,22,0,15,売,2785,-0.01461573551691074,-0.01961573551691074,-11.025021364501542,-9.00292820113859,-6.785955664031493,0,11,True
UTC,22,15,15,買,2785,0.0031295334562123772,-0.0018704665437876229,3.2709416836056535,2.3551910895938124,2.2927235472514456,9,11,True
UTC,22,15,15,売,2785,-0.0031295334562123772,-0.008129533456212378,-3.2709416836056535,-2.3551910895938124,-2.2927235472514456,2,11,True
UTC,22,30,15,買,2785,0.0007245148358616483,-0.004275485164138352,0.821975699642774,1.240578446099244,0.08646901951186187,6,11,True
UTC,22,30,15,売,2785,-0.0007245148358616483,-0.005724514835861648,-0.821975699642774,-1.240578446099244,-0.08646901951186187,5,11,True
UTC,22,45,15,買,2785,0.0011212704586437091,-0.003878729541356291,1.1014094073478686,1.5593171067092604,0.2151703884861111,6,11,True
UTC,22,45,15,売,2785,-0.0011212704586437091,-0.00612127045864371,-1.1014094073478686,-1.5593171067092604,-0.2151703884861111,5,11,True
UTC,23,0,15,買,2785,0.012143683188669164,0.007143683188669164,8.128634641285954,6.478645488981189,5.4362533993500195,11,11,True
UTC,23,0,15,売,2785,-0.012143683188669164,-0.017143683188669163,-8.128634641285954,-6.478645488981189,-5.4362533993500195,0,11,True
UTC,23,15,15,買,2785,0.0027437337466833687,-0.0022562662533166314,2.6626254193131818,0.7080449976148717,2.879294588850621,10,11,True
UTC,23,15,15,売,2785,-0.0027437337466833687,-0.007743733746683369,-2.6626254193131818,-0.7080449976148717,-2.879294588850621,1,11,True
UTC,23,30,15,買,2785,0.002957881005345095,-0.002042118994654905,2.4840644446986864,2.2616022385056804,1.3464296678302887,8,11,True
UTC,23,30,15,売,2785,-0.002957881005345095,-0.007957881005345096,-2.4840644446986864,-2.2616022385056804,-1.3464296678302887,3,11,True
UTC,23,45,15,買,2784,0.0019608696918679436,-0.0030391303081320565,1.7104938979345161,0.05585802100210182,2.05717875662468,8,11,True
UTC,23,45,15,売,2784,-0.0019608696918679436,-0.006960869691867944,-1.7104938979345161,-0.05585802100210182,-2.05717875662468,3,11,True
UTC,0,0,30,買,2785,-0.001971401501412928,-0.006971401501412928,-0.7842061061077443,-0.882444624621392,-0.3405360124214095,4,11,True
UTC,0,0,30,売,2785,0.001971401501412928,-0.003028598498587072,0.7842061061077443,0.882444624621392,0.3405360124214095,7,11,True
UTC,0,15,30,買,2785,-0.001102213789639858,-0.006102213789639858,-0.43800547755999675,-2.2391837729904807,0.7739937965122896,4,11,True
UTC,0,15,30,売,2785,0.001102213789639858,-0.003897786210360142,0.43800547755999675,2.2391837729904807,-0.7739937965122896,7,11,True
UTC,0,30,30,買,2785,0.00039010482523197645,-0.004609895174768024,0.17295557575293238,-1.316095080046146,1.0712491754339521,5,11,True
UTC,0,30,30,売,2785,-0.00039010482523197645,-0.005390104825231976,-0.17295557575293238,1.316095080046146,-1.0712491754339521,6,11,True
UTC,0,45,30,買,2785,0.002858233245560346,-0.0021417667544396542,0.8387031155595808,0.3100667587095523,0.8044421245291281,7,11,True
UTC,0,45,30,売,2785,-0.002858233245560346,-0.007858233245560346,-0.8387031155595808,-0.3100667587095523,-0.8044421245291281,4,11,True
UTC,1,0,30,買,2785,0.0032327140958856057,-0.0017672859041143944,0.8968235579363225,0.17775733122092668,0.9762159870064907,8,11,False
UTC,1,0,30,売,2785,-0.0032327140958856057,-0.008232714095885605,-0.8968235579363225,-0.17775733122092668,-0.9762159870064907,3,11,False
UTC,1,15,30,買,2785,0.009069272650278319,0.004069272650278319,3.0047280572634034,1.2555238479667317,2.7862112729984565,10,11,False
UTC,1,15,30,売,2785,-0.009069272650278319,-0.014069272650278318,-3.0047280572634034,-1.2555238479667317,-2.7862112729984565,1,11,False
UTC,1,30,30,買,2785,0.006388367485891156,0.001388367485891156,2.2837619461138856,2.0575550571148398,1.330273700277052,9,11,False
UTC,1,30,30,売,2785,-0.006388367485891156,-0.011388367485891157,-2.2837619461138856,-2.0575550571148398,-1.330273700277052,2,11,False
UTC,1,45,30,買,2785,4.596111985043643e-05,-0.0049540388801495635,0.017256205466672003,0.8410821305969481,-0.5553304745730706,6,11,False
UTC,1,45,30,売,2785,-4.596111985043643e-05,-0.005045961119850437,-0.017256205466672003,-0.8410821305969481,0.5553304745730706,5,11,False
UTC,2,0,30,買,2785,0.00754448662128664,0.0025444866212866396,3.3286740889244273,3.0498992340943665,2.0205678645601375,8,11,False
UTC,2,0,30,売,2785,-0.00754448662128664,-0.01254448662128664,-3.3286740889244273,-3.0498992340943665,-2.0205678645601375,3,11,False
UTC,2,15,30,買,2785,0.005754798060518214,0.0007547980605182138,2.5364238364041287,2.235827727683412,1.4861980351562385,9,11,False
UTC,2,15,30,売,2785,-0.005754798060518214,-0.010754798060518215,-2.5364238364041287,-2.235827727683412,-1.4861980351562385,2,11,False
UTC,2,30,30,買,2785,-0.004498592310624758,-0.009498592310624759,-1.8679900586225853,-1.683494594508548,-1.1604955430826425,4,11,False
UTC,2,30,30,売,2785,0.004498592310624758,-0.0005014076893752424,1.8679900586225853,1.683494594508548,1.1604955430826425,7,11,False
UTC,2,45,30,買,2785,-0.0037182903599945467,-0.008718290359994546,-1.6563639034828355,-0.700928363608471,-1.5410703453974488,4,11,False
UTC,2,45,30,売,2785,0.0037182903599945467,-0.0012817096400054534,1.6563639034828355,0.700928363608471,1.5410703453974488,7,11,False
UTC,3,0,30,買,2785,0.001052612893746014,-0.003947387106253987,0.5184819277866336,0.07486710179165298,0.6198170254132864,7,11,False
UTC,3,0,30,売,2785,-0.001052612893746014,-0.006052612893746014,-0.5184819277866336,-0.07486710179165298,-0.6198170254132864,4,11,False
UTC,3,15,30,買,2785,0.0003930689729048824,-0.004606931027095118,0.20921946680593703,-0.2759030167537987,0.5541733136160197,4,11,False
UTC,3,15,30,売,2785,-0.0003930689729048824,-0.0053930689729048825,-0.20921946680593703,0.2759030167537987,-0.5541733136160197,7,11,False
UTC,3,30,30,買,2785,-0.0021406798989915,-0.0071406798989915,-1.2320571428107374,-1.169673171040518,-0.611405222464563,2,11,False
UTC,3,30,30,売,2785,0.0021406798989915,-0.0028593201010085,1.2320571428107374,1.169673171040518,0.611405222464563,9,11,False
UTC,3,45,30,買,2785,-0.002114598792778037,-0.007114598792778037,-1.3247301460708147,-1.9493260813396853,-0.22566117552318385,4,11,False
UTC,3,45,30,売,2785,0.002114598792778037,-0.0028854012072219632,1.3247301460708147,1.9493260813396853,0.22566117552318385,7,11,False
UTC,4,0,30,買,2785,-0.0026667469799918505,-0.00766674697999185,-1.780981873559316,-1.4735487530837892,-1.0740737285417277,3,11,False
UTC,4,0,30,売,2785,0.0026667469799918505,-0.0023332530200081496,1.780981873559316,1.4735487530837892,1.0740737285417277,8,11,False
UTC,4,15,30,買,2785,-0.0017271675207594917,-0.006727167520759492,-1.1246101154835708,-0.4601310760700403,-1.0902608576315265,3,11,False
UTC,4,15,30,売,2785,0.0017271675207594917,-0.003272832479240508,1.1246101154835708,0.4601310760700403,1.0902608576315265,8,11,False
UTC,4,30,30,買,2785,0.0009991706016786962,-0.004000829398321304,0.6367670622197774,0.7149896011329381,0.20042551257725866,5,11,False
UTC,4,30,30,売,2785,-0.0009991706016786962,-0.005999170601678696,-0.6367670622197774,-0.7149896011329381,-0.20042551257725866,6,11,False
UTC,4,45,30,買,2785,-0.000127782550198748,-0.0051277825501987485,-0.08018176120389892,-0.2771486222971679,0.11424374862308019,5,11,False
UTC,4,45,30,売,2785,0.000127782550198748,-0.004872217449801252,0.08018176120389892,0.2771486222971679,-0.11424374862308019,6,11,False
UTC,5,0,30,買,2785,0.0006439059131398834,-0.004356094086860117,0.3668165970904725,0.3665636696629008,0.19028610358552672,7,11,False
UTC,5,0,30,売,2785,-0.0006439059131398834,-0.005643905913139883,-0.3668165970904725,-0.3665636696629008,-0.19028610358552672,4,11,False
UTC,5,15,30,買,2785,0.002371676527987127,-0.002628323472012873,0.9823652223598285,1.3553636630189319,0.2737541010150915,7,11,False
UTC,5,15,30,売,2785,-0.002371676527987127,-0.007371676527987127,-0.9823652223598285,-1.3553636630189319,-0.2737541010150915,4,11,False
UTC,5,30,30,買,2785,-0.0021351800695381088,-0.007135180069538109,-0.7564796267461319,0.32356592981565785,-1.0941279264824615,7,11,False
UTC,5,30,30,売,2785,0.0021351800695381088,-0.0028648199304618913,0.7564796267461319,-0.32356592981565785,1.0941279264824615,4,11,False
UTC,5,45,30,買,2785,-0.003329506480344672,-0.008329506480344672,-1.3311521827080377,-0.914334009023576,-0.9774453861388341,4,11,False
UTC,5,45,30,売,2785,0.003329506480344672,-0.0016704935196553282,1.3311521827080377,0.914334009023576,0.9774453861388341,7,11,False
UTC,6,0,30,買,2785,0.0015302177207426393,-0.0034697822792573605,0.5796980706204984,0.22387097508604142,0.5590429383564899,7,11,False
UTC,6,0,30,売,2785,-0.0015302177207426393,-0.00653021772074264,-0.5796980706204984,-0.22387097508604142,-0.5590429383564899,4,11,False
UTC,6,15,30,買,2785,0.0030168599910381567,-0.0019831400089618434,1.1392015172786822,1.250678533504231,0.5362863198253632,5,11,False
UTC,6,15,30,売,2785,-0.0030168599910381567,-0.008016859991038157,-1.1392015172786822,-1.250678533504231,-0.5362863198253632,6,11,False
UTC,6,30,30,買,2785,0.004902339161498134,-9.766083850186631e-05,2.2001487568493197,0.9490899132349956,2.08278488972713,7,11,False
UTC,6,30,30,売,2785,-0.004902339161498134,-0.009902339161498134,-2.2001487568493197,-0.9490899132349956,-2.08278488972713,4,11,False
UTC,6,45,30,買,2785,0.005580547463542262,0.0005805474635422617,2.215394261499748,1.094370821950676,1.9612968441870096,5,11,False
UTC,6,45,30,売,2785,-0.005580547463542262,-0.010580547463542263,-2.215394261499748,-1.094370821950676,-1.9612968441870096,6,11,False
UTC,7,0,30,買,2785,0.0016500816056904462,-0.003349918394309554,0.6333477129726532,-0.1908010649178807,0.9569623304731403,5,11,False
UTC,7,0,30,売,2785,-0.0016500816056904462,-0.006650081605690446,-0.6333477129726532,0.1908010649178807,-0.9569623304731403,6,11,False
UTC,7,15,30,買,2785,0.0017750640314325302,-0.00322493596856747,0.686895234552742,0.19351596229326,0.7224903255128737,7,11,False
UTC,7,15,30,売,2785,-0.0017750640314325302,-0.00677506403143253,-0.686895234552742,-0.19351596229326,-0.7224903255128737,4,11,False
UTC,7,30,30,買,2785,-0.00011204403503262352,-0.005112044035032624,-0.04483226256328717,0.03853885422630179,-0.0900439220143596,5,11,False
UTC,7,30,30,売,2785,0.00011204403503262352,-0.004887955964967376,0.04483226256328717,-0.03853885422630179,0.0900439220143596,6,11,False
UTC,7,45,30,買,2785,0.0002784776164468384,-0.004721522383553162,0.10215806135229354,0.5887806263176361,-0.3730405289562337,6,11,False
UTC,7,45,30,売,2785,-0.0002784776164468384,-0.005278477616446838,-0.10215806135229354,-0.5887806263176361,0.3730405289562337,5,11,False
UTC,8,0,30,買,2785,0.0019931139933603943,-0.003006886006639606,0.7325949899332477,1.805069209007165,-0.47935368937561224,6,11,False
UTC,8,0,30,売,2785,-0.0019931139933603943,-0.006993113993360394,-0.7325949899332477,-1.805069209007165,0.47935368937561224,5,11,False
UTC,8,15,30,買,2785,0.001294273274977654,-0.0037057267250223463,0.5301538811560438,1.2204776543397298,-0.299712165226174,6,11,False
UTC,8,15,30,売,2785,-0.001294273274977654,-0.006294273274977654,-0.5301538811560438,-1.2204776543397298,0.299712165226174,5,11,False
UTC,8,30,30,買,2785,0.0007500287366811598,-0.004249971263318841,0.33887094350334496,0.856788764425435,-0.2711285758151334,7,11,False
UTC,8,30,30,売,2785,-0.0007500287366811598,-0.0057500287366811596,-0.33887094350334496,-0.856788764425435,0.2711285758151334,4,11,False
UTC,8,45,30,買,2785,0.00289765972311019,-0.00210234027688981,1.2965336714152065,0.6823983251422493,1.1154545761322492,7,11,False
UTC,8,45,30,売,2785,-0.00289765972311019,-0.007897659723110191,-1.2965336714152065,-0.6823983251422493,-1.1154545761322492,4,11,False
UTC,9,0,30,買,2785,-0.0019019778879792414,-0.0069019778879792415,-0.8185888494453681,-0.8861961248312775,-0.3727175184386071,6,11,False
UTC,9,0,30,売,2785,0.0019019778879792414,-0.0030980221120207587,0.8185888494453681,0.8861961248312775,0.3727175184386071,5,11,False
UTC,9,15,30,買,2785,-0.00355468220814191,-0.008554682208141911,-1.6352062399043126,-0.7030952434263382,-1.5431367388532637,7,11,False
UTC,9,15,30,売,2785,0.00355468220814191,-0.0014453177918580902,1.6352062399043126,0.7030952434263382,1.5431367388532637,4,11,False
UTC,9,30,30,買,2785,0.002223826255193429,-0.0027761737448065713,1.0531738784526323,0.3399129486041085,1.091405968018978,7,11,False
UTC,9,30,30,売,2785,-0.002223826255193429,-0.007223826255193429,-1.0531738784526323,-0.3399129486041085,-1.091405968018978,4,11,False
UTC,9,45,30,買,2785,0.003983465007382723,-0.001016534992617277,1.8504230452442687,0.10896152362443819,2.3048865922038373,7,11,False
UTC,9,45,30,売,2785,-0.003983465007382723,-0.008983465007382722,-1.8504230452442687,-0.10896152362443819,-2.3048865922038373,4,11,False
UTC,10,0,30,買,2785,-1.6993129316560608e-05,-0.005016993129316561,-0.007679576831681656,-0.6331673637680423,0.5104651372882992,6,11,False
UTC,10,0,30,売,2785,1.6993129316560608e-05,-0.004983006870683439,0.007679576831681656,0.6331673637680423,-0.5104651372882992,5,11,False
UTC,10,15,30,買,2785,-0.0009605073189864328,-0.005960507318986433,-0.44267353219889727,1.6173394043826594,-1.8149824896945113,5,11,False
UTC,10,15,30,売,2785,0.0009605073189864328,-0.004039492681013567,0.44267353219889727,-1.6173394043826594,1.8149824896945113,6,11,False
UTC,10,30,30,買,2785,0.0010508906693411431,-0.003949109330658857,0.47628920971263533,1.2254794854915385,-0.38981028123101863,9,11,False
UTC,10,30,30,売,2785,-0.0010508906693411431,-0.006050890669341143,-0.47628920971263533,-1.2254794854915385,0.38981028123101863,2,11,False
UTC,10,45,30,買,2785,0.0026940895561040736,-0.0023059104438959265,0.9629654124322191,-0.186729855291623,1.2234322815491485,5,11,False
UTC,10,45,30,売,2785,-0.0026940895561040736,-0.007694089556104074,-0.9629654124322191,0.186729855291623,-1.2234322815491485,6,11,False
UTC,11,0,30,買,2785,0.0031261674530914147,-0.0018738325469085854,1.2006409370874505,-0.14553241990561594,1.5093573572058863,8,11,False
UTC,11,0,30,売,2785,-0.0031261674530914147,-0.008126167453091415,-1.2006409370874505,0.14553241990561594,-1.5093573572058863,3,11,False
UTC,11,15,30,買,2785,0.0009094119902396584,-0.004090588009760342,0.3761419114082121,-0.8837323704550377,1.1709858280051035,5,11,False
UTC,11,15,30,売,2785,-0.0009094119902396584,-0.005909411990239658,-0.3761419114082121,0.8837323704550377,-1.1709858280051035,6,11,False
UTC,11,30,30,買,2785,-8.103555951497564e-05,-0.005081035559514975,-0.033083337403029434,-0.5816784596448458,0.5125854150592881,5,11,False
UTC,11,30,30,売,2785,8.103555951497564e-05,-0.004918964440485025,0.033083337403029434,0.5816784596448458,-0.5125854150592881,6,11,False
UTC,11,45,30,買,2785,0.0025945307275041622,-0.002405469272495838,0.8995327904187295,0.39024167768297424,0.8966652144345096,7,11,False
UTC,11,45,30,売,2785,-0.0025945307275041622,-0.007594530727504162,-0.8995327904187295,-0.39024167768297424,-0.8966652144345096,4,11,False
UTC,12,0,30,買,2785,0.0007549157042962132,-0.004245084295703787,0.2448972640934398,1.1925135394071837,-0.7696348100417051,5,11,False
UTC,12,0,30,売,2785,-0.0007549157042962132,-0.005754915704296214,-0.2448972640934398,-1.1925135394071837,0.7696348100417051,6,11,False
UTC,12,15,30,買,2785,0.0017436558079604663,-0.003256344192039534,0.39058335512324066,0.4894657558598066,0.1240836662961287,6,11,False
UTC,12,15,30,売,2785,-0.0017436558079604663,-0.006743655807960466,-0.39058335512324066,-0.4894657558598066,-0.1240836662961287,5,11,False
UTC,12,30,30,買,2785,0.0025202671635047025,-0.0024797328364952976,0.5625641906006512,-0.23879449068003725,0.876013207519843,7,11,False
UTC,12,30,30,売,2785,-0.0025202671635047025,-0.007520267163504703,-0.5625641906006512,0.23879449068003725,-0.876013207519843,4,11,False
UTC,12,45,30,買,2785,-0.004011685574911454,-0.009011685574911454,-1.1282332309810958,-1.3071816165927144,-0.37167290922274826,4,11,False
UTC,12,45,30,売,2785,0.004011685574911454,-0.0009883144250885465,1.1282332309810958,1.3071816165927144,0.37167290922274826,7,11,False
UTC,13,0,30,買,2785,-0.002768521235186127,-0.007768521235186127,-0.7535955875920514,-0.33030438273938084,-0.7096663785294273,5,11,False
UTC,13,0,30,売,2785,0.002768521235186127,-0.002231478764813873,0.7535955875920514,0.33030438273938084,0.7096663785294273,6,11,False
UTC,13,15,30,買,2785,-0.0018705945265417839,-0.006870594526541784,-0.41765927191837426,-0.14746398917647652,-0.41234762294413224,6,11,False
UTC,13,15,30,売,2785,0.0018705945265417839,-0.0031294054734582162,0.41765927191837426,0.14746398917647652,0.41234762294413224,5,11,False
UTC,13,30,30,買,2785,-0.003092514315988213,-0.008092514315988213,-0.655868064815466,-0.7971059305982907,-0.20881095186108237,4,11,False
UTC,13,30,30,売,2785,0.003092514315988213,-0.0019074856840117873,0.655868064815466,0.7971059305982907,0.20881095186108237,7,11,False
UTC,13,45,30,買,2785,0.0004293687175688644,-0.004570631282431136,0.09464088882468506,-0.12316004996978251,0.21197312566675758,5,11,False
UTC,13,45,30,売,2785,-0.0004293687175688644,-0.005429368717568864,-0.09464088882468506,0.12316004996978251,-0.21197312566675758,6,11,False
UTC,14,0,30,買,2785,0.005696773016521284,0.0006967730165212838,1.35801798178364,1.428860790660154,0.6117394953837625,8,11,False
UTC,14,0,30,売,2785,-0.005696773016521284,-0.010696773016521284,-1.35801798178364,-1.428860790660154,-0.6117394953837625,3,11,False
UTC,14,15,30,買,2785,-0.0005876024545654252,-0.005587602454565426,-0.14203854384748735,-0.34679496255084113,0.08846425443902839,4,11,False
UTC,14,15,30,売,2785,0.0005876024545654252,-0.0044123975454345744,0.14203854384748735,0.34679496255084113,-0.08846425443902839,7,11,False
UTC,14,30,30,買,2785,-0.003862145685037026,-0.008862145685037025,-0.9164224178484786,-1.3583345468476833,-0.010616906591183832,4,11,False
UTC,14,30,30,売,2785,0.003862145685037026,-0.0011378543149629743,0.9164224178484786,1.3583345468476833,0.010616906591183832,7,11,False
UTC,14,45,30,買,2785,0.003157860884614678,-0.001842139115385322,0.7517178906691048,1.024751550450768,0.09730104788652548,5,11,False
UTC,14,45,30,売,2785,-0.003157860884614678,-0.008157860884614678,-0.7517178906691048,-1.024751550450768,-0.09730104788652548,6,11,False
UTC,15,0,30,買,2785,0.00196532808369515,-0.00303467191630485,0.4568833926830816,1.1787292046523448,-0.3075163830592848,7,11,False
UTC,15,0,30,売,2785,-0.00196532808369515,-0.00696532808369515,-0.4568833926830816,-1.1787292046523448,0.3075163830592848,4,11,False
UTC,15,15,30,買,2785,-0.004610929746989926,-0.009610929746989925,-1.1712529732681447,-0.5115137328887822,-1.0776447160710254,3,11,False
UTC,15,15,30,売,2785,0.004610929746989926,-0.00038907025301007387,1.1712529732681447,0.5115137328887822,1.0776447160710254,8,11,False
UTC,15,30,30,買,2785,-0.004403768457581583,-0.009403768457581584,-1.3643249976971272,-0.7467716184216405,-1.1611191433335222,3,11,False
UTC,15,30,30,売,2785,0.004403768457581583,-0.0005962315424184175,1.3643249976971272,0.7467716184216405,1.1611191433335222,8,11,False
UTC,15,45,30,買,2785,-0.0004568694510255993,-0.005456869451025599,-0.13940733663521448,-0.2639483342547924,0.020163667680305808,5,11,False
UTC,15,45,30,売,2785,0.0004568694510255993,-0.004543130548974401,0.13940733663521448,0.2639483342547924,-0.020163667680305808,6,11,False
UTC,16,0,30,買,2785,0.000430985661961056,-0.004569014338038944,0.1361111282345719,0.26939996944157135,-0.023600892884014135,6,11,False
UTC,16,0,30,売,2785,-0.000430985661961056,-0.0054309856619610564,-0.1361111282345719,-0.26939996944157135,0.023600892884014135,5,11,False
UTC,16,15,30,買,2785,-0.002642275543156061,-0.0076422755431560605,-0.963340513429429,-1.0498008931078675,-0.35457913620593096,3,11,False
UTC,16,15,30,売,2785,0.002642275543156061,-0.0023577244568439393,0.963340513429429,1.0498008931078675,0.35457913620593096,8,11,False
UTC,16,30,30,買,2785,0.001223218334203526,-0.0037767816657964743,0.5060863890929902,-1.1036517166599225,1.6426118392920828,5,11,False
UTC,16,30,30,売,2785,-0.001223218334203526,-0.006223218334203526,-0.5060863890929902,1.1036517166599225,-1.6426118392920828,6,11,False
UTC,16,45,30,買,2785,0.0009720291379303105,-0.00402797086206969,0.37634943084048306,0.13579554764473403,0.38310070685731334,5,11,False
UTC,16,45,30,売,2785,-0.0009720291379303105,-0.005972029137930311,-0.37634943084048306,-0.13579554764473403,-0.38310070685731334,6,11,False
UTC,17,0,30,買,2785,-0.004090496623333597,-0.009090496623333597,-1.526630230549223,-0.3408307732362679,-1.7231626188938323,3,11,False
UTC,17,0,30,売,2785,0.004090496623333597,-0.0009095033766664028,1.526630230549223,0.3408307732362679,1.7231626188938323,8,11,False
UTC,17,15,30,買,2785,-0.0006711633539468264,-0.005671163353946827,-0.2639401618566482,1.0695044754818233,-1.129422905505714,6,11,False
UTC,17,15,30,売,2785,0.0006711633539468264,-0.004328836646053174,0.2639401618566482,-1.0695044754818233,1.129422905505714,5,11,False
UTC,17,30,30,買,2785,0.002452181190243999,-0.0025478188097560013,1.053290498748081,1.8466652669010701,-0.2596428804036652,7,11,False
UTC,17,30,30,売,2785,-0.002452181190243999,-0.007452181190243999,-1.053290498748081,-1.8466652669010701,0.2596428804036652,4,11,False
UTC,17,45,30,買,2785,0.0019441948845300848,-0.0030558051154699153,0.7128985695890007,0.7553050161857812,0.2570842658354019,7,11,False
UTC,17,45,30,売,2785,-0.0019441948845300848,-0.006944194884530085,-0.7128985695890007,-0.7553050161857812,-0.2570842658354019,4,11,False
UTC,18,0,30,買,2785,-0.00019096271490750218,-0.0051909627149075025,-0.06558610846778447,-0.6663933926800373,0.5321688289555906,6,11,False
UTC,18,0,30,売,2785,0.00019096271490750218,-0.004809037285092498,0.06558610846778447,0.6663933926800373,-0.5321688289555906,5,11,False
UTC,18,15,30,買,2785,-0.00016385235073404842,-0.005163852350734049,-0.061220614425217194,-1.1533969846083876,0.9188388421640624,4,11,False
UTC,18,15,30,売,2785,0.00016385235073404842,-0.004836147649265952,0.061220614425217194,1.1533969846083876,-0.9188388421640624,7,11,False
UTC,18,30,30,買,2785,0.0015092606022646521,-0.0034907393977353478,0.5523956876918548,-0.2061801456691028,0.8359303510967871,6,11,False
UTC,18,30,30,売,2785,-0.0015092606022646521,-0.006509260602264652,-0.5523956876918548,0.2061801456691028,-0.8359303510967871,5,11,False
UTC,18,45,30,買,2785,0.0015314935456345127,-0.0034685064543654876,0.5616724829820339,0.4798816635517092,0.338279846823856,7,11,False
UTC,18,45,30,売,2785,-0.0015314935456345127,-0.006531493545634513,-0.5616724829820339,-0.4798816635517092,-0.338279846823856,4,11,False
UTC,19,0,30,買,2785,-0.0017034306845990362,-0.006703430684599036,-0.6727313891729068,-0.4578486664927154,-0.4939520013891549,5,11,False
UTC,19,0,30,売,2785,0.0017034306845990362,-0.003296569315400964,0.6727313891729068,0.4578486664927154,0.4939520013891549,6,11,False
UTC,19,15,30,買,2785,0.0010921664792264065,-0.003907833520773594,0.44472789336885143,0.9735920206388062,-0.2219251108483606,7,11,False
UTC,19,15,30,売,2785,-0.0010921664792264065,-0.006092166479226406,-0.44472789336885143,-0.9735920206388062,0.2219251108483606,4,11,False
UTC,19,30,30,買,2785,0.0029776086424304206,-0.0020223913575695795,1.2697490136608793,1.4208587721403847,0.42162271466951134,7,11,False
UTC,19,30,30,売,2785,-0.0029776086424304206,-0.00797760864243042,-1.2697490136608793,-1.4208587721403847,-0.42162271466951134,4,11,False
UTC,19,45,30,買,2785,-0.002176622105450327,-0.007176622105450327,-1.1125711412373784,-1.7137892588917978,0.0110645026844004,5,11,False
UTC,19,45,30,売,2785,0.002176622105450327,-0.0028233778945496732,1.1125711412373784,1.7137892588917978,-0.0110645026844004,6,11,False
UTC,20,0,30,買,2785,-0.0018734355647285932,-0.0068734355647285935,-0.9769181085474639,-1.7819831826605967,0.1513049083603412,6,11,False
UTC,20,0,30,売,2785,0.0018734355647285932,-0.0031265644352714067,0.9769181085474639,1.7819831826605967,-0.1513049083603412,5,11,False
UTC,20,15,30,買,2785,-0.000458008419008587,-0.005458008419008587,-0.24748897332538103,-1.4878088215228435,0.7923099451995967,5,11,False
UTC,20,15,30,売,2785,0.000458008419008587,-0.004541991580991413,0.24748897332538103,1.4878088215228435,-0.7923099451995967,6,11,False
UTC,20,30,30,買,2785,-0.01164907757647131,-0.01664907757647131,-5.872898536092756,-8.198030981500263,-0.5492797167268008,3,11,False
UTC,20,30,30,売,2785,0.01164907757647131,0.0066490775764713106,5.872898536092756,8.198030981500263,0.5492797167268008,8,11,False
UTC,20,45,30,買,2785,-0.010398714032306178,-0.01539871403230618,-7.2239743140121995,-9.248043579103088,-1.1840929927268253,2,11,False
UTC,20,45,30,売,2785,0.010398714032306178,0.005398714032306178,7.2239743140121995,9.248043579103088,1.1840929927268253,9,11,False
UTC,21,0,30,買,2785,0.0009794367828255379,-0.004020563217174462,1.066040530496747,1.0979625661770698,0.4604929252396225,7,11,True
UTC,21,0,30,売,2785,-0.0009794367828255379,-0.005979436782825538,-1.066040530496747,-1.0979625661770698,-0.4604929252396225,4,11,True
UTC,21,15,30,買,2785,0.00013371755275916417,-0.004866282447240836,0.1646238396606301,1.5185986257993787,-0.8185653538920121,6,11,True
UTC,21,15,30,売,2785,-0.00013371755275916417,-0.005133717552759164,-0.1646238396606301,-1.5185986257993787,0.8185653538920121,5,11,True
UTC,21,30,30,買,2785,-0.0007786543255672276,-0.005778654325567228,-0.6400316564355585,-0.026203970857216676,-0.8627182954486985,5,11,True
UTC,21,30,30,売,2785,0.0007786543255672276,-0.004221345674432772,0.6400316564355585,0.026203970857216676,0.8627182954486985,6,11,True
UTC,21,45,30,買,2785,0.013374081284399047,0.008374081284399048,8.186548484064385,6.299354874106389,5.328386441548069,10,11,True
UTC,21,45,30,売,2785,-0.013374081284399047,-0.018374081284399046,-8.186548484064385,-6.299354874106389,-5.328386441548069,1,11,True
UTC,22,0,30,買,2785,0.01774787898211936,0.012747878982119359,10.556296762902306,8.894075339172938,6.426386886344305,11,11,True
UTC,22,0,30,売,2785,-0.01774787898211936,-0.02274787898211936,-10.556296762902306,-8.894075339172938,-6.426386886344305,0,11,True
UTC,22,15,30,買,2785,0.003848478255134299,-0.0011515217448657012,3.3872992423859474,2.7885682250448713,2.049728195972365,9,11,True
UTC,22,15,30,売,2785,-0.003848478255134299,-0.008848478255134299,-3.3872992423859474,-2.7885682250448713,-2.049728195972365,2,11,True
UTC,22,30,30,買,2785,0.001845979671154297,-0.003154020328845703,1.3645642011029986,2.2103610744179703,0.20907820769270113,6,11,True
UTC,22,30,30,売,2785,-0.001845979671154297,-0.006845979671154297,-1.3645642011029986,-2.2103610744179703,-0.20907820769270113,5,11,True
UTC,22,45,30,買,2785,0.013262815155523322,0.008262815155523323,7.524707054756512,6.439043049959637,4.730235740083543,11,11,True
UTC,22,45,30,売,2785,-0.013262815155523322,-0.01826281515552332,-7.524707054756512,-6.439043049959637,-4.730235740083543,0,11,True
UTC,23,0,30,買,2785,0.014889254130800068,0.009889254130800069,8.069702737889118,5.8227203650845185,5.838452091306684,11,11,True
UTC,23,0,30,売,2785,-0.014889254130800068,-0.019889254130800067,-8.069702737889118,-5.8227203650845185,-5.838452091306684,0,11,True
UTC,23,15,30,買,2785,0.005704060281068352,0.000704060281068352,3.5029352344223965,2.175383236836898,2.7453140298051895,10,11,True
UTC,23,15,30,売,2785,-0.005704060281068352,-0.010704060281068352,-3.5029352344223965,-2.175383236836898,-2.7453140298051895,1,11,True
UTC,23,30,30,買,2784,0.004917531715300867,-8.24682846991328e-05,3.070465545913357,1.7311914595401046,2.5523071157538006,9,11,True
UTC,23,30,30,売,2784,-0.004917531715300867,-0.009917531715300867,-3.070465545913357,-1.7311914595401046,-2.5523071157538006,2,11,True
UTC,23,45,30,買,2784,0.0009179679719586492,-0.004082032028041351,0.4513584554716815,-0.5016234376777482,0.8858131581481248,6,11,True
UTC,23,45,30,売,2784,-0.0009179679719586492,-0.0059179679719586495,-0.4513584554716815,0.5016234376777482,-0.8858131581481248,5,11,True
UTC,0,0,60,買,2785,-0.0015864858655038675,-0.006586485865503868,-0.47781306454300376,-1.5798592637434796,0.47533681398105093,4,11,True
UTC,0,0,60,売,2785,0.0015864858655038675,-0.0034135141344961324,0.47781306454300376,1.5798592637434796,-0.47533681398105093,7,11,True
UTC,0,15,60,買,2785,0.001768178877521134,-0.003231821122478866,0.40790173447037514,-0.9214405097799911,1.0918321726240712,5,11,True
UTC,0,15,60,売,2785,-0.001768178877521134,-0.006768178877521134,-0.40790173447037514,0.9214405097799911,-1.0918321726240712,6,11,True
UTC,0,30,60,買,2785,0.0036164232224161043,-0.0013835767775838958,0.8618914068703754,-0.5212533140893187,1.4198911334025723,7,11,True
UTC,0,30,60,売,2785,-0.0036164232224161043,-0.008616423222416104,-0.8618914068703754,0.5212533140893187,-1.4198911334025723,4,11,True
UTC,0,45,60,買,2785,0.011913019993822608,0.006913019993822608,2.683986973781044,1.0930590546918642,2.50655779740254,10,11,True
UTC,0,45,60,売,2785,-0.011913019993822608,-0.01691301999382261,-2.683986973781044,-1.0930590546918642,-2.50655779740254,1,11,True
UTC,1,0,60,買,2785,0.009616109609763775,0.004616109609763775,2.126625804295067,1.3993036799619498,1.6104679102396668,10,11,False
UTC,1,0,60,売,2785,-0.009616109609763775,-0.014616109609763776,-2.126625804295067,-1.3993036799619498,-1.6104679102396668,1,11,False
UTC,1,15,60,買,2785,0.009097778662932474,0.0040977786629324735,2.3520609283879685,1.4679198837086282,1.8384485100764603,8,11,False
UTC,1,15,60,売,2785,-0.009097778662932474,-0.014097778662932475,-2.3520609283879685,-1.4679198837086282,-1.8384485100764603,3,11,False
UTC,1,30,60,買,2785,0.013939250260542078,0.008939250260542077,3.811015818249875,3.351379774576842,2.304715006026692,9,11,False
UTC,1,30,60,売,2785,-0.013939250260542078,-0.01893925026054208,-3.811015818249875,-3.351379774576842,-2.304715006026692,2,11,False
UTC,1,45,60,買,2785,0.005810487119115267,0.0008104871191152666,1.6145745896123418,2.091705759605648,0.5007466161819271,7,11,False
UTC,1,45,60,売,2785,-0.005810487119115267,-0.010810487119115267,-1.6145745896123418,-2.091705759605648,-0.5007466161819271,4,11,False
UTC,2,0,60,買,2785,0.0030484833345276637,-0.0019515166654723365,0.9127669893934457,0.8381406775658815,0.5386454088367735,8,11,False
UTC,2,0,60,売,2785,-0.0030484833345276637,-0.008048483334527665,-0.9127669893934457,-0.8381406775658815,-0.5386454088367735,3,11,False
UTC,2,15,60,買,2785,0.0020329358834711504,-0.0029670641165288497,0.6445785886468782,1.1526145301688462,-0.03873787580393537,6,11,False
UTC,2,15,60,売,2785,-0.0020329358834711504,-0.007032935883471151,-0.6445785886468782,-1.1526145301688462,0.03873787580393537,5,11,False
UTC,2,30,60,買,2785,-0.003449056575333415,-0.008449056575333415,-1.1066649844582304,-1.062400049286679,-0.5808760481521487,4,11,False
UTC,2,30,60,売,2785,0.003449056575333415,-0.0015509434246665853,1.1066649844582304,1.062400049286679,0.5808760481521487,7,11,False
UTC,2,45,60,買,2785,-0.0033265650975901066,-0.008326565097590107,-1.142864861110952,-0.7161487227140042,-0.8904453567431588,6,11,False
UTC,2,45,60,売,2785,0.0033265650975901066,-0.0016734349024098935,1.142864861110952,0.7161487227140042,0.8904453567431588,5,11,False
UTC,3,0,60,買,2785,-0.0010865654510023553,-0.006086565451002356,-0.4030913156671324,-0.6716845322178552,0.07791009792322727,4,11,False
UTC,3,0,60,売,2785,0.0010865654510023553,-0.003913434548997645,0.4030913156671324,0.6716845322178552,-0.07791009792322727,7,11,False
UTC,3,15,60,買,2785,-0.0017290432679039184,-0.006729043267903918,-0.7351872061251062,-1.457129980008066,0.2520687494884385,4,11,False
UTC,3,15,60,売,2785,0.0017290432679039184,-0.003270956732096082,0.7351872061251062,1.457129980008066,-0.2520687494884385,7,11,False
UTC,3,30,60,買,2785,-0.0048138920662181475,-0.009813892066218147,-2.200224824281715,-1.975841138686924,-1.2053135318145438,2,11,False
UTC,3,30,60,売,2785,0.0048138920662181475,-0.00018610793378185265,2.200224824281715,1.975841138686924,1.2053135318145438,9,11,False
UTC,3,45,60,買,2785,-0.0038417570255269403,-0.00884175702552694,-1.7348537029581586,-1.6304877199362589,-0.9075100653469841,3,11,False
UTC,3,45,60,売,2785,0.0038417570255269403,-0.0011582429744730598,1.7348537029581586,1.6304877199362589,0.9075100653469841,8,11,False
UTC,4,0,60,買,2785,-0.0016727370420970165,-0.006672737042097017,-0.8034246510325481,-0.5385831344476217,-0.5980521708725491,4,11,False
UTC,4,0,60,売,2785,0.0016727370420970165,-0.0033272629579029836,0.8034246510325481,0.5385831344476217,0.5980521708725491,7,11,False
UTC,4,15,60,買,2785,-0.0018596152004253573,-0.006859615200425357,-0.8704244852574178,-0.5508401729180933,-0.673791265716908,4,11,False
UTC,4,15,60,売,2785,0.0018596152004253573,-0.003140384799574643,0.8704244852574178,0.5508401729180933,0.673791265716908,7,11,False
UTC,4,30,60,買,2785,0.0016349899040478014,-0.0033650100959521988,0.7341013614098073,0.8642204474191432,0.2778880113160242,5,11,False
UTC,4,30,60,売,2785,-0.0016349899040478014,-0.006634989904047801,-0.7341013614098073,-0.8642204474191432,-0.2778880113160242,6,11,False
UTC,4,45,60,買,2785,0.0022434717562375066,-0.0027565282437624935,0.7773362336483278,0.990019106890919,0.2870679843761831,5,11,False
UTC,4,45,60,売,2785,-0.0022434717562375066,-0.007243471756237506,-0.7773362336483278,-0.990019106890919,-0.2870679843761831,6,11,False
UTC,5,0,60,買,2785,-0.001483608526598065,-0.006483608526598066,-0.43579141928404763,0.47232016799208354,-0.8110724894041752,6,11,False
UTC,5,0,60,売,2785,0.001483608526598065,-0.003516391473401935,0.43579141928404763,-0.47232016799208354,0.8110724894041752,5,11,False
UTC,5,15,60,買,2785,-0.0009364997509060193,-0.005936499750906019,-0.2539983522792693,0.21381230881549076,-0.458461306790729,7,11,False
UTC,5,15,60,売,2785,0.0009364997509060193,-0.004063500249093981,0.2539983522792693,-0.21381230881549076,0.458461306790729,4,11,False
UTC,5,30,60,買,2785,-0.0005890103476043694,-0.005589010347604369,-0.1470798861747571,0.3747646954581582,-0.4350567520074973,6,11,False
UTC,5,30,60,売,2785,0.0005890103476043694,-0.004410989652395631,0.1470798861747571,-0.3747646954581582,0.4350567520074973,5,11,False
UTC,5,45,60,買,2785,-0.0003034087854933283,-0.005303408785493328,-0.08132114699222454,0.21630604339581097,-0.24753472617025887,5,11,False
UTC,5,45,60,売,2785,0.0003034087854933283,-0.004696591214506672,0.08132114699222454,-0.21630604339581097,0.24753472617025887,6,11,False
UTC,6,0,60,買,2785,0.006439711802320745,0.0014397118023207452,1.8250919071760106,0.7909671237261273,1.7022951850293575,6,11,False
UTC,6,0,60,売,2785,-0.006439711802320745,-0.011439711802320746,-1.8250919071760106,-0.7909671237261273,-1.7022951850293575,5,11,False
UTC,6,15,60,買,2785,0.008594668811951046,0.003594668811951046,2.3725520137862457,1.6580873585796898,1.7255578477693791,8,11,False
UTC,6,15,60,売,2785,-0.008594668811951046,-0.013594668811951045,-2.3725520137862457,-1.6580873585796898,-1.7255578477693791,3,11,False
UTC,6,30,60,買,2785,0.0065436563381053685,0.0015436563381053684,1.962803578690659,0.520791485323085,2.0754844925667495,9,11,False
UTC,6,30,60,売,2785,-0.0065436563381053685,-0.01154365633810537,-1.962803578690659,-0.520791485323085,-2.0754844925667495,2,11,False
UTC,6,45,60,買,2785,0.007343963546579146,0.0023439635465791458,2.1035104665099587,0.938769687148293,1.9377806395400685,7,11,False
UTC,6,45,60,売,2785,-0.007343963546579146,-0.012343963546579146,-2.1035104665099587,-0.938769687148293,-1.9377806395400685,4,11,False
UTC,7,0,60,買,2785,0.0015286363904778338,-0.003471363609522166,0.4347453913240038,-0.105928323302221,0.667260463056771,6,11,False
UTC,7,0,60,売,2785,-0.0015286363904778338,-0.006528636390477834,-0.4347453913240038,0.105928323302221,-0.667260463056771,5,11,False
UTC,7,15,60,買,2785,0.0020619525389291454,-0.0029380474610708547,0.5373380885047904,0.573704183126975,0.23333028603325792,4,11,False
UTC,7,15,60,売,2785,-0.0020619525389291454,-0.007061952538929146,-0.5373380885047904,-0.573704183126975,-0.23333028603325792,7,11,False
UTC,7,30,60,買,2785,0.0018850717281737599,-0.0031149282718262402,0.5048309318839642,1.3564391941350649,-0.4030443505970078,7,11,False
UTC,7,30,60,売,2785,-0.0018850717281737599,-0.00688507172817376,-0.5048309318839642,-1.3564391941350649,0.4030443505970078,4,11,False
UTC,7,45,60,買,2785,0.0015666876598316773,-0.0034333123401683228,0.43521651836119946,1.3178260982475167,-0.4700396328386719,5,11,False
UTC,7,45,60,売,2785,-0.0015666876598316773,-0.006566687659831677,-0.43521651836119946,-1.3178260982475167,0.4700396328386719,6,11,False
UTC,8,0,60,買,2785,0.002745330685150496,-0.002254669314849504,0.7780828130544165,1.9257054135905707,-0.5393504281508795,5,11,False
UTC,8,0,60,売,2785,-0.002745330685150496,-0.007745330685150496,-0.7780828130544165,-1.9257054135905707,0.5393504281508795,6,11,False
UTC,8,15,60,買,2785,0.004199498546582607,-0.0008005014534173934,1.2390633925296537,1.3468743218952426,0.5159189118810231,8,11,False
UTC,8,15,60,売,2785,-0.004199498546582607,-0.009199498546582606,-1.2390633925296537,-1.3468743218952426,-0.5159189118810231,3,11,False
UTC,8,30,60,買,2785,-0.001143904921806886,-0.006143904921806886,-0.34694161257469724,0.00695366049086217,-0.4338005996802348,7,11,False
UTC,8,30,60,売,2785,0.001143904921806886,-0.003856095078193114,0.34694161257469724,-0.00695366049086217,0.4338005996802348,4,11,False
UTC,8,45,60,買,2785,-0.0006612588479396562,-0.005661258847939657,-0.21551474165877263,-0.012392695780152382,-0.2657914829939507,7,11,False
UTC,8,45,60,売,2785,0.0006612588479396562,-0.004338741152060344,0.21551474165877263,0.012392695780152382,0.2657914829939507,4,11,False
UTC,9,0,60,買,2785,0.0003149429670205674,-0.004685057032979433,0.10292486416145252,-0.3780269166008871,0.4425444279537227,7,11,False
UTC,9,0,60,売,2785,-0.0003149429670205674,-0.005314942967020567,-0.10292486416145252,0.3780269166008871,-0.4425444279537227,4,11,False
UTC,9,15,60,買,2785,0.0004287556971151872,-0.004571244302884813,0.14006663258701987,-0.41146846963663236,0.5445403083516069,8,11,False
UTC,9,15,60,売,2785,-0.0004287556971151872,-0.005428755697115187,-0.14006663258701987,0.41146846963663236,-0.5445403083516069,3,11,False
UTC,9,30,60,買,2785,0.0022030156380086494,-0.0027969843619913507,0.7311606046770905,-0.21483773809386814,1.1568193216682336,5,11,False
UTC,9,30,60,売,2785,-0.0022030156380086494,-0.0072030156380086495,-0.7311606046770905,0.21483773809386814,-1.1568193216682336,6,11,False
UTC,9,45,60,買,2785,0.0030149777917091226,-0.0019850222082908775,1.0175505834549132,1.2470817824449398,0.3103064428763363,6,11,False
UTC,9,45,60,売,2785,-0.0030149777917091226,-0.008014977791709123,-1.0175505834549132,-1.2470817824449398,-0.3103064428763363,5,11,False
UTC,10,0,60,買,2785,0.0010378726194551966,-0.003962127380544803,0.3276220981778799,0.40804162977783437,0.08593847427314386,7,11,False
UTC,10,0,60,売,2785,-0.0010378726194551966,-0.006037872619455197,-0.3276220981778799,-0.40804162977783437,-0.08593847427314386,4,11,False
UTC,10,15,60,買,2785,0.0017279123112094322,-0.003272087688790568,0.4965666007880715,0.9620252145123193,-0.055422236727038464,7,11,False
UTC,10,15,60,売,2785,-0.0017279123112094322,-0.006727912311209432,-0.4965666007880715,-0.9620252145123193,0.055422236727038464,4,11,False
UTC,10,30,60,買,2785,0.004173561643954993,-0.0008264383560450074,1.2368466810297223,0.8123758111460198,0.9457158934385574,7,11,False
UTC,10,30,60,売,2785,-0.004173561643954993,-0.009173561643954994,-1.2368466810297223,-0.8123758111460198,-0.9457158934385574,4,11,False
UTC,10,45,60,買,2785,0.00359976990818386,-0.00140023009181614,0.985571769095085,-0.7477562432897273,1.7375904451248092,6,11,False
UTC,10,45,60,売,2785,-0.00359976990818386,-0.00859976990818386,-0.985571769095085,0.7477562432897273,-1.7375904451248092,5,11,False
UTC,11,0,60,買,2785,0.0030401422336977326,-0.0019598577663022675,0.8627461333587202,-0.53124848553736,1.5503574435601473,5,11,False
UTC,11,0,60,売,2785,-0.0030401422336977326,-0.008040142233697733,-0.8627461333587202,0.53124848553736,-1.5503574435601473,6,11,False
UTC,11,15,60,買,2785,0.003496948737446837,-0.0015030512625531633,0.9466178063760938,-0.20181691312663436,1.472198332121117,8,11,False
UTC,11,15,60,売,2785,-0.003496948737446837,-0.008496948737446837,-0.9466178063760938,0.20181691312663436,-1.472198332121117,3,11,False
UTC,11,30,60,買,2785,0.0006728263724440841,-0.004327173627555916,0.17134721173096978,0.5681903840503676,-0.2875155713592843,4,11,False
UTC,11,30,60,売,2785,-0.0006728263724440841,-0.005672826372444084,-0.17134721173096978,-0.5681903840503676,0.2875155713592843,7,11,False
UTC,11,45,60,買,2785,0.004328670141397198,-0.0006713298586028017,0.8247992729028516,0.6335403637615286,0.5467048602048965,6,11,False
UTC,11,45,60,売,2785,-0.004328670141397198,-0.009328670141397198,-0.8247992729028516,-0.6335403637615286,-0.5467048602048965,5,11,False
UTC,12,0,60,買,2785,0.0032862245645060755,-0.0017137754354939246,0.5964428527333127,0.5473798056327976,0.3285676867697543,8,11,False
UTC,12,0,60,売,2785,-0.0032862245645060755,-0.008286224564506076,-0.5964428527333127,-0.5473798056327976,-0.3285676867697543,3,11,False
UTC,12,15,60,買,2785,-0.0022749077836305537,-0.007274907783630553,-0.4016574395805895,-0.4840869185560138,-0.12867315665377604,4,11,False
UTC,12,15,60,売,2785,0.0022749077836305537,-0.0027250922163694464,0.4016574395805895,0.4840869185560138,0.12867315665377604,7,11,False
UTC,12,30,60,買,2785,-0.0002825685509731023,-0.005282568550973103,-0.050673454099432566,-0.4034636770287161,0.2666716243210947,5,11,False
UTC,12,30,60,売,2785,0.0002825685509731023,-0.0047174314490268975,0.050673454099432566,0.4034636770287161,-0.2666716243210947,6,11,False
UTC,12,45,60,買,2785,-0.005905399308737754,-0.010905399308737754,-1.0604090917545401,-0.9842668087641052,-0.5721031267346173,3,11,False
UTC,12,45,60,売,2785,0.005905399308737754,0.0009053993087377536,1.0604090917545401,0.9842668087641052,0.5721031267346173,8,11,False
UTC,13,0,60,買,2785,-0.005864748118954873,-0.010864748118954874,-0.9851501055992743,-0.8301562234428566,-0.5952247943910813,2,11,False
UTC,13,0,60,売,2785,0.005864748118954873,0.0008647481189548731,0.9851501055992743,0.8301562234428566,0.5952247943910813,9,11,False
UTC,13,15,60,買,2785,-0.0014350817022862478,-0.006435081702286248,-0.22391424661987996,-0.18755732673449316,-0.13830441226918208,6,11,False
UTC,13,15,60,売,2785,0.0014350817022862478,-0.0035649182977137523,0.22391424661987996,0.18755732673449316,0.13830441226918208,5,11,False
UTC,13,30,60,買,2785,0.002616870987077371,-0.002383129012922629,0.4099768115939857,0.34818110506997857,0.24993129682692677,7,11,False
UTC,13,30,60,売,2785,-0.002616870987077371,-0.007616870987077371,-0.4099768115939857,-0.34818110506997857,-0.24993129682692677,4,11,False
UTC,13,45,60,買,2785,-0.0001432410060450637,-0.0051432410060450635,-0.023001325834358776,-0.32353590782088704,0.21501039574675376,7,11,False
UTC,13,45,60,売,2785,0.0001432410060450637,-0.004856758993954937,0.023001325834358776,0.32353590782088704,-0.21501039574675376,4,11,False
UTC,14,0,60,買,2785,0.001853754564623797,-0.003146245435376203,0.3057293293193084,-0.04171171067763612,0.4291803136818116,8,11,False
UTC,14,0,60,売,2785,-0.001853754564623797,-0.0068537545646237975,-0.3057293293193084,0.04171171067763612,-0.4291803136818116,3,11,False
UTC,14,15,60,買,2785,0.0025796717367989317,-0.0024203282632010684,0.4333445030766788,0.5085301968625305,0.13132692978147223,5,11,False
UTC,14,15,60,売,2785,-0.0025796717367989317,-0.007579671736798932,-0.4333445030766788,-0.5085301968625305,-0.13132692978147223,6,11,False
UTC,14,30,60,買,2785,-0.0018709833787248,-0.0068709833787248,-0.30325212175798033,-0.20950579984002893,-0.22088924527093398,6,11,False
UTC,14,30,60,売,2785,0.0018709833787248,-0.0031290166212752,0.30325212175798033,0.20950579984002893,0.22088924527093398,5,11,False
UTC,14,45,60,買,2785,-0.0014186798461832523,-0.006418679846183252,-0.238378143281253,0.4529608402680974,-0.6570572634194412,5,11,False
UTC,14,45,60,売,2785,0.0014186798461832523,-0.003581320153816748,0.238378143281253,-0.4529608402680974,0.6570572634194412,6,11,False
UTC,15,0,60,買,2785,-0.002438432720449805,-0.007438432720449806,-0.4534830365855734,0.43360259398611284,-0.9045071421232953,5,11,False
UTC,15,0,60,売,2785,0.002438432720449805,-0.002561567279550195,0.4534830365855734,-0.43360259398611284,0.9045071421232953,6,11,False
UTC,15,15,60,買,2785,-0.005138778951591303,-0.010138778951591303,-1.1160782417858226,-0.60205872752237,-0.9464698448681362,2,11,False
UTC,15,15,60,売,2785,0.005138778951591303,0.00013877895159130314,1.1160782417858226,0.60205872752237,0.9464698448681362,9,11,False
UTC,15,30,60,買,2785,-0.003973721253441416,-0.008973721253441416,-0.8805011896613955,-0.39532610973490273,-0.8101556242161475,4,11,False
UTC,15,30,60,売,2785,0.003973721253441416,-0.0010262787465585843,0.8805011896613955,0.39532610973490273,0.8101556242161475,7,11,False
UTC,15,45,60,買,2785,-0.003090553850854004,-0.008090553850854004,-0.7115399332841176,-0.9060604127582685,-0.19452389754510782,4,11,False
UTC,15,45,60,売,2785,0.003090553850854004,-0.0019094461491459963,0.7115399332841176,0.9060604127582685,0.19452389754510782,7,11,False
UTC,16,0,60,買,2785,0.0016423037509070719,-0.003357696249092928,0.4236413493636672,-0.5126180688498991,0.9716472528768915,6,11,False
UTC,16,0,60,売,2785,-0.0016423037509070719,-0.006642303750907072,-0.4236413493636672,0.5126180688498991,-0.9716472528768915,5,11,False
UTC,16,15,60,買,2785,-0.0016827349507516096,-0.0066827349507516095,-0.46149243292448006,-0.7061368213869117,0.002802611723998489,4,11,False
UTC,16,15,60,売,2785,0.0016827349507516096,-0.0033172650492483908,0.46149243292448006,0.7061368213869117,-0.002802611723998489,7,11,False
UTC,16,30,60,買,2785,-0.0028707571321444077,-0.007870757132144407,-0.8033115705225917,-0.9817596334200048,-0.19497108949061787,4,11,False
UTC,16,30,60,売,2785,0.0028707571321444077,-0.0021292428678555925,0.8033115705225917,0.9817596334200048,0.19497108949061787,7,11,False
UTC,16,45,60,買,2785,0.00030543238780325344,-0.004694567612196747,0.08330955613510964,0.8456027030614085,-0.5277108387075369,5,11,False
UTC,16,45,60,売,2785,-0.00030543238780325344,-0.005305432387803254,-0.08330955613510964,-0.8456027030614085,0.5277108387075369,6,11,False
UTC,17,0,60,買,2785,-0.0016384138834998924,-0.006638413883499892,-0.4618484163800769,1.0210304826018919,-1.4337896087013104,7,11,False
UTC,17,0,60,売,2785,0.0016384138834998924,-0.003361586116500108,0.4618484163800769,-1.0210304826018919,1.4337896087013104,4,11,False
UTC,17,15,60,買,2785,0.0012633832078982772,-0.0037366167921017227,0.34768329945555626,1.2799982076586203,-0.6616067518602885,8,11,False
UTC,17,15,60,売,2785,-0.0012633832078982772,-0.0062633832078982776,-0.34768329945555626,-1.2799982076586203,0.6616067518602885,3,11,False
UTC,17,30,60,買,2785,0.0022689685202472135,-0.0027310314797527866,0.5973951054640109,0.6158706293886391,0.2467070405019145,8,11,False
UTC,17,30,60,売,2785,-0.0022689685202472135,-0.007268968520247214,-0.5973951054640109,-0.6158706293886391,-0.2467070405019145,3,11,False
UTC,17,45,60,買,2785,0.0017738574674303117,-0.0032261425325696884,0.47175189041849747,-0.21453677227565104,0.8851229312560978,5,11,False
UTC,17,45,60,売,2785,-0.0017738574674303117,-0.006773857467430312,-0.47175189041849747,0.21453677227565104,-0.8851229312560978,6,11,False
UTC,18,0,60,買,2785,0.0012922486396136483,-0.003707751360386352,0.344563191295254,-0.6581935065958094,1.0634808874166937,5,11,False
UTC,18,0,60,売,2785,-0.0012922486396136483,-0.006292248639613649,-0.344563191295254,0.6581935065958094,-1.0634808874166937,6,11,False
UTC,18,15,60,買,2785,0.0013453631274938519,-0.0036546368725061482,0.3732256300268214,-0.5235284798529866,0.9367739003357258,7,11,False
UTC,18,15,60,売,2785,-0.0013453631274938519,-0.006345363127493852,-0.3732256300268214,0.5235284798529866,-0.9367739003357258,4,11,False
UTC,18,30,60,買,2785,-0.00019168860715007433,-0.005191688607150075,-0.051127115618503104,-0.47236824722928356,0.2973729965309038,6,11,False
UTC,18,30,60,売,2785,0.00019168860715007433,-0.004808311392849925,0.051127115618503104,0.47236824722928356,-0.2973729965309038,5,11,False
UTC,18,45,60,買,2785,0.002629701937074941,-0.002370298062925059,0.705134212311098,1.0331232635260597,0.10575792625008906,9,11,False
UTC,18,45,60,売,2785,-0.002629701937074941,-0.007629701937074941,-0.705134212311098,-1.0331232635260597,-0.10575792625008906,2,11,False
UTC,19,0,60,買,2785,0.0012825472994116953,-0.003717452700588305,0.36259485805602615,0.6581721211527743,-0.08263241624005488,6,11,False
UTC,19,0,60,売,2785,-0.0012825472994116953,-0.006282547299411695,-0.36259485805602615,-0.6581721211527743,0.08263241624005488,5,11,False
UTC,19,15,60,買,2785,-0.0011026458533360927,-0.006102645853336093,-0.3770004637317563,-0.36105736873134564,-0.18748571930104588,5,11,False
UTC,19,15,60,売,2785,0.0011026458533360927,-0.003897354146663907,0.3770004637317563,0.36105736873134564,0.18748571930104588,6,11,False
UTC,19,30,60,買,2785,0.0010823228612482465,-0.003917677138751754,0.39221062384581373,0.07641031187740767,0.44453815759429977,7,11,False
UTC,19,30,60,売,2785,-0.0010823228612482465,-0.006082322861248247,-0.39221062384581373,-0.07641031187740767,-0.44453815759429977,4,11,False
UTC,19,45,60,買,2785,-0.002626796362760187,-0.007626796362760187,-0.9397059066682444,-2.179038484631184,0.5518806507078892,4,11,False
UTC,19,45,60,売,2785,0.002626796362760187,-0.002373203637239813,0.9397059066682444,2.179038484631184,-0.5518806507078892,7,11,False
UTC,20,0,60,買,2785,-0.013514475368825558,-0.01851447536882556,-4.726664063938263,-7.446285472093213,-0.251286474473685,3,11,False
UTC,20,0,60,売,2785,0.013514475368825558,0.008514475368825557,4.726664063938263,7.446285472093213,0.251286474473685,8,11,False
UTC,20,15,60,買,2785,-0.010851114886149626,-0.015851114886149625,-4.466249332932753,-7.534518158053969,-0.018667240745412206,2,11,False
UTC,20,15,60,売,2785,0.010851114886149626,0.005851114886149626,4.466249332932753,7.534518158053969,0.018667240745412206,9,11,False
UTC,20,30,60,買,2785,-0.010678759652357825,-0.015678759652357824,-5.251278586094881,-8.056353249160539,-0.30777113694419356,2,11,False
UTC,20,30,60,売,2785,0.010678759652357825,0.005678759652357825,5.251278586094881,8.056353249160539,0.30777113694419356,9,11,False
UTC,20,45,60,買,2785,-0.01026679421627457,-0.015266794216274571,-6.363283585556979,-8.071661702393559,-1.4586030129249705,2,11,False
UTC,20,45,60,売,2785,0.01026679421627457,0.00526679421627457,6.363283585556979,8.071661702393559,1.4586030129249705,9,11,False
UTC,21,0,60,買,2785,0.0002004018184941239,-0.004799598181505876,0.1322022226704912,0.6270790320154538,-0.387075226177837,4,11,True
UTC,21,0,60,売,2785,-0.0002004018184941239,-0.005200401818494124,-0.1322022226704912,-0.6270790320154538,0.387075226177837,7,11,True
UTC,21,15,60,買,2785,0.013507456164847796,0.008507456164847795,7.4311543831931735,6.466348627330195,4.24566257561562,10,11,True
UTC,21,15,60,売,2785,-0.013507456164847796,-0.018507456164847797,-7.4311543831931735,-6.466348627330195,-4.24566257561562,1,11,True
UTC,21,30,60,買,2785,0.016966173987169604,0.011966173987169603,8.383412964025572,7.194292657420331,4.938878382111401,10,11,True
UTC,21,30,60,売,2785,-0.016966173987169604,-0.021966173987169605,-8.383412964025572,-7.194292657420331,-4.938878382111401,1,11,True
UTC,21,45,60,買,2785,0.017224990784698593,0.012224990784698592,8.506309970655764,6.8013708453388535,5.34961364773306,10,11,True
UTC,21,45,60,売,2785,-0.017224990784698593,-0.022224990784698594,-8.506309970655764,-6.8013708453388535,-5.34961364773306,1,11,True
UTC,22,0,60,買,2785,0.01958829015816602,0.014588290158166019,9.517267056412365,9.014860335096996,5.226489970678548,11,11,True
UTC,22,0,60,売,2785,-0.01958829015816602,-0.02458829015816602,-9.517267056412365,-9.014860335096996,-5.226489970678548,0,11,True
UTC,22,15,60,買,2785,0.017109427266348672,0.012109427266348671,8.317559424841537,7.254430401015954,5.102469408766406,11,11,True
UTC,22,15,60,売,2785,-0.017109427266348672,-0.022109427266348673,-8.317559424841537,-7.254430401015954,-5.102469408766406,0,11,True
UTC,22,30,60,買,2785,0.01673109406425451,0.011731094064254509,7.541976644205458,6.169485556548165,4.9790770247509055,11,11,True
UTC,22,30,60,売,2785,-0.01673109406425451,-0.02173109406425451,-7.541976644205458,-6.169485556548165,-4.9790770247509055,0,11,True
UTC,22,45,60,買,2785,0.018972358326256395,0.013972358326256394,7.675075356539015,6.3078199958948655,5.0423328986575635,11,11,True
UTC,22,45,60,売,2785,-0.018972358326256395,-0.023972358326256396,-7.675075356539015,-6.3078199958948655,-5.0423328986575635,0,11,True
UTC,23,0,60,買,2784,0.019822709230854555,0.014822709230854554,7.665388503110728,5.347813069680781,5.654579036288344,11,11,True
UTC,23,0,60,売,2784,-0.019822709230854555,-0.024822709230854556,-7.665388503110728,-5.347813069680781,-5.654579036288344,0,11,True
UTC,23,15,60,買,2784,0.006620191364696783,0.0016201913646967832,2.5946295814664375,1.0472876425747577,2.466486207663113,8,11,True
UTC,23,15,60,売,2784,-0.006620191364696783,-0.011620191364696783,-2.5946295814664375,-1.0472876425747577,-2.466486207663113,3,11,True
UTC,23,30,60,買,2784,0.005361605862219105,0.00036160586221910523,2.0401506337941457,0.787355072111797,1.9714620479559344,6,11,True
UTC,23,30,60,売,2784,-0.005361605862219105,-0.010361605862219105,-2.0401506337941457,-0.787355072111797,-1.9714620479559344,5,11,True
UTC,23,45,60,買,2784,0.0021803922045853658,-0.0028196077954146343,0.7936123782964934,-1.4194500110909412,1.9540124486712245,6,11,True
UTC,23,45,60,売,2784,-0.0021803922045853658,-0.007180392204585366,-0.7936123782964934,1.4194500110909412,-1.9540124486712245,5,11,True
