entry,y,ticker,pnl,yen
2017-01-06,2017,6770.T,4.3414812112367756,35947.464429040505
2017-01-10,2017,6479.T,-1.2727272727272727,-12622.909090909092
2017-01-11,2017,7453.T,0.7787448465414567,7671.026110856618
2017-01-12,2017,7649.T,-1.6728935482072156,-14999.999999999998
2017-01-13,2017,2670.T,-1.4106361969248133,-11943.57455212301
2017-01-16,2017,1878.T,-2.3214810461357627,-15772.142227446371
2017-01-17,2017,7735.T,1.7647058823529411,14889.705882352942
2017-01-18,2017,7182.T,2.674591381872214,25405.943536404156
2017-01-19,2017,2802.T,-1.7371937639198218,-15648.641425389755
2017-01-20,2017,8802.T,-3.0,-27024.0
2017-01-23,2017,7974.T,0.31887755102040816,3014.030612244898
2017-01-24,2017,6178.T,2.127659574468085,21119.14893617021
2017-01-25,2017,2331.T,0.9009009009009009,8750.450450450451
2017-01-26,2017,8282.T,1.0731707317073171,9808.243902439026
2017-01-27,2017,1812.T,-1.0062893081761006,-9551.698113207547
2017-01-30,2017,1928.T,-0.5129589632829373,-4737.176025917926
2017-01-31,2017,4751.T,3.7867962274935696,37100.0
2017-02-01,2017,3391.T,-0.9487666034155597,-8045.540796963946
2017-02-02,2017,9064.T,-3.0,-27720.0
2017-02-03,2017,6762.T,-3.0,-29486.1
2017-02-06,2017,7751.T,-0.15337423312883436,-1492.1779141104296
2017-02-06,2017,4183.T,-3.0,-26670.0
2017-02-07,2017,9201.T,0.14306151645207438,997.1387696709584
2017-02-08,2017,4114.T,2.8532608695652173,26570.991847826084
2017-02-09,2017,6460.T,2.0588235294117645,17438.235294117647
2017-02-10,2017,7532.T,0.3593429158110824,3553.9014373716054
2017-02-13,2017,6501.T,1.746031746031746,16431.90476190476
2017-02-14,2017,4543.T,-3.0,-27237.6
2017-02-15,2017,4912.T,-0.47145102147721324,-4497.642744892614
2017-02-16,2017,2501.T,0.07020007020008617,679.0452790454336
2017-02-17,2017,9008.T,0.5617977528089888,5543.258426966293
2017-02-20,2017,8358.T,0.7103393843725335,5402.131018153118
2017-02-21,2017,2501.T,-0.6313574184496707,-6120.000000000039
2017-02-22,2017,2685.T,-3.7800687285223367,-33317.52577319587
2017-02-23,2017,2678.T,-2.4242424242424243,-23890.909090909092
2017-02-24,2017,2802.T,1.9913885898815973,17791.86221743814
2017-02-27,2017,7649.T,2.14206502072025,18421.759178194152
2017-02-28,2017,8697.T,2.4312220089571337,22799.999999999996
2017-03-01,2017,2413.T,0.9113214160532772,9090.43112513144
2017-03-02,2017,4021.T,-3.0,-21780.0
2017-03-03,2017,4666.T,-0.20006668889629878,-1794.5981993998
2017-03-06,2017,4205.T,-1.8867924528301887,-18400.0
2017-03-06,2017,9603.T,1.4903671392221012,12246.346782988005
2017-03-08,2017,2695.T,0.6593406593406593,5986.813186813187
2017-03-09,2017,3659.T,0.6741573033707865,6585.168539325843
2017-03-10,2017,3099.T,1.588502269288956,14555.446293494702
2017-03-13,2017,9024.T,1.4830508474576272,14000.0
2017-03-14,2017,6988.T,-3.0136986301369864,-27536.164383561645
2017-03-16,2017,7867.T,0.08576329331046312,800.0
2017-03-17,2017,5463.T,-1.7672528055138286,-15999.999999999998
2017-03-17,2017,9508.T,0.3448275862068966,3186.206896551724
2017-03-22,2017,8058.T,-0.7545332846537721,-7517.867834976324
2017-03-23,2017,7276.T,0.5208333333333333,4499.999999999999
2017-03-23,2017,3405.T,0.5988023952095809,5026.946107784432
2017-03-27,2017,8802.T,0.4581625271280444,3891.632505425609
2017-03-28,2017,6503.T,-0.5555555555555556,-5376.666666666667
2017-03-28,2017,8354.T,-1.411290322580645,-13943.548387096773
2017-03-30,2017,9201.T,-0.14136273678258413,-1005.0890585241731
2017-03-31,2017,1878.T,-2.0162601626016263,-18521.36585365854
2017-03-31,2017,7550.T,-2.3429179978700745,-21917.997870074545
2017-04-04,2017,6503.T,-3.324013668841255,-32109.972041006524
2017-04-05,2017,9433.T,-1.213526043086989,-10599.907281156231
2017-04-05,2017,8591.T,0.906344410876133,8983.685800604231
2017-04-07,2017,4307.T,-0.24658148397220014,-2298.6079354404524
2017-04-10,2017,9532.T,-0.8899297423887589,-7532.365339578455
2017-04-10,2017,6506.T,-3.0,-25392.0
2017-04-12,2017,9987.T,-0.700280112044818,-5000.000000000001
2017-04-12,2017,9603.T,-3.0,-23103.0
2017-04-13,2017,1911.T,-0.11422044545971999,-1087.6070816674537
2017-04-17,2017,8267.T,2.0196300490751313,19205.469988675053
2017-04-17,2017,4021.T,0.9316770186335404,9097.826086956522
2017-04-18,2017,9433.T,-0.590687977762335,-5084.051424600417
2017-04-20,2017,1332.T,1.9342359767891684,19110.251450676984
2017-04-20,2017,6305.T,0.8932038834951457,6958.9514563106795
2017-04-21,2017,9064.T,5.0,45430.0
2017-04-25,2017,6301.T,3.5999999999999996,29467.799999999996
2017-04-25,2017,6506.T,4.771273979340875,38475.55336940481
2017-04-27,2017,5938.T,2.42024202420242,19923.432343234323
2017-04-27,2017,2695.T,-1.3028750108572917,-12038.565100321375
2017-05-01,2017,4503.T,-1.0616438356164384,-9350.95890410959
2017-05-02,2017,6645.T,1.83982683982684,17110.38961038961
2017-05-02,2017,4307.T,3.1873423526714095,28931.187800963115
2017-05-09,2017,1963.T,-3.0,-27165.0
2017-05-10,2017,4503.T,-2.195121951219512,-19005.365853658535
2017-05-10,2017,4114.T,-3.0,-26850.0
2017-05-11,2017,7270.T,-2.8930817610062896,-23040.50314465409
2017-05-12,2017,3402.T,-2.0317460317460365,-19226.412698412743
2017-05-15,2017,6302.T,-3.0,-22050.0
2017-05-16,2017,4503.T,-1.2098167991704112,-10420.152091254751
2017-05-17,2017,7202.T,-0.25125628140703515,-2482.5376884422103
2017-05-18,2017,8795.T,1.9274746814766417,18145.246651421105
2017-05-19,2017,4506.T,-0.8050603795284648,-7028.177113283497
2017-05-22,2017,8750.T,0.9651239306865615,9233.919719236746
2017-05-25,2017,6412.T,-0.16260162601626016,-1598.69918699187
2017-05-26,2017,8227.T,0.0,0.0
2017-05-30,2017,4613.T,3.113006396588486,29187.547974413646
2017-05-31,2017,4506.T,2.633153800119689,22118.491921005385
2017-06-01,2017,4151.T,3.727034120734908,35295.01312335958
2017-06-02,2017,5110.T,1.9190871369294606,18375.25933609959
2017-06-05,2017,4666.T,0.24046719340432843,2091.3431810374445
2017-06-06,2017,8058.T,1.234071093226029,11955.187122736479
2017-06-06,2017,7270.T,-0.8716323296354992,-6627.892234548336
2017-06-08,2017,6954.T,-2.061622111463525,-18055.68645219755
2017-06-09,2017,1662.T,0.6263982102908303,6171.024608501143
2017-06-09,2017,6592.T,-3.0,-27945.0
2017-06-13,2017,4901.T,-0.1498464074323818,-1408.3913988162135
2017-06-14,2017,3543.T,-0.8021390374331552,-7451.871657754011
2017-06-15,2017,3197.T,-4.1183294663573085,-35500.0
2017-06-16,2017,6146.T,3.75747932309018,22757.925016160294
2017-06-19,2017,6902.T,1.1470281543274283,10621.480709071986
2017-06-19,2017,5110.T,2.159827213822894,20140.388768898487
2017-06-22,2017,1808.T,-0.5734767025089605,-5600.0
2017-06-22,2017,9505.T,-0.19723865877712032,-1800.0000000000002
2017-06-26,2017,6841.T,0.0,0.0
2017-06-27,2017,9107.T,-0.3613666228646406,-3603.7647831799154
2017-06-28,2017,3289.T,1.6845329249617151,16575.803981623278
2017-06-29,2017,6703.T,1.8483110261312936,17311.281070745696
2017-06-30,2017,2127.T,-3.0,-28182.6
2017-07-03,2017,2181.T,-3.0,-29694.6
2017-07-04,2017,6098.T,-3.0,-28995.0
2017-07-05,2017,2502.T,1.682203686829747,16795.289829676876
2017-07-05,2017,2685.T,-3.0,-26316.0
2017-07-06,2017,6869.T,-2.001571672907141,-17320.000000000073
2017-07-06,2017,4324.T,-3.0,-16050.0
2017-07-10,2017,9041.T,-0.46728971962616817,-3971.9626168224295
2017-07-11,2017,7751.T,1.335113484646195,10008.010680907877
2017-07-11,2017,3349.T,5.0,27500.0
2017-07-12,2017,9433.T,0.11657409312213164,1024.3365562641707
2017-07-13,2017,4324.T,-0.9652509652509652,-5028.957528957529
2017-07-14,2017,2501.T,-0.3993344425956701,-3839.9999999999636
2017-07-18,2017,9504.T,1.9071310116086235,18476.285240464345
2017-07-19,2017,8273.T,1.4052631578947392,13350.000000000024
2017-07-20,2017,9503.T,-0.7089804186360568,-6314.8885887913575
2017-07-21,2017,3382.T,-0.5394470667565745,-4800.0
2017-07-25,2017,2121.T,0.49180327868852464,3000.0000000000005
2017-07-25,2017,9603.T,3.565891472868217,34713.95348837209
2017-07-26,2017,8219.T,0.5169577817811474,4595.7546800344
2017-07-28,2017,1928.T,0.8385744234800839,8000.000000000001
2017-07-28,2017,4151.T,3.730569948186528,36167.87564766839
2017-07-31,2017,8601.T,-0.1574555188159345,-1516.296646197449
2017-08-01,2017,7201.T,-0.45620437956204374,-4499.999999999999
2017-08-02,2017,4507.T,-0.8663303266574938,-8495.668348366713
2017-08-03,2017,5333.T,-3.0,-26016.0
2017-08-04,2017,5201.T,-2.0562770562770565,-19123.376623376626
2017-08-07,2017,2282.T,0.15503875968992248,998.4496124031008
2017-08-07,2017,2212.T,-1.6822429906542056,-14393.271028037383
2017-08-09,2017,7832.T,-3.0,-26355.0
2017-08-10,2017,1802.T,0.622568093385214,5569.494163424125
2017-08-10,2017,6965.T,-0.5908419497784343,-5000.0
2017-08-14,2017,4755.T,2.529182879377432,23015.56420233463
2017-08-16,2017,2897.T,-0.5885711775815715,-5328.452584881484
2017-08-16,2017,8113.T,-3.0,-27339.0
2017-08-17,2017,2809.T,-3.0,-24867.0
2017-08-18,2017,4540.T,0.6218905472636816,5062.189054726368
2017-08-21,2017,7532.T,-0.10152284263958815,-996.4467005075576
2017-08-22,2017,2201.T,-1.282051282051282,-12019.230769230768
2017-08-23,2017,9603.T,-0.1485884101040119,-991.0846953937593
2017-08-25,2017,9627.T,-3.067484662576687,-25092.0245398773
2017-08-25,2017,5401.T,0.9549795361527922,9271.89631650746
2017-08-28,2017,5411.T,0.5506344266219775,4605.5063442662195
2017-08-30,2017,9861.T,-0.96,-8990.4
2017-08-31,2017,8267.T,-1.3486052096803907,-13144.854978754769
2017-09-01,2017,2587.T,-2.3622047244094486,-11999.999999999998
2017-09-04,2017,4704.T,-1.574803149606299,-8062.992125984251
2017-09-05,2017,9432.T,-1.4218009478672986,-14073.270142180096
2017-09-06,2017,9962.T,2.6247689463955637,21299.999999999996
2017-09-07,2017,7974.T,2.5727069351230423,18400.0
2017-09-07,2017,6479.T,1.807909604519774,15864.406779661018
2017-09-08,2017,6981.T,5.0,45277.5
2017-09-12,2017,1928.T,-0.2697599136768276,-2480.44240625843
2017-09-12,2017,2914.T,-0.21680216802168023,-1590.8943089430895
2017-09-12,2017,9432.T,-2.2857142857142914,-22626.285714285772
2017-09-19,2017,9627.T,-1.4962593516209477,-11895.261845386534
2017-09-20,2017,3003.T,5.0,47160.0
2017-09-20,2017,9533.T,-0.8632596685082874,-8261.39502762431
2017-09-22,2017,2784.T,1.99501246882793,15968.079800498752
2017-09-22,2017,4307.T,2.445472571050889,23109.7157964309
2017-09-25,2017,5401.T,0.05825242718445719,566.0155339804967
2017-09-27,2017,6479.T,0.11376564277588168,999.4311717861206
2017-09-28,2017,7550.T,1.7412935323383085,13986.069651741294
2017-09-28,2017,9697.T,4.0000000000000036,39612.000000000044
2017-10-02,2017,9449.T,1.2283236994219653,11788.2225433526
2017-10-02,2017,9506.T,2.301255230125523,19758.577405857737
2017-10-03,2017,9064.T,0.3351206434316354,3000.0
2017-10-05,2017,8227.T,-3.4246575342465753,-30023.287671232873
2017-10-06,2017,7201.T,-0.13799448022079117,-1348.7580496780129
2017-10-06,2017,4755.T,2.0226537216828477,19967.637540453074
2017-10-12,2017,8002.T,0.9374999999999969,8924.906249999969
2017-10-12,2017,9627.T,1.4905149051490514,11134.146341463415
2017-10-13,2017,5401.T,5.0,48393.0
2017-10-17,2017,7261.T,-1.2950971322849214,-12491.211840888067
2017-10-18,2017,9602.T,0.39421813403416556,3869.250985545335
2017-10-18,2017,5803.T,2.380952380952381,23609.52380952381
2017-10-24,2017,2810.T,0.8955223880597015,5991.044776119404
2017-10-26,2017,4755.T,-0.6611570247933884,-6402.644628099174
2017-10-27,2017,4324.T,0.6256517205422315,6031.282586027111
2017-10-31,2017,6724.T,1.3006317354143442,10523.411371237458
2017-11-01,2017,4689.T,0.0,0.0
2017-11-02,2017,9107.T,2.690999072069282,26794.815960408254
2017-11-06,2017,6981.T,-0.33516483516483014,-3054.6923076922617
2017-11-07,2017,2587.T,-0.29940119760479045,-1505.988023952096
2017-11-08,2017,7261.T,-1.61035680454689,-15319.324281654564
2017-11-09,2017,2802.T,-2.1392808375056895,-21111.492944924896
2017-11-10,2017,7550.T,-3.0,-24336.0
2017-11-13,2017,6326.T,-0.7616146230007617,-7568.545316070069
2017-11-14,2017,4631.T,-3.0,-23970.0
2017-11-14,2017,3197.T,0.4804804804804805,4800.0
2017-11-15,2017,9005.T,0.9667673716012084,9611.601208459215
2017-11-16,2017,2181.T,3.802281368821293,37140.68441064638
2017-11-17,2017,9502.T,-1.9985974754558204,-19859.06381486676
2017-11-20,2017,4324.T,-0.31645569620253167,-3009.493670886076
2017-11-21,2017,8630.T,-3.0,-26040.600000000002
2017-11-22,2017,9505.T,-2.2750775594622543,-21954.498448810755
2017-11-27,2017,3197.T,-0.182370820668693,-1783.5866261398176
2017-11-27,2017,4536.T,5.0,42750.0
2017-11-30,2017,9020.T,1.6845888199455317,12005.390684223827
2017-12-04,2017,6752.T,-3.0,-29691.0
2017-12-04,2017,6594.T,0.3631578947368469,2741.8421052631943
2017-12-04,2017,4544.T,-4.25531914893617,-42000.0
2017-12-07,2017,7733.T,0.8224299065420518,7882.990654205568
2017-12-07,2017,8358.T,2.909248805905341,26974.554928354322
2017-12-08,2017,6460.T,2.4264705882352944,23100.000000000004
2017-12-13,2017,1802.T,-0.3620564808110065,-3515.206372194062
2017-12-14,2017,7733.T,0.5897460287263432,5633.077142585412
2017-12-15,2017,6503.T,3.48933813348103,31438.93658266408
2017-12-18,2017,9433.T,-3.0,-26298.0
2017-12-19,2017,8086.T,1.935483870967742,18000.0
2017-12-20,2017,5801.T,5.0,48960.0
2017-12-21,2017,4114.T,0.13020833333333331,1249.9999999999998
2017-12-22,2017,7270.T,1.024473534433694,7187.706317586797
2017-12-22,2017,3391.T,2.1433355659745477,19109.97990622907
2017-12-26,2017,4536.T,1.2013729977116705,10493.99313501144
2017-12-27,2017,8227.T,-0.2413476854756963,-1998.3588357387653
2017-12-27,2017,9843.T,0.7210031347962382,6863.228840125392
2018-01-09,2018,2914.T,-0.43691971600218454,-3185.1447296559254
2018-01-09,2018,8848.T,2.662037037037037,25270.717592592595
2018-01-09,2018,2685.T,0.8535489667565139,7582.929020664869
2018-01-12,2018,4516.T,1.86799501867995,14943.960149439601
2018-01-12,2018,3092.T,-3.0,-29924.1
2018-01-15,2018,3382.T,-0.4956629491945418,-4546.319702602177
2018-01-16,2018,2809.T,-0.24046719340432843,-2095.671590518722
2018-01-17,2018,9432.T,0.28818443804035676,2866.4265129684086
2018-01-19,2018,4506.T,0.870105655686762,8379.117464263518
2018-01-19,2018,5423.T,2.1671826625387,20869.96904024768
2018-01-22,2018,4188.T,-0.4524886877828055,-4374.660633484164
2018-01-24,2018,2782.T,3.1298904538341157,20093.896713615024
2018-01-24,2018,8358.T,-3.0,-27492.0
2018-01-25,2018,7832.T,-1.6349219324777242,-16000.0
2018-01-26,2018,5631.T,-3.0,-21030.0
2018-01-29,2018,2871.T,-1.7851128326035703,-16001.751431458404
2018-01-30,2018,7269.T,-0.49719530851606036,-4703.865374808744
2018-01-31,2018,4755.T,0.6598984771573604,6486.802030456853
2018-02-01,2018,8630.T,-1.4516458801880976,-12675.48149662643
2018-02-02,2018,9021.T,-3.0,-24354.0
2018-02-05,2018,9513.T,-3.1783205085312813,-28890.93342254935
2018-02-06,2018,4502.T,-3.0,-18951.0
2018-02-07,2018,2914.T,-3.0,-21066.0
2018-02-08,2018,3382.T,-0.6305762393506468,-5618.434292614263
2018-02-08,2018,6178.T,-1.7898832684824901,-16037.354085603112
2018-02-08,2018,9022.T,-3.0,-24276.0
2018-02-13,2018,2670.T,0.14864864864865684,1318.0378378379105
2018-02-14,2018,7201.T,-0.22361359570661896,-1999.1055456171734
2018-02-14,2018,7261.T,-3.0,-27270.0
2018-02-16,2018,2702.T,0.10504201680672269,998.9495798319327
2018-02-16,2018,9432.T,3.0075187969924935,29960.00000000012
2018-02-21,2018,4666.T,-1.0461061604029445,-8165.9046881053855
2018-02-27,2018,9861.T,0.625,5984.375
2018-03-01,2018,5108.T,-3.052631578947368,-29195.36842105263
2018-03-02,2018,6501.T,-3.0,-29530.8
2018-03-05,2018,2002.T,2.044887780548628,16440.89775561097
2018-03-06,2018,9005.T,-1.4654161781946073,-12390.093786635405
2018-03-07,2018,5741.T,2.3969319271332696,22615.052732502398
2018-03-08,2018,8697.T,1.8619934282584885,16953.450164293536
2018-03-09,2018,6201.T,4.784688995215311,29856.45933014354
2018-03-13,2018,6113.T,0.14792899408284024,1421.7455621301774
2018-03-14,2018,6326.T,-1.9039957093054438,-17930.87959238402
2018-03-16,2018,8795.T,0.14551804423748546,1243.0878928987197
2018-03-16,2018,9024.T,1.3835085777531821,12527.670171555064
2018-03-19,2018,5471.T,0.1798561151079137,1614.3884892086332
2018-03-26,2018,8766.T,2.255211623499687,21618.9096651927
2018-03-26,2018,7751.T,1.2624934245134138,9594.950026301945
2018-03-26,2018,2802.T,5.0,46940.0
2018-03-28,2018,9202.T,2.463299328191092,20208.90768847972
2018-03-29,2018,8058.T,-0.8188976377952708,-7736.125984251923
2018-03-29,2018,8802.T,1.1720983419096627,10223.627787307032
2018-04-02,2018,9404.T,-3.0,-28275.0
2018-04-05,2018,4681.T,1.7619047619047619,16665.85714285714
2018-04-06,2018,2809.T,-1.1350293542074363,-8655.73385518591
2018-04-09,2018,4613.T,1.6942148760330578,16569.421487603304
2018-04-10,2018,2659.T,0.8726003490401396,7513.089005235602
2018-04-12,2018,5803.T,1.4468085106383004,14401.531914893641
2018-04-13,2018,8876.T,-3.0,-25362.0
2018-04-16,2018,9861.T,3.475670307845084,27930.486593843096
2018-04-17,2018,2267.T,-0.2607561929595828,-2000.0
2018-04-18,2018,9831.T,-1.7241379310344827,-16912.068965517243
2018-04-20,2018,4689.T,-1.3333333333333335,-13229.333333333334
2018-04-23,2018,9766.T,0.7518796992481203,3992.4812030075186
2018-04-24,2018,6981.T,0.5307244708740938,4965.670439286372
2018-04-25,2018,6586.T,2.1806853582554515,21087.227414330217
2018-04-26,2018,8227.T,1.4988179669030648,12679.999999999927
2018-04-27,2018,3659.T,3.4653465346534658,33662.376237623765
2018-05-02,2018,6902.T,-2.4878048780487836,-24746.195121951256
2018-05-02,2018,7752.T,-1.1363636363636365,-10728.409090909092
2018-05-02,2018,6645.T,1.1764705882352942,6941.176470588235
2018-05-09,2018,8001.T,-1.4330823415108034,-14328.530483361617
2018-05-09,2018,2685.T,0.11904761904761905,1004.1666666666669
2018-05-10,2018,7606.T,0.6234413965087282,5000.0
2018-05-14,2018,5741.T,0.6965026674570312,6604.377593361061
2018-05-14,2018,9006.T,-0.4904632152588556,-4497.547683923706
2018-05-15,2018,9831.T,-0.8726003490401396,-8500.0
2018-05-17,2018,8359.T,-0.7407407407407408,-7213.333333333334
2018-05-17,2018,2206.T,-0.7246376811594203,-3971.014492753623
2018-05-18,2018,7182.T,-0.06939625260235947,-595.0034698126301
2018-05-24,2018,6758.T,1.6274509803921482,15086.470588235214
2018-05-25,2018,4666.T,1.117507619370132,9943.582797155435
2018-05-25,2018,9101.T,-2.1080368906455864,-19485.84980237154
2018-05-30,2018,4689.T,1.550387596899225,15232.558139534885
2018-05-30,2018,2501.T,-0.4282655246252636,-4113.490364025657
2018-05-30,2018,4716.T,0.851581508515815,7110.7055961070555
2018-06-04,2018,4689.T,-3.0,-29475.0
2018-06-04,2018,5108.T,1.7535868822591665,15291.277613299932
2018-06-04,2018,4188.T,-0.4019696512913275,-3964.224701035072
2018-06-06,2018,7270.T,0.2932551319648094,2015.8357771260999
2018-06-07,2018,5332.T,2.142857142857143,11892.857142857143
2018-06-07,2018,9532.T,2.2895769733972964,21045.791539467948
2018-06-11,2018,3349.T,1.1423550087873462,6508.567662565905
2018-06-11,2018,7272.T,0.16585365853658982,1530.000000000041
2018-06-13,2018,1928.T,0.12987012987012986,1240.25974025974
2018-06-19,2018,9531.T,0.017421602787456445,150.81010452961672
2018-06-19,2018,2579.T,1.9540229885057472,17214.94252873563
2018-06-19,2018,5110.T,-0.33003300330033003,-3044.5544554455446
2018-06-22,2018,8053.T,-0.1988950276243044,-1912.1370165745375
2018-06-22,2018,9531.T,1.298929261014569,11185.729331226961
2018-06-22,2018,7751.T,2.0604395604395602,15111.263736263734
2018-06-27,2018,3028.T,2.1869639794168094,20478.730703259003
2018-06-27,2018,9843.T,-3.0,-21762.0
2018-06-27,2018,5938.T,2.2611905860636825,19609.044762344256
2018-07-02,2018,4307.T,1.6666666666666667,14916.666666666668
2018-07-02,2018,4519.T,-3.0,-29050.5
2018-07-02,2018,8697.T,-3.7018996590355577,-34299.95129079396
2018-07-04,2018,4507.T,1.6623690130026858,15216.494760520085
2018-07-05,2018,4912.T,-0.2562788313685289,-2498.718605843157
2018-07-05,2018,2282.T,-0.4634994206257242,-3990.7300115874855
2018-07-12,2018,9503.T,3.810438680755684,35437.07973102786
2018-07-13,2018,4005.T,3.278688524590164,31947.54098360656
2018-07-13,2018,6473.T,2.636916835699797,23257.60649087221
2018-07-19,2018,2201.T,-3.0,-22680.0
2018-07-20,2018,2914.T,2.2576812086233238,19912.748260057717
2018-07-23,2018,3003.T,0.7957559681697612,7257.294429708222
2018-07-23,2018,9021.T,-0.7722007722007722,-6033.204633204633
2018-07-25,2018,5423.T,5.0,45650.0
2018-07-31,2018,9531.T,0.0361794500723589,304.9927641099855
2018-07-31,2018,4307.T,-1.6666666666666667,-14972.500000000002
2018-08-01,2018,9602.T,0.9036144578313252,9027.10843373494
2018-08-03,2018,8591.T,0.22753128555176336,1998.2935153583617
2018-08-03,2018,8802.T,0.7880434782608695,7299.252717391304
2018-08-06,2018,2801.T,-2.152641878669276,-19838.74755381605
2018-08-08,2018,8802.T,-3.0,-27817.5
2018-08-08,2018,4021.T,0.2047082906857728,1995.9058341862847
2018-08-09,2018,6465.T,-3.477443609022556,-18586.93609022556
2018-08-13,2018,7272.T,-1.425050894674805,-13399.753562627191
2018-08-13,2018,5714.T,-3.0,-29790.0
2018-08-14,2018,1605.T,5.0,46080.0
2018-08-14,2018,3405.T,0.33333333333333337,2982.0
2018-08-17,2018,6448.T,0.045766590389016024,401.2814645308925
2018-08-17,2018,5233.T,1.3574660633484164,13459.276018099546
2018-08-20,2018,8035.T,2.919068937604279,17782.092247203986
2018-08-23,2018,9432.T,2.674897119341558,26710.987654320932
2018-08-23,2018,9433.T,1.1542425283407731,10033.599450360673
2018-08-24,2018,7261.T,2.4657534246575343,22248.49315068493
2018-08-29,2018,6723.T,-0.591715976331361,-5486.98224852071
2018-08-29,2018,2201.T,-0.23094688221709006,-2002.3094688221709
2018-08-30,2018,2587.T,1.7937219730941705,15874.439461883409
2018-08-31,2018,9766.T,-0.5341880341880342,-5042.735042735043
2018-09-03,2018,7550.T,-0.49172999552972735,-4400.0
2018-09-03,2018,1820.T,-2.0739064856711913,-16555.99547511312
2018-09-05,2018,6723.T,-3.0,-29232.0
2018-09-06,2018,9202.T,0.13333333333333333,1006.1333333333333
2018-09-06,2018,3349.T,-1.881145788798632,-10995.297135528004
2018-09-07,2018,8801.T,-0.6140243153628884,-6010.3156084980965
2018-09-11,2018,4502.T,2.9313045424032222,25988.94607294697
2018-09-11,2018,6971.T,-0.8026755852842836,-7874.247491638823
2018-09-12,2018,8766.T,1.2458326022109116,10637.54167397787
2018-09-12,2018,9432.T,1.4285714285714344,14178.000000000058
2018-09-14,2018,4661.T,2.63042525208242,23905.304690925033
2018-09-18,2018,6770.T,-3.0,-28215.0
2018-09-18,2018,9042.T,3.7467700258397936,29299.741602067184
2018-09-19,2018,9766.T,1.6129032258064515,13870.967741935483
2018-09-20,2018,1928.T,-1.0356731875719216,-8974.108170310701
2018-09-25,2018,2809.T,2.746615087040619,21300.0
2018-09-26,2018,8035.T,-3.0,-16314.900000000001
2018-09-27,2018,3941.T,5.0,49665.0
2018-09-28,2018,6460.T,-3.0,-25320.0
2018-09-28,2018,6412.T,-3.0,-22788.0
2018-10-01,2018,9843.T,0.8042066192390969,7862.728116300649
2018-10-05,2018,9433.T,1.6865011900714013,15082.380142808543
2018-10-05,2018,8113.T,-3.0,-28111.199999999997
2018-10-09,2018,6592.T,-3.0,-28552.5
2018-10-11,2018,6113.T,1.0261194029850746,9161.194029850747
2018-10-11,2018,6504.T,0.24691358024691357,2108.641975308642
2018-10-11,2018,9861.T,1.2571428571428571,11188.571428571428
2018-10-16,2018,9021.T,2.555137170521786,19040.882194728347
2018-10-16,2018,9531.T,3.413162360927777,27318.951536865927
2018-10-16,2018,6178.T,0.8264462809917356,7636.363636363637
2018-10-17,2018,3349.T,-3.0,-17947.5
2018-10-19,2018,5411.T,-0.9704641350210972,-9394.09282700422
2018-10-19,2018,9101.T,-3.0,-29250.0
2018-10-22,2018,4684.T,-1.809045226130653,-14718.391959798993
2018-10-25,2018,1928.T,1.7812499999999998,17361.843749999996
2018-10-25,2018,1801.T,-0.21413276231263384,-2059.9571734475376
2018-10-25,2018,1808.T,1.4760147601476015,14495.940959409594
2018-10-30,2018,8628.T,2.1071115013169446,19267.42756804214
2018-10-30,2018,4507.T,2.3087043245766514,21612.24292322695
2018-10-30,2018,9506.T,0.34891835310537334,2993.7194696441034
2018-11-01,2018,9432.T,-3.0,-29925.0
2018-11-02,2018,9001.T,0.974025974025974,8985.38961038961
2018-11-02,2018,8604.T,3.1214094216775092,30886.97050938329
2018-11-02,2018,4661.T,1.3962445835339432,11611.169956668271
2018-11-07,2018,3401.T,-0.5104645227156712,-4987.238386932108
2018-11-07,2018,8113.T,0.610642628671121,5810.6920616457855
2018-11-08,2018,7270.T,-3.145410794087315,-27232.966655207973
2018-11-12,2018,5110.T,-0.3870967741935484,-3611.612903225807
2018-11-13,2018,3289.T,-3.3707865168539324,-31853.93258426966
2018-11-13,2018,3101.T,1.7721518987341773,17129.620253164558
2018-11-15,2018,1812.T,2.7210884353741496,24163.26530612245
2018-11-16,2018,8031.T,-0.6111111111111112,-6050.0
2018-11-19,2018,4324.T,-3.0,-15180.0
2018-11-20,2018,1808.T,3.804347826086957,34672.82608695653
2018-11-21,2018,8306.T,-3.0,-28741.500000000004
2018-11-22,2018,7201.T,2.68364554830562,25604.66217638392
2018-11-26,2018,6971.T,2.9848730415991387,26394.635332252863
2018-11-28,2018,3349.T,5.0,27312.5
2018-11-30,2018,6465.T,-0.3468208092485549,-3006.936416184971
2018-12-04,2018,6724.T,-3.0623608017817374,-27668.429844097995
2018-12-04,2018,5411.T,-3.0,-24864.0
2018-12-06,2018,8267.T,3.952109729164245,37530.41962106242
2018-12-06,2018,8002.T,-3.0,-27640.8
2018-12-06,2018,6301.T,-3.0,-26217.0
2018-12-07,2018,4502.T,-3.0,-24624.0
2018-12-10,2018,3407.T,-3.0,-28368.0
2018-12-10,2018,3391.T,3.832116788321168,34397.0802919708
2018-12-11,2018,4005.T,0.7017543859649122,6919.298245614034
2018-12-13,2018,4901.T,1.1476405859717815,10177.276716397759
2018-12-13,2018,7201.T,-0.010752688172045456,-99.3978494623882
2018-12-14,2018,1721.T,-3.0,-24795.0
2018-12-19,2018,9766.T,-3.0,-28710.0
2018-12-20,2018,2702.T,-3.0,-29130.0
2018-12-20,2018,9531.T,-3.0,-24984.0
2018-12-21,2018,3197.T,-3.0,-27360.0
2018-12-25,2018,8802.T,-3.0,-26100.0
2018-12-26,2018,9504.T,5.0,48370.0
2018-12-26,2018,9048.T,5.781424841477061,46638.75419619545
2018-12-26,2018,8113.T,5.431338825020368,54127.09332850548
2019-01-08,2019,2702.T,3.04302203567681,28969.569779643232
2019-01-17,2019,2590.T,-3.0,-25245.0
2019-01-30,2019,5901.T,-0.5288852725793327,-5185.191212367778
2019-02-01,2019,9434.T,1.8740629685157422,18624.81259370315
2019-02-01,2019,9533.T,1.3830786305814091,12877.015282165152
2019-02-05,2019,6902.T,-3.0,-28908.0
2019-02-06,2019,6758.T,-3.0,-27199.8
2019-02-06,2019,3048.T,-3.0,-27006.0
2019-02-07,2019,9142.T,0.13966480446927373,1002.7932960893854
2019-02-08,2019,7203.T,1.9230769230769231,17701.923076923078
2019-02-08,2019,4188.T,-3.0,-27934.5
2019-02-12,2019,4324.T,5.0,49200.0
2019-02-13,2019,3402.T,1.6103896103896076,16099.064935064906
2019-02-14,2019,6902.T,0.5866085644850415,5617.363613508757
2019-02-14,2019,7272.T,-3.0,-28988.699999999997
2019-02-18,2019,2587.T,5.0,46800.0
2019-02-19,2019,4091.T,0.25429116338207247,2412.2059758423393
2019-02-19,2019,3197.T,3.473053892215569,34695.80838323353
2019-02-20,2019,3099.T,0.09066183136899365,896.7361740707162
2019-02-25,2019,7224.T,1.820830298616169,17436.270939548434
2019-02-27,2019,8273.T,-2.1503486260034013,-18492.99818362925
2019-02-27,2019,2282.T,-0.2466091245376079,-2002.466091245376
2019-03-06,2019,3382.T,-4.873981914961842,-45971.39742192009
2019-03-07,2019,1878.T,-3.0,-26676.0
2019-03-08,2019,6902.T,-1.5438290449193237,-14318.088094199775
2019-03-11,2019,9045.T,1.0158013544018059,9010.158013544018
2019-03-11,2019,7261.T,1.2762453684643886,12471.469740634006
2019-03-13,2019,6770.T,0.0,0.0
2019-03-14,2019,7912.T,-0.8035355564483728,-7964.644435516271
2019-03-15,2019,4063.T,2.3891928100926623,21323.545830077008
2019-03-18,2019,9201.T,-0.9458077709611452,-7441.6155419222905
2019-03-19,2019,7911.T,1.6129032258064515,16103.225806451614
2019-03-20,2019,5334.T,-3.0,-25860.0
2019-03-22,2019,4208.T,2.2108843537414966,20853.061224489797
2019-03-25,2019,9434.T,-0.15503875968991368,-1531.782945736347
2019-03-26,2019,8601.T,-3.0,-29629.800000000003
2019-03-27,2019,6301.T,-3.012164510523267,-23521.992662676195
2019-03-28,2019,9201.T,1.7833726724364019,13692.735378966694
2019-03-29,2019,9532.T,-1.7179023508137432,-15117.54068716094
2019-03-29,2019,9513.T,2.842183994016455,22595.362752430814
2019-04-03,2019,9201.T,1.674077949254512,12877.007585665706
2019-04-04,2019,9502.T,-0.9711595055915244,-8305.841671571514
2019-04-04,2019,9503.T,2.4761904761904763,23697.14285714286
2019-04-09,2019,2670.T,-3.0,-25520.399999999998
2019-04-10,2019,2695.T,1.1081452721831309,10982.1629054437
2019-04-11,2019,2579.T,2.0637898686679175,16518.57410881801
2019-04-11,2019,3349.T,-1.0439560439560438,-9479.120879120877
2019-04-15,2019,3593.T,0.0,0.0
2019-04-16,2019,9861.T,-1.5046296296296295,-12932.291666666666
2019-04-16,2019,4519.T,-3.0,-27920.399999999998
2019-04-18,2019,9503.T,0.15923566878980894,1502.866242038217
2019-04-19,2019,7832.T,2.5349544072948356,24867.902735562337
2019-04-19,2019,4612.T,-0.468384074941452,-4394.8477751756445
2019-04-22,2019,7751.T,-0.12626262626262627,-1200.757575757576
2019-04-23,2019,9143.T,3.8242200603824217,34188.52733981885
2019-04-24,2019,8801.T,-3.0,-28743.0
2019-04-25,2019,5201.T,-1.0723860589812333,-8010.723860589813
2019-04-25,2019,2695.T,-1.4358385297013456,-13985.067279291106
2019-04-26,2019,8591.T,1.2544226439369572,11745.15921518173
2019-05-08,2019,6724.T,-1.5966883500887048,-13651.685393258427
2019-05-08,2019,1878.T,-10.307898259705489,-92709.23694779117
2019-05-09,2019,9201.T,-1.2876712328767124,-9490.13698630137
2019-05-10,2019,7203.T,-0.6542909312233822,-5995.267802799851
2019-05-13,2019,3088.T,1.7672528055138286,16329.415922947775
2019-05-14,2019,9989.T,-0.48951048951048953,-4229.37062937063
2019-05-15,2019,2702.T,1.8442622950819672,17926.22950819672
2019-05-16,2019,1605.T,-3.0,-27189.0
2019-05-17,2019,8801.T,2.8878755992049627,27007.990178884655
2019-05-17,2019,3549.T,1.3782858086080814,13268.481822308277
2019-05-20,2019,8309.T,2.435830277632268,23195.193818753272
2019-05-21,2019,7731.T,5.0,44490.0
2019-05-22,2019,8766.T,1.68361393565594,15099.491581930299
2019-05-22,2019,8630.T,-3.0,-28847.7
2019-05-22,2019,4704.T,-3.0,-30000.0
2019-05-23,2019,8630.T,1.4155942467827438,13067.20893262683
2019-05-28,2019,3099.T,-0.7641921397379913,-6977.0742358078605
2019-05-28,2019,4005.T,1.4705882352941175,14117.647058823528
2019-05-30,2019,5108.T,-1.1382901428917414,-9349.915233712763
2019-06-04,2019,5201.T,6.06508875739645,41000.0
2019-06-04,2019,7261.T,5.0,47857.5
2019-06-05,2019,8001.T,-0.6524008350730689,-6464.378914405011
2019-06-06,2019,4768.T,1.9138755980861244,15904.306220095694
2019-06-06,2019,2593.T,3.6964980544747084,19221.789883268484
2019-06-14,2019,6586.T,-3.0,-21480.0
2019-06-19,2019,2702.T,-0.8247422680412372,-8000.000000000001
2019-06-19,2019,9831.T,-0.6172839506172839,-6012.3456790123455
2019-06-20,2019,9532.T,0.9508716323296356,8947.702060221869
2019-06-24,2019,2702.T,0.5208333333333333,5010.416666666666
2019-06-24,2019,2871.T,-1.0802469135802468,-9792.438271604937
2019-06-25,2019,8113.T,-0.5034026288804038,-4874.951058077831
2019-06-27,2019,3197.T,-1.2130801687763713,-11487.869198312235
2019-06-27,2019,2702.T,0.8333333333333334,8041.666666666667
2019-06-28,2019,6869.T,5.0,46666.0
2019-07-04,2019,1878.T,3.031409788166545,24972.753834915995
2019-07-05,2019,9766.T,-1.3224821973550356,-12986.77517802645
2019-07-09,2019,3549.T,-0.5511125844279692,-5297.955496622953
2019-07-10,2019,9007.T,0.0,0.0
2019-07-11,2019,4183.T,3.216838760921366,28417.553613979348
2019-07-12,2019,8273.T,-0.5790832344938223,-5769.4641735854
2019-07-16,2019,4927.T,-0.4861111111111111,-4200.0
2019-07-18,2019,6326.T,-0.20533880903490762,-1759.240246406571
2019-07-18,2019,9024.T,-2.352266207687894,-20617.613310384393
2019-07-19,2019,9984.T,4.9939879759519,49412.51462925848
2019-07-23,2019,2267.T,3.536977491961415,33000.0
2019-07-23,2019,9513.T,4.63743676222597,44185.49747048904
2019-07-23,2019,3402.T,2.6134442855285425,26031.4731504356
2019-07-25,2019,2502.T,-0.6384472961757007,-6014.173529975101
2019-07-26,2019,8227.T,-0.2601974439427635,-2386.010560955141
2019-07-29,2019,7201.T,-3.0,-28899.0
2019-07-30,2019,2784.T,1.1578541103820919,8979.158626013123
2019-07-31,2019,9962.T,-3.785103785103785,-37381.68498168498
2019-08-01,2019,8113.T,-1.6285686255273137,-15136.405376238512
2019-08-02,2019,4901.T,-3.0,-26185.5
2019-08-05,2019,5332.T,-3.0,-24870.0
2019-08-06,2019,9433.T,-2.459259259259263,-23627.33333333337
2019-08-06,2019,6326.T,-0.9383797309978105,-9332.186424773225
2019-08-06,2019,8306.T,1.855916982638187,18149.568948313623
2019-08-09,2019,2503.T,-3.811610076670317,-34799.99999999999
2019-08-09,2019,8331.T,-3.0,-29811.0
2019-08-09,2019,6465.T,1.248266296809986,9049.930651872399
2019-08-14,2019,8253.T,-0.7512520868113522,-7248.080133555926
2019-08-14,2019,2503.T,-3.6194895591647334,-31200.0
2019-08-15,2019,9005.T,2.2198159177043855,20844.07146724418
2019-08-16,2019,7532.T,-3.0,-29760.0
2019-08-19,2019,3197.T,-2.0364415862808145,-18949.08896034298
2019-08-28,2019,3407.T,1.9083969465648856,17944.65648854962
2019-08-28,2019,2002.T,1.1645569620253164,11500.0
2019-08-29,2019,8766.T,0.9811529933481179,8859.811529933504
2019-09-03,2019,6302.T,0.8305647840531563,7475.0830564784055
2019-09-03,2019,9065.T,1.5717092337917484,8110.019646365422
2019-09-06,2019,8729.T,2.810203199308258,25808.90618244704
2019-09-12,2019,6098.T,2.20125786163522,20966.98113207547
2019-09-12,2019,9008.T,1.5151515151515151,13893.939393939394
2019-09-13,2019,4091.T,-0.9047619047619048,-7563.809523809524
2019-09-18,2019,6098.T,5.0,48750.0
2019-09-18,2019,4021.T,1.3348164627363739,12000.000000000002
2019-09-30,2019,7616.T,5.0,41040.0
2019-09-30,2019,9936.T,0.2896295335667582,2676.1768901568457
2019-09-30,2019,7224.T,-0.4761904761904762,-4220.0
2019-10-04,2019,7731.T,0.5271084337349398,4918.448795180722
2019-10-04,2019,6586.T,-3.5031847133757963,-33420.38216560509
2019-10-04,2019,2809.T,0.0,0.0
2019-10-10,2019,8630.T,0.7126060001425213,7051.877716810377
2019-10-11,2019,1878.T,2.9911373707533233,24201.29246676514
2019-10-15,2019,7581.T,0.9541984732824428,7462.786259541985
2019-10-18,2019,8876.T,2.376237623762376,18000.0
2019-10-18,2019,9531.T,2.7162790697674417,21859.25581395349
2019-10-25,2019,3088.T,0.7863489816780688,6953.76267987733
2019-11-01,2019,4661.T,0.5694400506168934,5427.333122429611
2019-11-01,2019,3382.T,3.0821664073497743,29486.777802474557
2019-11-05,2019,9531.T,-0.3244274809160305,-2564.5992366412215
2019-11-07,2019,8053.T,2.1903139449987834,21762.95935750791
2019-11-07,2019,3626.T,-3.652380952380955,-30436.020952380975
2019-11-08,2019,2502.T,1.3445957593518412,11603.861403206389
2019-11-11,2019,4912.T,2.008608321377331,16832.137733142034
2019-11-12,2019,9024.T,2.4219590958019377,22391.011840688916
2019-11-13,2019,1925.T,-3.0,-20970.0
2019-11-14,2019,2802.T,1.5772520271020822,15672.049316894418
2019-11-15,2019,8830.T,-0.7244501940491591,-6985.510996119016
2019-11-15,2019,5411.T,-3.0,-27615.0
2019-11-19,2019,5019.T,-3.0,-29040.0
2019-11-21,2019,4063.T,1.5537332757876565,14499.43892965041
2019-11-28,2019,2502.T,0.8793103448275836,7622.301724137909
2019-11-28,2019,9502.T,0.3922850604772802,3617.6528277214775
2019-12-02,2019,7459.T,1.4024649383765404,13171.950701232467
2019-12-03,2019,2810.T,1.045751633986928,8031.372549019607
2019-12-03,2019,8227.T,1.1296759791652604,10133.193533112386
2019-12-05,2019,8303.T,0.659077291791492,5519.772318753746
2019-12-06,2019,8113.T,0.9612863759503628,8800.000000000002
2019-12-06,2019,3349.T,4.090909090909091,22551.136363636364
2019-12-13,2019,2702.T,-0.945179584120983,-4962.192816635161
2019-12-16,2019,9766.T,-3.0,-27570.0
2019-12-16,2019,3064.T,0.25017869907076484,2471.8906361686923
2019-12-17,2019,6594.T,-0.7655404715729304,-5975.043380626722
2019-12-18,2019,9766.T,-1.3157894736842104,-11999.999999999998
2019-12-19,2019,5334.T,3.939250118652112,33184.24299952539
2019-12-20,2019,9202.T,-0.7401315789473684,-5391.118421052631
2019-12-23,2019,7832.T,-0.6084172003659736,-5297.366880146458
2019-12-24,2019,6954.T,0.6809338521400778,5565.953307392996
2019-12-27,2019,7649.T,-2.058354345700612,-19897.082282714968
2019-12-27,2019,7276.T,-1.5533980582524272,-11976.699029126214
2019-12-30,2019,2914.T,-2.225852562793547,-21813.355115376762
2020-01-08,2020,7269.T,2.987492126338527,27133.598488257034
2020-01-08,2020,9202.T,1.0704225352112675,7683.492957746478
2020-01-09,2020,2802.T,2.2464337863641473,21888.801527574975
2020-01-14,2020,7581.T,1.8525665766113468,14405.557699729834
2020-01-14,2020,2670.T,0.5643484533457879,5342.573938133904
2020-01-15,2020,9502.T,-0.5175983436853002,-4500.0
2020-01-16,2020,5019.T,1.2606473594548513,12571.427597955668
2020-01-17,2020,9602.T,-1.0452961672473868,-9900.0
2020-01-20,2020,4927.T,-3.0,-23337.0
2020-01-21,2020,5105.T,-2.3458445040214477,-21154.825737265415
2020-01-22,2020,6361.T,2.021772939346812,19681.959564541212
2020-01-22,2020,3099.T,0.0,0.0
2020-01-24,2020,6902.T,-3.752594437525948,-36054.92735574931
2020-01-27,2020,5019.T,-3.0,-29702.399999999998
2020-01-27,2020,9024.T,-3.0,-26295.0
2020-01-28,2020,6594.T,-0.5633802816901409,-4133.859154929578
2020-01-29,2020,2267.T,-3.0,-26145.0
2020-01-29,2020,9202.T,-0.7823819182845552,-5403.129527673138
2020-01-31,2020,1928.T,1.8407534246575343,17126.3698630137
2020-02-03,2020,4452.T,-1.2997469519208649,-11414.377731769035
2020-02-03,2020,7532.T,1.1428571428571428,11308.8
2020-02-05,2020,2267.T,0.7017543859649122,6000.0
2020-02-06,2020,9008.T,-2.2222222222222223,-19475.555555555555
2020-02-07,2020,9042.T,-3.0,-26640.0
2020-02-10,2020,2269.T,-3.0,-22200.0
2020-02-10,2020,7011.T,-1.5292053146151834,-14713.401855101447
2020-02-12,2020,9007.T,-1.962421711899791,-18800.0
2020-02-14,2020,1803.T,-1.9021739130434785,-18985.597826086956
2020-02-14,2020,1801.T,-3.309692671394799,-28165.48463356974
2020-02-17,2020,1605.T,1.066925315227934,10087.245392822502
2020-02-19,2020,4666.T,-1.4143730886850152,-11240.022935779816
2020-02-19,2020,7201.T,1.5307150050352512,15144.894259818775
2020-02-20,2020,8227.T,-4.467432950191568,-40600.477394635986
2020-02-25,2020,9024.T,-3.0,-25230.0
2020-02-25,2020,8830.T,-3.0,-28890.0
2020-02-26,2020,4666.T,-3.0,-29172.0
2020-02-27,2020,7751.T,-3.6150983519404574,-30600.000000000004
2020-02-28,2020,9735.T,-1.601485435766508,-14225.99512591389
2020-02-28,2020,8316.T,-1.7071057192374388,-16074.107452339724
2020-03-02,2020,8766.T,-1.4919806042521446,-14425.21447221186
2020-03-04,2020,9434.T,4.411764705882341,43500.44117647047
2020-03-04,2020,7649.T,0.18857142857142598,1646.8885714285489
2020-03-05,2020,7751.T,-3.0,-24633.0
2020-03-06,2020,4452.T,-3.0,-24558.0
2020-03-11,2020,9531.T,4.4094837137159315,40143.93972966984
2020-03-11,2020,9532.T,-5.489964580873672,-46362.75088547816
2020-03-12,2020,2269.T,-3.0,-20100.0
2020-05-01,2020,6971.T,-3.0,-26006.399999999998
2020-05-07,2020,4661.T,5.0,40875.0
2020-05-07,2020,9504.T,0.8415147265077139,7270.687237026648
2020-05-21,2020,9434.T,-3.597122302158273,-35896.402877697845
2020-05-27,2020,2802.T,1.4917127071823204,14748.265193370165
2020-05-28,2020,9434.T,0.4411764705882311,4363.897058823489
2020-06-02,2020,2212.T,0.9023354564755839,8522.558386411889
2020-06-09,2020,6849.T,-1.7647058823529411,-14911.764705882353
2020-06-23,2020,5019.T,-3.0,-29471.4
2020-06-25,2020,4927.T,-3.0,-28140.0
2020-06-29,2020,3391.T,-3.0,-27252.0
2020-06-30,2020,4967.T,-0.5257623554153523,-5000.000000000001
2020-07-01,2020,3197.T,-3.0,-25665.0
2020-07-01,2020,8058.T,-0.9483667017913653,-9329.17808219184
2020-07-02,2020,2702.T,3.0088495575221237,17030.08849557522
2020-07-03,2020,9502.T,-0.8562918838421444,-8032.017870439315
2020-07-06,2020,4516.T,-3.0,-24960.0
2020-07-07,2020,2809.T,-3.0,-29700.0
2020-07-09,2020,4516.T,0.2506265664160401,1997.4937343358395
2020-07-09,2020,9005.T,-3.0,-25902.0
2020-07-17,2020,8410.T,0.0,0.0
2020-07-20,2020,7182.T,-0.975609756097561,-9635.121951219511
2020-07-29,2020,2503.T,-2.795698924731183,-23344.086021505376
2020-07-30,2020,3382.T,-3.0,-29835.0
2020-07-31,2020,1928.T,-3.0,-29812.5
2020-08-03,2020,4578.T,2.9718693284936477,25974.137931034482
2020-08-03,2020,6503.T,2.2834360275462124,21906.143530264588
2020-08-03,2020,7956.T,2.916160388821385,23883.353584447144
2020-08-05,2020,7011.T,-1.305589555283553,-13024.561403508726
2020-08-06,2020,4661.T,3.8051750380517504,30136.986301369863
2020-08-06,2020,4503.T,2.261904761904762,19220.535714285714
2020-08-11,2020,2502.T,5.0,46388.0
2020-08-12,2020,2206.T,0.20725388601036268,1995.8549222797926
2020-08-12,2020,3626.T,2.3062730627306274,20110.70110701107
2020-08-12,2020,6750.T,4.166666666666666,31374.999999999993
2020-08-14,2020,3088.T,2.2097161301001447,21566.829429777412
2020-08-24,2020,6981.T,1.095594112944947,9392.74744909962
2020-08-31,2020,9433.T,-3.0,-29079.0
2020-08-31,2020,9434.T,-0.5776173285198638,-5707.32129963907
2020-09-01,2020,4519.T,0.5719127303537386,5400.0
2020-09-02,2020,7911.T,-3.287841191066997,-31878.908188585603
2020-09-04,2020,9434.T,-1.4598540145985401,-14526.131386861312
2020-09-09,2020,6146.T,2.231320895618476,18029.072836597286
2020-09-09,2020,3349.T,3.0389908256880735,26515.19495412844
2020-09-11,2020,4768.T,4.545454545454546,34977.27272727273
2020-09-14,2020,1928.T,-3.0,-24258.0
2020-09-15,2020,4503.T,-0.09256402344955261,-906.3869176180192
2020-09-16,2020,9433.T,-3.0,-29452.5
2020-09-17,2020,3088.T,4.899159663865542,46639.99999999996
2020-09-24,2020,9434.T,-1.3492063492063515,-13375.761904761928
2020-09-24,2020,6448.T,2.8279181708784598,23980.74608904934
2020-09-24,2020,9831.T,2.8625954198473282,27154.580152671755
2020-09-28,2020,7267.T,0.7946210268948656,7864.84107579462
2020-09-29,2020,5711.T,-3.0,-25944.0
2020-09-29,2020,7259.T,1.8181818181818181,17946.0
2020-10-02,2020,9048.T,1.9130434782608694,16540.173913043476
2020-10-02,2020,9041.T,2.885682574916759,25884.57269700333
2020-10-05,2020,2914.T,2.111225540679712,20447.21936148301
2020-10-08,2020,2782.T,2.631578947368421,21894.73684210526
2020-10-09,2020,2267.T,-3.0,-24705.0
2020-10-13,2020,8830.T,-1.9732441471571907,-17646.722408026755
2020-10-14,2020,9861.T,-1.40405616224649,-13436.81747269891
2020-10-15,2020,4523.T,-3.0,-26823.0
2020-10-16,2020,4768.T,-3.0,-23400.0
2020-10-19,2020,2670.T,0.5596910505401019,5000.000000000001
2020-10-21,2020,7701.T,0.8684034736138945,7786.973947895793
2020-10-22,2020,9020.T,-0.13331282366814895,-1313.5979080141058
2020-10-23,2020,9843.T,0.40380047505938244,3393.53919239905
2020-10-26,2020,9502.T,-0.3700657894736842,-3611.8421052631575
2020-10-27,2020,3038.T,5.0,41175.0
2020-10-28,2020,6586.T,-3.0,-28800.0
2020-10-29,2020,4452.T,1.101410342511753,8400.45668233714
2020-10-29,2020,6098.T,-3.0,-24762.0
2020-11-02,2020,7203.T,1.2088552286629703,11513.378968831861
2020-11-02,2020,8411.T,2.5145067698259185,22556.3829787234
2020-11-04,2020,8593.T,-3.0,-29502.0
2020-11-04,2020,8697.T,-3.0,-26817.0
2020-11-04,2020,4536.T,5.0,47425.0
2020-11-05,2020,8601.T,0.2981651376146815,2863.2798165137865
2020-11-06,2020,3391.T,3.8194444444444446,32770.833333333336
2020-11-06,2020,8031.T,7.079119571683521,65590.16656751934
2020-11-09,2020,4188.T,5.0,48305.49999999999
2020-11-10,2020,2897.T,-3.0,-27270.0
2020-11-12,2020,9831.T,1.3972055888223553,13888.223552894213
2020-11-13,2020,8410.T,-0.8333333333333334,-8268.333333333332
2020-11-17,2020,2267.T,0.5893909626719057,4482.318271119842
2020-12-01,2020,9504.T,-2.548725637181409,-23675.11244377811
2020-12-01,2020,2206.T,0.22805017103762829,1981.7559863169897
2020-12-02,2020,4503.T,-0.4330446369087275,-3901.299133910726
2020-12-14,2020,4523.T,-0.10570824524312897,-805.6025369978859
2020-12-18,2020,4536.T,-0.06035003017501509,-596.378998189499
2020-12-21,2020,8252.T,-3.0,-27240.0
2020-12-22,2020,5108.T,-2.1551724137931036,-18679.956896551725
2020-12-23,2020,8411.T,-0.4961832061068702,-4556.946564885497
2020-12-23,2020,5020.T,1.7947279865395336,17309.074593381876
2020-12-30,2020,2914.T,-2.1843494959193475,-18261.161785885746
2021-01-04,2021,4755.T,-1.2060301507537687,-11987.93969849246
2021-01-05,2021,7649.T,-0.7400186112465024,-6739.201488899647
2021-01-06,2021,4578.T,2.944613227389577,25141.107735452206
2021-01-07,2021,4452.T,1.1476466795615732,8832.288845905867
2021-01-12,2021,4911.T,-0.07470491558344539,-502.1664425519199
2021-01-14,2021,3349.T,-3.0,-24165.0
2021-01-14,2021,9962.T,-3.7267080745341614,-36782.608695652176
2021-01-15,2021,9602.T,-3.0,-27753.0
2021-01-19,2021,4502.T,-0.25,-1804.5
2021-01-19,2021,4661.T,-0.18791105543376135,-1792.6714688380835
2021-01-19,2021,6592.T,5.0,46408.5
2021-01-25,2021,2269.T,1.2747875354107647,8987.252124645891
2021-01-26,2021,7974.T,-2.1580450650587117,-13526.626467788004
2021-01-27,2021,8113.T,-2.062886791273364,-19667.562668000253
2021-01-28,2021,5332.T,7.787610619469026,45323.89380530973
2021-01-29,2021,7181.T,0.6714285714285779,6526.420000000063
2021-02-01,2021,9432.T,1.719197707736387,17099.99999999997
2021-02-02,2021,1803.T,0.945945945945946,9063.108108108108
2021-02-03,2021,4507.T,1.805341687463495,16868.21005681517
2021-02-05,2021,4452.T,3.616438356164384,26154.082191780824
2021-02-05,2021,2897.T,1.7793594306049825,15053.38078291815
2021-02-10,2021,2503.T,-0.24813895781637718,-2208.436724565757
2021-02-12,2021,9843.T,2.221149203283438,18457.74987928537
2021-02-15,2021,2914.T,-0.63403499873193,-6280.116662439767
2021-02-17,2021,4912.T,1.4129443938012762,12552.597994530539
2021-02-22,2021,2229.T,-1.5432098765432098,-13625.0
2021-02-25,2021,7545.T,-3.1163434903047094,-26738.227146814406
2021-02-25,2021,7453.T,3.697548815953469,35629.580390527626
2021-03-01,2021,9861.T,0.2840909090909091,2385.227272727273
2021-03-01,2021,2587.T,2.857142857142857,20828.571428571428
2021-03-02,2021,4523.T,-1.5374149659863945,-11384.557823129251
2021-03-05,2021,7412.T,-3.0,-28743.0
2021-03-05,2021,4527.T,3.9732770745428976,39591.719409282705
2021-03-08,2021,2784.T,0.6464445549477871,6454.748881153654
2021-03-08,2021,7412.T,-3.0,-28215.0
2021-03-09,2021,2897.T,-0.7499906251171861,-5955.000562492969
2021-03-16,2021,4519.T,0.5271249725455743,4800.0
2021-03-22,2021,4543.T,-3.0,-29692.5
2021-03-23,2021,7269.T,1.6833290609245533,15755.960010253819
2021-03-24,2021,8766.T,3.011334799526312,26901.75943156831
2021-03-26,2021,4661.T,4.452466907340553,44079.42238267148
2021-03-31,2021,9041.T,-3.0,-26250.0
2021-04-01,2021,7550.T,3.9319872476089266,33394.367693942615
2021-04-02,2021,2503.T,-1.0406811731315044,-8735.477767265847
2021-04-02,2021,2282.T,2.1164021164021163,19873.015873015873
2021-04-06,2021,2871.T,-2.0091646105040537,-19774.198096580894
2021-04-14,2021,4536.T,1.032346868547832,8987.611837577426
2021-04-14,2021,5333.T,1.214574898785425,12127.530364372467
2021-04-14,2021,6988.T,2.906350914962325,27116.254036598493
2021-04-19,2021,9021.T,-3.1623931623931623,-27678.846153846152
2021-04-20,2021,3197.T,-3.0,-29754.0
2021-04-20,2021,4324.T,-4.552129221732746,-31637.298091042583
2021-04-21,2021,4507.T,3.0610592236678746,28804.5672947147
2021-04-22,2021,3861.T,2.877697841726619,27879.136690647487
2021-04-22,2021,3391.T,-1.761102603369066,-13673.200612557428
2021-04-27,2021,6594.T,-3.0,-19477.5
2021-04-28,2021,9143.T,0.9795918367346939,9682.285714285714
2021-04-28,2021,3635.T,-1.6824395373291272,-16134.59516298633
2021-05-06,2021,6981.T,-0.055147692413758095,-479.95036707693674
2021-05-07,2021,3659.T,-3.0,-20820.0
2021-05-07,2021,5938.T,-3.0,-26946.0
2021-05-11,2021,8282.T,-3.0,-26388.0
2021-05-11,2021,3391.T,-3.0,-23418.0
2021-05-12,2021,2282.T,1.829924650161464,17128.094725511302
2021-05-13,2021,6098.T,-3.0,-29874.0
2021-05-14,2021,2269.T,1.1922503725782414,7988.077496274217
2021-05-17,2021,4523.T,-0.014392630972941856,-99.95682210708118
2021-05-18,2021,2875.T,1.0180995475113122,8938.914027149322
2021-05-19,2021,7182.T,-0.41753653444676403,-4016.70146137787
2021-05-20,2021,7532.T,-0.35492457852706805,-3521.561668145569
2021-05-24,2021,8766.T,-0.4413366194761303,-3818.223763397741
2021-05-25,2021,3197.T,-3.0,-28116.0
2021-05-25,2021,3349.T,-0.8414239482200648,-6491.5857605178
2021-05-31,2021,2212.T,-3.0,-29862.0
2021-05-31,2021,9843.T,-3.0,-22854.0
2021-05-31,2021,2229.T,-3.0,-23022.0
2021-06-02,2021,3636.T,-0.5037783375314862,-4000.0
2021-06-04,2021,9684.T,1.9487070567620692,18642.306058514332
2021-06-04,2021,9843.T,2.559867877786953,18610.239471511148
2021-06-09,2021,4568.T,4.169196518923295,41408.45982594616
2021-06-11,2021,8595.T,-2.1474242972614164,-21359.999999999854
2021-06-14,2021,9831.T,0.3875968992248062,3800.0000000000005
2021-06-14,2021,6841.T,1.2367491166077738,10537.102473498233
2021-06-16,2021,1803.T,-1.0321100917431194,-9809.174311926607
2021-06-17,2021,6268.T,-5.2805280528052805,-50165.01650165016
2021-06-18,2021,6674.T,-3.096085409252669,-26109.288256227755
2021-06-21,2021,8411.T,1.3968253968253967,13413.714285714286
2021-06-22,2021,6301.T,-0.16097299230906814,-1356.7608656769808
2021-06-23,2021,4063.T,2.6084568918176827,19078.25370675453
2021-06-24,2021,1721.T,1.6260162601626018,15024.390243902442
2021-06-25,2021,3391.T,1.0760953112990008,8341.890853189854
2021-06-30,2021,2914.T,-0.07052186177715092,-596.4739069111424
2021-07-01,2021,8591.T,-1.0582010582010581,-9917.989417989418
2021-07-02,2021,9508.T,-1.1641443538998837,-10948.777648428406
2021-07-05,2021,6503.T,-3.0,-27981.0
2021-07-07,2021,9984.T,-0.17438692098092892,-1627.2915531335382
2021-07-07,2021,3563.T,-3.0,-27510.0
2021-07-07,2021,1911.T,-3.0,-28476.0
2021-07-09,2021,2809.T,2.630497328401151,25926.181668721743
2021-07-12,2021,2503.T,2.223284723882381,18533.30145828353
2021-07-12,2021,3563.T,1.5151515151515151,12909.090909090908
2021-07-15,2021,7735.T,-3.0,-29850.0
2021-07-16,2021,6724.T,-3.0,-28695.0
2021-07-19,2021,2670.T,-3.0,-24600.0
2021-07-19,2021,9531.T,0.1466275659824047,1208.2111436950147
2021-07-20,2021,6361.T,2.8790786948176583,27414.587332053747
2021-07-27,2021,7269.T,-1.5093669537423422,-13521.512918405399
2021-07-27,2021,3197.T,1.1564625850340136,10116.73469387755
2021-07-28,2021,8802.T,-0.8111239860950173,-7044.611819235225
2021-07-30,2021,1928.T,1.6544117647058825,14400.000000000002
2021-07-30,2021,9984.T,-0.786678151019239,-6903.100775193822
2021-08-02,2021,2502.T,-0.3629764065335753,-3565.1542649727767
2021-08-04,2021,7832.T,9.360334841246337,89634.56643977492
2021-08-04,2021,9504.T,1.5060240963855422,14984.939759036146
2021-08-05,2021,8282.T,-3.0,-29352.0
2021-08-10,2021,7202.T,5.0,49665.0
2021-08-10,2021,1801.T,2.8368794326241136,20000.0
2021-08-10,2021,4912.T,-0.1652892561983471,-1507.4380165289256
2021-08-12,2021,6869.T,-3.0,-24630.0
2021-08-13,2021,7181.T,-0.3757632691404557,-3584.7815875999477
2021-08-13,2021,2503.T,-1.530612244897959,-14988.520408163266
2021-08-16,2021,2269.T,0.0,0.0
2021-08-18,2021,6594.T,-1.108829568788501,-6744.4558521560575
2021-08-18,2021,9064.T,-1.1518324607329842,-9875.811518324606
2021-08-19,2021,8593.T,0.6920415224913495,6858.823529411765
2021-08-23,2021,7532.T,1.7798594847775229,17447.250585480146
2021-08-24,2021,8473.T,0.9678668215253582,8709.349593495936
2021-08-24,2021,7203.T,2.3468618796425953,21642.760254064015
2021-08-27,2021,3382.T,1.7948880573349373,17152.309253504125
2021-08-30,2021,6724.T,2.5,24900.0
2021-08-30,2021,3861.T,3.6395147313691507,35452.512998266895
2021-09-01,2021,9008.T,-3.0,-28416.0
2021-09-01,2021,3941.T,2.3255813953488373,22946.511627906977
2021-09-03,2021,1803.T,5.0,47400.0
2021-09-06,2021,9041.T,1.2362637362637363,8938.186813186814
2021-09-07,2021,9020.T,1.70877630955967,15761.752679378396
2021-09-07,2021,9503.T,5.0,48307.5
2021-09-09,2021,2267.T,-3.076923076923077,-27969.230769230773
2021-09-13,2021,3105.T,0.3575685339690107,3319.666269368295
2021-09-13,2021,2267.T,1.415929203539823,12127.433628318582
2021-09-14,2021,4523.T,0.5180722891566265,4293.265060240964
2021-09-16,2021,7956.T,-3.0,-27000.0
2021-09-17,2021,7956.T,0.1736111111111111,1511.458333333333
2021-09-21,2021,5332.T,-3.0,-17820.0
2021-09-22,2021,1808.T,2.2803487592219986,20523.138832997985
2021-09-22,2021,5938.T,3.1645569620253164,29905.063291139242
2021-09-27,2021,8001.T,-0.4535833081342607,-4523.132748714847
2021-09-28,2021,9684.T,-3.0,-24720.0
2021-09-29,2021,6268.T,-3.0,-26220.0
2021-09-30,2021,4523.T,-3.70843989769821,-31684.910485933506
2021-09-30,2021,7550.T,-0.18335166850018336,-1496.6996699669967
2021-10-04,2021,4502.T,-4.502046384720328,-32738.88130968622
2021-10-04,2021,6981.T,-3.0,-28190.7
2021-10-05,2021,9843.T,0.38600723763570566,3197.6839565741857
2021-10-05,2021,3382.T,-2.699580470602547,-26811.693317930374
2021-10-07,2021,7267.T,5.0,49905.0
2021-10-08,2021,4704.T,2.1702838063439067,12891.485809682807
2021-10-08,2021,9502.T,-0.8761904761904762,-8065.333333333334
2021-10-12,2021,9989.T,2.0172910662824206,14020.172910662823
2021-10-14,2021,9531.T,-0.8613938919342208,-8245.69303054033
2021-10-18,2021,3048.T,0.199203187250996,1794.6215139442231
2021-10-19,2021,2782.T,1.1952191235059761,9047.808764940239
2021-10-22,2021,2269.T,0.7132667617689016,5035.663338088445
2021-10-26,2021,1820.T,-3.0,-29835.0
2021-10-26,2021,9678.T,-3.6178861788617884,-35252.682926829264
2021-10-27,2021,4208.T,-0.702576112412178,-5977.51756440281
2021-10-28,2021,7751.T,1.1185243328100472,8612.078100470957
2021-10-29,2021,6178.T,-1.2298850574712696,-11903.93448275867
2021-11-01,2021,9433.T,-3.6665711830421084,-32339.157834431393
2021-11-02,2021,4502.T,-0.24600246002460024,-2400.0
2021-11-04,2021,7259.T,2.6878166997135864,25493.941396783368
2021-11-05,2021,4042.T,-3.0,-28185.0
2021-11-05,2021,6471.T,0.13210039630118892,1308.5865257595776
2021-11-08,2021,2871.T,-3.552206673842842,-34438.64370290635
2021-11-08,2021,7182.T,-0.5767012687427913,-5480.968858131488
2021-11-10,2021,6383.T,0.9221405957028248,9064.734269818338
2021-11-10,2021,6326.T,4.583333333333333,42038.33333333333
2021-11-11,2021,4536.T,3.2467532467532463,30155.844155844155
2021-11-15,2021,5020.T,-0.6208425720620868,-6147.7073170731965
2021-11-15,2021,1721.T,-2.0915975477821855,-17305.8781103498
2021-11-16,2021,5108.T,-0.40733197556008144,-4010.590631364562
2021-11-18,2021,9064.T,0.5744925315970892,4541.3634622749905
2021-11-18,2021,7164.T,3.510531594784353,26486.960882647945
2021-11-19,2021,3391.T,4.163623082542001,34150.03652300949
2021-11-24,2021,8725.T,-3.0,-28392.0
2021-11-24,2021,9532.T,2.1834061135371177,19868.995633187773
2021-11-24,2021,8697.T,-3.0,-29323.199999999997
2021-11-29,2021,6841.T,0.936768149882904,8153.629976580796
2021-11-29,2021,9843.T,-3.0,-22674.0
2021-11-30,2021,4452.T,-3.3715441672285906,-20121.37559002023
2021-12-01,2021,3003.T,3.280224929709466,31765.69821930647
2021-12-02,2021,9432.T,0.6535947712418277,6494.117647058801
2021-12-02,2021,8316.T,3.582113689657957,35669.25527613807
2021-12-06,2021,4452.T,3.3518612093649995,19812.851608556513
2021-12-06,2021,4536.T,1.7482517482517483,15031.468531468532
2021-12-07,2021,2702.T,1.7999999999999998,17982.0
2021-12-09,2021,9432.T,-0.16051364365970197,-1601.2841091491869
2021-12-10,2021,8802.T,-0.6049028971665075,-5734.47946513849
2021-12-21,2021,3088.T,-3.0,-26280.0
2021-12-22,2021,5201.T,3.710575139146568,20185.52875695733
2021-12-23,2021,4927.T,-2.091633466135458,-20884.96015936255
2021-12-24,2021,3391.T,-1.4388489208633095,-12776.97841726619
2021-12-29,2021,9843.T,-0.4558404558404558,-3223.7037037037035
2021-12-29,2021,8227.T,3.369791995953718,32012.350003161126
2021-12-30,2021,2501.T,3.1135531135531056,29933.699633699558
2022-01-04,2022,4704.T,-3.0,-19170.0
2022-01-07,2022,4568.T,-1.090909090909091,-8970.545454545456
2022-01-11,2022,3092.T,-3.0,-27280.800000000003
2022-01-11,2022,7951.T,-1.4275747330005855,-13276.445016905445
2022-01-12,2022,4452.T,-3.0,-17616.0
2022-01-13,2022,9064.T,-3.0,-23373.0
2022-01-14,2022,2702.T,0.8113590263691683,8008.113590263692
2022-01-17,2022,6849.T,-3.0,-28440.0
2022-01-17,2022,9602.T,-1.4460511679644048,-14427.252502780868
2022-01-19,2022,9064.T,-3.0,-29268.0
2022-01-20,2022,9735.T,5.0,38255.0
2022-01-20,2022,7259.T,-3.0,-26370.0
2022-01-20,2022,2269.T,2.0319303338171264,13918.722786647315
2022-01-24,2022,5332.T,-0.7070707070707071,-6985.858585858586
2022-01-26,2022,9843.T,-3.0,-20202.0
2022-01-27,2022,6752.T,-3.0,-26575.5
2022-01-28,2022,2914.T,-0.23850823937554208,-2185.2124891587164
2022-01-31,2022,8591.T,3.2534246575342465,30386.986301369863
2022-01-31,2022,9843.T,1.4390691977954684,14117.268830373543
2022-02-02,2022,9502.T,0.7978723404255319,7327.659574468085
2022-02-04,2022,9506.T,1.9283746556473829,18225.068870523417
2022-02-07,2022,6503.T,1.5714285714285716,15400.0
2022-02-07,2022,5214.T,5.0,40665.0
2022-02-08,2022,1332.T,4.222648752399232,41719.76967370442
2022-02-14,2022,2269.T,1.0189228529839884,7010.189228529841
2022-02-14,2022,7270.T,-0.7571933366986371,-6087.834427057042
2022-02-14,2022,4613.T,5.019815059445178,47005.548216644645
2022-02-18,2022,8227.T,1.315151515151518,13085.494545454574
2022-02-18,2022,7182.T,-1.1811023622047243,-10906.299212598426
2022-02-21,2022,2212.T,-0.2588996763754045,-2415.533980582524
2022-02-24,2022,6302.T,2.389705882352941,19815.441176470587
2022-02-25,2022,2914.T,-3.0,-26298.0
2022-02-28,2022,2502.T,-3.0,-28020.600000000002
2022-03-02,2022,8031.T,5.0,49455.0
2022-03-02,2022,6448.T,-3.0,-25032.0
2022-03-04,2022,4503.T,-3.988300983780909,-37509.97075245945
2022-03-09,2022,7751.T,4.559445940746441,35379.020777222
2022-03-09,2022,8593.T,5.0,49685.0
2022-03-09,2022,6503.T,5.0,49320.0
2022-03-10,2022,5020.T,5.0,48312.0
2022-03-11,2022,9506.T,2.6950354609929077,26901.843971631202
2022-03-14,2022,3861.T,3.656307129798903,35670.9323583181
2022-03-15,2022,2664.T,1.0897994768962511,10013.077593722755
2022-03-31,2022,7412.T,1.4725568942436411,14395.716198125836
2022-04-01,2022,2229.T,2.771855010660981,26110.874200426442
2022-04-04,2022,9508.T,-0.8433734939759037,-8349.397590361446
2022-04-05,2022,6178.T,-1.7088399605652342,-15723.03647716072
2022-04-07,2022,7752.T,1.789473684210526,17501.052631578943
2022-04-08,2022,2331.T,-3.0,-29172.0
2022-04-11,2022,4206.T,-0.1034126163391934,-901.5511892450879
2022-04-12,2022,6113.T,1.530612244897959,15168.367346938776
2022-04-12,2022,9048.T,2.497551420176298,20419.980411361412
2022-04-14,2022,1925.T,0.13266998341625208,1200.0
2022-04-14,2022,5332.T,-3.0,-26820.0
2022-04-15,2022,4912.T,-2.311248073959938,-21161.787365177195
2022-04-21,2022,2875.T,1.153846153846154,8953.846153846154
2022-04-22,2022,3105.T,-3.3333333333333335,-33166.66666666667
2022-04-22,2022,2593.T,-3.148148148148148,-17000.0
2022-04-26,2022,1766.T,-3.944315545243619,-33881.67053364269
2022-04-26,2022,9627.T,1.565217391304348,9156.521739130436
2022-04-27,2022,7974.T,-3.0,-18420.0
2022-04-28,2022,2695.T,-3.0,-28935.0
2022-05-02,2022,8267.T,-3.0,-29620.8
2022-05-06,2022,9021.T,1.9926799511996744,19408.70272468483
2022-05-09,2022,6754.T,-3.169251517194875,-29093.728927848955
2022-05-09,2022,4768.T,3.233830845771144,26679.104477611938
2022-05-10,2022,9020.T,-2.8765713774437516,-25912.154968013314
2022-05-11,2022,8267.T,-3.0,-28645.2
2022-05-13,2022,8630.T,-1.5764831387423641,-13339.412078468515
2022-05-16,2022,1332.T,-1.2867647058823528,-12623.161764705881
2022-05-17,2022,8591.T,1.9494904740806378,17572.70713336287
2022-05-18,2022,4005.T,-4.307116104868914,-41244.94382022472
2022-05-20,2022,8473.T,5.0,49320.0
2022-05-26,2022,8227.T,0.9084480226296059,8327.288799434282
2022-05-26,2022,9042.T,1.1747430249632893,8011.747430249633
2022-05-31,2022,4716.T,-3.0,-23820.0
2022-06-02,2022,4519.T,0.08476970895733257,601.8649335970613
2022-06-02,2022,4523.T,-0.2656042496679947,-1402.65604249668
2022-06-06,2022,4502.T,0.1652892561983471,1196.3636363636365
2022-06-14,2022,7735.T,-0.9596928982725527,-7643.953934740883
2022-06-15,2022,5714.T,-3.0,-27300.0
2022-06-15,2022,7272.T,-0.780249213928036,-7363.992081052804
2022-06-17,2022,4502.T,1.8889202142655765,13532.22441499859
2022-06-20,2022,6988.T,-3.0,-27330.0
2022-06-20,2022,3191.T,0.26109660574412535,2412.5326370757184
2022-06-21,2022,3382.T,2.300052273915311,19676.947203345484
2022-06-22,2022,1911.T,2.8125,26886.093749999996
2022-06-24,2022,6965.T,5.0,39450.0
2022-06-28,2022,9433.T,-0.13969732246798602,-1212.0139697322468
2022-06-30,2022,2914.T,0.2798708288482239,2621.8299246501615
2022-07-01,2022,8750.T,-3.0,-28237.5
2022-07-04,2022,4704.T,4.315476190476191,28870.535714285717
2022-07-05,2022,2914.T,0.4478566858605247,4172.232885476648
2022-07-06,2022,9433.T,-0.02328830926874709,-200.46576618537495
2022-07-07,2022,9766.T,1.639344262295082,12065.573770491803
2022-07-08,2022,8306.T,3.484466834592776,34816.0957178841
2022-07-11,2022,9021.T,0.6355932203389831,5959.322033898306
2022-07-14,2022,6586.T,4.283559577677225,28785.520361990948
2022-07-15,2022,4182.T,4.662379421221865,43686.495176848875
2022-07-19,2022,5332.T,3.9215686274509802,33921.56862745098
2022-07-21,2022,2212.T,4.391468005018821,42395.23212045169
2022-07-27,2022,3563.T,2.9952076677316293,22508.985623003195
2022-08-01,2022,6503.T,-3.0,-29484.0
2022-08-02,2022,9433.T,-1.2619047619047619,-10650.47619047619
2022-08-03,2022,8601.T,0.9932659932659894,9430.46464646461
2022-08-03,2022,4502.T,0.7555315704263357,5606.044252563411
2022-08-05,2022,6178.T,0.4591564335290928,4326.171916711113
2022-08-08,2022,8591.T,0.3605227579990987,3205.768364127986
2022-08-08,2022,3407.T,-0.04906771344455348,-448.23356231599604
2022-08-10,2022,8630.T,1.4986945169712818,14232.352480417778
2022-08-12,2022,9432.T,-1.9294743845642088,-19076.32734530942
2022-08-15,2022,8795.T,-3.0,-26478.0
2022-08-16,2022,7182.T,-0.5905511811023622,-5400.0
2022-08-17,2022,3197.T,0.2609262883235486,2410.9589041095887
2022-08-19,2022,8227.T,1.0559610705596019,8679.999999999927
2022-08-19,2022,2784.T,0.7233273056057866,7143.5804701627485
2022-08-29,2022,6594.T,4.17877094972067,38733.02793296089
2022-08-29,2022,6702.T,1.6881522406384284,14188.919582565992
2022-08-29,2022,3038.T,-0.41841004184100417,-3087.8661087866108
2022-09-01,2022,4887.T,-1.835940368656826,-17628.51582580598
2022-09-01,2022,9504.T,-0.9626955475330927,-8831.768953068593
2022-09-01,2022,4544.T,-3.0,-25515.0
2022-09-05,2022,8001.T,0.5398110661268556,5169.122807017544
2022-09-06,2022,2587.T,1.5045135406218655,14924.774322968906
2022-09-06,2022,8282.T,-0.3225806451612903,-3176.774193548387
2022-09-08,2022,1333.T,0.7071960297766805,6791.627791563329
2022-09-09,2022,2269.T,0.46656298600311047,4534.992223950234
2022-09-09,2022,9101.T,5.0,48700.5
2022-09-13,2022,4307.T,-3.0,-22260.0
2022-09-14,2022,9143.T,-2.242562929061785,-19851.16704805492
2022-09-14,2022,4911.T,3.473053892215569,17976.526946107784
2022-09-16,2022,9503.T,2.895148669796557,25940.532081377154
2022-09-20,2022,9143.T,-3.0,-25632.0
2022-09-20,2022,6383.T,-3.803040802184819,-37117.678229323836
2022-09-20,2022,2002.T,-2.066115702479339,-17925.619834710746
2022-09-22,2022,9766.T,5.0,33800.0
2022-09-26,2022,8227.T,5.0,49832.5
2022-09-26,2022,6532.T,-3.0,-23550.0
2022-09-28,2022,8306.T,-3.0,-29089.2
2022-09-28,2022,7751.T,0.570703868103995,5453.075459733672
2022-09-29,2022,7550.T,2.8530670470756063,20000.0
2022-09-30,2022,6594.T,1.2845138055222087,11057.094837935172
2022-09-30,2022,2502.T,2.134831460674154,19418.426966292103
2022-10-03,2022,8630.T,2.841558441558444,27288.906493506518
2022-10-05,2022,2282.T,-3.4120734908136483,-25931.758530183728
2022-10-05,2022,9506.T,-3.0,-29880.0
2022-10-05,2022,9502.T,-3.0,-27132.0
2022-10-07,2022,8227.T,-1.6010101010101034,-15930.050505050527
2022-10-11,2022,7182.T,-3.0,-29910.0
2022-10-12,2022,7956.T,1.6336633663366338,13108.51485148515
2022-10-13,2022,8113.T,0.06528693608408957,596.7095384213618
2022-10-19,2022,6481.T,-1.5841584158415842,-11985.742574257425
2022-10-25,2022,4613.T,-3.0,-24276.0
2022-10-25,2022,6361.T,0.949367088607595,9085.443037974685
2022-10-26,2022,2269.T,-1.1382113821138211,-10465.853658536585
2022-10-31,2022,8304.T,0.6677140612725845,5063.943440691281
2022-10-31,2022,2502.T,1.2918969353333813,12531.271083040268
2022-10-31,2022,2212.T,-3.0,-27360.0
2022-11-04,2022,1911.T,3.3986013986013925,32694.545454545394
2022-11-04,2022,4768.T,0.8948545861297539,8062.639821029083
2022-11-04,2022,9532.T,-0.1447178002894356,-1213.8929088277857
2022-11-09,2022,4151.T,-3.0,-29250.0
2022-11-09,2022,8282.T,-1.6888888888888887,-15227.02222222222
2022-11-09,2022,4912.T,1.9787985865724382,19586.148409893995
2022-11-14,2022,5019.T,-3.0,-28755.0
2022-11-14,2022,6326.T,2.730883813306852,21934.458788480635
2022-11-14,2022,8801.T,-1.3966480446927374,-13739.245810055865
2022-11-15,2022,2267.T,-3.0,-24030.0
2022-11-16,2022,5334.T,0.8058326937835764,6285.495011511895
2022-11-16,2022,7186.T,5.0,48730.0
2022-11-18,2022,3289.T,2.361111111111111,22069.305555555555
2022-11-24,2022,8630.T,2.615694164989942,25241.448692152942
2022-11-30,2022,3349.T,-1.773049645390071,-12597.517730496455
2022-12-02,2022,8804.T,-3.0,-28590.0
2022-12-05,2022,4516.T,0.2574002574002574,1992.2779922779923
2022-12-06,2022,7751.T,0.38961038961038963,3576.6233766233763
2022-12-06,2022,4578.T,0.44375416019525177,3991.1249167960946
2022-12-12,2022,2371.T,0.3170289855072464,2826.630434782609
2022-12-13,2022,9433.T,1.026539809714572,10224.336504757135
2022-12-13,2022,1928.T,1.1840465309513917,11343.165766514332
2022-12-20,2022,4768.T,-3.0,-26010.0
2022-12-20,2022,8601.T,2.6132404181184667,25455.574912891985
2022-12-20,2022,3635.T,0.8695652173913043,8017.391304347826
2022-12-21,2022,6702.T,3.1016657093624356,27077.54164273406
2022-12-23,2022,4661.T,2.8740263228579104,21618.4260005372
2022-12-23,2022,1808.T,1.36986301369863,12057.534246575342
2022-12-26,2022,6841.T,-3.0,-26304.0
2022-12-28,2022,7202.T,-1.2132822477650063,-11421.83908045977
2022-12-28,2022,9143.T,-3.0,-28095.0
2022-12-29,2022,6504.T,-0.1,-503.0
2022-12-30,2022,3197.T,-0.7133592736705577,-6604.280155642024
2023-01-04,2023,8473.T,0.4365079365079365,3845.416666666667
2023-01-05,2023,6098.T,2.132701421800948,17829.383886255924
2023-01-06,2023,9531.T,1.1377488825680617,11200.0
2023-01-06,2023,9532.T,-1.172447484123107,-9623.448949682463
2023-01-10,2023,1801.T,-1.715686274509804,-13948.529411764706
2023-01-12,2023,9433.T,-1.2355212355212355,-12046.332046332047
2023-01-12,2023,6701.T,-2.0787746170678334,-18937.636761487964
2023-01-13,2023,2269.T,2.018633540372671,19590.83850931677
2023-01-17,2023,6098.T,2.0009881422924902,16348.073122529646
2023-01-17,2023,2371.T,5.0,41620.0
2023-01-18,2023,9735.T,0.7916611690196597,5946.167040506663
2023-01-20,2023,7751.T,2.830856334041047,24016.985138004246
2023-01-20,2023,2801.T,1.040118870728083,9872.808320950964
2023-01-24,2023,9502.T,1.0276679841897234,9085.612648221346
2023-01-26,2023,8227.T,-1.5501222493887552,-12638.4567237164
2023-01-31,2023,4536.T,-0.7889546351084813,-7136.094674556214
2023-02-01,2023,3349.T,-0.7886435331230284,-5000.0
2023-02-03,2023,4204.T,2.2905027932960893,20706.14525139665
2023-02-03,2023,1878.T,-0.7142857142857143,-5442.857142857143
2023-02-06,2023,2802.T,1.9393336648433617,19378.79164594729
2023-02-08,2023,7512.T,-1.899441340782123,-18553.743016759778
2023-02-09,2023,6952.T,0.078125,701.640625
2023-02-09,2023,4307.T,-0.675219446320054,-6087.103308575287
2023-02-13,2023,4901.T,-1.2932413288854443,-11311.723255495202
2023-02-14,2023,8802.T,-0.2147239263803681,-2087.116564417178
2023-02-14,2023,7731.T,1.8775510204081631,18279.836734693876
2023-02-17,2023,4901.T,-0.4409626119997953,-3795.277008959838
2023-02-17,2023,9706.T,5.0,31500.0
2023-02-24,2023,2229.T,-0.6254598969830758,-5071.854304635762
2023-02-27,2023,9531.T,1.0575793184488838,8100.000000000001
2023-02-27,2023,9843.T,-2.2020725388601035,-20697.27979274611
2023-03-02,2023,3088.T,4.464114832535894,37082.50909090916
2023-03-03,2023,4613.T,2.2948938611589216,20022.948938611593
2023-03-03,2023,4507.T,1.998001998001998,19890.10989010989
2023-03-07,2023,4151.T,2.4947294448348556,21412.262825017566
2023-03-08,2023,4578.T,-0.41871921182266003,-3381.5763546798025
2023-03-10,2023,4613.T,-3.0,-26295.0
2023-03-14,2023,8316.T,5.0,47242.5
2023-03-14,2023,4543.T,-1.3187429854096522,-11723.625140291808
2023-03-15,2023,2664.T,1.1291779584462511,9923.215898825654
2023-03-16,2023,7203.T,-0.1694915254237288,-1535.593220338983
2023-03-17,2023,4613.T,2.219626168224299,18988.90186915888
2023-03-20,2023,4666.T,-3.0,-29025.0
2023-03-22,2023,2782.T,1.643192488262911,12496.478873239437
2023-03-22,2023,7564.T,4.725897920604915,24858.22306238185
2023-03-23,2023,7182.T,-0.9760425909494232,-8854.658385093167
2023-03-23,2023,4519.T,-0.5170316301703163,-5155.839416058394
2023-03-28,2023,3391.T,2.320185614849188,20000.0
2023-03-31,2023,2730.T,1.795472287275566,16024.590163934425
2023-03-31,2023,8282.T,2.9285099052540913,27153.143841515935
2023-04-06,2023,4768.T,2.356902356902357,21117.845117845118
2023-04-06,2023,4023.T,-0.12117651378842514,-996.0709433408547
2023-04-07,2023,6268.T,0.8210180623973727,7512.315270935961
2023-04-18,2023,7762.T,-1.0638297872340425,-10358.510638297872
2023-04-18,2023,7839.T,-1.807465618860511,-13865.06876227898
2023-04-20,2023,8174.T,2.453271028037383,20938.668224299065
2023-04-27,2023,6963.T,1.461988304093567,11282.894736842103
2023-04-27,2023,5401.T,2.255506607929507,21913.37444933913
2023-04-28,2023,2593.T,-1.0676156583629894,-8946.619217081852
2023-05-02,2023,3092.T,1.3229166666666714,12805.83333333338
2023-05-02,2023,9104.T,-3.0,-29250.0
2023-05-08,2023,5334.T,1.3188518231186968,10393.871217998449
2023-05-12,2023,8113.T,3.8923869490555236,33883.22839152833
2023-05-15,2023,4452.T,0.8847855356799386,4583.189074822082
2023-05-15,2023,1820.T,-0.7374631268436578,-5000.0
2023-05-16,2023,1662.T,-3.0,-28776.0
2023-05-17,2023,8308.T,3.085271317829454,30058.255813953456
2023-05-18,2023,1662.T,-3.0,-28248.0
2023-05-19,2023,4324.T,1.735357917570499,15843.817787418655
2023-05-19,2023,4005.T,0.23148148148148145,2299.9999999999995
2023-05-23,2023,4751.T,-3.5135135135135136,-34941.89189189189
2023-05-25,2023,9616.T,-1.1627906976744187,-9034.883720930233
2023-05-25,2023,9962.T,-2.1671826625387,-21292.569659442725
2023-05-25,2023,3086.T,1.0174418604651163,9792.877906976744
2023-05-30,2023,3291.T,-1.872340425531915,-17704.85106382979
2023-05-30,2023,5947.T,-0.775716694772344,-7016.357504215852
2023-05-31,2023,3349.T,4.459561602418746,29789.87150415722
2023-06-02,2023,4502.T,1.9727891156462583,17427.619047619046
2023-06-02,2023,3659.T,2.3095484315753185,20093.071354705273
2023-06-06,2023,6753.T,5.0,48120.0
2023-06-07,2023,9962.T,-3.329065300896287,-31190.01280409731
2023-06-08,2023,3626.T,1.8070614400889629,12974.701139838753
2023-06-09,2023,4205.T,-2.175438596491228,-18658.736842105267
2023-06-09,2023,6753.T,-1.7920273070827664,-17732.46860904539
2023-06-13,2023,1928.T,1.7407407407407407,14139.166666666664
2023-06-15,2023,4205.T,-3.040057224606581,-30090.486409155936
2023-06-19,2023,4755.T,-3.0,-29394.9
2023-06-20,2023,7181.T,1.458923512747869,14389.362606232231
2023-06-20,2023,3191.T,0.2905287623474724,2507.2632190586864
2023-06-21,2023,2593.T,-0.7135826771653544,-5787.155511811025
2023-06-22,2023,1518.T,-3.0,-29765.4
2023-06-23,2023,9005.T,-1.5895147796988287,-14269.868934746235
2023-06-26,2023,3038.T,-0.05319148936170213,-400.63829787234044
2023-06-26,2023,5021.T,0.8571428571428572,8241.42857142857
2023-06-30,2023,2206.T,-0.4266666666666667,-3174.4
2023-07-03,2023,3197.T,-0.7190265486725663,-6473.036504424778
2023-07-03,2023,2702.T,-0.35714285714285715,-2003.5714285714287
2023-07-06,2023,3861.T,0.7471264367816048,7438.390804597658
2023-07-07,2023,2670.T,2.177293934681182,16834.61897356143
2023-07-10,2023,9008.T,1.1971830985915546,11169.957746478924
2023-07-10,2023,4516.T,-0.6632277081798084,-3597.3470891672805
2023-07-11,2023,6417.T,-0.544624033731557,-4936.472241742833
2023-07-13,2023,2802.T,2.851851851851852,23027.277777777777
2023-07-13,2023,7261.T,-0.4286827747466875,-3898.012470771629
2023-07-14,2023,9532.T,0.6801125703564728,5840.8067542213885
2023-07-19,2023,3382.T,-1.1283711987046479,-11104.865152051792
2023-07-19,2023,4911.T,-0.5569700827498408,-3476.6072565245063
2023-07-26,2023,2809.T,-0.9417808219178082,-8786.81506849315
2023-07-28,2023,7013.T,4.336155275655585,42268.841627090645
2023-08-01,2023,3064.T,1.7694063926940637,15358.447488584476
2023-08-01,2023,5938.T,-3.0,-27262.5
2023-08-02,2023,9433.T,-2.652963671128107,-22438.76673040153
2023-08-04,2023,8725.T,2.9078572726721994,28787.786999454773
2023-08-04,2023,3635.T,-2.307357422725294,-21319.982585981717
2023-08-07,2023,2229.T,3.516068052930057,27852.533081285444
2023-08-09,2023,3092.T,0.44943820224719105,4388.6292134831465
2023-08-09,2023,5947.T,-1.59500693481276,-13855.02773925104
2023-08-10,2023,3626.T,-0.15128593040847202,-1017.8517397881998
2023-08-15,2023,5108.T,-1.2279765082754939,-10270.79551521623
2023-08-15,2023,8253.T,-3.0,-25692.0
2023-08-16,2023,1808.T,-0.37164093767867357,-3276.0148656375077
2023-08-17,2023,5332.T,0.4181913225300575,3214.2185049660216
2023-08-18,2023,7762.T,2.5,23512.5
2023-08-21,2023,4911.T,0.8833333333333334,5348.583333333334
2023-08-22,2023,9843.T,3.132832080200501,30291.353383458645
2023-08-25,2023,3038.T,1.6269284712482468,11694.361851332398
2023-08-30,2023,4911.T,0.35496957403651114,2108.874239350913
2023-08-31,2023,8200.T,0.9393680614859093,8788.727583262167
2023-09-04,2023,2433.T,2.563176895306859,24796.173285198554
2023-09-07,2023,6586.T,-1.7683239364428498,-14012.198872373141
2023-09-07,2023,9759.T,-1.0040160642570282,-9979.91967871486
2023-09-08,2023,6460.T,-1.5398230088495577,-13149.318584070797
2023-09-12,2023,4732.T,1.4445441932587975,14160.000000000036
2023-09-12,2023,8267.T,2.0804020100502556,20695.839195979945
2023-09-13,2023,9759.T,1.900990099009901,14428.514851485148
2023-09-15,2023,9697.T,-3.0,-26203.5
2023-09-15,2023,4716.T,-0.42381432896064586,-4175.842583249244
2023-09-19,2023,9684.T,-3.261240751280589,-28503.244166192348
2023-09-19,2023,9697.T,-3.0,-25375.5
2023-09-21,2023,6963.T,-3.0,-26224.2
2023-09-21,2023,9044.T,0.7452574525745257,6615.650406504065
2023-09-22,2023,7974.T,2.4214659685863875,14899.280104712043
2023-09-25,2023,6506.T,-3.0,-16533.0
2023-09-26,2023,6370.T,-3.138347260909935,-16881.16991643454
2023-09-27,2023,4967.T,-3.0,-20616.0
2023-09-27,2023,4568.T,3.5205992509363293,28199.999999999996
2023-09-28,2023,6465.T,-2.19115980355119,-11560.559123536077
2023-09-29,2023,9001.T,-3.0,-23208.0
2023-10-02,2023,2502.T,-3.519646418368995,-32790.785856734736
2023-10-03,2023,8031.T,-3.332709230481183,-26949.953192286088
2023-10-03,2023,8628.T,-4.176904176904177,-40950.36855036855
2023-10-05,2023,9434.T,1.3165769000598546,12964.464392579395
2023-10-05,2023,4507.T,3.8192323953586786,32468.058439423203
2023-10-05,2023,4021.T,1.8199233716475096,11379.980842911878
2023-10-06,2023,2914.T,3.7939543491671808,36865.85441085749
2023-10-12,2023,4530.T,-3.0,-15228.0
2023-10-16,2023,2587.T,-1.5436241610738255,-13688.859060402685
2023-10-16,2023,3543.T,-3.0,-24957.0
2023-10-17,2023,8227.T,0.03713943795649058,357.40023934290014
2023-10-17,2023,9843.T,0.4464285714285714,4174.553571428572
2023-10-19,2023,6370.T,-3.0,-27006.0
2023-10-20,2023,3288.T,4.012738853503184,38121.01910828025
2023-10-20,2023,5333.T,-3.0,-27120.0
2023-10-23,2023,9041.T,-0.43373493975903615,-3594.7951807228915
2023-10-26,2023,4021.T,-1.1977030352748155,-7405.397867104184
2023-10-26,2023,6471.T,-0.4970178926441352,-4847.117296222664
2023-10-27,2023,6383.T,-1.1818910256410255,-11724.358974358973
2023-10-31,2023,7532.T,3.5751840168243914,34442.9652996845
2023-10-31,2023,4996.T,5.0,47385.0
2023-11-06,2023,3626.T,-3.0,-27468.0
2023-11-06,2023,2229.T,-3.0,-24147.0
2023-11-07,2023,4528.T,1.7624521072796935,13752.41379310345
2023-11-08,2023,9468.T,-3.0,-25177.5
2023-11-09,2023,7951.T,-1.5780590717299616,-15023.122362869235
2023-11-10,2023,8316.T,3.335788242429493,30799.999999999996
2023-11-10,2023,8309.T,1.9658276685651295,16185.642109130993
2023-11-14,2023,3591.T,-1.6227801592161666,-15953.551745254135
2023-11-15,2023,8593.T,0.14705882352940938,1395.4411764705656
2023-11-15,2023,9076.T,2.6848913839394677,21822.797168659992
2023-11-20,2023,8252.T,-3.0,-27132.0
2023-11-22,2023,8725.T,1.6095909418882166,14532.191818837766
2023-11-22,2023,7272.T,3.4019769357495844,33230.51070840194
2023-11-29,2023,2503.T,0.3833253473885961,3219.932918064207
2023-11-30,2023,9008.T,1.4821898159215845,13793.258426966268
2023-12-01,2023,2502.T,-0.23497267759562593,-2136.254098360633
2023-12-04,2023,5333.T,-3.0,-26850.0
2023-12-05,2023,2809.T,1.1667672500502917,11597.666465499899
2023-12-06,2023,5021.T,3.851851851851852,31257.77777777778
2023-12-06,2023,8088.T,-3.219076005961252,-27093.35320417288
2023-12-08,2023,1802.T,0.5282405526208858,5231.694433157252
2023-12-08,2023,7550.T,0.4401650618982118,3208.803301237964
2023-12-11,2023,4967.T,0.7283763277693476,4781.062215477998
2023-12-13,2023,5901.T,-3.0,-27228.0
2023-12-13,2023,4042.T,-3.0,-27427.5
2023-12-14,2023,3197.T,-3.0,-25878.0
2023-12-15,2023,8473.T,0.6314390162844798,5724.626121635095
2023-12-15,2023,8616.T,-3.0,-29469.0
2023-12-19,2023,9434.T,-1.4925373134328326,-14768.955223880563
2023-12-19,2023,9433.T,-0.5859815190443994,-5187.108406581024
2023-12-20,2023,6902.T,-1.2616822429906542,-10852.990654205607
2023-12-22,2023,3405.T,0.4185559818625741,3598.7443320544126
2023-12-22,2023,5020.T,-0.25270758122743275,-2522.7292418772154
2023-12-26,2023,8331.T,0.09866798223976321,899.1119881598422
2023-12-28,2023,7276.T,3.2250633494586496,28038.7007601935
2023-12-29,2023,3197.T,4.693926929591096,38856.32712315509
2023-12-29,2023,2702.T,1.3266998341625207,8000.0
2024-01-04,2024,4704.T,3.919978372533117,29587.99675587997
2024-01-09,2024,8227.T,2.328159645232802,18165.232815964417
2024-01-11,2024,8098.T,1.7857142857142856,16446.42857142857
2024-01-15,2024,2222.T,-3.0430711610486894,-25939.138576779027
2024-01-16,2024,3349.T,5.0,37987.5
2024-01-18,2024,9143.T,0.297029702970297,2406.5346534653463
2024-01-18,2024,2222.T,4.052658750645328,39290.52658750646
2024-01-19,2024,4612.T,2.361489554950045,23187.46594005449
2024-01-23,2024,7956.T,1.5346069527090511,14598.715941121203
2024-01-23,2024,3038.T,-0.0259000259000259,-201.86480186480188
2024-01-29,2024,6594.T,-1.387900355871886,-11716.654804270464
2024-01-31,2024,9143.T,1.6078017923036374,15338.4290985767
2024-02-01,2024,7747.T,5.0,42472.5
2024-02-01,2024,3549.T,0.9520787051729609,9131.38686131387
2024-02-05,2024,4528.T,-0.6903353057199211,-5250.0
2024-02-05,2024,4307.T,0.4511992400854904,3780.1472334362384
2024-02-06,2024,3116.T,2.8688524590163933,26686.06557377049
2024-02-09,2024,9008.T,-0.5698005698005645,-5328.888888888839
2024-02-09,2024,6923.T,1.7323434228060157,13805.910908052541
2024-02-13,2024,4452.T,-3.0,-16878.0
2024-02-15,2024,3861.T,2.0773638968481416,20760.343839541594
2024-02-15,2024,1808.T,1.0176754151044456,9474.558114622389
2024-02-16,2024,9001.T,1.788532351394003,13542.76696475539
2024-02-20,2024,3197.T,-3.0,-26688.0
2024-02-21,2024,6923.T,0.05839984426708195,450.700798131205
2024-02-21,2024,4666.T,5.0,43125.0
2024-02-22,2024,9069.T,0.7490636704119851,7193.258426966293
2024-02-27,2024,9001.T,1.3238019592268997,10066.190097961346
2024-02-27,2024,7956.T,0.5932762030323006,5410.678971654582
2024-02-28,2024,4516.T,-0.08343763037129745,-811.6812682519816
2024-03-01,2024,8103.T,-2.5297619047619047,-23835.416666666664
2024-03-01,2024,8570.T,-1.7208413001912046,-15737.954110898661
2024-03-04,2024,4005.T,2.158751245433411,21535.48654931917
2024-03-06,2024,9147.T,-0.21245623008221415,-1626.7561081165056
2024-03-06,2024,3349.T,-2.240398293029872,-15671.586059743953
2024-03-07,2024,4528.T,0.4698672114402451,4568.049029622063
2024-03-11,2024,6981.T,1.6794711452563873,14558.495622654991
2024-03-11,2024,6971.T,-3.0,-25464.0
2024-03-12,2024,4503.T,-1.0866190624029806,-10418.503570319777
2024-03-14,2024,9008.T,2.731707317073168,26958.67317073168
2024-03-14,2024,3349.T,1.4250089063056643,10081.938012112576
2024-03-15,2024,2664.T,2.134959969500572,16812.809759817002
2024-03-19,2024,4661.T,0.9010812975570685,8992.791349619543
2024-03-19,2024,2802.T,0.6238532110091742,5116.844036697247
2024-03-22,2024,9104.T,0.8536064874093043,7959.026888604353
2024-03-27,2024,4927.T,1.0793871866295264,10763.109331476322
2024-03-27,2024,8113.T,0.45511221945136876,4344.501246882766
2024-03-28,2024,7956.T,0.44262853251617296,3868.1307456588356
2024-04-01,2024,4502.T,-3.0,-25104.0
2024-04-01,2024,5192.T,-3.0,-28020.0
2024-04-02,2024,4536.T,2.4822695035460995,24673.75886524823
2024-04-03,2024,8306.T,3.994629070157771,35819.83887210473
2024-04-04,2024,8267.T,0.43327556325823224,3994.107452339688
2024-04-05,2024,9022.T,0.273224043715847,2016.393442622951
2024-04-05,2024,7974.T,1.7426100425971345,13745.708016006196
2024-04-09,2024,4527.T,0.10238907849829351,902.6109215017066
2024-04-10,2024,4613.T,-0.7342491710090004,-6169.161534817622
2024-04-11,2024,2267.T,-0.738255033557047,-6612.181208053692
2024-04-12,2024,4661.T,-1.381331100879029,-13117.12013394726
2024-04-15,2024,3543.T,-3.0,-23724.0
2024-04-16,2024,8410.T,-1.167728237791936,-11599.044585987302
2024-04-17,2024,2379.T,3.84172109104879,29988.474836726855
2024-04-18,2024,9101.T,5.0,40430.0
2024-04-19,2024,9021.T,1.1928429423459244,10800.0
2024-04-19,2024,8473.T,3.4652114597544337,32174.48840381992
2024-04-23,2024,6758.T,1.632815611310235,12275.507765830345
2024-04-24,2024,9008.T,-3.0,-28454.399999999998
2024-04-24,2024,6869.T,0.3024193548387097,3009.677419354839
2024-04-26,2024,3407.T,4.312796208530806,41454.5971563981
2024-04-30,2024,7751.T,1.4709371293001186,12397.0581257414
2024-04-30,2024,3003.T,2.072714916751614,18188.07339449541
2024-05-01,2024,4503.T,2.9402048232573508,26708.820614469776
2024-05-07,2024,4768.T,1.02832097100472,9148.457518543491
2024-05-07,2024,9041.T,-1.7951959544879899,-14182.04804045512
2024-05-07,2024,9143.T,-3.0,-29268.0
2024-05-10,2024,9989.T,-1.3296011196641007,-11447.865640307908
2024-05-10,2024,9020.T,1.4570685169124025,12530.060711188205
2024-05-13,2024,4528.T,5.331570830579422,48911.83079973562
2024-05-15,2024,7267.T,-3.0,-26190.0
2024-05-15,2024,3088.T,5.0,44580.0
2024-05-15,2024,3391.T,-3.0,-29289.0
2024-05-17,2024,9005.T,3.3185840707964607,30199.11504424779
2024-05-20,2024,6178.T,-0.27586206896551724,-2404.137931034483
2024-05-20,2024,9042.T,1.4676616915422884,11764.776119402984
2024-05-23,2024,2267.T,-1.856267029972752,-16344.431198910082
2024-05-24,2024,4507.T,2.3073211387463424,21159.980699214953
2024-05-24,2024,9531.T,5.0,33380.0
2024-05-28,2024,5214.T,-0.4159733777038269,-3007.487520798669
2024-05-29,2024,9143.T,5.0,45885.0
2024-05-30,2024,5423.T,1.7263427109974423,16334.6547314578
2024-05-31,2024,3197.T,3.625730994152047,30992.748538011696
2024-06-03,2024,9009.T,0.8237841263135611,7748.925384168512
2024-06-04,2024,9020.T,0.21865889212827988,1809.8396501457728
2024-06-04,2024,6702.T,5.0,45830.0
2024-06-05,2024,7203.T,-0.9538461538461539,-9437.353846153846
2024-06-06,2024,6965.T,-3.0,-29184.0
2024-06-07,2024,3397.T,0.24861878453038672,1799.9999999999998
2024-06-07,2024,4768.T,0.6576670128071997,5651.661474558671
2024-06-10,2024,2702.T,0.0,0.0
2024-06-12,2024,9735.T,-3.0,-29238.0
2024-06-12,2024,9072.T,2.0753424657534216,18130.19178082189
2024-06-13,2024,2593.T,-3.0,-21312.0
2024-06-14,2024,9602.T,1.0506003430531807,9781.089193825113
2024-06-17,2024,7735.T,-0.7447528774542992,-5529.790115098172
2024-06-18,2024,9433.T,-0.24009603841536614,-2004.8019207683074
2024-06-19,2024,9005.T,-0.5964214711729622,-5258.946322067594
2024-06-20,2024,4502.T,2.247191011235955,18080.898876404495
2024-06-21,2024,7735.T,3.0657940062004823,22656.217705821564
2024-06-25,2024,7182.T,1.9328585961342828,17007.222787385555
2024-06-25,2024,6902.T,1.8971848225214198,18459.608323133416
2024-06-26,2024,4205.T,-3.0,-28843.5
2024-06-27,2024,8058.T,4.256,40027.68
2024-06-28,2024,2914.T,0.9567198177676537,8361.731207289293
2024-07-01,2024,7735.T,5.0,36250.0
2024-07-02,2024,7259.T,3.7917374080362194,33372.976796830786
2024-07-03,2024,9021.T,-0.39075773020727145,-3448.2415902140674
2024-07-04,2024,2875.T,3.4916940006348534,33122.20929002222
2024-07-05,2024,5108.T,-3.0,-28489.5
2024-07-08,2024,2670.T,-3.0,-25002.0
2024-07-09,2024,4183.T,1.9589767227471768,16886.379350080664
2024-07-10,2024,6506.T,-3.0,-17400.0
2024-07-11,2024,8227.T,-1.3598019054014203,-12863.726025097436
2024-07-12,2024,6674.T,-0.1371742112482853,-1214.1975308641972
2024-07-16,2024,3543.T,0.9125475285171103,7164.410646387833
2024-07-17,2024,8267.T,0.15468607825296138,1530.000000000041
2024-07-18,2024,9531.T,1.2282804074295985,8354.76333133613
2024-07-19,2024,7267.T,0.45004500450045004,4495.949594959496
2024-07-22,2024,6370.T,-2.3368740515933233,-15570.591805766313
2024-07-24,2024,6951.T,-4.501406689590497,-29137.60550171929
2024-07-24,2024,9861.T,-0.1090909090909091,-892.9636363636364
2024-07-26,2024,4183.T,2.0975724723073297,17795.804855055387
2024-07-26,2024,9503.T,1.1027963765261914,8471.13036628594
2024-07-29,2024,3391.T,3.8143176733780786,34080.92841163313
2024-07-31,2024,5019.T,-3.0,-29568.0
2024-07-31,2024,8001.T,2.2867656722302505,20803.164673413037
2024-08-01,2024,2502.T,-3.0,-27775.5
2024-08-01,2024,4612.T,-3.0,-28734.0
2024-08-02,2024,4021.T,-3.9735099337748347,-37509.93377483444
2024-08-02,2024,1605.T,-12.790697674418606,-115653.48837209304
2024-08-05,2024,4528.T,5.019212295869356,43155.187319884724
2024-08-07,2024,9433.T,5.0,43590.0
2024-08-07,2024,3197.T,0.3779289493575208,3774.5653817082393
2024-08-08,2024,4502.T,3.125,25600.0
2024-08-08,2024,4528.T,-0.5445075757575758,-4601.089015151516
2024-08-29,2024,1333.T,0.9253731343283537,8369.99999999996
2024-09-02,2024,6594.T,-3.0,-26757.0
2024-09-02,2024,8273.T,5.0,48856.5
2024-09-03,2024,8200.T,-2.117863720073665,-18408.471454880295
2024-09-05,2024,1333.T,-1.0746268656716371,-9726.77014925369
2024-09-06,2024,5021.T,-4.25531914893617,-31748.936170212764
2024-09-06,2024,2593.T,2.7258805513016844,26700.0
2024-09-11,2024,8802.T,-3.0,-27900.0
2024-09-11,2024,6113.T,2.8437724982001438,24664.03887688985
2024-09-11,2024,6594.T,-1.2980178915979654,-11086.370812138224
2024-09-12,2024,9432.T,0.2702702702702741,2701.7297297297678
2024-09-18,2024,4507.T,1.0529779532740862,8922.092793681988
2024-09-18,2024,4503.T,2.4174528301886795,20415.3891509434
2024-09-19,2024,9502.T,0.46565774155995343,3982.5378346915013
2024-09-25,2024,7313.T,0.45377197958026094,4007.941009642655
2024-09-25,2024,9531.T,3.0068472759749927,20169.93152724025
2024-09-30,2024,7459.T,2.7254509018036073,20690.26052104208
2024-10-01,2024,1605.T,5.263157894736842,51000.0
2024-10-02,2024,7616.T,0.8284023668639053,7024.8520710059165
2024-10-10,2024,9989.T,-0.14756517461878996,-1207.3782587309395
2024-10-11,2024,8020.T,2.35191637630662,21656.44599303136
2024-10-15,2024,2587.T,-0.5094339622641509,-2674.0188679245284
2024-10-16,2024,6136.T,1.786711334450028,15977.666108319374
2024-10-18,2024,6471.T,-1.1821677823671939,-11573.659022931299
2024-10-21,2024,8020.T,-1.198117244330338,-11204.79246897732
2024-10-23,2024,2914.T,-0.36549707602339176,-2989.0350877192977
2024-10-25,2024,4732.T,0.865460267505901,7684.854445318647
2024-10-25,2024,2702.T,0.3105590062111801,1987.5776397515526
2024-10-29,2024,3038.T,-3.0,-22812.0
2024-10-30,2024,7733.T,-0.5783582089552238,-4650.0
2024-10-30,2024,5401.T,0.09836065573770865,960.0000000000364
2024-10-31,2024,5947.T,1.5816174276335422,10596.836765144733
2024-11-05,2024,8053.T,3.3125,31690.6875
2024-11-05,2024,9301.T,2.120424084816968,19322.36447289462
2024-11-06,2024,9202.T,-1.4813523875914953,-12736.667828511678
2024-11-07,2024,9041.T,2.166377816291161,14926.3431542461
2024-11-08,2024,2670.T,1.3235047746691238,11836.103199865975
2024-11-11,2024,4901.T,-3.0,-21312.0
2024-11-12,2024,2503.T,-1.4385150812064964,-12302.180974477957
2024-11-13,2024,5901.T,0.7673211464680658,6780.04965019183
2024-11-14,2024,4208.T,-0.06493506493506493,-599.4805194805194
2024-11-15,2024,9143.T,-1.4256619144602851,-12565.784114052953
2024-11-18,2024,8795.T,-3.0,-29670.0
2024-11-19,2024,6113.T,0.657439446366782,5735.501730103806
2024-11-20,2024,4194.T,6.0386791211682675,46026.81226154453
2024-11-22,2024,3349.T,5.0,33600.0
2024-11-22,2024,2502.T,0.375,3625.875
2024-11-25,2024,8267.T,-2.4275062137531034,-23356.49378624686
2024-11-26,2024,9989.T,2.2879464285714284,16244.419642857141
2024-11-27,2024,8001.T,-0.5789686279790046,-5175.979534132301
2024-11-28,2024,2809.T,3.202846975088968,21869.039145907474
2024-11-29,2024,6902.T,2.2093023255813953,19145.81395348837
2024-12-02,2024,9023.T,-0.2694610778443114,-2683.8323353293413
2024-12-03,2024,6954.T,1.1689961880559085,9188.310038119442
2024-12-04,2024,3191.T,0.22002200220022,1988.9988998899887
2024-12-05,2024,4063.T,0.34576888080072793,1927.3157415832575
2024-12-06,2024,8058.T,0.9343975082733113,7181.77924858867
2024-12-09,2024,6460.T,-0.7748934521503293,-5988.376598217746
2024-12-11,2024,7912.T,-0.39955604883462825,-3578.4239733629306
2024-12-12,2024,3003.T,-1.5596663039535728,-15022.705839680812
2024-12-16,2024,9706.T,-1.2395041983206718,-6200.000000000001
2024-12-16,2024,6869.T,0.6147540983606558,5386.168032786885
2024-12-17,2024,3003.T,-0.29728725380899296,-2823.9316239316236
2024-12-19,2024,8697.T,0.6779661016949152,6089.830508474576
2024-12-19,2024,6902.T,1.17359413202934,9780.73349633252
2024-12-20,2024,6332.T,2.8368794326241136,27900.709219858152
2024-12-24,2024,8058.T,1.7892644135188867,13483.896620278329
2024-12-24,2024,6326.T,1.4884233737596473,13563.257993384786
2024-12-25,2024,4516.T,-0.07481296758104738,-595.8104738154614
2024-12-27,2024,2809.T,-1.7820017820017822,-11896.643896643898
2024-12-27,2024,9023.T,2.77602523659306,26291.73501577287
2024-12-30,2024,2914.T,-1.9564685742235264,-15996.087062851551
2025-01-07,2025,4676.T,-3.0205278592375366,-25848.167155425217
2025-01-07,2025,2685.T,-3.1746031746031744,-21904.761904761905
2025-01-08,2025,2502.T,1.5812776723592663,15156.546489563565
2025-01-09,2025,8697.T,-3.0,-26025.0
2025-01-10,2025,8591.T,-0.7732755954222085,-7483.761212496134
2025-01-14,2025,8002.T,0.5595344673231871,4997.761862130707
2025-01-15,2025,9433.T,-0.6393070736234274,-6146.298205815631
2025-01-16,2025,4063.T,0.2720031086069555,1387.4878570040798
2025-01-17,2025,4519.T,0.1371742112482853,907.8189300411522
2025-01-20,2025,5334.T,5.0,47030.0
2025-01-21,2025,8804.T,-0.6945906125026311,-6619.448537150074
2025-01-22,2025,2282.T,1.597051597051597,15647.911547911548
2025-01-24,2025,7476.T,1.974471479856402,19610.450737933785
2025-01-28,2025,6752.T,5.0,45585.0
2025-01-29,2025,4004.T,2.1236559139784945,15689.569892473117
2025-01-30,2025,6503.T,-0.1960015680125441,-1515.2881223049783
2025-02-03,2025,8697.T,5.0,49515.0
2025-02-03,2025,2002.T,-3.0,-26235.0
2025-02-04,2025,3116.T,1.0064516129032257,9692.129032258064
2025-02-06,2025,8591.T,-2.168525402726146,-20882.899628252788
2025-02-06,2025,5332.T,-1.0054347826086956,-7371.847826086956
2025-02-10,2025,9433.T,3.014148041828993,29381.915111749026
2025-02-12,2025,7202.T,-3.0,-24144.0
2025-02-12,2025,5201.T,1.0185185185185186,8714.444444444445
2025-02-13,2025,5844.T,0.3258845437616387,2814.338919925512
2025-02-14,2025,8591.T,-2.630744849445325,-24884.215530903333
2025-02-17,2025,6481.T,3.3936022253129345,24325.340751043113
2025-02-18,2025,4543.T,-3.0,-25303.5
2025-02-18,2025,1605.T,1.6029922522041145,14919.850387389795
2025-02-19,2025,7912.T,1.5207373271889402,13200.0
2025-02-21,2025,9024.T,-1.065203357004519,-9900.0
2025-02-21,2025,8031.T,5.0,40807.5
2025-02-25,2025,4114.T,1.4072847682119205,12873.137417218542
2025-02-26,2025,8439.T,2.8909787530477185,24787.251828631135
2025-02-27,2025,8031.T,1.0108175208370278,8499.964532718568
2025-02-28,2025,2702.T,1.4109347442680775,8084.656084656084
2025-03-03,2025,8591.T,1.2222579607590867,11322.99774847218
2025-03-04,2025,6326.T,2.9395604395604393,26874.931318681312
2025-03-05,2025,4540.T,-1.1499647969960103,-9820.699366345927
2025-03-06,2025,9301.T,5.49738219895288,50960.732984293194
2025-03-07,2025,2670.T,-3.0,-25785.0
2025-03-10,2025,1928.T,-3.0,-20310.0
2025-03-11,2025,8227.T,2.179491813351653,18338.462066722142
2025-03-12,2025,6178.T,0.9711880867594691,9017.48138556167
2025-03-13,2025,4661.T,-0.38314176245210724,-3582.7586206896544
2025-03-14,2025,8354.T,4.27863292460214,33090.947038872946
2025-03-17,2025,6178.T,1.9884541372674793,18605.965362411804
2025-03-24,2025,2678.T,3.6432160804020097,34668.84422110552
2025-03-25,2025,7278.T,-0.21551724137931033,-2021.551724137931
2025-03-25,2025,9706.T,-0.4629629629629629,-3971.2962962962956
2025-03-31,2025,8697.T,2.7649769585253456,26211.98156682028
2025-03-31,2025,5991.T,1.0258004351880634,10136.959900528442
2025-03-31,2025,8219.T,-0.35413899955733963,-3412.5542275344355
2025-04-03,2025,9433.T,5.0,46540.0
2025-04-03,2025,4208.T,-3.738095238095238,-32805.52380952381
2025-04-03,2025,4768.T,-3.35336918696615,-32142.043657070546
2025-04-07,2025,4519.T,-3.0,-19962.0
2025-04-07,2025,1812.T,5.0,44947.5
2025-04-08,2025,2503.T,3.842364532019704,30931.03448275862
2025-04-08,2025,2212.T,3.6455513445226497,30365.61992420141
2025-04-09,2025,9434.T,3.7586547972304762,37387.339268051546
2025-04-09,2025,2897.T,3.542051368138325,31878.462313244923
2025-04-14,2025,2670.T,1.6553067185978578,12685.443037974683
2025-05-01,2025,9003.T,1.522140221402214,13224.354243542435
2025-05-02,2025,2327.T,5.0,33680.0
2025-05-07,2025,9505.T,-3.0,-29129.1
2025-05-08,2025,4151.T,5.0,41830.0
2025-05-13,2025,2269.T,-3.0,-29124.0
2025-05-13,2025,4912.T,-0.8155583437892095,-7792.659974905897
2025-05-14,2025,4502.T,0.7411067193675889,6096.343873517786
2025-05-16,2025,4613.T,-1.6953257447323806,-14010.171954468393
2025-05-16,2025,7701.T,-3.0,-20814.0
2025-05-19,2025,9076.T,0.683371298405467,6016.400911161731
2025-05-20,2025,2002.T,-1.566951566951567,-13761.752136752137
2025-05-22,2025,2503.T,0.6067961165048543,5013.349514563107
2025-05-22,2025,9005.T,0.3821281599059377,3267.195767195767
2025-06-02,2025,1419.T,-2.2535211267605635,-16090.140845070424
2025-06-03,2025,9433.T,-1.6115871073031414,-15829.008567931454
2025-06-03,2025,6724.T,-0.4880694143167028,-4535.385032537962
2025-06-05,2025,1878.T,1.2907389480477574,12038.72216844143
2025-06-06,2025,8113.T,0.6140350877192983,5619.649122807018
2025-06-09,2025,2914.T,1.1491611123879568,9951.735233279705
2025-06-11,2025,7550.T,-0.9904714142427282,-7903.961885656971
2025-06-12,2025,7202.T,-1.6362148895554949,-15134.987728388327
2025-06-12,2025,9502.T,2.4157470921562783,20177.527587235312
2025-06-16,2025,4063.T,1.3910702266098272,12336.010769575947
2025-06-17,2025,9202.T,0.8889695210449928,7333.998548621191
2025-06-17,2025,6465.T,-1.0485436893203883,-5420.9708737864075
2025-06-20,2025,5401.T,-3.0,-29872.800000000003
2025-06-23,2025,6305.T,0.3792367859682389,3171.1780042664136
2025-06-23,2025,9107.T,-0.07425742574257425,-600.8910891089108
2025-06-24,2025,8058.T,0.8837044892188053,7444.326617179216
2025-06-26,2025,8001.T,2.5226213326021356,22098.16287359471
2025-06-26,2025,4613.T,1.4102564102564104,13774.679487179486
2025-06-27,2025,8795.T,0.6635071090047393,6264.170616113744
2025-06-27,2025,2222.T,-3.0,-25302.0
2025-07-01,2025,5110.T,2.6211520877781167,25800.000000000004
2025-07-02,2025,4543.T,-3.2446085098115405,-25327.414027588886
2025-07-02,2025,4516.T,-0.4132231404958678,-3893.8016528925623
2025-07-03,2025,4901.T,-0.5909389363099147,-5405.318450426789
2025-07-04,2025,8697.T,-1.2991339107261826,-11653.231179213857
2025-07-07,2025,7203.T,-0.5,-4969.0
2025-07-08,2025,2871.T,-2.127659574468085,-19643.617021276594
2025-07-09,2025,2678.T,3.3499643620812543,32712.401995723445
2025-07-10,2025,2587.T,-0.26666666666666666,-2413.866666666667
2025-07-11,2025,4324.T,-3.0,-26662.5
2025-07-14,2025,3626.T,0.461335676625659,4222.144112478031
2025-07-15,2025,4530.T,1.9533231861998983,15306.240487062403
2025-07-16,2025,4385.T,-1.4724180837826628,-14303.069265864786
2025-07-17,2025,3626.T,1.1706048124864512,10706.351615001082
2025-07-18,2025,8804.T,-3.0,-22675.5
2025-07-22,2025,3382.T,3.905447070914697,37746.14594039055
2025-07-23,2025,8830.T,2.6820636990128515,21422.983795865155
2025-07-24,2025,2267.T,-1.2459267778416714,-9729.442208165612
2025-07-25,2025,4704.T,-3.0,-28230.0
2025-07-28,2025,7751.T,5.0,40400.0
2025-07-29,2025,4063.T,-0.6555153707052441,-5873.4177215189875
2025-07-29,2025,4684.T,1.6885553470919326,9052.345215759851
2025-07-31,2025,7956.T,1.4609421586165774,12220.781156827668
2025-08-01,2025,3038.T,0.29666254635352285,2411.8665018541406
2025-08-01,2025,2501.T,-1.0898796886058097,-10694.55343241337
2025-08-05,2025,8253.T,3.914959813326419,30098.21104485351
2025-08-06,2025,7951.T,-0.30339805825242716,-2984.2233009708734
2025-08-06,2025,2222.T,1.9736842105263157,18799.342105263157
2025-08-12,2025,8113.T,0.1803245842516484,1638.3390102183514
2025-08-12,2025,7951.T,-2.6262626262626263,-25889.696969696968
2025-08-12,2025,8282.T,1.6615801966768398,14754.832146490337
2025-08-18,2025,6707.T,5.0,41650.0
2025-08-18,2025,7951.T,5.0,47775.0
2025-08-19,2025,6750.T,5.0,44675.0
2025-08-20,2025,6544.T,0.0,0.0
2025-08-21,2025,6005.T,0.31534688156972673,2698.107918710582
2025-08-25,2025,4684.T,-1.4018691588785046,-7514.018691588784
2025-08-27,2025,9735.T,0.36845983787767134,2008.106116433309
2025-08-28,2025,4528.T,4.99383477188656,48240.44389642417
2025-09-01,2025,9021.T,1.6388467374810318,16200.0
2025-09-03,2025,7729.T,3.9724310776942358,31870.814536340855
2025-09-04,2025,6544.T,5.0,46250.0
2025-09-05,2025,7011.T,5.8474576271186445,41388.30508474576
2025-09-08,2025,7832.T,0.099601593625498,498.3067729083665
2025-09-09,2025,6754.T,1.1887503624238909,10199.478109596985
2025-09-10,2025,6098.T,1.3261648745519712,11176.917562724013
2025-09-11,2025,7012.T,3.009666080843583,27216.41036906852
2025-09-12,2025,4151.T,-3.0,-29784.0
2025-09-18,2025,4816.T,-3.0,-27585.0
2025-09-18,2025,5929.T,-1.4935354436023183,-13397.012929112794
2025-09-19,2025,8795.T,-3.0,-22200.0
2025-09-22,2025,9201.T,0.3246753246753247,2998.051948051948
2025-09-24,2025,4452.T,-0.26013771996939555,-1702.8615149196633
2025-09-25,2025,9107.T,-3.0,-26664.0
2025-09-26,2025,4568.T,-0.8968609865470852,-6125.560538116592
2025-09-29,2025,4543.T,0.51440329218107,5036.008230452675
2025-09-30,2025,4519.T,5.0,31595.0
2025-10-01,2025,2502.T,-3.651685393258427,-32417.837078651686
2025-10-02,2025,4188.T,0.3208556149732674,2971.764705882403
2025-10-02,2025,9843.T,-3.0,-24462.0
2025-10-03,2025,4502.T,2.2508792497069168,19344.056271981244
2025-10-06,2025,4751.T,-3.0,-25132.5
2025-10-07,2025,3549.T,-0.16216216216216214,-1209.081081081081
2025-10-08,2025,8308.T,1.6666666666666667,14575.0
2025-10-08,2025,8056.T,-0.18357810413885178,-1104.0387182910547
2025-10-09,2025,4536.T,-3.0,-28413.0
2025-10-10,2025,2269.T,-0.4680708793045804,-4222.46740220662
2025-10-14,2025,5021.T,0.6065857885615251,4229.116117850953
2025-10-15,2025,9532.T,0.6802721088435374,5600.0
2025-10-16,2025,9434.T,1.0208816705336374,10096.519721577675
2025-10-17,2025,5108.T,3.1719276739197055,31221.28409439166
2025-10-21,2025,3086.T,0.4793028322440087,4407.668845315904
2025-10-21,2025,5423.T,-0.2888086642599278,-2800.0
2025-10-22,2025,4151.T,1.2082601054481545,11031.414762741651
2025-10-24,2025,3659.T,0.32733224222585927,3068.7397708674307
2025-10-28,2025,8424.T,-1.0980966325036603,-9063.689604685213
2025-10-29,2025,4063.T,-0.38519152578643273,-3599.2296169484275
2025-10-29,2025,8227.T,2.450783447167543,23784.853354761006
2025-10-31,2025,9147.T,1.1066707654472794,10763.47986474024
2025-11-04,2025,8725.T,0.6305170239596469,6026.481715006305
2025-11-04,2025,8750.T,1.1563367252543941,11291.62812210916
2025-11-06,2025,5332.T,2.4581589958158996,18790.167364016736
2025-11-07,2025,8766.T,0.22452504317789293,1315.7167530224526
2025-11-07,2025,8725.T,1.5108593012275733,14467.988668555241
2025-11-11,2025,9072.T,5.0,49800.0
2025-11-12,2025,8113.T,-0.811316829623461,-7734.283336800453
2025-11-12,2025,4613.T,-0.44482101249735223,-4220.461766574878
2025-11-17,2025,2201.T,3.3783783783783785,26209.45945945946
2025-11-17,2025,4543.T,-1.246830092983939,-11839.898562975486
2025-11-17,2025,3405.T,-3.0,-28656.0
2025-11-20,2025,7965.T,1.8450184501845017,17977.859778597784
2025-11-20,2025,9602.T,2.7958679541881852,25000.651246350753
2025-11-21,2025,6465.T,5.0,49610.0
2025-11-25,2025,8766.T,-0.5597688696280245,-3101.679306608884
2025-11-26,2025,4452.T,-1.065496709495456,-6801.065496709495
2025-11-26,2025,9042.T,-1.1097099621689785,-8793.341740226986
2025-12-09,2025,6417.T,-0.7229386479093396,-5556.506447831184
2025-12-09,2025,4704.T,-3.0,-21333.0
2025-12-11,2025,9684.T,1.2561924982307147,10804.511677282377
2025-12-11,2025,9706.T,4.134799235181644,34624.80879541109
2025-12-12,2025,6758.T,-0.7073170731707318,-5800.000000000001
2025-12-16,2025,9697.T,-3.0,-21606.0
2025-12-16,2025,9684.T,0.3668122270742358,3148.899563318777
2025-12-17,2025,5401.T,2.098019469620678,19973.14535078886
2025-12-18,2025,6141.T,3.8658777120315584,29475.384615384617
2025-12-22,2025,6770.T,0.690537084398977,6686.125319693095
2025-12-23,2025,8697.T,0.53475935828877,5347.058823529411
2025-12-23,2025,8111.T,-3.0,-23670.0
2025-12-25,2025,6460.T,-0.5258899676375405,-5153.721682847897
2025-12-26,2025,8227.T,1.592461157665572,10637.640533206022
2025-12-29,2025,7453.T,-3.0,-25785.0
2025-12-30,2025,7701.T,1.0233222275107092,8561.113755354594
2026-01-05,2026,2914.T,-0.5852101436424898,-3300.5852101436426
2026-01-05,2026,8179.T,1.2139605462822458,11200.0
2026-01-08,2026,7453.T,0.32056990204808544,2697.5957257346386
2026-01-09,2026,6758.T,-0.31088082901554404,-2443.523316062176
2026-01-13,2026,9502.T,-2.0013492241960873,-17820.01349224196
2026-01-14,2026,9064.T,-1.9185220274751305,-16280.577925153957
2026-01-15,2026,3038.T,2.185792349726776,15982.513661202187
2026-01-16,2026,2222.T,2.1552915169936444,19343.74136501796
2026-01-19,2026,9433.T,2.272727272727273,18054.545454545456
2026-01-20,2026,4568.T,-3.196066379840197,-31353.41118623233
2026-01-21,2026,6770.T,2.746406570841889,26791.196098562632
2026-01-23,2026,7550.T,-1.8870122306348283,-16207.54804892254
2026-01-23,2026,3088.T,-0.03968253968253968,-298.2142857142857
2026-01-29,2026,3387.T,2.0746887966804977,19607.88381742738
2026-01-30,2026,1928.T,1.3650885855358699,9337.20592506535
2026-01-30,2026,4151.T,-7.764658795277166,-77398.11887132279
2026-02-03,2026,4661.T,-3.0,-24835.5
2026-02-04,2026,8697.T,-3.0,-25050.0
2026-02-04,2026,5334.T,-3.0,-19935.0
2026-02-06,2026,4768.T,3.4779728386883075,31531.301755548197
2026-02-06,2026,8697.T,5.0,49065.0
2026-02-09,2026,9432.T,0.26143790849673576,2591.503267973894
2026-02-10,2026,8111.T,-1.7677782241864202,-17596.464443551627
2026-02-16,2026,9020.T,1.3742071881606766,10471.458773784356
2026-02-16,2026,2587.T,1.6424116424116426,15921.538461538463
2026-02-17,2026,4527.T,-1.2653061224489797,-12445.551020408164
2026-02-19,2026,9887.T,1.8302828618968388,11000.0
2026-02-24,2026,9142.T,1.5897435897435899,12377.74358974359
2026-02-24,2026,4384.T,-0.15806111696522657,-1500.7903055848265
2026-02-27,2026,8125.T,-0.845771144278607,-6779.701492537314
2026-02-27,2026,3387.T,-3.0,-28899.0
2026-02-27,2026,8273.T,0.3868471953578337,3565.1837524177954
2026-03-02,2026,9759.T,-3.0,-25663.5
2026-03-04,2026,9202.T,0.4269293924466338,3989.655172413793
2026-03-04,2026,4202.T,-3.0,-27351.0
2026-03-05,2026,9989.T,-3.0,-24240.0
2026-03-05,2026,3038.T,5.0,36000.0
2026-03-09,2026,1928.T,5.0,35680.0
2026-03-09,2026,1925.T,5.391099784356008,28739.95295040188
2026-03-11,2026,4568.T,-0.966268446943078,-8250.0
2026-03-13,2026,2871.T,1.3090349075975358,12848.177618069814
2026-03-16,2026,2664.T,3.5788024776324847,31382.51892635926
2026-03-18,2026,3038.T,-1.16991643454039,-8463.175487465182
2026-03-24,2026,2811.T,1.0480664980122878,8615.106613661006
2026-03-31,2026,9936.T,0.3236245954692557,2975.728155339806
2026-04-01,2026,9007.T,2.084592145015106,20574.924471299095
2026-04-02,2026,9022.T,-2.857142857142857,-23954.285714285714
2026-04-03,2026,3038.T,-3.0,-20286.0
2026-04-06,2026,9404.T,2.875605815831987,26743.13408723748
2026-04-10,2026,4626.T,-0.7299270072992701,-7001.459854014599
2026-04-13,2026,2212.T,1.8769230769230771,18395.723076923077
2026-04-13,2026,3092.T,1.4200641319285385,14001.122308749424
2026-04-15,2026,5938.T,0.27932960893854747,2694.9720670391057
2026-04-16,2026,9021.T,0.7241606319947334,6658.6570111915735
2026-04-16,2026,1808.T,2.210144927536232,18280.108695652172
2026-04-20,2026,5947.T,-1.707726763717805,-12094.120940649496
2026-04-21,2026,6465.T,0.3544004725339634,1799.6455995274662
2026-04-22,2026,9005.T,-3.0,-26505.0
2026-04-23,2026,8331.T,0.7678969531830567,6279.861283131038
2026-04-24,2026,2502.T,-3.0,-28224.0
2026-04-24,2026,9042.T,1.8398025577742876,16433.116446039938
2026-04-28,2026,7752.T,-0.4973221117061974,-4522.149961744452
2026-04-30,2026,3231.T,1.4471057884231537,13050.000000000002
2026-04-30,2026,2593.T,-3.0,-26433.0
2026-05-01,2026,2503.T,1.0728744939271255,10640.76923076923
2026-05-07,2026,4452.T,-0.1360775642116006,-797.6866814084028
2026-05-08,2026,2579.T,-3.0,-20256.0
2026-05-11,2026,5445.T,0.05339028296849973,495.19487453283494
2026-05-11,2026,9503.T,-1.762854144805876,-16983.33683105981
2026-05-12,2026,9432.T,0.5376344086021391,5345.591397849348
2026-05-14,2026,9143.T,1.5162200282087448,14975.705218617773
2026-05-14,2026,2212.T,0.6472491909385114,6005.825242718447
2026-05-15,2026,2201.T,5.0,49500.0
2026-05-19,2026,4922.T,-1.9917324314167606,-10548.214956783164
2026-05-19,2026,9364.T,0.060753341433778855,595.6257594167679
2026-05-20,2026,3861.T,-3.0,-29343.600000000002
2026-05-22,2026,4502.T,-3.0,-15540.0
2026-05-22,2026,9005.T,-1.6564417177914113,-16334.171779141107
2026-05-22,2026,2331.T,0.920648838228847,8469.969311705392
2026-05-28,2026,3397.T,0.26624068157614483,1990.947816826411
2026-05-29,2026,1719.T,-3.0,-26505.0
2026-06-02,2026,3382.T,0.48913043478260876,4485.326086956522
2026-06-03,2026,5021.T,-3.0,-22302.0
2026-06-04,2026,2212.T,3.068294292312768,27817.156054107556
2026-06-05,2026,2897.T,1.7354415734670268,13434.920940994989
2026-06-08,2026,1928.T,2.660068048252397,25560.593875657283
2026-06-10,2026,9023.T,-0.7363770250368188,-6974.22680412371
2026-06-11,2026,9301.T,3.4310221586847747,33876.19728377412
2026-06-15,2026,9022.T,-3.0,-20190.0
2026-06-15,2026,1951.T,5.0,40500.0
2026-06-22,2026,3397.T,2.3529411764705883,16795.29411764706
2026-06-23,2026,9008.T,1.5586206896551662,14661.63310344822
2026-06-26,2026,3659.T,0.8697696285848613,7424.353549600376
2026-06-29,2026,8058.T,-3.0,-26418.0
2026-07-01,2026,7270.T,4.034102724059055,38566.022042004566
2026-07-06,2026,9503.T,0.10917030567685589,993.6681222707423
2026-07-06,2026,8282.T,2.5442477876106198,23019.08185840708
2026-07-10,2026,4519.T,-1.523187814497484,-11209.139126886985
2026-07-13,2026,9532.T,-0.14814814814814814,-794.5185185185185
2026-07-17,2026,6465.T,1.137009664582149,6000.0
2026-07-22,2026,1721.T,1.9938056523422378,10361.80797522261
2026-07-30,2026,4042.T,0.6701414743112435,5455.286671630677
2026-07-31,2026,4536.T,-3.1578947368421053,-30576.315789473687
2026-08-03,2026,2127.T,-0.3449898071193422,-3299.482515289389
2026-08-04,2026,3231.T,-0.4856512141280328,-4807.947019867524
2026-08-05,2026,9065.T,-3.0,-26388.0
2026-08-12,2026,1951.T,1.9163763066202089,14838.501742160277
2026-08-13,2026,8801.T,-1.1596180081855387,-10099.113233287857
2026-08-13,2026,3288.T,-0.18279307823543747,-1513.1611016329514
2026-08-18,2026,1861.T,-3.0,-27573.0
