n,mean,t,ta,tb,wy,yrs,ann,sym,rule,cost
6586,-0.037171233794514924,-5.177765884774418,-3.4845138170832857,-3.8784367191799403,0.15384615384615385,26,-9.415759452718284,CHFSGD.,MA5/20,0.1524685890834192
6586,-0.029770583971875528,-4.168727328341693,-2.468238389685831,-3.5036343440578004,0.07692307692307693,26,-7.541117924568168,CHFSGD.,MA10/50,0.1524685890834192
6586,-0.02255383484466413,-3.1819536408264946,-1.636261309586086,-2.943597925051517,0.15384615384615385,26,-5.713059857190692,CHFSGD.,MA20/100,0.1524685890834192
6586,-0.017969493549308418,-2.5623931479078896,-0.6625582488999796,-3.077714055808651,0.2692307692307692,26,-4.551810942913281,CHFSGD.,MA50/200,0.1524685890834192
6586,-0.04346712682567096,-6.05467180411635,-4.00063225546558,-4.618958603857417,0.038461538461538464,26,-11.010557587456503,CHFSGD.,モメ20,0.1524685890834192
6586,-0.03950471759724397,-5.524983591817809,-3.086821438834452,-4.8495550267856675,0.038461538461538464,26,-10.006848849824959,CHFSGD.,モメ60,0.1524685890834192
6586,-0.043312701291271176,-6.111729803522351,-3.776016490997421,-4.942917565330084,0.11538461538461539,26,-10.97144041170431,CHFSGD.,モメ120,0.1524685890834192
6586,-0.03102119576144643,-4.432241447007226,-2.0164565308335543,-4.360856201437629,0.23076923076923078,26,-7.857907510957164,CHFSGD.,モメ250,0.1524685890834192
6586,-0.026207458028734608,-7.019791705629459,-3.746723876532253,-6.8485803116611645,0.07692307692307693,26,-6.638550714509467,CHFSGD.,逆張z1_1日,0.1524685890834192
6586,-0.059930914632682776,-15.531326152866194,-10.664528927498518,-11.76957926006843,0.0,26,-15.180961683494186,CHFSGD.,順張z1_1日,0.1524685890834192
6586,-0.013943996728963974,-2.295353315806239,-1.8087541298315322,-1.434008044519097,0.3076923076923077,26,-3.532121632959876,CHFSGD.,逆張z1_3日,0.1524685890834192
6586,-0.0642975820905086,-10.496403005658697,-7.433905732939285,-7.409546811241165,0.0,26,-16.287072140311142,CHFSGD.,順張z1_3日,0.1524685890834192
6586,-0.010005092854497551,-1.5185341556013865,-1.2873217025282637,-0.8444012311847943,0.3076923076923077,26,-2.5343669822969583,CHFSGD.,逆張z1_5日,0.1524685890834192
6586,-0.06473267502249895,-9.77003506779221,-6.507603394739977,-7.353090260792029,0.0,26,-16.39728452685301,CHFSGD.,順張z1_5日,0.1524685890834192
6586,-0.03251066427740262,-4.533472985920351,-3.2503140226942335,-3.1688461602272304,0.11538461538461539,26,-8.235201343498991,CHFSGD.,ドンチャン20,0.1524685890834192
6586,-0.02674792360527424,-3.7650418598846187,-1.968193889963674,-3.4504485930535744,0.15384615384615385,26,-6.77545480247447,CHFSGD.,ドンチャン55,0.1524685890834192
6586,-0.03385137223656957,-12.357209618161667,-7.1608184820712335,-11.102067357636445,0.0,26,-8.57481298269412,CHFSGD.,月曜買,0.1524685890834192
6586,-0.031538079782709255,-11.583908047571194,-7.674441900178885,-9.180832462451024,0.0,26,-7.9888382095739665,CHFSGD.,月曜売,0.1524685890834192
6586,-0.03397248978624542,-10.413887353765238,-5.242452017169988,-11.587540172443957,0.0,26,-8.605492989700473,CHFSGD.,火曜買,0.1524685890834192
6586,-0.031516262843541046,-9.705540180335662,-6.3450610111728025,-8.51615328792002,0.0,26,-7.983311811060049,CHFSGD.,火曜売,0.1524685890834192
6586,-0.03262633970882902,-11.210901306875613,-5.859888944340998,-11.086926693749813,0.07692307692307693,26,-8.264502820090305,CHFSGD.,水曜買,0.1524685890834192
6586,-0.03281276261570361,-11.270033460383805,-7.821824021837612,-8.548000105731793,0.0,26,-8.311725176424,CHFSGD.,水曜売,0.1524685890834192
6586,-0.026975707950498473,-6.146381109343627,-6.527258004458264,-2.9414705514564607,0.038461538461538464,26,-6.833154329307036,CHFSGD.,木曜買,0.1524685890834192
6586,-0.038413744068780335,-8.65107600046909,-6.506071884764717,-6.029339095993888,0.0,26,-9.73049686296105,CHFSGD.,木曜売,0.1524685890834192
6586,-0.03430612576274498,-11.645448919234777,-7.610676382607224,-9.54409726034252,0.038461538461538464,26,-8.690005548978402,CHFSGD.,金曜買,0.1524685890834192
6586,-0.0309840256460262,-10.598671978048149,-5.8324907662862095,-10.204729693110668,0.0,26,-7.8484920347972515,CHFSGD.,金曜売,0.1524685890834192
6586,-0.0068633088142078325,-3.460996834557835,-1.6691219492940663,-3.641819804183641,0.19230769230769232,26,-1.7385289173220302,CHFSGD.,月末2日買,0.1524685890834192
6586,-0.009301628325804237,-4.607360941359274,-3.245546679476193,-3.389496871385875,0.07692307692307693,26,-2.356174005913335,CHFSGD.,月末2日売,0.1524685890834192
6586,-0.008847455001096072,-4.468930405830505,-2.87970463998695,-3.851918501243922,0.19230769230769232,26,-2.2411284091237973,CHFSGD.,月初2日買,0.1524685890834192
6586,-0.007317482138915999,-3.7027752559782936,-1.9356593523636882,-3.899003596705069,0.19230769230769232,26,-1.8535745141115678,CHFSGD.,月初2日売,0.1524685890834192
6620,-0.014852232084949714,-46.37553545671435,-30.23279106429753,-35.87196427396576,0.0,26,-3.781606784706428,EURDKK.,MA5/20,0.036435809197084786
6620,-0.012316645811501607,-41.635942928951025,-28.001903680688994,-31.1752488800573,0.0,26,-3.136007510466947,EURDKK.,MA10/50,0.036435809197084786
6620,-0.011729957454047974,-41.601687352408575,-29.229962327668883,-29.649274717826476,0.0,26,-2.9866276286845226,EURDKK.,MA20/100,0.036435809197084786
6620,-0.010771811462407256,-39.80552378244199,-27.437322883909165,-28.872695388687394,0.038461538461538464,26,-2.7426689185052333,EURDKK.,MA50/200,0.036435809197084786
6620,-0.018495157467532837,-54.544053637090165,-36.39069547959413,-41.27099892120314,0.0,26,-4.709151632117976,EURDKK.,モメ20,0.036435809197084786
6620,-0.016418457054440186,-50.77057373614842,-34.28957228043087,-37.7052623181928,0.0,26,-4.180391757707463,EURDKK.,モメ60,0.036435809197084786
6620,-0.014286114976499606,-47.275911950345574,-32.441131408690175,-34.485275971234,0.0,26,-3.6374646594010542,EURDKK.,モメ120,0.036435809197084786
6620,-0.012392833536509835,-43.69578878069987,-30.221911272476497,-31.568104146034205,0.0,26,-3.1554060773728887,EURDKK.,モメ250,0.036435809197084786
6620,-0.010149826074355524,-35.79543435864272,-23.16465224702843,-27.64241910928068,0.0,26,-2.5843018697012914,EURDKK.,逆張z1_1日,0.036435809197084786
6620,-0.014735717954878593,-42.22585033940914,-28.58237307936237,-31.377430966503947,0.0,26,-3.751940494665242,EURDKK.,順張z1_1日,0.036435809197084786
6620,-0.01195730419433054,-40.09425368819437,-26.32231923165135,-30.60358093744606,0.0,26,-3.044513606402622,EURDKK.,逆張z1_3日,0.036435809197084786
6620,-0.01702363107203619,-48.98434877026371,-32.77328379146177,-36.83724138650647,0.0,26,-4.334478372956907,EURDKK.,順張z1_3日,0.036435809197084786
6620,-0.012809841889897582,-41.02942677410608,-26.945123790365923,-31.352519762063736,0.0,26,-3.261582819658538,EURDKK.,逆張z1_5日,0.036435809197084786
6620,-0.01814601429784684,-52.05677960139037,-34.4249639320572,-39.62298899949967,0.0,26,-4.620254409682542,EURDKK.,順張z1_5日,0.036435809197084786
6620,-0.01371610596070164,-43.890939577903644,-28.97534575286741,-33.65820158264004,0.0,26,-3.4923315946094178,EURDKK.,ドンチャン20,0.036435809197084786
6620,-0.011928167930526675,-41.32068571870688,-28.725204001925242,-29.833011258201854,0.0,26,-3.037095065387945,EURDKK.,ドンチャン55,0.036435809197084786
6620,-0.008611374355038498,-34.00416635776634,-24.629187404510944,-23.475665547050667,0.0,26,-2.192588393475187,EURDKK.,月曜買,0.036435809197084786
6620,-0.010352479998841266,-35.69709603777418,-24.991268834979063,-25.53360533949922,0.0,26,-2.635900676628045,EURDKK.,月曜売,0.036435809197084786
6620,-0.008891501054802908,-35.97896559131759,-24.458388485405102,-26.492264507911493,0.0,26,-2.2639129608767403,EURDKK.,火曜買,0.036435809197084786
6620,-0.010129689215490704,-36.922943719053656,-25.415084040049837,-26.89475437571743,0.0,26,-2.5791747156364795,EURDKK.,火曜売,0.036435809197084786
6620,-0.009458938535915923,-35.88390863565254,-24.25171531790053,-26.791077569216757,0.0,26,-2.408391273375516,EURDKK.,水曜買,0.036435809197084786
6620,-0.009504915817963843,-35.92225669053816,-24.018922808462776,-26.93447056754051,0.0,26,-2.420097796727717,EURDKK.,水曜売,0.036435809197084786
6620,-0.009506039219423452,-36.21279728120501,-24.874955532729903,-26.36423472243547,0.0,26,-2.4203838320224333,EURDKK.,木曜買,0.036435809197084786
6620,-0.009457815134456312,-36.17458261321706,-25.000433189710055,-26.232648560762282,0.0,26,-2.4081052380808,EURDKK.,木曜売,0.036435809197084786
6620,-0.010107258807892554,-34.82064307130851,-24.088267172387095,-25.152719327284046,0.0,26,-2.573463588778796,EURDKK.,金曜買,0.036435809197084786
6620,-0.008870929525090674,-33.510975883776936,-23.914413756238158,-23.523903924918653,0.0,26,-2.2586751329269332,EURDKK.,金曜売,0.036435809197084786
6620,-0.0027248572823502354,-17.331967519544204,-11.392639137281881,-13.21679035954873,0.0,26,-0.6937905849676368,EURDKK.,月末2日買,0.036435809197084786
6620,-0.0026968121036389566,-17.40206218017161,-12.123447790592769,-12.52339553593191,0.0,26,-0.6866498510034573,EURDKK.,月末2日売,0.036435809197084786
6620,-0.0025845357048933926,-16.983267584798526,-11.202238816382875,-12.916716376021357,0.0,26,-0.6580625525536252,EURDKK.,月初2日買,0.036435809197084786
6620,-0.002837133681095799,-18.118250237616706,-12.686046501538465,-12.96839896200916,0.0,26,-0.7223778834174688,EURDKK.,月初2日売,0.036435809197084786
5629,-0.011884593435129513,-1.6337471789127171,-0.6379270729791063,-1.8919943621488409,0.2727272727272727,22,-3.0408352930156393,EURHKD.,MA5/20,0.0246841500279078
5629,-0.006160414069039492,-0.8492367357532574,-0.4133651477381261,-0.8702808330368814,0.4090909090909091,22,-1.5762259452101497,EURHKD.,MA10/50,0.0246841500279078
5629,-0.003033675308367346,-0.4197424147665825,0.24127051016701725,-1.029907581276809,0.45454545454545453,22,-0.776207195945445,EURHKD.,MA20/100,0.0246841500279078
5629,-0.010065035884471074,-1.4094492501746871,-0.4917117137536255,-1.6872273779309315,0.3181818181818182,22,-2.5752766815312578,EURHKD.,MA50/200,0.0246841500279078
5629,-0.007990004726567338,-1.098379965300838,0.507706321776738,-2.5480228675003285,0.3181818181818182,22,-2.0443516639021615,EURHKD.,モメ20,0.0246841500279078
5629,-0.010503169238785259,-1.4488312380725457,-0.6173943600366807,-1.6022744415061358,0.4090909090909091,22,-2.6873790747782826,EURHKD.,モメ60,0.0246841500279078
5629,-0.00024146598553284593,-0.033541092060994634,0.5500813569831863,-0.7932584519825794,0.4090909090909091,22,-0.06178236511656266,EURHKD.,モメ120,0.0246841500279078
5629,-0.015256480755100225,-2.145880771330708,-1.3107196957587872,-1.8207575751659024,0.2727272727272727,22,-3.9035786441117795,EURHKD.,モメ250,0.0246841500279078
5629,-0.007457250985710361,-1.8042624678242674,-1.4142378294692781,-1.122626748299917,0.36363636363636365,22,-1.9080393544801646,EURHKD.,逆張z1_1日,0.0246841500279078
5629,-0.01224160007183824,-2.9612757410830617,-1.5481491799743985,-2.9001328045924653,0.2727272727272727,22,-3.1321803092898843,EURHKD.,順張z1_1日,0.0246841500279078
5629,-0.011896849275290474,-1.9847619477588356,-1.6647021576604057,-1.0862545027874382,0.4090909090909091,22,-3.0439711168459125,EURHKD.,逆張z1_3日,0.0246841500279078
5629,-0.012795018320954756,-2.1344740804975997,-0.8760177971459993,-2.4117210024745415,0.2727272727272727,22,-3.2737799149388334,EURHKD.,順張z1_3日,0.0246841500279078
5629,-0.012709048202890691,-1.8962168630215295,-1.6381633084240184,-0.9738071541687465,0.4090909090909091,22,-3.25178328791235,EURHKD.,逆張z1_5日,0.0246841500279078
5629,-0.014464102242564215,-2.1577761534647806,-0.8744068391890325,-2.446331064703202,0.22727272727272727,22,-3.700837796517908,EURHKD.,順張z1_5日,0.0246841500279078
5629,-0.0017781555719617772,-0.24451558684575905,0.6481362059235128,-1.294918696500436,0.45454545454545453,22,-0.454965350662402,EURHKD.,ドンチャン20,0.0246841500279078
5629,-0.008098878533080929,-1.1199360216679903,-0.6328549469103484,-1.0270902134505826,0.36363636363636365,22,-2.0722085119414793,EURHKD.,ドンチャン55,0.0246841500279078
5629,-0.008239177110352592,-2.741686100515782,-2.566512532433764,-1.114547251345472,0.36363636363636365,22,-2.1081058160988517,EURHKD.,月曜買,0.0246841500279078
5629,-0.006017600201865461,-2.004929211809615,-0.34020244779968134,-2.9934855167999417,0.22727272727272727,22,-1.5396850698318494,EURHKD.,月曜売,0.0246841500279078
5629,-0.006856534592072208,-2.144267955439344,-1.13122265405566,-2.1280287183213624,0.36363636363636365,22,-1.7543378735806572,EURHKD.,火曜買,0.0246841500279078
5629,-0.007412904156479962,-2.317624790840454,-1.5783951435659571,-1.7897933801472221,0.22727272727272727,22,-1.8966926134920783,EURHKD.,火曜売,0.0246841500279078
5629,-0.004023447448435192,-1.2114237885684187,-0.3270486236361586,-1.6154425727160642,0.4090909090909091,22,-1.0294538948746228,EURHKD.,水曜買,0.0246841500279078
5629,-0.010220668427448738,-3.0686291814915942,-2.3077181692861894,-2.0460297013726216,0.36363636363636365,22,-2.6150973899140437,EURHKD.,水曜売,0.0246841500279078
5629,-0.00547512341940448,-1.5830519590017778,-1.1295214283241661,-1.12199457866936,0.36363636363636365,22,-1.4008849876285372,EURHKD.,木曜買,0.0246841500279078
5629,-0.00878165389281357,-2.535539281159588,-1.5040034668755684,-2.1774130683048263,0.22727272727272727,22,-2.2469058983021637,EURHKD.,木曜売,0.0246841500279078
5629,-0.01212339448836428,-3.648770888143124,-2.8135167820718294,-2.333821927272897,0.18181818181818182,22,-3.10193579886375,EURHKD.,金曜買,0.0246841500279078
5629,-0.0021207213875196534,-0.641222571505247,0.15631033083996107,-1.2970627321066615,0.36363636363636365,22,-0.5426154859249155,EURHKD.,金曜売,0.0246841500279078
5629,-0.001378077854104679,-0.658670180173196,-0.9779346965791378,0.21250390246493805,0.4090909090909091,22,-0.35260001094342,EURHKD.,月末2日買,0.0246841500279078
5629,-0.0029421305666725165,-1.3994057162785998,-0.30301718957470075,-1.9231126609080886,0.45454545454545453,22,-0.7527842254454362,EURHKD.,月末2日売,0.0246841500279078
5629,-0.002876444146757918,-1.2700856844557193,-0.4978592321835761,-1.4755371313223593,0.3181818181818182,22,-0.735977459186378,EURHKD.,月初2日買,0.0246841500279078
5629,-0.001443764274019277,-0.6392494331454641,-0.6875012229856647,-0.14133364843141916,0.5454545454545454,22,-0.369406777202478,EURHKD.,月初2日売,0.0246841500279078
5950,-0.028741972342119358,-4.014456042704245,-3.168997704285445,-2.473737121463573,0.16666666666666666,24,-7.125613976483759,EURHUF.,MA5/20,0.09055229164147273
5950,-0.026175037179818585,-3.684099729357686,-1.3189538527857139,-4.518742500486103,0.125,24,-6.489227967496693,EURHUF.,MA10/50,0.09055229164147273
5950,-0.02001573501670399,-2.830225411747313,-1.0736464760477356,-3.37324883845768,0.25,24,-4.962234306224533,EURHUF.,MA20/100,0.09055229164147273
5950,-0.012705631197672542,-1.805865925597265,-1.069341007288669,-1.6074870819613138,0.3333333333333333,24,-3.1499377344229864,EURHUF.,MA50/200,0.09055229164147273
5950,-0.03305383856932736,-4.617028874060568,-2.8180935399317124,-4.025522781853683,0.125,24,-8.194597478645742,EURHUF.,モメ20,0.09055229164147273
5950,-0.023315425206898742,-3.2822677848795236,-1.4009084394210245,-3.702659827972127,0.16666666666666666,24,-5.780282499210313,EURHUF.,モメ60,0.09055229164147273
5950,-0.02611640649668326,-3.6960209863523925,-2.2696678762134335,-3.182656498490749,0.16666666666666666,24,-6.474692443969393,EURHUF.,モメ120,0.09055229164147273
5950,-0.0278459278636286,-3.9697793691186365,-2.4537013970709878,-3.384899840910981,0.125,24,-6.903469616191259,EURHUF.,モメ250,0.09055229164147273
5950,-0.030018351020905037,-7.4113550839724995,-3.9984534958217393,-7.076047563414141,0.125,24,-7.442049523932707,EURHUF.,逆張z1_1日,0.09055229164147273
5950,-0.02651917146518398,-6.606022004228386,-4.5216469370507095,-5.020262432208213,0.08333333333333333,24,-6.574544592410195,EURHUF.,順張z1_1日,0.09055229164147273
5950,-0.02298141550601249,-3.8120319015085826,-1.4212797413718516,-4.6345457379508295,0.16666666666666666,24,-5.697475927532264,EURHUF.,逆張z1_3日,0.09055229164147273
5950,-0.03333276837499145,-5.555747017514331,-4.262310588032191,-3.6039070629815986,0.125,24,-8.263748826299965,EURHUF.,順張z1_3日,0.09055229164147273
5950,-0.019786568354588044,-2.9587047180295087,-0.6364390344399481,-4.327441048540027,0.16666666666666666,24,-4.905420071241621,EURHUF.,逆張z1_5日,0.09055229164147273
5950,-0.036049878865981766,-5.405074950268417,-4.431817767084233,-3.0970747503311786,0.125,24,-8.937365802191316,EURHUF.,順張z1_5日,0.09055229164147273
5950,-0.020089272499547606,-2.8073366353111946,-1.3557747887545268,-2.9601669107530295,0.20833333333333334,24,-4.980465473846178,EURHUF.,ドンチャン20,0.09055229164147273
5950,-0.018112703210491406,-2.5629363577864583,-1.2295381429562944,-2.6928814342745886,0.20833333333333334,24,-4.490441004267665,EURHUF.,ドンチャン55,0.09055229164147273
5950,-0.019788279181507076,-6.042951946358569,-3.7771213279947955,-5.106085764335264,0.08333333333333333,24,-4.9058442137486304,EURHUF.,月曜買,0.09055229164147273
5950,-0.021841534729875572,-6.652097907176102,-4.0311230165951955,-5.79058305454527,0.08333333333333333,24,-5.414880485114985,EURHUF.,月曜売,0.09055229164147273
5950,-0.024897235344738103,-7.534102326250166,-4.9609603318818,-6.056490226611929,0.08333333333333333,24,-6.172439595882989,EURHUF.,火曜買,0.09055229164147273
5950,-0.017013386754916947,-5.201343188412831,-2.8017868697476205,-5.066781110257959,0.08333333333333333,24,-4.217902132989826,EURHUF.,火曜売,0.09055229164147273
5950,-0.021666488296753498,-6.439799091025839,-3.845477627459056,-5.625248698880968,0.041666666666666664,24,-5.371483556903471,EURHUF.,水曜買,0.09055229164147273
5950,-0.020173931755833447,-6.007304411572839,-3.9061174991107572,-4.825034096205987,0.08333333333333333,24,-5.001453914467043,EURHUF.,水曜売,0.09055229164147273
5950,-0.021062942538968413,-6.401492075272471,-4.191118869832147,-5.254650429203566,0.08333333333333333,24,-5.221854504452586,EURHUF.,木曜買,0.09055229164147273
5950,-0.020707275466550438,-6.2963024238436,-3.4357980524279657,-6.168671445374617,0.041666666666666664,24,-5.133678709415628,EURHUF.,木曜売,0.09055229164147273
5950,-0.021346338389495966,-7.115644452922342,-3.69178955352855,-7.068810836290805,0.041666666666666664,24,-5.292113059062542,EURHUF.,金曜買,0.09055229164147273
5950,-0.020353677568954783,-6.795286393087721,-4.822379072298491,-4.963558416657225,0.0,24,-5.0460158973033735,EURHUF.,金曜売,0.09055229164147273
5950,-0.006538122030131422,-3.1827832833216894,-1.2287049706961435,-3.880134480712286,0.125,24,-1.6209094199700818,EURHUF.,月末2日買,0.09055229164147273
5950,-0.0044765896179209015,-2.1727659686297014,-1.9866008318891286,-0.9317695824449085,0.16666666666666666,24,-1.1098211761095567,EURHUF.,月末2日売,0.09055229164147273
5950,-0.008989887360046916,-3.907223595946707,-2.4064383761931625,-3.5140216582205928,0.25,24,-2.228742908011631,EURHUF.,月初2日買,0.09055229164147273
5950,-0.0020248242880054083,-0.8967897622919165,-0.436129677561975,-1.0011834698708146,0.5,24,-0.5019876880680074,EURHUF.,月初2日売,0.09055229164147273
6599,-0.018384828687268144,-2.8592908679597757,-2.197797366796031,-1.8894897061125062,0.2692307692307692,26,-4.666210942587787,EURNOK.,MA5/20,0.09077765799232365
6599,-0.018641585794841774,-2.9040522549256194,-2.4046879374563805,-1.7773600160098781,0.2692307692307692,26,-4.731377871544648,EURNOK.,MA10/50,0.09077765799232365
6599,-0.022148714947604838,-3.4600065128825013,-1.7290439954903853,-3.0603817387244634,0.15384615384615385,26,-5.621514228432473,EURNOK.,MA20/100,0.09077765799232365
6599,-0.012559504957112236,-1.9676518162622594,0.4522276936811458,-2.9157925386684522,0.3076923076923077,26,-3.1876989696916787,EURNOK.,MA50/200,0.09077765799232365
6599,-0.02150889734591463,-3.343004154168005,-2.913175631672807,-1.9239938138951989,0.38461538461538464,26,-5.459123599449639,EURNOK.,モメ20,0.09077765799232365
6599,-0.02635999647153999,-4.111420869187101,-2.506808335754905,-3.262289364749214,0.15384615384615385,26,-6.690369873680475,EURNOK.,モメ60,0.09077765799232365
6599,-0.019838788414258925,-3.1007818718731013,-1.8946199491316384,-2.456508264007569,0.34615384615384615,26,-5.035237105603641,EURNOK.,モメ120,0.09077765799232365
6599,-0.009820147544934035,-1.5401236519531474,-0.7306762426134707,-1.392078218136941,0.34615384615384615,26,-2.492428986500757,EURNOK.,モメ250,0.09077765799232365
6599,-0.024436731523911334,-6.145326398126272,-5.429111266838276,-3.4455626367395973,0.07692307692307693,26,-6.202230435626574,EURNOK.,逆張z1_1日,0.09077765799232365
6599,-0.0286467760927504,-7.197366000298548,-4.687607219921185,-5.462138061292266,0.07692307692307693,26,-7.270772132156149,EURNOK.,順張z1_1日,0.09077765799232365
6599,-0.01786083515410649,-3.2445943150312986,-3.1647655281878886,-1.5978815943586484,0.19230769230769232,26,-4.5332173531518745,EURNOK.,逆張z1_3日,0.09077765799232365
6599,-0.0333595470735714,-6.063839829201045,-4.053945416324514,-4.518273905766088,0.07692307692307693,26,-8.46690965917299,EURNOK.,順張z1_3日,0.09077765799232365
6599,-0.017052875911346372,-2.879160273496621,-3.102223826890855,-1.171582551669866,0.23076923076923078,26,-4.328151082268257,EURNOK.,逆張z1_5日,0.09077765799232365
6599,-0.03332855719305768,-5.628003856176881,-3.415212549608785,-4.478363298887658,0.038461538461538464,26,-8.459044189114909,EURNOK.,順張z1_5日,0.09077765799232365
6599,-0.012957459793594745,-2.0152979231687134,-2.212701630404151,-0.7785010143290675,0.34615384615384615,26,-3.2887029683819886,EURNOK.,ドンチャン20,0.09077765799232365
6599,-0.01868789717206703,-2.916449338048483,-1.4021846531472124,-2.6258076718058683,0.23076923076923078,26,-4.74313205532578,EURNOK.,ドンチャン55,0.09077765799232365
6599,-0.020185579795358132,-6.925395631804708,-6.064618674978986,-3.929296177492258,0.07692307692307693,26,-5.123255425752627,EURNOK.,月曜買,0.09077765799232365
6599,-0.020478730951763165,-7.022985864127573,-4.742029972701175,-5.188640654060666,0.11538461538461539,26,-5.197659444257121,EURNOK.,月曜売,0.09077765799232365
6599,-0.018130475526370367,-6.731378101006361,-4.326286959505274,-5.15726186455871,0.07692307692307693,26,-4.601654153789155,EURNOK.,火曜買,0.09077765799232365
6599,-0.022626254108812572,-8.337148182862567,-7.23697273344675,-4.764334419197558,0.07692307692307693,26,-5.74271734092516,EURNOK.,火曜売,0.09077765799232365
6599,-0.02683086122115054,-8.734272689354157,-6.179551616633438,-6.183205714448163,0.038461538461538464,26,-6.809878969168168,EURNOK.,水曜買,0.09077765799232365
6599,-0.013833449525970763,-4.58165594621175,-3.684323936696359,-2.8356022197377886,0.11538461538461539,26,-3.5110359008415792,EURNOK.,水曜売,0.09077765799232365
6599,-0.018273528538916242,-5.774904773029574,-5.101875042863152,-3.198437016057547,0.11538461538461539,26,-4.637962108781087,EURNOK.,木曜買,0.09077765799232365
6599,-0.02229836332014342,-7.012184782667025,-4.573473516797825,-5.315627283668518,0.038461538461538464,26,-5.659496136524092,EURNOK.,木曜売,0.09077765799232365
6599,-0.01980486451713373,-7.256924610646719,-6.959863187824947,-4.01430234770326,0.15384615384615385,26,-5.02662695956021,EURNOK.,金曜買,0.09077765799232365
6599,-0.02082863993396702,-7.619159320280627,-6.1792695585017245,-5.008513389802375,0.11538461538461539,26,-5.2864690355480155,EURNOK.,金曜売,0.09077765799232365
6599,-0.006547432772961285,-3.711719135513754,-4.175256084273691,-1.2145575154127966,0.3076923076923077,26,-1.6617888026450585,EURNOK.,月末2日買,0.09077765799232365
6599,-0.0038871801595625126,-2.1997657295547253,-0.185241252149182,-2.7793447599878585,0.38461538461538464,26,-0.9865962258828083,EURNOK.,月末2日売,0.09077765799232365
6599,-0.007783197231057693,-4.1021621734274225,-3.5886586868661974,-2.260010955354082,0.2692307692307692,26,-1.9754353279903734,EURNOK.,月初2日買,0.09077765799232365
6599,-0.002651415701466106,-1.4216008512700273,-0.44736889871885754,-1.5210576288859328,0.34615384615384615,26,-0.6729497005374934,EURNOK.,月初2日売,0.09077765799232365
5816,-0.015901138944618084,-2.3697039055951232,-1.1850369963196714,-2.699093987448551,0.21739130434782608,23,-4.020914091386902,EURPLN.,MA5/20,0.107094814583539
5816,-0.011977969346968322,-1.7906348501771336,-0.08852628447901524,-3.446700822710412,0.30434782608695654,23,-3.028863900955118,EURPLN.,MA10/50,0.107094814583539
5816,-0.02079458449065851,-3.1223685243102066,-0.702516378204136,-5.039699051975434,0.13043478260869565,23,-5.258317539029124,EURPLN.,MA20/100,0.107094814583539
5816,-0.016927229260014495,-2.555451752804761,-0.8410429323757842,-3.640811291186389,0.21739130434782608,23,-4.280381103314968,EURPLN.,MA50/200,0.107094814583539
5816,-0.017331810740517227,-2.5808555179155532,-0.3660320392591065,-4.554895314972868,0.30434782608695654,23,-4.382687446384702,EURPLN.,モメ20,0.107094814583539
5816,-0.02635245723161617,-3.9412773400000396,-1.450476159999178,-5.380903761070928,0.08695652173913043,23,-6.663734402568679,EURPLN.,モメ60,0.107094814583539
5816,-0.024685873020597965,-3.703144512644933,-1.436175484596696,-4.919205561700674,0.21739130434782608,23,-6.242305977730337,EURPLN.,モメ120,0.107094814583539
5816,-0.016136226519756824,-2.4567741634347375,-1.4253417574658154,-2.4233109804978765,0.21739130434782608,23,-4.080360584300246,EURPLN.,モメ250,0.107094814583539
5816,-0.02868283517650982,-7.151857614409992,-3.8251457023197357,-7.436263953789649,0.08695652173913043,23,-7.253016060286137,EURPLN.,逆張z1_1日,0.107094814583539
5816,-0.03323574685731094,-8.304847653580929,-5.30977702102738,-7.247968387558434,0.043478260869565216,23,-8.404308857483498,EURPLN.,順張z1_1日,0.107094814583539
5816,-0.026780899619410176,-4.720981877442171,-2.4836599814692217,-5.146817914274427,0.08695652173913043,23,-6.77207444289085,EURPLN.,逆張z1_3日,0.107094814583539
5816,-0.030980841977406543,-5.467259429426878,-3.4390376582615776,-5.002133725194978,0.043478260869565216,23,-7.834112040895496,EURPLN.,順張z1_3日,0.107094814583539
5816,-0.024170826788563308,-3.85453620785617,-1.6354840078694295,-4.946935833453854,0.08695652173913043,23,-6.112066460968875,EURPLN.,逆張z1_5日,0.107094814583539
5816,-0.03220277779291139,-5.136555671962761,-3.584000027917053,-4.110783793337335,0.043478260869565216,23,-8.143102419285764,EURPLN.,順張z1_5日,0.107094814583539
5816,-0.011901464713832906,-1.7737246771177175,-0.48138995076997493,-2.7302177766516307,0.30434782608695654,23,-3.00951820763705,EURPLN.,ドンチャン20,0.107094814583539
5816,-0.014358435931658784,-2.148225870543414,-0.36458122972625684,-3.683652470150199,0.08695652173913043,23,-3.630811451240324,EURPLN.,ドンチャン55,0.107094814583539
5816,-0.02292024069565371,-7.378518282329415,-3.9340982527560064,-7.902748751523729,0.08695652173913043,23,-5.795831299387911,EURPLN.,月曜買,0.107094814583539
5816,-0.024262570722424513,-7.793047705858939,-4.843248295192433,-7.210239253137224,0.13043478260869565,23,-6.135265709635695,EURPLN.,月曜売,0.107094814583539
5816,-0.025989799070496235,-8.358244420284501,-5.039617313597453,-7.969558056109615,0.0,23,-6.572029191043744,EURPLN.,火曜買,0.107094814583539
5816,-0.021314826834891994,-6.909248823688442,-3.7748189102168883,-7.262958947558093,0.0,23,-5.389870994423125,EURPLN.,火曜売,0.107094814583539
5816,-0.024619181299485284,-7.729856189210209,-4.396304109893484,-7.875255319071459,0.13043478260869565,23,-6.225441671208976,EURPLN.,水曜買,0.107094814583539
5816,-0.02260423494769627,-7.1202231035474775,-4.159950804271754,-7.087623188780332,0.043478260869565216,23,-5.715923063295716,EURPLN.,水曜売,0.107094814583539
5816,-0.017729943922420305,-5.688125904100894,-3.1716191229377557,-5.987123886229853,0.08695652173913043,23,-4.483363210991152,EURPLN.,木曜買,0.107094814583539
5816,-0.02949347232476126,-9.281307291937576,-5.406710835580249,-9.243016404544557,0.043478260869565216,23,-7.45800152351354,EURPLN.,木曜売,0.107094814583539
5816,-0.03259476786640164,-11.52453497380901,-7.649552123828329,-9.378804846495436,0.0,23,-8.24222477873878,EURPLN.,金曜買,0.107094814583539
5816,-0.01462864838077991,-5.371971379697476,-2.406494286088408,-6.154627460574491,0.08695652173913043,23,-3.6991399557659115,EURPLN.,金曜売,0.107094814583539
5816,-0.010129370541774135,-5.380107628968625,-3.4276249977156525,-4.741494613684105,0.043478260869565216,23,-2.5614095248242763,EURPLN.,月末2日買,0.107094814583539
5816,-0.001853770895639029,-0.9869262568700119,-0.2836371600464615,-1.463319208459826,0.34782608695652173,23,-0.46876224039289527,EURPLN.,月末2日売,0.107094814583539
5816,-0.011816071096314452,-5.347843155462338,-3.6017883925101084,-4.496459008937218,0.08695652173913043,23,-2.98792476070282,EURPLN.,月初2日買,0.107094814583539
5816,-0.00016707034109870883,-0.07777173335873848,0.47943827719145155,-1.0060296603258525,0.4782608695652174,23,-0.04224700451435176,EURPLN.,月初2日売,0.107094814583539
5835,-0.017652614022367466,-3.132852329265636,-3.001663829356522,-1.296006768688493,0.43478260869565216,23,-4.478391426978878,EURSEK.,MA5/20,0.05757186128404618
5835,-0.020045841818789555,-3.5638325574888783,-3.1296811175707195,-1.8153507519326872,0.30434782608695654,23,-5.085542913592917,EURSEK.,MA10/50,0.05757186128404618
5835,-0.016143876202000647,-2.8712125713757666,-1.5694066578546444,-2.59594612931102,0.21739130434782608,23,-4.09563120168147,EURSEK.,MA20/100,0.05757186128404618
5835,-0.011525316258212095,-2.0565426077594697,-0.29700148437604534,-2.836272019615514,0.30434782608695654,23,-2.9239226246377226,EURSEK.,MA50/200,0.05757186128404618
5835,-0.022913073672631533,-4.065687737305439,-3.493028911977781,-2.1621630135574357,0.21739130434782608,23,-5.812947168687175,EURSEK.,モメ20,0.05757186128404618
5835,-0.021047758517423677,-3.7416857921691955,-2.618090751900499,-2.7001945846582296,0.17391304347826086,23,-5.339724823876836,EURSEK.,モメ60,0.05757186128404618
5835,-0.02451962005017147,-4.359657012785209,-2.156382985558424,-4.210392591740454,0.30434782608695654,23,-6.220520999684807,EURSEK.,モメ120,0.05757186128404618
5835,-0.009604418516497787,-1.7144788341470958,-0.6023798152665619,-1.9421092943351963,0.21739130434782608,23,-2.4365992192941146,EURSEK.,モメ250,0.05757186128404618
5835,-0.009134085235284624,-2.8079674620832598,-2.8138844164052013,-0.9679910086666212,0.2608695652173913,23,-2.3172777107776428,EURSEK.,逆張z1_1日,0.05757186128404618
5835,-0.027463829263994155,-8.380036587451134,-4.280069484969776,-8.026744228479641,0.08695652173913043,23,-6.967454076321994,EURSEK.,順張z1_1日,0.05757186128404618
5835,-0.010593134803052635,-2.2473633300955784,-0.9292636953367331,-2.400518745722029,0.13043478260869565,23,-2.687432242426614,EURSEK.,逆張z1_3日,0.05757186128404618
5835,-0.02704356168039388,-5.722338340049712,-4.328316599546125,-3.7441303890055453,0.08695652173913043,23,-6.860834017612972,EURSEK.,順張z1_3日,0.05757186128404618
5835,-0.011695610662043554,-2.257748951167832,-1.258087756716039,-2.017380408028824,0.13043478260869565,23,-2.967125574479311,EURSEK.,逆張z1_5日,0.05757186128404618
5835,-0.026475802648322083,-5.104570371331829,-3.566264903049573,-3.690861386266971,0.043478260869565216,23,-6.716796019693883,EURSEK.,順張z1_5日,0.05757186128404618
5835,-0.02018943506653199,-3.585898452353051,-3.4953034207279527,-1.4136277865105022,0.30434782608695654,23,-5.121971896226705,EURSEK.,ドンチャン20,0.05757186128404618
5835,-0.019907024176452924,-3.5408452396405963,-2.3217537268568256,-2.740896347879362,0.17391304347826086,23,-5.05032548128708,EURSEK.,ドンチャン55,0.05757186128404618
5835,-0.013395744484004555,-5.07715713666089,-3.5253679175846573,-3.753325718565863,0.13043478260869565,23,-3.3984421332246346,EURSEK.,月曜買,0.05757186128404618
5835,-0.013823409935635482,-5.236243696380329,-2.9659858585769885,-4.741094338021989,0.13043478260869565,23,-3.5069389988883937,EURSEK.,月曜売,0.05757186128404618
5835,-0.014074131257266405,-5.417894182748341,-2.5685632308518054,-5.343943202845437,0.13043478260869565,23,-3.570545908093456,EURSEK.,火曜買,0.05757186128404618
5835,-0.013238399335339806,-5.102076620318712,-4.297077594103032,-2.8129057123890835,0.13043478260869565,23,-3.3585243531177293,EURSEK.,火曜売,0.05757186128404618
5835,-0.015041731504267658,-5.896170927901897,-4.115094470132766,-4.284109727518578,0.08695652173913043,23,-3.816021883800079,EURSEK.,水曜買,0.05757186128404618
5835,-0.012200766958613921,-4.802165902933786,-2.7913466106269182,-4.171290229034108,0.08695652173913043,23,-3.095281530587488,EURSEK.,水曜売,0.05757186128404618
5835,-0.007865196796650528,-3.0474930777972573,-2.4623619872561666,-1.8193904634122384,0.17391304347826086,23,-1.9953662308024274,EURSEK.,木曜買,0.05757186128404618
5835,-0.01935395762298951,-7.381014263389379,-4.560690656101866,-5.952967341555245,0.043478260869565216,23,-4.910014901310601,EURSEK.,木曜売,0.05757186128404618
5835,-0.011271491201382097,-4.874221863715936,-4.1482508803851195,-2.666244898284863,0.13043478260869565,23,-2.859528311307154,EURSEK.,金曜買,0.05757186128404618
5835,-0.01594766321825794,-6.840724626967011,-3.7099962038693675,-6.098359630299967,0.043478260869565216,23,-4.045852820805873,EURSEK.,金曜売,0.05757186128404618
5835,-0.0055793500702132695,-3.35113482230854,-3.6569761838668158,-0.8276561885952793,0.34782608695652173,23,-1.415456854769323,EURSEK.,月末2日買,0.05757186128404618
5835,-0.0017254009183824569,-1.0484044455076842,0.8543245338209505,-2.607315869077672,0.30434782608695654,23,-0.437726711250506,EURSEK.,月末2日売,0.05757186128404618
5835,-0.0030347093342614245,-1.741932360680198,-1.5055661014828745,-0.8994940840310285,0.30434782608695654,23,-0.7698925637137137,EURSEK.,月初2日買,0.05757186128404618
5835,-0.0042503083685471385,-2.418061984201859,-1.1295480679611833,-2.48477955890817,0.21739130434782608,23,-1.0782847534988067,EURSEK.,月初2日売,0.05757186128404618
6545,-0.012971024105515318,-2.412112411143887,-1.0174175631202806,-2.7549045377300474,0.2692307692307692,26,-3.2652058757922244,EURSGD.,MA5/20,0.0676052352027892
6545,-0.008780994247321169,-1.6438580791774442,-0.7877725027064217,-1.7343466484909547,0.2692307692307692,26,-2.2104464364891205,EURSGD.,MA10/50,0.0676052352027892
6545,-0.008782007576978479,-1.657639401545505,-1.0602804547324558,-1.3669482648486153,0.34615384615384615,26,-2.2107015227432396,EURSGD.,MA20/100,0.0676052352027892
6545,-0.005338423277933251,-1.0214106869448225,-0.06603166311454244,-1.6425285564899368,0.2692307692307692,26,-1.343845398233585,EURSGD.,MA50/200,0.0676052352027892
6545,-0.02442842586185066,-4.536354345788753,-2.7843716035907904,-3.934825296385446,0.11538461538461539,26,-6.149386433300487,EURSGD.,モメ20,0.0676052352027892
6545,-0.016946424702743844,-3.179733273407229,-2.275695352152951,-2.28768143819408,0.23076923076923078,26,-4.265936526133021,EURSGD.,モメ60,0.0676052352027892
6545,-0.010992578958290736,-2.0787593642991373,-1.5538271645181352,-1.399992063879526,0.4230769230769231,26,-2.7671703570004973,EURSGD.,モメ120,0.0676052352027892
6545,-0.009498757249258492,-1.8263561613162285,-0.6965259032024774,-2.1357949229529973,0.3076923076923077,26,-2.3911294690921885,EURSGD.,モメ250,0.0676052352027892
6545,-0.011950821943074764,-3.9123904486359264,-2.0832353177674534,-3.789136627496001,0.19230769230769232,26,-3.0083896006701667,EURSGD.,逆張z1_1日,0.0676052352027892
6545,-0.03033130023199381,-9.79420378341881,-6.455480013722853,-7.7700592841199,0.038461538461538464,26,-7.635321539169211,EURSGD.,順張z1_1日,0.0676052352027892
6545,-0.01566166030729873,-3.5641268869023204,-2.096851277084826,-3.2217227805334177,0.2692307692307692,26,-3.9425217965873154,EURSGD.,逆張z1_3日,0.0676052352027892
6545,-0.02668192640604192,-6.038447252377296,-3.757977283618744,-5.16535397130368,0.15384615384615385,26,-6.716661858751708,EURSGD.,順張z1_3日,0.0676052352027892
6545,-0.011855155636008294,-2.4183407137546515,-0.8556095304604152,-2.987165260913505,0.3076923076923077,26,-2.984307447602858,EURSGD.,逆張z1_5日,0.0676052352027892
6545,-0.03135441377045689,-6.367759700738329,-4.536058488379262,-4.61609279203886,0.15384615384615385,26,-7.89287069721694,EURSGD.,順張z1_5日,0.0676052352027892
6545,-0.017442706039839738,-3.2453261231966923,-1.692481921294783,-3.2395551724224934,0.15384615384615385,26,-4.390865808875045,EURSGD.,ドンチャン20,0.0676052352027892
6545,-0.012168558465229492,-2.283472221689591,-1.6652959572803137,-1.5990931794996988,0.2692307692307692,26,-3.063200582881812,EURSGD.,ドンチャン55,0.0676052352027892
6545,-0.0138787764390206,-6.062048143453183,-4.872131943551797,-3.611826062010928,0.11538461538461539,26,-3.493715068976532,EURSGD.,月曜買,0.0676052352027892
6545,-0.017592538898870608,-7.632329045547518,-3.585991676348934,-8.013247307174844,0.11538461538461539,26,-4.428583349734928,EURSGD.,月曜売,0.0676052352027892
6545,-0.014617421226565439,-6.060701965127786,-2.45304913116495,-7.089052914215689,0.19230769230769232,26,-3.679654689533492,EURSGD.,火曜買,0.0676052352027892
6545,-0.0169019786267389,-6.981615732885404,-5.41136936467045,-4.4669664511222935,0.07692307692307693,26,-4.2547480812310035,EURSGD.,火曜売,0.0676052352027892
6545,-0.015384813853318243,-6.428246925577649,-3.2465473061053594,-6.626820836258593,0.07692307692307693,26,-3.8728310257679968,EURSGD.,水曜買,0.0676052352027892
6545,-0.016086501484572965,-6.713527815967262,-4.690640179047679,-5.052422874373176,0.038461538461538464,26,-4.0494673929434635,EURSGD.,水曜売,0.0676052352027892
6545,-0.012949293181544651,-5.040591803298748,-2.7074805570895757,-4.73344545255226,0.07692307692307693,26,-3.259735533584991,EURSGD.,木曜買,0.0676052352027892
6545,-0.018497979898639993,-7.142911437649031,-4.983323668622554,-5.2360805525482945,0.0,26,-4.656510709099953,EURSGD.,木曜売,0.0676052352027892
6545,-0.018202309681815992,-7.1946806538765,-4.3956874612771415,-6.427393786852962,0.07692307692307693,26,-4.582081417980218,EURSGD.,金曜買,0.0676052352027892
6545,-0.013244963398368656,-5.274678401516299,-3.0445653713228205,-4.9937837179830185,0.11538461538461539,26,-3.3341648247047257,EURSGD.,金曜売,0.0676052352027892
6545,-0.0048142432846511405,-2.9369639809388275,-2.154048463732283,-2.039386316033732,0.3076923076923077,26,-1.2118931653092966,EURSGD.,月末2日買,0.0676052352027892
6545,-0.003495812168507013,-2.1115695724042243,-0.9426061337906995,-2.2914048051704294,0.38461538461538464,26,-0.8800034862645538,EURSGD.,月末2日売,0.0676052352027892
6545,-0.002572004908477823,-1.5029746881569461,-0.5848326610151585,-1.8646952683115154,0.38461538461538464,26,-0.6474527740764364,EURSGD.,月初2日買,0.0676052352027892
6545,-0.00573805054468033,-3.308724944082364,-2.284720009568538,-2.5576631000918573,0.3076923076923077,26,-1.444443877497414,EURSGD.,月初2日売,0.0676052352027892
6615,-0.053643156652545355,-4.280873418159612,-2.9843630825201695,-3.069382444961535,0.15384615384615385,26,-13.648056971407213,EURTRY.,MA5/20,0.05187378868382452
6615,-0.05123334927308391,-4.130625557486172,-2.7647897847562173,-3.068917292303762,0.23076923076923078,26,-13.034946363132697,EURTRY.,MA10/50,0.05187378868382452
6615,-0.055223394139707005,-4.536393421705426,-3.5268256734355132,-2.935939986472327,0.07692307692307693,26,-14.050105855160071,EURTRY.,MA20/100,0.05187378868382452
6615,-0.0762168686777756,-6.403856856963166,-5.917244253212321,-3.3946780581002307,0.15384615384615385,26,-19.39133024244176,EURTRY.,MA50/200,0.05187378868382452
6615,-0.04306563228474166,-3.4417106247991396,-2.1089964061685724,-2.740978713482045,0.2692307692307692,26,-10.956890675521773,EURTRY.,モメ20,0.05187378868382452
6615,-0.06103397170633838,-4.927598156311377,-3.6769201704342773,-3.312663833617306,0.15384615384615385,26,-15.528450878362634,EURTRY.,モメ60,0.05187378868382452
6615,-0.080790152342029,-6.666751966544141,-5.550813333075488,-4.000633257163399,0.11538461538461539,26,-20.554879143943147,EURTRY.,モメ120,0.05187378868382452
6615,-0.07005778714783871,-5.930625277777338,-4.9688875536024835,-3.589757810873779,0.15384615384615385,26,-17.82431776857512,EURTRY.,モメ250,0.05187378868382452
6615,-0.02926519840042534,-3.6120201619871057,-2.0781907143688554,-2.960706618901253,0.19230769230769232,26,-7.445741823800524,EURTRY.,逆張z1_1日,0.05187378868382452
6615,-0.04211110473767028,-5.192724308611432,-5.128565206153267,-2.561084796189392,0.15384615384615385,26,-10.714036839988038,EURTRY.,順張z1_1日,0.05187378868382452
6615,-0.05365479725028989,-4.975151292193059,-3.0317834096128324,-3.964130186080369,0.11538461538461539,26,-13.651018608102602,EURTRY.,逆張z1_3日,0.05187378868382452
6615,-0.06178977361392563,-5.732478185771159,-5.119143201688074,-3.105351264539902,0.07692307692307693,26,-15.720744325235309,EURTRY.,順張z1_3日,0.05187378868382452
6615,-0.0694589466732304,-6.013335847190468,-3.992103113197073,-4.498787650666994,0.11538461538461539,26,-17.671958932439193,EURTRY.,逆張z1_5日,0.05187378868382452
6615,-0.06684705210864463,-5.790570622479777,-4.767548030784544,-3.4727278315744683,0.11538461538461539,26,-17.00743268071862,EURTRY.,順張z1_5日,0.05187378868382452
6615,-0.04390323847943011,-3.5337924253609665,-2.222408741124815,-2.7579592909737096,0.2692307692307692,26,-11.169997020824237,EURTRY.,ドンチャン20,0.05187378868382452
6615,-0.060731766000863996,-4.939928585532473,-3.899008096831774,-3.1335496437401216,0.19230769230769232,26,-15.451562772912128,EURTRY.,ドンチャン55,0.05187378868382452
6615,-0.02043754750626033,-3.1915146693292185,-3.3893500249685147,-1.3539238418303992,0.15384615384615385,26,-5.1997837213043105,EURTRY.,月曜買,0.05187378868382452
6615,-0.03035113410931007,-4.722114404692023,-2.8945488078133237,-3.732225892412047,0.07692307692307693,26,-7.722028928195619,EURTRY.,月曜売,0.05187378868382452
6615,-0.026663913461392973,-4.516671469137708,-3.4684087132080745,-2.8973283263230525,0.19230769230769232,26,-6.7839149056582535,EURTRY.,火曜買,0.05187378868382452
6615,-0.024239935232670772,-4.110457955108017,-2.325517889840094,-3.5571039883029947,0.23076923076923078,26,-6.1671989063122,EURTRY.,火曜売,0.05187378868382452
6615,-0.02772573419061345,-4.881724210562156,-2.6326580966600317,-4.323351124130289,0.19230769230769232,26,-7.0540666027272305,EURTRY.,水曜買,0.05187378868382452
6615,-0.023024558398792496,-4.063085354874133,-3.507473204008445,-2.1962623325671697,0.23076923076923078,26,-5.857978992615861,EURTRY.,水曜売,0.05187378868382452
6615,-0.033289773390952744,-6.171617583143584,-6.264439363949482,-2.526754423382886,0.07692307692307693,26,-8.46968657619817,EURTRY.,木曜買,0.05187378868382452
6615,-0.017460519198453203,-3.264415299775578,-0.5101119227816319,-4.003351464748776,0.23076923076923078,26,-4.44235901914492,EURTRY.,木曜売,0.05187378868382452
6615,-0.03955683349060675,-7.348756588892486,-6.282628652517959,-4.049488389887893,0.07692307692307693,26,-10.064171290013986,EURTRY.,金曜買,0.05187378868382452
6615,-0.0111934590987992,-2.1114815956216453,-0.1886431346994823,-2.8526770800303476,0.38461538461538464,26,-2.847874305329104,EURTRY.,金曜売,0.05187378868382452
6615,-0.020346683997658477,-5.635112954104744,-5.1588175255449125,-2.6615246319116928,0.15384615384615385,26,-5.176665947865801,EURTRY.,月末2日買,0.05187378868382452
6615,0.001590713278394248,0.44994388323139395,1.7853104877910149,-1.3039735383058955,0.5769230769230769,26,0.4047141667914597,EURTRY.,月末2日売,0.05187378868382452
6615,-0.011976577473976095,-3.0801660465182623,-2.313733543252078,-2.075365122135828,0.15384615384615385,26,-3.0471176919366108,EURTRY.,月初2日買,0.05187378868382452
6615,-0.006779393245288135,-1.7551190709066067,-0.6171548876688909,-2.2035074077152417,0.5384615384615384,26,-1.7248340891377305,EURTRY.,月初2日売,0.05187378868382452
5086,-0.03319015361660974,-2.5530307459047936,-2.5462421959976416,-0.899259910406639,0.35,20,-8.440256064703858,EURZAR.,MA5/20,0.0781024504228304
5086,-0.026649042549867375,-2.0539820664476003,-0.9531403218652434,-2.0998870365396467,0.25,20,-6.776851520431269,EURZAR.,MA10/50,0.0781024504228304
5086,-0.002312320565410774,-0.17869577789256336,-0.06929644967182694,-0.1994345925790455,0.55,20,-0.5880231197839562,EURZAR.,MA20/100,0.0781024504228304
5086,-0.007408556586509687,-0.578018349973068,0.33635935405018147,-1.3305947909692322,0.35,20,-1.8839959399494106,EURZAR.,MA50/200,0.0781024504228304
5086,-0.033857157155320276,-2.604139285325502,-1.293561758890976,-2.5593611073993965,0.3,20,-8.609875064597945,EURZAR.,モメ20,0.0781024504228304
5086,-0.032569222420276704,-2.5123510991794333,-1.6605944232680672,-1.9469193769273065,0.15,20,-8.282353261476363,EURZAR.,モメ60,0.0781024504228304
5086,-0.0033061245313568185,-0.2560729336348522,0.40340106463920916,-0.9110263439681793,0.45,20,-0.8407474683240365,EURZAR.,モメ120,0.0781024504228304
5086,-0.016267144122433932,-1.276266595738266,-0.49243680577018395,-1.411289519024432,0.4,20,-4.136734750334946,EURZAR.,モメ250,0.0781024504228304
5086,-0.024705776052685827,-3.3088726399550645,-2.795760109277477,-1.8194917042208634,0.25,20,-6.282678850198007,EURZAR.,逆張z1_1日,0.0781024504228304
5086,-0.02383055042448963,-3.192211659731853,-1.3944912621974297,-3.2870778865058052,0.3,20,-6.060108972947714,EURZAR.,順張z1_1日,0.0781024504228304
5086,-0.026281444627732492,-2.483698681346412,-2.7850018760113775,-0.5467907269115834,0.3,20,-6.683371368832373,EURZAR.,逆張z1_3日,0.0781024504228304
5086,-0.024159571043977757,-2.2867488979607957,-0.2404611696399001,-3.271739258299844,0.2,20,-6.143778916483542,EURZAR.,順張z1_3日,0.0781024504228304
5086,-0.030752927478798212,-2.549967206848394,-3.2168115364991525,-0.040637472615286836,0.25,20,-7.820469457858382,EURZAR.,逆張z1_5日,0.0781024504228304
5086,-0.020814320632161768,-1.7275431333174127,0.5801821461910005,-3.530603528271349,0.3,20,-5.293081736758737,EURZAR.,順張z1_5日,0.0781024504228304
5086,-0.03370564575924193,-2.5941892494107535,-1.152563391348371,-2.72024039783449,0.15,20,-8.57134571657522,EURZAR.,ドンチャン20,0.0781024504228304
5086,-0.008469365263310784,-0.6541323221608502,0.009542015196284694,-1.0599443032367815,0.35,20,-2.153759586459929,EURZAR.,ドンチャン55,0.0781024504228304
5086,-0.008269626570039377,-1.4630148352102317,-0.28397697325797616,-1.940784373429243,0.5,20,-2.1029660367610132,EURZAR.,月曜買,0.0781024504228304
5086,-0.02872559150605224,-5.035319685097004,-3.9503206720464443,-3.1247466087987994,0.2,20,-7.304917919989085,EURZAR.,月曜売,0.0781024504228304
5086,-0.027486827790704074,-5.046902898685707,-3.526290626228368,-3.675767049948474,0.15,20,-6.989900307176046,EURZAR.,火曜買,0.0781024504228304
5086,-0.00954473136404775,-1.7681363872210085,-0.8137520430871199,-1.8191913526971135,0.35,20,-2.427225185877343,EURZAR.,火曜売,0.0781024504228304
5086,-0.024228678491500302,-3.6782437232783387,-0.5798710102105901,-5.700919629793202,0.2,20,-6.161352940388527,EURZAR.,水曜買,0.0781024504228304
5086,-0.01273019850593111,-1.940107861852788,-2.7991111331726977,0.7243112366055977,0.55,20,-3.23728948005828,EURZAR.,水曜売,0.0781024504228304
5086,-0.006305705163747599,-1.0254880890046205,-1.9973407055730006,0.7785975941225917,0.4,20,-1.6035408231410144,EURZAR.,木曜買,0.0781024504228304
5086,-0.030616830755023607,-4.9332542872038125,-1.9224648765794703,-5.328413182359203,0.05,20,-7.785860061002504,EURZAR.,木曜売,0.0781024504228304
5086,-0.024742596950863702,-4.653770936562135,-3.4397945100564105,-3.137157931205223,0.2,20,-6.292042404604639,EURZAR.,金曜買,0.0781024504228304
5086,-0.012179938967907504,-2.3058456223098487,-1.137581180749736,-2.2111541185163355,0.4,20,-3.0973584795388773,EURZAR.,金曜売,0.0781024504228304
5086,-0.00018504688375095075,-0.045420338390778504,-1.5849583372129306,1.7179373052355063,0.5,20,-0.047057422537866975,EURZAR.,月末2日買,0.0781024504228304
5086,-0.009719740002503436,-2.3600633265577837,-0.02692758160163298,-3.495692544462849,0.4,20,-2.471729882636623,EURZAR.,月末2日売,0.0781024504228304
5086,-0.0053436145436405414,-1.314473735353575,-0.5467421173379419,-1.3144009809297676,0.35,20,-1.3588811784477899,EURZAR.,月初2日買,0.0781024504228304
5086,-0.004561172342613845,-1.1208199616857983,-1.159985804340905,-0.41663154521372703,0.4,20,-1.1599061267267003,EURZAR.,月初2日売,0.0781024504228304
6497,-0.026318207389023605,-4.505245480195121,-2.581024145660889,-3.846096998658319,0.07692307692307693,26,-6.576515131018706,GBPDKK.,MA5/20,0.09828278142653747
6497,-0.024059728691461137,-4.124270125833042,-2.2814434735683404,-3.606698503897289,0.15384615384615385,26,-6.012156050323962,GBPDKK.,MA10/50,0.09828278142653747
6497,-0.0163180402311603,-2.810158214775391,-1.2096076642342346,-2.821768025926406,0.23076923076923078,26,-4.077627206994172,GBPDKK.,MA20/100,0.09828278142653747
6497,-0.008345705160382657,-1.4442298744707467,-0.6283995873496898,-1.4392850093402523,0.38461538461538464,26,-2.08546332411562,GBPDKK.,MA50/200,0.09828278142653747
6497,-0.027580856804502504,-4.722058943682732,-2.8054770984614157,-3.923921536489277,0.15384615384615385,26,-6.892031794571261,GBPDKK.,モメ20,0.09828278142653747
6497,-0.022772898703884683,-3.9004416014148497,-1.8386473677144695,-3.757271482736102,0.19230769230769232,26,-5.690597033813029,GBPDKK.,モメ60,0.09828278142653747
6497,-0.014126246194463935,-2.434919415056341,-1.0446348893305382,-2.4461785915290517,0.34615384615384615,26,-3.5299315971320078,GBPDKK.,モメ120,0.09828278142653747
6497,-0.013954938862490832,-2.4199681193797926,-1.2746102292942878,-2.1730519745398618,0.34615384615384615,26,-3.4871245303693446,GBPDKK.,モメ250,0.09828278142653747
6497,-0.03035524687929818,-8.906488672101675,-6.374668547248817,-6.2373933710095795,0.0,26,-7.585309191338472,GBPDKK.,逆張z1_1日,0.09828278142653747
6497,-0.0254940203450045,-7.52478460061219,-4.988496158032138,-5.710483201714311,0.11538461538461539,26,-6.370563468519009,GBPDKK.,順張z1_1日,0.09828278142653747
6497,-0.021116872448145967,-4.471278779627979,-2.688462788930378,-3.7045461135527002,0.11538461538461539,26,-5.276781549830937,GBPDKK.,逆張z1_3日,0.09828278142653747
6497,-0.033106176623515206,-7.045169853416953,-5.32866923472848,-4.609840846684825,0.0,26,-8.272724212422244,GBPDKK.,順張z1_3日,0.09828278142653747
6497,-0.016760902232291798,-3.1366047657322347,-2.217690067574035,-2.2210094979246646,0.11538461538461539,26,-4.188291607815376,GBPDKK.,逆張z1_5日,0.09828278142653747
6497,-0.03654558006665492,-6.865399431188359,-4.770782056893904,-4.950919151843806,0.038461538461538464,26,-9.132178218963732,GBPDKK.,順張z1_5日,0.09828278142653747
6497,-0.02934145080509676,-5.028411972149334,-2.530685110917639,-4.670936585034062,0.11538461538461539,26,-7.3319771492582175,GBPDKK.,ドンチャン20,0.09828278142653747
6497,-0.021142320077857275,-3.6330295739132845,-2.1729994004527557,-2.99859384187969,0.15384615384615385,26,-5.283140520993797,GBPDKK.,ドンチャン55,0.09828278142653747
6497,-0.02159285928694121,-8.546601541423477,-5.952810991798365,-6.176928292927199,0.038461538461538464,26,-5.3957233379714244,GBPDKK.,月曜買,0.09828278142653747
6497,-0.02216606829372957,-8.762902507887137,-5.576285778114062,-6.927404532033671,0.11538461538461539,26,-5.538959450167733,GBPDKK.,月曜売,0.09828278142653747
6497,-0.019135300078190177,-7.309772438149177,-5.446014012046484,-4.875558671287078,0.038461538461538464,26,-4.781617100307754,GBPDKK.,火曜買,0.09828278142653747
6497,-0.02465726234304991,-9.318736858184485,-5.7371530618744355,-7.540702052551823,0.07692307692307693,26,-6.161470517030588,GBPDKK.,火曜売,0.09828278142653747
6497,-0.018351320984700603,-6.852953815762541,-5.293787663198397,-4.3524946045351225,0.11538461538461539,26,-4.585712786061531,GBPDKK.,水曜買,0.09828278142653747
6497,-0.025373971755400872,-9.352994977487757,-5.294777726117429,-8.207545133456556,0.038461538461538464,26,-6.340565172878441,GBPDKK.,水曜売,0.09828278142653747
6497,-0.02201706917745969,-8.08834597486064,-5.5880163946748045,-5.853839285528037,0.038461538461538464,26,-5.501726863305984,GBPDKK.,木曜買,0.09828278142653747
6497,-0.021708223562641796,-7.979362350547275,-5.648648349513581,-5.635829426425643,0.0,26,-5.424551095633988,GBPDKK.,木曜売,0.09828278142653747
6497,-0.025450713090662984,-9.070782792608059,-5.884189137229182,-6.934294521351678,0.038461538461538464,26,-6.359741651924514,GBPDKK.,金曜買,0.09828278142653747
6497,-0.018072770606022644,-6.524127166254014,-5.179616289027522,-4.048510792107231,0.19230769230769232,26,-4.51610733182035,GBPDKK.,金曜売,0.09828278142653747
6497,-0.0021220252620794905,-1.1929664920710517,-0.20204493344230146,-1.6517225998498053,0.34615384615384615,26,-0.5302614664511709,GBPDKK.,月末2日買,0.09828278142653747
6497,-0.009019448065127177,-5.091314270266996,-3.7788558090304147,-3.432324679676707,0.11538461538461539,26,-2.253821310735818,GBPDKK.,月末2日売,0.09828278142653747
6497,-0.00853252089736435,-4.393172230032715,-2.636765009976469,-3.714855106018594,0.23076923076923078,26,-2.1321457026990838,GBPDKK.,月初2日買,0.09828278142653747
6497,-0.002608952429842316,-1.3755760109448902,-1.0985370616459083,-0.8287925172788098,0.3076923076923077,26,-0.6519370744879047,GBPDKK.,月初2日売,0.09828278142653747
6552,-0.02308985843795572,-3.0153666794248317,-1.8033134185990387,-2.4654039450553613,0.3076923076923077,26,-5.818644326364843,GBPNOK.,MA5/20,0.11691319961223962
6552,-0.02131010812435804,-2.7884842323331354,-2.234091961772433,-1.7054672317557071,0.3076923076923077,26,-5.370147247338226,GBPNOK.,MA10/50,0.11691319961223962
6552,-0.01649783434235009,-2.1645874980651736,-1.8622567997488355,-1.195635645628849,0.3076923076923077,26,-4.157454254272222,GBPNOK.,MA20/100,0.11691319961223962
6552,-0.012206329224755435,-1.605747688191605,-1.0939774844095118,-1.1769010832950821,0.4230769230769231,26,-3.0759949646383693,GBPNOK.,MA50/200,0.11691319961223962
6552,-0.02475223458950608,-3.2304634458808352,-2.4917531671600273,-2.0742051846306917,0.3076923076923077,26,-6.237563116555531,GBPNOK.,モメ20,0.11691319961223962
6552,-0.02903778056145731,-3.8021416800182917,-1.6653015501701283,-3.7251581825004987,0.19230769230769232,26,-7.317520701487241,GBPNOK.,モメ60,0.11691319961223962
6552,-0.014970817309372794,-1.964106254506361,-1.9055245642128855,-0.8681635074983876,0.38461538461538464,26,-3.7726459619619437,GBPNOK.,モメ120,0.11691319961223962
6552,-0.01481535759929055,-1.9516633701069745,-1.751422196661084,-1.0087021846942759,0.34615384615384615,26,-3.733470115021218,GBPNOK.,モメ250,0.11691319961223962
6552,-0.03505711163747198,-7.565819357137947,-7.033598119831245,-3.5393470444633857,0.11538461538461539,26,-8.83439213264294,GBPNOK.,逆張z1_1日,0.11691319961223962
6552,-0.032073686475274435,-6.905987810292873,-2.5028673291319294,-7.374731211067287,0.23076923076923078,26,-8.082568991769158,GBPNOK.,順張z1_1日,0.11691319961223962
6552,-0.022104574436828374,-3.4318943276835836,-4.147394492460032,-0.7115138109188841,0.23076923076923078,26,-5.570352758080749,GBPNOK.,逆張z1_3日,0.11691319961223962
6552,-0.040993441356355,-6.366898362059923,-2.596954260573604,-6.375296164596758,0.15384615384615385,26,-10.330347221801459,GBPNOK.,順張z1_3日,0.11691319961223962
6552,-0.023918342230833882,-3.357741798240926,-4.361923330790392,-0.3610998510026532,0.3076923076923077,26,-6.027422242170139,GBPNOK.,逆張z1_5日,0.11691319961223962
6552,-0.036042986417917484,-5.057969898395959,-1.3363375163301163,-5.826721520450013,0.2692307692307692,26,-9.082832577315205,GBPNOK.,順張z1_5日,0.11691319961223962
6552,-0.02026596200363981,-2.649402619967092,-2.108073469740568,-1.6350728143575033,0.2692307692307692,26,-5.107022424917232,GBPNOK.,ドンチャン20,0.11691319961223962
6552,-0.023248865697319442,-3.049363316134791,-1.8378320786218432,-2.477387976513665,0.23076923076923078,26,-5.858714155724497,GBPNOK.,ドンチャン55,0.11691319961223962
6552,-0.02646383725233455,-7.931519504751364,-6.147606927116821,-5.0730030887963995,0.038461538461538464,26,-6.668886987588305,GBPNOK.,月曜買,0.11691319961223962
6552,-0.024540966809245543,-7.375121520685048,-4.748295705897498,-5.672066637407104,0.07692307692307693,26,-6.184323635929878,GBPNOK.,月曜売,0.11691319961223962
6552,-0.022330847104314544,-6.59782501708608,-4.5105424169064685,-4.844186541988331,0.11538461538461539,26,-5.627373470287266,GBPNOK.,火曜買,0.11691319961223962
6552,-0.028868929449855682,-8.454644497103118,-5.681337651041626,-6.313705491197228,0.038461538461538464,26,-7.274970221363632,GBPNOK.,火曜売,0.11691319961223962
6552,-0.02925654291541905,-8.16076039357169,-6.101784442988968,-5.419775520764036,0.07692307692307693,26,-7.372648814685601,GBPNOK.,水曜買,0.11691319961223962
6552,-0.021943233638751176,-6.1758408965987375,-3.632984881852132,-5.169237881621816,0.11538461538461539,26,-5.529694876965296,GBPNOK.,水曜売,0.11691319961223962
6552,-0.021575236421928906,-5.901175111020536,-4.092553925122878,-4.2707729282685705,0.11538461538461539,26,-5.436959578326084,GBPNOK.,木曜買,0.11691319961223962
6552,-0.029585545633723297,-8.017541169835233,-5.330631151139095,-6.0526023284702415,0.038461538461538464,26,-7.455557499698271,GBPNOK.,木曜売,0.11691319961223962
6552,-0.028341136266515767,-8.244753696251,-6.585379278597489,-5.247740458671011,0.11538461538461539,26,-7.141966339161972,GBPNOK.,金曜買,0.11691319961223962
6552,-0.02258567879802827,-6.620971612009595,-5.032910520733678,-4.430791887709749,0.11538461538461539,26,-5.691591057103124,GBPNOK.,金曜売,0.11691319961223962
6552,-0.0034603444310700275,-1.5765355863565647,-1.580289057854529,-0.6409037557860013,0.3076923076923077,26,-0.872006796629647,GBPNOK.,月末2日買,0.11691319961223962
6552,-0.009441523754751869,-4.293112337651288,-2.522567823573079,-3.557340008554997,0.11538461538461539,26,-2.3792639861974707,GBPNOK.,月末2日売,0.11691319961223962
6552,-0.012043536594015143,-5.534479205959831,-3.9081229343481154,-3.91881105985505,0.23076923076923078,26,-3.0349712216918165,GBPNOK.,月初2日買,0.11691319961223962
6552,-0.0008583315918067541,-0.4104412230103628,-0.2610068846875969,-0.32042413421722715,0.4230769230769231,26,-0.21629956113530202,GBPNOK.,月初2日売,0.11691319961223962
6556,-0.018383893513622067,-2.499193487907607,-2.045102797392187,-1.447154441312327,0.3076923076923077,26,-4.6355694567425525,GBPSEK.,MA5/20,0.073984742702469
6556,-0.02917621501362423,-3.9853342759180395,-3.1577966628768768,-2.4346891841804945,0.11538461538461539,26,-7.356894831896944,GBPSEK.,MA10/50,0.073984742702469
6556,-0.024392522757992214,-3.3504004142757706,-3.048136543039656,-1.5751743813622658,0.2692307692307692,26,-6.150668430822962,GBPSEK.,MA20/100,0.073984742702469
6556,-0.012743576667040145,-1.764764041113057,-1.7261463205362313,-0.6902925919542592,0.4230769230769231,26,-3.2133418703505856,GBPSEK.,MA50/200,0.073984742702469
6556,-0.026969556709772243,-3.6677587828872062,-2.817783073150467,-2.347851665106708,0.15384615384615385,26,-6.800477453433341,GBPSEK.,モメ20,0.073984742702469
6556,-0.024042113127372325,-3.2871251232511476,-2.714495150463658,-1.8749532320460705,0.19230769230769232,26,-6.062311294732809,GBPSEK.,モメ60,0.073984742702469
6556,-0.013984346041146468,-1.9235146495567823,-2.431359868345114,-0.08718490084082935,0.2692307692307692,26,-3.526206640221396,GBPSEK.,モメ120,0.073984742702469
6556,-0.014112245456593524,-1.957954907898719,-2.5324939537525255,-0.03978862563800619,0.4230769230769231,26,-3.5584569697472,GBPSEK.,モメ250,0.073984742702469
6556,-0.011962464136207492,-2.753234699860675,-2.2918490370697593,-1.5308197407387105,0.23076923076923078,26,-3.0163813414221656,GBPSEK.,逆張z1_1日,0.073984742702469
6556,-0.033177128628992233,-7.591584044718292,-4.16383538345086,-7.115812852230235,0.038461538461538464,26,-8.365740588141271,GBPSEK.,順張z1_1日,0.073984742702469
6556,-0.009338689329874838,-1.5381530759382689,-1.4459362036206889,-0.6543642645038383,0.2692307692307692,26,-2.3547864325638246,GBPSEK.,逆張z1_3日,0.073984742702469
6556,-0.035041745335194316,-5.759638070506316,-3.2689818064501126,-5.1255758686361315,0.11538461538461539,26,-8.835910862212843,GBPSEK.,順張z1_3日,0.073984742702469
6556,-0.007757531092022662,-1.1451497627264162,-1.6429091923220385,0.20070968104929807,0.34615384615384615,26,-1.9560913015115617,GBPSEK.,逆張z1_5日,0.073984742702469
6556,-0.03656216304261601,-5.3906969938356415,-2.5661054600270776,-5.3735247328016476,0.07692307692307693,26,-9.21929003489964,GBPSEK.,順張z1_5日,0.073984742702469
6556,-0.023929151205745642,-3.253808214484167,-3.004415789729642,-1.4674832063890197,0.11538461538461539,26,-6.033827511725712,GBPSEK.,ドンチャン20,0.073984742702469
6556,-0.024951492018810334,-3.41145943818855,-2.798215577742841,-1.969021136978496,0.19230769230769232,26,-6.291614679820023,GBPSEK.,ドンチャン55,0.073984742702469
6556,-0.01611827152029543,-5.063856036039537,-3.305215991441507,-3.985853133664466,0.11538461538461539,26,-4.0642841571944945,GBPSEK.,月曜買,0.073984742702469
6556,-0.017612970927956464,-5.525043633874297,-3.4456190627025127,-4.549783228540476,0.07692307692307693,26,-4.441178361680099,GBPSEK.,月曜売,0.073984742702469
6556,-0.014471013955128063,-4.3159651334167926,-2.1491166536401227,-4.1630406117346626,0.15384615384615385,26,-3.6489218265315233,GBPSEK.,火曜買,0.073984742702469
6556,-0.01938907204716604,-5.7568798510668096,-4.37383243433111,-3.744720547926106,0.11538461538461539,26,-4.889029090046945,GBPSEK.,火曜売,0.073984742702469
6556,-0.016133194005898768,-4.76378464093222,-4.205509782507845,-2.3406255389894577,0.11538461538461539,26,-4.068046919333551,GBPSEK.,水曜買,0.073984742702469
6556,-0.017675354574778448,-5.211932984407594,-2.080650546799706,-5.810524052210908,0.11538461538461539,26,-4.456908638163366,GBPSEK.,水曜売,0.073984742702469
6556,-0.010957448927639142,-3.297030210726148,-2.3827940183971323,-2.2862171335657897,0.19230769230769232,26,-2.762962891138547,GBPSEK.,木曜買,0.073984742702469
6556,-0.022851099653038075,-6.80068944859939,-4.286329848495645,-5.4431086376488,0.038461538461538464,26,-5.761992666358371,GBPSEK.,木曜売,0.073984742702469
6556,-0.018746845959386714,-5.650395464994056,-4.284975221405022,-3.6833938059730333,0.07692307692307693,26,-4.7270893119130495,GBPSEK.,金曜買,0.073984742702469
6556,-0.014984396488865178,-4.532379317251228,-2.3826929295175874,-4.189829821712863,0.19230769230769232,26,-3.7783732069615423,GBPSEK.,金曜売,0.073984742702469
6556,-0.0018103032925735345,-0.7944292171876584,-0.555262772752353,-0.5767210969247119,0.38461538461538464,26,-0.4564749379273882,GBPSEK.,月末2日買,0.073984742702469
6556,-0.007053701332030216,-3.1115919759151405,-1.956540951607081,-2.5281631422172626,0.19230769230769232,26,-1.778617920491927,GBPSEK.,月末2日売,0.073984742702469
6556,-0.006158010619018616,-2.66813564412991,-1.78817212119269,-2.063119090863266,0.38461538461538464,26,-1.5527660622417714,GBPSEK.,月初2日買,0.073984742702469
6556,-0.0026834239193427715,-1.1708980442238757,-0.6186864538729893,-1.1265440956232564,0.3076923076923077,26,-0.6766356621235082,GBPSEK.,月初2日売,0.073984742702469
6537,-0.012407586756115517,-2.1176023638095036,-0.9048337799499102,-2.161510511541259,0.2692307692307692,26,-3.11955363941258,GBPSGD.,MA5/20,0.08238525370936356
6537,-0.014760239625951604,-2.5283681462318555,-0.7590053598672586,-2.931669702653735,0.3076923076923077,26,-3.711064862878675,GBPSGD.,MA10/50,0.08238525370936356
6537,-0.013816163217422506,-2.376460689853784,-1.3528591775914456,-2.0442102879669086,0.34615384615384615,26,-3.4737022673958013,GBPSGD.,MA20/100,0.08238525370936356
6537,-0.007851888672311255,-1.35850160214717,-0.06740112804830779,-1.933367436714949,0.3076923076923077,26,-1.974146009649945,GBPSGD.,MA50/200,0.08238525370936356
6537,-0.02870353648339251,-4.893473705657616,-2.971310437247632,-4.01400037590682,0.15384615384615385,26,-7.216731461228338,GBPSGD.,モメ20,0.08238525370936356
6537,-0.020987371312643086,-3.597226988875376,-1.4833552779092753,-3.722486101941784,0.19230769230769232,26,-5.276709471951838,GBPSGD.,モメ60,0.08238525370936356
6537,-0.020035510174403894,-3.448707850565295,-1.8673381284883208,-3.0698379840125805,0.2692307692307692,26,-5.037389615772237,GBPSGD.,モメ120,0.08238525370936356
6537,-0.01049957455505076,-1.8213619630759432,-0.6892450549578077,-1.9386707560890837,0.3076923076923077,26,-2.6398353410141056,GBPSGD.,モメ250,0.08238525370936356
6537,-0.018064728938167046,-5.193063505810164,-3.7259419302582457,-3.6284194292556817,0.07692307692307693,26,-4.541889733415307,GBPSGD.,逆張z1_1日,0.08238525370936356
6537,-0.03138525144955205,-8.979390863663752,-6.064579470296393,-6.7062916215344455,0.0,26,-7.890976489450837,GBPSGD.,順張z1_1日,0.08238525370936356
6537,-0.01573824016319452,-3.289905363302153,-2.3214207330423267,-2.3470850610460907,0.15384615384615385,26,-3.956956767184714,GBPSGD.,逆張z1_3日,0.08238525370936356
6537,-0.03310790919562275,-6.913866241155623,-4.6418985051417385,-5.207839699670964,0.11538461538461539,26,-8.324092400453305,GBPSGD.,順張z1_3日,0.08238525370936356
6537,-0.01623250909006907,-3.008907871660605,-2.232093821313874,-2.0177721830849586,0.15384615384615385,26,-4.08122738160698,GBPSGD.,逆張z1_5日,0.08238525370936356
6537,-0.031989669499145605,-5.934065128990682,-3.949942000905345,-4.4914878814410075,0.07692307692307693,26,-8.042941135227492,GBPSGD.,順張z1_5日,0.08238525370936356
6537,-0.017458143061009533,-2.979038152196058,-1.821745363447244,-2.429924475730489,0.23076923076923078,26,-4.389380045762279,GBPSGD.,ドンチャン20,0.08238525370936356
6537,-0.017193547077073084,-2.9465320140284965,-1.5188598861728295,-2.714419970996702,0.19230769230769232,26,-4.322854509339488,GBPSGD.,ドンチャン55,0.08238525370936356
6537,-0.018161482883296727,-6.993636724560571,-5.77564905617258,-3.993415583076769,0.038461538461538464,26,-4.566215908004258,GBPSGD.,月曜買,0.08238525370936356
6537,-0.019199111097216434,-7.380231612596202,-3.623796906147992,-7.110970474870391,0.07692307692307693,26,-4.827099586250148,GBPSGD.,月曜売,0.08238525370936356
6537,-0.015561183197811225,-5.863811031660963,-3.2142087060370077,-5.299782044257936,0.07692307692307693,26,-3.912440560157385,GBPSGD.,火曜買,0.08238525370936356
6537,-0.02185658078114189,-8.15316158120619,-5.858769752769936,-5.71024058248478,0.038461538461538464,26,-5.495248791012484,GBPSGD.,火曜売,0.08238525370936356
6537,-0.014875285764468666,-5.71779932888762,-4.019798448673597,-4.111766820480375,0.11538461538461539,26,-3.7399901170127565,GBPSGD.,水曜買,0.08238525370936356
6537,-0.022513893215264476,-8.54438389289894,-5.257765435796912,-7.0310181612999525,0.07692307692307693,26,-5.660512305699379,GBPSGD.,水曜売,0.08238525370936356
6537,-0.016447158446650893,-6.251546565631093,-3.570775096462281,-5.3577673065130025,0.15384615384615385,26,-4.135195183298341,GBPSGD.,木曜買,0.08238525370936356
6537,-0.020913435533862268,-7.891152734752768,-5.975520554012145,-5.156722488899318,0.038461538461538464,26,-5.258120310956064,GBPSGD.,木曜売,0.08238525370936356
6537,-0.02427080842643123,-8.596031004971305,-6.019171377298187,-6.139121926025034,0.038461538461538464,26,-6.1022413339838835,GBPSGD.,金曜買,0.08238525370936356
6537,-0.013061200554861953,-4.702154754154348,-3.699466138630977,-2.975021169740242,0.11538461538461539,26,-3.2838872318127916,GBPSGD.,金曜売,0.08238525370936356
6537,-0.0020510850363575526,-1.224707585109868,-0.49031935539618504,-1.3487257674132347,0.38461538461538464,26,-0.515690110871897,GBPSGD.,月末2日買,0.08238525370936356
6537,-0.0076340581535055616,-4.51822278514641,-3.1661740625213888,-3.2765371780931383,0.23076923076923078,26,-1.919378390364071,GBPSGD.,月末2日売,0.08238525370936356
6537,-0.0058601104985196665,-3.140018244106423,-1.4097104411017725,-3.29343160161845,0.2692307692307692,26,-1.4733670126470406,GBPSGD.,月初2日買,0.08238525370936356
6537,-0.0038250326913434477,-2.065244843055662,-1.896206567458796,-0.9211623068334244,0.2692307692307692,26,-0.9617014885889279,GBPSGD.,月初2日売,0.08238525370936356
6598,-0.03370423328288155,-4.416177903008734,-2.6880885785596313,-3.943150216921181,0.19230769230769232,26,-8.553097353863556,NZDSGD.,MA5/20,0.24448754555256805
6598,-0.02611303792897012,-3.445727906027302,-1.807699300723354,-3.512347913821904,0.3076923076923077,26,-6.626685548282493,NZDSGD.,MA10/50,0.24448754555256805
6598,-0.02076042007467379,-2.751112620745049,-0.46180377356044366,-4.277801111692355,0.23076923076923078,26,-5.268355832796062,NZDSGD.,MA20/100,0.24448754555256805
6598,-0.013997800829301708,-1.880137301182351,-0.931470717211647,-1.9769209462265167,0.3076923076923077,26,-3.5522111489127934,NZDSGD.,MA50/200,0.24448754555256805
6598,-0.04569571948758363,-5.971951658778948,-3.250594227626707,-5.901055623714277,0.11538461538461539,26,-11.596167583810644,NZDSGD.,モメ20,0.24448754555256805
6598,-0.0406041780821323,-5.339101190052855,-3.192090172615866,-4.844935324940115,0.23076923076923078,26,-10.304091037919571,NZDSGD.,モメ60,0.24448754555256805
6598,-0.036032135028161515,-4.801871020083747,-2.153719245398199,-5.3972042025246605,0.2692307692307692,26,-9.143847189069602,NZDSGD.,モメ120,0.24448754555256805
6598,-0.018438106054995688,-2.478996246321435,-1.9383088420087433,-1.557861425222249,0.2692307692307692,26,-4.67902399041775,NZDSGD.,モメ250,0.24448754555256805
6598,-0.06083786033849602,-13.372027632602405,-8.101520058465045,-11.930641909029099,0.0,26,-15.438777019746027,NZDSGD.,逆張z1_1日,0.24448754555256805
6598,-0.07575646897726102,-16.40185594438924,-9.429124474697332,-15.197012915613435,0.0,26,-19.22466085815262,NZDSGD.,順張z1_1日,0.24448754555256805
6598,-0.054287782933299555,-8.485140075254924,-4.717417434521578,-8.19936845103473,0.038461538461538464,26,-13.776568915150403,NZDSGD.,逆張z1_3日,0.24448754555256805
6598,-0.06506970308991925,-10.162237351101187,-6.325736464517591,-8.751356946487439,0.0,26,-16.512688499511047,NZDSGD.,順張z1_3日,0.24448754555256805
6598,-0.05048840088237912,-7.123648554933615,-4.259840222774756,-6.447186430182836,0.038461538461538464,26,-12.812402654689897,NZDSGD.,逆張z1_5日,0.24448754555256805
6598,-0.06090876073960275,-8.614513963056114,-4.954650228352882,-8.05359195110022,0.038461538461538464,26,-15.456769359996114,NZDSGD.,順張z1_5日,0.24448754555256805
6598,-0.026169853154123162,-3.439332686887966,-1.802917301069428,-3.5076931012759327,0.2692307692307692,26,-6.641103504265562,NZDSGD.,ドンチャン20,0.24448754555256805
6598,-0.021560771650714725,-2.857068427931121,-1.0404179551529886,-3.60245638088427,0.23076923076923078,26,-5.4714604365929125,NZDSGD.,ドンチャン55,0.24448754555256805
6598,-0.048993184597879144,-14.191926801639205,-8.546157244560442,-12.801102368457128,0.0,26,-12.432962768338712,NZDSGD.,月曜買,0.24448754555256805
6598,-0.054070850199040336,-15.458227210682956,-9.282742684176691,-13.906780474376669,0.0,26,-13.721518062048773,NZDSGD.,月曜売,0.24448754555256805
6598,-0.05087663428582122,-14.191714852689838,-8.177306017586034,-13.312603122397098,0.0,26,-12.91092434684032,NZDSGD.,火曜買,0.24448754555256805
6598,-0.052343676530502245,-14.549127071334185,-9.003606737793028,-12.810272838702875,0.0,26,-13.283214528778993,NZDSGD.,火曜売,0.24448754555256805
6598,-0.05220546190118332,-13.6848581610908,-8.748448230419209,-11.278158610874588,0.0,26,-13.248139908615675,NZDSGD.,水曜買,0.24448754555256805
6598,-0.050936710905438144,-13.388810140261336,-7.984986523721562,-11.768201254684893,0.0,26,-12.926169944387727,NZDSGD.,水曜売,0.24448754555256805
6598,-0.05049134846996799,-13.6885842956209,-7.975961973596169,-12.563593237433686,0.0,26,-12.81315066172495,NZDSGD.,木曜買,0.24448754555256805
6598,-0.0525726863269515,-14.185170232932792,-8.893429253058827,-12.177337114479688,0.038461538461538464,26,-13.341330168662541,NZDSGD.,木曜売,0.24448754555256805
6598,-0.04880529161987381,-13.69986495205438,-6.998097663586036,-13.443424455925486,0.038461538461538464,26,-12.38528131184336,NZDSGD.,金曜買,0.24448754555256805
6598,-0.054258743177045675,-15.03009626999368,-10.683618367629443,-10.973149525344692,0.0,26,-13.769199518544127,NZDSGD.,金曜売,0.24448754555256805
6598,-0.014228170826993241,-6.036722576992961,-3.3873279025109544,-5.62474730226111,0.15384615384615385,26,-3.6106719660192854,NZDSGD.,月末2日買,0.24448754555256805
6598,-0.010914755815355169,-4.725729220084148,-3.220502934849504,-3.604210615713799,0.23076923076923078,26,-2.769829187296669,NZDSGD.,月末2日売,0.24448754555256805
6598,-0.007294198246938254,-3.3121827974308355,-1.8006427227907633,-3.1751588222114697,0.34615384615384615,26,-1.8510430782037919,NZDSGD.,月初2日買,0.24448754555256805
6598,-0.017848728395410157,-7.619358063028105,-4.888496541478604,-6.280144678754394,0.07692307692307693,26,-4.529458075112162,NZDSGD.,月初2日売,0.24448754555256805
6543,-0.017749688918869678,-2.427489333351513,-1.340432427599492,-2.2674751984523613,0.3076923076923077,26,-4.466777484467858,SGDJPY.,MA5/20,0.10310961424722351
6543,-0.010483663412434651,-1.4372513650736025,-1.1052452849959267,-0.9221399108793134,0.4230769230769231,26,-2.6382542195215355,SGDJPY.,MA10/50,0.10310961424722351
6543,-0.013925344181697061,-1.9129123528006176,-1.399764380274401,-1.3223655738497286,0.46153846153846156,26,-3.5043664223401487,SGDJPY.,MA20/100,0.10310961424722351
6543,-0.012144511068926844,-1.677546559251495,-1.3125512564986213,-1.0454941148120769,0.38461538461538464,26,-3.0562129201533983,SGDJPY.,MA50/200,0.10310961424722351
6543,-0.0208114301610111,-2.8422242026454487,-1.8738406084755013,-2.2451203160935767,0.2692307692307692,26,-5.237276443980601,SGDJPY.,モメ20,0.10310961424722351
6543,-0.008727870751721179,-1.198734971060355,-1.0604858753359738,-0.5830512712794993,0.4230769230769231,26,-2.196402243404295,SGDJPY.,モメ60,0.10310961424722351
6543,-0.01631294049557901,-2.244123392908674,-1.88539506596779,-1.225805532191027,0.34615384615384615,26,-4.105214217791287,SGDJPY.,モメ120,0.10310961424722351
6543,-0.009194760134385124,-1.2728920457676125,-1.5646065050359628,-0.040875174551720767,0.46153846153846156,26,-2.3138967522800717,SGDJPY.,モメ250,0.10310961424722351
6543,-0.020671440271585115,-4.916218618218819,-2.4298384326560325,-5.036786463703314,0.07692307692307693,26,-5.202047449883901,SGDJPY.,逆張z1_1日,0.10310961424722351
6543,-0.038847497092954784,-9.142190897323172,-6.493643627464279,-6.643580216730185,0.038461538461538464,26,-9.776122056892431,SGDJPY.,順張z1_1日,0.10310961424722351
6543,-0.020166885711322757,-3.322190069371746,-1.4398580771478582,-3.641507638386911,0.23076923076923078,26,-5.0750743541994146,SGDJPY.,逆張z1_3日,0.10310961424722351
6543,-0.03478663459345235,-5.702403927448885,-4.325186693559402,-3.745685910542712,0.23076923076923078,26,-8.754190390190722,SGDJPY.,順張z1_3日,0.10310961424722351
6543,-0.022792542435075048,-3.417166051617063,-1.4930871215408905,-3.709238367299628,0.23076923076923078,26,-5.735830967411387,SGDJPY.,逆張z1_5日,0.10310961424722351
6543,-0.030535042744073218,-4.554417043406388,-3.635898262495065,-2.743390776547376,0.23076923076923078,26,-7.684260949018118,SGDJPY.,順張z1_5日,0.10310961424722351
6543,-0.014453367235717416,-1.975986325809691,-1.0803817734770478,-1.8599577346206684,0.34615384615384615,26,-3.6372454547422706,SGDJPY.,ドンチャン20,0.10310961424722351
6543,-0.007225528594411288,-0.9908984418574157,-1.0467459179083423,-0.25308786945624345,0.34615384615384615,26,-1.8183320612781937,SGDJPY.,ドンチャン55,0.10310961424722351
6543,-0.017874729048096373,-5.612487183717912,-5.1547994200920835,-2.4858221358918287,0.15384615384615385,26,-4.4982443139113295,SGDJPY.,月曜買,0.10310961424722351
6543,-0.02767693270282852,-8.5755729648126,-3.8324311929703607,-8.973134421699141,0.0,26,-6.965006564407962,SGDJPY.,月曜売,0.10310961424722351
6543,-0.019177147826388317,-5.586021896390156,-4.077693818025984,-3.943248014984769,0.07692307692307693,26,-4.826003008771491,SGDJPY.,火曜買,0.10310961424722351
6543,-0.026478990212956126,-7.647245788345569,-3.943000042636707,-7.725906678969621,0.07692307692307693,26,-6.6635397293604575,SGDJPY.,火曜売,0.10310961424722351
6543,-0.01707045046851323,-5.278816202933551,-3.7010475735324526,-3.964973729525239,0.19230769230769232,26,-4.29584451598008,SGDJPY.,水曜買,0.10310961424722351
6543,-0.028516036711884844,-8.686755536638564,-4.737145710363118,-8.44457067825674,0.07692307692307693,26,-7.176170315610097,SGDJPY.,水曜売,0.10310961424722351
6543,-0.02341907194651912,-6.856433592494906,-2.951771989984083,-7.501715225547799,0.07692307692307693,26,-5.893499528695178,SGDJPY.,木曜買,0.10310961424722351
6543,-0.022132589804405776,-6.4897676872746635,-5.31412736634173,-3.7290781018097148,0.11538461538461539,26,-5.569751349624114,SGDJPY.,木曜売,0.10310961424722351
6543,-0.025861585838004793,-7.877774937899471,-4.36537752913379,-6.942955972081407,0.0,26,-6.508167543771744,SGDJPY.,金曜買,0.10310961424722351
6543,-0.019655250483446917,-6.035883268536758,-4.89877019956099,-3.5651048579724955,0.07692307692307693,26,-4.946319381276661,SGDJPY.,金曜売,0.10310961424722351
6543,-0.005832488942740766,-2.5567553015476974,-1.3818945554810043,-2.316167808353269,0.3076923076923077,26,-1.4677682750904937,SGDJPY.,月末2日買,0.10310961424722351
6543,-0.005721908352424635,-2.5310418859661543,-1.9568280481460736,-1.6058155196472532,0.2692307692307692,26,-1.4399402442274765,SGDJPY.,月末2日売,0.10310961424722351
6543,-0.005940122136773413,-2.8067905885476976,-0.9128046001376059,-3.284689882175598,0.23076923076923078,26,-1.4948545823426325,SGDJPY.,月初2日買,0.10310961424722351
6543,-0.005614275158391989,-2.673552174022746,-2.649848036820279,-0.9804351900247801,0.19230769230769232,26,-1.4128539369753381,SGDJPY.,月初2日売,0.10310961424722351
6554,-0.015591087812416093,-2.255400868738056,-1.1147841208973392,-2.2568855503576475,0.2692307692307692,26,-3.9301534431759633,USDDKK.,MA5/20,0.05684991010039433
6554,-0.006086236704444942,-0.8834093367500262,-0.810113885461062,-0.39529138749821047,0.4230769230769231,26,-1.5341998215743133,USDDKK.,MA10/50,0.05684991010039433
6554,-0.0030712038313604377,-0.4487538262704089,0.3321570001129037,-1.1603408083344815,0.4230769230769231,26,-0.774179611951396,USDDKK.,MA20/100,0.05684991010039433
6554,-0.00744190977724006,-1.0951797708893538,-0.5475723021301993,-1.0760862606628638,0.3076923076923077,26,-1.8759337184627438,USDDKK.,MA50/200,0.05684991010039433
6554,-0.010257921818139686,-1.4841472747120312,-0.4533235684363963,-1.8517847172585105,0.2692307692307692,26,-2.5857853690802886,USDDKK.,モメ20,0.05684991010039433
6554,-0.011454357024188053,-1.6642817154446037,-1.0076192484448367,-1.4193614463809177,0.34615384615384615,26,-2.8873790744818653,USDDKK.,モメ60,0.05684991010039433
6554,-0.0014406847142442866,-0.21077252950385977,-0.0027566710338408863,-0.33998245480395833,0.38461538461538464,26,-0.36316336989065623,USDDKK.,モメ120,0.05684991010039433
6554,-0.012021857424311135,-1.77640082331431,-1.4301135612753775,-1.0552101158047533,0.3076923076923077,26,-3.030432829189815,USDDKK.,モメ250,0.05684991010039433
6554,-0.013013349196065702,-3.3830828281794854,-2.4491634879047077,-2.352871492685918,0.38461538461538464,26,-3.280365024269793,USDDKK.,逆張z1_1日,0.05684991010039433
6554,-0.02344257584624659,-6.074717331901505,-3.6835193588200075,-5.105834656220176,0.19230769230769232,26,-5.909332388319238,USDDKK.,順張z1_1日,0.05684991010039433
6554,-0.016302587317393213,-2.8879301207661747,-2.4776462447335392,-1.5164204334857454,0.3076923076923077,26,-4.109506049161351,USDDKK.,逆張z1_3日,0.05684991010039433
6554,-0.021139711696950513,-3.7371360125622344,-1.6907618277170715,-3.9232820081938358,0.23076923076923078,26,-5.328833479300526,USDDKK.,順張z1_3日,0.05684991010039433
6554,-0.014368663816631494,-2.261826600546885,-1.8800190821134866,-1.264770224104736,0.34615384615384615,26,-3.6220085636231847,USDDKK.,逆張z1_5日,0.05684991010039433
6554,-0.02381056573851665,-3.7430081036469924,-1.900675420247638,-3.67537666533832,0.2692307692307692,26,-6.002094148086081,USDDKK.,順張z1_5日,0.05684991010039433
6554,-0.01062675363547099,-1.5390778743961888,-0.9409155669780241,-1.3028560429258187,0.3076923076923077,26,-2.678759358726033,USDDKK.,ドンチャン20,0.05684991010039433
6554,-0.007652285098872151,-1.1155304210774415,-0.768150831567347,-0.8303483547613782,0.2692307692307692,26,-1.928964482231079,USDDKK.,ドンチャン55,0.05684991010039433
6554,-0.00930250692503182,-3.303777175131136,-1.294422510411246,-3.8099860585768464,0.23076923076923078,26,-2.3449473225637907,USDDKK.,月曜買,0.05684991010039433
6554,-0.01772458890119824,-6.2403866629570794,-4.62304681716366,-4.250817551759625,0.07692307692307693,26,-4.467959833017432,USDDKK.,月曜売,0.05684991010039433
6554,-0.01287393635852443,-4.158517439221247,-3.360927780336098,-2.450386535419355,0.19230769230769232,26,-3.245222265144967,USDDKK.,火曜買,0.05684991010039433
6554,-0.014215053580284786,-4.586430914225441,-1.9940523286951723,-5.094905625537941,0.15384615384615385,26,-3.5832869678917874,USDDKK.,火曜売,0.05684991010039433
6554,-0.01500603731867996,-4.749162654648418,-3.6589046491029253,-3.0317156328317147,0.15384615384615385,26,-3.7826757148703254,USDDKK.,水曜買,0.05684991010039433
6554,-0.01204168987840982,-3.820369332710993,-1.7629091033679984,-3.9455672779936455,0.23076923076923078,26,-3.0354321331960747,USDDKK.,水曜売,0.05684991010039433
6554,-0.01572159233729049,-4.843432418448006,-3.909579288682686,-2.8816082702097185,0.038461538461538464,26,-3.9630506222539177,USDDKK.,木曜買,0.05684991010039433
6554,-0.01130550348893957,-3.49505882117973,-1.5888125555405592,-3.5028793614301104,0.15384615384615385,26,-2.849856533327306,USDDKK.,木曜売,0.05684991010039433
6554,-0.011236039251212734,-3.477634202338456,-2.4987205884483163,-2.479806918451083,0.2692307692307692,26,-2.8323462020172405,USDDKK.,金曜買,0.05684991010039433
6554,-0.01579105657501733,-4.869934162288961,-2.658236356375896,-4.621541102000538,0.19230769230769232,26,-3.9805609535639834,USDDKK.,金曜売,0.05684991010039433
6554,-0.00519179688466892,-2.5822837855138063,-1.9876070518165418,-1.6525421268232439,0.4230769230769231,26,-1.3087321839276964,USDDKK.,月末2日買,0.05684991010039433
6554,-0.0020782369060894697,-1.041878981115201,-0.26596678606198226,-1.3824012962643666,0.38461538461538464,26,-0.5238755647119379,USDDKK.,月末2日売,0.05684991010039433
6554,-0.002738382630480522,-1.251358607706754,-1.0691517644641757,-0.6570753861905594,0.5,26,-0.6902830676988206,USDDKK.,月初2日買,0.05684991010039433
6554,-0.004531651160277866,-2.0624497475678276,-0.9800483103973722,-2.1571763682170437,0.2692307692307692,26,-1.142324680940813,USDDKK.,月初2日売,0.05684991010039433
6614,-0.012986866740519635,-26.489753884662367,-22.25765747759245,-16.004408789161946,0.0,26,-3.303659100838341,USDHKD.,MA5/20,0.04269880409006298
6614,-0.011751825581438873,-24.45826883601139,-19.915033127108078,-15.337254066866334,0.0,26,-2.9894836306014123,USDHKD.,MA10/50,0.04269880409006298
6614,-0.011434439572455848,-24.032854216542518,-19.306795135997312,-15.317902966105198,0.0,26,-2.9087455127778075,USDHKD.,MA20/100,0.04269880409006298
6614,-0.01160542850955252,-24.5481713924975,-19.95139021075355,-15.457929593126197,0.0,26,-2.9522424677761685,USDHKD.,MA50/200,0.04269880409006298
6614,-0.015888385170565022,-31.456557109132905,-25.60334840425982,-19.615496617397557,0.0,26,-4.04176075069681,USDHKD.,モメ20,0.04269880409006298
6614,-0.013635927526392002,-27.665753400631733,-23.133130954861965,-16.83977691941322,0.0,26,-3.4687701792137196,USDHKD.,モメ60,0.04269880409006298
6614,-0.013512056067354814,-27.592002326462868,-22.23087112400956,-17.44932428961592,0.0,26,-3.4372591857494137,USDHKD.,モメ120,0.04269880409006298
6614,-0.013026692898313342,-26.70086137677155,-22.15492483756591,-16.32462304184588,0.0,26,-3.31379026267094,USDHKD.,モメ250,0.04269880409006298
6614,-0.012944282618972586,-31.029992974821774,-23.178369592926654,-20.89848115123212,0.0,26,-3.292826355457104,USDHKD.,逆張z1_1日,0.04269880409006298
6614,-0.011963411514247641,-30.06416994866323,-22.57506294487561,-20.104419278238904,0.0,26,-3.043307836739765,USDHKD.,順張z1_1日,0.04269880409006298
6614,-0.01420816427757037,-30.46855662563729,-23.704392276655877,-19.859961961434205,0.0,26,-3.614338405071171,USDHKD.,逆張z1_3日,0.04269880409006298
6614,-0.013726291066497342,-30.630314089869582,-23.668688293811446,-20.065619438204475,0.0,26,-3.491757273608208,USDHKD.,順張z1_3日,0.04269880409006298
6614,-0.015327190360814107,-31.483477675372747,-25.16998081237052,-20.106914408342274,0.0,26,-3.8990014248624814,USDHKD.,逆張z1_5日,0.04269880409006298
6614,-0.014305419095695616,-30.339545720394483,-23.692170171807472,-19.779481355297765,0.0,26,-3.639078534574262,USDHKD.,順張z1_5日,0.04269880409006298
6614,-0.011669591728375263,-24.251510347744482,-19.22403648257969,-15.644256833072042,0.0,26,-2.968564603518231,USDHKD.,ドンチャン20,0.04269880409006298
6614,-0.011100336449531626,-23.49097148635032,-19.686297415162738,-14.299194582402132,0.0,26,-2.82375481835393,USDHKD.,ドンチャン55,0.04269880409006298
6614,-0.009669561118541182,-29.541065754174024,-20.900861191526783,-20.873760483422142,0.0,26,-2.45978758607813,USDHKD.,月曜買,0.04269880409006298
6614,-0.011684464634084762,-32.01675858450545,-22.724588583102353,-22.550418236262924,0.0,26,-2.972348041916793,USDHKD.,月曜売,0.04269880409006298
6614,-0.009047687832628977,-29.685492117486177,-23.63924469345866,-18.773837898627164,0.0,26,-2.3015925894233864,USDHKD.,火曜買,0.04269880409006298
6614,-0.012354796374806257,-33.54882140358326,-25.16811892958966,-22.69310566263877,0.0,26,-3.1428701239603303,USDHKD.,火曜売,0.04269880409006298
6614,-0.009394081859229141,-30.781304679195763,-22.18231850041265,-21.41371905775308,0.0,26,-2.389709900651598,USDHKD.,水曜買,0.04269880409006298
6614,-0.011959943893396803,-33.652431715124564,-24.436892324017382,-23.161849185411103,0.0,26,-3.0424257273433253,USDHKD.,水曜売,0.04269880409006298
6614,-0.010085374387600323,-31.89430968982116,-24.127899995070916,-21.217748506629228,0.0,26,-2.5655640845995595,USDHKD.,木曜買,0.04269880409006298
6614,-0.011268651365025624,-33.18827218669526,-24.79297255872841,-22.35598181527434,0.0,26,-2.8665715433953642,USDHKD.,木曜売,0.04269880409006298
6614,-0.009818998510804559,-30.601240163533927,-23.114921387474016,-20.401157642424494,0.0,26,-2.497802159633129,USDHKD.,金曜買,0.04269880409006298
6614,-0.01155118006009115,-32.626893611328775,-24.302382971230482,-22.0184889019422,0.0,26,-2.9384424968247256,USDHKD.,金曜売,0.04269880409006298
6614,-0.0025451126535738266,-13.549349056330785,-11.088593732640717,-7.924881404458505,0.0,26,-0.6474375034898956,USDHKD.,月末2日買,0.04269880409006298
6614,-0.0034088432990922635,-16.06844971414113,-10.444549652807455,-12.225731278701975,0.038461538461538464,26,-0.8671572915460088,USDHKD.,月末2日売,0.04269880409006298
6614,-0.0025718942973123344,-13.00456204533916,-10.918219702281442,-8.2295896429013,0.0,26,-0.6542503416316838,USDHKD.,月初2日買,0.04269880409006298
6614,-0.0033820616553537556,-15.138892113702482,-12.704839005196881,-9.283052732859243,0.0,26,-0.8603444534042209,USDHKD.,月初2日売,0.04269880409006298
6432,-0.0325131291840731,-3.0636295322514453,-1.649534443564135,-2.9198197571929385,0.25925925925925924,27,-7.745349885628081,USDHUF.,MA5/20,0.13666056828737094
6432,-0.01826498168934275,-1.7215306601798592,-0.6421715628830115,-2.0222867615757014,0.3333333333333333,27,-4.351124526883431,USDHUF.,MA10/50,0.13666056828737094
6432,-0.01314311160188465,-1.2407489684210629,-0.7219230127811929,-1.1081094858042393,0.48148148148148145,27,-3.130981252715633,USDHUF.,MA20/100,0.13666056828737094
6432,-0.013592330691974271,-1.2853173544355367,-0.8267606758708281,-1.0411195081291154,0.2962962962962963,27,-3.2379952226214272,USDHUF.,MA50/200,0.13666056828737094
6432,-0.028983016709043383,-2.7290446458615625,-1.196086517164343,-2.968037352874872,0.2222222222222222,27,-6.904398647132113,USDHUF.,モメ20,0.13666056828737094
6432,-0.010888258266715713,-1.026852205674782,-0.7765752838007914,-0.6763881491197982,0.4444444444444444,27,-2.5938250804265004,USDHUF.,モメ60,0.13666056828737094
6432,-0.011249646704392265,-1.0625575313513707,-0.6774965556870186,-0.8693127095615615,0.3333333333333333,27,-2.679915837135224,USDHUF.,モメ120,0.13666056828737094
6432,-0.02763621670248142,-2.6166439971256485,-1.646089941752425,-2.1676280628556084,0.2962962962962963,27,-6.583560956680019,USDHUF.,モメ250,0.13666056828737094
6432,-0.0524391792551677,-8.667460699757822,-5.6475365647365,-6.866925647924442,0.07407407407407407,27,-12.492177813675506,USDHUF.,逆張z1_1日,0.13666056828737094
6432,-0.026466056469461447,-4.4374950889546545,-2.553706326307655,-3.9602782806386614,0.14814814814814814,27,-6.3048027856139255,USDHUF.,順張z1_1日,0.13666056828737094
6432,-0.04972123761629675,-5.667363706123864,-3.6598767674398056,-4.578702636507201,0.1111111111111111,27,-11.84470371659336,USDHUF.,逆張z1_3日,0.13666056828737094
6432,-0.02419329495691295,-2.7685736813089137,-1.5548248914218417,-2.550645751444993,0.18518518518518517,27,-5.763380487513484,USDHUF.,順張z1_3日,0.13666056828737094
6432,-0.04851142847202855,-4.912554045031329,-3.074407211865055,-4.11243355053595,0.14814814814814814,27,-11.556500293781026,USDHUF.,逆張z1_5日,0.13666056828737094
6432,-0.02275510558863671,-2.31031329768135,-1.3742739834011346,-2.031236586540309,0.2962962962962963,27,-5.420771820226344,USDHUF.,順張z1_5日,0.13666056828737094
6432,-0.02269708228053647,-2.137634127756664,-1.0687005137919718,-2.1480580595834793,0.3333333333333333,27,-5.406949378830022,USDHUF.,ドンチャン20,0.13666056828737094
6432,-0.011692119346188596,-1.1027994349968877,-0.17030113615659617,-1.619924768615553,0.4074074074074074,27,-2.785322653136483,USDHUF.,ドンチャン55,0.13666056828737094
6432,-0.026108911184880026,-5.422632303194949,-2.8571948985464264,-5.373560849520387,0.07407407407407407,27,-6.219722842264752,USDHUF.,月曜買,0.13666056828737094
6432,-0.034059087151727035,-7.028718020986697,-4.721250883865993,-5.5231976529226445,0.07407407407407407,27,-8.113631428144753,USDHUF.,月曜売,0.13666056828737094
6432,-0.03103490554167837,-6.400264724123283,-4.5885347040184845,-4.567061312773666,0.07407407407407407,27,-7.393204164595381,USDHUF.,火曜買,0.13666056828737094
6432,-0.029695848819900852,-6.130656748657851,-3.224099238708305,-5.937324279442343,0.1111111111111111,27,-7.074211096651937,USDHUF.,火曜売,0.13666056828737094
6432,-0.031173208529262482,-6.325682021480535,-3.9829815571021734,-5.160677999121635,0.07407407407407407,27,-7.42615100963764,USDHUF.,水曜買,0.13666056828737094
6432,-0.029229271484416317,-5.940142003030659,-3.844116302743379,-4.716960466333381,0.07407407407407407,27,-6.963062006954289,USDHUF.,水曜売,0.13666056828737094
6432,-0.029700411458482515,-6.1085534498883005,-4.075092633773305,-4.740435889764595,0.07407407407407407,27,-7.075298018554057,USDHUF.,木曜買,0.13666056828737094
6432,-0.030514483213538897,-6.271932800671473,-3.676506335073968,-5.527472302860717,0.07407407407407407,27,-7.269228001091933,USDHUF.,木曜売,0.13666056828737094
6432,-0.02552340552204365,-5.625382431941727,-3.0380343503623943,-5.304270796861748,0.07407407407407407,27,-6.0802423821401765,USDHUF.,金曜買,0.13666056828737094
6432,-0.034597696479149065,-7.563021846151782,-5.189961316656587,-5.682476844523743,0.07407407407407407,27,-8.241940139032844,USDHUF.,金曜売,0.13666056828737094
6432,-0.0081687004547078,-2.7567564406891107,-0.930945567881492,-3.5256487601156974,0.18518518518518517,27,-1.9459659749881693,USDHUF.,月末2日買,0.13666056828737094
6432,-0.007281016921915498,-2.4504132558001563,-2.1949930057068023,-1.1183941511109223,0.18518518518518517,27,-1.7345000311763143,USDHUF.,月末2日売,0.13666056828737094
6432,-0.00952187799626814,-2.8029351993584584,-1.983942593374488,-2.0584092588755496,0.3333333333333333,27,-2.2683229359998767,USDHUF.,月初2日買,0.13666056828737094
6432,-0.0059278393803551595,-1.7571199613294546,-0.8163997814562824,-1.9066877145297667,0.2962962962962963,27,-1.4121430701646067,USDHUF.,月初2日売,0.13666056828737094
6605,-0.016418116642981314,-1.8149363143523105,-0.8549754634671012,-1.6900440330841895,0.2692307692307692,26,-4.170833093341983,USDMXN.,MA5/20,0.1082148112174496
6605,-0.017079028198419006,-1.8910306704235456,-1.3578109701662502,-1.3184430547211894,0.2692307692307692,26,-4.338730048098365,USDMXN.,MA10/50,0.1082148112174496
6605,-0.004650517593161852,-0.5162158120537322,-0.15409294275001906,-0.5638555096858873,0.38461538461538464,26,-1.181410334724385,USDMXN.,MA20/100,0.1082148112174496
6605,-0.02158646709665107,-2.400768773731179,-2.074082767219426,-1.3464507431427162,0.34615384615384615,26,-5.483792891283856,USDMXN.,MA50/200,0.1082148112174496
6605,-0.02858524663503168,-3.160071707822999,-2.049204474920422,-2.4113918855358194,0.19230769230769232,26,-7.261752077860932,USDMXN.,モメ20,0.1082148112174496
6605,-0.010116829613137002,-1.120453220680953,-0.4874211723214661,-1.0807087968122537,0.38461538461538464,26,-2.570063830568072,USDMXN.,モメ60,0.1082148112174496
6605,-0.026545814711805688,-2.9438004451022213,-2.2575039187378865,-1.9174461270654997,0.34615384615384615,26,-6.743657929672176,USDMXN.,モメ120,0.1082148112174496
6605,-0.01065962088737942,-1.1867374555262369,-1.2066287608052566,-0.49635719152591146,0.5,26,-2.7079536908131177,USDMXN.,モメ250,0.1082148112174496
6605,-0.019745771739242014,-3.598909755364829,-2.4728088636400547,-2.616600206727619,0.3076923076923077,26,-5.016185474526674,USDMXN.,逆張z1_1日,0.1082148112174496
6605,-0.043553885860558965,-7.872423142403383,-6.061939332906744,-5.135350312890739,0.07692307692307693,26,-11.064362158038152,USDMXN.,順張z1_1日,0.1082148112174496
6605,-0.023173375301506396,-3.0111434006708047,-1.5654114901534453,-2.654323263629571,0.2692307692307692,26,-5.8869286102480665,USDMXN.,逆張z1_3日,0.1082148112174496
6605,-0.03625422075226034,-4.690553431129128,-4.089528547224335,-2.6010489861762878,0.15384615384615385,26,-9.209966464179981,USDMXN.,順張z1_3日,0.1082148112174496
6605,-0.020834190074286912,-2.4795388278777457,-1.3817044431203365,-2.1063676868606485,0.3076923076923077,26,-5.29268559387173,USDMXN.,逆張z1_5日,0.1082148112174496
6605,-0.03752952169252907,-4.459511450951052,-3.6133176895889956,-2.7181815469534207,0.07692307692307693,26,-9.533941953044405,USDMXN.,順張z1_5日,0.1082148112174496
6605,-0.02022593761285258,-2.236184485894096,-1.692008831157776,-1.4772159068952277,0.19230769230769232,26,-5.138166074341971,USDMXN.,ドンチャン20,0.1082148112174496
6605,-0.0037650153102063476,-0.4174860012342908,-0.4864713385569838,-0.11501525884832532,0.4230769230769231,26,-0.9564586970735728,USDMXN.,ドンチャン55,0.1082148112174496
6605,-0.013672372078354502,-3.3545098818966266,-3.137966630663682,-1.5725631525472914,0.2692307692307692,26,-3.4733083683665957,USDMXN.,月曜買,0.1082148112174496
6605,-0.03418099042476834,-8.240157990709829,-4.947080853341344,-6.731423829419181,0.07692307692307693,26,-8.683286221369036,USDMXN.,月曜売,0.1082148112174496
6605,-0.022457345374042294,-5.801535542556071,-4.5292427435848435,-3.7075724803970704,0.15384615384615385,26,-5.705029469059591,USDMXN.,火曜買,0.1082148112174496
6605,-0.025396017129080548,-6.542131827546893,-4.491675925357792,-4.7562554206945284,0.038461538461538464,26,-6.451565120676038,USDMXN.,火曜売,0.1082148112174496
6605,-0.029947528976936443,-6.755781170599417,-3.6718572433569614,-5.769994842336065,0.07692307692307693,26,-7.607824188179431,USDMXN.,水曜買,0.1082148112174496
6605,-0.0179058335261864,-4.075685543594608,-4.497954068830456,-1.4338700648200726,0.23076923076923078,26,-4.548770401556198,USDMXN.,水曜売,0.1082148112174496
6605,-0.01852551153765904,-4.396068582877201,-3.197685072365888,-3.0162064886228124,0.07692307692307693,26,-4.7061924502399215,USDMXN.,木曜買,0.1082148112174496
6605,-0.02929162586137363,-6.890559969415443,-4.567993886293196,-5.196854629560116,0.0,26,-7.4411995697835716,USDMXN.,木曜売,0.1082148112174496
6605,-0.039289928008018477,-10.278794903453539,-8.133392146803606,-6.589592454814916,0.07692307692307693,26,-9.981152865113925,USDMXN.,金曜買,0.1082148112174496
6605,-0.008599659599194544,-2.3215575422969086,-1.6646276191809322,-1.6354313029414835,0.2692307692307692,26,-2.1846442943338444,USDMXN.,金曜売,0.1082148112174496
6605,-0.005330315377540961,-2.2319368427636133,-2.383742074492547,-0.7982514000546828,0.3076923076923077,26,-1.3541051180253092,USDMXN.,月末2日買,0.1082148112174496
6605,-0.006852262790070407,-2.8728896101576313,-1.277675472798619,-2.7558855987211617,0.19230769230769232,26,-1.740738297246732,USDMXN.,月末2日売,0.1082148112174496
6605,-0.011429845754839922,-4.018623836557223,-3.9313014611352948,-1.8724531215840663,0.07692307692307693,26,-2.9036204311814493,USDMXN.,月初2日買,0.1082148112174496
6605,-0.0007527324127714454,-0.26772699116329546,0.7320812766505396,-0.995101496620085,0.38461538461538464,26,-0.19122298409059246,USDMXN.,月初2日売,0.1082148112174496
6562,-0.02901918723636701,-3.0516298463556066,-2.4180599816908357,-1.8786298326260389,0.23076923076923078,26,-7.323996409424628,USDNOK.,MA5/20,0.19406651241884065
6562,-0.010620654214254078,-1.1210878005068063,-1.3542720086724405,-0.184718653250454,0.46153846153846156,26,-2.6804897289975105,USDNOK.,MA10/50,0.19406651241884065
6562,-0.01627694034614326,-1.7221080406566929,-0.6206894245934143,-1.8654850996262802,0.19230769230769232,26,-4.108049328899696,USDNOK.,MA20/100,0.19406651241884065
6562,-0.003963897032558402,-0.4206481841018714,-0.13012990957402615,-0.47748179851273165,0.38461538461538464,26,-1.0004266279864713,USDNOK.,MA50/200,0.19406651241884065
6562,-0.031959416670122094,-3.3595176244891287,-3.399743330393933,-1.2668748609010536,0.2692307692307692,26,-8.06606508420543,USDNOK.,モメ20,0.19406651241884065
6562,-0.03654958561117786,-3.8533646407584197,-2.0096703217851117,-3.5036139000724478,0.19230769230769232,26,-9.2245531069442,USDNOK.,モメ60,0.19406651241884065
6562,-0.018974616456327118,-2.007752435959236,-1.126379991561954,-1.7381813458429525,0.34615384615384615,26,-4.788901276400714,USDNOK.,モメ120,0.19406651241884065
6562,-0.011959863278794947,-1.271673488992018,-1.385394310373869,-0.3806850885433167,0.38461538461538464,26,-3.0184854936712475,USDNOK.,モメ250,0.19406651241884065
6562,-0.049665985542518255,-8.69006798840718,-6.691112077192446,-5.596953168416987,0.0,26,-12.534930658846337,USDNOK.,逆張z1_1日,0.19406651241884065
6562,-0.05993449549288826,-10.476954291450488,-6.83514683015076,-7.97718813008698,0.038461538461538464,26,-15.126544593243569,USDNOK.,順張z1_1日,0.19406651241884065
6562,-0.03974611744750111,-4.964684883997295,-2.9471465375923414,-4.116219872261694,0.19230769230769232,26,-10.03130856501932,USDNOK.,逆張z1_3日,0.19406651241884065
6562,-0.05544973369730061,-6.938861740026584,-5.185422595223733,-4.614538517503927,0.11538461538461539,26,-13.994659712372563,USDNOK.,順張z1_3日,0.19406651241884065
6562,-0.0362310097557109,-4.090830977939684,-2.440897087871753,-3.389777913414024,0.23076923076923078,26,-9.144149462191344,USDNOK.,逆張z1_5日,0.19406651241884065
6562,-0.05164485640605679,-5.840117529048603,-4.240189719379881,-4.016294612870537,0.11538461538461539,26,-13.034367220636332,USDNOK.,順張z1_5日,0.19406651241884065
6562,-0.011186510738449465,-1.1777288472942178,-1.6445346497237965,0.04761813137197588,0.4230769230769231,26,-2.8233032102194384,USDNOK.,ドンチャン20,0.19406651241884065
6562,-0.008153252233304372,-0.8609324923414067,0.0675206234032528,-1.3439402039191775,0.34615384615384615,26,-2.0577554290362814,USDNOK.,ドンチャン55,0.19406651241884065
6562,-0.036974588657395835,-8.997708407973596,-5.583021490081287,-7.292953320919024,0.038461538461538464,26,-9.33181733730121,USDNOK.,月曜買,0.19406651241884065
6562,-0.04483614640428828,-10.78613151774344,-7.488933987208879,-7.834004027824135,0.0,26,-11.315953565574604,USDNOK.,月曜売,0.19406651241884065
6562,-0.039944208512503354,-9.242628883984185,-6.504834661493474,-6.592895020635205,0.038461538461538464,26,-10.081303702271041,USDNOK.,火曜買,0.19406651241884065
6562,-0.04211613977591358,-9.717033871715556,-6.206538532997194,-7.628137561215957,0.07692307692307693,26,-10.62946573882865,USDNOK.,火曜売,0.19406651241884065
6562,-0.048850345861426385,-10.626576616449668,-7.615389203877737,-7.412940438109483,0.0,26,-12.329075751641536,USDNOK.,水曜買,0.19406651241884065
6562,-0.033085195813624145,-7.335022838625464,-4.728893589811802,-5.673090200915674,0.038461538461538464,26,-8.350194420346217,USDNOK.,水曜売,0.19406651241884065
6562,-0.040115460430891495,-8.855053783605879,-6.55710097084967,-5.9546609517332385,0.038461538461538464,26,-10.124525051827307,USDNOK.,木曜買,0.19406651241884065
6562,-0.041757677937475826,-9.19919551037483,-5.452046060818795,-7.713552286148179,0.0,26,-10.538995485604476,USDNOK.,木曜売,0.19406651241884065
6562,-0.037735445039138685,-8.899897151947158,-7.315100373855026,-5.296740364292668,0.07692307692307693,26,-9.52384578257031,USDNOK.,金曜買,0.19406651241884065
6562,-0.04407529002254543,-10.304796091930456,-6.529154039401312,-8.010155087492704,0.0,26,-11.1239251203055,USDNOK.,金曜売,0.19406651241884065
6562,-0.012336198354413463,-4.660170856386095,-4.245891104172636,-2.2142332369877766,0.23076923076923078,26,-3.113466676986967,USDNOK.,月末2日買,0.19406651241884065
6562,-0.00768949982939956,-2.9345099148106213,-0.7463907724183503,-3.6082946507658606,0.34615384615384615,26,-1.9407114569430737,USDNOK.,月末2日売,0.19406651241884065
6562,-0.012092533412258188,-4.222991234967508,-3.3827279706004005,-2.557495884950417,0.19230769230769232,26,-3.051969394278394,USDNOK.,月初2日買,0.19406651241884065
6562,-0.007874016185020595,-2.7853971727450753,-1.3588020064839543,-2.6372594056619008,0.3076923076923077,26,-1.9872805463886596,USDNOK.,月初2日売,0.19406651241884065
6517,-0.013140580109806769,-1.2941631628742356,-0.4514117277130434,-1.654352740840403,0.3076923076923077,26,-3.293736945215798,USDPLN.,MA5/20,0.10577288591599272
6517,-0.0015687737742305417,-0.15457802210854613,0.8886289904674993,-1.6054267265602011,0.4230769230769231,26,-0.39321918025617136,USDPLN.,MA10/50,0.10577288591599272
6517,-0.0017361392931788894,-0.17112220687497054,0.5366200021647617,-1.1091258289393393,0.4230769230769231,26,-0.4351699912941091,USDPLN.,MA20/100,0.10577288591599272
6517,-0.006245967398526658,-0.616164702567528,0.22515831895526803,-1.442133171293523,0.46153846153846156,26,-1.5655757513922395,USDPLN.,MA50/200,0.10577288591599272
6517,-0.015384901272856218,-1.5143748369878016,-0.457682991440327,-2.0419916241827387,0.34615384615384615,26,-3.8562846767386145,USDPLN.,モメ20,0.10577288591599272
6517,-0.0053835993515213105,-0.5302064927688617,0.31055093001585243,-1.4169077564008137,0.38461538461538464,26,-1.3494198836101685,USDPLN.,モメ60,0.10577288591599272
6517,-0.017683882865080828,-1.7426230207067308,-1.0306622522894129,-1.593101100432121,0.38461538461538464,26,-4.4325332550666054,USDPLN.,モメ120,0.10577288591599272
6517,-0.019129104917249475,-1.887812929794059,-1.729505994363005,-0.8105832561551132,0.19230769230769232,26,-4.794783720989033,USDPLN.,モメ250,0.10577288591599272
6517,-0.035427523686685385,-5.9843700793526216,-4.004053466552988,-4.681899032371081,0.07692307692307693,26,-8.88004507177418,USDPLN.,逆張z1_1日,0.10577288591599272
6517,-0.026170011680930524,-4.43456196184001,-2.4415283995656014,-4.200790900615578,0.19230769230769232,26,-6.559614081716318,USDPLN.,順張z1_1日,0.10577288591599272
6517,-0.03788281830041134,-4.638433763640211,-3.161597206580108,-3.5736762436522356,0.15384615384615385,26,-9.49547411014541,USDPLN.,逆張z1_3日,0.10577288591599272
6517,-0.018711651709626003,-2.291399961729856,-1.0405245729008272,-2.5113054916420707,0.3076923076923077,26,-4.690147468908949,USDPLN.,順張z1_3日,0.10577288591599272
6517,-0.029619260851278313,-3.2421638790709024,-2.0584027532490348,-2.7241857800644493,0.23076923076923078,26,-7.4241816526069515,USDPLN.,逆張z1_5日,0.10577288591599272
6517,-0.02561286029645179,-2.8027098487703226,-1.6115809683185909,-2.596982012685008,0.23076923076923078,26,-6.419961944306782,USDPLN.,順張z1_5日,0.10577288591599272
6517,-0.007712063800474484,-0.7594833249972333,-0.08349952583682865,-1.2421616072688055,0.4230769230769231,26,-1.9330584533727775,USDPLN.,ドンチャン20,0.10577288591599272
6517,0.004258951408379256,0.4196953467037933,1.2971910086021228,-1.1836541617849285,0.4230769230769231,26,1.0675225510925996,USDPLN.,ドンチャン55,0.10577288591599272
6517,-0.01954222818371977,-4.468665236524013,-1.798575358413427,-5.437653013262747,0.19230769230769232,26,-4.898334656665451,USDPLN.,月曜買,0.10577288591599272
6517,-0.027018063046042203,-6.143870302636158,-4.50030064634998,-4.370160304272205,0.11538461538461539,26,-6.772181418117578,USDPLN.,月曜売,0.10577288591599272
6517,-0.02179632019991004,-4.744383050048896,-3.1761782449650267,-3.752720328611905,0.15384615384615385,26,-5.463331490108221,USDPLN.,火曜買,0.10577288591599272
6517,-0.025014295176248504,-5.43301121613811,-3.015067223313938,-5.182998396550743,0.11538461538461539,26,-6.269929294754288,USDPLN.,火曜売,0.10577288591599272
6517,-0.025570522565742923,-5.5424161191787435,-3.622164749524644,-4.5111463631080735,0.15384615384615385,26,-6.40934982926718,USDPLN.,水曜買,0.10577288591599272
6517,-0.02113281103338852,-4.594258149040509,-2.5435230933059785,-4.399426748708992,0.19230769230769232,26,-5.297020365561268,USDPLN.,水曜売,0.10577288591599272
6517,-0.014897502290299415,-3.0017194708474575,-1.5768952670880743,-3.181448050514557,0.19230769230769232,26,-3.7341162471492804,USDPLN.,木曜買,0.10577288591599272
6517,-0.03155550716243546,-6.297475776344817,-3.8593801623253565,-5.7527427707545495,0.07692307692307693,26,-7.909509237599687,USDPLN.,木曜売,0.10577288591599272
6517,-0.025427948286422544,-5.939862515711488,-4.17397509406795,-4.3359673370329865,0.11538461538461539,26,-6.3736130377929126,USDPLN.,金曜買,0.10577288591599272
6517,-0.02109658235099706,-4.944829665698041,-2.624484059282462,-4.730385859382189,0.15384615384615385,26,-5.287939506978764,USDPLN.,金曜売,0.10577288591599272
6517,-0.007705822067908192,-2.2886541885255425,-0.9296535928955519,-3.2114548468688473,0.3076923076923077,26,-1.9314939390983727,USDPLN.,月末2日買,0.10577288591599272
6517,-0.004175193706142502,-1.244425838963367,-1.0499612520680313,-0.6836083980256119,0.4230769230769231,26,-1.0465283608819496,USDPLN.,月末2日売,0.10577288591599272
6517,-0.0069699130802828016,-1.9067438234088747,-1.0175164141332866,-2.0677343144578892,0.23076923076923078,26,-1.7470355209308852,USDPLN.,月初2日買,0.10577288591599272
6517,-0.004878642087379681,-1.333427210666356,-0.8544978933058439,-1.1938254923343172,0.2692307692307692,26,-1.2228504032097456,USDPLN.,月初2日売,0.10577288591599272
6585,-0.022321586600661386,-2.4935042701927146,-1.8821041297596002,-1.640639911587983,0.2692307692307692,26,-5.653371067898276,USDSEK.,MA5/20,0.1439419971833754
6585,-0.017542541865307015,-1.9663599107909984,-1.5449457504723891,-1.216244994511522,0.2692307692307692,26,-4.442986083963334,USDSEK.,MA10/50,0.1439419971833754
6585,-0.004188114028009049,-0.47127911063511674,-0.16740417766050195,-0.5476042191364997,0.5384615384615384,26,-1.0607204182476755,USDSEK.,MA20/100,0.1439419971833754
6585,0.0012220032747201994,0.13837396221189316,0.868890511592207,-0.8648776399560915,0.46153846153846156,26,0.3094958293858655,USDSEK.,MA50/200,0.1439419971833754
6585,-0.021203572346950205,-2.3688461571098673,-1.8236120753905836,-1.5130687521808057,0.38461538461538464,26,-5.37021245787181,USDSEK.,モメ20,0.1439419971833754
6585,-0.019662580998214326,-2.205002283890681,-1.3991392683818946,-1.7860972784005247,0.38461538461538464,26,-4.979926764355436,USDSEK.,モメ60,0.1439419971833754
6585,-0.011283490732962427,-1.271062932377386,-0.6775787250394096,-1.1901297049313861,0.34615384615384615,26,-2.857761018329138,USDSEK.,モメ120,0.1439419971833754
6585,-0.013248905864176987,-1.5016465246869164,-1.362686566167203,-0.7009342469696732,0.38461538461538464,26,-3.355540196754056,USDSEK.,モメ250,0.1439419971833754
6585,-0.03803761950670679,-7.5127202402425475,-5.371380079612693,-5.308089760874295,0.038461538461538464,26,-9.633758632756317,USDSEK.,逆張z1_1日,0.1439419971833754
6585,-0.04367175467303045,-8.609762608140697,-4.951946189276448,-7.556426111765909,0.0,26,-11.06071171238098,USDSEK.,順張z1_1日,0.1439419971833754
6585,-0.036954760138586354,-5.0461933716779255,-2.866748802527928,-4.504803558776122,0.07692307692307693,26,-9.359503673561198,USDSEK.,逆張z1_3日,0.1439419971833754
6585,-0.036475769348647574,-4.963484307218178,-3.5747791311461663,-3.476809295504781,0.19230769230769232,26,-9.238190044647856,USDSEK.,順張z1_3日,0.1439419971833754
6585,-0.03239712600935484,-3.9322215470785347,-2.1282895534370976,-3.6725598846679537,0.11538461538461539,26,-8.205195183523141,USDSEK.,逆張z1_5日,0.1439419971833754
6585,-0.0370870920594929,-4.492227040376536,-3.2734548155590155,-3.107408698151305,0.07692307692307693,26,-9.393019277375414,USDSEK.,順張z1_5日,0.1439419971833754
6585,-0.016353130034370278,-1.828326936865512,-1.8489846816611493,-0.6037421576856207,0.4230769230769231,26,-4.141744664474164,USDSEK.,ドンチャン20,0.1439419971833754
6585,-0.002445910089625237,-0.2747090057069344,-0.05506821388136819,-0.3735960579885143,0.5,26,-0.6194737669300834,USDSEK.,ドンチャン55,0.1439419971833754
6585,-0.025457149005801143,-6.5293810467818565,-3.273816723291397,-6.623478065418802,0.11538461538461539,26,-6.447512546276944,USDSEK.,月曜買,0.1439419971833754
6585,-0.03662185836715439,-9.265391938053824,-6.432146988784188,-6.947029862572406,0.0,26,-9.275189897988911,USDSEK.,月曜売,0.1439419971833754
6585,-0.030787591821827685,-7.419943518084779,-4.414045117945128,-6.416792391912685,0.07692307692307693,26,-7.797549697951358,USDSEK.,火曜買,0.1439419971833754
6585,-0.031480105543142914,-7.581093065854944,-5.044589032463827,-5.875955679357662,0.038461538461538464,26,-7.972942115446003,USDSEK.,火曜売,0.1439419971833754
6585,-0.0349323223120835,-8.330886539298948,-6.297218012766196,-5.469562095063685,0.0,26,-8.847282400964225,USDSEK.,水曜買,0.1439419971833754
6585,-0.0271938575588758,-6.539916018607897,-3.1940156695908,-6.4475629006240265,0.07692307692307693,26,-6.887367385584507,USDSEK.,水曜売,0.1439419971833754
6585,-0.027648923013188217,-6.785637651987193,-5.23104880795437,-4.322801537290531,0.07692307692307693,26,-7.002621463147862,USDSEK.,木曜買,0.1439419971833754
6585,-0.03443008435976733,-8.385479270682294,-4.7195930503319925,-7.374690604154815,0.0,26,-8.720080981117992,USDSEK.,木曜売,0.1439419971833754
6585,-0.02676276694283221,-6.676060982734264,-5.42531031894553,-3.9044164714102645,0.19230769230769232,26,-6.778185396867311,USDSEK.,金曜買,0.1439419971833754
6585,-0.03531624043012333,-8.722557260602084,-4.47622638881454,-8.287596788644773,0.0,26,-8.944517047398541,USDSEK.,金曜売,0.1439419971833754
6585,-0.010853129630215818,-4.069660973316248,-3.4562685810033345,-2.1838693500972877,0.2692307692307692,26,-2.7487637928835063,USDSEK.,月末2日買,0.1439419971833754
6585,-0.004635231983135992,-1.7766912470840843,-0.2208786343149887,-2.5962435449796772,0.4230769230769231,26,-1.1739616388057887,USDSEK.,月末2日売,0.1439419971833754
6585,-0.005573198195125985,-1.9914139583257702,-1.7370210632647518,-1.0120192972688786,0.46153846153846156,26,-1.4115196198040236,USDSEK.,月初2日買,0.1439419971833754
6585,-0.009871445271776812,-3.4701846088029766,-1.7665045170377205,-3.3466525636888345,0.19230769230769232,26,-2.5001333505634733,USDSEK.,月初2日売,0.1439419971833754
6586,-0.011760329463265072,-2.993367749141362,-1.1509549737070057,-3.2167825366692293,0.2692307692307692,26,-2.9789819171178378,USDSGD.,MA5/20,0.1044069331741306
6586,-0.010651251428361335,-2.714637452978236,-1.8409182177025625,-2.0149661255189177,0.23076923076923078,26,-2.6980439195072226,USDSGD.,MA10/50,0.1044069331741306
6586,-0.013136902506849428,-3.37005534321995,-2.403160218877419,-2.367757074464968,0.2692307692307692,26,-3.327678458081167,USDSGD.,MA20/100,0.1044069331741306
6586,-0.014531875493341258,-3.7506896023848992,-1.8846663639797903,-3.5081266661230512,0.11538461538461539,26,-3.6810358461209827,USDSGD.,MA50/200,0.1044069331741306
6586,-0.015375630994317211,-3.9065230615836857,-2.664671609008961,-2.8827405826914494,0.19230769230769232,26,-3.8947656049451216,USDSGD.,モメ20,0.1044069331741306
6586,-0.011743179562064382,-2.9967009629161483,-2.350456513544598,-1.8658061470186438,0.2692307692307692,26,-2.974637715221386,USDSGD.,モメ60,0.1044069331741306
6586,-0.014236027269263062,-3.656617299859393,-2.5296572394023498,-2.6552102307812575,0.19230769230769232,26,-3.606095215206406,USDSGD.,モメ120,0.1044069331741306
6586,-0.018463835526993513,-4.769461080582484,-3.7071965007533048,-3.0119994115159194,0.19230769230769232,26,-4.67703156849151,USDSGD.,モメ250,0.1044069331741306
6586,-0.028757079507684875,-12.681055622471584,-8.720441520390281,-9.246068796045947,0.0,26,-7.284389447600481,USDSGD.,逆張z1_1日,0.1044069331741306
6586,-0.032695086547658264,-14.406002037211449,-9.725409366161514,-10.701486814260953,0.0,26,-8.281916923187591,USDSGD.,順張z1_1日,0.1044069331741306
6586,-0.02651366776576153,-8.171179631038761,-5.680518983195092,-5.896472116717385,0.038461538461538464,26,-6.7161159963579005,USDSGD.,逆張z1_3日,0.1044069331741306
6586,-0.03117615216082459,-9.591206615007582,-6.462972443616629,-7.149784557130087,0.038461538461538464,26,-7.897159158891952,USDSGD.,順張z1_3日,0.1044069331741306
6586,-0.024974905991136758,-6.905088009801328,-4.9100051335797,-4.866838850376383,0.0,26,-6.326335802216411,USDSGD.,逆張z1_5日,0.1044069331741306
6586,-0.03045996340135231,-8.410741452584968,-5.387423608225866,-6.599911208562858,0.07692307692307693,26,-7.71574303697332,USDSGD.,順張z1_5日,0.1044069331741306
6586,-0.010495781094476186,-2.67493165663028,-1.9720118752970321,-1.8076702813373462,0.23076923076923078,26,-2.658662088008469,USDSGD.,ドンチャン20,0.1044069331741306
6586,-0.009739744182314557,-2.48726873073995,-2.351564752901283,-1.096826793105826,0.34615384615384615,26,-2.467152122489373,USDSGD.,ドンチャン55,0.1044069331741306
6586,-0.019738935831264685,-11.380970516373784,-7.29508794895532,-9.212170691229735,0.038461538461538464,26,-5.000024284027276,USDSGD.,月曜買,0.1044069331741306
6586,-0.026345477469979672,-14.743583716362838,-9.223442848669409,-12.157086893848925,0.0,26,-6.67351210066485,USDSGD.,月曜売,0.1044069331741306
6586,-0.022274484130050363,-12.355309867151247,-8.09253626479808,-9.537591799095452,0.0,26,-5.642298172327372,USDSGD.,火曜買,0.1044069331741306
6586,-0.02384492113269835,-13.137853693992376,-8.668328334435504,-10.067107664435325,0.0,26,-6.040101945382744,USDSGD.,火曜売,0.1044069331741306
6586,-0.024552034325899127,-12.625876115907207,-8.780269377602615,-9.095672008166225,0.038461538461538464,26,-6.219219156552755,USDSGD.,水曜買,0.1044069331741306
6586,-0.021532378975345226,-11.198923597195865,-7.515765815475111,-8.355823167054075,0.0,26,-5.454317228139372,USDSGD.,水曜売,0.1044069331741306
6586,-0.023455943174844097,-12.419127813742143,-9.043748898147587,-8.521254705795434,0.0,26,-5.941570836520124,USDSGD.,木曜買,0.1044069331741306
6586,-0.02262847012640026,-12.020106996926934,-7.3791339389500905,-9.745130218561613,0.0,26,-5.7319655481720035,USDSGD.,木曜売,0.1044069331741306
6586,-0.021313394089715578,-11.760711145639155,-9.275663642673585,-7.343144275719351,0.038461538461538464,26,-5.398846672110261,USDSGD.,金曜買,0.1044069331741306
6586,-0.024771019211528775,-13.471518731280934,-8.645451389396543,-10.385016668530543,0.0,26,-6.274689712581865,USDSGD.,金曜売,0.1044069331741306
6586,-0.008309233241239394,-7.583136765716373,-6.171851599060802,-4.450091798273185,0.07692307692307693,26,-2.1047926971847177,USDSGD.,月末2日買,0.1044069331741306
6586,-0.00340389713830516,-3.1748192267946607,-0.8687543537680296,-3.859998738340864,0.3076923076923077,26,-0.862233328956838,USDSGD.,月末2日売,0.1044069331741306
6586,-0.004130320721311384,-3.3129688186632564,-2.4763967416432924,-2.2065592681392374,0.19230769230769232,26,-1.0462420104060297,USDSGD.,月初2日買,0.1044069331741306
6586,-0.007582809658233172,-5.832497096199862,-3.4876641586686534,-4.931174919977497,0.07692307692307693,26,-1.9207840157355256,USDSGD.,月初2日売,0.1044069331741306
6558,-0.06243322878402201,-5.1306951126785725,-3.084190650443314,-4.1534694592970185,0.11538461538461539,26,-15.74758132175447,USDTRY.,MA5/20,0.09893123025822581
6558,-0.05147477417300621,-4.284521962190673,-2.8661316375468058,-3.185757489085348,0.15384615384615385,26,-12.983521885637487,USDTRY.,MA10/50,0.09893123025822581
6558,-0.07065504373267932,-5.939944276787338,-3.8180561519199023,-4.558448097428662,0.07692307692307693,26,-17.821376030727343,USDTRY.,MA20/100,0.09893123025822581
6558,-0.0916253068021759,-7.7921659552096365,-5.167134045431487,-5.832594392280269,0.038461538461538464,26,-23.110721615718056,USDTRY.,MA50/200,0.09893123025822581
6558,-0.049870740651943024,-4.102387934861812,-2.3684719051900043,-3.414495901631144,0.23076923076923078,26,-12.578935276747778,USDTRY.,モメ20,0.09893123025822581
6558,-0.07751442494828789,-6.458425115111651,-5.215535232753082,-3.9625132986972775,0.11538461538461539,26,-19.55152303118738,USDTRY.,モメ60,0.09893123025822581
6558,-0.08761644505183128,-7.388177021905978,-5.23896768253721,-5.220201156209307,0.07692307692307693,26,-22.099563332688817,USDTRY.,モメ120,0.09893123025822581
6558,-0.09408095300395786,-8.033517099759072,-6.098102737321038,-5.327140315926709,0.07692307692307693,26,-23.73011114615213,USDTRY.,モメ250,0.09893123025822581
6558,-0.04322626965683392,-5.021900307593454,-3.4619926121895785,-3.6563583878733743,0.19230769230769232,26,-10.902995246519879,USDTRY.,逆張z1_1日,0.09893123025822581
6558,-0.05106603979577121,-5.929778562857767,-5.412932987970501,-3.227115247446795,0.07692307692307693,26,-12.880426499256448,USDTRY.,順張z1_1日,0.09893123025822581
6558,-0.05525721894678493,-5.225597267129177,-3.8214406314450367,-3.584252728987029,0.19230769230769232,26,-13.937570840500598,USDTRY.,逆張z1_3日,0.09893123025822581
6558,-0.07938287943757553,-7.502736410018642,-5.8129610550284365,-4.844534257276236,0.07692307692307693,26,-20.02280474429309,USDTRY.,順張z1_3日,0.09893123025822581
6558,-0.06288532019258065,-5.57840991265028,-4.225699737351822,-3.675532658633801,0.19230769230769232,26,-15.861612685497844,USDTRY.,逆張z1_5日,0.09893123025822581
6558,-0.09090247532394598,-8.063210907155636,-5.818869814750115,-5.589766484475629,0.038461538461538464,26,-22.92840127593991,USDTRY.,順張z1_5日,0.09893123025822581
6558,-0.0494630616238912,-4.070309503034027,-2.2866186015822794,-3.448639661864095,0.19230769230769232,26,-12.476106081903014,USDTRY.,ドンチャン20,0.09893123025822581
6558,-0.06654219689909113,-5.560828884962118,-3.605647957647226,-4.24067142822108,0.07692307692307693,26,-16.78398951016306,USDTRY.,ドンチャン55,0.09893123025822581
6558,-0.03684705751796266,-5.863496485774254,-5.068147210648999,-3.37995395996685,0.11538461538461539,26,-9.293961661646124,USDTRY.,月曜買,0.09893123025822581
6558,-0.033569664920652754,-5.351516068309214,-3.5836065061877815,-3.977630790920475,0.11538461538461539,26,-8.467302405755413,USDTRY.,月曜売,0.09893123025822581
6558,-0.04606009236876959,-8.243856179153319,-6.828664360772505,-4.757338348775491,0.07692307692307693,26,-11.617772529015038,USDTRY.,火曜買,0.09893123025822581
6558,-0.02446405451292533,-4.445148379497587,-1.7853602207817691,-4.581380386018999,0.15384615384615385,26,-6.170587288298628,USDTRY.,火曜売,0.09893123025822581
6558,-0.04900220120827464,-8.6268026911256,-5.416676242988512,-6.859996094584407,0.038461538461538464,26,-12.359862904764041,USDTRY.,水曜買,0.09893123025822581
6558,-0.021468233451880536,-3.8507335943425955,-3.0249144010291666,-2.3953609070155064,0.23076923076923078,26,-5.414949037593559,USDTRY.,水曜売,0.09893123025822581
6558,-0.05671440653981418,-10.710183413820069,-8.513176991005041,-6.596209423812182,0.038461538461538464,26,-14.305118388003901,USDTRY.,木曜買,0.09893123025822581
6558,-0.013702315898801236,-2.6773648094535627,-0.7283624783089612,-3.0822120345702766,0.19230769230769232,26,-3.4561456793976353,USDTRY.,木曜売,0.09893123025822581
6558,-0.04076670584149037,-8.180348511691953,-8.612393381436686,-3.2469622127421234,0.11538461538461539,26,-10.28261757340361,USDTRY.,金曜買,0.09893123025822581
6558,-0.02965001659712506,-6.007718519007317,-2.020632743948248,-6.174477250883599,0.19230769230769232,26,-7.478646493997929,USDTRY.,金曜売,0.09893123025822581
6558,-0.025914944052938593,-8.120169323906184,-7.688213381734309,-3.7509610590295575,0.11538461538461539,26,-6.536546273045051,USDTRY.,月末2日買,0.09893123025822581
6558,0.0024299456832408053,0.7971061688284351,2.7929832085768616,-1.5821809701757883,0.6923076923076923,26,0.6129070688728151,USDTRY.,月末2日売,0.09893123025822581
6558,-0.019632585440090642,-5.833225414719238,-4.823145125667459,-3.3071499379688944,0.15384615384615385,26,-4.951942127542863,USDTRY.,月初2日買,0.09893123025822581
6558,-0.003852412929607146,-1.1752525688793298,0.383501391702825,-2.3444010303763667,0.46153846153846156,26,-0.9716970766293719,USDTRY.,月初2日売,0.09893123025822581
5825,-0.04044425524454247,-3.0037431853314054,-2.1125021591418656,-2.150352697600019,0.21739130434782608,23,-10.242947252150428,USDZAR.,MA5/20,0.09429436643961936
5825,-0.03425157921010243,-2.5557923488714387,-1.406568091120399,-2.280937706752505,0.30434782608695654,23,-8.674584734732461,USDZAR.,MA10/50,0.09429436643961936
5825,-0.018875881584882345,-1.4183811900884655,-0.9932814053645916,-1.01849174415595,0.30434782608695654,23,-4.780522183997374,USDZAR.,MA20/100,0.09429436643961936
5825,-0.017054243111024558,-1.2903857117153046,-1.0421981643984426,-0.7693977657194309,0.391304347826087,23,-4.319172440074695,USDZAR.,MA50/200,0.09429436643961936
5825,-0.032447598639054415,-2.4095204492288564,-0.732110902367023,-2.8474574074345678,0.21739130434782608,23,-8.217707046630082,USDZAR.,モメ20,0.09429436643961936
5825,-0.04896850374242265,-3.663153731967284,-2.8229830445415725,-2.335660366342026,0.13043478260869565,23,-12.40180583911356,USDZAR.,モメ60,0.09429436643961936
5825,-0.023022057889502498,-1.7331094577769015,-0.7237703831420532,-1.8012021825237974,0.30434782608695654,23,-5.830586400276173,USDZAR.,モメ120,0.09429436643961936
5825,-0.016626353562626105,-1.2649433032669772,-0.8132252886585328,-0.9878364671046979,0.391304347826087,23,-4.2108047609694355,USDZAR.,モメ250,0.09429436643961936
5825,-0.023539971787532265,-3.100467701661724,-2.344336081577573,-2.0352052606404754,0.17391304347826086,23,-5.961753724451107,USDZAR.,逆張z1_1日,0.09429436643961936
5825,-0.037331030582707946,-4.9303996867808575,-3.1640276589653262,-3.820750727936945,0.13043478260869565,23,-9.454489267142339,USDZAR.,順張z1_1日,0.09429436643961936
5825,-0.02297306647278967,-2.005513233006074,-1.33828228749577,-1.5238302341963634,0.30434782608695654,23,-5.8181787914782515,USDZAR.,逆張z1_3日,0.09429436643961936
5825,-0.037336156588880176,-3.259829582024827,-2.0233992778147982,-2.6569176286207044,0.21739130434782608,23,-9.455787483922913,USDZAR.,順張z1_3日,0.09429436643961936
5825,-0.022547599817250796,-1.7996753220432422,-1.2244829326996898,-1.3344397424503542,0.30434782608695654,23,-5.710424736325471,USDZAR.,逆張z1_5日,0.09429436643961936
5825,-0.0381849306028017,-3.0486859890791993,-1.9337320415448123,-2.422441329153153,0.21739130434782608,23,-9.67074872875304,USDZAR.,順張z1_5日,0.09429436643961936
5825,-0.02985777094970749,-2.2194956989366705,-1.2048622919251395,-2.0035505886089306,0.17391304347826086,23,-7.561805034002002,USDZAR.,ドンチャン20,0.09429436643961936
5825,-0.03383784854832904,-2.5304419514006726,-1.6040996575183322,-2.0118572920020883,0.17391304347826086,23,-8.569802947565938,USDZAR.,ドンチャン55,0.09429436643961936
5825,-0.012763419998533965,-2.253286003440617,-0.05648421772294801,-3.3046005775384533,0.34782608695652173,23,-3.2324748474547995,USDZAR.,月曜買,0.09429436643961936
5825,-0.031216406396331657,-5.463767494910274,-5.091352565596356,-2.4900986817706623,0.17391304347826086,23,-7.9058942286361695,USDZAR.,月曜売,0.09429436643961936
5825,-0.028796899889628434,-4.91262581396181,-3.4645530258135735,-3.5197763506914153,0.08695652173913043,23,-7.293127906829809,USDZAR.,火曜買,0.09429436643961936
5825,-0.015258428353125375,-2.6186441474122204,-1.4114606679354265,-2.402324848347858,0.21739130434782608,23,-3.864362832911101,USDZAR.,火曜売,0.09429436643961936
5825,-0.029527533780497852,-4.289479057764706,-1.4089816681229042,-5.209681042713083,0.21739130434782608,23,-7.478168881365218,USDZAR.,水曜買,0.09429436643961936
5825,-0.014452292614367774,-2.109652576143864,-2.614694767143266,-0.0324885726347479,0.4782608695652174,23,-3.6602001947257508,USDZAR.,水曜売,0.09429436643961936
5825,-0.012579214092519709,-2.0383145617927343,-2.729355517872381,0.027312709263587243,0.391304347826087,23,-3.1858226995185785,USDZAR.,木曜買,0.09429436643961936
5825,-0.03136286137840183,-5.0445408721982234,-1.9847702897521362,-5.355170471550278,0.08695652173913043,23,-7.942985544747419,USDZAR.,木曜売,0.09429436643961936
5825,-0.02496767379353876,-4.370837057157986,-3.56601423140421,-2.589567221989834,0.13043478260869565,23,-6.323334775972314,USDZAR.,金曜買,0.09429436643961936
5825,-0.01897440167738278,-3.330910411369496,-1.734965341719721,-3.008251446611136,0.21739130434782608,23,-4.805473468293683,USDZAR.,金曜売,0.09429436643961936
5825,-0.0023931499187717633,-0.594262935705707,-1.27712576533645,0.4602188248701478,0.391304347826087,23,-0.606091229428066,USDZAR.,月末2日買,0.09429436643961936
5825,-0.009294023114672381,-2.293836228679879,-0.7411192484659345,-2.514075786306517,0.21739130434782608,23,-2.3538123757811573,USDZAR.,月末2日売,0.09429436643961936
5825,-0.006381672849688843,-1.494871629078161,-1.1279837209455894,-0.980943227663372,0.34782608695652173,23,-1.6162280151929356,USDZAR.,月初2日買,0.09429436643961936
5825,-0.005305500183755302,-1.2426188223701677,-0.6707573831274005,-1.1335139796509017,0.30434782608695654,23,-1.343675590016288,USDZAR.,月初2日売,0.09429436643961936
6571,-0.024866812688820992,-2.9358999202535117,-1.2982241314409313,-3.045861604393325,0.19230769230769232,26,-6.284608699163182,CADCHF.,MA5/20,0.0325327840947777
6571,-0.024332678386074964,-2.878671942860113,-1.1065197347789897,-3.1856540491331935,0.3076923076923077,26,-6.149616525957639,CADCHF.,MA10/50,0.0325327840947777
6571,-0.01767759693065473,-2.098009881182369,-0.5628851761264226,-2.6093406118053433,0.3076923076923077,26,-4.467672670435855,CADCHF.,MA20/100,0.0325327840947777
6571,-0.00982102459237213,-1.1754819255476172,0.2121386189490894,-2.080034970111611,0.4230769230769231,26,-2.48207509986451,CADCHF.,MA50/200,0.0325327840947777
6571,-0.025609324187752854,-3.0239155730134213,-0.9798242015983271,-3.573564306195554,0.2692307692307692,26,-6.472264201450921,CADCHF.,モメ20,0.0325327840947777
6571,-0.014869714384329567,-1.7605320945889489,0.025981154464148074,-2.800223484869082,0.4230769230769231,26,-3.7580343545934456,CADCHF.,モメ60,0.0325327840947777
6571,-0.023048361603816504,-2.741847385561631,-0.8072284890485679,-3.3202825012753263,0.3076923076923077,26,-5.8250301576414705,CADCHF.,モメ120,0.0325327840947777
6571,-0.01667267012071698,-1.999988075819122,-0.8350283064070465,-2.112223059129662,0.3076923076923077,26,-4.213696744739663,CADCHF.,モメ250,0.0325327840947777
6571,-0.00423645445715573,-0.9323395445303467,-0.9808180045832217,-0.25011903709858296,0.38461538461538464,26,-1.0706823937680878,CADCHF.,逆張z1_1日,0.0325327840947777
6571,-0.016113245019916074,-3.536579195068926,-1.834618626510745,-3.4283302635145474,0.3076923076923077,26,-4.072312808687251,CADCHF.,順張z1_1日,0.0325327840947777
6571,0.005844497913694754,0.8287809538500872,0.42583465288703826,0.7697029086740218,0.6153846153846154,26,1.4770844534957015,CADCHF.,逆張z1_3日,0.0325327840947777
6571,-0.027035092850955945,-3.8313205669306356,-2.446529792127164,-3.0170723886069153,0.2692307692307692,26,-6.8325998124473655,CADCHF.,順張z1_3日,0.0325327840947777
6571,0.01091725753240907,1.4139799732796101,1.2351340415988912,0.7315711656204759,0.6153846153846154,26,2.759126894056154,CADCHF.,逆張z1_5日,0.0325327840947777
6571,-0.032573813311557426,-4.216844461084801,-3.100976122089311,-2.8613764654649345,0.15384615384615385,26,-8.232404895009378,CADCHF.,順張z1_5日,0.0325327840947777
6571,-0.017682796529985962,-2.0877546218373104,-0.8121449209061427,-2.3013672542410295,0.11538461538461539,26,-4.468986769174529,CADCHF.,ドンチャン20,0.0325327840947777
6571,-0.009589802482398255,-1.1345125024532845,0.03387139914554652,-1.8252516476660186,0.38461538461538464,26,-2.4236381581476514,CADCHF.,ドンチャン55,0.0325327840947777
6571,-0.004969058499528058,-1.4610973914658427,-1.1496506047441155,-0.902624704215258,0.3076923076923077,26,-1.255833976938418,CADCHF.,月曜買,0.0325327840947777
6571,-0.010365853634485073,-3.0413285671173553,-1.6486772526756932,-2.8833911963254795,0.15384615384615385,26,-2.6197701627769776,CADCHF.,月曜売,0.0325327840947777
6571,-0.0027010302745167714,-0.7279940833977192,-0.30513158723818373,-0.9027043728707328,0.3076923076923077,26,-0.6826334589942195,CADCHF.,火曜買,0.0325327840947777
6571,-0.012692367413020439,-3.409349021642895,-2.1089864615510456,-3.098320133851388,0.19230769230769232,26,-3.2077517796522037,CADCHF.,火曜売,0.0325327840947777
6571,-0.006661671490631516,-1.8573294318783458,-2.09846318083788,-0.27659198682952363,0.46153846153846156,26,-1.6836093601899877,CADCHF.,水曜買,0.0325327840947777
6571,-0.00874342330761051,-2.43589622966834,-0.5690338133915781,-3.332872683352203,0.3076923076923077,26,-2.2097320982426405,CADCHF.,水曜売,0.0325327840947777
6571,-0.015103446267253486,-3.308381907599668,-2.0089065613125974,-2.6316926215537024,0.15384615384615385,26,-3.817105593158564,CADCHF.,木曜買,0.0325327840947777
6571,-0.0002899514202837233,-0.06372556255518028,-0.6411579391565768,0.44872709923808135,0.34615384615384615,26,-0.07327964548785934,CADCHF.,木曜売,0.0325327840947777
6571,-0.007249184245835645,-2.0119379565925515,-0.5311495800115239,-2.7247988316378478,0.3076923076923077,26,-1.8320919107456164,CADCHF.,金曜買,0.0325327840947777
6571,-0.008085727888177487,-2.2434354112844086,-2.0691012481893365,-0.9594277593750933,0.2692307692307692,26,-2.04351222896978,CADCHF.,金曜売,0.0325327840947777
6571,-0.00445273840426804,-1.8523901983879534,-1.7532012275470232,-0.7306722516652868,0.4230769230769231,26,-1.12534400209405,CADCHF.,月末2日買,0.0325327840947777
6571,0.0003240965883956034,0.13536903940534592,0.7022700595194555,-0.7556249080483511,0.46153846153846156,26,0.08190918009028905,CADCHF.,月末2日売,0.0325327840947777
6571,0.0029060703727873884,1.1283506016336127,1.1507078209082435,0.310705385597609,0.7307692307692307,26,0.7344534007533051,CADCHF.,月初2日買,0.0325327840947777
6571,-0.007034712188659827,-2.7158844574184067,-2.1083590245368535,-1.7323923452417123,0.23076923076923078,26,-1.7778882227570658,CADCHF.,月初2日売,0.0325327840947777
6535,-0.012040084954542193,-1.222389341574156,-0.822770178110606,-0.9526769723672704,0.4230769230769231,26,-3.026229045305122,CADJPY.,MA5/20,0.027675086520742503
6535,-0.010430194103223338,-1.061127673692415,-0.9981394650479065,-0.42748580465549035,0.38461538461538464,26,-2.621589171714018,CADJPY.,MA10/50,0.027675086520742503
6535,-0.0035370238840607224,-0.3605173057055413,0.12658196048509548,-0.7977342502058724,0.46153846153846156,26,-0.8890173493206442,CADJPY.,MA20/100,0.027675086520742503
6535,-0.012635615998027903,-1.2928193154224634,-0.3677086824362142,-1.7046813599175992,0.23076923076923078,26,-3.1759134825812407,CADJPY.,MA50/200,0.027675086520742503
6535,-0.004324524488767728,-0.43912917251512773,-0.3039380503451297,-0.33049611771570436,0.46153846153846156,26,-1.0869525974652714,CADJPY.,モメ20,0.027675086520742503
6535,-0.0051615888305774635,-0.5253634924528359,-0.4480911601342799,-0.2763999739761179,0.5384615384615384,26,-1.2973455003009104,CADJPY.,モメ60,0.027675086520742503
6535,-0.008491602265340032,-0.8660324613131651,-0.3279738625689496,-1.030534164802013,0.3076923076923077,26,-2.1343315693845017,CADJPY.,モメ120,0.027675086520742503
6535,-0.006759403814782841,-0.6927920193518454,-0.18812394583299064,-0.924554855815115,0.38461538461538464,26,-1.6989501511386846,CADJPY.,モメ250,0.027675086520742503
6535,0.001573712337038352,0.2666566932533823,0.34302239105415766,-0.024517776080865725,0.4230769230769231,26,0.3955465431748326,CADJPY.,逆張z1_1日,0.027675086520742503
6535,-0.02075058153635554,-3.5116966259791083,-2.3747637977714047,-2.7270695050464657,0.3076923076923077,26,-5.215578859233978,CADJPY.,順張z1_1日,0.027675086520742503
6535,-0.002040109798617088,-0.2486267329778837,0.5844112212413503,-1.2462364490071862,0.5,26,-0.5127737513062551,CADJPY.,逆張z1_3日,0.027675086520742503
6535,-0.019658027032958398,-2.3942830351675295,-2.252406066611195,-0.9662551727600232,0.23076923076923078,26,-4.940969486937811,CADJPY.,順張z1_3日,0.027675086520742503
6535,-0.00414533023690695,-0.4547035457100585,0.25889894697259613,-1.1430239360618206,0.46153846153846156,26,-1.0419128114687257,CADJPY.,逆張z1_5日,0.027675086520742503
6535,-0.01860417239971508,-2.0396316262587946,-1.824782256584828,-0.9549521626577087,0.23076923076923078,26,-4.676087178159154,CADJPY.,順張z1_5日,0.027675086520742503
6535,-0.01717373090546521,-1.743761742437718,-1.1378294950241827,-1.409503341591789,0.38461538461538464,26,-4.316551210277504,CADJPY.,ドンチャン20,0.027675086520742503
6535,-0.010344697512006118,-1.054256493643769,-0.7199572751998407,-0.8058962403224483,0.23076923076923078,26,-2.6000999323446123,CADJPY.,ドンチャン55,0.027675086520742503
6535,-0.004419386189181578,-1.0187791344446422,-1.4988355889451401,0.3522868870927322,0.34615384615384615,26,-1.110795721011601,CADJPY.,月曜買,0.027675086520742503
6535,-0.009801070481876386,-2.2565820115648187,-0.5143868756581919,-3.162440015069385,0.34615384615384615,26,-2.4634613691946994,CADJPY.,月曜売,0.027675086520742503
6535,-0.0013367459635195542,-0.30910684037670727,-0.2531041232271491,-0.17748340393148498,0.4230769230769231,26,-0.335985956600011,CADJPY.,火曜買,0.027675086520742503
6535,-0.012916376381361668,-2.978740339644645,-1.7276293055758853,-2.7606513863420172,0.19230769230769232,26,-3.246481525084557,CADJPY.,火曜売,0.027675086520742503
6535,0.00028988109195926363,0.06513728354865753,-0.5065807594824119,0.8684456953911005,0.46153846153846156,26,0.07286049753668412,CADJPY.,水曜買,0.027675086520742503
6535,-0.01451033776301723,-3.249958776198563,-1.4154168664160518,-3.7023956325543885,0.15384615384615385,26,-3.6471175877429847,CADJPY.,水曜売,0.027675086520742503
6535,-0.0076324478842189295,-1.7405991201122502,-0.08724842977213688,-2.9381150200771433,0.3076923076923077,26,-1.9183864201296426,CADJPY.,木曜買,0.027675086520742503
6535,-0.006598897344780125,-1.5052477936813309,-1.882174362267182,0.08371571554877419,0.38461538461538464,26,-1.6586074672360807,CADJPY.,木曜売,0.027675086520742503
6535,-0.007835699366831027,-1.7202939764865695,-0.5347811458349143,-2.1012371693680247,0.38461538461538464,26,-1.9694728985477217,CADJPY.,金曜買,0.027675086520742503
6535,-0.006395645862168024,-1.4045611931671864,-1.4536788064892672,-0.42266404710582606,0.38461538461538464,26,-1.607520988818001,CADJPY.,金曜売,0.027675086520742503
6535,-0.002856675874496691,-0.9563818758869121,-0.6099015251663173,-0.770513181677711,0.46153846153846156,26,-0.7180144938398415,CADJPY.,月末2日買,0.027675086520742503
6535,-0.00117543944490609,-0.3941595153994641,-0.24783074035075559,-0.32218137241633305,0.46153846153846156,26,-0.2954421835562036,CADJPY.,月末2日売,0.027675086520742503
6535,0.002529123315738357,0.8573408900265036,1.6330894782696472,-0.7216788258619548,0.5384615384615384,26,0.6356854180134679,CADJPY.,月初2日買,0.027675086520742503
6535,-0.006561238635141138,-2.2176577634841186,-2.4825336875518142,-0.3993274436478837,0.3076923076923077,26,-1.6491420954095124,CADJPY.,月初2日売,0.027675086520742503
6545,-0.010566092338729623,-1.2578205546116747,-0.6241528175368999,-1.2154673433569303,0.3076923076923077,26,-2.6598105521917423,CHFJPY.,MA5/20,0.020203969641433003
6545,-0.014312415926425346,-1.7078902410836534,-1.2304648153364182,-1.1906358648850515,0.38461538461538464,26,-3.6028754707097623,CHFJPY.,MA10/50,0.020203969641433003
6545,-0.0044503867101867095,-0.5322569193103122,-0.4670854233701188,-0.2714289506084422,0.38461538461538464,26,-1.1202992699296899,CHFJPY.,MA20/100,0.020203969641433003
6545,0.00032334805404898837,0.03906351072026962,-0.023698565832982844,0.08784110438700825,0.5384615384615384,26,0.08139665437502727,CHFJPY.,MA50/200,0.020203969641433003
6545,-0.014197271247626611,-1.6913178362643808,-1.0391184884960303,-1.394873543087795,0.34615384615384615,26,-3.573890012142927,CHFJPY.,モメ20,0.020203969641433003
6545,-0.003683259355068135,-0.43987596541963747,-0.5836301656534182,0.011615564931034982,0.4230769230769231,26,-0.9271897107277254,CHFJPY.,モメ60,0.020203969641433003
6545,0.0015498863462298335,0.18592696880425735,0.14242863458415794,0.11949055535456873,0.5384615384615384,26,0.39015408215670483,CHFJPY.,モメ120,0.020203969641433003
6545,-0.013203735821423361,-1.59752194429507,-1.9153293137993717,-0.22055924753657047,0.34615384615384615,26,-3.323786575046763,CHFJPY.,モメ250,0.020203969641433003
6545,-0.00028342071134802366,-0.06586419981859323,0.12737146908931524,-0.2788612194095869,0.4230769230769231,26,-0.07134571368357014,CHFJPY.,逆張z1_1日,0.020203969641433003
6545,-0.014962689424413275,-3.4686727832901654,-2.3849060595936766,-2.5998003606699664,0.2692307692307692,26,-3.7665693185686497,CHFJPY.,順張z1_1日,0.020203969641433003
6545,-0.0027970517246495106,-0.3963184083095625,-0.78396036084894,0.2731724886664923,0.46153846153846156,26,-0.70410398222427,CHFJPY.,逆張z1_3日,0.020203969641433003
6545,-0.0160589274465756,-2.274648135257222,-1.0541410100373894,-2.222096615744297,0.2692307692307692,26,-4.042526159147587,CHFJPY.,順張z1_3日,0.020203969641433003
6545,-0.0030910686375421677,-0.4008892753416073,-0.3298503269893471,-0.23165403560230718,0.4230769230769231,26,-0.7781170858735946,CHFJPY.,逆張z1_5日,0.020203969641433003
6545,-0.017399205593595143,-2.2558357343254523,-1.4582730311352503,-1.759816030644483,0.2692307692307692,26,-4.379915408080006,CHFJPY.,順張z1_5日,0.020203969641433003
6545,-0.014109043224927002,-1.6802793575923793,-1.0225070371708906,-1.3970895102782337,0.3076923076923077,26,-3.5516803041210445,CHFJPY.,ドンチャン20,0.020203969641433003
6545,-0.003107903208743698,-0.37102273446277295,-0.954008987803086,0.5612885507153066,0.5,26,-0.7823548654318235,CHFJPY.,ドンチャン55,0.020203969641433003
6545,-0.006461653995550681,-1.9288019299033394,-2.027722409010876,-0.43028196320100964,0.38461538461538464,26,-1.6265971308030467,CHFJPY.,月曜買,0.020203969641433003
6545,-0.00490888425106778,-1.4660056128828303,-0.011210385009152583,-2.630321868501007,0.3076923076923077,26,-1.2357172085861008,CHFJPY.,月曜売,0.020203969641433003
6545,-0.0032461180766368827,-0.8876884693550668,-0.5872758823630992,-0.7436118876765065,0.5769230769230769,26,-0.8171478004457077,CHFJPY.,火曜買,0.020203969641433003
6545,-0.008141793032084892,-2.2236411604841573,-1.2281652487044739,-2.261383485188002,0.2692307692307692,26,-2.0495398228844475,CHFJPY.,火曜売,0.020203969641433003
6545,0.0007333610803128965,0.22140806107303382,0.6540589376252403,-0.5366262580099137,0.5384615384615384,26,0.1846095488710728,CHFJPY.,水曜買,0.020203969641433003
6545,-0.012103899326931358,-3.639502961640337,-2.7476818523260276,-2.4158842308533437,0.19230769230769232,26,-3.046923888260221,CHFJPY.,水曜売,0.020203969641433003
6545,-0.0002182014536057461,-0.045639349163349975,0.2804137525051126,-0.2829444828429787,0.46153846153846156,26,-0.05492801976344642,CHFJPY.,木曜買,0.020203969641433003
6545,-0.011143650361961062,-2.3269603004662147,-2.175368710919707,-1.23794332649469,0.3076923076923077,26,-2.8051996776551977,CHFJPY.,木曜売,0.020203969641433003
6545,-0.0055891839238933335,-1.5932231969662052,-0.9502528918019911,-1.3980649805600978,0.34615384615384615,26,-1.406969568533918,CHFJPY.,金曜買,0.020203969641433003
6545,-0.0057726678916734725,-1.6454408999344927,-1.0577210823485823,-1.339911550710784,0.38461538461538464,26,-1.4531581288847262,CHFJPY.,金曜売,0.020203969641433003
6545,0.00029704928392951116,0.12478807003754876,0.6839546498582415,-0.6075331931792008,0.5384615384615384,26,0.07477644474302513,CHFJPY.,月末2日買,0.020203969641433003
6545,-0.003690345736877648,-1.5486488551687732,-1.6159514588365294,-0.4924627635367653,0.38461538461538464,26,-0.9289735710717003,CHFJPY.,月末2日売,0.020203969641433003
6545,-0.0027529836539190227,-1.2379797993920947,-0.0632806919974342,-2.0222000838345164,0.23076923076923078,26,-0.6930106928807694,CHFJPY.,月初2日買,0.020203969641433003
6545,-0.000640312799029113,-0.2885963730151652,-0.8805981103691576,0.7295629828784166,0.6538461538461539,26,-0.1611864334479057,CHFJPY.,月初2日売,0.020203969641433003
6570,-0.00882037984486873,-1.294005249835935,0.2110827638998458,-2.3503185092042553,0.4230769230769231,26,-2.2288421377225953,EURCAD.,MA5/20,0.010109684802348435
6570,-0.015255934729115553,-2.24614828230273,-1.428373676544229,-1.8114570508845385,0.2692307692307692,26,-3.8550573527034278,EURCAD.,MA10/50,0.010109684802348435
6570,-0.013772807138191036,-2.0412034390839833,-0.9833700294685596,-2.0328538654206265,0.46153846153846156,26,-3.480282419150577,EURCAD.,MA20/100,0.010109684802348435
6570,-0.009391737670084768,-1.4077614619708159,-0.9832469732272444,-1.0207491963457302,0.4230769230769231,26,-2.373219865094495,EURCAD.,MA50/200,0.010109684802348435
6570,-0.011404729045882302,-1.6735048917099775,-0.5411380079141718,-2.011716445111196,0.34615384615384615,26,-2.8818873012094857,EURCAD.,モメ20,0.010109684802348435
6570,-0.009645418588609806,-1.4227718175508113,-0.44560047010509796,-1.721014181967107,0.38461538461538464,26,-2.43732308181409,EURCAD.,モメ60,0.010109684802348435
6570,-0.008967737133908278,-1.334031256956882,-0.4232058781367319,-1.596123667826434,0.38461538461538464,26,-2.266078191145281,EURCAD.,モメ120,0.010109684802348435
6570,-0.012599408919065172,-1.8951671837358333,-0.6876059160534085,-2.1437244196823184,0.2692307692307692,26,-3.183773715317619,EURCAD.,モメ250,0.010109684802348435
6570,-0.0006742604962064678,-0.16747889744516337,-1.1332450542480312,1.0889433619391764,0.5384615384615384,26,-0.17038044077217324,EURCAD.,逆張z1_1日,0.010109684802348435
6570,-0.008276605014744186,-2.0551452404996513,-0.3318667185207952,-2.797440850193009,0.2692307692307692,26,-2.091434421033435,EURCAD.,順張z1_1日,0.010109684802348435
6570,0.00047534478960812806,0.0840702409439701,-0.47207845322846054,0.7130064238204967,0.4230769230769231,26,0.12011597183559444,EURCAD.,逆張z1_3日,0.010109684802348435
6570,-0.01236599754851482,-2.186979697278316,-0.898381894537425,-2.3598295842392956,0.3076923076923077,26,-3.1247924574516293,EURCAD.,順張z1_3日,0.010109684802348435
6570,0.0002524858391455363,0.040152675681223854,-0.4916003262953712,0.6873498576227984,0.5769230769230769,26,0.0638012293533167,EURCAD.,逆張z1_5日,0.010109684802348435
6570,-0.01353761966767324,-2.1526676944546272,-0.8607756012024629,-2.383120523032694,0.23076923076923078,26,-3.420852354485121,EURCAD.,順張z1_5日,0.010109684802348435
6570,-0.010200149683189814,-1.496613238467777,-0.24511550345613808,-2.1003827755271587,0.38461538461538464,26,-2.5774993622521922,EURCAD.,ドンチャン20,0.010109684802348435
6570,-0.009214054135797768,-1.3577709712169643,-0.837447992738121,-1.1271462459904702,0.4230769230769231,26,-2.328320602776586,EURCAD.,ドンチャン55,0.010109684802348435
6570,-0.004374094638402134,-1.5061297250434875,-2.151626753082067,0.24398994878875502,0.34615384615384615,26,-1.1053000682423855,EURCAD.,月曜買,0.010109684802348435
6570,-0.0019429638031113134,-0.6693930383720499,0.7491053837953019,-1.9566131944384362,0.38461538461538464,26,-0.4909720071708203,EURCAD.,月曜売,0.010109684802348435
6570,-0.002639558026675012,-0.9086563070298692,-0.2876210052841625,-1.1436852082793496,0.4230769230769231,26,-0.6669960090482628,EURCAD.,火曜買,0.010109684802348435
6570,-0.0037306255240560546,-1.2839311188800244,-1.072749052425083,-0.7081529980716927,0.38461538461538464,26,-0.9427003728095493,EURCAD.,火曜売,0.010109684802348435
6570,-0.0036351519987739634,-1.173050512003014,-0.02376572303219926,-1.8631993596073873,0.3076923076923077,26,-0.9185749473824976,EURCAD.,水曜買,0.010109684802348435
6570,-0.002720542885806845,-0.8780709646529389,-1.2834339688417369,0.21102814124123664,0.4230769230769231,26,-0.6874602599904217,EURCAD.,水曜売,0.010109684802348435
6570,0.0009110955435562483,0.29195503000583883,0.7547337873604273,-0.4186233731729256,0.5384615384615384,26,0.23022683542940564,EURCAD.,木曜買,0.010109684802348435
6570,-0.007252301761986795,-2.320200549069406,-2.1013735503338373,-1.121490511783435,0.23076923076923078,26,-1.8326008683174326,EURCAD.,木曜売,0.010109684802348435
6570,-0.0020248698147962716,-0.6285587173274325,-0.75057521530261,-0.04127261533624768,0.5384615384615384,26,-0.5116690262773655,EURCAD.,金曜買,0.010109684802348435
6570,-0.004318088429397499,-1.340013276731428,-0.4723020826681239,-1.6153510497947898,0.2692307692307692,26,-1.0911477300439063,EURCAD.,金曜売,0.010109684802348435
6570,-0.0003423171701231467,-0.16723630297958259,-0.12932172195711636,-0.10605388702701586,0.4230769230769231,26,-0.08650091568111831,EURCAD.,月末2日買,0.010109684802348435
6570,-0.0016716466607495312,-0.8155666532551997,-0.515740055164752,-0.6522815101196408,0.5,26,-0.4224122523509393,EURCAD.,月末2日売,0.010109684802348435
6570,-0.004153507639009416,-1.845713488250931,-1.4506415722656587,-1.141895861171185,0.23076923076923078,26,-1.0495594303189177,EURCAD.,月初2日買,0.010109684802348435
6570,0.002139543808136737,0.9526020824247093,0.8903423217585119,0.4003562811330635,0.6538461538461539,26,0.5406462622868602,EURCAD.,月初2日売,0.010109684802348435
6516,-0.011005113954704538,-1.9999680890371399,-1.1853233138825092,-1.6277922456562324,0.3076923076923077,26,-2.758050866494412,EURCHF.,MA5/20,0.012293021680216802
6516,-0.011443501198799227,-2.0852063966175134,-1.5700093538942084,-1.388841284788155,0.3076923076923077,26,-2.8679174542836807,EURCHF.,MA10/50,0.012293021680216802
6516,-0.008947318387930782,-1.6330138337119262,-1.4163919246780499,-0.9168171817520904,0.3076923076923077,26,-2.2423356390675737,EURCHF.,MA20/100,0.012293021680216802
6516,-0.0018708980283749354,-0.3419550872956186,0.04383056908656829,-0.503211325963913,0.4230769230769231,26,-0.46887582895734686,EURCHF.,MA50/200,0.012293021680216802
6516,-0.014754114116223913,-2.6816814364548818,-0.9335692691536479,-2.7895090675220753,0.3076923076923077,26,-3.697607983896729,EURCHF.,モメ20,0.012293021680216802
6516,-0.012024624901161686,-2.191626680026782,-1.6989539275960437,-1.4149320602926532,0.2692307692307692,26,-3.0135559944603645,EURCHF.,モメ60,0.012293021680216802
6516,-0.009206265048949419,-1.6814153278481945,-0.7085895333095439,-1.6306577259968476,0.34615384615384615,26,-2.307231656113629,EURCHF.,モメ120,0.012293021680216802
6516,-0.006207021349163581,-1.1355131763181658,-0.4215249849356503,-1.152247048987859,0.34615384615384615,26,-1.555575042736532,EURCHF.,モメ250,0.012293021680216802
6516,-0.003069252292880852,-1.0959801400374396,-1.7984837990880014,0.6159701134865808,0.3076923076923077,26,-0.7692018438619856,EURCHF.,逆張z1_1日,0.012293021680216802
6516,-0.008058197430626517,-2.872310925665723,-0.6543762785201748,-3.97792773348374,0.23076923076923078,26,-2.019508248383169,EURCHF.,順張z1_1日,0.012293021680216802
6516,0.002443498925630566,0.613492287312673,-0.6327763607928668,2.010116541073392,0.46153846153846156,26,0.6123784230541841,EURCHF.,逆張z1_3日,0.012293021680216802
6516,-0.017809662224310834,-4.469270811762693,-1.687337685050245,-5.438635975756097,0.15384615384615385,26,-4.463375348215745,EURCHF.,順張z1_3日,0.012293021680216802
6516,-0.0021610346772830916,-0.5018738535127363,-0.9652159697575254,0.4890769019552357,0.3076923076923077,26,-0.541588536814484,EURCHF.,逆張z1_5日,0.012293021680216802
6516,-0.015266564376370145,-3.544404338807668,-1.5047101807930163,-3.9904734844881546,0.19230769230769232,26,-3.8260359029395308,EURCHF.,順張z1_5日,0.012293021680216802
6516,-0.018120759758356184,-3.2939661304567136,-1.7134408710653044,-2.902377101110862,0.3076923076923077,26,-4.541341176363417,EURCHF.,ドンチャン20,0.012293021680216802
6516,-0.013645675687918406,-2.490087871124375,-2.3216275603062604,-1.249635936953739,0.23076923076923078,26,-3.4198162608644727,EURCHF.,ドンチャン55,0.012293021680216802
6516,-0.002331116362637736,-1.1965044690180078,-2.679045351153319,1.2445540507349409,0.38461538461538464,26,-0.5842136238056727,EURCHF.,月曜買,0.012293021680216802
6516,-0.005774211350591823,-2.957092123069827,-0.09278077250816198,-4.351093809338164,0.15384615384615385,26,-1.4471061984790896,EURCHF.,月曜売,0.012293021680216802
6516,-0.0010429014872477636,-0.42940114028845805,-0.13850965070337357,-0.6204445324637975,0.38461538461538464,26,-0.261367157342555,EURCHF.,火曜買,0.012293021680216802
6516,-0.007081087763310798,-2.9081510279554426,-1.7842118658629353,-2.727548616012241,0.19230769230769232,26,-1.774629533297429,EURCHF.,火曜売,0.012293021680216802
6516,-0.00347706797463063,-1.829354029489352,-2.1683869036152235,-0.31255451353105673,0.38461538461538464,26,-0.8714067277958919,EURCHF.,水曜買,0.012293021680216802
6516,-0.00462825973859893,-2.4330899839177995,-0.6817320920225403,-2.8883127443299212,0.15384615384615385,26,-1.1599130944888705,EURCHF.,水曜売,0.012293021680216802
6516,-0.007179518567145396,-1.966299611181104,-0.07849528054276775,-2.2122981486374353,0.23076923076923078,26,-1.7992978070584384,EURCHF.,木曜買,0.012293021680216802
6516,-0.0009195886336411649,-0.2521483623172859,-2.177873199005752,0.9418902810881651,0.46153846153846156,26,-0.23046305910791653,EURCHF.,木曜売,0.012293021680216802
6516,-0.0034600301634600027,-1.794190864102036,-0.7257315808567932,-1.9423646725208499,0.23076923076923078,26,-0.8671367901963608,EURCHF.,金曜買,0.012293021680216802
6516,-0.004639077037326557,-2.4036868409399657,-1.9883732686512803,-1.365711392452422,0.11538461538461539,26,-1.1626240759699942,EURCHF.,金曜売,0.012293021680216802
6516,-0.003271378115442413,-2.353777605517943,-2.785520006524122,-0.5210051552721566,0.34615384615384615,26,-0.8198576846239524,EURCHF.,月末2日買,0.012293021680216802
6516,0.0006536890748319315,0.471596286241759,1.4871619499839221,-0.8312785645783749,0.6153846153846154,26,0.16382453890787937,EURCHF.,月末2日売,0.012293021680216802
6516,0.000565745439810551,0.4117886800502021,0.7543268975063772,-0.3479602171237251,0.5384615384615384,26,0.14178451099252126,EURCHF.,月初2日買,0.012293021680216802
6516,-0.003183434480421032,-2.3056144934628167,-1.914533163761196,-1.2861895262815528,0.23076923076923078,26,-0.7978176567085941,EURCHF.,月初2日売,0.012293021680216802
6517,-0.012895143966570358,-2.2056707983689128,-0.9279209482942288,-2.244660437232405,0.23076923076923078,26,-3.232217431928422,EURGBP.,MA5/20,0.008165582674779123
6517,-0.014436658023048124,-2.476020998237237,-1.1676061591665585,-2.3801813017464135,0.2692307692307692,26,-3.618603859084791,EURGBP.,MA10/50,0.008165582674779123
6517,-0.008065036237245112,-1.3893673537609263,-0.11507201915607616,-1.907872784966568,0.34615384615384615,26,-2.0215323522356283,EURGBP.,MA20/100,0.008165582674779123
6517,0.00016389810606778465,0.02835920690495369,0.3926210805939354,-0.37358257068606027,0.5,26,0.04108169066322401,EURGBP.,MA50/200,0.008165582674779123
6517,-0.010303765998103214,-1.7638828652437506,-0.6505834951803228,-1.8928897572187673,0.23076923076923078,26,-2.582678577293793,EURGBP.,モメ20,0.008165582674779123
6517,-0.010800106480016594,-1.854044486838046,-0.4614966322066297,-2.2244672503622147,0.19230769230769232,26,-2.7070882280872337,EURGBP.,モメ60,0.008165582674779123
6517,-0.002715891562154252,-0.46846498967740824,0.16520894576266562,-0.8591926386624321,0.46153846153846156,26,-0.6807486657907383,EURGBP.,モメ120,0.008165582674779123
6517,-0.00592959823375456,-1.0289311120755502,-0.4500641855922954,-1.0195234671940507,0.3076923076923077,26,-1.486276603437631,EURGBP.,モメ250,0.008165582674779123
6517,-0.007061571776038939,-2.080324133975762,-1.6304483260493283,-1.2971094552645626,0.34615384615384615,26,-1.7700101255556067,EURGBP.,逆張z1_1日,0.008165582674779123
6517,0.0004398374790890654,0.12969946948521527,0.2959414301657808,-0.13675446315615697,0.4230769230769231,26,0.11024695581628598,EURGBP.,順張z1_1日,0.008165582674779123
6517,-0.0019626928119410047,-0.4177763718158101,0.1149047563942125,-0.7463011667151942,0.46153846153846156,26,-0.49195650213151987,EURGBP.,逆張z1_3日,0.008165582674779123
6517,-0.006751239836496162,-1.4376582338568797,-1.4027561548920453,-0.59509507475035,0.34615384615384615,26,-1.692224231324826,EURGBP.,順張z1_3日,0.008165582674779123
6517,0.00021570687436657944,0.04042100204316347,-0.07984751977831768,0.14284803468571552,0.6153846153846154,26,0.05406775770180904,EURGBP.,逆張z1_5日,0.008165582674779123
6517,-0.009988255697194437,-1.872160111661937,-1.206096439529153,-1.4485853937407047,0.19230769230769232,26,-2.50359470686985,EURGBP.,順張z1_5日,0.008165582674779123
6517,-0.016542529483579628,-2.838465819051805,-1.256882245131866,-2.8161232081831207,0.19230769230769232,26,-4.14644864017263,EURGBP.,ドンチャン20,0.008165582674779123
6517,-0.01278127295526782,-2.198443467263049,-0.9991611861320421,-2.1500908511960013,0.3076923076923077,26,-3.203675224980012,EURGBP.,ドンチャン55,0.008165582674779123
6517,-0.0023064031759954715,-0.934253664245834,-0.2908189467320539,-1.0865138938736543,0.34615384615384615,26,-0.5781088268447114,EURGBP.,月曜買,0.008165582674779123
6517,-0.0026195061472383224,-1.0609996978623897,-1.0349077459067075,-0.42793139738660857,0.46153846153846156,26,-0.6565892908289285,EURGBP.,月曜売,0.008165582674779123
6517,-0.0044566308141729466,-1.7339522630344733,-0.6159848836066237,-1.918207073590223,0.3076923076923077,26,-1.117071654460196,EURGBP.,火曜買,0.008165582674779123
6517,-0.0004806198198587761,-0.18716629728090564,-0.6660881308693535,0.4699314929822075,0.5384615384615384,26,-0.12046920638537034,EURGBP.,火曜売,0.008165582674779123
6517,-0.005538369565496106,-2.096413982857873,-0.6306705053062276,-2.5315005442001217,0.3076923076923077,26,-1.3882136330130048,EURGBP.,水曜買,0.008165582674779123
6517,0.0006124602422623128,0.23214145352900434,-0.5764005986813426,1.0676437490912778,0.5,26,0.15351551533936547,EURGBP.,水曜売,0.008165582674779123
6517,-0.0021679027188582028,-0.8095229736764183,-0.45172818525986763,-0.6959706951566965,0.5,26,-0.543393154569189,EURGBP.,木曜買,0.008165582674779123
6517,-0.002754226167442946,-1.0283365714579684,-0.8325871212542505,-0.6191508378782882,0.34615384615384615,26,-0.6903573820471414,EURGBP.,木曜売,0.008165582674779123
6517,0.002090722007364448,0.7614148657019799,-0.2550053059216305,1.302210870794878,0.46153846153846156,26,0.5240475123843886,EURGBP.,金曜買,0.008165582674779123
6517,-0.007016631330598242,-2.550713606878012,-1.0388806179729904,-2.5387316520506022,0.46153846153846156,26,-1.758745630058028,EURGBP.,金曜売,0.008165582674779123
6517,-0.004140388717832644,-2.3691897978978775,-2.0836449411636315,-1.183056430560911,0.38461538461538464,26,-1.037804356696744,EURGBP.,月末2日買,0.008165582674779123
6517,0.0026137965759860733,1.496594808431481,1.534424037222496,0.47127060528568526,0.5384615384615384,26,0.6551581648346633,EURGBP.,月末2日売,0.008165582674779123
6517,0.001944803980541427,1.0321695359624654,0.2882373046200114,1.2894800421604165,0.5769230769230769,26,0.4874725977380182,EURGBP.,月初2日買,0.008165582674779123
6517,-0.003471396122387997,-1.837186408145367,-0.8063950225130333,-1.927617236709275,0.38461538461538464,26,-0.8701187896000989,EURGBP.,月初2日売,0.008165582674779123
6545,-0.011553368224598263,-1.3723631227269482,-0.13548651261076297,-2.224918473297475,0.3076923076923077,26,-2.908338270384446,EURJPY.,MA5/20,0.008117892995282492
6545,-0.01224957211092871,-1.4576858628431342,-0.5933373403683045,-1.7071961110903788,0.2692307692307692,26,-3.0835942102318605,EURJPY.,MA10/50,0.008117892995282492
6545,-0.008041060767252346,-0.9592226264919569,0.11952968878193636,-1.8582476843748255,0.4230769230769231,26,-2.0241824123717915,EURJPY.,MA20/100,0.008117892995282492
6545,-0.000561189369262912,-0.06754404007383298,0.4482155221967337,-0.7567023773074046,0.4230769230769231,26,-0.14126863160868186,EURJPY.,MA50/200,0.008117892995282492
6545,-0.006863880201371463,-0.8154424929959364,0.2648073771916319,-1.8237301533106711,0.3076923076923077,26,-1.7278498429990847,EURJPY.,モメ20,0.008117892995282492
6545,0.0026283364584540557,0.31322462525823325,0.7232762048768537,-0.4957143237601384,0.5384615384615384,26,0.6616331584839165,EURJPY.,モメ60,0.008117892995282492
6545,-0.007006235669887711,-0.8373122455144879,-0.09701615097822106,-1.328650460357436,0.34615384615384615,26,-1.7636850945928861,EURJPY.,モメ120,0.008117892995282492
6545,-0.001773204703151274,-0.21385924277593554,-0.2805557297523785,0.0272031426743994,0.4230769230769231,26,-0.4463701839278866,EURJPY.,モメ250,0.008117892995282492
6545,-0.005240023376430228,-1.0413799292798684,-0.30826652729431037,-1.4340386720327207,0.4230769230769231,26,-1.3190751153359939,EURJPY.,逆張z1_1日,0.008117892995282492
6545,-0.004966406255587584,-0.9871030226662445,-0.9066113347850535,-0.4166249039042255,0.4230769230769231,26,-1.2501972670315666,EURJPY.,順張z1_1日,0.008117892995282492
6545,-0.011724151650213548,-1.6666923443901156,-0.936276951639109,-1.5736023374301098,0.2692307692307692,26,-2.9513297134864485,EURJPY.,逆張z1_3日,0.008117892995282492
6545,-0.00446205362537714,-0.6344229176995996,-0.4740346904468332,-0.42956979819159014,0.34615384615384615,26,-1.1232361914651299,EURJPY.,順張z1_3日,0.008117892995282492
6545,-0.014739037072385039,-1.907891838985812,-0.5695187035788835,-2.525156706261562,0.2692307692307692,26,-3.71026913995231,EURJPY.,逆張z1_5日,0.008117892995282492
6545,-0.004303291904035075,-0.5571076285953441,-0.9409452294363172,0.37850479151132804,0.38461538461538464,26,-1.0832709812272907,EURJPY.,順張z1_5日,0.008117892995282492
6545,-0.017138902290621025,-2.0362867335150017,-1.1157158751149776,-1.9707581974885533,0.3076923076923077,26,-4.314389057389023,EURJPY.,ドンチャン20,0.008117892995282492
6545,-0.006085521066550708,-0.7250316860673509,-0.1208354794447591,-1.1006406656868728,0.46153846153846156,26,-1.5319128992528601,EURJPY.,ドンチャン55,0.008117892995282492
6545,-0.002136638479200461,-0.5843587424941356,-2.2166789727120633,2.420752038679839,0.5,26,-0.537857647937193,EURJPY.,月曜買,0.008117892995282492
6545,-0.00507553716380536,-1.3874584237216439,1.0508037261206553,-4.23706714027392,0.34615384615384615,26,-1.2776688745040798,EURJPY.,月曜売,0.008117892995282492
6545,0.00209363855211031,0.5423094924116573,0.4210211789312392,0.3479943317779845,0.6153846153846154,26,0.5270332432139223,EURJPY.,火曜買,0.008117892995282492
6545,-0.009327869778122264,-2.4121009700831992,-1.5303312347845048,-2.0804913520888366,0.19230769230769232,26,-2.348111834531162,EURJPY.,火曜売,0.008117892995282492
6545,0.0025408297299167317,0.7110499410799562,0.3220750180762571,0.7866860976827662,0.6538461538461539,26,0.6396050223963462,EURJPY.,水曜買,0.008117892995282492
6545,-0.009758519268674085,-2.7251325853562873,-1.5443168250363535,-2.5617085042262357,0.19230769230769232,26,-2.4565195620566103,EURJPY.,水曜売,0.008117892995282492
6545,-0.001510008370520904,-0.3851240381562209,1.2126978104085793,-2.3058717689985917,0.5,26,-0.3801155686561277,EURJPY.,木曜買,0.008117892995282492
6545,-0.005702167272484917,-1.453449966927616,-2.347636573612336,0.7519187281693845,0.34615384615384615,26,-1.4354109537851452,EURJPY.,木曜売,0.008117892995282492
6545,-0.00371558150112749,-0.9739428294290415,-0.1348748342434139,-1.459012062886721,0.38461538461538464,26,-0.9353261894184393,EURJPY.,金曜買,0.008117892995282492
6545,-0.003496594141878331,-0.9165714299839341,-1.0384218969456342,-0.1348821198242645,0.4230769230769231,26,-0.8802003330228337,EURJPY.,金曜売,0.008117892995282492
6545,-0.001357760857585399,-0.5347113790471493,-0.34783216248106685,-0.4160987296938578,0.46153846153846156,26,-0.34179018511140147,EURJPY.,月末2日買,0.008117892995282492
6545,-0.0012320261779063633,-0.485219573327727,-0.32031719348064,-0.37204536269533234,0.4230769230769231,26,-0.3101388974768134,EURJPY.,月末2日売,0.008117892995282492
6545,-0.0007805621088408307,-0.32329144047125236,0.6314522255541841,-1.4166102440508779,0.34615384615384615,26,-0.196491500090894,EURJPY.,月初2日買,0.008117892995282492
6545,-0.0018092249266509312,-0.7491367277192977,-1.2930976964773668,0.507641039152418,0.46153846153846156,26,-0.455437582497321,EURJPY.,月初2日売,0.008117892995282492
6440,-0.009015885549857185,-1.2931983323281466,-0.9250241565544259,-0.9179245727723405,0.38461538461538464,26,-2.233165497733858,EURUSD.,MA5/20,0.007867054529059333
6440,0.0026430054030908315,0.3807521666422192,0.0681649506594007,0.5328458080548764,0.46153846153846156,26,0.6546521075348041,EURUSD.,MA10/50,0.007867054529059333
6440,0.0028515330107153915,0.41230891318315993,0.6807062237838648,-0.20136691719786215,0.5,26,0.7063027918848872,EURUSD.,MA20/100,0.007867054529059333
6440,0.0016513726039233951,0.2403142135438282,0.4843638795265247,-0.22555933621078578,0.5384615384615384,26,0.4090322911256385,EURUSD.,MA50/200,0.007867054529059333
6440,-0.00015083485241239737,-0.021638618323697727,0.42186449494798445,-0.5821326773691473,0.4230769230769231,26,-0.03736063267445755,EURUSD.,モメ20,0.007867054529059333
6440,-0.005788286405960379,-0.83450300311524,-0.5827936339281712,-0.6097991987488629,0.34615384615384615,26,-1.4337140174763419,EURUSD.,モメ60,0.007867054529059333
6440,0.006041397453308083,0.8754903418025345,0.46674226674702146,0.8235044665677232,0.5769230769230769,26,1.4964076768963073,EURUSD.,モメ120,0.007867054529059333
6440,-0.005888601779306936,-0.8611342865916699,-1.0639098062938745,-0.04622456150364886,0.4230769230769231,26,-1.4585613637975667,EURUSD.,モメ250,0.007867054529059333
6440,0.004066610656510893,1.0316736639711377,0.8327451629059779,0.6102585070344647,0.5769230769230769,26,1.0072681779973136,EURUSD.,逆張z1_1日,0.007867054529059333
6440,-0.010679446028221212,-2.7068287578259866,-1.9174159410059304,-1.9371828667674726,0.3076923076923077,26,-2.6452166316055616,EURUSD.,順張z1_1日,0.007867054529059333
6440,-0.0014520581854448246,-0.2559017434616575,-0.3228808493820438,-0.0004506704415863205,0.4230769230769231,26,-0.35966364285633445,EURUSD.,逆張z1_3日,0.007867054529059333
6440,-0.007055627345510013,-1.2429030712097964,-0.6313021979430484,-1.2161097728771058,0.46153846153846156,26,-1.7476246194263274,EURUSD.,順張z1_3日,0.007867054529059333
6440,0.0005166162671947281,0.08043995659815198,0.04640156868163115,0.0715136484642678,0.5384615384615384,26,0.12796187541284634,EURUSD.,逆張z1_5日,0.007867054529059333
6440,-0.00993071742542339,-1.5457196870833068,-0.9811333030143072,-1.258289449032298,0.38461538461538464,26,-2.459762316143333,EURUSD.,順張z1_5日,0.007867054529059333
6440,-0.0011908570176587233,-0.17077787224538318,0.2629432757876385,-0.6204012012545563,0.6153846153846154,26,-0.29496612283547125,EURUSD.,ドンチャン20,0.007867054529059333
6440,-0.0018562743858076597,-0.26811100062517684,-0.3679070296324236,0.035739413702478934,0.38461538461538464,26,-0.45978488633082254,EURUSD.,ドンチャン55,0.007867054529059333
6440,-0.005557176778415169,-1.9648395250302728,-2.1617876518103585,-0.3826222821429216,0.34615384615384615,26,-1.3764699404997576,EURUSD.,月曜買,0.007867054529059333
6440,0.0008541963619457219,0.30237135679269284,1.1295473510794092,-1.0140776098450945,0.5,26,0.21157786811270957,EURUSD.,月曜売,0.007867054529059333
6440,-0.0015603236136155262,-0.5040278682745462,0.6748908364426955,-1.803051132257594,0.4230769230769231,26,-0.3864801566032306,EURUSD.,火曜買,0.007867054529059333
6440,-0.0031499709248079956,-1.0172812580185495,-1.6067812912589887,0.49604323995283567,0.46153846153846156,26,-0.7802235675293651,EURUSD.,火曜売,0.007867054529059333
6440,-0.0005223753882192398,-0.16651079446345704,0.37816169331265437,-0.7437009805581893,0.46153846153846156,26,-0.12938836538968876,EURUSD.,水曜買,0.007867054529059333
6440,-0.004180605028250209,-1.3318726051995267,-1.3325738798459679,-0.46324486797961256,0.38461538461538464,26,-1.0355037069973592,EURUSD.,水曜売,0.007867054529059333
6440,-0.00020920196909522868,-0.06343822412747158,0.6424453030538091,-0.852834650328505,0.4230769230769231,26,-0.05181771849897198,EURUSD.,木曜買,0.007867054529059333
6440,-0.004508406691282368,-1.366335609573504,-1.5825329396754497,-0.24754415471410285,0.38461538461538464,26,-1.1166976573791711,EURUSD.,木曜売,0.007867054529059333
6440,-0.003646631267590424,-1.125780986576636,0.04030577909031326,-1.952569823663095,0.4230769230769231,26,-0.9032425139723974,EURUSD.,金曜買,0.007867054529059333
6440,-0.0010709773927871714,-0.330748841876578,-0.9457563340348754,0.7283339676606834,0.46153846153846156,26,-0.26527286190574567,EURUSD.,金曜売,0.007867054529059333
6440,0.0010579673157360705,0.52462781756892,0.7100353768245107,-0.07442781307569826,0.46153846153846156,26,0.2620503658977035,EURUSD.,月末2日買,0.007867054529059333
6440,-0.002528990385687499,-1.2519566112880256,-1.166635125169107,-0.5301044092736272,0.4230769230769231,26,-0.626411464762596,EURUSD.,月末2日売,0.007867054529059333
6440,-0.0017034558389630052,-0.7571803508233795,-0.3025996593044767,-0.8812910874835671,0.34615384615384615,26,-0.4219329078046827,EURUSD.,月初2日買,0.007867054529059333
6440,0.0002324327690115765,0.1033757717525158,-0.10377255138994142,0.3247212252812801,0.6538461538461539,26,0.05757180893979035,EURUSD.,月初2日売,0.007867054529059333
6545,-0.012435394670491777,-1.796792932309299,-0.455664714430463,-2.2320065939457847,0.38461538461538464,26,-3.1303714660911006,GBPCAD.,MA5/20,0.01500392726030906
6545,-0.017303557536403787,-2.504060385766106,-2.20526087974254,-1.275432153553706,0.2692307692307692,26,-4.355837849067798,GBPCAD.,MA10/50,0.01500392726030906
6545,-0.005469998272729128,-0.7949946281527064,-0.6847535779426331,-0.42347647985686715,0.5384615384615384,26,-1.3769668728850801,GBPCAD.,MA20/100,0.01500392726030906
6545,-0.011712220465419485,-1.7106519043035509,-1.0052706327433312,-1.449712459958607,0.38461538461538464,26,-2.948326267160403,GBPCAD.,MA50/200,0.01500392726030906
6545,-0.011694582828403095,-1.6893153767155853,-0.8409110807804838,-1.6152381192328777,0.3076923076923077,26,-2.943886331226854,GBPCAD.,モメ20,0.01500392726030906
6545,-0.013979969337730226,-2.0257228612137665,-0.49255991819737477,-2.534885911112777,0.38461538461538464,26,-3.5191884352093945,GBPCAD.,モメ60,0.01500392726030906
6545,-0.0066505720601972,-0.967686829551195,-0.7311182518452706,-0.6338323931038623,0.4230769230769231,26,-1.674153620538101,GBPCAD.,モメ120,0.01500392726030906
6545,-0.01382862932332645,-2.022930409997757,-1.457197761533222,-1.4064189595612528,0.38461538461538464,26,-3.4810914969681366,GBPCAD.,モメ250,0.01500392726030906
6545,0.003108168562763055,0.7658647264099541,0.811513192467548,0.22356874257628512,0.6153846153846154,26,0.7824216632032394,GBPCAD.,逆張z1_1日,0.01500392726030906
6545,-0.014770177859857571,-3.633304396482084,-2.7009583806403055,-2.433547911933302,0.15384615384615385,26,-3.7181082343372216,GBPCAD.,順張z1_1日,0.01500392726030906
6545,-0.0007084031469315166,-0.1243696421701035,0.21859169111552634,-0.46189033646410727,0.4230769230769231,26,-0.1783268691025667,GBPCAD.,逆張z1_3日,0.01500392726030906
6545,-0.013386030753698139,-2.34774172915899,-1.8418738883337604,-1.456251450921296,0.23076923076923078,26,-3.369675818575165,GBPCAD.,順張z1_3日,0.01500392726030906
6545,0.0024203054499662264,0.379579359480669,0.6782949730826935,-0.2116417556578087,0.6153846153846154,26,0.6092653526934231,GBPCAD.,逆張z1_5日,0.01500392726030906
6545,-0.017801577595591735,-2.7899489915742945,-2.2877676565660936,-1.6162242689475026,0.2692307692307692,26,-4.481204821659532,GBPCAD.,順張z1_5日,0.01500392726030906
6545,-0.009533977070127873,-1.3787561971517797,-1.0587701178529738,-0.8832031967738316,0.34615384615384615,26,-2.3999953816918027,GBPCAD.,ドンチャン20,0.01500392726030906
6545,-0.004137122795350524,-0.5990235340981811,0.1582267228396938,-1.103113454842909,0.5,26,-1.0414411036757352,GBPCAD.,ドンチャン55,0.01500392726030906
6545,-0.005517434858894772,-1.898800647640826,-2.3675774832866368,-0.12999003368452886,0.38461538461538464,26,-1.3889081212102414,GBPCAD.,月曜買,0.01500392726030906
6545,-0.002855634847399464,-0.9835470466776192,0.4844052514905647,-2.1027611736989567,0.34615384615384615,26,-0.7188511567780576,GBPCAD.,月曜売,0.01500392726030906
6545,-0.002643026814909381,-0.8705074313572124,-0.9817738532974134,-0.15708541274210958,0.38461538461538464,26,-0.6653311732146883,GBPCAD.,火曜買,0.01500392726030906
6545,-0.005730042891384857,-1.8856335371290802,-0.7624939028292516,-2.084494914517893,0.34615384615384615,26,-1.4424281047736105,GBPCAD.,火曜売,0.01500392726030906
6545,-0.0008043213376972327,-0.2570555887263344,-0.007280714368132315,-0.3866833217011548,0.5,26,-0.20247242904724544,GBPCAD.,水曜買,0.01500392726030906
6545,-0.0075687483685970055,-2.4146586905471774,-1.7508035941412745,-1.6675928870102175,0.34615384615384615,26,-1.9052868489410533,GBPCAD.,水曜売,0.01500392726030906
6545,-0.0005063993710025657,-0.16559348530325138,0.5817964736190119,-0.8953598748727041,0.5384615384615384,26,-0.12747630320045336,GBPCAD.,木曜買,0.01500392726030906
6545,-0.007847495366498631,-2.5610074066339834,-2.4084334882813083,-1.1496029584082275,0.23076923076923078,26,-1.9754560451435976,GBPCAD.,木曜売,0.01500392726030906
6545,-0.005800433386158074,-1.7271242056505074,-1.0924576983688865,-1.3705174663542443,0.4230769230769231,26,-1.4601475581694072,GBPCAD.,金曜買,0.01500392726030906
6545,-0.002559853007607469,-0.7627768631197688,-0.5728246000829729,-0.5036143403933196,0.4230769230769231,26,-0.6443937667227261,GBPCAD.,金曜売,0.01500392726030906
6545,0.0032279593729182352,1.5725070963986072,1.4937367518248592,0.6761882760598609,0.6153846153846154,26,0.8125766959903788,GBPCAD.,月末2日買,0.01500392726030906
6545,-0.0057184846536047764,-2.7778433932418074,-2.288847373248364,-1.599689362959186,0.34615384615384615,26,-1.4395185406862796,GBPCAD.,月末2日売,0.01500392726030906
6545,-0.0067109884505887115,-2.9071025930175463,-1.7209800780429265,-2.5714413571783354,0.38461538461538464,26,-1.6893622849655048,GBPCAD.,月初2日買,0.01500392726030906
6545,0.00422504802162419,1.8392534184168714,1.0566509932388541,1.67230654363685,0.5384615384615384,26,1.0635745885203969,GBPCAD.,月初2日売,0.01500392726030906
6516,-0.020212155907820665,-2.63036500453241,-1.1124979361002225,-2.6192995848752423,0.23076923076923078,26,-5.065477226744595,GBPCHF.,MA5/20,0.01880755501866502
6516,-0.021648991765707976,-2.824956419574251,-0.8693212121194588,-3.138703029078252,0.3076923076923077,26,-5.425570397898199,GBPCHF.,MA10/50,0.01880755501866502
6516,-0.01965259844969324,-2.5739190721940752,-0.3281945708228651,-3.318088328999989,0.23076923076923078,26,-4.925243519161584,GBPCHF.,MA20/100,0.01880755501866502
6516,-0.011201872792282208,-1.4712904106006977,0.19043371924351055,-2.267449507245929,0.4230769230769231,26,-2.807361658250419,GBPCHF.,MA50/200,0.01880755501866502
6516,-0.015288892530076481,-1.9908734852374375,-1.1854441407587297,-1.6331590524172672,0.2692307692307692,26,-3.8316316817683993,GBPCHF.,モメ20,0.01880755501866502
6516,-0.0251035897098515,-3.277046093228059,-1.3174461929000048,-3.3278777719450177,0.11538461538461539,26,-6.291345790361246,GBPCHF.,モメ60,0.01880755501866502
6516,-0.018174603173884037,-2.3815575120495787,-1.1723317133772873,-2.1964085719136413,0.23076923076923078,26,-4.554835164654937,GBPCHF.,モメ120,0.01880755501866502
6516,-0.011167276807163128,-1.4697500557900698,-0.2305440646434502,-1.842315553869238,0.34615384615384615,26,-2.7986913721336517,GBPCHF.,モメ250,0.01880755501866502
6516,-0.0008377547334424091,-0.1962974677482041,-0.05112867893632617,-0.2384275005284017,0.38461538461538464,26,-0.2099542247350283,GBPCHF.,逆張z1_1日,0.01880755501866502
6516,-0.013765637132121795,-3.2212700820258204,-2.2609186836817647,-2.3051797660530675,0.15384615384615385,26,-3.4498804443425235,GBPCHF.,順張z1_1日,0.01880755501866502
6516,-0.0020360274762478412,-0.3485800603768758,0.06618507796879236,-0.609252685703861,0.38461538461538464,26,-0.5102598090473441,GBPCHF.,逆張z1_3日,0.01880755501866502
6516,-0.016068617469368402,-2.750739940165553,-2.16733402449353,-1.6989043350091266,0.19230769230769232,26,-4.027042747323251,GBPCHF.,順張z1_3日,0.01880755501866502
6516,-0.004398623239386542,-0.6800744715377945,-0.11305654287127544,-0.9098864188361024,0.38461538461538464,26,-1.1023626549170273,GBPCHF.,逆張z1_5日,0.01880755501866502
6516,-0.01530437314751946,-2.365460006650833,-1.9509624318939744,-1.3598228433815893,0.3076923076923077,26,-3.8355113626629542,GBPCHF.,順張z1_5日,0.01880755501866502
6516,-0.024466467382451167,-3.184594210057449,-1.9674014540272586,-2.540576082467749,0.15384615384615385,26,-6.131673133232761,GBPCHF.,ドンチャン20,0.01880755501866502
6516,-0.021572121468927934,-2.8232909970307456,-0.4090105188379191,-3.593470083186346,0.15384615384615385,26,-5.406305518905171,GBPCHF.,ドンチャン55,0.01880755501866502
6516,-0.004039261551204283,-1.298916549323436,-2.0898256555935744,0.5222282121616248,0.4230769230769231,26,-1.012301087217197,GBPCHF.,月曜買,0.01880755501866502
6516,-0.006635647407205052,-2.1319682135802394,-0.1207344717920195,-3.2308141722990933,0.3076923076923077,26,-1.662995327128774,GBPCHF.,月曜売,0.01880755501866502
6516,0.00037952342421678674,0.1109417953056354,-0.18699509290771218,0.4491880539252345,0.5,26,0.09511440893063766,GBPCHF.,火曜買,0.01880755501866502
6516,-0.011079010070174264,-3.2282640255513875,-1.7344209457126627,-3.109586750449824,0.15384615384615385,26,-2.776570369894443,GBPCHF.,火曜売,0.01880755501866502
6516,-0.0015437506676845357,-0.48450379543557126,-1.4031854823095533,0.9932455393696508,0.6538461538461539,26,-0.3868876673320167,GBPCHF.,水曜買,0.01880755501866502
6516,-0.009131158290724802,-2.8588057236798967,-0.7317408779554165,-3.6680117369426486,0.23076923076923078,26,-2.2884087470139542,GBPCHF.,水曜売,0.01880755501866502
6516,-0.008652991252987897,-2.0469013659002075,-0.4087969129390355,-2.190551137334404,0.2692307692307692,26,-2.1685727309411207,GBPCHF.,木曜買,0.01880755501866502
6516,-0.0020137251429053933,-0.4769363633395983,-1.853398999385669,0.6732660349784199,0.38461538461538464,26,-0.5046705011989057,GBPCHF.,木曜売,0.01880755501866502
6516,-0.00809910417302625,-2.5662996946386594,-1.0614514385178553,-2.5584991070795478,0.3076923076923077,26,-2.0297601073630402,GBPCHF.,金曜買,0.01880755501866502
6516,-0.0025676122228670394,-0.8150644822151881,-1.3431997111926302,0.18423614265748625,0.4230769230769231,26,-0.6434831247769855,GBPCHF.,金曜売,0.01880755501866502
6516,0.00014224905469456672,0.07076638487280373,-0.15552766324762685,0.28948192294331093,0.46153846153846156,26,0.03564980155345373,GBPCHF.,月末2日買,0.01880755501866502
6516,-0.0033471922914782093,-1.6655552039670507,-0.8893881072212761,-1.5196680687930657,0.38461538461538464,26,-0.8388578835104619,GBPCHF.,月末2日売,0.01880755501866502
6516,-0.002137184866868863,-0.9347182706580696,0.0986531183904393,-1.6444093236795414,0.46153846153846156,26,-0.5356114074045197,GBPCHF.,月初2日買,0.01880755501866502
6516,-0.0010677583699147785,-0.46772434818847103,-0.9875409537241034,0.5086640736668996,0.4230769230769231,26,-0.26759667455248837,GBPCHF.,月初2日売,0.01880755501866502
6544,-0.006226319903258157,-0.6791134750730409,-0.35082932501552955,-0.6455687503421986,0.46153846153846156,26,-1.5671168248815883,GBPJPY.,MA5/20,0.010836470447188586
6544,-0.0238329347677365,-2.6035754035955603,-1.0599044968776756,-2.824467378665678,0.3076923076923077,26,-5.99856635077183,GBPJPY.,MA10/50,0.010836470447188586
6544,-0.014658477769374754,-1.6048551863596183,0.01943177683721272,-2.56313298707886,0.34615384615384615,26,-3.68942609703032,GBPJPY.,MA20/100,0.010836470447188586
6544,0.003457702928026674,0.3808308799301107,-0.17368729392237164,0.810069740557003,0.5384615384615384,26,0.8702772292694861,GBPJPY.,MA50/200,0.010836470447188586
6544,-0.015095639813299262,-1.6463563173314961,-0.7193463470033684,-1.7270678915390938,0.3076923076923077,26,-3.799456420701163,GBPJPY.,モメ20,0.010836470447188586
6544,-0.004399616996140789,-0.4811038502306423,-0.5138562137743619,-0.13076027454531375,0.38461538461538464,26,-1.107349754720971,GBPJPY.,モメ60,0.010836470447188586
6544,-0.008411846626763924,-0.922381968537653,-0.505973352133941,-0.8381691371112154,0.46153846153846156,26,-2.117197089443963,GBPJPY.,モメ120,0.010836470447188586
6544,0.006882116440699395,0.7594691418387013,0.2948647111119584,0.8355325000108355,0.5384615384615384,26,1.732175768766805,GBPJPY.,モメ250,0.010836470447188586
6544,-0.014098893864318745,-2.5241709043638227,-1.6003146755604853,-2.0261441695662605,0.19230769230769232,26,-3.5485831326193025,GBPJPY.,逆張z1_1日,0.010836470447188586
6544,0.001501659139336626,0.2692618932285953,0.1457653491751512,0.24633633925683482,0.5769230769230769,26,0.3779560541468803,GBPJPY.,順張z1_1日,0.010836470447188586
6544,-0.01764205765794204,-2.318605008535627,-1.2201689275980396,-2.159913946166891,0.23076923076923078,26,-4.44037020436818,GBPJPY.,逆張z1_3日,0.010836470447188586
6544,-0.002356622419467448,-0.30991395367436336,-0.49826962701538047,0.11519164580402552,0.5384615384615384,26,-0.5931437351151903,GBPJPY.,順張z1_3日,0.010836470447188586
6544,-0.02296038464437194,-2.74831259281361,-1.286631116253317,-2.774160312100568,0.23076923076923078,26,-5.778952196644998,GBPJPY.,逆張z1_5日,0.010836470447188586
6544,-0.0007647631585247219,-0.09157907144237336,-0.5578896197771337,0.5413997103433231,0.5,26,-0.19248500420714315,GBPJPY.,順張z1_5日,0.010836470447188586
6544,-0.018155096062447043,-1.9803227243826065,-1.307431050816835,-1.5316455425403916,0.3076923076923077,26,-4.569498024332821,GBPJPY.,ドンチャン20,0.010836470447188586
6544,-0.019207636631404883,-2.1004335463071433,-1.3111718528360667,-1.7160902997455745,0.38461538461538464,26,-4.834414389073595,GBPJPY.,ドンチャン55,0.010836470447188586
6544,-0.003198200686903035,-0.7820819377431975,-2.3702089958358963,1.989267147679413,0.5,26,-0.8049625113497482,GBPJPY.,月曜買,0.010836470447188586
6544,-0.006155292045992976,-1.5044424611823557,0.9678722225388968,-3.936201882181492,0.38461538461538464,26,-1.5492396595760782,GBPJPY.,月曜売,0.010836470447188586
6544,0.003955621837853901,0.9420197879722614,0.42478345683183166,1.0079489125131815,0.7692307692307693,26,0.9955995887275357,GBPJPY.,火曜買,0.010836470447188586
6544,-0.013330567535733617,-3.165772905478684,-1.8106103542177434,-2.8689787577350265,0.23076923076923078,26,-3.3552013059169523,GBPJPY.,火曜売,0.010836470447188586
6544,0.005401431149305415,1.3590547289357957,0.15039907681316686,2.065753376456566,0.7307692307692307,26,1.3594986708097934,GBPJPY.,水曜買,0.010836470447188586
6544,-0.014762074870529324,-3.700797689624338,-1.6182590092597577,-4.001961353724484,0.15384615384615385,26,-3.7155006904901504,GBPJPY.,水曜売,0.010836470447188586
6544,-0.0021076549196370675,-0.5249363522549575,1.1616147115738995,-2.256302522717513,0.38461538461538464,26,-0.5304805305424989,GBPJPY.,木曜買,0.010836470447188586
6544,-0.007245837813258943,-1.803017934392583,-2.6554953495688616,0.4132947267853645,0.34615384615384615,26,-1.8237216403833272,GBPJPY.,木曜売,0.010836470447188586
6544,-0.007538377426419464,-1.782854194711145,-0.4516779484175704,-2.038479144246266,0.3076923076923077,26,-1.8973516107111144,GBPJPY.,金曜買,0.010836470447188586
6544,-0.001815115306476545,-0.4296752432642371,-1.1440610688130284,0.5058086997878495,0.38461538461538464,26,-0.45685056021471193,GBPJPY.,金曜売,0.010836470447188586
6544,0.002246153716188331,0.8172915373081822,0.9931595850463127,0.10771620845684611,0.5384615384615384,26,0.5653396122590936,GBPJPY.,月末2日買,0.010836470447188586
6544,-0.00557615308742694,-2.0257055823416543,-1.7928772873963117,-1.0278564211278753,0.3076923076923077,26,-1.4034748386200726,GBPJPY.,月末2日売,0.010836470447188586
6544,-0.003510241146362686,-1.2976557404923619,0.16869663811748037,-2.275622246381656,0.4230769230769231,26,-0.8835006946845163,GBPJPY.,月初2日買,0.010836470447188586
6544,0.0001802417751240773,0.06676741337693758,-0.9616883257347606,1.3067277344426844,0.5,26,0.045365468323537335,GBPJPY.,月初2日売,0.010836470447188586
6508,-0.008373016593879895,-1.188618782882739,-0.20510625974461308,-1.494824995758275,0.38461538461538464,26,-2.0958304612680907,GBPUSD.,MA5/20,0.01592724296979616
6508,-0.0013049248149809,-0.1855830136575578,-0.21231316075477655,-0.04806884754619709,0.46153846153846156,26,-0.3266327190729116,GBPUSD.,MA10/50,0.01592724296979616
6508,0.002247534515925689,0.32039133389218033,-0.05936486189664218,0.5185641682833988,0.5,26,0.5625751780632459,GBPUSD.,MA20/100,0.01592724296979616
6508,-0.004431507368540338,-0.6333723415791729,-0.2790301112521065,-0.6193163067863935,0.38461538461538464,26,-1.1092403828638653,GBPUSD.,MA50/200,0.01592724296979616
6508,-0.008814246548100741,-1.2512641099130581,-0.7877220940865254,-0.9847223379502072,0.2692307692307692,26,-2.20627371288614,GBPUSD.,モメ20,0.01592724296979616
6508,-0.0026720955355341797,-0.38030366877029514,-1.2278506213083653,0.7133249825384029,0.4230769230769231,26,-0.6688460671252479,GBPUSD.,モメ60,0.01592724296979616
6508,0.001762434410922006,0.2514714689706378,1.5844368447397617,-1.2549633857543132,0.6153846153846154,26,0.44115089024155524,GBPUSD.,モメ120,0.01592724296979616
6508,-0.003423308625114736,-0.4910678335158119,-0.7630086492667071,0.0721660526266318,0.46153846153846156,26,-0.8568804820094885,GBPUSD.,モメ250,0.01592724296979616
6508,-0.005026048605751396,-1.1872311156704036,-1.4119786579807072,-0.3073051539029842,0.4230769230769231,26,-1.2580586279319261,GBPUSD.,逆張z1_1日,0.01592724296979616
6508,-0.005730501628462994,-1.354423588101481,-0.5012827707972006,-1.3832722608493475,0.38461538461538464,26,-1.4343886383860445,GBPUSD.,順張z1_1日,0.01592724296979616
6508,-0.00362945770912755,-0.6238833887738285,-1.1341735017185075,0.24932914601157327,0.4230769230769231,26,-0.9084811835000803,GBPUSD.,逆張z1_3日,0.01592724296979616
6508,-0.008246793712102888,-1.4179415257148518,-0.34728946890024526,-1.6554189812992735,0.34615384615384615,26,-2.0642359030140613,GBPUSD.,順張z1_3日,0.01592724296979616
6508,-0.005227175250852542,-0.8071016424682931,-1.1055699857935142,-0.013659842277200905,0.5,26,-1.3084021743287821,GBPUSD.,逆張z1_5日,0.01592724296979616
6508,-0.007174943684495551,-1.1080404149052367,-0.24820184864520903,-1.3414740082782648,0.46153846153846156,26,-1.7959435961037324,GBPUSD.,順張z1_5日,0.01592724296979616
6508,-0.011790822362383942,-1.6740658223657785,-1.2277608858968259,-1.1384998681302665,0.3076923076923077,26,-2.9513335359382578,GBPUSD.,ドンチャン20,0.01592724296979616
6508,-0.0009737537457235236,-0.1385846768087421,-0.471911473817537,0.28506443164854856,0.38461538461538464,26,-0.24373805296802623,GBPUSD.,ドンチャン55,0.01592724296979616
6508,-0.007838143330593158,-2.619379596526379,-2.79113776737526,-0.7545711408872411,0.2692307692307692,26,-1.9619475690577024,GBPUSD.,月曜買,0.01592724296979616
6508,-0.0001538263116596114,-0.05151501631928806,1.0465112657558109,-1.3137224916691188,0.46153846153846156,26,-0.038503909087720646,GBPUSD.,月曜売,0.01592724296979616
6508,-0.0016082976627429663,-0.5052430555927008,0.1246935080294548,-0.8839344833615042,0.38461538461538464,26,-0.402569276505047,GBPUSD.,火曜買,0.01592724296979616
6508,-0.0064021008103528135,-2.0088722235216947,-1.8248159381463496,-0.9812034533802081,0.4230769230769231,26,-1.6024950797606188,GBPUSD.,火曜売,0.01592724296979616
6508,0.0004004707674667316,0.12914063685307903,-0.16897114116032477,0.37762059819979193,0.46153846153846156,26,0.10024091364128829,GBPUSD.,水曜買,0.01592724296979616
6508,-0.008392440409719499,-2.7002659887680047,-1.5692879823550183,-2.2866358229142536,0.23076923076923078,26,-2.1006923917867115,GBPUSD.,水曜売,0.01592724296979616
6508,-0.0008712404219313993,-0.2781971756044929,0.8174610445591,-1.1816150174526519,0.46153846153846156,26,-0.21807817945882846,GBPUSD.,木曜買,0.01592724296979616
6508,-0.00712072922032137,-2.27017885042629,-2.6402855331949366,-0.5961066801391738,0.38461538461538464,26,-1.7823732986865943,GBPUSD.,木曜売,0.01592724296979616
6508,-0.009421203616148857,-2.807624897987676,-0.9819864310194467,-2.872321079799603,0.34615384615384615,26,-2.3581997359191065,GBPUSD.,金曜買,0.01592724296979616
6508,0.0014292339738960903,0.42694022920621605,-0.8274562194222133,1.2958261977227292,0.46153846153846156,26,0.3577482577736833,GBPUSD.,金曜売,0.01592724296979616
6508,0.004547095005705734,2.452686123385015,2.6527204578958066,0.6447367632711981,0.6153846153846154,26,1.138172857582035,GBPUSD.,月末2日買,0.01592724296979616
6508,-0.006779243834789268,-3.642170809688797,-3.4186495562765864,-1.5830766482064138,0.3076923076923077,26,-1.696896879877252,GBPUSD.,月末2日売,0.01592724296979616
6508,-0.004283784780496718,-1.9203647333850935,-0.6392540365033931,-2.191349605631725,0.3076923076923077,26,-1.072264282748948,GBPUSD.,月初2日買,0.01592724296979616
6508,0.0020565306173535016,0.9255627327231746,-0.020932195736197475,1.4374422536758495,0.6153846153846154,26,0.5147654329898687,GBPUSD.,月初2日売,0.01592724296979616
6519,-0.01166457883960979,-1.7802967789193738,-2.1771896415771708,-0.031076470224115495,0.34615384615384615,26,-2.9246688252083173,USDCAD.,MA5/20,0.016323608092891826
6519,-0.007029566426594361,-1.073402979513309,-1.0459211993811877,-0.38621706891710567,0.4230769230769231,26,-1.7625285974987943,USDCAD.,MA10/50,0.016323608092891826
6519,-0.002017680925971886,-0.3084677498654759,0.6371568990885844,-1.40056048134609,0.4230769230769231,26,-0.5058946906311826,USDCAD.,MA20/100,0.016323608092891826
6519,-0.006129904859373577,-0.9395765958341223,-0.5239793653619703,-0.8756836206038893,0.4230769230769231,26,-1.5369557607021684,USDCAD.,MA50/200,0.016323608092891826
6519,-0.012484901892046553,-1.9067939949647146,-1.9495574847073243,-0.5603933667520332,0.2692307692307692,26,-3.13034905516352,USDCAD.,モメ20,0.016323608092891826
6519,-0.0040318553429950004,-0.6159428744369084,-0.47592372951858497,-0.39279615515677424,0.4230769230769231,26,-1.0109101915763246,USDCAD.,モメ60,0.016323608092891826
6519,-0.002676215676130871,-0.40953632190032213,0.47412178361701496,-1.3470007731121885,0.38461538461538464,26,-0.671009615103737,USDCAD.,モメ120,0.016323608092891826
6519,-0.006247995097110289,-0.960808459271432,-0.6607143703095718,-0.7235522644904571,0.34615384615384615,26,-1.5665646168485376,USDCAD.,モメ250,0.016323608092891826
6519,0.001509002057502702,0.4004314031380259,0.9289899515900332,-0.5956316569028492,0.5,26,0.37835324664846615,USDCAD.,逆張z1_1日,0.016323608092891826
6519,-0.013273228316865827,-3.5146758248899883,-2.8791068120829806,-2.016921918080791,0.3076923076923077,26,-3.3280067460633975,USDCAD.,順張z1_1日,0.016323608092891826
6519,-0.0016241003369668605,-0.29735833484196034,-0.45178899667063266,0.11850473883204593,0.5384615384615384,26,-0.407211926795653,USDCAD.,逆張z1_3日,0.016323608092891826
6519,-0.011785887825768337,-2.1558860304033876,-1.0757695974673165,-2.19573561574117,0.3076923076923077,26,-2.955084720622454,USDCAD.,順張z1_3日,0.016323608092891826
6519,-0.0027078562617417817,-0.4432557260599524,-0.5386143817684066,-0.009266877413172699,0.5,26,-0.678942883472873,USDCAD.,逆張z1_5日,0.016323608092891826
6519,-0.011420642286544153,-1.8685873363993577,-0.8999766615863585,-1.9526401941696643,0.2692307692307692,26,-2.863506425614668,USDCAD.,順張z1_5日,0.016323608092891826
6519,-0.007695054880060022,-1.174335298327663,-1.3315081997560192,-0.16418503338296178,0.38461538461538464,26,-1.929387029350436,USDCAD.,ドンチャン20,0.016323608092891826
6519,-0.010819459603819017,-1.6521546035485408,-1.1496614248076331,-1.228556052589777,0.38461538461538464,26,-2.7127714291267777,USDCAD.,ドンチャン55,0.016323608092891826
6519,-0.0010007354595310321,-0.3669918355991072,-0.22569228609760048,-0.31547639032038316,0.46153846153846156,26,-0.250915171564723,USDCAD.,月曜買,0.016323608092891826
6519,-0.00744533295199751,-2.724251403984611,-1.675347463768623,-2.340624745116457,0.19230769230769232,26,-1.866774058233529,USDCAD.,月曜売,0.016323608092891826
6519,-0.004488398570554279,-1.5528492868351003,-1.7357163903684865,-0.23687764749797144,0.3076923076923077,26,-1.1253796262093596,USDCAD.,火曜買,0.016323608092891826
6519,-0.003977115892574099,-1.3761793659654227,-0.05688613782582972,-2.291624252352367,0.34615384615384615,26,-0.9971853270650208,USDCAD.,火曜売,0.016323608092891826
6519,-0.005855969778680002,-1.8535064874634841,-0.8920287752851499,-1.8962495543681412,0.4230769230769231,26,-1.468271807200574,USDCAD.,水曜買,0.016323608092891826
6519,-0.0025965806500484853,-0.8225553731037435,-0.7826472290554876,-0.3276851120699555,0.34615384615384615,26,-0.6510426637563875,USDCAD.,水曜売,0.016323608092891826
6519,-0.0031895219568380817,-1.1147903046023928,-0.905638072835582,-0.6508691362834423,0.2692307692307692,26,-0.7997112937164405,USDCAD.,木曜買,0.016323608092891826
6519,-0.00525654645469046,-1.8360472534346641,-0.8742212408486777,-1.9881164016171022,0.3076923076923077,26,-1.3179779360818116,USDCAD.,木曜売,0.016323608092891826
6519,-0.0008392380953301729,-0.27906374766342373,-1.135641853930102,1.0318169161581383,0.5769230769230769,26,-0.21042281320989975,USDCAD.,金曜買,0.016323608092891826
6519,-0.007606830316198369,-2.5245311126483245,-0.6279448941626723,-3.3323587673428428,0.3076923076923077,26,-1.9072664165883526,USDCAD.,金曜売,0.016323608092891826
6519,-0.0020302741646225095,-1.0526281670412405,-1.0223064518486886,-0.37833740214054395,0.38461538461538464,26,-0.5090522030451591,USDCAD.,月末2日買,0.016323608092891826
6519,-0.00037244525066581715,-0.19318102617587454,0.26388453989131566,-0.7032154847038509,0.5384615384615384,26,-0.09338348419578699,USDCAD.,月末2日売,0.016323608092891826
6519,-0.0035310517620411497,-1.6978609554615045,-1.6944377461639157,-0.5673945021058195,0.4230769230769231,26,-0.8853433244902404,USDCAD.,月初2日買,0.016323608092891826
6519,0.0011283323467528228,0.5434441741916225,0.9775699367747104,-0.39906134389789677,0.5,26,0.2829076372492944,USDCAD.,月初2日売,0.016323608092891826
6510,-0.015716723379882735,-1.9704199308103376,-0.35916770517745816,-2.6408667866892377,0.3076923076923077,26,-3.9352257385783322,USDCHF.,MA5/20,0.024092764876810002
6510,-0.018265912236598847,-2.294329648694181,-1.4730553586598365,-1.8131769273156129,0.34615384615384615,26,-4.573503410009942,USDCHF.,MA10/50,0.024092764876810002
6510,-0.01735702974727967,-2.1898648523137236,-0.9412696634067247,-2.2775497530694255,0.23076923076923078,26,-4.345933217491949,USDCHF.,MA20/100,0.024092764876810002
6510,-0.010104470259075932,-1.2821797976500031,0.01729098963877887,-1.9933502891156796,0.46153846153846156,26,-2.5300038994840133,USDCHF.,MA50/200,0.024092764876810002
6510,-0.019824927608676716,-2.486823910086574,-1.3335561363391895,-2.280233186934419,0.38461538461538464,26,-4.963856874326362,USDCHF.,モメ20,0.024092764876810002
6510,-0.023463462272892737,-2.951010602754968,-1.2187398743509104,-3.1357425389838194,0.19230769230769232,26,-5.874889976789681,USDCHF.,モメ60,0.024092764876810002
6510,-0.024543815973135045,-3.1009093216120003,-1.2205691169939805,-3.355975275254222,0.2692307692307692,26,-6.145393922504199,USDCHF.,モメ120,0.024092764876810002
6510,-0.0205489135444452,-2.6223998831971813,-1.4609019670883643,-2.320854905907743,0.2692307692307692,26,-5.145131814397625,USDCHF.,モメ250,0.024092764876810002
6510,-0.001452630089517316,-0.3487789321900734,0.03989411726753804,-0.6303068225397396,0.5769230769230769,26,-0.3637162262599127,USDCHF.,逆張z1_1日,0.024092764876810002
6510,-0.01613297045072958,-3.8609297286064423,-2.7260733789581795,-2.794745979273859,0.2692307692307692,26,-4.03944760131729,USDCHF.,順張z1_1日,0.024092764876810002
6510,-0.001582872949458477,-0.2421606238919772,-0.8609570647454287,0.5697918518824173,0.5,26,-0.3963270346528728,USDCHF.,逆張z1_3日,0.024092764876810002
6510,-0.01906590932888893,-2.91388960520706,-1.3105644115292774,-2.868786492365815,0.3076923076923077,26,-4.773810374271805,USDCHF.,順張z1_3日,0.024092764876810002
6510,0.0017128996890855368,0.23586780840015195,-0.006278417899988526,0.36341111819977934,0.5769230769230769,26,0.42888372984410894,USDCHF.,逆張z1_5日,0.024092764876810002
6510,-0.023966842984691383,-3.2983916314183395,-2.0538040653515597,-2.6568466734874208,0.2692307692307692,26,-6.000928762705419,USDCHF.,順張z1_5日,0.024092764876810002
6510,-0.01834209182740972,-2.30149866642093,-1.2325839385006137,-2.111868173755039,0.34615384615384615,26,-4.59257760755528,USDCHF.,ドンチャン20,0.024092764876810002
6510,-0.014423276070969531,-1.8185982605946331,-0.7883068736804948,-1.8841237418447947,0.2692307692307692,26,-3.611366431615833,USDCHF.,ドンチャン55,0.024092764876810002
6510,-0.0013094568871941633,-0.4399741104892004,-0.5061054784183976,-0.047732794148944685,0.38461538461538464,26,-0.3278678590628465,USDCHF.,月曜買,0.024092764876810002
6510,-0.011551714573717358,-3.8637142952108894,-2.142551840120779,-3.6438345584409104,0.19230769230769232,26,-2.892371610573077,USDCHF.,月曜売,0.024092764876810002
6510,-0.003416587696229768,-0.9421167699001721,-1.1009597427820503,0.016367986515214438,0.38461538461538464,26,-0.8554609962482996,USDCHF.,火曜買,0.024092764876810002
6510,-0.009484126182701468,-2.610471585102366,-0.958122814485245,-3.5154993087476205,0.19230769230769232,26,-2.3746792865148674,USDCHF.,火曜売,0.024092764876810002
6510,-0.006288022555477079,-1.867358144431774,-1.9658030149826704,-0.47164073373046783,0.38461538461538464,26,-1.5744241090829152,USDCHF.,水曜買,0.024092764876810002
6510,-0.006583034509939369,-1.954766909776631,-0.3978506349501097,-2.7665292324696615,0.3076923076923077,26,-1.6482905638348189,USDCHF.,水曜売,0.024092764876810002
6510,-0.012659466598035416,-2.8612759338561444,-1.899587316765736,-2.1502164807993176,0.11538461538461539,26,-3.169735675123483,USDCHF.,木曜買,0.024092764876810002
6510,-0.0002017048628761049,-0.045704265309191916,-0.5082454112174595,0.32840418163910057,0.38461538461538464,26,-0.05050379451244001,USDCHF.,木曜売,0.024092764876810002
6510,-0.0025997872255679013,-0.7742205575862126,-0.7447081543477654,-0.2808953775487151,0.34615384615384615,26,-0.6509467245556557,USDCHF.,金曜買,0.024092764876810002
6510,-0.010261384235343618,-3.0476753402540773,-1.5639783749862983,-3.1194662526411285,0.3076923076923077,26,-2.5692927450802676,USDCHF.,金曜売,0.024092764876810002
6510,-0.0056804319887226624,-2.679477861614616,-2.701248331559383,-0.8541065072508205,0.34615384615384615,26,-1.4222927787147899,USDCHF.,月末2日買,0.024092764876810002
6510,0.001944861734964683,0.9228759802258382,1.6179155230466957,-0.6328197089266601,0.5384615384615384,26,0.486963457485388,USDCHF.,月末2日売,0.024092764876810002
6510,0.0008566522657655286,0.36912280758423544,0.33700660236733493,0.1605370058737954,0.5769230769230769,26,0.21449254808206097,USDCHF.,月初2日買,0.024092764876810002
6510,-0.0045922225195235075,-1.9708575968215796,-1.30392505315032,-1.5890376017075483,0.3076923076923077,26,-1.1498218693114628,USDCHF.,月初2日売,0.024092764876810002
6539,-0.005236851783097802,-0.6899558619872335,-0.6077903801796852,-0.35051695999726495,0.4230769230769231,26,-1.317068223449096,USDJPY.,MA5/20,0.008289274525224656
6539,-0.009408809019810886,-1.2420221142602206,-1.047142497015914,-0.686522057055413,0.4230769230769231,26,-2.366315468482435,USDJPY.,MA10/50,0.008289274525224656
6539,-0.008497718591837823,-1.1242949256691042,-1.5044340255328288,0.025806684964540878,0.38461538461538464,26,-2.13717622584721,USDJPY.,MA20/100,0.008289274525224656
6539,-0.013343891024896262,-1.7789714971496293,-1.2013445633688742,-1.3291166254653333,0.19230769230769232,26,-3.355988592761408,USDJPY.,MA50/200,0.008289274525224656
6539,-0.006557519900993995,-0.8640698346058922,-1.0922480112750752,-0.05082397019041771,0.4230769230769231,26,-1.6492162550999885,USDJPY.,モメ20,0.008289274525224656
6539,0.0005075523614688842,0.06708959161722748,-0.6570708257788345,0.8698081607098451,0.5,26,0.12764941890942574,USDJPY.,モメ60,0.008289274525224656
6539,-0.010715976290843856,-1.4191113180199708,-1.0927540019943573,-0.9056358506597482,0.38461538461538464,26,-2.695068037147227,USDJPY.,モメ120,0.008289274525224656
6539,-0.001226517106116962,-0.16414881730587838,-0.0005537450639605811,-0.24840278559640705,0.46153846153846156,26,-0.3084690521884144,USDJPY.,モメ250,0.008289274525224656
6539,-6.849159856045697e-05,-0.015953786992655154,0.7070197128813821,-0.8578083439088215,0.4230769230769231,26,-0.017225637037955075,USDJPY.,逆張z1_1日,0.008289274525224656
6539,-0.011518206911011577,-2.6801588070621745,-2.489510577476575,-1.2075508495608447,0.3076923076923077,26,-2.8968290381194115,USDJPY.,順張z1_1日,0.008289274525224656
6539,-0.008165459694319217,-1.3063145421434232,-0.12032509515872702,-1.872637194441213,0.34615384615384615,26,-2.053613113121283,USDJPY.,逆張z1_3日,0.008289274525224656
6539,-0.011095136325877837,-1.774603646610982,-1.9343688235277354,-0.465749351213798,0.46153846153846156,26,-2.7904267859582768,USDJPY.,順張z1_3日,0.008289274525224656
6539,-0.012966944045553685,-1.8609815104139333,-0.9806186598382797,-1.7205285859178856,0.3076923076923077,26,-3.261186427456752,USDJPY.,逆張z1_5日,0.008289274525224656
6539,-0.010018128499758966,-1.4375122488443486,-1.1941011762996452,-0.8143539309035482,0.4230769230769231,26,-2.519559317689379,USDJPY.,順張z1_5日,0.008289274525224656
6539,-0.016846558967362524,-2.2194050359096056,-1.491857237246232,-1.6706622447543917,0.3076923076923077,26,-4.236909580291674,USDJPY.,ドンチャン20,0.008289274525224656
6539,0.00020989065365679217,0.027746171623592216,-0.7677771945313804,0.9383512141217086,0.46153846153846156,26,0.05278749939468508,USDJPY.,ドンチャン55,0.008289274525224656
6539,0.0010646675186636672,0.341938070428258,-1.3134919881533471,2.066244788538173,0.46153846153846156,26,0.26776388094391224,USDJPY.,月曜買,0.008289274525224656
6539,-0.009335411852613159,-2.990132866462132,-0.4348255768282708,-4.080013462952432,0.23076923076923078,26,-2.34785608093221,USDJPY.,月曜売,0.008289274525224656
6539,0.0017925623950984123,0.5344947473992802,-0.3242383311999884,1.2965860617401745,0.6538461538461539,26,0.45082944236725003,USDJPY.,火曜買,0.008289274525224656
6539,-0.010088618876971238,-3.0001522078770257,-1.2348751160720386,-3.3058198633504015,0.23076923076923078,26,-2.537287647558266,USDJPY.,火曜売,0.008289274525224656
6539,0.001603693891295983,0.47022476368113425,-0.3070090602181508,1.1027136288803414,0.5769230769230769,26,0.40332901366093926,USDJPY.,水曜買,0.008289274525224656
6539,-0.009874438225245474,-2.888111676774703,-1.2691365262635599,-2.983765628232614,0.19230769230769232,26,-2.4834212136492373,USDJPY.,水曜売,0.008289274525224656
6539,-0.00447007370563562,-1.253811784688842,0.10258371327866267,-2.0455466757165217,0.4230769230769231,26,-1.1242235369673583,USDJPY.,木曜買,0.008289274525224656
6539,-0.003800670628313874,-1.0661929777264205,-1.629406350320548,0.2658379336557153,0.46153846153846156,26,-0.9558686630209401,USDJPY.,木曜売,0.008289274525224656
6539,-0.0010555978644754224,-0.2984156487234753,-0.2174205036940796,-0.20438335839683866,0.46153846153846156,26,-0.26548286291556916,USDJPY.,金曜買,0.008289274525224656
6539,-0.007215146469474073,-2.0371715947818423,-1.3720141739527418,-1.5165798223439184,0.34615384615384615,26,-1.8146093370727292,USDJPY.,金曜売,0.008289274525224656
6539,-0.003257272680012668,-1.3470497581764647,-1.3287161633293307,-0.5957977515347196,0.4230769230769231,26,-0.8192040790231861,USDJPY.,月末2日買,0.008289274525224656
6539,0.0001906884727604327,0.07900701139136056,0.4121242393869394,-0.28171111084412925,0.5769230769230769,26,0.047958150899248805,USDJPY.,月末2日売,0.008289274525224656
6539,3.2619049934697724e-06,0.0015121637594008477,0.7169952160070628,-0.7500463497369313,0.5384615384615384,26,0.0008203691058576477,USDJPY.,月初2日買,0.008289274525224656
6539,-0.003069846112245706,-1.4209489638464978,-1.6960890260742143,-0.27700521068757566,0.38461538461538464,26,-0.7720662972297947,USDJPY.,月初2日売,0.008289274525224656
6537,-0.004120596310687826,-0.589525838045938,0.4209470140214488,-1.6353122827466589,0.46153846153846156,26,-1.0360130031910137,AUDCAD.,MA5/20,0.013037189084762136
6537,-0.007713344693589947,-1.110381456102095,-0.10636241476479913,-1.7790014926814244,0.4230769230769231,26,-1.9393128562306736,AUDCAD.,MA10/50,0.013037189084762136
6537,-0.004590919080218519,-0.6645779992677376,0.00019815409641531093,-1.1492706117205458,0.4230769230769231,26,-1.154263001053404,AUDCAD.,MA20/100,0.013037189084762136
6537,-0.006932257317044172,-1.0093755185813391,-0.055885828660232215,-1.6569173227812977,0.38461538461538464,26,-1.7429294646737608,AUDCAD.,MA50/200,0.013037189084762136
6537,-0.010372274124117219,-1.4870159697608427,-0.5252397481593626,-1.844384414755017,0.34615384615384615,26,-2.607829074975165,AUDCAD.,モメ20,0.013037189084762136
6537,-0.01578086028667155,-2.275099953914754,-0.9583876753952594,-2.590020281200166,0.2692307692307692,26,-3.9676724497681524,AUDCAD.,モメ60,0.013037189084762136
6537,-0.005740046339855907,-0.8321611086884024,-0.0681778934035072,-1.3405072194319947,0.38461538461538464,26,-1.4431801124476193,AUDCAD.,モメ120,0.013037189084762136
6537,-0.015475625065117148,-2.2616349534679374,-1.217124641128172,-2.1811537764771427,0.2692307692307692,26,-3.890929271179647,AUDCAD.,モメ250,0.013037189084762136
6537,0.0054961388530954045,1.3512061033188454,1.1900286729436782,0.6585550682990176,0.5769230769230769,26,1.3818561416417174,AUDCAD.,逆張z1_1日,0.013037189084762136
6537,-0.01592859014174389,-3.9062187691066494,-2.767288566737027,-2.845952063805049,0.23076923076923078,26,-4.004815144483839,AUDCAD.,順張z1_1日,0.013037189084762136
6537,0.011025317629672854,1.9156461953947708,1.3074222551946493,1.4672245700774182,0.6538461538461539,26,2.772019282506595,AUDCAD.,逆張z1_3日,0.013037189084762136
6537,-0.024330490023360345,-4.224721481874281,-2.7287288812245047,-3.4538615033621882,0.19230769230769232,26,-6.1172466647194845,AUDCAD.,順張z1_3日,0.013037189084762136
6537,0.01087734483958532,1.6911262778730636,1.1447922092185403,1.3180469204302592,0.6153846153846154,26,2.7348155083218932,AUDCAD.,逆張z1_5日,0.013037189084762136
6537,-0.025528501209881548,-3.9676105506415524,-2.5328606441854324,-3.314049588638703,0.23076923076923078,26,-6.418454323422912,AUDCAD.,順張z1_5日,0.013037189084762136
6537,-0.005927700291759856,-0.8493702552794584,0.15004977584495488,-1.698214166903744,0.4230769230769231,26,-1.490360646432085,AUDCAD.,ドンチャン20,0.013037189084762136
6537,-0.01052022867375268,-1.5201877546492717,-0.9350500767356151,-1.3104958294520874,0.3076923076923077,26,-2.645028263089282,AUDCAD.,ドンチャン55,0.013037189084762136
6537,0.001613138141552359,0.5236448072848812,0.03362505397601779,0.9999517552474385,0.5769230769230769,26,0.4055801550510677,AUDCAD.,月曜買,0.013037189084762136
6537,-0.00921480428875786,-2.983330328924364,-1.4521661448571965,-3.4696459496040064,0.2692307692307692,26,-2.3168144475234667,AUDCAD.,月曜売,0.013037189084762136
6537,0.00012683883790584632,0.03982489149618307,-0.3675466182585787,0.6059171495676117,0.5769230769230769,26,0.03189021089963483,AUDCAD.,火曜買,0.013037189084762136
6537,-0.007745953338930486,-2.427698407660589,-1.0802198238913594,-2.711243928378695,0.2692307692307692,26,-1.9475114221764842,AUDCAD.,火曜売,0.013037189084762136
6537,-0.004680123404155534,-1.4845857091570676,-1.0999605511853887,-1.0066885599901756,0.5,26,-1.1766910266524901,AUDCAD.,水曜買,0.013037189084762136
6537,-0.0029215427430499654,-0.9271267616993583,-0.41008894525475337,-0.9948504948951546,0.38461538461538464,26,-0.7345432658199087,AUDCAD.,水曜売,0.013037189084762136
6537,0.00031665258688387944,0.10513741006080703,1.350819703687584,-1.7452033524567692,0.34615384615384615,26,0.07961376770999665,AUDCAD.,木曜買,0.013037189084762136
6537,-0.007912502616149664,-2.6216399287788783,-2.8793104908301124,-0.45417687688988373,0.4230769230769231,26,-1.989385753914245,AUDCAD.,木曜売,0.013037189084762136
6537,-0.0029947933830690903,-0.9274658467750468,-0.2151900700780843,-1.2524922993817842,0.38461538461538464,26,-0.7529601671201023,AUDCAD.,金曜買,0.013037189084762136
6537,-0.004606872764136408,-1.4262021376014271,-1.2608445363852174,-0.6969523771396078,0.34615384615384615,26,-1.1582741253522966,AUDCAD.,金曜売,0.013037189084762136
6537,-0.0006447505802108586,-0.32119623789822316,0.8035579979897434,-1.6031573703521629,0.5384615384615384,26,-0.1621051747245534,AUDCAD.,月末2日買,0.013037189084762136
6537,-0.0016712293762844365,-0.8329029968381303,-1.5219389662389673,0.6415459538556957,0.4230769230769231,26,-0.42018563202966774,AUDCAD.,月末2日売,0.013037189084762136
6537,0.0002972501389501502,0.14087669160634853,-0.2564493669764445,0.5402428001557966,0.5769230769230769,26,0.07473554455065876,AUDCAD.,月初2日買,0.013037189084762136
6537,-0.0026132300954454448,-1.2368952643869502,-0.45204976616482156,-1.4052136403980555,0.34615384615384615,26,-0.65702635130488,AUDCAD.,月初2日売,0.013037189084762136
6562,-0.019633641667961214,-2.0308313008791212,-1.3254630771273355,-1.6099674062555374,0.38461538461538464,26,-4.955229100967747,AUDCHF.,MA5/20,0.02241412619031308
6562,-0.019385096080962547,-2.0093597626272146,-0.967266061824305,-2.040653781009794,0.34615384615384615,26,-4.892500018587545,AUDCHF.,MA10/50,0.02241412619031308
6562,-0.010727731213287893,-1.1194839011660083,-0.40511104475874243,-1.3046974469840562,0.3076923076923077,26,-2.7075143162151942,AUDCHF.,MA20/100,0.02241412619031308
6562,-0.0061313962813637525,-0.6441076403604542,-0.33138245232896296,-0.6213433429394236,0.34615384615384615,26,-1.5474700922426488,AUDCHF.,MA50/200,0.02241412619031308
6562,-0.021291334351780485,-2.202988696323892,-0.9484798746808728,-2.386542154841946,0.34615384615384615,26,-5.373605231399365,AUDCHF.,モメ20,0.02241412619031308
6562,-0.012997049862771799,-1.3478891426908757,-0.16369202287357806,-2.0007546335909585,0.38461538461538464,26,-3.2802554307503247,AUDCHF.,モメ60,0.02241412619031308
6562,-0.006241210236602735,-0.6521302914501927,-0.16507441792798663,-0.8504914760609272,0.3076923076923077,26,-1.5751854450995024,AUDCHF.,モメ120,0.02241412619031308
6562,-0.024538404652863662,-2.585512484936967,-1.048656350658464,-2.8489968338275036,0.3076923076923077,26,-6.193115820465048,AUDCHF.,モメ250,0.02241412619031308
6562,-0.006606086775917969,-1.2642870672069337,-1.0116773778554298,-0.7581027926472147,0.38461538461538464,26,-1.6672746701374508,AUDCHF.,逆張z1_1日,0.02241412619031308
6562,-0.008411469406951191,-1.6094859692668704,-0.7527834761441436,-1.6792973221379006,0.46153846153846156,26,-2.122925471092835,AUDCHF.,順張z1_1日,0.02241412619031308
6562,-0.007275532857573828,-0.9044191268131302,-0.9876760580187613,-0.22141657280865812,0.4230769230769231,26,-1.8362325619769009,AUDCHF.,逆張z1_3日,0.02241412619031308
6562,-0.009540745917106033,-1.1860519500810602,-0.3428660825937569,-1.4528030889249328,0.46153846153846156,26,-2.4079374887711444,AUDCHF.,順張z1_3日,0.02241412619031308
6562,-0.008154884759166935,-0.9249962616594464,-1.137723790805301,-0.05615896437171841,0.4230769230769231,26,-2.0581674534482066,AUDCHF.,逆張z1_5日,0.02241412619031308
6562,-0.00968710784109203,-1.0986907318478334,-0.13758128375501358,-1.5906256882011505,0.46153846153846156,26,-2.444876986663302,AUDCHF.,順張z1_5日,0.02241412619031308
6562,-0.0303353835468773,-3.1390874251499667,-2.1581625862505875,-2.3452052240271106,0.23076923076923078,26,-7.656184109023413,AUDCHF.,ドンチャン20,0.02241412619031308
6562,-0.015388680843397092,-1.5962592980323473,-0.8655897380496337,-1.4936856889809857,0.34615384615384615,26,-3.8838662959373713,AUDCHF.,ドンチャン55,0.02241412619031308
6562,0.0029090337358970574,0.696402887933173,-0.1610226024224765,1.5955627538316326,0.5769230769230769,26,0.7341953605752498,AUDCHF.,月曜買,0.02241412619031308
6562,-0.01427856186725939,-3.406576495611284,-1.4357251161950935,-4.158025864609804,0.23076923076923078,26,-3.6036893451136964,AUDCHF.,月曜売,0.02241412619031308
6562,0.002306541983776184,0.5335195473775405,0.08223060347697392,0.8615024287462607,0.5,26,0.5821357114438197,AUDCHF.,火曜買,0.02241412619031308
6562,-0.01370206751178035,-3.1600207691703104,-1.6427265323243616,-3.288730187022244,0.15384615384615385,26,-3.4581910389347175,AUDCHF.,火曜売,0.02241412619031308
6562,-0.0058670677407028455,-1.428236519831968,-1.9668102248004686,0.2977835021829513,0.5,26,-1.4807576351727718,AUDCHF.,水曜買,0.02241412619031308
6562,-0.005502460390659485,-1.339579498971593,0.2674829939592697,-2.67014588216452,0.38461538461538464,26,-1.3887363493656748,AUDCHF.,水曜売,0.02241412619031308
6562,-0.00833782080418535,-1.6816911969855977,0.2750976375985744,-2.5764520555259516,0.34615384615384615,26,-2.1043376968101635,AUDCHF.,木曜買,0.02241412619031308
6562,-0.003023041528296371,-0.6101880086854384,-1.9365920883555532,1.0007912092473437,0.5384615384615384,26,-0.7629691734107991,AUDCHF.,木曜売,0.02241412619031308
6562,-0.006450638495087182,-1.604097928538526,-0.023006614530732293,-2.6910697742487857,0.38461538461538464,26,-1.6280419155677728,AUDCHF.,金曜買,0.02241412619031308
6562,-0.004918889636275147,-1.2235956505722017,-1.723708928010795,0.29298757641915846,0.46153846153846156,26,-1.2414520689706738,AUDCHF.,金曜売,0.02241412619031308
6562,-0.0035942140691232493,-1.4075941664602107,-0.6613727581999219,-1.5221637208957381,0.46153846153846156,26,-0.9071243354456446,AUDCHF.,月末2日買,0.02241412619031308
6562,0.0004021820046505346,0.15800553555292796,-0.09241490775019769,0.4138549982078754,0.38461538461538464,26,0.10150455055833893,AUDCHF.,月末2日売,0.02241412619031308
6562,0.005193877539692009,1.8428113717002779,1.3082057917431327,1.3241073099311271,0.7692307692307693,26,1.31085478520996,AUDCHF.,月初2日買,0.02241412619031308
6562,-0.008385909604164722,-2.961875553956,-2.00974792997447,-2.2506908515600754,0.23076923076923078,26,-2.1164745700972656,AUDCHF.,月初2日売,0.02241412619031308
6536,-0.010212955918550516,-0.882849214700694,-0.36482237698329717,-1.087209855781699,0.2692307692307692,26,-2.5673799955248495,AUDJPY.,MA5/20,0.02146955515161381
6536,-0.016987064759068915,-1.47193911114371,-0.946920665958701,-1.2644344449486213,0.4230769230769231,26,-4.27028674097209,AUDJPY.,MA10/50,0.02146955515161381
6536,-0.019919706475584945,-1.730207280893877,-0.772504690086696,-2.0306020844749963,0.3076923076923077,26,-5.00750775093935,AUDJPY.,MA20/100,0.02146955515161381
6536,-0.009875751857803846,-0.8617711574297866,-0.6254401108747373,-0.6243678562676871,0.34615384615384615,26,-2.482612082407918,AUDJPY.,MA50/200,0.02146955515161381
6536,0.004348156546065343,0.3759038207209873,0.8361353847759446,-0.6352549238851056,0.4230769230769231,26,1.0930596609647358,AUDJPY.,モメ20,0.02146955515161381
6536,-0.012499255431105959,-1.0840210726647486,-0.34075771753527656,-1.503331911846076,0.3076923076923077,26,-3.1421205191426336,AUDJPY.,モメ60,0.02146955515161381
6536,-0.012671003392861886,-1.1014288002975312,-0.8440209296615876,-0.7276732460960991,0.3076923076923077,26,-3.1852953144517397,AUDJPY.,モメ120,0.02146955515161381
6536,-0.011068382983325152,-0.9685153996121412,-0.757153381897175,-0.614946457776863,0.5,26,-2.782421199192812,AUDJPY.,モメ250,0.02146955515161381
6536,-0.009400822254878722,-1.4234939410805392,-0.630696178262795,-1.6388487073094071,0.2692307692307692,26,-2.363222086841821,AUDJPY.,逆張z1_1日,0.02146955515161381
6536,-0.006200986700746483,-0.9395158987962919,-0.7978163191150387,-0.496407850867638,0.38461538461538464,26,-1.55883265677227,AUDJPY.,順張z1_1日,0.02146955515161381
6536,-0.021744484040644007,-2.206082008383387,-1.4922771051050456,-1.7921355909325372,0.34615384615384615,26,-5.4662287572942,AUDJPY.,逆張z1_3日,0.02146955515161381
6536,0.0031371349732855383,0.3183442711206788,0.37828100938349124,-0.009766736620429404,0.6153846153846154,26,0.7886274686690117,AUDJPY.,順張z1_3日,0.02146955515161381
6536,-0.021498569083586994,-2.0028017782504195,-1.0922354575236712,-2.0475828553931517,0.2692307692307692,26,-5.404409520397097,AUDJPY.,逆張z1_5日,0.02146955515161381
6536,0.0013900707674936493,0.1295112329791129,-0.011953339817446711,0.2669224937984927,0.5769230769230769,26,0.34944240524379044,AUDJPY.,順張z1_5日,0.02146955515161381
6536,-0.005886157332227649,-0.5090460728873168,0.17993483670001695,-1.2558927845932706,0.34615384615384615,26,-1.479689397055378,AUDJPY.,ドンチャン20,0.02146955515161381
6536,-0.011098099159842993,-0.9634693360000702,-0.5701782794441432,-0.9063965813784246,0.38461538461538464,26,-2.789891388797451,AUDJPY.,ドンチャン55,0.02146955515161381
6536,0.0011741004575124931,0.2206018191157285,-0.8368841096731944,1.898752647435381,0.5,26,0.29515079193467886,AUDJPY.,月曜買,0.02146955515161381
6536,-0.012937998430921343,-2.4265721245209115,-0.4410642171591027,-4.078526268033189,0.23076923076923078,26,-3.2524137594039186,AUDJPY.,月曜売,0.02146955515161381
6536,0.004459605860800441,0.8192658146987143,0.3577816614496904,1.0035433010632229,0.5769230769230769,26,1.1210763040842955,AUDJPY.,火曜買,0.02146955515161381
6536,-0.016250505895357127,-2.9778687482347714,-1.6120314935313775,-3.1154503238599247,0.15384615384615385,26,-4.085127174309776,AUDJPY.,火曜売,0.02146955515161381
6536,0.0003126549297405135,0.06225699194721803,-0.5779641842311485,1.0803627647002163,0.46153846153846156,26,0.07859663926092322,AUDJPY.,水曜買,0.02146955515161381
6536,-0.012076552903149362,-2.4004848234725036,-0.7880985165918738,-3.3318972813993692,0.3076923076923077,26,-3.0358596067301633,AUDJPY.,水曜売,0.02146955515161381
6536,-0.0033082172021257046,-0.6460869067965306,1.129779277558475,-3.027296097715976,0.46153846153846156,26,-0.8316349089651387,AUDJPY.,木曜買,0.02146955515161381
6536,-0.008446680084233866,-1.6484532229096494,-2.4765269214920664,0.8650338057644978,0.38461538461538464,26,-2.123365424252021,AUDJPY.,木曜売,0.02146955515161381
6536,-0.005799571930756161,-1.1645590306229567,0.16392979488462067,-2.2472844823854046,0.4230769230769231,26,-1.4579231592085486,AUDJPY.,金曜買,0.02146955515161381
6536,-0.005955325355603406,-1.195807404779867,-1.6075069500448924,0.2051328468785719,0.38461538461538464,26,-1.4970771740086104,AUDJPY.,金曜売,0.02146955515161381
6536,-0.0019514190124944651,-0.612070834475602,0.3260921842228371,-1.6246332549950244,0.4230769230769231,26,-0.490556717910147,AUDJPY.,月末2日買,0.02146955515161381
6536,-0.0015123990496081522,-0.47511671396939786,-0.9722635318252734,0.6273974438267769,0.5,26,-0.38019385339380324,AUDJPY.,月末2日売,0.02146955515161381
6536,0.0037396462552736027,1.1228037696129338,1.376003006430906,0.03527618330920353,0.6538461538461539,26,0.9400895355564722,AUDJPY.,月初2日買,0.02146955515161381
6536,-0.00720346431737622,-2.157243838706191,-2.0199852333233275,-0.8999512393558379,0.2692307692307692,26,-1.810840106860422,AUDJPY.,月初2日売,0.02146955515161381
6514,-0.0021202588468117343,-0.398791407501691,0.6313034099372064,-1.4468302249408869,0.46153846153846156,26,-0.5312063895435248,AUDNZD.,MA5/20,0.016689531268924866
6514,-0.011476408230919749,-2.165425739066666,-0.7914993743044929,-2.490513215465798,0.2692307692307692,26,-2.87528166216197,AUDNZD.,MA10/50,0.016689531268924866
6514,-0.008444463377585773,-1.5967605710245525,-0.5583826283653244,-1.8652598406373266,0.38461538461538464,26,-2.11566286313822,AUDNZD.,MA20/100,0.016689531268924866
6514,-0.023990286666057882,-4.554496844745135,-2.882941256833481,-3.689442129924128,0.15384615384615385,26,-6.01048951318081,AUDNZD.,MA50/200,0.016689531268924866
6514,0.003459721486520824,0.6512778649116049,1.3285045240107674,-0.6341275070611102,0.46153846153846156,26,0.8667932985844863,AUDNZD.,モメ20,0.016689531268924866
6514,-0.003272493692510135,-0.6175724726103606,-0.15843735359323924,-0.7952187468337693,0.5,26,-0.8198855351158085,AUDNZD.,モメ60,0.016689531268924866
6514,-0.01847803764256056,-3.4978340690234813,-2.7552860877673897,-2.1548491930296927,0.23076923076923078,26,-4.629459123216903,AUDNZD.,モメ120,0.016689531268924866
6514,-0.013822357335880643,-2.6327578784504033,-1.1040355271846534,-2.830448527042033,0.2692307692307692,26,-3.463032141766405,AUDNZD.,モメ250,0.016689531268924866
6514,-0.007972708094897061,-2.5814363343581364,-1.3738347671937963,-2.539999522717302,0.23076923076923078,26,-1.997470020390748,AUDNZD.,逆張z1_1日,0.016689531268924866
6514,-0.004056747073623351,-1.315266774133941,-1.010335631261695,-0.8503454518898963,0.34615384615384615,26,-1.0163711706762504,AUDNZD.,順張z1_1日,0.016689531268924866
6514,-0.0106305043943224,-2.423108512732489,-0.7062918088295262,-3.0542926706923637,0.2692307692307692,26,-2.6633502163313882,AUDNZD.,逆張z1_3日,0.016689531268924866
6514,-0.003870159938773071,-0.8828054512656583,-1.3832509374019177,0.3495154307224637,0.4230769230769231,26,-0.9696239169679919,AUDNZD.,順張z1_3日,0.016689531268924866
6514,-0.010769050281576499,-2.201365273799277,-1.1713304258537918,-2.070815442757135,0.3076923076923077,26,-2.698061289776513,AUDNZD.,逆張z1_5日,0.016689531268924866
6514,-0.004940579451222738,-1.0103674191666594,-0.8714983765983134,-0.5261736911604137,0.4230769230769231,26,-1.2378051748178815,AUDNZD.,順張z1_5日,0.016689531268924866
6514,-0.0007776644590343738,-0.14631596348750567,0.8249015650219366,-1.2843870191738702,0.46153846153846156,26,-0.19483485715961255,AUDNZD.,ドンチャン20,0.016689531268924866
6514,-0.005227239931593446,-0.9863354486517966,0.27241358744599586,-1.9346227448106996,0.46153846153846156,26,-1.3096246505538347,AUDNZD.,ドンチャン55,0.016689531268924866
6514,-0.0001737842219135157,-0.07767344451569222,-0.5364629298201641,0.7334497838612114,0.5384615384615384,26,-0.043539631597870714,AUDNZD.,月曜買,0.016689531268924866
6514,-0.00892689389776556,-3.970535165382179,-1.8432944941969729,-4.5854072281491565,0.2692307692307692,26,-2.2365302634632642,AUDNZD.,月曜売,0.016689531268924866
6514,-0.0004274107256776942,-0.18488692006768945,-0.43289165585721817,0.24236052750329226,0.4230769230769231,26,-0.10708282565632692,AUDNZD.,火曜買,0.016689531268924866
6514,-0.008694236698424607,-3.744747140926622,-2.093892062005448,-3.3643579816717417,0.23076923076923078,26,-2.1782406866745343,AUDNZD.,火曜売,0.016689531268924866
6514,-0.004272917894101372,-1.6471048585670494,-0.7220709040855166,-1.7062804981152613,0.34615384615384615,26,-1.0705302754683206,AUDNZD.,水曜買,0.016689531268924866
6514,-0.004834749993718781,-1.863242426230016,-1.559157274004903,-1.038966867000819,0.2692307692307692,26,-1.2112908253493901,AUDNZD.,水曜売,0.016689531268924866
6514,-0.0018765940681839382,-0.7251142056232416,-0.020706086906003073,-1.0890987819192945,0.38461538461538464,26,-0.47015899077500695,AUDNZD.,木曜買,0.016689531268924866
6514,-0.007224084051495138,-2.7851671702808085,-2.28897865397906,-1.6088322851812857,0.38461538461538464,26,-1.8099109042861283,AUDNZD.,木曜売,0.016689531268924866
6514,-0.009018604706645407,-4.200109839652973,-3.805955219708782,-1.953137163266733,0.2692307692307692,26,-2.2595073484264683,AUDNZD.,金曜買,0.016689531268924866
6514,-8.207341303367132e-05,-0.038431814722744484,1.1233815646442238,-1.4867527933743179,0.38461538461538464,26,-0.020562546634666536,AUDNZD.,金曜売,0.016689531268924866
6514,-0.0009430002246402973,-0.5934330464160537,0.11779605059860518,-1.1610023334086002,0.5,26,-0.23625782551180385,AUDNZD.,月末2日買,0.016689531268924866
6514,-0.001731310232042083,-1.0886559439191705,-1.152119111655727,-0.2687247178388078,0.4230769230769231,26,-0.43375980198162023,AUDNZD.,月末2日売,0.016689531268924866
6514,-0.00041612634875422646,-0.2637938317961623,-0.5289140162810853,0.20525270898765116,0.5384615384615384,26,-0.10425565522250126,AUDNZD.,月初2日買,0.016689531268924866
6514,-0.002258184107928154,-1.4319386533931524,-0.5965643913440213,-1.492953988896208,0.4230769230769231,26,-0.565761972270923,AUDNZD.,月初2日売,0.016689531268924866
6517,-0.0004642375553445827,-0.049565697486232185,0.4407329914048475,-0.7034969365160383,0.5769230769230769,26,-0.11636292877618096,AUDUSD.,MA5/20,0.02102898388069752
6517,-0.005374202253526391,-0.575890393089054,0.25460282867377637,-1.343293011529832,0.38461538461538464,26,-1.34706446485506,AUDUSD.,MA10/50,0.02102898388069752
6517,-0.0024819779277399463,-0.2665302031470821,0.5270557850569272,-1.18936024038337,0.4230769230769231,26,-0.6221173136569722,AUDUSD.,MA20/100,0.02102898388069752
6517,-0.0048814583463666975,-0.5258116264159621,0.0871048745652638,-1.0181754036847295,0.38461538461538464,26,-1.2235563093566084,AUDUSD.,MA50/200,0.02102898388069752
6517,0.0005046330320723867,0.0538809082331955,0.46372967167779433,-0.5572172732503896,0.5,26,0.12648821038521868,AUDUSD.,モメ20,0.02102898388069752
6517,-0.008854031050145001,-0.9493027269612407,-0.2976854928281353,-1.2133676724642022,0.4230769230769231,26,-2.2192969366844233,AUDUSD.,モメ60,0.02102898388069752
6517,0.002153504911770288,0.23141841154843854,0.8124767195310968,-0.7321378855503469,0.5769230769230769,26,0.5397842888464196,AUDUSD.,モメ120,0.02102898388069752
6517,0.0022044295964138774,0.23836367661169,0.3442984679255449,-0.06824252807136061,0.5,26,0.5525487569165067,AUDUSD.,モメ250,0.02102898388069752
6517,-0.0031826004696259274,-0.6200509444183934,-0.24870186183454215,-0.7128051709290905,0.5384615384615384,26,-0.7977310484827755,AUDUSD.,逆張z1_1日,0.02102898388069752
6517,-0.01054566090247195,-2.051868145462866,-1.4375037291286692,-1.5120694731114321,0.23076923076923078,26,-2.643310465438834,AUDUSD.,順張z1_1日,0.02102898388069752
6517,-0.0036641295445501965,-0.47205225628235165,-0.3196494577230197,-0.3662080313165667,0.46153846153846156,26,-0.918428163147448,AUDUSD.,逆張z1_3日,0.02102898388069752
6517,-0.010686375961802292,-1.3761175808707617,-0.8285680869497785,-1.2143323594843705,0.2692307692307692,26,-2.6785812362717527,AUDUSD.,順張z1_3日,0.02102898388069752
6517,-0.0014651303312376272,-0.17011452354950948,-0.0366842766860094,-0.23972386344435573,0.5,26,-0.36724055264137145,AUDUSD.,逆張z1_5日,0.02102898388069752
6517,-0.013149135739241629,-1.5261159212382023,-1.0290393776606415,-1.181292465207587,0.3076923076923077,26,-3.2958814466399136,AUDUSD.,順張z1_5日,0.02102898388069752
6517,-0.0038163269341030723,-0.4077465317290689,-0.3421702287646757,-0.22241134289869757,0.46153846153846156,26,-0.9565770242134543,AUDUSD.,ドンチャン20,0.02102898388069752
6517,-0.010983615763630912,-1.1782158057752523,-0.3314032979778166,-1.5585741768083354,0.34615384615384615,26,-2.7530855358301034,AUDUSD.,ドンチャン55,0.02102898388069752
6517,-0.0030250115795193125,-0.7345065804272609,-0.8315418685291344,-0.029921619366815064,0.38461538461538464,26,-0.7582307870664372,AUDUSD.,月曜買,0.02102898388069752
6517,-0.0070411565567180395,-1.708421550501699,-0.5820549527958361,-2.3970891717460145,0.38461538461538464,26,-1.7648929723127487,AUDUSD.,月曜売,0.02102898388069752
6517,0.00041586132970032163,0.09701180675457641,0.4944526630890025,-0.5512134254715406,0.5384615384615384,26,0.10423724175603828,AUDUSD.,火曜買,0.02102898388069752
6517,-0.010505205601324254,-2.446159404256982,-1.9138446375672902,-1.5348068325076831,0.2692307692307692,26,-2.6331701886088528,AUDUSD.,火曜売,0.02102898388069752
6517,-0.004340503098707907,-1.0143527545058293,-1.0552245393720943,-0.28809341126312193,0.5,26,-1.0879637959338246,AUDUSD.,水曜買,0.02102898388069752
6517,-0.005725665037529449,-1.3377450648200846,-0.4215516319964813,-1.6536102660089949,0.3076923076923077,26,-1.4351599634453616,AUDUSD.,水曜売,0.02102898388069752
6517,-0.0009462135196120307,-0.2295942877073445,0.9971390534526028,-1.7596015789645616,0.4230769230769231,26,-0.23717205797352334,AUDUSD.,木曜買,0.02102898388069752
6517,-0.009112229238163131,-2.2077607920396374,-2.498827974679451,-0.3145468722188071,0.38461538461538464,26,-2.2840153055811205,AUDUSD.,木曜売,0.02102898388069752
6517,-0.007229785745530067,-1.7331375146052292,0.08938986485715407,-2.863553324847388,0.34615384615384615,26,-1.8121736039853635,AUDUSD.,金曜買,0.02102898388069752
6517,-0.0028363823907072874,-0.6804740182724983,-1.641163577642936,0.9526087597804751,0.5,26,-0.7109501553938226,AUDUSD.,金曜売,0.02102898388069752
6517,0.00047122117253312035,0.18411608842595245,1.2324834411151238,-1.4776700587866434,0.5,26,0.11811339928455176,AUDUSD.,月末2日買,0.02102898388069752
6517,-0.0031883692106914503,-1.2454587819383505,-1.8684856946254425,0.5314776510335915,0.3076923076923077,26,-0.7991770056183143,AUDUSD.,月末2日売,0.02102898388069752
6517,0.0025527738301217282,0.8943653021623763,0.7541564397498125,0.4869629879069621,0.5769230769230769,26,0.6398625788808961,AUDUSD.,月初2日買,0.02102898388069752
6517,-0.0052699218682800576,-1.8428340871705222,-1.3536817757071384,-1.2612920919630743,0.34615384615384615,26,-1.3209261852146592,AUDUSD.,月初2日売,0.02102898388069752
6464,-0.004973426288111149,-0.6365903064305359,-0.4483839849653247,-0.4618712213682946,0.2692307692307692,26,-1.2364702894750175,EURAUD.,MA5/20,0.010709015380050443
6464,-0.013511016242407815,-1.7356041480055013,-1.5211416610490898,-0.8681248500991037,0.3076923076923077,26,-3.3590464996509257,EURAUD.,MA10/50,0.010709015380050443
6464,-0.016708871273893706,-2.1531854850313286,-1.2382897771957475,-1.9214150617728962,0.3076923076923077,26,-4.154082458248033,EURAUD.,MA20/100,0.010709015380050443
6464,-0.0037585470591618773,-0.48941909390618815,0.5103682420441965,-1.4464062149421213,0.34615384615384615,26,-0.9344326227085527,EURAUD.,MA50/200,0.010709015380050443
6464,-0.0048116427061356245,-0.6159481858240884,-0.19019299348094693,-0.766867533546054,0.4230769230769231,26,-1.1962484020177173,EURAUD.,モメ20,0.010709015380050443
6464,-0.016364375680468297,-2.103876929499998,-0.7640376720746628,-2.4621749297294118,0.3076923076923077,26,-4.068435553790271,EURAUD.,モメ60,0.010709015380050443
6464,-0.0006743774749556325,-0.08701772137926571,0.7743584556594093,-1.1468342487641174,0.4230769230769231,26,-0.16766061531204673,EURAUD.,モメ120,0.010709015380050443
6464,-0.012151060499797545,-1.588203475737594,-0.4108627196002141,-2.0458762350562174,0.34615384615384615,26,-3.0209405796419735,EURAUD.,モメ250,0.010709015380050443
6464,-0.003468048665911436,-0.755447533927244,-0.7919372726245979,-0.20481277581753363,0.3076923076923077,26,-0.8622102529404434,EURAUD.,逆張z1_1日,0.010709015380050443
6464,-0.006306096840598069,-1.373813641358274,-0.5118609291493673,-1.6010077718146878,0.46153846153846156,26,-1.5677926914471503,EURAUD.,順張z1_1日,0.010709015380050443
6464,-0.00413106186444756,-0.6368729734545494,-0.7975486993540437,-0.01182794409187737,0.38461538461538464,26,-1.027045534299577,EURAUD.,逆張z1_3日,0.010709015380050443
6464,-0.009270997315402233,-1.429286333694747,-0.4873909441591158,-1.7013208455980908,0.4230769230769231,26,-2.3049125633369245,EURAUD.,順張z1_3日,0.010709015380050443
6464,-0.00787285886386519,-1.0994133565174433,-1.5312840647754673,0.17945928513241566,0.34615384615384615,26,-1.9573138344624839,EURAUD.,逆張z1_5日,0.010709015380050443
6464,-0.007255716893202388,-1.01325941038202,0.21351641791758796,-1.9273915740002057,0.4230769230769231,26,-1.8038828460638547,EURAUD.,順張z1_5日,0.010709015380050443
6464,-0.010869525399147269,-1.392108358935799,-1.0386881166185165,-0.9335814568470668,0.34615384615384615,26,-2.7023312376956907,EURAUD.,ドンチャン20,0.010709015380050443
6464,-0.020382828004922447,-2.620979255183629,-1.2332789363446863,-2.699593352033043,0.3076923076923077,26,-5.067484623993026,EURAUD.,ドンチャン55,0.010709015380050443
6464,-0.008956010557543814,-2.5591443832018377,-1.8787448384292416,-1.787812344815812,0.34615384615384615,26,-2.2266020093832,EURAUD.,月曜買,0.010709015380050443
6464,0.001914289948981303,0.5480625876353056,0.6613237048457168,0.0022358093331136617,0.5384615384615384,26,0.4759219319313516,EURAUD.,月曜売,0.010709015380050443
6464,-0.008102387454366268,-2.3996103308051597,-1.2101462758611934,-2.3446779940594786,0.34615384615384615,26,-2.0143781732701367,EURAUD.,火曜買,0.010709015380050443
6464,0.001044316101356631,0.30982781731105374,-0.11739107936302504,0.6524848949872788,0.5384615384615384,26,0.25963304919881797,EURAUD.,火曜売,0.010709015380050443
6464,-0.0026021723937106225,-0.7221067140979549,0.33768769667411747,-1.691660978596085,0.38461538461538464,26,-0.6469400904979026,EURAUD.,水曜買,0.010709015380050443
6464,-0.004444998463000929,-1.2331122077900654,-1.543823972187202,0.028277461053339597,0.5384615384615384,26,-1.1050950024937694,EURAUD.,水曜売,0.010709015380050443
6464,-0.003564331495121405,-0.9880788456594651,-1.2656877247911151,0.0026624354830094435,0.5,26,-0.8861476455563371,EURAUD.,木曜買,0.010709015380050443
6464,-0.0034773891134411055,-0.9639913373922683,0.017550295032104334,-1.5661569576131507,0.34615384615384615,26,-0.8645324318955117,EURAUD.,木曜売,0.010709015380050443
6464,-0.002056939266674187,-0.6018549004705334,-1.1966114778806667,0.5175682096716931,0.46153846153846156,26,-0.5113867469146901,EURAUD.,金曜買,0.010709015380050443
6464,-0.004984781341888325,-1.4577369866069863,-0.13135810677230816,-2.1447690150142065,0.38461538461538464,26,-1.2392933305371587,EURAUD.,金曜売,0.010709015380050443
6464,-0.0005899407713026356,-0.2655191703087102,-1.0435900249489836,0.880758392965958,0.46153846153846156,26,-0.14666835175770132,EURAUD.,月末2日買,0.010709015380050443
6464,-0.001686178225172454,-0.7575787601519102,0.3880554118855992,-1.692828118085638,0.34615384615384615,26,-0.41920984798133615,EURAUD.,月末2日売,0.010709015380050443
6464,-0.004884192378093599,-2.0415636805886255,-1.0993423467033032,-1.8607826318252005,0.2692307692307692,26,-1.2142853666152702,EURAUD.,月初2日買,0.010709015380050443
6464,0.0026113868145950106,1.0939678446680263,0.4757816947306561,1.1312366697973901,0.6153846153846154,26,0.6492309372900826,EURAUD.,月初2日売,0.010709015380050443
6568,-0.01629230089822821,-2.061950532676114,-1.9646807504593262,-0.8186535817010855,0.2222222222222222,27,-3.963253048131958,EURNZD.,MA5/20,0.016483356708975747
6568,-0.009426865827488471,-1.1989619897914756,-0.7869197595979693,-0.9463636758667067,0.37037037037037035,27,-2.293172398331268,EURNZD.,MA10/50,0.016483356708975747
6568,-0.018801294612151857,-2.4027816640543556,-0.8439330177728939,-2.8535360717254696,0.2222222222222222,27,-4.5735890004671615,EURNZD.,MA20/100,0.016483356708975747
6568,-0.015682480118223197,-2.025751135429208,-0.4288088450354858,-2.7499879478189486,0.4444444444444444,27,-3.814908496907034,EURNZD.,MA50/200,0.016483356708975747
6568,-0.01352201332541442,-1.7111756359333727,-1.7149590640121455,-0.5670941532176736,0.3333333333333333,27,-3.2893549452341437,EURNZD.,モメ20,0.016483356708975747
6568,-0.013586278890034512,-1.72870035374886,-0.7571651915330139,-1.8617830035107092,0.2962962962962963,27,-3.304988138879505,EURNZD.,モメ60,0.016483356708975747
6568,-0.02032893934924708,-2.6093695417670366,-0.8747388972190665,-3.142470997020026,0.2962962962962963,27,-4.945202727624252,EURNZD.,モメ120,0.016483356708975747
6568,-0.009404074756672948,-1.2203637950213573,-0.4949949098733375,-1.3469579532292297,0.3333333333333333,27,-2.2876282593269597,EURNZD.,モメ250,0.016483356708975747
6568,-0.012889030164607145,-2.8548115747324725,-4.1179433183217355,0.7976181686572226,0.4074074074074074,27,-3.135375930412583,EURNZD.,逆張z1_1日,0.016483356708975747
6568,-0.0006719626453256594,-0.14911375424955609,2.301556584142487,-3.389118374457693,0.48148148148148145,27,-0.16346113535181275,EURNZD.,順張z1_1日,0.016483356708975747
6568,-0.013676694673436147,-2.104813430884791,-2.868662911407247,0.2822007320028088,0.2962962962962963,27,-3.326982615375133,EURNZD.,逆張z1_3日,0.016483356708975747
6568,-0.003949201197215836,-0.6080801041563123,1.1722237421133763,-2.5256122208860114,0.5185185185185185,27,-0.9606797579005038,EURNZD.,順張z1_3日,0.016483356708975747
6568,-0.012687590093875973,-1.740858779934829,-2.6254044276415125,0.5898728442331974,0.3333333333333333,27,-3.086373768021385,EURNZD.,逆張z1_5日,0.016483356708975747
6568,-0.006911956939813134,-0.9487930588124901,0.9494657022996785,-2.833940525397219,0.48148148148148145,27,-1.6813975252108404,EURNZD.,順張z1_5日,0.016483356708975747
6568,-0.01653282152712627,-2.092300349605385,-1.6879002727508778,-1.236536259790786,0.25925925925925924,27,-4.021761918154272,EURNZD.,ドンチャン20,0.016483356708975747
6568,-0.013900736829479652,-1.7725321377629288,-0.5396413790791176,-2.2172347184436143,0.3333333333333333,27,-3.3814829442971237,EURNZD.,ドンチャン55,0.016483356708975747
6568,-0.005378366451512858,-1.5793441305232463,-1.756887607671443,-0.2678892963209573,0.37037037037037035,27,-1.3083374390198688,EURNZD.,月曜買,0.016483356708975747
6568,-0.004499734077673516,-1.3216285984716167,-0.030448936249997387,-2.2020420086942827,0.48148148148148145,27,-1.0946019785985062,EURNZD.,月曜売,0.016483356708975747
6568,-0.005337329048390345,-1.5926429664270685,-0.649284166812229,-1.8396098519419146,0.37037037037037035,27,-1.2983547107343625,EURNZD.,火曜買,0.016483356708975747
6568,-0.004596137770630937,-1.3717463044018525,-1.162710666803669,-0.7313804974958396,0.3333333333333333,27,-1.1180530695371855,EURNZD.,火曜売,0.016483356708975747
6568,-0.004433242111413734,-1.177082285942509,-0.13060504148691657,-1.8113417383696753,0.3333333333333333,27,-1.0784271921394593,EURNZD.,水曜買,0.016483356708975747
6568,-0.0054171945318388605,-1.438064654253213,-1.4784295161162115,-0.4147154609825235,0.5185185185185185,27,-1.317782729078431,EURNZD.,水曜売,0.016483356708975747
6568,-0.0017397688724005197,-0.4648321450993981,-0.17594224984591156,-0.5200093397369212,0.4444444444444444,27,-0.4232148871824672,EURNZD.,木曜買,0.016483356708975747
6568,-0.00819369794662076,-2.18613222627356,-1.5383322808551865,-1.5727716831553809,0.2962962962962963,27,-1.9931928930890803,EURNZD.,木曜売,0.016483356708975747
6568,-0.0066972018120781025,-1.937774669888423,-2.4347945135656093,0.016130466218413533,0.4444444444444444,27,-1.6291563519158883,EURNZD.,金曜買,0.016483356708975747
6568,-0.0032286782911786767,-0.9350088324810089,0.6375068083946301,-2.3961264649140444,0.4074074074074074,27,-0.7854058894985763,EURNZD.,金曜売,0.016483356708975747
6568,0.00041896725003925565,0.17662657552154598,-0.0565136161137748,0.35727106914464685,0.4444444444444444,27,0.10191766289843812,EURNZD.,月末2日買,0.016483356708975747
6568,-0.0036285438310810587,-1.5243990087230506,-0.8357718998508061,-1.4019768047237429,0.5185185185185185,27,-0.8826768845385332,EURNZD.,月末2日売,0.016483356708975747
6568,-0.005184951050403307,-2.2721102939689306,-1.5279169237905492,-1.7838244314117748,0.2962962962962963,27,-1.2612873518166268,EURNZD.,月初2日買,0.016483356708975747
6568,0.0019753744693615043,0.867774547246577,0.6346203805258608,0.6077742288208912,0.5185185185185185,27,0.4805281301765316,EURNZD.,月初2日売,0.016483356708975747
6571,0.002120894096932586,0.26743689729892256,0.2351663304844381,0.13228082101854124,0.5,26,0.5360151965747673,GBPAUD.,MA5/20,0.013364629631594023
6571,-0.009301483798836677,-1.177472830649351,-0.5548056521070793,-1.216924702672439,0.34615384615384615,26,-2.350771155467535,GBPAUD.,MA10/50,0.013364629631594023
6571,-0.0063101303314919335,-0.8040582285099229,0.07410171497523856,-1.4186876018664982,0.4230769230769231,26,-1.5947640926243685,GBPAUD.,MA20/100,0.013364629631594023
6571,-0.006601053461181611,-0.8482305212861841,-0.35099081526840076,-0.930847610891752,0.46153846153846156,26,-1.6682893189778638,GBPAUD.,MA50/200,0.013364629631594023
6571,0.0017056085402156309,0.21520068642105333,0.06296023366050463,0.27390893986349146,0.5384615384615384,26,0.43105975837526245,GBPAUD.,モメ20,0.013364629631594023
6571,-0.009976309264863587,-1.2655991573147523,-0.6276618741742147,-1.2650667641147264,0.4230769230769231,26,-2.5213203145930283,GBPAUD.,モメ60,0.013364629631594023
6571,-0.007160720939724542,-0.9144318055945615,-0.5373324827615752,-0.8011980116157961,0.38461538461538464,26,-1.809734511343463,GBPAUD.,モメ120,0.013364629631594023
6571,-0.005148570857487738,-0.6629309490542985,-0.7803693823434539,-0.0769187052257238,0.46153846153846156,26,-1.3012022732520008,GBPAUD.,モメ250,0.013364629631594023
6571,-0.00454927993671187,-0.9901969025977102,-0.5569014272148434,-0.9106653955527799,0.38461538461538464,26,-1.1497430178512962,GBPAUD.,逆張z1_1日,0.013364629631594023
6571,-0.006835494580656785,-1.4880499731871402,-1.0166150832916658,-1.1266736931567582,0.4230769230769231,26,-1.7275398034421439,GBPAUD.,順張z1_1日,0.013364629631594023
6571,-0.0018911492165740642,-0.28567045439353844,0.00885915609828595,-0.49519399851261225,0.5384615384615384,26,-0.4779515962349305,GBPAUD.,逆張z1_3日,0.013364629631594023
6571,-0.01287474005119408,-1.945221922495212,-1.4185025372629851,-1.3549016140237364,0.34615384615384615,26,-3.253842956784474,GBPAUD.,順張z1_3日,0.013364629631594023
6571,-0.005810129832171802,-0.7951593795039029,-0.2471385332154884,-0.994874948769544,0.5,26,-1.468398581815421,GBPAUD.,逆張z1_5日,0.013364629631594023
6571,-0.010524220883532852,-1.4405210530827814,-1.1705257923230836,-0.8400529129288055,0.34615384615384615,26,-2.6597944394497848,GBPAUD.,順張z1_5日,0.013364629631594023
6571,-0.007786204971805588,-0.9837173406410239,-0.8985827711278975,-0.44251086161719594,0.34615384615384615,26,-1.96781357191287,GBPAUD.,ドンチャン20,0.013364629631594023
6571,-0.007706721508348453,-0.9783255448368434,-0.45503540383729796,-1.017072465843981,0.46153846153846156,26,-1.9477256550522217,GBPAUD.,ドンチャン55,0.013364629631594023
6571,-0.010453538580320016,-2.9880107654252925,-2.214820083395147,-2.0560832127423923,0.2692307692307692,26,-2.6419308465878015,GBPAUD.,月曜買,0.013364629631594023
6571,0.0023451865352752885,0.672078945473022,0.8129730359455891,3.781806497338412e-05,0.5769230769230769,26,0.5927007970497665,GBPAUD.,月曜売,0.013364629631594023
6571,-0.005866364258478016,-1.6910157357964894,-0.914609729890519,-1.593752443481452,0.4230769230769231,26,-1.4826107516330398,GBPAUD.,火曜買,0.013364629631594023
6571,-0.0022605000058476326,-0.6520853308838287,-0.5529997450420293,-0.3497110330902636,0.4230769230769231,26,-0.5712979053240305,GBPAUD.,火曜売,0.013364629631594023
6571,-0.0006225893019941595,-0.1716309702478571,-0.0323695075802505,-0.2445835161665914,0.46153846153846156,26,-0.15734747320783155,GBPAUD.,水曜買,0.013364629631594023
6571,-0.007479592003290257,-2.0592724713142196,-1.354880674933887,-1.6299862876898248,0.34615384615384615,26,-1.890323040523857,GBPAUD.,水曜売,0.013364629631594023
6571,-0.0025618868203690576,-0.7150905584072956,-0.6943055399724545,-0.26737238580721334,0.38461538461538464,26,-0.6474676267940415,GBPAUD.,木曜買,0.013364629631594023
6571,-0.005540294484915359,-1.5455577923040187,-0.7222649316038967,-1.6060210919769067,0.38461538461538464,26,-1.4002028869376473,GBPAUD.,木曜売,0.013364629631594023
6571,-0.006793776682077221,-1.870628247081939,-1.84458742774694,-0.694077045920016,0.38461538461538464,26,-1.7169964068434391,GBPAUD.,金曜買,0.013364629631594023
6571,-0.0013145753629675036,-0.3623327167036719,0.40958660081409975,-1.0804000112738892,0.4230769230769231,26,-0.3322336426945951,GBPAUD.,金曜売,0.013364629631594023
6571,0.003217798159154844,1.383899882875386,0.5724500561322868,1.5159727091104036,0.5,26,0.8132366039925569,GBPAUD.,月末2日買,0.013364629631594023
6571,-0.005739179249044671,-2.460250679123587,-1.2538773036490232,-2.3909488173255316,0.3076923076923077,26,-1.450467186364328,GBPAUD.,月末2日売,0.013364629631594023
6571,-0.008465652623528634,-3.436219338624542,-1.7048262481977616,-3.3490562431100144,0.3076923076923077,26,-2.139530899584871,GBPAUD.,月初2日買,0.013364629631594023
6571,0.005948339294902416,2.427223335244831,1.0495549228511853,2.559749920540839,0.6923076923076923,26,1.5033283656462997,GBPAUD.,月初2日売,0.013364629631594023
6557,-0.006997809372610586,-0.8615618578593264,-1.0853113884937076,0.002327940621486049,0.4074074074074074,27,-1.699430965044725,GBPNZD.,MA5/20,0.018991588757029
6557,-0.008459709706652559,-1.0458088077751682,-0.9414398469210901,-0.490976403987529,0.4074074074074074,27,-2.0544561683896583,GBPNZD.,MA10/50,0.018991588757029
6557,-0.021107601554101265,-2.6295987406308736,-1.4500883963107594,-2.4197862740666523,0.25925925925925924,27,-5.126020125564516,GBPNZD.,MA20/100,0.018991588757029
6557,-0.011402565353732418,-1.4389371400861009,-0.385324510517921,-1.8294753440868856,0.4074074074074074,27,-2.7691341120156814,GBPNZD.,MA50/200,0.018991588757029
6557,-0.005440954882857503,-0.6698915929380111,-0.41251457756023635,-0.5636099063558437,0.4074074074074074,27,-1.321345969144319,GBPNZD.,モメ20,0.018991588757029
6557,-0.015821878544410976,-1.957275192492787,-0.9118905359530979,-2.0254827831009736,0.2962962962962963,27,-3.8423725042852857,GBPNZD.,モメ60,0.018991588757029
6557,-0.018793169855429462,-2.3485561851058407,-2.536254303721037,-0.568911953990799,0.3333333333333333,27,-4.563956101557441,GBPNZD.,モメ120,0.018991588757029
6557,-0.017078664034303873,-2.1708730770747957,-2.0743148960401245,-0.8839654238454766,0.48148148148148145,27,-4.147585187886313,GBPNZD.,モメ250,0.018991588757029
6557,-0.00921917270481451,-2.0053987613934816,-2.8910908753144495,0.49172706920041565,0.37037037037037035,27,-2.2388931639062495,GBPNZD.,逆張z1_1日,0.018991588757029
6557,-0.004735320633189966,-1.0312786880174107,1.0177150911523547,-3.0368186121033003,0.4074074074074074,27,-1.1499813848824667,GBPNZD.,順張z1_1日,0.018991588757029
6557,-0.0016884071562962993,-0.257988410104663,-1.7448479370400531,1.8936077160114715,0.5925925925925926,27,-0.41003280458647473,GBPNZD.,逆張z1_3日,0.018991588757029
6557,-0.015128325217554969,-2.3136161271515494,0.15973474470302934,-4.063404749597972,0.25925925925925924,27,-3.6739417945002932,GBPNZD.,順張z1_3日,0.018991588757029
6557,-0.006710163546330901,-0.8907670918727116,-1.9761905414811831,1.114175692580283,0.4444444444444444,27,-1.6295756434552475,GBPNZD.,逆張z1_5日,0.018991588757029
6557,-0.011275742385316822,-1.4975327582004165,0.4930405096082355,-3.10542230418122,0.2962962962962963,27,-2.738334919278606,GBPNZD.,順張z1_5日,0.018991588757029
6557,-0.0034613109070981457,-0.4267625979004748,-0.8633856331728752,0.4268213529015381,0.48148148148148145,27,-0.8405857636237954,GBPNZD.,ドンチャン20,0.018991588757029
6557,-0.01600613239060909,-1.9810455604695345,-1.138244382004806,-1.7694991361256858,0.37037037037037035,27,-3.887118892045324,GBPNZD.,ドンチャン55,0.018991588757029
6557,-0.0071392763407905095,-2.029464551969792,-2.165300880324358,-0.475469123868556,0.2222222222222222,27,-1.7337864802430876,GBPNZD.,月曜買,0.018991588757029
6557,-0.0031038784974759515,-0.8832271647890912,0.37180606254259746,-2.0013130336587426,0.4074074074074074,27,-0.7537826410351784,GBPNZD.,月曜売,0.018991588757029
6557,-0.004870263615118063,-1.4414459065355183,-1.3190948634173776,-0.6280328474590646,0.4074074074074074,27,-1.182752537938116,GBPNZD.,火曜買,0.018991588757029
6557,-0.005422062607572257,-1.6045244696675254,-0.5299024395398914,-2.043191899922273,0.4444444444444444,27,-1.3167579451056037,GBPNZD.,火曜売,0.018991588757029
6557,3.615217337337944e-05,0.009219362961231504,0.2769334625088283,-0.36365272303409274,0.5185185185185185,27,0.008779622252194367,GBPNZD.,水曜買,0.018991588757029
6557,-0.010328478396063701,-2.628343413666314,-1.896154962356064,-1.8599863874989087,0.2222222222222222,27,-2.5082901052959152,GBPNZD.,水曜売,0.018991588757029
6557,0.0009808519226956565,0.25891266039620403,0.7488191506793381,-0.5538733340120764,0.4074074074074074,27,0.23820170581908948,GBPNZD.,木曜買,0.018991588757029
6557,-0.011259533356005389,-2.9641729973803104,-2.4463844089294926,-1.6801671489658012,0.3333333333333333,27,-2.7343985264936044,GBPNZD.,木曜売,0.018991588757029
6557,-0.011535129728702012,-3.2172076747466805,-3.2482308142421448,-1.1790096980467615,0.2962962962962963,27,-2.8013276159666334,GBPNZD.,金曜買,0.018991588757029
6557,0.0012370107383566575,0.34609753039121693,1.3403526938386932,-0.9933520266698781,0.48148148148148145,27,0.3004103485705411,GBPNZD.,金曜売,0.018991588757029
6557,0.004267221441456417,1.7120020929134334,1.3333364374439132,1.0737606834297582,0.6666666666666666,27,1.0363026293196196,GBPNZD.,月末2日買,0.018991588757029
6557,-0.007448740971997645,-2.975044331554244,-2.173623101336123,-2.0474343162887556,0.2962962962962963,27,-1.8089405390143911,GBPNZD.,月末2日売,0.018991588757029
6557,-0.007165969248728525,-3.0376278017606433,-1.4558256964011005,-3.205508936432785,0.25925925925925924,27,-1.740268902367146,GBPNZD.,月初2日買,0.018991588757029
6557,0.003984449718187297,1.6986624857400596,0.5889088156571612,2.119731371088249,0.6666666666666666,27,0.9676309926723744,GBPNZD.,月初2日売,0.018991588757029
6569,-0.011957753798331102,-1.5935730595804343,-0.41772682975038145,-2.1224114491516506,0.3076923076923077,26,-3.0211724885091162,NZDCAD.,MA5/20,0.024450049234067486
6569,-0.008459939161381096,-1.130488855401455,-1.041953129114453,-0.491856823064994,0.4230769230769231,26,-2.1374361673504776,NZDCAD.,MA10/50,0.024450049234067486
6569,-0.0011399219527764102,-0.15340017012210014,0.8783710662396014,-1.433335045905917,0.5384615384615384,26,-0.2880056656841642,NZDCAD.,MA20/100,0.024450049234067486
6569,-0.021508911112907193,-2.9136689045283264,-1.133130259884842,-3.3388422522868666,0.15384615384615385,26,-5.434309119257206,NZDCAD.,MA50/200,0.024450049234067486
6569,-0.01259112528906364,-1.6829017433442723,-1.0243276859814012,-1.445491379996577,0.34615384615384615,26,-3.181196231686886,NZDCAD.,モメ20,0.024450049234067486
6569,-0.011361898056031862,-1.5208605348506323,-0.3679016682932392,-2.0596073788286664,0.38461538461538464,26,-2.870627243464358,NZDCAD.,モメ60,0.024450049234067486
6569,-0.01936646892952211,-2.610043378911817,-0.15050115041795314,-4.160964448187113,0.19230769230769232,26,-4.893012861462721,NZDCAD.,モメ120,0.024450049234067486
6569,-0.02012099741121975,-2.7329237028481037,-1.887214253516806,-2.0346394998916013,0.34615384615384615,26,-5.083647384396253,NZDCAD.,モメ250,0.024450049234067486
6569,-0.004861137998257214,-1.1377684136519923,-1.505623060166873,0.16816160007849376,0.34615384615384615,26,-1.2281852119442938,NZDCAD.,逆張z1_1日,0.024450049234067486
6569,-0.01253049177025321,-2.929940846827192,-1.0080548962340827,-3.663840063672046,0.23076923076923078,26,-3.1658769399535895,NZDCAD.,順張z1_1日,0.024450049234067486
6569,-0.000860308950377143,-0.140020137613188,-0.5883767157544206,0.5800482371366447,0.46153846153846156,26,-0.21736036519336382,NZDCAD.,逆張z1_3日,0.024450049234067486
6569,-0.019604562364921075,-3.191825914991043,-1.4799148506598234,-3.4100907068267245,0.2692307692307692,26,-4.95316808366025,NZDCAD.,順張z1_3日,0.024450049234067486
6569,-5.950686061720528e-05,-0.00857723461957212,-0.6962783644567161,0.9580524560647284,0.38461538461538464,26,-0.015034637207478295,NZDCAD.,逆張z1_5日,0.024450049234067486
6569,-0.021749634004786626,-3.1369374418906726,-1.247277872846193,-3.6455965252326554,0.15384615384615385,26,-5.495128683747822,NZDCAD.,順張z1_5日,0.024450049234067486
6569,-0.0025784935568212196,-0.34363213145236804,0.16224640251817243,-0.8006449657654616,0.38461538461538464,26,-0.651466314413792,NZDCAD.,ドンチャン20,0.024450049234067486
6569,-0.007038976789398195,-0.9408723579511588,-0.3437928597922437,-1.1181349111746728,0.4230769230769231,26,-1.7784245588291063,NZDCAD.,ドンチャン55,0.024450049234067486
6569,-0.003611194131188835,-1.1391056380613325,-0.6746324966974506,-1.0498917886038963,0.5,26,-0.912382086453056,NZDCAD.,月曜買,0.024450049234067486
6569,-0.009302587375823682,-2.9278599656086897,-1.7552734879378236,-2.663819145080843,0.3076923076923077,26,-2.3503344796840677,NZDCAD.,月曜売,0.024450049234067486
6569,-0.005904900390051618,-1.7847898031699698,-1.1994029795057681,-1.4064796877662087,0.34615384615384615,26,-1.4918957947018876,NZDCAD.,火曜買,0.024450049234067486
6569,-0.007058095223313842,-2.132465570909203,-1.17431812868849,-2.056453990155372,0.23076923076923078,26,-1.7832549046903314,NZDCAD.,火曜売,0.024450049234067486
6569,-0.00927028768796463,-2.594082736692467,-2.1651476386051325,-1.4480678323863039,0.2692307692307692,26,-2.3421738393169096,NZDCAD.,水曜買,0.024450049234067486
6569,-0.003663179461589064,-1.0268356172556046,-0.16318040250138605,-1.428360530887428,0.46153846153846156,26,-0.9255163801222523,NZDCAD.,水曜売,0.024450049234067486
6569,-0.004404607678827686,-1.2771665862980945,-0.16268461714147026,-1.98080282936108,0.34615384615384615,26,-1.1128410708545795,NZDCAD.,木曜買,0.024450049234067486
6569,-0.00851901664945542,-2.466828240044447,-2.1287470363965117,-1.2616670572121569,0.15384615384615385,26,-2.1523623219335635,NZDCAD.,木曜売,0.024450049234067486
6569,-0.0018931693373452115,-0.5697992289646333,1.1766438325366635,-2.39029431480681,0.2692307692307692,26,-0.4783165145007959,NZDCAD.,金曜買,0.024450049234067486
6569,-0.011030454990937891,-3.309136598471806,-3.636331596831255,-0.7354180218492615,0.3076923076923077,26,-2.7868868782873473,NZDCAD.,金曜売,0.024450049234067486
6569,-0.0015909825490528057,-0.6996864963696491,0.2477244763142939,-1.4523905748093238,0.4230769230769231,26,-0.40196786018184166,NZDCAD.,月末2日買,0.024450049234067486
6569,-0.002130455381377653,-0.93811823214925,-1.282246967498633,0.11544883568216945,0.4230769230769231,26,-0.538267746164223,NZDCAD.,月末2日売,0.024450049234067486
6569,-0.0015061057639163653,-0.6788713456286387,-0.726465533370618,-0.16456613721182767,0.46153846153846156,26,-0.3805234139679464,NZDCAD.,月初2日買,0.024450049234067486
6569,-0.0022153321665140937,-0.9982627058654697,-0.3251069219889348,-1.2227282395215149,0.4230769230769231,26,-0.5597121923781185,NZDCAD.,月初2日売,0.024450049234067486
6551,-0.028693654592341706,-2.9741085895664523,-2.536018253071818,-1.5744498639435303,0.25925925925925924,27,-6.961930786460392,NZDCHF.,MA5/20,0.055797046717868205
6551,-0.01924757289399645,-1.9997319949375318,-1.3135602436723455,-1.5821454079825499,0.3333333333333333,27,-4.6700314825396605,NZDCHF.,MA10/50,0.055797046717868205
6551,-0.01820568682578572,-1.8966399854677267,-0.6389004451508723,-2.3071380048305534,0.2962962962962963,27,-4.417239051693419,NZDCHF.,MA20/100,0.055797046717868205
6551,0.0003159081761054327,0.03326671732278502,0.1141401566158756,-0.09458225568763334,0.48148148148148145,27,0.07664868376543016,NZDCHF.,MA50/200,0.055797046717868205
6551,-0.030293813232482373,-3.140859496819698,-2.175324337498853,-2.336315366781658,0.18518518518518517,27,-7.350176684666373,NZDCHF.,モメ20,0.055797046717868205
6551,-0.019239924509308608,-1.999657301344811,-0.7081902107169487,-2.3911466470919485,0.37037037037037035,27,-4.668175757795582,NZDCHF.,モメ60,0.055797046717868205
6551,-0.026139585656403733,-2.72733309115506,-1.2137486219156484,-2.9215452176570813,0.3333333333333333,27,-6.342237986485218,NZDCHF.,モメ120,0.055797046717868205
6551,-0.01807994909117182,-1.9154660574541487,-1.1157311035844677,-1.6894178378438,0.3333333333333333,27,-4.38673135171358,NZDCHF.,モメ250,0.055797046717868205
6551,-0.01037349201290602,-1.8765329824421155,-2.4217759564617856,0.3127936693508558,0.2962962962962963,27,-2.5169165250573085,NZDCHF.,逆張z1_1日,0.055797046717868205
6551,-0.022535885647062222,-4.069889037055566,-1.01501418083604,-5.94468442190971,0.14814814814814814,27,-5.467873587922393,NZDCHF.,順張z1_1日,0.055797046717868205
6551,-0.00624637606447556,-0.8192476695044897,-1.7112238677534222,1.0687849882143365,0.4444444444444444,27,-1.5155559110510894,NZDCHF.,逆張z1_3日,0.055797046717868205
6551,-0.02579447488129808,-3.380849511139426,-0.7453572341998155,-4.9274777663638165,0.2222222222222222,27,-6.258503886940139,NZDCHF.,順張z1_3日,0.055797046717868205
6551,-0.003399433365651079,-0.38290647636943814,-1.6146028505927228,1.4904677950680865,0.4074074074074074,27,-0.8248032584585276,NZDCHF.,逆張z1_5日,0.055797046717868205
6551,-0.02845897111818066,-3.2048307788864,-0.5587514013890288,-4.556159254829215,0.2222222222222222,27,-6.904989622044501,NZDCHF.,順張z1_5日,0.055797046717868205
6551,-0.024987301416801305,-2.5895219327422057,-2.313120530555562,-1.2298804382911281,0.3333333333333333,27,-6.062659688202421,NZDCHF.,ドンチャン20,0.055797046717868205
6551,-0.011442376832520446,-1.189564737944251,-0.24768844944576188,-1.653683777183356,0.2962962962962963,27,-2.7762596529570933,NZDCHF.,ドンチャン55,0.055797046717868205
6551,-0.009814763117288221,-2.427341801754186,-1.829917651240868,-1.646281346276223,0.37037037037037035,27,-2.38135234005019,NZDCHF.,月曜買,0.055797046717868205
6551,-0.01527927087383685,-3.769110194059999,-1.8370161144744772,-4.119927291916498,0.18518518518518517,27,-3.707203833129822,NZDCHF.,月曜売,0.055797046717868205
6551,-0.00692362586898666,-1.626139829948919,-0.76755806019326,-1.8799862576207411,0.2962962962962963,27,-1.6798767802863557,NZDCHF.,火曜買,0.055797046717868205
6551,-0.018287977470422795,-4.273463742448757,-2.666598256704749,-3.855091390958977,0.1111111111111111,27,-4.437205200323693,NZDCHF.,火曜売,0.055797046717868205
6551,-0.014723112861030672,-3.464315563436218,-3.1034543255172315,-1.6067389165798827,0.2962962962962963,27,-3.5722634204671095,NZDCHF.,水曜買,0.055797046717868205
6551,-0.010437386481995452,-2.460438189008132,-0.5040041215769505,-3.554187151700834,0.25925925925925924,27,-2.5324192164278596,NZDCHF.,水曜売,0.055797046717868205
6551,-0.016592719902817268,-3.274620956321018,-1.5566019669267261,-3.067627026987036,0.25925925925925924,27,-4.025885484568738,NZDCHF.,木曜買,0.055797046717868205
6551,-0.008584814105669967,-1.6982889817859108,-1.9694952806709392,-0.4342231516968658,0.2962962962962963,27,-2.0829302668979244,NZDCHF.,木曜売,0.055797046717868205
6551,-0.007139834069324291,-1.8112371435503862,0.6042864830791432,-4.015861001492108,0.4074074074074074,27,-1.7323352958571643,NZDCHF.,金曜買,0.055797046717868205
6551,-0.018050345645904704,-4.554486466637449,-4.455671184795181,-1.5624787808400318,0.2962962962962963,27,-4.3795486787526565,NZDCHF.,金曜売,0.055797046717868205
6551,-0.004652015763632634,-1.7986508616083776,-1.0027819466385364,-1.7087421130060751,0.2962962962962963,27,-1.1287168617613847,NZDCHF.,月末2日買,0.055797046717868205
6551,-0.002010731356490504,-0.7832383592185272,-0.5956950257745481,-0.5150233695833907,0.37037037037037035,27,-0.48786300430997415,NZDCHF.,月末2日売,0.055797046717868205
6551,0.001460602916973366,0.5252025579514512,0.4137787416074622,0.3293977154328561,0.6296296296296297,27,0.35438554478120465,NZDCHF.,月初2日買,0.055797046717868205
6551,-0.008123350037096503,-2.8988183969928873,-1.8411710506174679,-2.531061623494425,0.2222222222222222,27,-1.9709654108525632,NZDCHF.,月初2日売,0.055797046717868205
6550,-0.014941312200755934,-1.3132640538428848,-0.2927388888816111,-2.059634179000195,0.4074074074074074,27,-3.6246516635167145,NZDJPY.,MA5/20,0.02492235141250532
6550,-0.021315660570941645,-1.879666384037177,-0.6593269527451233,-2.5425526854069047,0.3333333333333333,27,-5.171021360728434,NZDJPY.,MA10/50,0.02492235141250532
6550,-0.020651574350302758,-1.8285621287912681,-0.821993715545317,-2.1676193862474267,0.25925925925925924,27,-5.009918962758628,NZDJPY.,MA20/100,0.02492235141250532
6550,-0.017919852175509933,-1.6028933264530985,-0.33256126022334564,-2.515029748036339,0.25925925925925924,27,-4.347223398132963,NZDJPY.,MA50/200,0.02492235141250532
6550,-0.008200249466171039,-0.7206908597209875,0.2815738370432503,-1.8651458600862671,0.4444444444444444,27,-1.9893197779044536,NZDJPY.,モメ20,0.02492235141250532
6550,-0.016092860495491922,-1.4218288021935759,-0.6371953511602348,-1.6912200649243725,0.25925925925925924,27,-3.904008749832298,NZDJPY.,モメ60,0.02492235141250532
6550,-0.021083582648006523,-1.8707902633393951,-1.347331279542112,-1.3835832230692102,0.37037037037037035,27,-5.114720975720098,NZDJPY.,モメ120,0.02492235141250532
6550,-0.006241674105178869,-0.5594411289909548,-0.2277575067204854,-0.6951737586044581,0.4444444444444444,27,-1.51418390329339,NZDJPY.,モメ250,0.02492235141250532
6550,-0.014516002654676084,-2.209202464976327,-1.7616765992550336,-1.3551650911990538,0.2222222222222222,27,-3.521474718078827,NZDJPY.,逆張z1_1日,0.02492235141250532
6550,-0.004285572439548814,-0.6534869415928116,0.0887056112205112,-1.4037716160450442,0.48148148148148145,27,-1.0396481288535082,NZDJPY.,順張z1_1日,0.02492235141250532
6550,-0.02234887392421573,-2.349576413243682,-1.7981352176338627,-1.574529125836462,0.2962962962962963,27,-5.42167126680048,NZDJPY.,逆張z1_3日,0.02492235141250532
6550,-0.0009612250095583006,-0.10111575125313438,0.37092286157160087,-0.8253118155983958,0.37037037037037035,27,-0.23318606713358628,NZDJPY.,順張z1_3日,0.02492235141250532
6550,-0.02731901545214184,-2.6262431829795974,-2.3906799142816735,-1.1188876776982932,0.18518518518518517,27,-6.627390785612185,NZDJPY.,逆張z1_5日,0.02492235141250532
6550,0.0017667448082180628,0.16989259643743448,0.9643011382577549,-1.2872947016167775,0.4074074074074074,27,0.4285992034751242,NZDJPY.,順張z1_5日,0.02492235141250532
6550,-0.016928574495388732,-1.4888240269125164,-0.5429982233778448,-1.983442009504525,0.37037037037037035,27,-4.10674677573319,NZDJPY.,ドンチャン20,0.02492235141250532
6550,-0.016337578020268494,-1.4506287844332273,-0.24407379474610408,-2.384809421585314,0.25925925925925924,27,-3.963375408620688,NZDJPY.,ドンチャン55,0.02492235141250532
6550,-0.004846794145136755,-0.967601993664667,-1.358264122039087,0.3643108188872538,0.5555555555555556,27,-1.1757963574313235,NZDJPY.,月曜買,0.02492235141250532
6550,-0.009240230561542937,-1.843273985573492,-0.28329215895019727,-3.051224832191498,0.2222222222222222,27,-2.241611488078009,NZDJPY.,月曜売,0.02492235141250532
6550,-0.0003484898145088307,-0.06591990710939362,-0.0701337132739795,-0.009811985340067162,0.48148148148148145,27,-0.08454104759380904,NZDJPY.,火曜買,0.02492235141250532
6550,-0.013821905101426285,-2.609069923170126,-1.4607483391632297,-2.716998623566798,0.2222222222222222,27,-3.353091793123784,NZDJPY.,火曜売,0.02492235141250532
6550,-0.0024761246246984203,-0.48058003773270924,-0.8041584514163772,0.4313866108866732,0.48148148148148145,27,-0.6006894922879502,NZDJPY.,水曜買,0.02492235141250532
6550,-0.011691057265107517,-2.2656621083062207,-0.7823160009262384,-3.1630006233808006,0.2962962962962963,27,-2.836163892090898,NZDJPY.,水曜売,0.02492235141250532
6550,-0.005229928086426757,-1.0230513547884428,0.413848518942441,-2.6958355311935516,0.4074074074074074,27,-1.2687418135590833,NZDJPY.,木曜買,0.02492235141250532
6550,-0.008976148568906769,-1.7547800644562062,-2.0318215527032866,-0.011743054136141882,0.4074074074074074,27,-2.1775471528273824,NZDJPY.,木曜売,0.02492235141250532
6550,0.0005875972131625212,0.11956637538801004,1.7441058873580562,-2.4093263263866396,0.48148148148148145,27,0.14254673134127852,NZDJPY.,金曜買,0.02492235141250532
6550,-0.01478606399020215,-3.0004229467097323,-3.4626072638962957,-0.1996672806111705,0.2962962962962963,27,-3.5869895976231136,NZDJPY.,金曜売,0.02492235141250532
6550,-0.0013678732755027976,-0.41857618215705455,0.3782869118500521,-1.3557576430372524,0.37037037037037035,27,-0.3318359242423454,NZDJPY.,月末2日買,0.02492235141250532
6550,-0.0030113370568012,-0.9227995397412643,-1.1964617390168897,0.1521731501498753,0.48148148148148145,27,-0.7305280637795503,NZDJPY.,月末2日売,0.02492235141250532
6550,0.0026384368178107237,0.8166520040888525,1.2570577277771378,-0.40662104573902996,0.5555555555555556,27,0.6400652280244538,NZDJPY.,月初2日買,0.02492235141250532
6550,-0.007017647150114724,-2.166238496654591,-2.0857657279604305,-0.7780458008089288,0.37037037037037035,27,-1.7024292160463494,NZDJPY.,月初2日売,0.02492235141250532
6516,-0.012264184385318087,-1.304047703461148,-0.8474549532943785,-1.0462023418714512,0.34615384615384615,26,-3.07359328672049,NZDUSD.,MA5/20,0.03132963175364511
6516,-0.0076986259461993755,-0.8214421516774661,-0.16109358606109567,-1.1580420167066705,0.46153846153846156,26,-1.929394102516739,NZDUSD.,MA10/50,0.03132963175364511
6516,-0.010149831194242996,-1.0858673886327332,0.19812130566442895,-2.0772181545277073,0.34615384615384615,26,-2.5437038485264405,NZDUSD.,MA20/100,0.03132963175364511
6516,-0.003547520112700454,-0.3811718149866972,0.754723154276011,-1.6345458770743255,0.4230769230769231,26,-0.8890631174752391,NZDUSD.,MA50/200,0.03132963175364511
6516,-0.006679240811631111,-0.7112938308496662,-0.3726440342701029,-0.6908961769203149,0.4230769230769231,26,-1.673920504945707,NZDUSD.,モメ20,0.03132963175364511
6516,-0.0061157548699397254,-0.6530470061354614,0.0984295842082849,-1.2237129052364666,0.46153846153846156,26,-1.532702258943358,NZDUSD.,モメ60,0.03132963175364511
6516,-0.012630282198474417,-1.3525185884147177,-0.271795384416042,-1.8924057264529917,0.3076923076923077,26,-3.1653430309715134,NZDUSD.,モメ120,0.03132963175364511
6516,-0.0026047861249460878,-0.28112545183996174,-0.21194535779080279,-0.18570831900062468,0.4230769230769231,26,-0.6527994765441835,NZDUSD.,モメ250,0.03132963175364511
6516,-0.005690458400114146,-1.0476309656636482,-1.2200300781018245,-0.11016745714384132,0.4230769230769231,26,-1.4261164205824526,NZDUSD.,逆張z1_1日,0.03132963175364511
6516,-0.014933744786043486,-2.747898897836812,-1.0958035382437048,-3.141271063342314,0.2692307692307692,26,-3.7426261933022826,NZDUSD.,順張z1_1日,0.03132963175364511
6516,0.0016840491733870944,0.2143688488045479,0.43705622488624446,-0.22576370121252792,0.5769230769230769,26,0.4220486312996268,NZDUSD.,逆張z1_3日,0.03132963175364511
6516,-0.023465801537783836,-2.987530712696946,-2.1674421993035415,-2.0886446601492996,0.23076923076923078,26,-5.880890877699978,NZDUSD.,順張z1_3日,0.03132963175364511
6516,0.0016850160493137088,0.19335381483112227,0.4303938162034712,-0.2530287913930223,0.5,26,0.42229094528184985,NZDUSD.,逆張z1_5日,0.03132963175364511
6516,-0.023942142086546152,-2.747873437917867,-2.02484852637683,-1.8804028852834342,0.23076923076923078,26,-6.000269147535952,NZDUSD.,順張z1_5日,0.03132963175364511
6516,-0.005306208734482233,-0.5643222180312343,-0.24683383167740622,-0.6143983324387683,0.46153846153846156,26,-1.3298175428417804,NZDUSD.,ドンチャン20,0.03132963175364511
6516,-0.013267855522115167,-1.4193150560226087,-0.020105065046825278,-2.3424818838173618,0.38461538461538464,26,-3.32512871469625,NZDUSD.,ドンチャン55,0.03132963175364511
6516,-0.010018766198083884,-2.525539448910253,-1.4898311124073154,-2.3354549191690532,0.2692307692307692,26,-2.5108569441044066,NZDUSD.,月曜買,0.03132963175364511
6516,-0.00502646110554932,-1.2689357223949542,-0.7820898769492021,-1.1228580237749402,0.2692307692307692,26,-1.259708483221514,NZDUSD.,月曜売,0.03132963175364511
6516,-0.006293197571093549,-1.4963751115674995,-0.33961668577380716,-2.1771874223304395,0.34615384615384615,26,-1.5771721297402133,NZDUSD.,火曜買,0.03132963175364511
6516,-0.008786669549815865,-2.0879058957362275,-1.813644853342843,-1.0439755747119752,0.3076923076923077,26,-2.202074568715391,NZDUSD.,火曜売,0.03132963175364511
6516,-0.007518710441410597,-1.6778521932040844,-1.6548733237833348,-0.6175364821905371,0.46153846153846156,26,-1.8843045090858246,NZDUSD.,水曜買,0.03132963175364511
6516,-0.007526516862222604,-1.6795912336619305,-0.49458752423988084,-2.065704985296005,0.34615384615384615,26,-1.886260918240097,NZDUSD.,水曜売,0.03132963175364511
6516,-0.0064513371354389904,-1.521901071387501,-0.17494290612384095,-2.2915953057308704,0.34615384615384615,26,-1.6168043374815562,NZDUSD.,木曜買,0.03132963175364511
6516,-0.008582343562435476,-2.0235071365052497,-2.043332507252296,-0.6498929254020537,0.3076923076923077,26,-2.150867332801137,NZDUSD.,木曜売,0.03132963175364511
6516,-0.004421288767262738,-1.0626211883371264,1.0334851744551048,-2.9443407544221194,0.4230769230769231,26,-1.10804298490323,NZDUSD.,金曜買,0.03132963175364511
6516,-0.010612391930611727,-2.546398898537954,-3.346795295699261,0.08874750429819289,0.46153846153846156,26,-2.659628685379462,NZDUSD.,金曜売,0.03132963175364511
6516,-0.00025073534781114217,-0.09473214861907564,0.8094590448283202,-1.2254513733135692,0.5,26,-0.06283813562836155,NZDUSD.,月末2日買,0.03132963175364511
6516,-0.003819317296088322,-1.4434881428470427,-1.7683094284771101,-0.056402784422383494,0.38461538461538464,26,-0.9571796731273655,NZDUSD.,月末2日売,0.03132963175364511
6516,0.0004724634262621309,0.17329773419060077,0.3435964729339844,-0.1630261504431772,0.5,26,0.11840660328938651,NZDUSD.,月初2日買,0.03132963175364511
6516,-0.004542516070161594,-1.6621959205749477,-1.2804816632324165,-1.061603424222333,0.34615384615384615,26,-1.1384244120451135,NZDUSD.,月初2日売,0.03132963175364511
