label,n,t,t1,t2,wy,ny,ann,tc2,tt3,pf,win,avg,tot,real,pbo,psd,delta,z,bb,wick,filt,dirn,trail,e16-19,e20-21,e22-24,e25-26
BB2.0|ヒゲ0.5|trend|TP20/SL20|TR0-0|both,3685,-1.635168343536226,-0.4696115443006942,-1.7654074009737108,5,11,-179.59090909090617,-4.073519515389003,-1.8743146574315417,0.9470552763819092,50.58344640434193,-0.5360922659430026,-1975.4999999999648,-0.5360922659430026,-0.7894515986976026,0.2250460040696005,0.2533593327546,1.1258112926823751,2.0,0.5,trend,both,False,-0.19180327868851457,-0.4012841091492694,-0.058473154362440154,-1.8720207253885401
BB2.0|ヒゲ0.5|trend|TP20/SL20|TR0-0|long,2148,-0.06461865947645226,0.4064078068200909,-0.4395978599930384,5,11,-5.181818181818801,-2.0258931185862714,-0.3754701676691478,0.9973117265318439,51.86219739292365,-0.02653631284916463,-57.00000000000563,-0.02653631284916463,-0.22169255459592527,0.3437496127148964,0.19515624174676063,0.5677278883470973,2.0,0.5,trend,long,False,0.23060556464813342,0.09758713136731123,0.7320109439123823,-1.7769053117782299
BB2.0|ヒゲ0.5|trend|TP20/SL20|TR0-0|short,1784,-1.909484601750329,-0.04449348160627499,-2.568751562376848,3,11,-149.15454545454034,-3.5958726018555454,-2.2054104615637478,0.9104719498420296,49.55156950672646,-0.9196748878923442,-1640.699999999942,-0.9196748878923442,-1.0624258562935478,0.37414396544903034,0.1427509684012036,0.38154021335044247,2.0,0.5,trend,short,False,-0.00154905335626834,-0.2822289156626438,-1.5528599605522277,-2.0846153846153106
BB2.0|ヒゲ0.5|trend|TP20/SL20|TR5-3|both,5285,-6.673216719678591,-4.726618659469751,-4.733899987354583,1,11,-462.84545454546225,-12.217410386283222,-6.993352075982693,0.77176938904503,79.5837275307474,-0.963349101229912,-5091.300000000085,-0.963349101229912,-0.922636766274836,0.12326540486247375,-0.04071233495507598,-0.33028192298154063,2.0,0.5,trend,both,True,-0.8952496954934422,-1.0715705765408838,-0.8415519399247914,-1.1535129932626624
BB2.0|ヒゲ0.5|trend|TP20/SL20|TR5-3|long,3073,-3.8639659143057434,-3.196773909636519,-2.3435038924711677,2,11,-196.8545454545532,-8.362841224404635,-4.196838907359441,0.824127092419765,80.60527172144484,-0.7046534331272646,-2165.400000000084,-0.7046534331272646,-0.931636300822247,0.16938991040729368,0.22698286769498244,1.340002289092709,2.0,0.5,trend,long,True,-0.7531003382188767,-0.8925605536333527,-0.24544554455436535,-1.2267558528427325
BB2.0|ヒゲ0.5|trend|TP20/SL20|TR5-3|short,2412,-6.018057197327574,-3.4925050361379886,-4.954291457969198,1,11,-280.17272727272854,-9.86582213261987,-6.3704371426601005,0.7153610285017574,78.3167495854063,-1.277736318407966,-3081.900000000014,-1.277736318407966,-1.0429000504783652,0.18943656408140885,-0.23483626792960077,-1.2396564996221202,2.0,0.5,trend,short,True,-0.9453681710215064,-1.2673346693387815,-1.8609120521171125,-1.1179431072208892
BB2.0|ヒゲ0.5|trend|TP15/SL15|TR0-0|both,4334,-1.8134442392302168,-0.2835697508636896,-2.1709491533163283,3,11,-160.7363636363584,-5.362627878680328,-2.04884181380484,0.9467495896516972,51.24596215966775,-0.40796031379786324,-1768.0999999999392,-0.40796031379786324,-0.713912981229777,0.17367552032413275,0.30595266743191374,1.761633803433613,2.0,0.5,trend,both,False,0.06952887537997136,-0.512077922077913,-0.31456808199119757,-1.1741496598639596
BB2.0|ヒゲ0.5|trend|TP15/SL15|TR0-0|long,2459,-0.46284419252071163,0.08681032929182743,-0.6788517048789846,6,11,-30.87272727272217,-3.1709592639083177,-0.7640733980464245,0.9816506821558865,52.17568117120781,-0.1381049206994479,-339.5999999999424,-0.1381049206994479,-0.37209950182534135,0.19647650434591277,0.23399458112589344,1.1909545210246975,2.0,0.5,trend,long,False,0.11583452211130435,-0.39771167048053707,0.17683956574189177,-0.7999999999999999
BB2.0|ヒゲ0.5|trend|TP15/SL15|TR0-0|short,2023,-2.2009132288024715,0.09222852146686526,-3.102582378672938,4,11,-132.8727272727268,-4.669068164132046,-2.4863853910627802,0.9075176694655218,50.12357884330203,-0.7224913494809654,-1461.5999999999929,-0.7224913494809654,-0.964404182530512,0.21512337659631836,0.24191283304954658,1.1245306617862314,2.0,0.5,trend,short,False,0.1517189835575832,-0.5745454545454448,-1.2478647686832884,-1.5739557739558034
BB2.0|ヒゲ0.5|trend|TP15/SL15|TR5-3|both,5530,-8.108028727219208,-5.413596445457924,-6.035757926671728,0,11,-484.2909090910092,-14.806377839106492,-8.476313060627716,0.754674231399741,75.11754068716094,-0.9633273056059858,-5327.200000001101,-0.9633273056059858,-0.9620421140026219,0.11170489191589895,-0.0012851916033639332,-0.01150524011366965,2.0,0.5,trend,both,True,-0.8180979827091406,-1.0798104265404769,-0.9074185765984796,-1.1682994454715898
BB2.0|ヒゲ0.5|trend|TP15/SL15|TR5-3|long,3157,-4.869096521314244,-3.5850393651913737,-3.3337537003966977,2,11,-212.3545454546017,-10.244343955481133,-5.267249723482633,0.8022150157065836,76.24326892619575,-0.7399113082041869,-2335.900000000618,-0.7399113082041869,-0.9791198127288375,0.09939685252959489,0.2392085045246506,2.4066003946495944,2.0,0.5,trend,long,True,-0.6903825136614213,-0.8996610169493517,-0.4682170542637097,-1.1132258064518572
BB2.0|ヒゲ0.5|trend|TP15/SL15|TR5-3|short,2481,-6.986630717847708,-4.122564473200052,-5.704003565340387,0,11,-280.1181818182274,-11.534223490118862,-7.390554839099907,0.7022610880277912,73.59935509875051,-1.2419588875455467,-3081.3000000005013,-1.2419588875455467,-1.0828589884458206,0.14626396056068294,-0.1590998990997261,-1.0877587239524922,2.0,0.5,trend,short,True,-0.9386651323362132,-1.2236220472442683,-1.6180094786731942,-1.3159235668792177
BB2.0|ヒゲ0.5|trend|TP30/SL30|TR0-0|both,2861,0.1784527819021456,0.11930728261576554,0.1328139904979303,5,11,24.781818181820327,-1.3199525378445693,-0.0513827556015887,1.0067430016004117,51.345683327507864,0.09528137015030595,272.6000000000253,0.09528137015030595,-0.2908847345907623,0.3745381364068847,0.3861661047410683,1.0310461531253825,2.0,0.5,trend,both,False,0.047562425683692566,-0.01148936170212161,0.7945089757128239,-0.8530679933665138
BB2.0|ヒゲ0.5|trend|TP30/SL30|TR0-0|long,1715,1.7268101991695162,0.16458565347620302,2.071698917933566,7,11,182.00000000000708,0.5454140983096482,1.4906026481240504,1.0865374224642868,53.119533527696795,1.1673469387755562,2002.0000000000787,1.1673469387755562,0.4041949527409977,0.33678779155153,0.7631519860345585,2.265972832681475,2.0,0.5,trend,long,False,0.5894845360824515,-0.38338870431893074,2.7003412969284417,0.7262390670554552
BB2.0|ヒゲ0.5|trend|TP30/SL30|TR0-0|short,1507,-1.0096262031059002,1.0166372437867455,-2.354154991725291,4,11,-103.96363636364119,-2.0849898228323522,-1.341030882918817,0.94758336198006,49.966821499668214,-0.7588586595886215,-1143.6000000000527,-0.7588586595886215,-0.8709292685973317,0.32309297890677136,0.11207060900871013,0.34686798019541043,2.0,0.5,trend,short,False,1.157959183673444,0.6760000000000048,-2.4543378995434195,-2.7036184210527083
BB2.0|ヒゲ0.5|trend|TP30/SL30|TR5-3|both,4981,-4.0416414702412755,-2.9203859036045485,-2.8092270717602315,1,11,-331.97272727279784,-8.490650333723403,-4.360877828328476,0.8360672664260119,85.10339289299338,-0.7331258783378388,-3651.700000000775,-0.7331258783378388,-0.7196569561497566,0.14022918196082923,-0.013468922188082266,-0.09604935292173775,2.0,0.5,trend,both,True,-0.7153047989624602,-0.9288172043011202,-0.46408404464892844,-0.9919878296149098
BB2.0|ヒゲ0.5|trend|TP30/SL30|TR5-3|long,2989,-2.1527875408570396,-2.7978867139909918,-0.3799956130681981,4,11,-133.94545454549504,-5.743399718231032,-2.4292514681346695,0.8838983184403867,85.81465373034459,-0.492940782870674,-1473.4000000004446,-0.492940782870674,-0.7205502895849434,0.1418687144718378,0.22760950671426938,1.6043671612986379,2.0,0.5,trend,long,True,-0.8184544405998605,-1.0884955752212935,0.2941836734692287,-0.7575389948010027
BB2.0|ヒゲ0.5|trend|TP30/SL30|TR5-3|short,2351,-4.033882381187905,-1.363070929668162,-4.2627382147900725,2,11,-234.1090909091243,-7.071086845568824,-4.429733464867423,0.7711075755286043,84.04934070608252,-1.0953636750320572,-2575.200000000367,-1.0953636750320572,-0.8622560582944381,0.3121717873508941,-0.23310761673761915,-0.7467286480811812,2.0,0.5,trend,short,True,-0.49467312348674203,-1.0676891615542237,-1.8427609427612373,-1.2441176470591113
BB2.0|ヒゲ0.5|trend|TP20/SL10|TR0-0|both,4603,-1.9920197261144825,-0.44110293507931253,-2.273726487014143,3,11,-176.32727272717204,-5.742705771399326,-2.2713059216631803,0.9401625815607523,34.67303932218119,-0.42137736258937425,-1939.5999999988896,-0.42137736258937425,-0.6176651419810133,0.1387532318459369,0.19628777939163905,1.4146537473778267,2.0,0.5,trend,both,False,-0.11169296987041055,-0.04603174603127954,-0.40344352617075907,-1.2371002132195912
BB2.0|ヒゲ0.5|trend|TP20/SL10|TR0-0|long,2599,-0.025899398020212034,1.0410724109427323,-0.9736942908035814,6,11,-1.6818181817664415,-2.9507938810326344,-0.30706541699182865,0.9989673861473772,36.0908041554444,-0.007118122354532153,-18.499999999429065,-0.007118122354532153,-0.38888794468740134,0.15006134131674423,0.3817698223328692,2.54409176262821,2.0,0.5,trend,long,False,0.18267929634687352,0.6801762114542047,0.22790432801823363,-1.2545454545454289
BB2.0|ヒゲ0.5|trend|TP20/SL10|TR0-0|short,2094,-2.991292466224553,-1.2143623085670001,-2.979530907965304,2,11,-174.445454545403,-5.625219103894486,-3.4483133755462934,0.8729449311059776,32.999044890162374,-0.9163801337151055,-1918.899999999431,-0.9163801337151055,-0.834817530927559,0.29796857125921133,-0.08156260278754657,-0.2737288783272144,2.0,0.5,trend,short,False,-0.2392128279878709,-1.0561712846342874,-1.440646258503314,-1.1546099290779945
BB2.0|ヒゲ0.5|trend|TP20/SL10|TR5-3|both,5900,-10.393175999071408,-7.510875437201163,-7.226629409469329,0,11,-540.2636363635725,-18.43167905073106,-10.818304067003167,0.7226469160693134,66.37288135593221,-1.0072711864405588,-5942.8999999992975,-1.0072711864405588,-1.0314473456276376,0.070503683766524,0.024176159187078827,0.34290632624444456,2.0,0.5,trend,both,True,-1.019989310529021,-1.035201401050652,-0.898049340217876,-1.12499999999991
BB2.0|ヒゲ0.5|trend|TP20/SL10|TR5-3|long,3334,-6.478001955802478,-4.89123705906744,-4.329379212873003,0,11,-253.01818181814994,-12.676538148771524,-6.961680210085501,0.7616490678176746,67.54649070185963,-0.8347930413916166,-2783.1999999996497,-0.8347930413916166,-1.0540283693584838,0.09818556700394954,0.21923532796686718,2.232867158144011,2.0,0.5,trend,long,True,-0.8787037037036147,-0.9343548387095489,-0.5926605504585876,-1.079447852760667
BB2.0|ヒゲ0.5|trend|TP20/SL10|TR5-3|short,2605,-8.72825802009746,-6.115467377373814,-6.2261702277975575,0,11,-291.2090909090585,-14.294382178639355,-9.121173804137085,0.6769043008149953,64.76007677543187,-1.2296737044144506,-3203.2999999996437,-1.2296737044144506,-0.970078747355587,0.13714646942599812,-0.2595949570588636,-1.8928300389018515,2.0,0.5,trend,short,True,-1.1400437636760234,-1.1827777777776294,-1.412366412213584,-1.2046370967740743
BB2.0|ヒゲ0.5|trend|TP10/SL20|TR0-0|both,4483,-4.152917139678613,-1.337195641007701,-4.396861391962347,1,11,-358.6454545455492,-7.920728498928186,-4.35146648401108,0.8735650234274989,66.16105286638413,-0.880013383894945,-3945.1000000010386,-0.880013383894945,-0.829977420836037,0.17681385397523577,-0.050035963058908006,-0.2829866661122377,2.0,0.5,trend,both,False,-0.38346686088904,-0.5220481927715583,-1.01108695652177,-1.7666666666666115
BB2.0|ヒゲ0.5|trend|TP10/SL20|TR0-0|long,2589,-2.2256135061895623,-0.7077871521112734,-2.344374207128031,3,11,-141.10909090914743,-5.243894944684928,-2.4877072094696726,0.9114379774857415,67.09154113557358,-0.5995365005796139,-1552.2000000006205,-0.5995365005796139,-0.6761231746616027,0.2578500748489673,0.07658667408198871,0.2970201739396371,2.0,0.5,trend,long,False,-0.2536486486491242,-0.5294979079502682,-0.37806004618944755,-1.5524752475247097
BB2.0|ヒゲ0.5|trend|TP10/SL20|TR0-0|short,2124,-3.889709805049121,-0.8127802962721128,-4.6090178534408555,1,11,-234.7636363636818,-6.506266656795755,-4.149299044374727,0.8308153932834191,65.01883239171374,-1.2158192090397828,-2582.4000000004985,-1.2158192090397828,-1.2890434414553282,0.17588199294465479,0.07322423241554543,0.4163259193827027,2.0,0.5,trend,short,False,-0.48980446927421706,-0.2668202764981693,-2.2226785714285433,-2.104347826086882
BB2.0|ヒゲ0.5|trend|TP10/SL20|TR5-3|both,5285,-8.082661357200436,-5.557567166729708,-5.877324849922787,1,11,-547.1727272727576,-13.741341142909308,-8.317790668319079,0.7301873344181403,79.5837275307474,-1.1388647114475559,-6018.9000000003325,-1.1388647114475559,-1.181400910372855,0.10563154310047904,0.04253619892529925,0.4026846307152579,2.0,0.5,trend,both,True,-1.0283191230209,-1.2131212723659837,-1.014142678347869,-1.4334937439845425
BB2.0|ヒゲ0.5|trend|TP10/SL20|TR5-3|long,3073,-4.957644686131919,-3.9315544768128428,-3.1463449758760964,2,11,-247.0727272727482,-9.55285022188438,-5.245110620348692,0.7792613890174636,80.60527172144484,-0.8844126260983499,-2717.8000000002294,-0.8844126260983499,-1.0960500572027854,0.13822738125073608,0.21163743110443545,1.5310818246678493,2.0,0.5,trend,long,True,-0.9096956031569193,-1.0730103806230276,-0.4518811881187705,-1.395150501672198
BB2.0|ヒゲ0.5|trend|TP10/SL20|TR5-3|short,2412,-7.045281079932228,-3.9901823283452136,-5.900497360548317,0,11,-318.6090909091021,-10.994969513017145,-7.291875315401749,0.6763119493137607,78.3167495854063,-1.4530265339967345,-3504.7000000001235,-1.4530265339967345,-1.3590436110261994,0.0843267783191386,-0.09398292297053512,-1.114508639412885,2.0,0.5,trend,short,True,-1.0760095011878321,-1.3559118236474401,-1.9745928338761158,-1.5529540481399573
BB2.0|ヒゲ0.5|range|TP20/SL20|TR0-0|both,3702,-2.6766286725334565,-0.9595986184728563,-2.713854719231765,4,11,-291.64545454544947,-5.149665576457806,-2.925341416133087,0.9158442853020639,49.78390059427337,-0.8665856293895032,-3208.099999999941,-0.8665856293895032,-0.9117939746801232,0.3821426027405069,0.04520834529062001,0.11830229073233858,2.0,0.5,range,both,False,-0.03697403760070634,-1.3079545454545554,-1.3178268251272989,-1.0223767383059255
BB2.0|ヒゲ0.5|range|TP20/SL20|TR0-0|long,2626,-1.4095796405526952,-0.24808157969005196,-1.6629285110039975,4,11,-129.38181818181454,-3.4888328811639138,-1.6525953023383604,0.9463548675268285,50.64737242955065,-0.5419649657273259,-1423.1999999999578,-0.5419649657273259,-0.5239065012293951,0.21408041670595548,-0.018058464497930804,-0.0843536497910247,2.0,0.5,range,long,False,0.24812121212122656,-0.9002079002079025,-0.21300505050505567,-1.9435606060605386
BB2.0|ヒゲ0.5|range|TP20/SL20|TR0-0|short,2611,-2.972624911458747,-1.1413547561174822,-2.9940010509961668,3,11,-269.3909090909051,-5.062224982181364,-3.234310732502572,0.890775258659137,49.29145921103026,-1.1349291459210853,-2963.299999999954,-1.1349291459210853,-1.1443621462879723,0.135445287261832,0.00943300036688699,0.06964436015150434,2.0,0.5,range,short,False,-0.6693413173652717,-0.7074786324786309,-2.7661861074704155,0.06844036697243049
BB2.0|ヒゲ0.5|range|TP20/SL20|TR5-3|both,6488,-9.30270507250173,-7.525600175232924,-5.784077029199137,0,11,-671.8272727272797,-15.852583870657913,-9.562893702709111,0.7348120025549488,79.28483353884094,-1.1390413070283718,-7390.100000000076,-1.1390413070283718,-1.1243623393045818,0.1533657007295717,-0.01467896772378996,-0.09571219414745964,2.0,0.5,range,both,True,-1.3570098039217167,-1.1739510489511813,-1.100770416024528,-0.8368459837876687
BB2.0|ヒゲ0.5|range|TP20/SL20|TR5-3|long,3772,-7.078434327896881,-5.67837159318155,-4.370365467625112,0,11,-402.7090909090975,-11.889527746978231,-7.292799220315608,0.7266804052469767,79.18875927889714,-1.1743902439024576,-4429.80000000007,-1.1743902439024576,-1.2057921871301154,0.08693107727704488,0.03140194322765777,0.3612280465314077,2.0,0.5,range,long,True,-1.4849498327760784,-1.062500000000144,-0.8421100917430128,-1.2674934725847178
BB2.0|ヒゲ0.5|range|TP20/SL20|TR5-3|short,3734,-7.519824945786521,-6.308154322502239,-4.43719100684491,0,11,-423.0363636363771,-12.309360475031028,-7.750593380786399,0.7180406936584167,78.70915907873594,-1.2462238885913623,-4653.400000000147,-1.2462238885913623,-1.2733281958652487,0.09989232379483813,0.027104307273886352,0.27133523622449707,2.0,0.5,range,short,True,-1.3731078904993446,-1.6784122562675365,-1.5062797335869669,-0.22102351313965138
BB2.0|ヒゲ0.5|range|TP15/SL15|TR0-0|both,4559,-3.7248105402428,-1.9954056301437482,-3.2221071869950135,1,11,-344.33636363636435,-7.305210573798152,-4.060423621263839,0.8945740878878674,49.87935950866418,-0.8308181618776057,-3787.7000000000044,-0.8308181618776057,-0.8116317851655429,0.19794784893615083,-0.019186376712062803,-0.096926421858979,2.0,0.5,range,both,False,-0.3368194842406707,-1.2591916558018426,-1.222762508809035,-0.6311156601842309
BB2.0|ヒゲ0.5|range|TP15/SL15|TR0-0|long,3009,-2.3752182344329418,-1.514780104333347,-1.8331687175986024,3,11,-179.26363636363507,-5.268454371230571,-2.6390355586346943,0.915789069106007,50.481887670322365,-0.6553339980059767,-1971.8999999999837,-0.6553339980059767,-0.6938766000485106,0.2108390936033924,0.0385426020425339,0.18280576615945834,2.0,0.5,range,long,False,-0.4866242038216424,-0.7638790035587184,-0.47999999999998866,-1.0682926829268395
BB2.0|ヒゲ0.5|range|TP15/SL15|TR0-0|short,3051,-3.3430297063902024,-1.6630206482065415,-3.0187605361875143,3,11,-250.4181818181831,-6.2876112930383234,-3.5996213608829466,0.8858674710276767,49.62307440183547,-0.902851524090466,-2754.6000000000117,-0.902851524090466,-0.9895681739544591,0.148820505684174,0.08671664986399308,0.5826928854013078,2.0,0.5,range,short,False,-0.6036926147704536,-1.0501811594203003,-1.9297482837529005,0.18715890850726039
BB2.0|ヒゲ0.5|range|TP15/SL15|TR5-3|both,6936,-11.380757282766961,-9.194940174568739,-7.0251083317624765,0,11,-734.3090909092175,-19.14289392945683,-11.693928117718615,0.7099770563967017,74.5674740484429,-1.164561707035956,-8077.400000001391,-1.164561707035956,-1.2185123767641992,0.09481543738203359,0.05395066972824325,0.5690072336096851,2.0,0.5,range,both,True,-1.401137397634428,-1.3208097165993944,-1.033462846041946,-0.8577562326871876
BB2.0|ヒゲ0.5|range|TP15/SL15|TR5-3|long,3914,-7.957229901626555,-6.76897497329269,-4.568862708919356,0,11,-391.6272727273424,-13.676624521270757,-8.183900118311104,0.7212256519769228,74.9105774144098,-1.1006387327544112,-4307.900000000765,-1.1006387327544112,-1.2364204030420958,0.12494501761835139,0.13578167028768462,1.0867313709333664,2.0,0.5,range,long,True,-1.3644480519482731,-1.2589403973512028,-0.8055950266431411,-0.9604244694134318
BB2.0|ヒゲ0.5|range|TP15/SL15|TR5-3|short,3918,-9.274301195183487,-7.205915997012025,-5.9848417946705235,0,11,-469.70909090916854,-14.770276624855022,-9.531596729567845,0.6828199241242575,73.68555385400714,-1.3187340479838827,-5166.800000000852,-1.3187340479838827,-1.2679061591580516,0.0944553501073221,-0.05082788882583111,-0.5381155092652711,2.0,0.5,range,short,True,-1.401146788991042,-1.6860927152319949,-1.4239051094892787,-0.6594202898552889
BB2.0|ヒゲ0.5|range|TP30/SL30|TR0-0|both,2701,-1.7510459151382898,-0.6503247267262181,-1.7458294188308456,3,11,-239.48181818182135,-3.18731353196727,-2.0258959639654908,0.9335643437010583,49.42613846723436,-0.9753054424287423,-2634.300000000033,-0.9753054424287423,-1.0852678307765036,0.5728131223219175,0.10996238834776129,0.19196904551003477,2.0,0.5,range,both,False,0.18698372966206991,-1.9943231441047906,-0.4004608294930796,-2.643576388888958
BB2.0|ヒゲ0.5|range|TP30/SL30|TR0-0|long,2081,-0.07489480743288812,-1.1461648411562335,0.8309690764583831,7,11,-8.918181818178725,-1.3461752634546715,-0.3003825606530425,0.9966458327634791,51.32148005766458,-0.0471407976934002,-98.0999999999658,-0.0471407976934002,0.12547460265412624,0.285353742976168,-0.17261540034752643,-0.6049172460371155,2.0,0.5,range,long,False,-0.5097978227060832,-1.6178191489361677,2.119496855345989,-1.1971830985915588
BB2.0|ヒゲ0.5|range|TP30/SL30|TR0-0|short,2096,-2.109135577839284,0.2758136074760153,-3.0499611260016177,4,11,-255.41818181818806,-3.3677460838049003,-2.348434738917355,0.9090888499881884,49.475190839694655,-1.340458015267208,-2809.600000000068,-1.340458015267208,-1.661493093798762,0.291176943036175,0.3210350785315539,1.1025429252194239,2.0,0.5,range,short,False,0.188190184049064,-0.09268929503916835,-3.815031645569703,-1.1321678321678417
BB2.0|ヒゲ0.5|range|TP30/SL30|TR5-3|both,5964,-5.975491433220033,-5.0521072972964935,-3.610424501118921,1,11,-547.990909090988,-10.757111394446842,-6.20547737412855,0.7817536034062357,84.72501676727029,-1.010714285714431,-6027.900000000866,-1.010714285714431,-0.9361330968133268,0.17684365929168927,-0.0745811889011041,-0.4217351597440566,2.0,0.5,range,both,True,-1.3238636363636997,-0.9741245136187284,-1.1445856353593384,-0.39773082942119997
BB2.0|ヒゲ0.5|range|TP30/SL30|TR5-3|long,3575,-5.368988391789698,-4.921729772282695,-2.7648016090171135,1,11,-377.9909090909541,-9.083116711170874,-5.580813554832697,0.7535621147462989,84.25174825174825,-1.163048951049089,-4157.900000000493,-1.163048951049089,-0.9676005000201169,0.17757899686499787,-0.19544845102897201,-1.1006281963489137,2.0,0.5,range,long,True,-1.769471799462919,-0.9684830633284917,-0.8452540747844745,-0.8725543478263057
BB2.0|ヒゲ0.5|range|TP30/SL30|TR5-3|short,3508,-4.997834597103889,-4.1747089085763625,-2.9638226315697143,1,11,-353.0363636364134,-8.61400321355078,-5.209859292345852,0.768355751737272,84.17901938426454,-1.1070125427595627,-3883.4000000005462,-1.1070125427595627,-1.2048886534254553,0.08133561374741756,0.09787611066589252,1.2033610635783778,2.0,0.5,range,short,True,-1.2189119170985094,-1.703448275862115,-1.3761133603241618,0.03438848920838896
BB2.0|ヒゲ0.5|range|TP20/SL10|TR0-0|both,4794,-2.6544490854276965,-1.018694194346429,-2.6519964062940424,3,11,-240.3636363635338,-6.477284316285976,-2.9449569845356316,0.9221505756264461,34.31372549019608,-0.5515227367540402,-2643.9999999988686,-0.5515227367540402,-0.5719398274070892,0.26086556189695825,0.020417090653048975,0.07826671525585932,2.0,0.5,range,both,False,0.10272294077649935,-1.1726723095521296,-0.6297715053763031,-0.8792079207920747
BB2.0|ヒゲ0.5|range|TP20/SL10|TR0-0|long,3221,-1.0350839058067651,-0.2599723339666933,-1.1812614539615722,5,11,-76.21818181811138,-4.195408832189379,-1.2847082488158486,0.9627164018482033,35.26855013970817,-0.2602918348336612,-838.3999999992227,-0.2602918348336612,-0.33224195310047067,0.150213066692295,0.07195011826680947,0.4789870804927789,2.0,0.5,range,long,False,0.10226824457639665,-0.34899328859013407,0.19551616266945598,-1.4134969325153028
BB2.0|ヒゲ0.5|range|TP20/SL10|TR0-0|short,3235,-3.8020527665284303,-1.8292865001195386,-3.511768108658666,2,11,-270.54545454537816,-7.056602641116619,-4.092194898938359,0.8722527472527768,33.199381761978366,-0.9199381761975756,-2975.999999999157,-0.9199381761975756,-0.7892248124600096,0.17741362876548497,-0.13071336373756592,-0.7367718289013184,2.0,0.5,range,short,False,-0.37223282442701416,-1.4180463576154243,-1.7454545454544446,-0.17693474962067293
BB2.0|ヒゲ0.5|range|TP20/SL10|TR5-3|both,7550,-12.885367782354157,-10.313190881243866,-8.061634041222536,0,11,-719.4272727271924,-22.438512534000136,-13.201552533983266,0.7082592955783967,66.7019867549669,-1.0481721854303463,-7913.699999999114,-1.0481721854303463,-1.093748880924066,0.10858597716448189,0.04557669549371979,0.419729109447364,2.0,0.5,range,both,True,-1.2379267277267758,-1.2292630057802232,-0.9342415985466405,-0.7565300896285975
BB2.0|ヒゲ0.5|range|TP20/SL10|TR5-3|long,4166,-8.992245527337879,-7.771764141443667,-5.025238135546441,0,11,-375.7818181817736,-16.08942752929053,-9.272749289200418,0.7192458161269478,67.23475756120979,-0.9922227556407845,-4133.599999999508,-0.9922227556407845,-1.0167789425294824,0.052210688634846084,0.024556186888697873,0.4703287302038908,2.0,0.5,range,long,True,-1.2776018099546367,-1.152527743526382,-0.710548523206624,-0.7853080568719378
BB2.0|ヒゲ0.5|range|TP20/SL10|TR5-3|short,4207,-11.116528659059437,-8.684212905593006,-7.086666600369786,0,11,-475.89090909086366,-17.933069785201916,-11.425306269805603,0.6689182351750801,65.20085571666272,-1.2443071072021628,-5234.799999999499,-1.2443071072021628,-1.112192288830343,0.0641709960544739,-0.1321148183718197,-2.0587933255651696,2.0,0.5,range,short,True,-1.271848137535691,-1.712768496419899,-1.2847413793102194,-0.6564575645755792
BB2.0|ヒゲ0.5|range|TP10/SL20|TR0-0|both,4923,-5.691762154712284,-2.4490101902410664,-5.4250162503557355,0,11,-504.67272727282614,-9.747900205511176,-5.974611497307029,0.8420604912244423,65.42758480601259,-1.1276457444649777,-5551.400000001086,-1.1276457444649777,-1.04116482663659,0.200032213355399,-0.08648091782838763,-0.4323349543442596,2.0,0.5,range,both,False,-0.5678010471208933,-0.8964328180741923,-1.8560185185185054,-1.0783109404990245
BB2.0|ヒゲ0.5|range|TP10/SL20|TR0-0|long,3140,-3.935963058680533,-2.4674570818177934,-3.079144656439319,1,11,-278.0909090909779,-7.169615054947786,-4.137427787397287,0.8613836261390507,65.85987261146497,-0.9742038216562914,-3059.000000000755,-0.9742038216562914,-1.0130030530374023,0.16510181723769715,0.038799231381110966,0.2350018432883249,2.0,0.5,range,long,False,-0.8456456456461153,-0.8547332185891123,-0.984147665580921,-1.2694835680750913
BB2.0|ヒゲ0.5|range|TP10/SL20|TR0-0|short,3133,-5.053968167866611,-2.727674828248181,-4.3742612670442,1,11,-358.2363636364322,-8.264427939196079,-5.294250293646019,0.8259237008110177,64.98563676986913,-1.2577721034154972,-3940.6000000007525,-1.2577721034154972,-1.1282883745370884,0.21487270585577534,-0.12948372887840875,-0.6026066845610419,2.0,0.5,range,short,False,-0.831231813773509,-1.2914089347083701,-2.3756207674943304,-0.35835962145112954
BB2.0|ヒゲ0.5|range|TP10/SL20|TR5-3|both,6488,-11.146297501615647,-8.77870317790349,-7.135332821072669,0,11,-776.2545454545747,-17.93505670512889,-11.40028420731476,0.6935917954312033,79.28483353884094,-1.3160912453761282,-8538.80000000032,-1.3160912453761282,-1.3685876010248352,0.0537747639915032,0.05249635564870703,0.9762266117430441,2.0,0.5,range,both,True,-1.5198039215688266,-1.3532342657344467,-1.2526450950178751,-1.0695652173912344
BB2.0|ヒゲ0.5|range|TP10/SL20|TR5-3|long,3772,-8.261590812541595,-6.574567552730206,-5.14451986538762,0,11,-457.0363636363836,-13.203745852971158,-8.44663147912282,0.6898083591445694,79.18875927889714,-1.3328207847296443,-5027.400000000218,-1.3328207847296443,-1.366803024118834,0.09776136397178505,0.03398223938918976,0.3476039818654473,2.0,0.5,range,long,True,-1.636120401338002,-1.2668055555557516,-1.0084403669723918,-1.3828981723236566
BB2.0|ヒゲ0.5|range|TP10/SL20|TR5-3|short,3734,-8.97066067952908,-7.131410049909045,-5.632193669779682,0,11,-487.9636363636618,-13.91071730699876,-9.181140509882932,0.6747658115100543,78.70915907873594,-1.4374933047670804,-5367.600000000278,-1.4374933047670804,-1.5847277119343954,0.12964255959317333,0.14723440716731506,1.135695003472209,2.0,0.5,range,short,True,-1.549838969404384,-1.7831476323121576,-1.6339676498572044,-0.615629322268303
BB2.5|ヒゲ0.0|trend|TP20/SL20|TR0-0|both,4056,-1.0067636377489138,0.43416640422533087,-1.7009418830063567,5,11,-116.79999999999582,-3.5507524555465886,-1.2600378002902655,0.9683192535495359,51.15877712031558,-0.31676528599604314,-1284.799999999951,-0.31676528599604314,-0.7325639431945186,0.15060862395369445,0.4157986571984754,2.760789165209525,2.5,0.0,trend,both,False,0.04814814814815802,0.2004457652303377,-0.5009811320754627,-0.9660735468564555
BB2.5|ヒゲ0.0|trend|TP20/SL20|TR0-0|long,2403,0.38860160018098355,0.7382162134600772,-0.12822972264411794,7,11,33.43636363636193,-1.6574062583328926,0.085641240798331,1.0156910593384836,52.35122763212651,0.15305867665417516,367.7999999999829,0.15305867665417516,-0.16995431524097598,0.20491976117543195,0.32301299189515115,1.5762901051725289,2.5,0.0,trend,long,False,0.03648255813954063,1.0877192982456452,0.25745992601722667,-0.5942574257425828
BB2.5|ヒゲ0.0|trend|TP20/SL20|TR0-0|short,1933,-1.4089913310621314,0.8567146678329004,-2.6943107296009883,4,11,-112.45454545453904,-3.1960836883974664,-1.7708046375091087,0.9369041728937899,50.28453181583031,-0.6399379203310542,-1236.999999999928,-0.6399379203310542,-0.9916144259612782,0.19683738382199667,0.351676505630224,1.7866347276198862,2.5,0.0,trend,short,False,0.5252396166134379,-0.30626702997273364,-1.5784832451498445,-1.4970509383377621
BB2.5|ヒゲ0.0|trend|TP20/SL20|TR5-3|both,6100,-5.791972603880423,-4.728551464489936,-3.594475796791137,0,11,-431.1272727272799,-11.783447672934308,-6.07100168705984,0.8123931894423629,79.98360655737706,-0.7774426229508324,-4742.400000000078,-0.7774426229508324,-0.9519140856517243,0.07828273377200635,0.17447146270089187,2.228734923962023,2.5,0.0,trend,both,True,-0.7842962184875235,-1.1490582959642501,-0.7861126005361174,-0.4126644736840744
BB2.5|ヒゲ0.0|trend|TP20/SL20|TR5-3|long,3646,-3.0384036840340207,-3.3399327929037015,-1.1760257539357566,1,11,-165.81818181818693,-8.055933247504035,-3.3905742753181234,0.8701640744563413,81.29456939111354,-0.5002742731760985,-1824.0000000000553,-0.5002742731760985,-0.9633038563943087,0.13385035769269374,0.4630295832182102,3.4593077762352875,2.5,0.0,trend,long,True,-0.6792717086835989,-0.902170542635792,-0.2179357021996031,-0.3435828877004074
BB2.5|ヒゲ0.0|trend|TP20/SL20|TR5-3|short,2691,-5.4608408188375765,-3.257822626485571,-4.407582923544053,1,11,-273.5000000000029,-9.486916103662281,-5.76324026224963,0.7509540483936322,78.37235228539576,-1.1179858788554558,-3008.5000000000314,-1.1179858788554558,-1.0003639959049029,0.1347936534418714,-0.11762188295055287,-0.8726069807231412,2.5,0.0,trend,short,True,-0.7929881337649617,-1.4803956834533425,-1.741782729804909,-0.4075510204080179
BB2.5|ヒゲ0.0|trend|TP15/SL15|TR0-0|both,4883,-1.4000524596025634,0.9748786156117143,-2.641851513412391,4,11,-134.9636363636284,-5.075137883420968,-1.6714365465026997,0.9600057111607435,51.56665984026213,-0.3040344050788264,-1484.5999999999092,-0.3040344050788264,-0.715395472068266,0.07714961640147215,0.41136106698943964,5.331991086628269,2.5,0.0,trend,both,False,0.3051006711409812,0.05029171528591159,-0.7118217054263523,-0.8910931174089102
BB2.5|ヒゲ0.0|trend|TP15/SL15|TR0-0|long,2834,-0.6492697691522971,0.3601367358777719,-1.156176786140182,4,11,-46.90909090908488,-3.5405016925291246,-0.9484392570770644,0.975847106567625,51.94071983062809,-0.1820748059279928,-515.9999999999316,-0.1820748059279928,-0.4369701046026657,0.1403389380812054,0.2548952986746729,1.816283507341212,2.5,0.0,trend,long,False,0.18546798029560446,-0.04999999999997131,-0.2751585623678432,-0.6474576271186386
BB2.5|ヒゲ0.0|trend|TP15/SL15|TR0-0|short,2239,-1.5636176810913769,1.1961838655348773,-3.1419247431150774,5,11,-100.28181818181615,-4.1388225080021686,-1.8934929017314148,0.9359255107197453,50.91558731576596,-0.4926753014738617,-1103.0999999999763,-0.4926753014738617,-0.9608822177957836,0.26667110419161605,0.46820691632192196,1.755746719320188,2.5,0.0,trend,short,False,0.22013513513517227,0.30452488687786744,-1.4112852664577034,-1.1937947494033563
BB2.5|ヒゲ0.0|trend|TP15/SL15|TR5-3|both,6410,-7.491981740638779,-6.137572689333125,-4.678959091025749,1,11,-485.6000000001072,-14.657154473510621,-7.7906222137725365,0.7841655689614366,75.52262090483619,-0.8333229329175005,-5341.600000001178,-0.8333229329175005,-1.0478634886700298,0.06869342129930969,0.21454055575252928,3.123160146846336,2.5,0.0,trend,both,True,-0.8005997001501154,-1.2077506318451843,-0.9197139938714921,-0.39968354430394126
BB2.5|ヒゲ0.0|trend|TP15/SL15|TR5-3|long,3765,-4.5438497636949196,-4.560812277621001,-2.1876806065345873,0,11,-217.77272727278734,-10.418336541483693,-4.8855593565776205,0.8258312187815401,76.78618857901726,-0.6362549800798567,-2395.5000000006603,-0.6362549800798567,-1.0308169403301781,0.11900951332309014,0.3945619602503214,3.315381680279242,2.5,0.0,trend,long,True,-0.7334854014600334,-1.1221556886229676,-0.45890968266900944,-0.36010362694314707
BB2.5|ヒゲ0.0|trend|TP15/SL15|TR5-3|short,2782,-6.573057074452534,-4.051232766918219,-5.186578484606673,1,11,-279.12727272732116,-11.434172912824968,-6.871970920596056,0.733583229210015,73.75988497483824,-1.1036664270311043,-3070.400000000532,-1.1036664270311043,-1.0394451806870877,0.1672796902604357,-0.0642212463440166,-0.3839153829375899,2.5,0.0,trend,short,True,-0.8642039542145586,-1.2859649122808707,-1.7146862483313359,-0.4434262948208661
BB2.5|ヒゲ0.0|trend|TP30/SL30|TR0-0|both,3074,1.4274832395078243,1.7548490647507813,0.3884107228633884,7,11,210.80000000000229,-0.08650517633838847,1.1718740051443022,1.0547678601374149,52.504879635653865,0.7543266102797744,2318.8000000000266,0.7543266102797744,-0.3303340523722672,0.21066892141021612,1.0846606626520416,5.148650571671093,2.5,0.0,trend,both,False,0.5545454545454355,2.6876767676767295,0.6412774070543804,-0.2791862284819766
BB2.5|ヒゲ0.0|trend|TP30/SL30|TR0-0|long,1877,1.5718756704686268,0.31352460888679795,1.7601245639439722,8,11,177.4363636363695,0.36459151500058284,1.3067224220945035,1.0769251991313507,52.9035695258391,1.0398508257858634,1951.8000000000657,1.0398508257858634,0.5212748185317804,0.22969547955796404,0.518576007254083,2.257667448449805,2.5,0.0,trend,long,False,-0.5675572519084103,2.097476340693979,1.3546153846154514,1.823316062176263
BB2.5|ヒゲ0.0|trend|TP30/SL30|TR0-0|short,1618,-0.053292820840598325,2.0095196741492987,-1.8939039065462808,6,11,-5.781818181821848,-1.144462315791338,-0.37790710942972355,0.9972095349663673,50.988875154511746,-0.039307787391866036,-63.600000000039245,-0.039307787391866036,-1.0040012165415568,0.37943265648851904,0.9646934291496908,2.5424628393283295,2.5,0.0,trend,short,False,1.5529980657639988,2.1238410596026336,-1.1336776859504185,-3.0450793650794297
BB2.5|ヒゲ0.0|trend|TP30/SL30|TR5-3|both,5693,-1.9818591262251195,-1.9709449249497417,-0.9404212534199021,2,11,-175.2545454546152,-6.703508196376446,-2.1984145172470955,0.9196850393700479,85.98278587739328,-0.338626383277844,-1927.8000000007657,-0.338626383277844,-0.7615191395322723,0.07185394934969162,0.42289275625442835,5.885449026557136,2.5,0.0,trend,both,True,-0.5411060433295916,-0.6817913385827278,-0.3231246474903547,0.24947826086938138
BB2.5|ヒゲ0.0|trend|TP30/SL30|TR5-3|long,3550,-1.053959399977752,-2.305354197331601,0.555185237591077,4,11,-71.73636363640514,-4.944906066744266,-1.3161692845127804,0.9447254132809998,86.56338028169014,-0.2222816901409733,-789.1000000004552,-0.2222816901409733,-0.805640275256958,0.13197746317874565,0.5833585851159847,4.42013788616246,2.5,0.0,trend,long,True,-0.6925287356322407,-0.6088748019018125,0.007766143106265475,0.4241426611795162
BB2.5|ヒゲ0.0|trend|TP30/SL30|TR5-3|short,2620,-2.934916581071317,-1.2368661767670144,-2.801626004784234,3,11,-183.19090909094103,-6.091273121922081,-3.329069900253415,0.8352761337997968,84.46564885496183,-0.769122137404714,-2015.1000000003507,-0.769122137404714,-0.8727698915508304,0.14982094635589427,0.10364775414611638,0.6918108359822055,2.5,0.0,trend,short,True,-0.367403314917192,-1.328308823529437,-1.2278097982711667,-0.22620545073393794
BB2.5|ヒゲ0.0|trend|TP20/SL10|TR0-0|both,5190,-1.0565408969261065,0.4455229623927466,-1.7923033594102118,4,11,-98.65454545443777,-5.074893431542939,-1.331239159965316,0.9699764005433996,35.3757225433526,-0.2090944123311777,-1085.1999999988122,-0.2090944123311777,-0.6229198790379203,0.10363506392536864,0.41382546670674264,3.993102826710787,2.5,0.0,trend,both,False,0.09060702875445502,0.09621380846371232,-0.3569027611044057,-0.6774740810556148
BB2.5|ヒゲ0.0|trend|TP20/SL10|TR0-0|long,2996,0.09388165529526309,0.3940736976289493,-0.22205732366224662,6,11,6.518181818236664,-3.0679083460643692,-0.23393171675481603,1.003476970525794,36.18157543391188,0.023931909212485027,71.70000000060514,0.023931909212485027,-0.39410665561980573,0.10447902000387974,0.41803856483229074,4.001172338874993,2.5,0.0,trend,long,False,-0.08621103117459969,0.3474000000004595,0.32696078431372577,-0.5663551401869293
BB2.5|ヒゲ0.0|trend|TP20/SL10|TR0-0|short,2313,-1.7604505853981633,0.8564475363608489,-3.2275406715655848,4,11,-107.73636363630781,-4.5274187628791305,-2.1635441894826792,0.9275048478954048,34.37094682230869,-0.5123648940766903,-1185.0999999993846,-0.5123648940766903,-0.8145356121460929,0.24150067494603356,0.30217071806940266,1.2512210085413906,2.5,0.0,trend,short,False,0.3644444444449049,-0.2821100917426606,-1.5278518518517548,-0.7084668192219732
BB2.5|ヒゲ0.0|trend|TP20/SL10|TR5-3|both,6913,-9.352730550618418,-7.306456330024277,-6.116919938889679,0,11,-545.3727272726526,-17.832265575368442,-9.797296264109312,0.7583930728957111,66.72935049905975,-0.8677997974828842,-5999.099999999178,-0.8677997974828842,-1.0672049384304334,0.06417928232793646,0.19940514094754924,3.1070017257072164,2.5,0.0,trend,both,True,-0.9100460829491889,-1.0633255633254297,-0.9008056872036897,-0.5609955423475675
BB2.5|ヒゲ0.0|trend|TP20/SL10|TR5-3|long,4040,-6.391133487560625,-5.357027660255768,-3.8987490071524773,0,11,-273.309090909049,-13.340574677950222,-6.914112202246041,0.7850867473497063,67.8960396039604,-0.7441584158414699,-3006.3999999995385,-0.7441584158414699,-1.0653391610060132,0.06627109765600421,0.3211807451645433,4.846467864946312,2.5,0.0,trend,long,True,-0.8474764756200711,-1.0416666666665404,-0.6588279489104919,-0.48233173076911123
BB2.5|ヒゲ0.0|trend|TP20/SL10|TR5-3|short,2941,-7.360447027171259,-5.313592072725434,-5.1668265232377,0,11,-277.0999999999668,-13.007111976630938,-7.823690096768112,0.7254557573137527,65.04590275416525,-1.0364161849709737,-3048.099999999634,-1.0364161849709737,-1.0101274757144258,0.09199604230475204,-0.026288709256547804,-0.2857591326533605,2.5,0.0,trend,short,True,-0.942590775269753,-1.181249999999855,-1.3133669609078387,-0.629366602687002
BB2.5|ヒゲ0.0|trend|TP10/SL20|TR0-0|both,5004,-4.079429320720586,-1.123418248300852,-4.4128811927345355,0,11,-367.31818181828856,-8.122932541645223,-4.292642205399961,0.8831847303172918,66.44684252597922,-0.8074540367708176,-4040.5000000011714,-0.8074540367708176,-0.9063964113305886,0.11791572368527202,0.09894237455977095,0.8390939856660449,2.5,0.0,trend,both,False,-0.44584415584462994,-0.32011111111158325,-1.200641436818498,-1.1880597014925152
BB2.5|ヒゲ0.0|trend|TP10/SL20|TR0-0|long,2954,-1.8419799501292058,-0.6067492045811905,-1.9219291548543684,3,11,-122.38181818188308,-5.153648557438807,-2.102192422035576,0.9316274912134193,67.56939742721734,-0.45572105619523084,-1346.200000000712,-0.45572105619523084,-0.7110145282167873,0.13376017594129572,0.2552934720215565,1.9085910303646652,2.5,0.0,trend,long,False,-0.40443925233692224,-0.08406909788914417,-0.5154958677686576,-0.7507389162561607
BB2.5|ヒゲ0.0|trend|TP10/SL20|TR0-0|short,2314,-3.601083195890375,-0.22887871954558725,-4.650555533498248,1,11,-224.27272727277796,-6.3690710226610285,-3.8838994084126015,0.8495823425400525,65.55747623163354,-1.0661192739846828,-2467.000000000556,-1.0661192739846828,-1.1228579517174544,0.2660458322290037,0.056738677732771636,0.21326655357612523,2.5,0.0,trend,short,False,-0.27731958762934256,-0.31873684210573555,-2.120754716981109,-1.7601873536299217
BB2.5|ヒゲ0.0|trend|TP10/SL20|TR5-3|both,6100,-7.912577005017364,-5.90578527390327,-5.361724682914398,0,11,-565.3818181818502,-14.131406661163496,-8.15037892686471,0.7539717703651941,79.98360655737706,-1.0195409836066152,-6219.200000000352,-1.0195409836066152,-1.1282165784649778,0.0700289228578452,0.10867559485836265,1.5518672917327034,2.5,0.0,trend,both,True,-1.0014180672270805,-1.2575784753364943,-1.1009115281500863,-0.7048519736841187
BB2.5|ヒゲ0.0|trend|TP10/SL20|TR5-3|long,3646,-4.5639297168094135,-4.281721303712506,-2.36187748447461,1,11,-238.4363636363835,-9.819020849341147,-4.858473184701375,0.8133039114496018,81.29456939111354,-0.7193636862315462,-2622.8000000002176,-0.7193636862315462,-1.1637261083917778,0.09408814672346605,0.4443624221602316,4.722831064642549,2.5,0.0,trend,long,True,-0.8487394957985057,-1.0942635658916597,-0.5193739424703586,-0.5268716577539225
BB2.5|ヒゲ0.0|trend|TP10/SL20|TR5-3|short,2691,-7.062785223578797,-4.036953540753595,-5.873277745255003,0,11,-339.7181818181963,-11.25541597639429,-7.313983778608315,0.6906565343001942,78.37235228539576,-1.3886659234485912,-3736.900000000159,-1.3886659234485912,-1.292107430776126,0.18960667358180816,-0.09655849267246519,-0.5092568254503121,2.5,0.0,trend,short,True,-1.065048543689508,-1.501079136690798,-2.0728412256266653,-0.8708163265305211
BB2.0|ヒゲ0.33|trend|TP20/SL20|TR0-0|both,4677,-0.9163307824869723,0.26154642945762613,-1.4210298032219613,4,11,-111.92727272727255,-3.7014908383014813,-1.1697846340300977,0.9736743072186101,51.25080179602309,-0.2632456703014741,-1231.1999999999944,-0.2632456703014741,-0.7161176652459098,0.17079414771118925,0.4528719949444357,2.6515662334650747,2.0,0.33,trend,both,False,0.28270509977828523,-0.41367292225200064,0.487028753993552,-2.040769990128263
BB2.0|ヒゲ0.33|trend|TP20/SL20|TR0-0|long,2660,-0.2500148372853674,0.016749277992114484,-0.34398789671232827,4,11,-22.472727272728424,-2.423234704781053,-0.5700964738901426,0.9906212652945072,51.61654135338346,-0.09293233082707161,-247.2000000000105,-0.09293233082707161,-0.21920456071169991,0.18109001773829148,0.1262722298846283,0.69728984215527,2.0,0.33,trend,long,False,-0.012872628726275941,0.12420814479639823,0.8948968512485701,-1.9978533094811453
BB2.0|ヒゲ0.33|trend|TP20/SL20|TR0-0|short,2327,-0.5132956281667728,0.906541045296693,-1.519348993110434,6,11,-44.54545454545258,-2.487387734051338,-0.8501909516845378,0.9788097112066361,51.43962183068328,-0.2105715513536643,-489.9999999999768,-0.2105715513536643,-0.9412549642317816,0.2849402392790714,0.7306834128781172,2.56433915661341,2.0,0.33,trend,short,False,0.826033057851264,-0.1460591133004817,-0.17055476529164412,-1.8506097560975054
BB2.0|ヒゲ0.33|trend|TP20/SL20|TR5-3|both,7333,-7.4728818731324695,-5.894217120014606,-4.795547828990055,0,11,-594.9818181818233,-14.209775745249024,-7.89658780821703,0.7858545140433935,79.8581753716078,-0.8925132960589193,-6544.800000000055,-0.8925132960589193,-0.9424412324363777,0.08119516296740424,0.049927936377458404,0.6149126937216931,2.0,0.33,trend,both,True,-0.9652542372882712,-1.0070943396227585,-0.7316666666665661,-0.927388963660718
BB2.0|ヒゲ0.33|trend|TP20/SL20|TR5-3|long,4203,-5.434817664354198,-4.576767107684939,-3.2399795785161953,1,11,-321.23636363637036,-10.831692290242312,-5.867088317093132,0.7932612142451689,80.27599333809185,-0.8407328098977097,-3533.600000000074,-0.8407328098977097,-0.9821153217574446,0.10478487161834793,0.14138251185973494,1.3492645424492626,2.0,0.33,trend,long,True,-1.0805695142379959,-0.8476315789474856,-0.34839629365637675,-1.312529550827331
BB2.0|ヒゲ0.33|trend|TP20/SL20|TR5-3|short,3434,-5.404271785275747,-3.803977708577288,-3.851100841039023,0,11,-295.08181818181697,-10.154543121235836,-5.849450388830716,0.7793840779180143,79.32440302853814,-0.9452242283051795,-3245.8999999999864,-0.9452242283051795,-0.9873770577641748,0.058813243561262316,0.042152829458995345,0.7167234266732323,2.0,0.33,trend,short,True,-0.6963979416810888,-1.2921167883212648,-1.2778019586505671,-0.5640060240962347
BB2.0|ヒゲ0.33|trend|TP15/SL15|TR0-0|both,5722,-0.6687498551060395,0.7204174313421906,-1.4856159891091043,5,11,-67.88181818180504,-4.758756803364419,-0.9335542324559981,0.9826384367850338,52.14959804264243,-0.13049632995453536,-746.6999999998513,-0.13049632995453536,-0.7586129408704748,0.14525913473054783,0.6281166109159395,4.3241109213618865,2.0,0.33,trend,both,False,0.2366885050625774,0.1165118679050937,0.025173333333364918,-1.087739783152638
BB2.0|ヒゲ0.33|trend|TP15/SL15|TR0-0|long,3186,-0.5154766847776974,-0.14703782548934585,-0.5525440198302067,6,11,-39.327272727265665,-3.5939918133098216,-0.7961810066029275,0.9819526664247044,52.16572504708098,-0.13578154425609518,-432.59999999991925,-0.13578154425609518,-0.5599557302491791,0.18545945130127872,0.42417418599308393,2.2871532457195363,2.0,0.33,trend,long,False,-0.11793721973091592,-0.06266173752307584,0.2821755027422704,-0.9138088012139649
BB2.0|ヒゲ0.33|trend|TP15/SL15|TR0-0|short,2749,-0.574976615407421,1.1839967215241325,-1.828468847112676,4,11,-40.37272727272111,-3.4580783659428347,-0.8822171704492467,0.9785209905204143,51.982539105129135,-0.1615496544197637,-444.09999999993045,-0.1615496544197637,-1.0237740851395247,0.22251842700639562,0.8622244307197611,3.8748450738193427,2.0,0.33,trend,short,False,0.541135573580584,0.2623246492986406,-0.4602203182374388,-1.168421052631593
BB2.0|ヒゲ0.33|trend|TP15/SL15|TR5-3|both,7778,-9.248898494010021,-7.136965288094427,-6.098538013771406,0,11,-645.2000000001317,-17.3140369069125,-9.68223078411843,0.7648641306148015,75.40498842890203,-0.9124710722552647,-7097.200000001449,-0.9124710722552647,-1.0362285792456762,0.10595998649480307,0.12375750699041155,1.167964540996628,2.0,0.33,trend,both,True,-0.9066833751046245,-1.1000000000001828,-0.8496268656718123,-0.8479742765275292
BB2.0|ヒゲ0.33|trend|TP15/SL15|TR5-3|long,4391,-7.024671472830937,-5.7422517672612585,-4.360498318552289,0,11,-358.0454545455341,-13.484977910605547,-7.490241306489038,0.7649428545850179,75.76861762696424,-0.8969483033479562,-3938.5000000008754,-0.8969483033479562,-1.0512059447119202,0.10952955545432873,0.15425764136396403,1.4083654473361382,2.0,0.33,trend,long,True,-1.010111464968354,-1.0893265565440235,-0.6064758009545129,-1.047446083995693
BB2.0|ヒゲ0.33|trend|TP15/SL15|TR5-3|short,3558,-6.262657643673381,-4.39924697619131,-4.478114848387156,0,11,-297.70000000005547,-11.862093462540738,-6.699922712403488,0.76728138435842,74.92973580663293,-0.9203766160766189,-3274.70000000061,-0.9203766160766189,-1.0426052409686672,0.1219817436809861,0.12222862489204833,1.0020239193473728,2.0,0.33,trend,short,True,-0.7438378825477505,-1.110256410256582,-1.1701461377872084,-0.6894049346881187
BB2.0|ヒゲ0.33|trend|TP30/SL30|TR0-0|both,3437,0.7667306391693508,1.2410416216132782,-0.05275274055840278,7,11,116.49090909090982,-0.8789959297913355,0.5443023211766497,1.0264971050454916,51.93482688391039,0.3728251382019231,1281.4000000000096,0.3728251382019231,-0.373151580548301,0.3282905784351489,0.7459767187502241,2.2723062060021486,2.0,0.33,trend,both,False,0.9712512926576758,0.9653061224489821,0.5075644222776783,-1.0833791208791352
BB2.0|ヒゲ0.33|trend|TP30/SL30|TR0-0|long,2036,1.7115044991009738,0.9244095880377967,1.4520570379991384,7,11,199.318181818187,0.44219691249314574,1.4557540324065459,1.0792216942783333,53.045186640471506,1.076866404715156,2192.5000000000573,1.076866404715156,0.44403978204582006,0.27688469029280627,0.6328266226693359,2.285524064187587,2.0,0.33,trend,long,False,0.7973309608540725,1.007225433526011,1.8867036011081086,0.08300492610841145
BB2.0|ヒゲ0.33|trend|TP30/SL30|TR0-0|short,1868,-0.1311989771962557,1.649563635450452,-1.7450234759683625,4,11,-15.00909090909397,-1.327636360523772,-0.4396918335847264,0.9937792012057256,51.070663811563165,-0.08838329764455709,-165.10000000003265,-0.08838329764455709,-1.0582348582185166,0.29452709256004556,0.9698515605739595,3.2929111958562345,2.0,0.33,trend,short,False,1.741975308641947,1.1960486322188466,-1.3761986301369855,-1.9139175257732408
BB2.0|ヒゲ0.33|trend|TP30/SL30|TR5-3|both,6771,-3.49789188486497,-2.918290320271794,-2.0904978365857696,1,11,-332.1272727273623,-8.732012987270585,-3.908503753376249,0.8752684354098846,85.58558558558559,-0.5395657953036453,-3653.400000000983,-0.5395657953036453,-0.6979433277387586,0.15015141084446645,0.1583775324351132,1.0547855098022871,2.0,0.33,trend,both,True,-0.6393291200778468,-0.7986677768526638,-0.3187734082399046,-0.5070442992014287
BB2.0|ヒゲ0.33|trend|TP30/SL30|TR5-3|long,4041,-2.9201157162753892,-3.5606805525745107,-0.7456440642936162,3,11,-213.54545454550816,-7.087032761433917,-3.2733056155302176,0.8638095072443278,85.72135609997525,-0.5812917594656243,-2349.0000000005875,-0.5812917594656243,-0.853003358475364,0.13749085123896948,0.27171159900973973,1.976215846809214,2.0,0.33,trend,long,True,-1.0817946505608864,-0.9901484480432298,0.1494038748135256,-0.7033792240303371
BB2.0|ヒゲ0.33|trend|TP30/SL30|TR5-3|short,3308,-3.1379837223208127,-1.5582792459677097,-2.827149869336483,3,11,-215.6090909091302,-6.784847771643868,-3.607632889203503,0.8423669221106095,84.82466747279322,-0.716958887545475,-2371.7000000004314,-0.716958887545475,-0.7680163753903859,0.1372047713141748,0.05105748784491093,0.3721261830464938,2.0,0.33,trend,short,True,-0.26548042704632696,-1.1686363636363861,-1.1648190045251126,-0.42546875000022777
BB2.0|ヒゲ0.33|trend|TP20/SL10|TR0-0|both,6219,-1.7051843168496077,0.1648113994867952,-2.41551626454702,5,11,-172.38181818169195,-6.139190014822577,-2.0144538780381502,0.9564472414902219,35.05386718121885,-0.30490432545402907,-1896.199999998607,-0.30490432545402907,-0.6715741892097186,0.13707068554618781,0.3666698637556895,2.67504216743802,2.0,0.33,trend,both,False,0.08335164835210972,0.03051010587149267,-0.22150220913105523,-1.2308390022675493
BB2.0|ヒゲ0.33|trend|TP20/SL10|TR0-0|long,3459,-1.2367213413245988,-0.14624789700217708,-1.5430813905588505,6,11,-90.60909090902295,-4.696468666079404,-1.544271241148591,0.9588017922688031,35.12575888985256,-0.2881468632550592,-996.6999999992499,-0.2881468632550592,-0.40534872368200425,0.10691201205034676,0.11720186042694503,1.0962459519679846,2.0,0.33,trend,long,False,-0.2030239833154909,0.27982456140396983,0.03891213389122928,-1.371428571428539
BB2.0|ヒゲ0.33|trend|TP20/SL10|TR0-0|short,2884,-1.3614608009133982,0.498486681923931,-2.2869446083450597,3,11,-93.62727272721055,-4.440815992854871,-1.7973063298445824,0.9491042969039868,34.882108183079055,-0.35710818307881914,-1029.8999999993143,-0.35710818307881914,-0.8119154811591349,0.30361797520724887,0.4548072980803158,1.497959064412657,2.0,0.33,trend,short,False,0.3615469613264268,-0.3486274509799284,-0.6309385863267387,-1.0475247524752334
BB2.0|ヒゲ0.33|trend|TP20/SL10|TR5-3|both,8520,-12.093027969825371,-9.362453791727928,-7.9597284491627445,0,11,-759.1727272726356,-21.74703599727563,-12.643811813004376,0.7288184578415164,66.51408450704224,-0.9801525821595063,-8350.899999998994,-0.9801525821595063,-1.0174774267461397,0.05952446685102857,0.03732484458663343,0.627050464476163,2.0,0.33,trend,both,True,-1.0500567107749343,-1.0343690551679063,-0.8346938775508941,-1.043268665490788
BB2.0|ヒゲ0.33|trend|TP20/SL10|TR5-3|long,4763,-9.589914998964193,-7.481760474941348,-6.225837453949265,0,11,-440.09999999995375,-17.16365426282731,-10.22807475469404,0.7168831472633532,66.72265378962838,-1.0163972286373066,-4841.099999999491,-1.0163972286373066,-1.0837410577519355,0.03737186956526022,0.06734382911462888,1.8019925119622515,2.0,0.33,trend,long,True,-1.1817117776151018,-1.1044758539456792,-0.7080961416823762,-1.2096273291924724
BB2.0|ヒゲ0.33|trend|TP20/SL10|TR5-3|short,3826,-7.761129113045484,-5.818845598032329,-5.262348598496702,0,11,-322.17272727268136,-14.470989586852662,-8.380789404954777,0.7456817056455605,66.25718766335599,-0.9262676424462872,-3543.899999999495,-0.9262676424462872,-0.9760186854569426,0.09891505565686066,0.04975104301065536,0.5029673458734456,2.0,0.33,trend,short,True,-0.8665130568355275,-0.972273324572797,-1.016846229186914,-0.859299191374529
BB2.0|ヒゲ0.33|trend|TP10/SL20|TR0-0|both,5883,-3.377642069623937,-0.7144625979196058,-3.8973387999360036,2,11,-329.5181818183056,-7.761893834031227,-3.621652147697977,0.9091683644190819,67.07462179160292,-0.6161312255654189,-3624.7000000013595,-0.6161312255654189,-0.9490981524238971,0.12414291651090933,0.3329669268584782,2.6821258611981937,2.0,0.33,trend,both,False,-0.12738231917383977,-0.2780135004826347,-0.5929142248269023,-1.6312958435207352
BB2.0|ヒゲ0.33|trend|TP10/SL20|TR0-0|long,3347,-2.138205054048184,-0.8723480457356199,-2.0792391211957995,2,11,-155.19090909098026,-5.5666597542322,-2.433476129807285,0.9239792124048319,67.40364505527337,-0.5100388407531464,-1707.100000000781,-0.5100388407531464,-0.6255585979560495,0.16824332937011405,0.11551975720290308,0.6866231049718128,2.0,0.33,trend,long,False,-0.41255411255458657,-0.18198653198700704,-0.16312554872703053,-1.4956521739130042
BB2.0|ヒゲ0.33|trend|TP10/SL20|TR0-0|short,2862,-2.6516914136195684,0.14201022914348962,-3.8445116537210406,3,11,-180.60909090915405,-5.78421525514176,-2.929158768371613,0.8984024219364889,66.80642907058001,-0.6941649196368599,-1986.7000000006929,-0.6941649196368599,-1.2513317448116725,0.13347003850336125,0.5571668251748126,4.174471150398156,2.0,0.33,trend,short,False,0.2578326180252717,-0.37765765765813003,-1.2461922596754254,-1.7756097560975055
BB2.0|ヒゲ0.33|trend|TP10/SL20|TR5-3|both,7333,-9.500736140208558,-7.014155036306492,-6.492893244457612,0,11,-729.5545454545786,-16.45034449606282,-9.821232888050158,0.7374191817396366,79.8581753716078,-1.0943815627983586,-8025.100000000364,-1.0943815627983586,-1.1102558483107077,0.1157842870276747,0.01587428551234904,0.13710224348969544,2.0,0.33,trend,both,True,-1.123505798394476,-1.1227924528303572,-0.9683333333332708,-1.2185060565275025
BB2.0|ヒゲ0.33|trend|TP10/SL20|TR5-3|long,4203,-6.8136668357062655,-5.426217010861456,-4.314903975826898,0,11,-389.8727272727501,-12.394137957832577,-7.195610203684588,0.7490887603044484,80.27599333809185,-1.0203664049489056,-4288.6000000002505,-1.0203664049489056,-1.148631233956929,0.11042057206877808,0.12826482900802327,1.1616026488988889,2.0,0.33,trend,long,True,-1.2265494137355306,-1.01184210526333,-0.5796863863150074,-1.4678486997635236
BB2.0|ヒゲ0.33|trend|TP10/SL20|TR5-3|short,3434,-7.063870580630145,-4.604532087489488,-5.357968972626287,0,11,-368.85454545455747,-12.022228078790583,-7.351990653674406,0.7242283982083607,79.32440302853814,-1.181537565521296,-4057.400000000131,-1.181537565521296,-1.279217082937532,0.12404009306524306,0.09767951741623593,0.787483425740886,2.0,0.33,trend,short,True,-0.8841337907377458,-1.3509489051096322,-1.5449401523393884,-1.0260542168673552
BB2.0|ヒゲ0.33|range|TP20/SL20|TR0-0|both,4388,-3.088977688055775,-1.3380018457680167,-2.8873167758709966,2,11,-372.8090909090861,-5.72431960920232,-3.3880859580633897,0.9096393639125933,49.65815861440292,-0.9345715587967054,-4100.899999999943,-0.9345715587967054,-0.800922472216109,0.2798428004495219,-0.13364908658059638,-0.47758629618453957,2.0,0.33,range,both,False,-0.26844166014095105,-1.365652173913057,-1.2903939184519346,-0.973921971252557
BB2.0|ヒゲ0.33|range|TP20/SL20|TR0-0|long,3263,-2.0303014266707144,-0.562060764294766,-2.2138539057254434,3,11,-209.9272727272675,-4.320731014153127,-2.2890566743432146,0.9305852398945491,50.13790989886607,-0.7076923076922895,-2309.1999999999407,-0.7076923076922895,-0.5791382501491884,0.14423665162893998,-0.12855405754310112,-0.8912717821113627,2.0,0.33,range,long,False,0.07078763708874294,-1.0257657657657684,-0.28442460317460855,-2.18680057388801
BB2.0|ヒゲ0.33|range|TP20/SL20|TR0-0|short,3212,-3.4572021986891452,-1.6184553366717271,-3.1634336487453485,4,11,-343.55454545454216,-5.795196019448045,-3.72044435254985,0.8873191981656667,49.19053549190536,-1.1765566625155548,-3779.0999999999617,-1.1765566625155548,-0.9771296759284331,0.1767455453881574,-0.19942698658712166,-1.1283282198097424,2.0,0.33,range,short,False,-0.8640449438202288,-0.9392473118279517,-2.7068895643362865,0.38168604651156135
BB2.0|ヒゲ0.33|range|TP20/SL20|TR5-3|both,8690,-10.380999566326128,-8.009980315149976,-6.83365772390403,0,11,-884.6454545454559,-17.833808071184762,-10.66524381916794,0.7380458219935822,79.40161104718067,-1.1198043728423495,-9731.100000000017,-1.1198043728423495,-1.1752167180658404,0.08820261068350892,0.05541234522349092,0.6282392867295398,2.0,0.33,range,both,True,-1.3057591623038174,-1.112792297111541,-1.1758351893094576,-0.7782655246251319
BB2.0|ヒゲ0.33|range|TP20/SL20|TR5-3|long,5171,-8.23396463652718,-6.214123738498411,-5.491638939620679,0,11,-561.727272727277,-13.741933594382571,-8.491030712385387,0.7231630824372689,79.11429123960549,-1.1949332817636908,-6179.0000000000455,-1.1949332817636908,-1.1709786125064519,0.05370358590441847,-0.023954669257238992,-0.4460534404513222,2.0,0.33,range,long,True,-1.3623456790124928,-1.0479569892474536,-0.8968871595329843,-1.4962001853566382
BB2.0|ヒゲ0.33|range|TP20/SL20|TR5-3|short,5023,-8.380736227473298,-6.323271459369891,-5.592818156350818,0,11,-551.1454545454641,-13.92394515196799,-8.637982976461425,0.7262946894144855,78.7378060919769,-1.2069679474417883,-6062.600000000102,-1.2069679474417883,-1.2970596135698853,0.1347128474514115,0.09009166612809705,0.6687681823412686,2.0,0.33,range,short,True,-1.186308068459809,-1.740584415584528,-1.5729581331502034,-0.22037773359831453
BB2.0|ヒゲ0.33|range|TP15/SL15|TR0-0|both,5692,-4.589549457568855,-2.844528958556712,-3.6032592750135026,0,11,-469.1545454545481,-8.609871682797444,-4.858363965291374,0.885630641511779,49.61349262122277,-0.9066584680253033,-5160.700000000026,-0.9066584680253033,-0.8797881165083602,0.16307527174966757,-0.02687035151694306,-0.1647726919516713,2.0,0.33,range,both,False,-0.624803387779789,-1.412888888888913,-1.2570283270978255,-0.3977917981072403
BB2.0|ヒゲ0.33|range|TP15/SL15|TR0-0|long,3906,-2.6877126113046006,-1.702210494705624,-2.0805045977616357,1,11,-234.92727272727117,-5.917976434263519,-2.9718096473996036,0.915021933430234,50.4352278545827,-0.6615975422426982,-2584.199999999979,-0.6615975422426982,-0.7859163847367548,0.1459497011472123,0.12431884249405667,0.8517923744746989,2.0,0.33,range,long,False,-0.3810788381742572,-0.9653508771929885,-0.5357744107744018,-0.9990349819059182
BB2.0|ヒゲ0.33|range|TP15/SL15|TR0-0|short,3912,-3.41642631448812,-1.5660037987047597,-3.184782759263369,3,11,-285.87272727272733,-6.793919435712178,-3.6837724509544514,0.8978193267890425,49.94887525562372,-0.8038343558282202,-3144.599999999997,-0.8038343558282202,-0.9710111585673371,0.11506206668127988,0.16717680273911695,1.452927168448956,2.0,0.33,range,short,False,-0.7306358381502879,-0.5851585014409122,-1.8972950126796673,0.47427184466024247
BB2.0|ヒゲ0.33|range|TP15/SL15|TR5-3|both,9395,-12.500780431504513,-10.098055248071926,-7.8496142082028415,0,11,-953.6000000001659,-21.409024146798366,-12.840640036545548,0.7190396091581731,74.8270356572645,-1.1165087812668255,-10489.600000001825,-1.1165087812668255,-1.2082383728340496,0.06890725942067556,0.09172959156722404,1.3312035965212203,2.0,0.33,range,both,True,-1.3081695966910094,-1.3285356695871777,-1.0522114720112408,-0.7624875124876941
BB2.0|ヒゲ0.33|range|TP15/SL15|TR5-3|long,5454,-9.844762360953872,-8.212588748332026,-5.904285240153622,0,11,-591.5272727273721,-16.336273223534892,-10.100269169691726,0.7026604640960337,74.51411807847451,-1.1930326365971933,-6506.8000000010925,-1.1930326365971933,-1.2382047941072212,0.07978346646557473,0.0451721575100279,0.5661844428572047,2.0,0.33,range,long,True,-1.358685446009602,-1.3950950950953078,-0.9042105263159755,-1.1774647887325855
BB2.0|ヒゲ0.33|range|TP15/SL15|TR5-3|short,5331,-10.127805110701823,-7.3411081723431675,-7.014152367746448,0,11,-599.6545454546434,-16.582116167019166,-10.3879032887092,0.6991347421330482,73.94485087225662,-1.2373288313639237,-6596.200000001078,-1.2373288313639237,-1.209708039742187,0.07540269244985699,-0.027620791621736585,-0.36631041577334245,2.0,0.33,range,short,True,-1.249192618223979,-1.5986842105265087,-1.4708279430791225,-0.5425211665100496
BB2.0|ヒゲ0.33|range|TP30/SL30|TR0-0|both,3074,-1.9745627444966305,-0.309960819875781,-2.297723380019895,4,11,-300.84545454546,-3.439185727393916,-2.2418162909896373,0.9272347078108402,49.31685100845804,-1.076545217957078,-3309.300000000058,-1.076545217957078,-0.78249088590992,0.3632091147828283,-0.29405433204715803,-0.8096006407300114,2.0,0.33,range,both,False,0.8117178612058977,-3.1293172690762936,-1.3879343629343959,-1.5529500756429873
BB2.0|ヒゲ0.33|range|TP30/SL30|TR0-0|long,2480,-0.21900310877596038,-0.9839094803007021,0.5303873624685712,7,11,-28.881818181816207,-1.585860729957126,-0.44414769127469145,0.9909598185703599,51.04838709677419,-0.128104838709668,-317.6999999999766,-0.128104838709668,-0.04795284016307436,0.3386142797370884,-0.08015199854659363,-0.2367059020925708,2.0,0.33,range,long,False,-0.3512582781457136,-1.3178403755868588,1.5085677749361188,-1.2974854932301867
BB2.0|ヒゲ0.33|range|TP30/SL30|TR0-0|short,2482,-2.569306736083435,-0.1072370768119181,-3.2950582407671667,3,11,-335.60000000000554,-3.9501978240561955,-2.7686186230455325,0.9000703805966105,49.11361804995971,-1.4873489121676307,-3691.6000000000595,-1.4873489121676307,-1.7432543837096808,0.2708217136044344,0.2559054715420501,0.9449222816595454,2.0,0.33,range,short,False,-0.10965986394559218,-0.6291954022988454,-4.251637279597073,0.07432432432437239
BB2.0|ヒゲ0.33|range|TP30/SL30|TR5-3|both,7744,-6.014996590177945,-4.130473954803555,-4.415394437884962,0,11,-642.4454545455618,-11.37120173877554,-6.270681013604359,0.7994022004473256,84.96900826446281,-0.9125645661158542,-7066.900000001176,-0.9125645661158542,-0.9091053002567936,0.18001849487915958,-0.003459265859060645,-0.019216169212961896,2.0,0.33,range,both,True,-0.9052251486831634,-0.9248019017433143,-1.1689272503084949,-0.5456637168143834
BB2.0|ヒゲ0.33|range|TP30/SL30|TR5-3|long,4816,-5.8234780133058806,-5.038566652127446,-3.3179092057441104,0,11,-483.454545454608,-10.089378771611171,-6.062296873956806,0.7628867358358209,84.46843853820599,-1.104235880398814,-5318.000000000688,-1.104235880398814,-0.9996251144698922,0.1283658871226963,-0.10461076592892171,-0.8149421024055349,2.0,0.33,range,long,True,-1.5508338892595666,-0.9948658109685663,-0.7229338842977407,-1.0823412698414843
BB2.0|ヒゲ0.33|range|TP30/SL30|TR5-3|short,4631,-5.103915760110665,-3.839858383651415,-3.4232262502728186,2,11,-419.0272727273316,-9.235609321563203,-5.364192189744205,0.7891821678657241,84.36622759663139,-0.9953141870007877,-4609.300000000648,-0.9953141870007877,-1.1385586195349746,0.08041595528704139,0.14324443253418695,1.7812936751529214,2.0,0.33,range,short,True,-0.9441844919786814,-1.502395209580863,-1.5002958579884087,0.0908227848099252
BB2.0|ヒゲ0.33|range|TP20/SL10|TR0-0|both,5999,-4.355662473383779,-2.260015171683712,-3.8022318196117646,0,11,-438.10909090896433,-8.620276537841411,-4.698403773630459,0.8880726487290218,33.422237039506584,-0.8033338889812639,-4819.199999998602,-0.8033338889812639,-0.682934111553144,0.16851185505970961,-0.12039977742811991,-0.7144884695824996,2.0,0.33,range,both,False,-0.41234428086023767,-1.1099897013383542,-0.8735655737704383,-0.998473282442737
BB2.0|ヒゲ0.33|range|TP20/SL10|TR0-0|long,4221,-2.3489996090503107,-0.8245933075369393,-2.417361540285104,4,11,-201.0181818180903,-5.883141446562779,-2.646905072308826,0.9259336176028542,34.3757403458896,-0.523856905946219,-2211.1999999989907,-0.523856905946219,-0.5313922129970745,0.15058566319516578,0.007535307050855478,0.050040003085083745,2.0,0.33,range,long,False,-0.027726574500307053,-0.7363513513508843,-0.29063962558499806,-1.4020066889631762
BB2.0|ヒゲ0.33|range|TP20/SL10|TR0-0|short,4176,-4.4254731335876825,-2.218405862793583,-3.9479659239894813,1,11,-351.39090909081375,-8.173555071648485,-4.7133233567443344,0.8716640215680957,33.093869731800766,-0.9255986590035797,-3865.299999998949,-0.9255986590035797,-0.7078960873760853,0.0976080830575454,-0.2177025716274944,-2.230374419904821,2.0,0.33,range,short,False,-0.6613830613825928,-0.8436241610733569,-1.5935635792777725,-0.4085057471264588
BB2.0|ヒゲ0.33|range|TP20/SL10|TR5-3|both,10509,-15.517165144844057,-10.976220029047175,-11.0135748899928,0,11,-1070.3181818180653,-26.086509649481798,-15.978546066641515,0.6933736838130335,66.15282139118851,-1.1203254353410141,-11773.499999998718,-1.1203254353410141,-1.0925359785847335,0.04861900161049608,-0.02778945675628064,-0.5715760471371204,2.0,0.33,range,both,True,-1.180054978619306,-1.2110928061503363,-1.1116133082233435,-0.9708258527826635
BB2.0|ヒゲ0.33|range|TP20/SL10|TR5-3|long,5945,-11.491375228224395,-9.069189771560216,-7.314691683541388,0,11,-600.0727272726639,-19.451240404233612,-11.87663802185316,0.6930788366308025,66.4592094196804,-1.110311185870362,-6600.799999999302,-1.110311185870362,-1.0801507737142733,0.08451748677080559,-0.03016041215608878,-0.35685410568203174,2.0,0.33,range,long,True,-1.1719401389630024,-1.2978397839782656,-0.8920900692839533,-1.154427294882099
BB2.0|ヒゲ0.33|range|TP20/SL10|TR5-3|short,5823,-13.041954706228804,-9.247812419271742,-9.194665334025878,0,11,-667.4272727272056,-20.94071943398103,-13.444549744067254,0.6673041106071134,64.89781899364588,-1.2608105787393544,-7341.69999999926,-1.2608105787393544,-1.1195958090066225,0.06727249335685398,-0.14121476973273195,-2.0991457679982726,2.0,0.33,range,short,True,-1.285683987274531,-1.5607272727271242,-1.3623445825931115,-0.7831881533100121
BB2.0|ヒゲ0.33|range|TP10/SL20|TR0-0|both,6200,-6.87185099702969,-3.2884815894345625,-6.237073636923312,0,11,-676.1363636364812,-11.455383279713482,-7.159377956122209,0.8331471311401528,65.1774193548387,-1.1995967741937563,-7437.50000000129,-1.1995967741937563,-1.0527879765169674,0.1966119894521266,-0.1468087976767889,-0.7466930073078561,2.0,0.33,range,both,False,-0.7647442872692422,-1.0990918264384075,-1.8805135951661454,-0.872202166064978
BB2.0|ヒゲ0.33|range|TP10/SL20|TR0-0|long,4095,-3.9548746193445496,-2.116226331735719,-3.4168034085939407,0,11,-324.89090909099565,-7.582351178278963,-4.163577441425991,0.8746184665688648,66.2026862026862,-0.8727228327230643,-3573.8000000009483,-0.8727228327230643,-1.0849316463985432,0.1432896332400553,0.21220881367547895,1.4809781341261603,2.0,0.33,range,long,False,-0.7336220472445656,-0.44136490250743665,-0.9547755102041123,-1.3102040816326241
BB2.0|ヒゲ0.33|range|TP10/SL20|TR0-0|short,4006,-5.741283442690805,-2.878531809144447,-5.12116722721282,0,11,-451.4818181819032,-9.428470473309858,-5.989253893341448,0.828158682375702,65.02745881178232,-1.239715426859943,-4966.3000000009315,-1.239715426859943,-1.1698140293887274,0.10929874783552003,-0.06990139747121571,-0.6395443576024123,2.0,0.33,range,short,False,-0.8103721298500361,-1.3272099447518457,-2.3311016949152332,-0.2755661501788144
BB2.0|ヒゲ0.33|range|TP10/SL20|TR5-3|both,8691,-12.518179044504073,-9.337218314407375,-8.494868444810313,0,11,-1029.245454545487,-20.24753909016282,-12.802206707938586,0.6952280197371984,79.4039811299045,-1.3026924404556848,-11321.700000000357,-1.3026924404556848,-1.3144454927152303,0.10109949677761929,0.011753052259545482,0.11625233195173819,2.0,0.33,range,both,True,-1.4749158878506667,-1.2810178817058144,-1.353674832962052,-0.9994111349035334
BB2.0|ヒゲ0.33|range|TP10/SL20|TR5-3|long,5172,-9.675085961456224,-7.209440954324753,-6.532511708289788,0,11,-640.5363636363878,-15.346565252422547,-9.89816555420599,0.6843234767024912,79.11832946635731,-1.3623163186388754,-7045.900000000263,-1.3623163186388754,-1.4222663539078488,0.09682891260560336,0.05995003526897347,0.6191336208964536,2.0,0.33,range,long,True,-1.5173349784085879,-1.2247311827958902,-1.107846952010321,-1.61167747914722
BB2.0|ヒゲ0.33|range|TP10/SL20|TR5-3|short,5023,-10.221787441922052,-7.438618105141945,-7.057116606900025,0,11,-647.6545454545711,-15.964985035981908,-10.4642032963617,0.6783671405546521,78.7378060919769,-1.4183157475612742,-7124.200000000281,-1.4183157475612742,-1.554006607461793,0.10199909463058676,0.13569085990051888,1.3303143561416364,2.0,0.33,range,short,True,-1.4018948655258674,-1.8301948051949735,-1.749965682910007,-0.5863817097414772
BB2.5|ヒゲ0.0|range|TP20/SL20|TR0-0|both,4381,-3.238661790873829,-0.8063526853112775,-3.58416068554986,4,11,-382.418181818172,-5.91596948142055,-3.4908183915027093,0.9072394099098106,49.62337365898197,-0.9601917370463112,-4206.599999999889,-0.9601917370463112,-0.9679453564487902,0.25594667434439594,0.007753619402478984,0.030293886108658293,2.5,0.0,range,both,False,-0.137636080870912,-0.3763532763532659,-2.6035515320333285,-0.02789968652042279
BB2.5|ヒゲ0.0|range|TP20/SL20|TR0-0|long,3240,-1.5803266933152864,-0.51873264821563,-1.6520716745318569,4,11,-159.818181818178,-3.899840129771318,-1.820691915921086,0.9462516815457992,50.64814814814815,-0.5425925925925787,-1757.999999999955,-0.5425925925925787,-0.6839715933039833,0.21408671081223624,0.14137900071140452,0.6603819554003065,2.5,0.0,range,long,False,0.06573426573426547,-0.3167857142857035,-1.2667689161553723,-0.5813124108416649
BB2.5|ヒゲ0.0|range|TP20/SL20|TR0-0|short,3024,-3.9119855476552607,-0.9752766971650302,-4.354918721254654,2,11,-375.4636363636284,-6.188616103788521,-4.165921851087166,0.8705460130391173,48.64417989417989,-1.36577380952378,-4130.09999999991,-1.36577380952378,-1.2049141375856114,0.24970416181238042,-0.16085967193816852,-0.6442010047835456,2.5,0.0,range,short,False,-0.6965702036441553,-0.49233576642334853,-3.2358369098711366,-0.31849427168579253
BB2.5|ヒゲ0.0|range|TP20/SL20|TR5-3|both,8454,-10.36005284160298,-8.025688091367764,-6.797063682462225,0,11,-894.0363636363671,-17.550565530907615,-10.704170030803953,0.7302354925868462,79.21693872722972,-1.163283652708781,-9834.400000000036,-1.163283652708781,-1.1491228091780388,0.09382199548990705,-0.014160843530742317,-0.15093308831046637,2.5,0.0,range,both,True,-1.3569586651499288,-1.0388814016173782,-1.511652377240712,-0.47283531409157736
BB2.5|ヒゲ0.0|range|TP20/SL20|TR5-3|long,5061,-7.389576505330075,-6.001295525668741,-4.536489653570429,0,11,-499.045454545462,-12.818963298393655,-7.685665556570912,0.7447373438175622,79.43094250148192,-1.084667061845501,-5489.50000000008,-1.084667061845501,-1.2070430960624297,0.10659756482885512,0.12237603421692866,1.1480190416488993,2.5,0.0,range,long,True,-1.297191011236098,-0.9977730646872989,-0.9564713896456786,-1.0175572519082752
BB2.5|ヒゲ0.0|range|TP20/SL20|TR5-3|short,4619,-9.12664011772935,-6.420945431503223,-6.495170611299646,0,11,-590.7000000000032,-14.33814256377856,-9.40189915515728,0.691411555741295,78.06884607057805,-1.4067330591037097,-6497.700000000035,-1.4067330591037097,-1.282467615693267,0.10080651658612141,-0.12426544341044266,-1.2327124041061346,2.5,0.0,range,short,True,-1.3885598923285254,-1.6934165720773193,-1.9678440029432103,-0.30022396416562586
BB2.5|ヒゲ0.0|range|TP15/SL15|TR0-0|both,5645,-2.9862503516985894,-0.3356639059654443,-3.6375997682578456,2,11,-301.39999999999606,-7.018864446735877,-3.2615072268294405,0.9243366850914504,50.66430469441984,-0.5873162090345354,-3315.3999999999523,-0.5873162090345354,-0.9124295122375059,0.18460430654886714,0.3251133032029705,1.7611360714215452,2.5,0.0,range,both,False,0.08747774480715514,-0.47296703296702053,-1.3978009895547214,-0.39788789601948116
BB2.5|ヒゲ0.0|range|TP15/SL15|TR0-0|long,3866,-1.6923022830192165,-1.0229589739895746,-1.3569765805912497,4,11,-142.54545454544933,-5.008651511978873,-1.9579774825754928,0.9470114526904901,51.241593378168645,-0.4055871702017432,-1567.999999999939,-0.4055871702017432,-0.7365729040994478,0.10266985916308297,0.3309857338977046,3.223786772434935,2.5,0.0,range,long,False,-0.024302134646932618,-0.4873015873015749,-0.6521089630931391,-0.5613219094247153
BB2.5|ヒゲ0.0|range|TP15/SL15|TR0-0|short,3649,-4.353585946133088,-1.761769411694182,-4.298651302358305,3,11,-349.6818181818218,-7.627959551951475,-4.621310752213112,0.868068584442626,49.13674979446424,-1.0541244176486806,-3846.5000000000355,-1.0541244176486806,-0.9847190395903714,0.08784020001842247,-0.06940537805830915,-0.7901322861713995,2.5,0.0,range,short,False,-0.7410278745644594,-0.8736920777279535,-2.0517679057117433,-0.20329218106993655
BB2.5|ヒゲ0.0|range|TP15/SL15|TR5-3|both,9093,-12.932414665148453,-9.894970453614722,-8.513211171549854,0,11,-994.3727272728884,-21.52862211285022,-13.233359105703363,0.702380013006093,74.3978884856483,-1.2029143297043632,-10938.100000001774,-1.2029143297043632,-1.20250698501676,0.09459634963207046,-0.00040734468760317277,-0.004306135376127379,2.5,0.0,range,both,True,-1.3448663853729177,-1.3473977695169264,-1.3578641482021554,-0.6378320935177162
BB2.5|ヒゲ0.0|range|TP15/SL15|TR5-3|long,5320,-9.040241157597327,-7.629461470024034,-5.32184298683319,0,11,-536.7181818182768,-15.442727073250772,-9.378454168194946,0.7204579567137711,74.79323308270676,-1.1097556390979406,-5903.900000001044,-1.1097556390979406,-1.2408484900305385,0.04369269850217651,0.13109285093259793,3.000337709195683,2.5,0.0,range,long,True,-1.206008328376163,-1.321936758893488,-0.8939334637966599,-1.068007312614464
BB2.5|ヒゲ0.0|range|TP15/SL15|TR5-3|short,4882,-10.94691722010613,-7.502599060255119,-7.970760759261986,0,11,-630.218181818269,-17.029225142020806,-11.200549647460116,0.6654311692824121,73.12576812781647,-1.419991806636821,-6932.40000000096,-1.419991806636821,-1.2411395652062696,0.047312684898103176,-0.17885224143055134,-3.780217542414756,2.5,0.0,range,short,True,-1.3722503160558297,-1.6995680345574304,-1.799790940766759,-0.6443024494144381
BB2.5|ヒゲ0.0|range|TP30/SL30|TR0-0|both,3060,-1.9486427826923376,-0.3900865536840884,-2.2339004391196493,4,11,-281.2000000000067,-3.487686535754318,-2.1878892144781386,0.9311391909099804,49.2483660130719,-1.0108496732026377,-3093.2000000000717,-1.0108496732026377,-0.861044888994775,0.4233440507068596,-0.1498047842078627,-0.35386061043667183,2.5,0.0,range,both,False,0.5753348214285545,-1.4029702970297178,-2.1145145145145596,-1.19363636363637
BB2.5|ヒゲ0.0|range|TP30/SL30|TR0-0|long,2490,0.922816258051909,-0.1947552070680676,1.3640852865223732,7,11,119.1363636363675,-0.4797007820006494,0.6829534823472497,1.038179169701384,51.967871485943775,0.5263052208835519,1310.5000000000443,0.5263052208835519,-0.21437396227371153,0.24150089508983402,0.7406791831572634,3.066983179841814,2.5,0.0,range,long,False,0.23592493297584743,-0.22045977011495216,1.1546734955186153,0.6223484848485361
BB2.5|ヒゲ0.0|range|TP30/SL30|TR0-0|short,2354,-2.5160820827051387,0.32439665034465687,-3.598271632421703,5,11,-319.7181818181913,-3.8626708666182865,-2.797525107042294,0.8990669815950553,48.85301614273577,-1.4940101954121086,-3516.9000000001033,-1.4940101954121086,-1.6090407006035001,0.31265321787714484,0.11503050519139157,0.36791722782329433,2.5,0.0,range,short,False,0.39916434540388346,-0.1928400954654333,-4.438761776581527,-0.8959915611814382
BB2.5|ヒゲ0.0|range|TP30/SL30|TR5-3|both,7571,-5.979846117177764,-4.539381647858024,-4.016762045412174,1,11,-635.0454545455507,-11.242343682801769,-6.275901589789566,0.7991327526763333,84.87650244353453,-0.9226654338926236,-6985.500000001053,-0.9226654338926236,-1.0014813056055538,0.10130225261716885,0.07881587171293025,0.7780268422142907,2.5,0.0,range,both,True,-0.9749567474048991,-1.015954198473321,-1.451691648822497,-0.0066914498143425755
BB2.5|ヒゲ0.0|range|TP30/SL30|TR5-3|long,4744,-4.594302641901523,-3.864300009372648,-2.7142848560624087,0,11,-377.61818181824214,-8.815997171415791,-4.831747644587076,0.8058155298957219,84.99156829679595,-0.8755902192244231,-4153.800000000663,-0.8755902192244231,-1.0674661880029634,0.13676266815967958,0.1918759687785403,1.4029849765325744,2.5,0.0,range,long,True,-1.1203480589023318,-0.8127828054299188,-0.8900504686375604,-0.5383043922372159
BB2.5|ヒゲ0.0|range|TP30/SL30|TR5-3|short,4296,-5.82071758057409,-4.0932713447613,-4.148856942707245,2,11,-457.71818181823505,-9.835990096035164,-6.11394523902735,0.7579328448623762,83.9851024208566,-1.1719972067040467,-5034.900000000584,-1.1719972067040467,-1.1682991652237391,0.08434557616318533,-0.0036980414803076123,-0.04384392932657104,2.5,0.0,range,short,True,-1.0854121079504548,-1.6267745952677823,-1.821372239747885,0.08079625292721003
BB2.5|ヒゲ0.0|range|TP20/SL10|TR0-0|both,5885,-1.9939252992631997,-1.3771707890224807,-1.4425112696508813,3,11,-198.80909090897578,-6.226478741072202,-2.2810821297960144,0.947060219031139,34.93627867459643,-0.3716057773999541,-2186.89999999873,-0.3716057773999541,-0.6622989088906679,0.1382444453274071,0.2906931314907138,2.1027472807479493,2.5,0.0,range,both,False,-0.28505214368435644,-0.2953222453217808,-0.8069254984259763,0.09852827265680393
BB2.5|ヒゲ0.0|range|TP20/SL10|TR0-0|long,4148,-1.460835330999623,-1.1580140697065313,-0.9271803795436442,2,11,-124.23636363627698,-4.9593589591971785,-1.7221427150654534,0.9528839855197684,35.14946962391514,-0.32945998071336635,-1366.5999999990436,-0.32945998071336635,-0.46032094709681654,0.13707450661310988,0.13086096638345018,0.9546703440108139,2.5,0.0,range,long,False,-0.19913249211310421,-0.1676902536711007,-0.19814516129030277,-0.8336700336700318
BB2.5|ヒゲ0.0|range|TP20/SL10|TR0-0|short,3902,-4.199465177983327,-1.3925120473245278,-4.486959356249299,1,11,-328.25454545445467,-7.763842417556882,-4.525477426557676,0.8717555299834069,33.05996924654024,-0.9253716043052275,-3610.7999999989975,-0.9253716043052275,-0.6681826582513903,0.09932957374890869,-0.25718894605383713,-2.589248461933149,2.5,0.0,range,short,False,-0.5996723996719298,-0.5693181818177204,-1.630666666666576,-0.6705276705276778
BB2.5|ヒゲ0.0|range|TP20/SL10|TR5-3|both,10042,-15.134278667840805,-11.494578531205635,-10.063802086555901,0,11,-1035.6090909089764,-25.53095886655979,-15.536037958674289,0.6919938462037801,65.88329018123879,-1.1344054969128403,-11391.699999998742,-1.1344054969128403,-1.1405350652990576,0.06007853454650361,0.0061295683862172545,0.10202593043398354,2.5,0.0,range,both,True,-1.2284902084648064,-1.2375138121545592,-1.145980813761048,-0.8801272638275877
BB2.5|ヒゲ0.0|range|TP20/SL10|TR5-3|long,5787,-9.666384891358502,-8.561609864275313,-5.353319531156988,0,11,-506.87272727266776,-17.40690006999773,-9.980972391883295,0.7295039417829162,66.9949887679281,-0.9634698462069027,-5575.5999999993455,-0.9634698462069027,-1.0900143436721756,0.05125695073409735,0.12654449746527296,2.4688260938841324,2.5,0.0,range,long,True,-1.1680327868851201,-1.0735135135133798,-0.7817197835236549,-0.7994087837836876
BB2.5|ヒゲ0.0|range|TP20/SL10|TR5-3|short,5281,-12.177104095986385,-8.578498342584705,-8.641579024328925,0,11,-600.4727272726651,-19.682572323770643,-12.558362506774886,0.6706555774945819,64.83620526415451,-1.250747964400552,-6605.199999999315,-1.250747964400552,-1.1635905473810344,0.04422046144849461,-0.08715741701951751,-1.9709748420656654,2.5,0.0,range,short,True,-1.268779069767304,-1.46409756097547,-1.3533936651582517,-0.8377148634983617
BB2.5|ヒゲ0.0|range|TP10/SL20|TR0-0|both,6149,-5.555182724863085,-1.891073687013179,-5.720791001123926,0,11,-556.0545454546668,-10.044797215238646,-5.8414450309508235,0.8588990313524048,65.86436818994959,-0.9947308505450203,-6116.60000000133,-0.9947308505450203,-1.0164883141999355,0.1379226923019382,0.021757463654915155,0.15775115241576096,2.5,0.0,range,both,False,-0.5202041912954781,-0.3137040714999756,-2.011455108359113,-0.6957557706627017
BB2.5|ヒゲ0.0|range|TP10/SL20|TR0-0|long,4046,-4.001418459735193,-2.37531861390515,-3.2553118404361916,1,11,-319.7636363637241,-7.670111817583582,-4.203782193614223,0.8750461818284796,66.21354424122589,-0.8693524468613354,-3517.400000000963,-0.8693524468613354,-0.9589492186318276,0.13395890863369528,0.08959677177049219,0.6688377255706868,2.5,0.0,range,long,False,-0.8948031496067701,-0.09769335142516546,-1.26873949579834,-0.9413427561837377
BB2.5|ヒゲ0.0|range|TP10/SL20|TR0-0|short,3727,-6.204813225614386,-2.3251516497340563,-6.192718195067318,0,11,-487.400000000076,-9.665564399356672,-6.441301429066464,0.8043912903884542,64.42178696002146,-1.4385296485110899,-5361.400000000832,-1.4385296485110899,-1.171445504376242,0.11168196869005691,-0.26708414413484793,-2.391470595186836,2.5,0.0,range,short,False,-0.6997457627123385,-1.2857758620694293,-2.6279569892472727,-0.9632653061224399
BB2.5|ヒゲ0.0|range|TP10/SL20|TR5-3|both,8452,-12.557530632781088,-9.3425210605804,-8.553173331662858,0,11,-1037.3909090909458,-20.064212446551206,-12.855406493062672,0.6868013185232588,79.2238523426408,-1.3501301467108853,-11411.300000000403,-1.3501301467108853,-1.3085302345702792,0.09436700929527403,-0.0415999121406061,-0.4408310960712989,2.5,0.0,range,both,True,-1.527152066742705,-1.164237516869272,-1.6924785658611712,-0.7447085455573644
BB2.5|ヒゲ0.0|range|TP10/SL20|TR5-3|long,5061,-8.948688597347715,-7.06934254124548,-5.6734177355372974,0,11,-582.945454545481,-14.564868957346627,-9.235646379816806,0.7015336638041189,79.45070144240269,-1.2670223276032977,-6412.40000000029,-1.2670223276032977,-1.3549656129871848,0.06643298972825631,0.08794328538388707,1.3237893664520965,2.5,0.0,range,long,True,-1.4752808988765984,-1.1680805938495977,-1.1583787465939395,-1.189885496183115
BB2.5|ヒゲ0.0|range|TP10/SL20|TR5-3|short,4619,-11.12869308409774,-7.569346465223956,-8.156891623586725,0,11,-687.2000000000194,-16.57785778235677,-11.334308760852789,0.640998850694791,78.06884607057805,-1.6365447066465064,-7559.200000000214,-1.6365447066465064,-1.4927049757142936,0.05416686767118516,-0.1438397309322128,-2.655492870759636,2.5,0.0,range,short,True,-1.6211978465681516,-1.7843359818389997,-2.154966887417113,-0.7273236282193988
BB2.0|ヒゲ0.0|range|TP20/SL20|TR0-0|both,5158,-3.8132095199380918,-1.955316734729025,-3.3244032620360375,1,11,-479.66363636363167,-6.788830787164512,-4.1054093088758785,0.9016375411529138,49.45715393563397,-1.022935246219454,-5276.299999999945,-1.022935246219454,-0.7763847636502439,0.24606859451643273,-0.2465504825692102,-1.0019583484585852,2.0,0.0,range,both,False,-0.47830388692579245,-1.217142857142865,-1.6080222841225233,-0.6586587436332869
BB2.0|ヒゲ0.0|range|TP20/SL20|TR0-0|long,3989,-2.0812609700357596,-1.2035445825576259,-1.7108963222178586,2,11,-241.13636363636186,-4.577858266745264,-2.3644264223108165,0.9347173340552766,50.28829280521434,-0.6649536224617641,-2652.4999999999773,-0.6649536224617641,-0.6971815141764953,0.13239320600388424,0.03222789171473117,0.24342557059752484,2.0,0.0,range,long,False,-0.24130982367758108,-0.9744615384615384,-0.43958664546900367,-1.3243820224718783
BB2.0|ヒゲ0.0|range|TP20/SL20|TR0-0|short,3858,-3.8249577010284614,-1.6187971534590142,-3.625767145309251,2,11,-416.39999999999566,-6.3877670469998025,-4.107834725141542,0.886420781694016,49.14463452566096,-1.1872472783825687,-4580.3999999999505,-1.1872472783825687,-1.1010203068971578,0.15204887480685025,-0.08622697148541092,-0.5671003589796124,2.0,0.0,range,short,False,-0.8324204946996459,-0.7135433070866063,-2.670121457489805,0.13154205607471195
BB2.0|ヒゲ0.0|range|TP20/SL20|TR5-3|both,11754,-11.816642666217538,-8.823090892067947,-8.068910297916556,0,11,-1175.081818181817,-20.51819077952577,-12.240064163764254,0.7424206192633988,79.41126425046792,-1.0997022290284146,-12925.899999999987,-1.0997022290284146,-1.089026622404322,0.07863268178672121,-0.010675606624092726,-0.1357655160871739,2.0,0.0,range,both,True,-1.2606192129631042,-1.199143468950881,-1.2737022397890767,-0.5675521821630757
BB2.0|ヒゲ0.0|range|TP20/SL20|TR5-3|long,7136,-9.147395362356743,-7.2634832244716065,-5.803828649120254,0,11,-714.0636363636414,-15.773421070371942,-9.444446556089929,0.7398296158406851,79.54035874439462,-1.1007146860986623,-7854.7000000000535,-1.1007146860986623,-1.194531828392146,0.05198526939773514,0.0938171422934837,1.8046870465495957,2.0,0.0,range,long,True,-1.2896741624599917,-1.1249193548388425,-0.8208791208790286,-1.2112198303977624
BB2.0|ヒゲ0.0|range|TP20/SL20|TR5-3|short,6702,-9.782733496701772,-6.831634566167519,-7.034420699021582,1,11,-747.3090909090952,-16.170415129487182,-10.020737583856903,0.7218722298536278,78.7376902417189,-1.2265592360489475,-8220.400000000045,-1.2265592360489475,-1.2055423338592557,0.08178201186226655,-0.021016902189691766,-0.2569868570253255,2.0,0.0,range,short,True,-1.1293948126802422,-1.6951694915255684,-1.810841584158279,-0.14845070422527137
BB2.0|ヒゲ0.0|range|TP15/SL15|TR0-0|both,7076,-3.7362354699004374,-1.8811443621806323,-3.3095425949420596,2,11,-413.24545454545137,-8.358631839705863,-4.05300038917659,0.9175725639598278,50.480497456189944,-0.6424109666478178,-4545.699999999959,-0.6424109666478178,-0.8009198094918988,0.2290334242075004,0.15850884284408095,0.6920773393339945,2.0,0.0,range,both,False,-0.21061766207246388,-1.133016175071374,-1.0067466887417298,-0.3090909090908904
BB2.0|ヒゲ0.0|range|TP15/SL15|TR0-0|long,4968,-2.3495259838063,-1.5853676429168817,-1.7342975100712414,2,11,-226.44545454545002,-6.064613266459768,-2.5847414201337764,0.9349541056809763,50.94605475040258,-0.5013888888888782,-2490.899999999947,-0.5013888888888782,-0.828909220974697,0.10024146861213278,0.32752033208581877,3.2673137836108794,2.0,0.0,range,long,False,-0.29251336898393826,-0.7665450121654495,-0.37647823261856894,-0.759495949594958
BB2.0|ヒゲ0.0|range|TP15/SL15|TR0-0|short,4903,-4.102501037167995,-1.8887012455990484,-3.8114315907538763,2,11,-376.8090909090916,-7.96324251914058,-4.367374873950997,0.8928927661465825,49.8062410768917,-0.8453803793595767,-4144.900000000004,-0.8453803793595767,-0.9348620282568951,0.07859295838703181,0.08948164889731847,1.1385453701420067,2.0,0.0,range,short,False,-0.615706447187921,-0.8894545454545472,-1.8321196358908045,0.2813308687615936
BB2.0|ヒゲ0.0|range|TP15/SL15|TR5-3|both,12933,-14.855042106055816,-11.67876861846682,-9.634145130947218,0,11,-1331.1454545456936,-25.358157924126274,-15.312062803677367,0.7165105234524182,74.6849145596536,-1.1321889739428308,-14642.60000000263,-1.1321889739428308,-1.1838169816200792,0.1043880282584221,0.0516280076772484,0.49457786049410335,2.0,0.0,range,both,True,-1.2943356825896117,-1.4323188405799174,-1.0951853635052642,-0.7538915913830887
BB2.0|ヒゲ0.0|range|TP15/SL15|TR5-3|long,7628,-11.108097871963732,-9.289230394957755,-6.687655863843022,0,11,-784.2454545455937,-18.80590219629325,-11.412965327363434,0.7145461764997445,74.8557944415312,-1.1309255374936458,-8626.70000000153,-1.1309255374936458,-1.2726387776212944,0.051942501274536805,0.14171324012764863,2.7282713895243074,2.0,0.0,range,long,True,-1.3051515151517248,-1.3633677991139501,-0.7410806174959091,-1.2485294117648884
BB2.0|ヒゲ0.0|range|TP15/SL15|TR5-3|short,7292,-12.28899732811516,-8.78363781232637,-8.641483753325026,0,11,-848.4181818183163,-19.878580678082795,-12.57815566089955,0.6899025442172422,73.84805266044981,-1.2798409215580742,-9332.600000001477,-1.2798409215580742,-1.2049225533580559,0.040748760026571615,-0.07491836820001829,-1.8385435078555818,2.0,0.0,range,short,True,-1.3051799824409396,-1.5627725856699932,-1.614681818182028,-0.5232026143792717
BB2.0|ヒゲ0.0|range|TP30/SL30|TR0-0|both,3413,-2.1838899055133485,-0.8909261516277772,-2.083221588056701,2,11,-341.58181818182385,-3.7713823857572923,-2.4662074632791153,0.9256750742279988,49.28215646059185,-1.1009082918253914,-3757.400000000061,-1.1009082918253914,-0.769988364116559,0.6940158293652531,-0.3309199277088324,-0.4768189913067138,2.0,0.0,range,both,False,-0.3357442348008448,-0.7349816849816843,-1.5375323554788882,-1.6628647214854415
BB2.0|ヒゲ0.0|range|TP30/SL30|TR0-0|long,2904,0.05258240961457731,-1.0039086006562028,0.8952578661739675,6,11,7.490909090913874,-1.428579782565175,-0.19156231731697068,1.0020046076783296,51.308539944903586,0.028374655647401548,82.40000000005409,0.028374655647401548,-0.15071545239350154,0.2753912699202364,0.17909010804090308,0.6503114935080342,2.0,0.0,range,long,False,-0.41877880184333,-0.9215932914045945,1.4454446854664296,-0.7020408163265185
BB2.0|ヒゲ0.0|range|TP30/SL30|TR0-0|short,2818,-3.3512698587353125,-0.5158330831918244,-3.906568465599748,3,11,-472.6363636363705,-4.805280086238158,-3.609870348054028,0.8780310423782889,48.40312278211498,-1.8449254790631913,-5199.000000000073,-1.8449254790631913,-1.4696598310367712,0.09346046110042676,-0.37526564802642004,-4.015234288467538,2.0,0.0,range,short,False,-0.34571078431373026,-1.2017278617710583,-4.026495726495802,-0.9812603648424528
BB2.0|ヒゲ0.0|range|TP30/SL30|TR5-3|both,10246,-6.723106873740624,-5.238414356193381,-4.424561526250146,1,11,-807.0636363637718,-13.072188312385736,-7.050081969751213,0.8090529757167452,85.03806363458911,-0.8664552020302058,-8877.700000001489,-0.8664552020302058,-0.9397034593730919,0.07834309406079026,0.07324825734288609,0.9349676346207256,2.0,0.0,range,both,True,-0.977692307692367,-1.0697027197976463,-1.1536184210528497,-0.17395967395988893
BB2.0|ヒゲ0.0|range|TP30/SL30|TR5-3|long,6510,-6.026921003339685,-5.410888544358966,-3.3028992636509904,0,11,-574.3181818182672,-11.057763069353644,-6.27876663894881,0.7871512464328382,84.85407066052227,-0.9704301075270257,-6317.500000000938,-0.9704301075270257,-1.0670022650661841,0.06969249663215353,0.09657215753915838,1.3856894530393904,2.0,0.0,range,long,True,-1.3785425101215136,-1.0792727272727896,-0.6320652173915268,-0.7992907801420621
BB2.0|ヒゲ0.0|range|TP30/SL30|TR5-3|short,6076,-6.303447849309112,-4.28409869466349,-4.6329746096090565,1,11,-584.6454545455321,-11.12183227626666,-6.567599820714311,0.7762231679013195,84.34825543120475,-1.0584430546413512,-6431.100000000851,-1.0584430546413512,-1.1098011599286526,0.0743596534158226,0.05135810528730134,0.6906716603438756,2.0,0.0,range,short,True,-0.9318181818182325,-1.475642245480558,-1.7442213781879563,0.05861280487783126
BB2.0|ヒゲ0.0|range|TP20/SL10|TR0-0|both,7491,-4.888573698479562,-2.6775815148120663,-4.128127640105687,1,11,-543.299999999853,-9.687570018213,-5.2139475516523905,0.8888169534472514,33.453477506340946,-0.797797356827977,-5976.299999998376,-0.797797356827977,-0.6119477226803636,0.14273032565650184,-0.18584963414761346,-1.3021033427393949,2.0,0.0,range,both,False,-0.3720095693775257,-1.4862521891413802,-0.6950217305412534,-1.0083333333333213
BB2.0|ヒゲ0.0|range|TP20/SL10|TR0-0|long,5480,-2.734275068309562,-1.5419213796619209,-2.2796111346761907,3,11,-269.099999999886,-6.702082054394059,-2.9804133736229588,0.9237008969997186,34.306569343065696,-0.5401642335764129,-2960.0999999987425,-0.5401642335764129,-0.5388559899308618,0.05698681302966884,-0.0013082436455510438,-0.022956954003901527,2.0,0.0,range,long,False,-0.2858455882348306,-0.48762322015287,-0.24956063268890724,-1.3211726384364528
BB2.0|ヒゲ0.0|range|TP20/SL10|TR0-0|short,5369,-4.990063379875065,-2.8079083184127307,-4.172614008295024,2,11,-454.11818181806643,-9.183974789362521,-5.3409027534974225,0.871202374168822,33.060160178804246,-0.9303967219219084,-4995.299999998726,-0.9303967219219084,-0.6702201924636946,0.06490915450275929,-0.2601765294582138,-4.008317955322522,2.0,0.0,range,short,False,-0.8502481389573442,-0.86135593220292,-1.3710603397773167,-0.4480686695279171
BB2.0|ヒゲ0.0|range|TP20/SL10|TR5-3|both,14905,-18.501384068710667,-13.222702730189093,-13.105013554128282,0,11,-1517.999999999835,-31.10661849680908,-19.046379693829113,0.693632105329806,66.1321704126132,-1.1202952029519075,-16697.99999999818,-1.1202952029519075,-1.0698495354389799,0.06551922921635549,-0.05044566751292767,-0.7699368279554635,2.0,0.0,range,both,True,-1.2032768613462896,-1.2162932790222727,-1.027237851662288,-1.067940097799387
BB2.0|ヒゲ0.0|range|TP20/SL10|TR5-3|long,8544,-12.95523519885319,-10.422981493077565,-8.15434693458628,0,11,-814.2454545453696,-22.338990100566665,-13.32997447615641,0.708255565870278,66.70177902621724,-1.0483029026216135,-8956.699999999066,-1.0483029026216135,-1.130501152910119,0.04082729528473376,0.08219825028850547,2.013316084625406,2.0,0.0,range,long,True,-1.1733460803058142,-1.228842380640814,-0.7373157486422732,-1.157354555433466
BB2.0|ヒゲ0.0|range|TP20/SL10|TR5-3|short,8127,-16.189101083405482,-11.152690828387811,-11.743381808175949,0,11,-965.8636363635383,-25.61702308449609,-16.533506802729516,0.6561706121260343,64.77174849267873,-1.3073089700995348,-10624.49999999892,-1.3073089700995348,-1.1119362814972216,0.031490581721132,-0.19537268860231327,-6.204162575733141,2.0,0.0,range,short,True,-1.3008661417321499,-1.5383561643834267,-1.4266857376377764,-0.9423809523808442
BB2.0|ヒゲ0.0|range|TP10/SL20|TR0-0|both,7874,-6.895327701935418,-2.6353498144826637,-6.805319127180808,0,11,-746.5909090910544,-12.186116770236099,-7.225759943914633,0.8527745608782472,65.73533147066294,-1.0429895859793743,-8212.500000001593,-1.0429895859793743,-0.9362788872823737,0.1518892302501008,-0.10671069869700056,-0.702556056945517,2.0,0.0,range,both,False,-0.40542114695388204,-1.0689857502100228,-1.7985097439816449,-0.7235807860262053
BB2.0|ヒゲ0.0|range|TP10/SL20|TR0-0|long,5302,-3.717041125325846,-2.4024439766885197,-2.8374985974336973,1,11,-342.09090909102326,-7.903916923008258,-3.9571662934551637,0.8964236857533348,66.82384006035458,-0.7097321765373922,-3763.0000000012533,-0.7097321765373922,-0.9978291606621961,0.0806181126668245,0.2880969841248039,3.5736011994654384,2.0,0.0,range,long,False,-0.6264467952711649,-0.5569351230429778,-0.7185230769231244,-0.9275510204081565
BB2.0|ヒゲ0.0|range|TP10/SL20|TR0-0|short,5059,-6.289063517829417,-2.655150086308422,-5.978626926274318,1,11,-565.9363636364648,-10.381670402915164,-6.545174771725725,0.8293236607693297,65.09191539830006,-1.2305396323386264,-6225.300000001111,-1.2305396323386264,-1.1654156929064559,0.05990280089481448,-0.06512393943217054,-1.0871601738042942,2.0,0.0,range,short,False,-0.6596479791399759,-1.2781214203899265,-2.474870466321209,-0.24945848375454427
BB2.0|ヒゲ0.0|range|TP10/SL20|TR5-3|both,11754,-14.407199169213994,-10.436299601559902,-10.091999929886525,0,11,-1366.109090909135,-23.543957032201668,-14.811890470011457,0.7005472059813875,79.41126425046792,-1.2784754126255302,-15027.200000000483,-1.2784754126255302,-1.3138321152912886,0.07259793217016083,0.03535670266575841,0.4870207953428556,2.0,0.0,range,both,True,-1.4306423611113088,-1.347269807280694,-1.4355731225295618,-0.8038709677418493
BB2.0|ヒゲ0.0|range|TP10/SL20|TR5-3|long,7136,-10.734584603448203,-8.337984471261144,-6.964080672075555,0,11,-810.2909090909416,-17.582339215389755,-10.97445702860528,0.7045654926449453,79.55437219730942,-1.2490470852018436,-8913.200000000355,-1.2490470852018436,-1.4171778321530837,0.06609790120194158,0.16813074695124008,2.543662414296165,2.0,0.0,range,long,True,-1.4363010555302578,-1.2781451612905061,-0.9847069597069068,-1.3359425962164468
BB2.0|ヒゲ0.0|range|TP10/SL20|TR5-3|short,6702,-11.90459613822553,-7.977120555744468,-8.85020150633931,0,11,-872.4000000000259,-18.552312949404207,-12.14260248255989,0.6753168539933931,78.7376902417189,-1.4318710832587707,-9596.400000000282,-1.4318710832587707,-1.4049718779705689,0.06020123230396883,-0.026899205288201777,-0.44682150611771476,2.0,0.0,range,short,True,-1.313592699327749,-1.7695762711866274,-1.9754950495048402,-0.5513380281689517
BB2.0|ヒゲ0.5|none|TP20/SL20|TR0-0|both,7404,-5.100562399705239,-2.213720297743499,-4.804832447589583,3,11,-772.4363636363528,-8.584056371758033,-5.411611570297285,0.89073213890732,49.06807131280389,-1.1475958941112745,-8496.799999999876,-1.1475958941112745,-0.9647604314428074,0.23350917087751918,-0.18283546266846706,-0.782990500892868,2.0,0.5,none,both,False,-0.7764155588380094,-1.0728489483747636,-1.177091855708423,-1.6071428571428124
BB2.0|ヒゲ0.5|none|TP20/SL20|TR0-0|long,5024,-1.766748939555,-1.0724017527305687,-1.404841467857505,5,11,-226.89090909090973,-4.560579666411063,-2.0494550052609095,0.9509848013213154,50.69665605095541,-0.496775477707007,-2495.800000000003,-0.496775477707007,-0.524900851737443,0.16266268532951886,0.02812537403043608,0.1729061214836104,2.0,0.5,none,long,False,-0.2363270777479819,-0.7364109232769842,-0.2529274004684026,-1.0852132701421624
BB2.0|ヒゲ0.5|none|TP20/SL20|TR0-0|short,4650,-5.013108890551458,-1.4631601007027353,-5.428426525003836,2,11,-611.42727272726,-7.72978623555508,-5.293028386728209,0.8636894266431565,48.40860215053763,-1.4463870967741623,-6725.699999999855,-1.4463870967741623,-1.21722947557987,0.18601931152181547,-0.22915762119429228,-1.2319023187408031,2.0,0.5,none,short,False,-0.4670080468178427,-1.5468456375838993,-2.17351036269424,-1.5885311871226901
BB2.0|ヒゲ0.5|none|TP20/SL20|TR5-3|both,13105,-10.990655117828467,-8.568244901425606,-7.140571877673881,0,11,-1136.3818181818351,-20.200027058555886,-11.312830354115848,0.7750241170287739,79.55742083174361,-0.9538496756963132,-12500.200000000184,-0.9538496756963132,-0.8990494473496706,0.12068331529996952,-0.054800228346642554,-0.45408288801506264,2.0,0.5,none,both,True,-0.9066600397615739,-1.478591160221132,-0.8940770694575537,-0.6956007393714445
BB2.0|ヒゲ0.5|none|TP20/SL20|TR5-3|long,7416,-7.289175044460932,-6.905654797512807,-3.6739564048966846,0,11,-592.0909090909234,-13.752558552404974,-7.5987012803369085,0.790471655926976,79.73300970873787,-0.8782362459547136,-6513.000000000156,-0.8782362459547136,-0.9117981386763747,0.06569240336101038,0.0335618927216611,0.5108945784373705,2.0,0.5,none,long,True,-1.1471566054244635,-1.1601217656013625,-0.4870068610633781,-0.8291778975740202
BB2.0|ヒゲ0.5|none|TP20/SL20|TR5-3|short,7027,-9.14187450386177,-6.524899788547179,-6.4241830613216395,0,11,-709.7909090909232,-15.623657014149634,-9.452197676868735,0.7444288052373059,79.05222712395047,-1.1111000426924935,-7807.700000000153,-1.1111000426924935,-1.0249503965370181,0.07534368602471014,-0.08614964615547538,-1.143422238821993,2.0,0.5,none,short,True,-0.8714029583148014,-1.7794992175275124,-1.3712142522268032,-0.4798555956677983
BB2.0|ヒゲ0.5|none|TP15/SL15|TR0-0|both,9663,-6.425547967073871,-3.8310665646978004,-5.180763412673635,0,11,-868.590909090916,-11.523155045761884,-6.695957398904741,0.8760980581844438,49.35320293904584,-0.988771603021843,-9554.50000000007,-0.988771603021843,-0.9156142428359322,0.14610433406594608,-0.07315736018591079,-0.5007199865329818,2.0,0.5,none,both,False,-0.9489657631954405,-0.9721199727334756,-0.9982846825158067,-1.0392460125664662
BB2.0|ヒゲ0.5|none|TP15/SL15|TR0-0|long,6072,-3.0620723022260075,-2.65213825301694,-1.7501866760716596,3,11,-336.99999999999653,-6.9752363490410545,-3.3760775236006926,0.9214783339935092,50.65876152832674,-0.6105072463768045,-3706.9999999999573,-0.6105072463768045,-0.5976548008411467,0.11967506714600476,-0.012852445535657786,-0.10739451284349542,2.0,0.5,none,long,False,-0.9620184481823162,-0.37699203187249286,-0.3160561966883933,-0.7512987012986996
BB2.0|ヒゲ0.5|none|TP15/SL15|TR0-0|short,5779,-5.907012184148637,-2.356287106843075,-5.926739938480549,0,11,-602.0272727272794,-9.925179907046665,-6.194526562962063,0.8577391386540213,48.78006575532099,-1.1459249005018295,-6622.300000000072,-1.1459249005018295,-1.2138604958283286,0.14849306321047226,0.06793559532649907,0.45750012733058093,2.0,0.5,none,short,False,-0.578412335808101,-1.3184475806451814,-1.6999453850355313,-0.986721991701252
BB2.0|ヒゲ0.5|none|TP15/SL15|TR5-3|both,14251,-14.996971070443243,-12.082783798715836,-9.356720362634848,0,11,-1377.6636363638993,-26.144143669139922,-15.358098883637254,0.7351040492234134,74.57020559960704,-1.0633850256124406,-15154.300000002891,-1.0633850256124406,-1.0070801297001826,0.0926895439724846,-0.05630489591225807,-0.6074568230584075,2.0,0.5,none,both,True,-1.1347649186258848,-1.519934506754202,-0.9009123275480282,-0.8208304498272061
BB2.0|ヒゲ0.5|none|TP15/SL15|TR5-3|long,7887,-9.689460202153228,-8.974713501457664,-4.985038276395037,0,11,-696.5181818183241,-17.328751391053004,-10.053869266273308,0.7548240308737563,74.85736021300875,-0.9714340053254171,-7661.700000001565,-0.9714340053254171,-1.0635898205084868,0.08434311125873287,0.0921558151830697,1.0926300181216981,2.0,0.5,none,long,True,-1.2866476112701106,-1.2541086350977078,-0.5928981937604315,-0.8081098339721233
BB2.0|ヒゲ0.5|none|TP15/SL15|TR5-3|short,7536,-12.00159996497952,-8.523081167006781,-8.462927595480195,0,11,-818.4727272728695,-19.747235083807368,-12.360316643440944,0.7084210458134026,74.05785562632697,-1.1946921443738803,-9003.200000001561,-1.1946921443738803,-1.1831245507526922,0.07550210420769646,-0.011567593621188088,-0.15320889056770054,2.0,0.5,none,short,True,-1.057457415870585,-1.6756640344582046,-1.3172703180214105,-0.7754076086958651
BB2.0|ヒゲ0.5|none|TP30/SL30|TR0-0|both,4815,-4.6452175825087565,-1.239074233044005,-4.951371394471222,2,11,-835.2727272727458,-6.5549092447053185,-4.973854183052974,0.8765954417676338,47.87123572170301,-1.9082035306334788,-9188.0000000002,-1.9082035306334788,-0.9771564992871312,0.3061844991359383,-0.9310470313463476,-3.040803940022404,2.0,0.5,none,both,False,-0.10194250194250684,-2.458507462686552,-2.0731936017650843,-3.49368421052642
BB2.0|ヒゲ0.5|none|TP30/SL30|TR0-0|long,3610,-0.17224032363297426,-1.4132630730152578,0.9189298667533382,7,11,-26.799999999993762,-1.8480388524623277,-0.37964238379534154,0.9943109560411364,51.13573407202217,-0.08166204986147658,-294.7999999999305,-0.08166204986147658,-0.10861804374510978,0.23591358017691635,0.026955993883633192,0.1142621542321487,2.0,0.5,none,long,False,-0.70883495145632,-1.1391866913123785,1.2911649726349268,-0.7892105263157835
BB2.0|ヒゲ0.5|none|TP30/SL30|TR0-0|short,3403,-3.5701177265020294,0.310547894625444,-4.876824240244372,4,11,-545.8454545454698,-5.175423447732284,-3.831023263728309,0.8842011066303301,48.31031442844549,-1.764413752571309,-6004.300000000165,-1.764413752571309,-1.5439032983782368,0.24966477004765225,-0.22051045419307225,-0.8832261522159676,2.0,0.5,none,short,False,0.5696846388606129,-1.1524436090225478,-3.867324185248819,-1.997091412742422
BB2.0|ヒゲ0.5|none|TP30/SL30|TR5-3|both,11509,-6.371535982678502,-5.618875948365965,-3.7109945732922056,1,11,-777.8090909092531,-13.309996184294166,-6.748806544572911,0.8349721864318844,85.1768181423234,-0.7434095056044644,-8555.90000000178,-0.7434095056044644,-0.7669095117522085,0.1025446086662623,0.023500006147744057,0.22916861698918042,2.0,0.5,none,both,True,-0.8215990796664407,-1.3274889380531523,-0.547354566991534,-0.5029690721652074
BB2.0|ヒゲ0.5|none|TP30/SL30|TR5-3|long,6731,-4.165101438356482,-5.042811691081013,-1.0717114568327837,2,11,-392.62727272736265,-9.321820862089686,-4.423202844772826,0.8549565766406865,85.35135938196404,-0.6416431436637924,-4318.900000000986,-0.6416431436637924,-0.679496328282452,0.12486572782673815,0.03785318461865961,0.3031511150216025,2.0,0.5,none,long,True,-1.2125857002938956,-0.9233933161954261,-0.0568391866915207,-0.4729013254788955
BB2.0|ヒゲ0.5|none|TP30/SL30|TR5-3|short,6343,-5.85038821393819,-3.824736881326817,-4.426819958087254,1,11,-555.7545454546379,-10.719179294475103,-6.222775352863381,0.7942010153104191,84.53413211414157,-0.9637868516476454,-6113.300000001015,-0.9637868516476454,-0.9097863656650482,0.12630111582298403,-0.05400048598259721,-0.42755351471542824,2.0,0.5,none,short,True,-0.665340626554018,-1.6475675675676278,-1.1957818930043664,-0.48661971831011736
BB2.0|ヒゲ0.5|none|TP20/SL10|TR0-0|both,10225,-5.643844265605653,-2.800257070257825,-5.0759084243506205,1,11,-731.55454545434,-11.205439348942068,-5.979021686174731,0.8903684267172628,33.47677261613692,-0.7870024449875535,-8047.099999997734,-0.7870024449875535,-0.7632977425774884,0.1187315944710289,-0.02370470241006506,-0.19964949106995378,2.0,0.5,none,both,False,-0.49103518267882684,-1.2114046391747837,-0.750612710173802,-0.942753623188399
BB2.0|ヒゲ0.5|none|TP20/SL10|TR0-0|long,6566,-2.5144163948955467,-1.8681062501753274,-1.693767665878045,3,11,-266.2909090907744,-6.886849053703484,-2.798907823360828,0.9367318815850582,34.63295766067621,-0.44611635699033103,-2929.1999999985137,-0.44611635699033103,-0.5284884212907317,0.049720547267486266,0.08237206430040067,1.656700676628839,2.0,0.5,none,long,False,-0.5227589641429574,-0.5300900900896235,-0.11046676096179651,-0.7963828183873423
BB2.0|ヒゲ0.5|none|TP20/SL10|TR0-0|short,6286,-6.004491165044671,-2.696357618051423,-5.710909714431182,1,11,-600.3818181816747,-10.40534274098882,-6.262031909275531,0.8553895539415495,32.61215399300032,-1.0506204263440055,-6604.199999998418,-1.0506204263440055,-0.9388137872478654,0.10136703718202264,-0.11180663909614019,-1.1029881330690507,2.0,0.5,none,short,False,-0.5195778364111404,-1.321663619743584,-1.5151378446114443,-0.8840245775729599
BB2.0|ヒゲ0.5|none|TP20/SL10|TR5-3|both,15802,-17.91009177987744,-15.120226360423915,-10.65938880427702,0,11,-1492.8454545452887,-31.20599586129631,-18.343887110839,0.7158507105765589,66.118212884445,-1.0391912416148696,-16421.29999999817,-1.0391912416148696,-1.0459698508506587,0.05622501482038364,0.0067786092357891015,0.12056216005356402,2.0,0.5,none,both,True,-1.1493031710764328,-1.4858885017420198,-0.8061207609593496,-0.8165977742447518
BB2.0|ヒゲ0.5|none|TP20/SL10|TR5-3|long,8595,-12.098534744936584,-11.059910423381533,-6.31244763948342,0,11,-768.4454545453649,-21.277886660197378,-12.563763300052901,0.7290146570406546,66.37579988365329,-0.9834671320534047,-8452.899999999014,-0.9834671320534047,-0.9840886711326912,0.05846480408986346,0.000621539079286415,0.010630995672731187,2.0,0.5,none,long,True,-1.326323529411636,-1.2516069221259527,-0.5894126738793327,-0.7757938885559369
BB2.0|ヒゲ0.5|none|TP20/SL10|TR5-3|short,8249,-14.128293972247034,-10.629593391846077,-9.395174391589393,0,11,-869.6909090908201,-23.26927281641843,-14.479278151079662,0.689345672998879,65.42611225603103,-1.159728451933449,-9566.59999999902,-1.159728451933449,-1.081266087496843,0.044661292713563006,-0.07846236443660604,-1.7568314679072896,2.0,0.5,none,short,True,-1.0598106060604924,-1.7352720450279855,-1.1165152766307593,-0.8122166246850593
BB2.0|ヒゲ0.5|none|TP10/SL20|TR0-0|both,10096,-8.078324382125261,-3.429503575492338,-7.785393893378655,1,11,-1033.9363636365547,-13.688713413317364,-8.31346911758564,0.8423503906829037,65.49128367670365,-1.1265154516642328,-11373.300000002095,-1.1265154516642328,-0.8918474878250768,0.11407321061494737,-0.234667963839156,-2.0571697997637206,2.0,0.5,none,both,False,-0.6533130493581482,-1.07801282051329,-1.5168660636124909,-1.190516039051582
BB2.0|ヒゲ0.5|none|TP10/SL20|TR0-0|long,6153,-4.5786560880314315,-2.955581025227611,-3.496845509933328,0,11,-467.3636363637659,-8.842036561227099,-4.831663123108584,0.8796139967169222,66.3903786770681,-0.8355273850156705,-5141.000000001421,-0.8355273850156705,-0.7325265933558114,0.11010526585879453,-0.10300079165985909,-0.9354756183228635,2.0,0.5,none,long,False,-0.9003222341572891,-0.5883381924202992,-0.9594810379241799,-0.7443561208267125
BB2.0|ヒゲ0.5|none|TP10/SL20|TR0-0|short,5797,-7.003016567311019,-2.8548992584478983,-6.9159546761125,0,11,-682.2181818182977,-11.23327786436121,-7.216280980334765,0.8216711262350604,64.878385371744,-1.2945316543041696,-7504.400000001271,-1.2945316543041696,-1.2506768733646199,0.10399298179525066,-0.04385478093954975,-0.4217090440381295,2.0,0.5,none,short,False,-0.6241301907973312,-1.2279368213232702,-2.0246961325966755,-1.2446308724831965
BB2.0|ヒゲ0.5|none|TP10/SL20|TR5-3|both,13106,-13.660864758510973,-10.243119686962007,-9.21895348069111,0,11,-1358.2181818182523,-23.15531262420392,-13.908700495933886,0.7311059277496816,79.55898061956356,-1.1399664275904757,-14940.400000000775,-1.1399664275904757,-1.0920939042470004,0.06332694643390857,-0.04787252334347536,-0.7559581827214378,2.0,0.5,none,both,True,-1.0723409542745506,-1.6151403589509434,-1.093958135109354,-0.9303512014786911
BB2.0|ヒゲ0.5|none|TP10/SL20|TR5-3|long,7416,-9.050308838933537,-8.125407658856785,-4.945753677808961,0,11,-718.4454545455031,-15.610271754132139,-9.330670474182762,0.7457574772954441,79.73300970873787,-1.065655339805897,-7902.900000000532,-1.065655339805897,-1.0951922573276147,0.09686105345439426,0.02953691752171772,0.30494111377412164,2.0,0.5,none,long,True,-1.318853893263538,-1.3440639269408319,-0.7106346483704603,-0.9869946091643655
BB2.0|ヒゲ0.5|none|TP10/SL20|TR5-3|short,7027,-11.057771163074928,-7.5909896486904636,-8.04171522496404,0,11,-827.6909090909475,-17.728705382374034,-11.29327901743017,0.7019770867430246,79.05222712395047,-1.2956595986908241,-9104.60000000042,-1.2956595986908241,-1.2971544779916568,0.05418860053786851,0.0014948793008326966,0.027586600982397267,2.0,0.5,none,short,True,-1.0348274316451989,-1.8703442879500944,-1.537880918893494,-0.812490974729199
BB2.0|ヒゲ0.0|trend|TP20/SL20|TR0-0|both,5688,-1.7134212343965458,-0.4408358233988614,-1.845445287981868,4,11,-232.72727272727187,-4.752413945588288,-2.002068068073689,0.9555086697266031,50.82630098452883,-0.4500703234880427,-2559.999999999987,-0.4500703234880427,-0.6918266930397353,0.1261037526383832,0.2417563695516926,1.9171227223107024,2.0,0.0,trend,both,False,-0.04732872407290091,-0.5643281807372076,-0.10887096774196107,-1.410455974842735
BB2.0|ヒゲ0.0|trend|TP20/SL20|TR0-0|long,3185,-0.5927477678483335,-0.40194221859994184,-0.43656809028706506,4,11,-58.7272727272744,-2.959062168014885,-0.8866841065986888,0.9796801031722302,51.49136577708007,-0.20282574568289355,-646.0000000000159,-0.20282574568289355,-0.38835614969784715,0.19730486455118157,0.1855304040149536,0.940323516285258,2.0,0.0,trend,long,False,-0.0916959064327423,-0.24890219560877508,0.29139307897068434,-1.09871794871793
BB2.0|ヒゲ0.0|trend|TP20/SL20|TR0-0|short,2890,-1.0736359426080078,0.7004323749093224,-2.0237216899789052,4,11,-103.50909090908793,-3.288430909005175,-1.4616204382942297,0.9608417678638368,50.93425605536333,-0.3939792387543131,-1138.599999999965,-0.3939792387543131,-0.9560507109388766,0.09706710143242707,0.5620714721845634,5.790545549316187,2.0,0.0,trend,short,False,0.4459207459207691,-0.013174946004300919,-0.591073326248689,-1.5269108280254413
BB2.0|ヒゲ0.0|trend|TP20/SL20|TR5-3|both,9819,-7.630986085571892,-6.075391292673608,-4.878175805940432,0,11,-711.2909090909121,-15.352997947954517,-8.104318220856038,0.8075947001367213,80.00814746919238,-0.7968428556879553,-7824.2000000000335,-0.7968428556879553,-0.8764667804278172,0.04787307057263151,0.0796239247398619,1.6632299492688485,2.0,0.0,trend,both,True,-0.8675432525952871,-1.0533532934132992,-0.6226708074533223,-0.7615988229523026
BB2.0|ヒゲ0.0|trend|TP20/SL20|TR5-3|long,5597,-5.629272039410999,-4.643527095885542,-3.4410427714999856,0,11,-377.5545454545489,-12.01708662631045,-6.073124329830437,0.8154276216379513,80.5252814007504,-0.7420225120600388,-4153.100000000037,-0.7420225120600388,-0.9031191359837119,0.08604243955815863,0.16109662392367308,1.872292612237977,2.0,0.0,trend,long,True,-0.9046103896105236,-0.9268641470889957,-0.32053014553007325,-1.0709705372615614
BB2.0|ヒゲ0.0|trend|TP20/SL20|TR5-3|short,4674,-5.637409846476484,-4.373397465290721,-3.7012639804357397,0,11,-363.40000000000003,-11.155667797459845,-6.179313377770909,0.8001429907056001,79.33247753530168,-0.8552417629439454,-3997.4000000000005,-0.8552417629439454,-0.8915530499676014,0.07096618250810459,0.03631128702365605,0.5116702877389406,2.0,0.0,trend,short,True,-0.7377308707125215,-1.2973224679861417,-1.0099270072991477,-0.4101184068890073
BB2.0|ヒゲ0.0|trend|TP15/SL15|TR0-0|both,7272,-1.6100171262299254,0.6883851339115763,-2.6610903145568194,4,11,-182.82727272725967,-6.224950044864451,-1.8791655937247764,0.9636040183798747,51.691419141914196,-0.27655390539051844,-2011.09999999985,-0.27655390539051844,-0.7853637952777819,0.08950386401619811,0.5088098898872635,5.684781271512264,2.0,0.0,trend,both,False,0.18005850804489573,0.024673060156962256,-0.29476861167000107,-1.054877281309009
BB2.0|ヒゲ0.0|trend|TP15/SL15|TR0-0|long,3988,-0.8585776064108029,0.487147596931202,-1.5062771986280434,6,11,-73.51818181817416,-4.290678331677553,-1.1275845660468697,0.9731783357102618,51.9307923771314,-0.20278335005012837,-808.6999999999119,-0.20278335005012837,-0.5478585555277643,0.10013781528948452,0.3450752054776359,3.4460029358546658,2.0,0.0,trend,long,False,0.12328385899817915,0.11281250000003307,-0.12082738944362725,-0.9728110599078407
BB2.0|ヒゲ0.0|trend|TP15/SL15|TR0-0|short,3582,-1.7970487775333464,0.23376059692406295,-2.5990607624337105,3,11,-141.1181818181769,-5.161773320580627,-2.1624286823006402,0.9435297284712354,51.14461194863205,-0.43336125069791825,-1552.299999999943,-0.43336125069791825,-1.0010334611881508,0.0899986703135572,0.5676722104902325,6.3075621952241185,2.0,0.0,trend,short,False,0.16094619666052262,-0.2956882255389513,-0.6120704845814896,-1.1133159268929624
BB2.0|ヒゲ0.0|trend|TP15/SL15|TR5-3|both,10682,-9.755660223833427,-7.089983457130188,-6.777613010903242,0,11,-800.0727272729138,-19.137611683255034,-10.162901051011499,0.7861386716044284,75.58509642389065,-0.8238906571804954,-8800.800000002051,-0.8238906571804954,-0.9870792605053895,0.062429609461903464,0.16318860332489415,2.6139616238425623,2.0,0.0,trend,both,True,-0.8683893468613239,-0.9972115910335503,-0.6906990014267305,-0.8282133090247863
BB2.0|ヒゲ0.0|trend|TP15/SL15|TR5-3|long,5987,-7.391909016603454,-5.450231335297425,-5.068367361970923,0,11,-438.9818181819237,-15.009602455720888,-7.892273960545117,0.786645929800953,76.0146985134458,-0.8065475196260498,-4828.80000000116,-0.8065475196260498,-1.0087977828351204,0.07346654451053973,0.2022502632090707,2.7529573434620334,2.0,0.0,trend,long,True,-0.9243651753327189,-0.9675097276266573,-0.5113035113037138,-1.0132952691682031
BB2.0|ヒゲ0.0|trend|TP15/SL15|TR5-3|short,4977,-7.199220789684121,-5.186133049937553,-5.043703306486526,0,11,-398.65454545462995,-13.927527400678668,-7.554401810745226,0.7777496211525696,74.86437613019892,-0.8810930279286575,-4385.200000000928,-0.8810930279286575,-1.004671279816641,0.060225998145721917,0.12357825188798355,2.051908738631039,2.0,0.0,trend,short,True,-0.8003724394787789,-1.168403547672032,-0.9487039563439813,-0.6524048096194053
BB2.0|ヒゲ0.0|trend|TP30/SL30|TR0-0|both,3925,0.5871123361955428,0.9455804276440052,-0.02319645646700899,7,11,94.5727272727301,-1.1854428627418485,0.31194839708922756,1.0186493516737447,51.69426751592356,0.2650445859872695,1040.3000000000327,0.2650445859872695,-0.2923177360929385,0.18356574805224718,0.557362322080208,3.0363089410425816,2.0,0.0,trend,both,False,1.023320895522361,0.36734006734007885,0.6435028248588125,-1.4069988137604061
BB2.0|ヒゲ0.0|trend|TP30/SL30|TR0-0|long,2305,0.9052430219241698,0.40860896670797847,0.8320269910307423,6,11,113.05454545455,-0.4392029165030984,0.618209833318393,1.0387150199707993,52.49457700650759,0.5395227765726903,1243.6000000000513,0.5395227765726903,0.4802725897369033,0.21186530326656838,0.05925018683578703,0.27965969850777594,2.0,0.0,trend,long,False,0.5465153970826474,0.431034482758626,1.4026378896883178,-0.8928721174004226
BB2.0|ヒゲ0.0|trend|TP30/SL30|TR0-0|short,2174,0.05086176313616772,1.7623465904502555,-1.488386540463814,6,11,6.236363636361799,-1.2491093173332466,-0.3016905705092337,1.0022157264902043,51.24195032198712,0.03155473781047886,68.59999999998104,0.03155473781047886,-0.9318922034585746,0.2035371961564477,0.9634469412690535,4.73351780147598,2.0,0.0,trend,short,False,1.8943749999999753,0.6881868131868095,-0.7491549295774369,-1.8747826086956993
BB2.0|ヒゲ0.0|trend|TP30/SL30|TR5-3|both,8828,-3.616363656616512,-3.2147835485478558,-2.003999263848305,1,11,-402.77272727284884,-9.468820001456299,-4.070889053111448,0.8844563017670903,85.6366107838695,-0.5018690530132912,-4430.500000001335,-0.5018690530132912,-0.62001803949464,0.08610707416777462,0.11814898648134875,1.3721170719509332,2.0,0.0,trend,both,True,-0.6556937427128513,-0.9009523809524336,-0.14779511533263862,-0.5352749047362392
BB2.0|ヒゲ0.0|trend|TP30/SL30|TR5-3|long,5284,-2.8726937272447293,-3.5763469494398636,-0.6967172674242542,2,11,-238.1181818182495,-7.727435277821411,-3.2649748777669,0.8823627160815097,85.95760787282362,-0.495704012112177,-2619.3000000007432,-0.495704012112177,-0.741789187999411,0.10928582650997104,0.24608517588723394,2.251757467056184,2.0,0.0,trend,long,True,-0.9765667574932448,-0.9284334763949108,0.164770844836919,-0.5767008387700492
BB2.0|ヒゲ0.0|trend|TP30/SL30|TR5-3|short,4417,-2.7381663966179683,-1.8737721532078215,-1.9967364919991835,3,11,-221.46363636369327,-6.9027972370506205,-3.279745495186607,0.8767816859376754,85.14829069504188,-0.5515281865521,-2436.1000000006256,-0.5515281865521,-0.6767819323139045,0.0746976560556215,0.12525374576180448,1.676809586482042,2.0,0.0,trend,short,True,-0.2845460845461442,-1.2913308913309276,-0.491887675507246,-0.38636884307012553
BB2.0|ヒゲ0.0|trend|TP20/SL10|TR0-0|both,8114,-2.2997594326913324,-0.014944338522686512,-2.978590686724632,2,11,-265.61818181802624,-7.326001193196376,-2.59626087900379,0.9487393616368309,34.85333990633473,-0.3600936652696923,-2921.799999998283,-0.3600936652696923,-0.7277035799888922,0.10006205032030172,0.36760991471919996,3.6738195304060755,2.0,0.0,trend,both,False,0.021447368421515473,-0.06103585657324334,-0.3650707290532984,-1.03600439077935
BB2.0|ヒゲ0.0|trend|TP20/SL10|TR0-0|long,4431,-1.516801362314478,-0.22261061911868893,-1.8069431751026983,3,11,-126.2727272726447,-5.4227314914068705,-1.8174665475446519,0.9552541717673099,35.025953509365834,-0.31347325660101316,-1388.9999999990894,-0.31347325660101316,-0.49923738629640885,0.09607054448583394,0.18576412969539569,1.9336221178884596,2.0,0.0,trend,long,False,-0.21097972972926501,0.17047756874141615,-0.13813775510202275,-1.0530364372469492
BB2.0|ヒゲ0.0|trend|TP20/SL10|TR0-0|short,3883,-1.9804831598177948,0.2867642771795655,-2.821625558654606,3,11,-156.99090909082992,-5.572241588110605,-2.420358823263229,0.9369519025053042,34.586659799124384,-0.44473345351509797,-1726.8999999991254,-0.44473345351509797,-0.7979109751547983,0.11504359846735383,0.3531775216397003,3.0699450151493846,2.0,0.0,trend,short,False,0.27972508591111406,-0.4309409888352623,-0.7583941605839114,-0.9862630966239708
BB2.0|ヒゲ0.0|trend|TP20/SL10|TR5-3|both,12119,-13.415392251574538,-9.911169795236487,-9.271958776100206,0,11,-1036.045454545329,-24.471887701448956,-14.015305718976732,0.7404252411484196,66.4328739995049,-0.9403828698736378,-11396.499999998618,-0.9403828698736378,-0.9711474507723803,0.03390117933767555,0.030764580898742455,0.9074781910183495,2.0,0.0,trend,both,True,-1.0074473975635536,-0.9958392434986958,-0.7282229070363777,-1.127181745396183
BB2.0|ヒゲ0.0|trend|TP20/SL10|TR5-3|long,6730,-10.638719915496893,-7.790571708436794,-7.348483139402524,0,11,-585.1454545453873,-19.519723605166355,-11.332515485855819,0.7333736521836554,66.76077265973254,-0.9564041604753729,-6436.59999999926,-0.9564041604753729,-1.0453261295502378,0.05380802497483768,0.08892196907486494,1.6525782003046505,2.0,0.0,trend,long,True,-1.132215122470588,-1.0397737162748992,-0.597311361665154,-1.244237652111519
BB2.0|ヒゲ0.0|trend|TP20/SL10|TR5-3|short,5524,-9.037128236501312,-6.71715360519668,-6.267412267820523,0,11,-461.7090909090306,-16.796974619809596,-9.592712546219186,0.7497499371763545,65.94858797972483,-0.9194062273713499,-5078.799999999337,-0.9194062273713499,-0.9747455766276371,0.07445852799928544,0.05533934925628714,0.7432237883727465,2.0,0.0,trend,short,True,-0.837892376681496,-1.0433925049308366,-0.9085040347608994,-0.9528251121075072
BB2.0|ヒゲ0.0|trend|TP10/SL20|TR0-0|both,7425,-3.922719689776212,-1.1494780648833691,-4.1804089600209515,1,11,-429.59090909105925,-8.831451506218308,-4.1708921087164645,0.9064081361839998,67.05723905723906,-0.6364309764311983,-4725.500000001647,-0.6364309764311983,-0.960254448197421,0.08526857173486992,0.3238234717662227,3.7976884704144473,2.0,0.0,trend,both,False,-0.2754468485423381,-0.2320987654325746,-0.7321959052589725,-1.2768361581920642
BB2.0|ヒゲ0.0|trend|TP10/SL20|TR0-0|long,4185,-2.171016493738828,-1.0646364818105567,-1.9491242026667301,2,11,-174.500000000087,-6.057964224742626,-2.4793151419243316,0.9313078175603989,67.6463560334528,-0.45866188769437394,-1919.500000000955,-0.45866188769437394,-0.7106471018353848,0.0765948746092927,0.2519852141410109,3.2898443326185602,2.0,0.0,trend,long,False,-0.4024085637828133,-0.13917963224941424,-0.3095270733379686,-1.0227171492204772
BB2.0|ヒゲ0.0|trend|TP10/SL20|TR0-0|short,3694,-3.327209584037217,-0.1797094057284187,-4.3299971857535295,2,11,-257.9363636364408,-6.895192426514542,-3.645119828555165,0.888432758057948,66.5674066053059,-0.7680833784517718,-2837.300000000845,-0.7680833784517718,-1.1093790129064665,0.14229357191049732,0.3412956344546947,2.39853164041289,2.0,0.0,trend,short,False,0.08336206896504175,-0.4786809815955655,-1.3112588652482406,-1.5156498673739665
BB2.0|ヒゲ0.0|trend|TP10/SL20|TR5-3|both,9819,-10.031141057866584,-7.253238818209365,-6.999778444296686,0,11,-892.7272727273164,-18.05513286386343,-10.36392746234418,0.7585158809006056,80.00814746919238,-1.0001018433649536,-9820.000000000478,-1.0001018433649536,-1.0845316113965093,0.03891083922907018,0.08442976803155577,2.1698264469320034,2.0,0.0,trend,both,True,-1.0166782006922275,-1.1640119760480792,-0.8789130434782083,-1.0337420304069727
BB2.0|ヒゲ0.0|trend|TP10/SL20|TR5-3|long,5597,-7.226920204784983,-5.559583579986413,-4.75117324193589,0,11,-467.1727272727528,-13.863016215223148,-7.594930687665356,0.7716166248910993,80.5252814007504,-0.9181525817402679,-5138.90000000028,-0.9181525817402679,-1.104685786102419,0.08645496195982298,0.18653320436215115,2.15757661716208,2.0,0.0,trend,long,True,-1.0453246753248646,-1.0628192032688248,-0.5742203742203412,-1.1991334488733725
BB2.0|ヒゲ0.0|trend|TP10/SL20|TR5-3|short,4674,-7.718349496003863,-5.3034024188851285,-5.617272213179226,0,11,-468.7272727272928,-13.570326147542177,-8.092271565395778,0.7422167559108496,79.33247753530168,-1.1031236628156227,-5156.00000000022,-1.1031236628156227,-1.1211103881332523,0.0538590220946626,0.01798672531762957,0.3339593742718928,2.0,0.0,trend,short,True,-0.9217018469658754,-1.3747380675205279,-1.2846715328466343,-0.8803013993540688
BB2.0|ヒゲ0.33|none|TP20/SL20|TR0-0|both,9199,-4.534754208434936,-2.9136777504348133,-3.4807383700771366,2,11,-776.5363636363633,-8.338466113260523,-4.828205775136523,0.9107216766376917,49.69018371562126,-0.9285683226437644,-8541.899999999989,-0.9285683226437644,-0.8960326848183554,0.23017100354551728,-0.032535637825409025,-0.1413541989400718,2.0,0.33,none,both,False,-1.1605087572977522,-0.8202861952861987,-0.8738421955403014,-0.8169267139479909
BB2.0|ヒゲ0.33|none|TP20/SL20|TR0-0|long,6368,-2.3084131843841478,-1.980552328554744,-1.381265808030501,3,11,-340.07272727272965,-5.364922416984995,-2.540698191011346,0.9423854115327726,50.471105527638194,-0.5874371859296514,-3740.80000000002,-0.5874371859296514,-0.503330879087029,0.09777907108920146,-0.08410630684262244,-0.8601667606955921,2.0,0.33,none,long,False,-0.6209095951192442,-0.7892508143322469,-0.32477758007118673,-0.8340257879656138
BB2.0|ヒゲ0.33|none|TP20/SL20|TR0-0|short,5849,-4.207190019966168,-1.2176815427407486,-4.481681124044293,2,11,-582.1909090909004,-7.216421699989535,-4.49036496770022,0.8952210483948804,49.29047700461617,-1.0949051119849373,-6404.0999999998985,-1.0949051119849373,-1.1773266423300472,0.08693185089331618,0.0824215303451099,0.9481165936091549,2.0,0.33,none,short,False,-0.4535779816513725,-0.8726757369614483,-1.6929406037000627,-1.1075899843505308
BB2.0|ヒゲ0.33|none|TP20/SL20|TR5-3|both,17820,-11.650422651571724,-9.966313584430807,-6.812580822867231,0,11,-1419.3999999999971,-22.257479304912028,-12.01016550391727,0.7923007033100896,79.668911335578,-0.8761728395061711,-15613.399999999969,-0.8761728395061711,-0.894690883460391,0.0720726489067653,0.018518043954219965,0.2569358034581925,2.0,0.33,none,both,True,-1.0356426272952306,-1.3341289633061666,-0.7258387581370868,-0.547927253276161
BB2.0|ヒゲ0.33|none|TP20/SL20|TR5-3|long,10250,-8.25679843670845,-7.691149597127887,-4.300321430263194,0,11,-795.5181818181917,-15.744259182672085,-8.556645257735834,0.7966495168778952,79.71707317073171,-0.853726829268303,-8750.700000000106,-0.853726829268303,-0.9312738752756206,0.0491501600810921,0.07754704600731754,1.5777577505215417,2.0,0.33,none,long,True,-1.150829808005347,-1.1203529411766058,-0.46835518474364574,-0.8193305044789108
BB2.0|ヒゲ0.33|none|TP20/SL20|TR5-3|short,9508,-9.095532103816883,-7.20509296902939,-5.827008875604966,0,11,-851.1636363636361,-16.37908539381474,-9.548884515975457,0.7724216718115705,79.15439629785443,-0.9847286495582662,-9362.799999999996,-0.9847286495582662,-1.000122494510753,0.055827635160707656,0.015393844952486746,0.2757387968910632,2.0,0.33,none,short,True,-0.955140507196843,-1.5357273280585502,-1.1013166556944192,-0.3701938187531497
BB2.0|ヒゲ0.33|none|TP15/SL15|TR0-0|both,12577,-6.3636570145266385,-4.601144741296508,-4.482312423226307,1,11,-967.0727272727298,-12.198556737997727,-6.6177137065991785,0.8930938837859056,49.83700405502107,-0.8458137870716402,-10637.80000000002,-0.8458137870716402,-0.8747473073934362,0.10592312376144891,0.02893352032179597,0.2731558444873434,2.0,0.33,none,both,False,-1.0155529953917126,-0.9688989784336046,-0.7791648351648345,-0.6657357679914021
BB2.0|ヒゲ0.33|none|TP15/SL15|TR0-0|long,8016,-3.6025417420341013,-3.1055980027646113,-2.1045807841830917,2,11,-456.7636363636322,-8.02343412610858,-3.886211438021633,0.9195076000307623,50.57385229540918,-0.6267964071856221,-5024.399999999947,-0.6267964071856221,-0.5693228900977118,0.060952603056132065,-0.057473517087910375,-0.9429214538217875,2.0,0.33,none,long,False,-1.0116397621070599,-0.2611244979919459,-0.44141859610436124,-0.6584905660377304
BB2.0|ヒゲ0.33|none|TP15/SL15|TR0-0|short,7577,-4.954929068575279,-2.0608328185441778,-4.82854628589887,0,11,-577.381818181819,-9.553885180326667,-5.204359426346477,0.8938565412126512,49.82182922000792,-0.8382209317671904,-6351.200000000002,-0.8382209317671904,-1.129960159208838,0.08617837942915625,0.2917392274416476,3.385294889206806,2.0,0.33,none,short,False,-0.5407492005481854,-0.7130575831305712,-1.3713782302271142,-0.4908182386008627
BB2.0|ヒゲ0.33|none|TP15/SL15|TR5-3|both,19754,-15.311959854214399,-13.160215513539997,-8.920230351527671,0,11,-1703.000000000341,-27.9964544325061,-15.679728646737345,0.7605856468966994,74.90128581553103,-0.9483142654654121,-18733.00000000375,-0.9483142654654121,-0.9770132425061844,0.045807345395262995,0.02869897704077229,0.6265147389165252,2.0,0.33,none,both,True,-1.1659729272421688,-1.323621065752782,-0.7523215101234709,-0.6523856369898603
BB2.0|ヒゲ0.33|none|TP15/SL15|TR5-3|long,11151,-11.121899298113686,-10.55550065200556,-5.582867406584569,0,11,-964.3363636365615,-20.00312765703167,-11.472642704998625,0.7597110470805292,74.89911218724778,-0.9512779122950566,-10607.700000002176,-0.9512779122950566,-1.046883976138703,0.07878241747825541,0.09560606384364634,1.2135456984426047,2.0,0.33,none,long,True,-1.287651761919068,-1.3219042663893823,-0.564897165091887,-0.7480479148183148
BB2.0|ヒゲ0.33|none|TP15/SL15|TR5-3|short,10408,-11.687529411838945,-8.91551681827804,-7.735594355877232,0,11,-966.8000000001744,-20.533257917572858,-12.076689043464993,0.7461831286769167,74.50038431975403,-1.021790930053989,-10634.800000001916,-1.021790930053989,-1.1031984822478937,0.07691386626938575,0.08140755219390483,1.0584249127300434,2.0,0.33,none,short,True,-1.0855185300531436,-1.2915800984146268,-1.069077155824683,-0.6076587493942521
BB2.0|ヒゲ0.33|none|TP30/SL30|TR0-0|both,5672,-3.1154917855486546,-1.6882054130096167,-2.62183955898068,2,11,-620.318181818188,-5.148483661987953,-3.3870505599292846,0.9205130684273741,49.22425952045134,-1.2030148095909847,-6823.5000000000655,-1.2030148095909847,-0.8869862746195734,0.2814750778705724,-0.31602853497141137,-1.1227584955735488,2.0,0.33,none,both,False,-0.6739099859353032,-2.0990540540540388,-1.4957559681697947,-0.743990384615384
BB2.0|ヒゲ0.33|none|TP30/SL30|TR0-0|long,4328,-0.45194237356811756,-1.4082326250741752,0.5100294960087041,7,11,-78.6909090909041,-2.238745677106427,-0.7030038209423074,0.9861847722865519,51.08595194085028,-0.19999999999998658,-865.5999999999419,-0.19999999999998658,-0.2672460500037842,0.19973961098872764,0.06724605000379763,0.33666857400454575,2.0,0.33,none,long,False,-0.775935374149667,-0.5667768595041297,0.7869781931464562,-0.9270700636942653
BB2.0|ヒゲ0.33|none|TP30/SL30|TR0-0|short,4044,-3.3123877535636264,-0.32957728101528583,-3.9799713195590622,2,11,-565.0363636363728,-5.021267145979472,-3.580361610539253,0.8987041814634875,48.788328387734914,-1.5369436201780662,-6215.4000000001,-1.5369436201780662,-1.5167368395842573,0.2494029100740012,-0.02020678059380887,-0.08102062878020648,2.0,0.33,none,short,False,-0.34380692167577703,-0.7630615640598918,-3.272226004084489,-0.6534246575342317
BB2.0|ヒゲ0.33|none|TP30/SL30|TR5-3|both,15151,-5.568462356028063,-5.791526378651971,-2.542071155087597,1,11,-802.0727272729256,-13.32680860863858,-6.003523957713579,0.8694247484411859,85.32770114183882,-0.5823245990365108,-8822.800000002175,-0.5823245990365108,-0.6772626008401265,0.05706514900241424,0.09493800180361567,1.6636774539850787,2.0,0.33,none,both,True,-0.8287696156470873,-1.2236830256641682,-0.31789912779693114,-0.24065664314231422
BB2.0|ヒゲ0.33|none|TP30/SL30|TR5-3|long,9034,-4.77176300124986,-5.706379225953068,-1.3451787321858326,2,11,-527.0090909092129,-10.660472514140722,-5.059377025139218,0.8562982757081778,85.25570068629621,-0.6416980296658557,-5797.10000000134,-0.6416980296658557,-0.6650542244447023,0.0736351193942586,0.02335619477884665,0.31718825162477776,2.0,0.33,none,long,True,-1.1729323308271316,-1.1411724137931623,-0.05364651774000875,-0.45696808510664666
BB2.0|ヒゲ0.33|none|TP30/SL30|TR5-3|short,8396,-4.940514926038597,-4.4090123007356485,-2.801236529535639,1,11,-556.045454545557,-10.399325313950651,-5.485182483735604,0.841551712971931,84.84992853739877,-0.7285016674608293,-6116.500000001123,-0.7285016674608293,-0.8569957861260706,0.07064232692697384,0.1284941186652413,1.818939497817951,2.0,0.33,none,short,True,-0.8214986269125688,-1.3222460658083393,-0.8101957886961835,0.011021814006682562
BB2.0|ヒゲ0.33|none|TP20/SL10|TR0-0|both,13562,-5.775797582136311,-3.0410083428924035,-4.976713779878925,1,11,-854.4454545452012,-12.16742358355521,-6.10155698854415,0.9030390499190933,33.74870962984811,-0.6930320011795609,-9398.899999997204,-0.6930320011795609,-0.809457222767407,0.12482833578537292,0.11642522158784607,0.9326826385639317,2.0,0.33,none,both,False,-0.6309715512609356,-0.6807957559677001,-0.7611764705881985,-0.6660046342270857
BB2.0|ヒゲ0.33|none|TP20/SL10|TR0-0|long,8923,-3.072643646180877,-2.0281438373230936,-2.3072024465743604,2,11,-374.7999999998239,-8.150719221747913,-3.330316786280298,0.9345332708752089,34.539952930628715,-0.46204191415421475,-4122.799999998058,-0.46204191415421475,-0.5689868179130693,0.05188030679178291,0.10694490375885451,2.061377628086676,2.0,0.33,none,long,False,-0.5123006833708296,-0.28199999999953657,-0.33437708194534677,-0.728563857975628
BB2.0|ヒゲ0.33|none|TP20/SL10|TR0-0|short,8394,-5.724884759628807,-2.543975970703976,-5.394310778701435,1,11,-680.9999999998228,-10.652091053915884,-6.032060675871204,0.8763040829065083,33.09506790564689,-0.8924231593993384,-7490.999999998046,-0.8924231593993384,-0.9740443049141156,0.126519382611742,0.08162114551477728,0.6451275988695996,2.0,0.33,none,short,False,-0.5785004142497376,-0.8913138686126671,-1.2287729196050154,-0.7827508455467876
BB2.0|ヒゲ0.33|none|TP20/SL10|TR5-3|both,22653,-20.16861766302547,-17.00897726345945,-12.097645326573875,0,11,-2087.5454545452053,-35.31090022949345,-20.714814168006026,0.7244686876056091,65.92504304065687,-1.0136847216702978,-22962.999999997257,-1.0136847216702978,-1.0043721975371331,0.04799182447874129,-0.009312524133164635,-0.19404396966174434,2.0,0.33,none,both,True,-1.1764944275581362,-1.3912384378210376,-0.783804945054818,-0.8122922134732145
BB2.0|ヒゲ0.33|none|TP20/SL10|TR5-3|long,12504,-14.524927088395245,-13.274705500142437,-7.827890769206136,0,11,-1145.9999999998715,-25.07138126278993,-14.951048883758252,0.7245390957383048,66.09085092770314,-1.0081573896352036,-12605.999999998587,-1.0081573896352036,-1.0345405639966792,0.07404107164726072,0.026383174361475525,0.3563316112868771,2.0,0.33,none,long,True,-1.3084437516236767,-1.2896074933094124,-0.6427189409367539,-0.8667605633801946
BB2.0|ヒゲ0.33|none|TP20/SL10|TR5-3|short,11729,-14.932528403922596,-11.59263261999124,-9.646520583146296,0,11,-1130.5999999998635,-25.537110802744618,-15.440453270671732,0.7156458136605258,65.46167618722824,-1.060329098814775,-12436.599999998498,-1.060329098814775,-1.0168462137028274,0.05325332301066064,-0.043482885111947756,-0.8165290474594991,2.0,0.33,none,short,True,-1.1009873834337762,-1.499861751151928,-0.9666116157444323,-0.7263157894735721
BB2.0|ヒゲ0.33|none|TP10/SL20|TR0-0|both,13103,-8.13759145720095,-3.770419449322899,-7.490176866241794,1,11,-1201.8000000002403,-14.374165729143973,-8.420971180673636,0.8572476014102365,65.91620239639778,-1.0089139891629881,-13219.800000002633,-1.0089139891629881,-0.8753358314819456,0.09202763848465802,-0.13357815768104253,-1.4515004392219781,2.0,0.33,none,both,False,-0.6676390403494379,-0.9159893048133031,-1.2850171232876846,-1.0557898375388728
BB2.0|ヒゲ0.33|none|TP10/SL20|TR0-0|long,8124,-4.663814594147592,-2.9201381128613635,-3.637343336325309,1,11,-558.518181818347,-9.414129667011267,-4.884282306287403,0.890235012881544,66.69128508124076,-0.7562407680947578,-6143.700000001812,-0.7562407680947578,-0.7328023592184352,0.12041306126386325,-0.023438408876322647,-0.19465005399174803,2.0,0.33,none,long,False,-0.9245307167240193,-0.23599689681971545,-0.8984660336012003,-0.6916143753565378
BB2.0|ヒゲ0.33|none|TP10/SL20|TR0-0|short,7509,-7.137248624082443,-2.7712267597137186,-7.088805467971101,0,11,-788.400000000146,-11.927842569215457,-7.366000375711072,0.8388065693701665,65.34824876814488,-1.154934079105287,-8672.400000001599,-1.154934079105287,-1.1064835409575486,0.08493095459113978,-0.048450538147738254,-0.570469723094255,2.0,0.33,none,short,False,-0.49039066008130033,-1.1566775244304337,-1.7443460764587546,-1.1632887189292338
BB2.0|ヒゲ0.33|none|TP10/SL20|TR5-3|both,17826,-14.856474069263475,-11.667784183521173,-9.557990455328849,0,11,-1745.436363636438,-25.669719544131453,-15.137583657196753,0.7445921479890915,79.67575451587568,-1.077067205205925,-19199.800000000818,-1.077067205205925,-1.064899113229746,0.06940820663721627,-0.012168091976178852,-0.17531200654382553,2.0,0.33,none,both,True,-1.192448902346893,-1.4553183920315003,-0.9680740987983266,-0.8043059641614629
BB2.0|ヒゲ0.33|none|TP10/SL20|TR5-3|long,10250,-10.37960413156654,-9.001267226945524,-5.9818491737942034,0,11,-982.4272727273311,-17.904459558669103,-10.638580220315772,0.7488717855764965,79.71707317073171,-1.0543121951220138,-10806.700000000641,-1.0543121951220138,-1.104417707724634,0.06787492184356878,0.050105512602620195,0.7382036139665589,2.0,0.33,none,long,True,-1.3252196550603972,-1.276058823529596,-0.7236293206197468,-1.00730787364444
BB2.0|ヒゲ0.33|none|TP10/SL20|TR5-3|short,9508,-11.685832729559019,-8.50893516399595,-8.095687369659224,0,11,-1043.054545454581,-19.23719223893987,-11.995923423842418,0.7211151892272765,79.15439629785443,-1.2067311737484636,-11473.600000000391,-1.2067311737484636,-1.226757691959612,0.0492403229749738,0.020026518211148314,0.40670972490019436,2.0,0.33,none,short,True,-1.131185743660228,-1.6250760803410118,-1.3564516129031394,-0.7238868517547545
BB2.5|ヒゲ0.0|none|TP20/SL20|TR0-0|both,8417,-3.4747704937701416,-0.9727671335934189,-3.6387911671007194,3,11,-547.2727272727221,-7.286979350982282,-3.75333907235877,0.9304069574546042,50.219793275513844,-0.7152191992396267,-6019.999999999938,-0.7152191992396267,-0.9071003665581461,0.2021649122823995,0.19188116731851934,0.9491319000523937,2.5,0.0,none,both,False,-0.1452132288946832,-0.5092924126172149,-1.5347004165331277,-0.1638904109589429
BB2.5|ヒゲ0.0|none|TP20/SL20|TR0-0|long,5814,-3.13892460046391,-2.668286970054214,-1.8657732058678704,3,11,-443.48181818181746,-6.0393438614824175,-3.3447419283654174,0.9186689740717009,49.9312005503956,-0.8390608875128978,-4878.299999999987,-0.8390608875128978,-0.5002676336118047,0.09583936359251002,-0.33879325390109305,-3.5350115151178882,2.5,0.0,none,long,False,-0.8528891509433991,-1.177047289504036,-0.7196508728179465,-0.7772070626003217
BB2.5|ヒゲ0.0|none|TP20/SL20|TR0-0|short,5140,-3.3101860743056513,-0.3740819835693137,-3.9998143461873465,2,11,-428.52727272726645,-6.161285073039173,-3.555533302970825,0.9113539129862428,49.708171206225686,-0.9170817120622426,-4713.799999999927,-0.9170817120622426,-1.2083610014120953,0.10050480313837551,0.2912792893498527,2.898162876343511,2.5,0.0,none,short,False,-0.14648541114057392,-0.7874999999999996,-1.9659284497444167,-0.3582929194956602
BB2.5|ヒゲ0.0|none|TP20/SL20|TR5-3|both,15547,-10.061046759152207,-9.027880052383349,-5.551249433542373,0,11,-1229.2363636363689,-19.394071645220244,-10.445610613348775,0.7972557798506237,79.3400656075127,-0.8697240625201039,-13521.600000000055,-0.8697240625201039,-0.8680772125508509,0.06439221440460445,-0.001646849969253017,-0.02557529640004517,2.5,0.0,none,both,True,-1.0690456257849865,-1.2909484454940279,-0.8252835353929163,-0.2931599229286108
BB2.5|ヒゲ0.0|none|TP20/SL20|TR5-3|long,9051,-7.415230607330973,-7.546671276839941,-3.1781423185865565,0,11,-704.5090909091005,-14.152874955243231,-7.671368683002463,0.8007184791077834,79.25091150149154,-0.8562147828969291,-7749.600000000105,-0.8562147828969291,-0.9347188641830793,0.06310137052524485,0.07850408128615016,1.244094710347744,2.5,0.0,none,long,True,-1.2614423420208563,-1.2924738219896694,-0.44014573213034724,-0.5287499999998956
BB2.5|ヒゲ0.0|none|TP20/SL20|TR5-3|short,7998,-8.65055358316873,-6.677671123659268,-5.667453641270748,0,11,-746.2363636363708,-15.316608581421573,-9.003271452417804,0.7666751939967531,78.81970492623157,-1.0263315828957336,-8208.600000000077,-1.0263315828957336,-0.9942513150550292,0.0580763500012765,-0.03208026784070439,-0.5523809233879071,2.5,0.0,none,short,True,-1.0348634744758007,-1.546685082873035,-1.2587559429475887,-0.11794529686448409
BB2.5|ヒゲ0.0|none|TP15/SL15|TR0-0|both,11331,-5.849941810170615,-3.21862116716727,-4.9405527029689615,0,11,-859.5636363636386,-11.31459860436554,-6.175718892779167,0.8943969585180406,49.89850851645927,-0.8344541523254803,-9455.200000000017,-0.8344541523254803,-0.8644501170611314,0.1881781044906995,0.029995964735651137,0.15940199215437234,2.5,0.0,none,both,False,-0.6510085574572075,-0.9551869722557371,-1.1085914085914197,-0.5434292866082507
BB2.5|ヒゲ0.0|none|TP15/SL15|TR0-0|long,7298,-3.873562877874167,-3.3787702148946,-2.184908454745159,1,11,-468.5818181818162,-8.0950348561551,-4.10532855977212,0.9097927003211471,50.30145245272677,-0.706275691970399,-5154.399999999971,-0.706275691970399,-0.6442876174870509,0.11772384606868272,-0.06198807448334809,-0.5265549551208415,2.5,0.0,none,long,False,-0.7607497741644067,-0.8711225364181685,-0.7790988735919893,-0.38552631578945795
BB2.5|ヒゲ0.0|none|TP15/SL15|TR0-0|short,6483,-5.133708072331144,-2.087469011776566,-5.037971295433431,0,11,-562.8000000000037,-9.332104051513202,-5.373848510701767,0.8799294798069067,49.46783896344285,-0.9549282739472523,-6190.800000000037,-0.9549282739472523,-1.0805349899092769,0.06344535920773163,0.12560671596202455,1.9797620744925621,2.5,0.0,none,short,False,-0.6401821862348113,-1.015765765765773,-1.5886907555138736,-0.32606635071088264
BB2.5|ヒゲ0.0|none|TP15/SL15|TR5-3|both,17117,-15.053399875597972,-13.000360445243194,-8.655777983165908,0,11,-1643.227272727572,-26.388783691819057,-15.457249803354262,0.7425399176719898,74.03750657241339,-1.0559969620846696,-18075.50000000329,-1.0559969620846696,-1.0034730849395659,0.05958313152334539,-0.05252387714510376,-0.8815226021566904,2.5,0.0,none,both,True,-1.2632725906445819,-1.485219478738198,-0.997439157283145,-0.4532325029657757
BB2.5|ヒゲ0.0|none|TP15/SL15|TR5-3|long,9786,-10.202922207571529,-9.491545953734212,-5.14161518599722,0,11,-875.3909090910801,-18.08372519306422,-10.478970233225668,0.757827177135978,74.23870835888003,-0.9839873288373066,-9629.300000001882,-0.9839873288373066,-1.0124487961589916,0.056507163354178686,0.028461467321685086,0.5036789255070679,2.5,0.0,none,long,True,-1.2115548281507857,-1.532322053675825,-0.676514657980613,-0.6290190035954716
BB2.5|ヒゲ0.0|none|TP15/SL15|TR5-3|short,8666,-11.72479781382366,-8.701731778670892,-7.941270615634814,0,11,-922.9000000001546,-19.44584046376253,-12.071479573979019,0.719297906050104,73.5748903761828,-1.1714631894763097,-10151.9000000017,-1.1714631894763097,-1.1193533732687417,0.06638228411649624,-0.05210981620756794,-0.7849958298530203,2.5,0.0,none,short,True,-1.1832251082253136,-1.5827672955976764,-1.3589086859690196,-0.4313664596275074
BB2.5|ヒゲ0.0|none|TP30/SL30|TR0-0|both,5405,-2.955082806462642,-1.2917342894404789,-2.717971317374057,3,11,-566.3181818181879,-4.980855373373733,-3.274310008426715,0.9236345983874943,49.306197964847364,-1.1525439407955718,-6229.5000000000655,-1.1525439407955718,-0.9148587099624554,0.23826768363315495,-0.23768523083311632,-0.9975554687435692,2.5,0.0,none,both,False,-0.29425367904695393,-1.1477428180574525,-1.7327062228654366,-1.1743611584327218
BB2.5|ヒゲ0.0|none|TP30/SL30|TR0-0|long,4051,-0.9777692900543024,-1.8387678148192885,0.1567919178181731,4,11,-167.06363636363315,-2.679355224664367,-1.2221334850237588,0.9688749102340021,50.60478894100222,-0.4536410762774534,-1837.699999999964,-0.4536410762774534,-0.2673055229735726,0.22080974753687702,-0.18633555330388085,-0.8438737663642376,2.5,0.0,none,long,False,-1.2790079716563323,-0.2841836734694,0.2038329911020088,-0.6006872852233577
BB2.5|ヒゲ0.0|none|TP30/SL30|TR0-0|short,3672,-2.3273953272865215,0.15781607998667282,-3.1117524530528935,4,11,-378.8363636363703,-3.960319587985427,-2.6804990802711552,0.9239469059173288,49.37363834422658,-1.1348583877995837,-4167.200000000072,-1.1348583877995837,-1.4876848956604547,0.2653797666179147,0.352826507860871,1.329515480239529,2.5,0.0,none,short,False,0.1412897016361844,-0.7987697715290226,-2.652486610558579,-0.5187582562747557
BB2.5|ヒゲ0.0|none|TP30/SL30|TR5-3|both,13486,-5.151817717582034,-5.700424941197808,-2.0247509497489737,2,11,-738.7818181819925,-12.102740084386845,-5.576916879055907,0.8682865714410453,84.98442829601068,-0.6025952839983623,-8126.600000001913,-0.6025952839983623,-0.7160348509040726,0.08663760298779292,0.11343956690571033,1.3093571727935935,2.5,0.0,none,both,True,-1.0500123609394896,-0.8439828080229613,-0.5371893556192944,0.11807142857119088
BB2.5|ヒゲ0.0|none|TP30/SL30|TR5-3|long,8109,-3.921351973047473,-4.863245519380985,-0.9092674459326252,2,11,-432.85454545465177,-9.21911336916843,-4.152345443694587,0.8712895107465689,84.91799235417437,-0.5871747441116248,-4761.400000001166,-0.5871747441116248,-0.6725220283266362,0.10439376603674097,0.08534728421501137,0.8175515402421034,2.5,0.0,none,long,True,-1.1891033373543056,-0.880923542770681,-0.2327500950933837,-0.017045454545713944
BB2.5|ヒゲ0.0|none|TP30/SL30|TR5-3|short,7126,-4.669412012218042,-3.987548028227396,-2.782140835805655,2,11,-483.3454545455416,-9.700163449616987,-5.00936600592458,0.8404810052144636,84.59163626157732,-0.746112826270131,-5316.800000000953,-0.746112826270131,-0.8423256988661644,0.11039308290676104,0.0962128725960334,0.8715480178889072,2.5,0.0,none,short,True,-0.8116824537664074,-1.3725409836065796,-0.9322989510491714,0.2072091363309785
BB2.5|ヒゲ0.0|none|TP20/SL10|TR0-0|both,12059,-3.7808655424411266,-1.7108592599954375,-3.470772921370802,2,11,-535.5454545452257,-9.804268422637334,-4.057107442422989,0.9309228038001508,34.47217845592503,-0.48851480222219706,-5890.999999997474,-0.48851480222219706,-0.7383952727055079,0.07544535256404707,0.2498804704833108,3.312072407259046,2.5,0.0,none,both,False,-0.5255411255406557,-0.1267787114841321,-0.8472757162986897,-0.09251274010196221
BB2.5|ヒゲ0.0|none|TP20/SL10|TR0-0|long,7946,-2.5506229879828064,-2.6702967948132224,-1.0671480765061612,3,11,-303.8818181816619,-7.210949355346964,-2.8033184202133357,0.9402640199149995,34.75962748552731,-0.420677070223795,-3342.6999999982754,-0.420677070223795,-0.5244175796151314,0.10572313055159005,0.10374050939133633,0.9812470445217638,2.5,0.0,none,long,False,-0.6940149625930463,-0.4242138364775217,-0.16019083969464232,-0.43300970873788647
BB2.5|ヒゲ0.0|none|TP20/SL10|TR0-0|short,7140,-4.89165575222405,-1.4250479133415361,-5.36655402904744,1,11,-537.9272727271136,-9.46298764831974,-5.157608482328327,0.8847556130319223,33.37535014005602,-0.8287394957980734,-5917.199999998244,-0.8287394957980734,-0.937120837522565,0.08997788295862477,0.10838134172449165,1.2045331381527336,2.5,0.0,none,short,False,-0.5441636029407074,-0.4242497972420352,-1.4607341015790956,-0.5673631123919423
BB2.5|ヒゲ0.0|none|TP20/SL10|TR5-3|both,19458,-18.010664268386705,-14.869157258335477,-10.978521967251002,0,11,-1794.6999999997815,-31.881990900226896,-18.6073769073966,0.7282109033937859,65.42810155206085,-1.0145801212867505,-19741.69999999759,-1.0145801212867505,-1.0127565164294234,0.04750465411484446,-0.0018236048573270214,-0.03838791990608713,2.5,0.0,none,both,True,-1.146677471636829,-1.3618386816997634,-0.901423662248287,-0.658284023668529
BB2.5|ヒゲ0.0|none|TP20/SL10|TR5-3|long,10951,-11.881532170938248,-10.664441496186907,-6.324700393984635,0,11,-924.9818181816992,-21.4068142665776,-12.239327198274708,0.747867049602422,65.86613094694549,-0.9291206282530081,-10174.799999998691,-0.9291206282530081,-1.0078669095074362,0.03453377687755316,0.07874628125442806,2.2802684320814297,2.5,0.0,none,long,True,-1.215266512166735,-1.2710606060604681,-0.6478569317172883,-0.5951779026216326
BB2.5|ヒゲ0.0|none|TP20/SL10|TR5-3|short,9682,-13.905562834817573,-10.555267669957184,-9.250789654239384,0,11,-949.9272727271648,-23.611728177848484,-14.294770109214657,0.7137519175980891,65.0898574674654,-1.0792398264820091,-10449.199999998813,-1.0792398264820091,-1.0267600144580433,0.041330126933389257,-0.05247981202396579,-1.2697713730360956,2.5,0.0,none,short,True,-1.0691891891890712,-1.4350971922244624,-1.128193832599009,-0.6340830449825854
BB2.5|ヒゲ0.0|none|TP10/SL20|TR0-0|both,11828,-6.814535852830775,-3.1357317910645994,-6.271504455105065,0,11,-944.2545454547802,-12.928588743811268,-7.101020737959404,0.874078635993293,66.30875887724045,-0.8781535339873672,-10386.800000002579,-0.8781535339873672,-0.9580535163871471,0.1412539002031918,0.07989998239977991,0.5656479735061819,2.5,0.0,none,both,False,-0.5484366117116737,-0.7036613272315925,-1.3961848862802784,-0.6139911039223724
BB2.5|ヒゲ0.0|none|TP10/SL20|TR0-0|long,7321,-5.362124158144257,-4.1700828202606575,-3.466638305065666,1,11,-601.7545454546977,-9.912936692304708,-5.554383907273139,0.8706670339954667,66.19314301324955,-0.9041524381917317,-6619.300000001668,-0.9041524381917317,-0.7708438083999244,0.08887020931468258,-0.13330862979180735,-1.500037310813253,2.5,0.0,none,long,False,-1.1362652232751642,-0.6963979416814291,-0.9987520798669156,-0.5783572359843674
BB2.5|ヒゲ0.0|none|TP10/SL20|TR0-0|short,6483,-6.475966204695069,-2.1721554532326124,-6.672884685981502,0,11,-664.1636363637695,-10.989308808462413,-6.6967517050034076,0.8421718917423866,65.4018201449946,-1.1269165509797103,-7305.800000001462,-1.1269165509797103,-1.1953652212326822,0.07493432804386452,0.06844867025297185,0.9134487762791956,2.5,0.0,none,short,False,-0.5266197890512022,-1.0348174532506897,-1.728270042194101,-1.1398058252426995
BB2.5|ヒゲ0.0|none|TP10/SL20|TR5-3|both,15549,-13.431007757424483,-10.750186943012903,-8.496273667079326,0,11,-1566.1818181818971,-23.10021566536098,-13.72229509345494,0.7416010595136313,79.34915428644929,-1.1079812206573327,-17228.000000000866,-1.1079812206573327,-1.0859163946688706,0.08753100570402658,-0.022064825988462156,-0.2520801150517014,2.5,0.0,none,both,True,-1.2356215989955979,-1.408572552103989,-1.1183809151348534,-0.6495825305073276
BB2.5|ヒゲ0.0|none|TP10/SL20|TR5-3|long,9051,-9.804966056060918,-8.89204850935769,-5.189569018597428,0,11,-904.9818181818669,-16.65320966770016,-10.053197452492102,0.7438746079568804,79.2619600044194,-1.0998563694619972,-9954.800000000536,-1.0998563694619972,-1.1083450563831996,0.04675286667032181,0.008488686921202415,0.18156505741263856,2.5,0.0,none,long,True,-1.4544448411283755,-1.4518979057593493,-0.7401110340040978,-0.8311956521738365
BB2.5|ヒゲ0.0|none|TP10/SL20|TR5-3|short,7998,-11.369978596416686,-8.075922219286578,-8.045844668469742,0,11,-933.6727272727693,-18.301442994788037,-11.624770822121464,0.7080696967112745,78.81970492623157,-1.284121030257622,-10270.400000000462,-1.284121030257622,-1.2715084938595775,0.0658407269038171,-0.012612536398044494,-0.19156131760922712,2.5,0.0,none,short,True,-1.2218440838941427,-1.6612569060775064,-1.560499207606898,-0.559439626417561
BB2.0|ヒゲ0.0|none|TP20/SL20|TR0-0|both,11414,-5.210007090759393,-3.3551795907600552,-3.9953486465016286,1,11,-979.7454545454565,-9.456545782340928,-5.553401100407627,0.9093203824678638,49.58822498685824,-0.9442088663045395,-10777.200000000013,-0.9442088663045395,-0.8524514179292504,0.17125609612539533,-0.0917574483752891,-0.5357908445378985,2.0,0.0,none,both,False,-1.0778333929209902,-0.9750874737578713,-1.0241486068111416,-0.6518754688672248
BB2.0|ヒゲ0.0|none|TP20/SL20|TR0-0|long,7842,-2.661199137314541,-2.41900795987725,-1.4852182136304097,2,11,-437.0727272727319,-5.98825993539699,-2.895015998301297,0.9400281410445093,50.43356286661565,-0.6130833970925841,-4807.800000000045,-0.6130833970925841,-0.6174148552792943,0.11530455520907022,0.004331458186710213,0.03756536919860983,2.0,0.0,none,long,False,-0.8771642489471255,-0.6105360443622858,-0.4406857546836421,-0.5719063545150618
BB2.0|ヒゲ0.0|none|TP20/SL20|TR0-0|short,7165,-4.660672108477072,-1.221563311979055,-4.995970341621654,1,11,-706.8999999999903,-7.997360511829953,-4.933709933552785,0.8962078539202848,49.295184926727146,-1.0852616887648134,-7775.899999999889,-1.0852616887648134,-1.118060968884186,0.1194664673639808,0.03279928011937261,0.27454800366233656,2.0,0.0,none,short,False,-0.42511848341231495,-0.9373895976447518,-1.7904528301886404,-0.7944270507201022
BB2.0|ヒゲ0.0|none|TP20/SL20|TR5-3|both,23860,-12.93485328812714,-10.756036989320455,-7.988192904844467,0,11,-1856.3272727272547,-24.863754913508153,-13.426481632026372,0.7998117683966953,79.40905280804694,-0.8558088851634452,-20419.599999999802,-0.8558088851634452,-0.7528038817491504,0.053115214189431874,-0.10300500341429486,-1.9392749325444565,2.0,0.0,none,both,True,-1.111069614580353,-1.1216812906879272,-0.7394521522588595,-0.5352692307691365
BB2.0|ヒゲ0.0|none|TP20/SL20|TR5-3|long,13799,-9.418700425547373,-8.209914547974863,-5.3570102321546695,0,11,-1047.4636363636346,-17.9086977814244,-9.711718072300403,0.8037866364226154,79.45503297340387,-0.8349952895137311,-11522.099999999977,-0.8349952895137311,-0.8795597037253483,0.03496166659272059,0.044564414211617165,1.274665041880354,2.0,0.0,none,long,True,-1.1370509922131578,-1.0309283088236603,-0.5028608027325848,-0.8102772143339029
BB2.0|ヒゲ0.0|none|TP20/SL20|TR5-3|short,12589,-9.628203973566922,-7.274932198198317,-6.585407744284297,0,11,-1037.2818181818186,-17.936843707473493,-10.074354184430229,0.7897205390183804,79.21995392803241,-0.9063547541504489,-11410.1,-0.9063547541504489,-0.8808895677365308,0.03974481072119853,-0.02546518641391804,-0.6407172647657314,2.0,0.0,none,short,True,-0.9499318986653386,-1.2442486539403994,-1.092788348602185,-0.2784186401832722
BB2.0|ヒゲ0.0|none|TP15/SL15|TR0-0|both,16259,-7.242523060695921,-4.020943881947116,-6.061338170790773,0,11,-1231.8818181818203,-13.82055861660883,-7.537001964190062,0.8945532361924433,49.89236730426225,-0.8334276400762661,-13550.700000000012,-0.8334276400762661,-0.8570719582122253,0.10402726016275114,0.02364431813595913,0.22728963637961322,2.0,0.0,none,both,False,-0.7512218045112764,-0.8842348589921428,-0.9447875816993512,-0.7147311827956959
BB2.0|ヒゲ0.0|none|TP15/SL15|TR0-0|long,10318,-3.6769436726812326,-2.56313577964825,-2.6500327037011404,1,11,-521.7181818181743,-8.652233103829131,-3.8912804794395357,0.9282667089982574,50.794727660399296,-0.5562027524714006,-5738.899999999911,-0.5562027524714006,-0.6642828168962425,0.03375557007349473,0.10808006442484186,3.201843849460199,2.0,0.0,none,long,False,-0.7261406518010265,-0.24406891981442533,-0.5900915903413757,-0.4922741161064922
BB2.0|ヒゲ0.0|none|TP15/SL15|TR0-0|short,9615,-6.37920233578173,-2.596561323555709,-6.21213935632796,0,11,-838.6909090909136,-11.469765912843583,-6.677379989936287,0.8794833207925795,49.453978159126365,-0.959500780031206,-9225.600000000046,-0.959500780031206,-1.02713211002417,0.0894257949246854,0.06763132999296395,0.7562843590031624,2.0,0.0,none,short,False,-0.548630393996236,-1.0527346387576044,-1.463356973995295,-0.6006714628297292
BB2.0|ヒゲ0.0|none|TP15/SL15|TR5-3|both,27396,-18.126520420653762,-15.0303761125748,-11.065942632143694,0,11,-2411.5272727277597,-32.402293779850915,-18.609074949424294,0.7590091747452901,74.5546795152577,-0.9682727405462607,-26526.800000005358,-0.9682727405462607,-0.9204874739011061,0.05100256710765205,-0.04778526664515459,-0.9369188524235134,2.0,0.0,none,both,True,-1.2313121019110351,-1.304415954416152,-0.8009561836715104,-0.6436479284856691
BB2.0|ヒゲ0.0|none|TP15/SL15|TR5-3|long,15455,-12.812977511188626,-10.671675860522715,-7.610304441827754,0,11,-1365.1090909093634,-22.40734193431983,-13.142302097807482,0.7588890030700064,74.4613393723714,-0.9716078938856677,-15016.200000002995,-0.9716078938856677,-0.9707003037162323,0.03701636865989729,-0.0009075901694354238,-0.024518617095433425,2.0,0.0,none,long,True,-1.3188248337030917,-1.1804916732753798,-0.5912582014667862,-0.9340327059551553
BB2.0|ヒゲ0.0|none|TP15/SL15|TR5-3|short,14242,-13.3491418118492,-10.400853396702894,-8.756414566045182,0,11,-1318.8363636366169,-23.213545141017295,-13.751659576966114,0.7483320091179638,74.36455553995225,-1.0186209801996056,-14507.200000002784,-1.0186209801996056,-1.0188645851745435,0.035701971845820454,0.00024360497493791655,0.0068232918895888605,2.0,0.0,none,short,True,-1.1300784034214415,-1.325063721325597,-1.1055485762145973,-0.46551842921135556
BB2.0|ヒゲ0.0|none|TP30/SL30|TR0-0|both,6534,-3.506951381562809,-2.745515484306782,-2.3452993967434024,1,11,-735.4272727272757,-5.722145696301235,-3.8303390608753474,0.9184750951831011,49.14294459749005,-1.23809305172942,-8089.700000000031,-1.23809305172942,-0.779580451225479,0.2507685322676084,-0.45851260050394094,-1.8284295735105942,2.0,0.0,none,both,False,-1.5295685279187763,-1.6233253588516827,-1.456595905989411,-0.3231132075471473
BB2.0|ヒゲ0.0|none|TP30/SL30|TR0-0|long,5036,-0.9728830492763718,-1.8520012558745926,0.16613559043434167,4,11,-186.62727272726707,-2.845598903197221,-1.2036004192641452,0.9722071796426978,50.69499602859412,-0.40764495631452236,-2052.8999999999346,-0.40764495631452236,-0.3430475337394426,0.07519734873847979,-0.06459742257507978,-0.8590385653054834,2.0,0.0,none,long,False,-1.12803951367781,-0.43792093704244356,0.22650475184796237,-0.6109361329833672
BB2.0|ヒゲ0.0|none|TP30/SL30|TR0-0|short,4662,-3.046069147825164,-0.050622759780475535,-3.781232800106915,3,11,-556.0818181818265,-4.88420500893819,-3.3449395771018082,0.9130733211593255,49.0990990990991,-1.3120763620763816,-6116.900000000091,-1.3120763620763816,-1.3662971965426967,0.10552909046152364,0.05422083446631509,0.5137998842706243,2.0,0.0,none,short,False,0.10952380952380242,-1.0607407407407354,-2.791008018327658,-0.646334310850435
BB2.0|ヒゲ0.0|none|TP30/SL30|TR5-3|both,19712,-6.592071723902508,-6.70700468048691,-3.269824083591004,0,11,-1113.69090909118,-15.210430766633435,-7.086220105143662,0.8642813857465567,85.00405844155844,-0.6214793019482029,-12250.600000002976,-0.6214793019482029,-0.49719850992772274,0.06719304025241819,-0.12428079202048015,-1.8496081075302653,2.0,0.0,none,both,True,-0.8302321363801733,-1.260591672753883,-0.4075423728815611,-0.3049771689500256
BB2.0|ヒゲ0.0|none|TP30/SL30|TR5-3|long,11850,-5.394999427820885,-6.014334066195626,-1.9991929726016735,1,11,-692.6090909092537,-11.957177840286887,-5.702652449961311,0.8591953545019584,84.97046413502109,-0.6429282700423448,-7618.700000001785,-0.6429282700423448,-0.644166884769156,0.04305753486671152,0.0012386147268111936,0.028766503485288624,2.0,0.0,none,long,True,-1.2192625368732146,-0.8902885682575559,-0.092650279873644,-0.5886229894078736
BB2.0|ヒゲ0.0|none|TP30/SL30|TR5-3|short,10794,-5.712236772329496,-4.313681032840685,-3.9123800186926254,1,11,-735.027272727424,-11.816824220956603,-6.283435168678617,0.838589059199752,84.75078747452288,-0.7490550305726943,-8085.300000001662,-0.7490550305726943,-0.6707675430509498,0.0560826374637877,-0.07828748752174453,-1.3959309166280633,2.0,0.0,none,short,True,-0.7237791254389264,-1.2319337670018187,-0.9505859907333989,-0.10725771403763082
BB2.0|ヒゲ0.0|none|TP20/SL10|TR0-0|both,17907,-7.038613711182579,-3.408253517096127,-6.261746230327703,0,11,-1177.6818181815004,-14.343617128869566,-7.440102065329845,0.8989628374795094,33.66839783324957,-0.7234321773606128,-12954.499999996495,-0.7234321773606128,-0.8283183252914939,0.10069445536652595,0.10488614793088102,1.0416278388824627,2.0,0.0,none,both,False,-0.4833083992301367,-0.8974968179884983,-0.8384411374686563,-0.7069539666993194
BB2.0|ヒゲ0.0|none|TP20/SL10|TR0-0|long,11799,-3.6719510242720177,-2.5800313685794185,-2.628252760030325,3,11,-530.672727272507,-9.211847922303393,-3.8789618909480907,0.9300555850449044,34.42664632595982,-0.49473684210505714,-5837.3999999975695,-0.49473684210505714,-0.6095104422051751,0.10127741188351998,0.114773600100118,1.133259608096227,2.0,0.0,none,long,False,-0.5384957062476816,-0.5252018454435927,-0.2653141041310075,-0.7788987293030443
BB2.0|ヒゲ0.0|none|TP20/SL10|TR0-0|short,11053,-6.03084744029774,-2.454089566273337,-5.79971468316417,0,11,-836.1727272725085,-11.499157417864227,-6.380335478695768,0.8843291887738725,33.3031756084321,-0.8321632136069472,-9197.899999997588,-0.8321632136069472,-0.9376928074648572,0.06095162972155024,0.10552959385790994,1.7313662381138692,2.0,0.0,none,short,False,-0.4918307086609494,-0.8196172248799156,-1.1644693306184226,-0.7292845257903536
BB2.0|ヒゲ0.0|none|TP20/SL10|TR5-3|both,32677,-22.813430667691772,-18.120826056609,-14.713381052660456,0,11,-2921.1090909087475,-39.809301845084924,-23.47541045678318,0.7339540922146711,65.77103161244912,-0.9833277228630601,-32132.199999996217,-0.9833277228630601,-0.9550591638614137,0.04161766295772199,-0.028268559001646487,-0.6792442677611086,2.0,0.0,none,both,True,-1.1618908483772146,-1.200742432895348,-0.817117935671342,-0.8335186539867333
BB2.0|ヒゲ0.0|none|TP20/SL10|TR5-3|long,18055,-16.24585800413974,-13.441764477812674,-9.78266234872899,0,11,-1623.8727272725396,-27.691016379014304,-16.63900720346658,0.7324856789846288,65.74356134034893,-0.9893436721128738,-17862.599999997936,-0.9893436721128738,-0.9637951073341453,0.02635339966602371,-0.025548564778728466,-0.9694599217749927,2.0,0.0,none,long,True,-1.3044845552659665,-1.1566512243546003,-0.6634748773472203,-0.9165154749198533
BB2.0|ヒゲ0.0|none|TP20/SL10|TR5-3|short,16751,-17.456578537953217,-13.559573430665145,-11.51228226183202,0,11,-1572.790909090726,-29.75822779389716,-18.049620686229844,0.7227154197646402,65.50056713032058,-1.03281595128637,-17300.69999999798,-1.03281595128637,-0.9969278433422758,0.03242891250987194,-0.03588810794409414,-1.1066701028956538,2.0,0.0,none,short,True,-1.110159999999882,-1.310436893203735,-1.0116802906447442,-0.7142474717429163
BB2.0|ヒゲ0.0|none|TP10/SL20|TR0-0|both,16939,-9.961833842458306,-4.789178166077025,-8.962475283269052,0,11,-1648.1181818184762,-16.93625346098756,-10.293662567192687,0.8495101628141798,65.7004545722888,-1.070269791605362,-18129.300000003226,-1.070269791605362,-0.8761753779311308,0.10727179275800082,-0.1940944136742313,-1.8093704662147063,2.0,0.0,none,both,False,-0.791620727674122,-0.8685257241682168,-1.3637179487179567,-1.0440924435211494
BB2.0|ヒゲ0.0|none|TP10/SL20|TR0-0|long,10381,-6.0392834044314965,-3.9051390699385076,-4.611501458417973,1,11,-820.4272727274712,-11.222363088078815,-6.262329084544014,0.8752391616898585,66.34235622772373,-0.8693478470284345,-9024.700000002178,-0.8693478470284345,-0.8055357804462652,0.07626589055663142,-0.06381206658216931,-0.8367051917499804,2.0,0.0,none,long,False,-0.9677486187850013,-0.5057105775475199,-1.028618784530408,-0.7397590361445819
BB2.0|ヒゲ0.0|none|TP10/SL20|TR0-0|short,9484,-7.926051461088679,-2.723726264598233,-8.076173126280441,0,11,-976.6545454547208,-13.283413850604655,-8.22722013193958,0.8415576409443807,65.4365246731337,-1.1327709827079213,-10743.200000001925,-1.1327709827079213,-1.136550560160373,0.05911451492407806,0.00377957745245161,0.06393653838326842,2.0,0.0,none,short,False,-0.5149292628448499,-0.9803801765109905,-1.7498792270531391,-1.053353204172862
BB2.0|ヒゲ0.0|none|TP10/SL20|TR5-3|both,23863,-16.85929556952984,-12.64512776376631,-11.495575100897105,0,11,-2318.4454545455483,-28.82611855997898,-17.329416398796504,0.7500274448456459,79.40745086535641,-1.068721451619705,-25502.90000000102,-1.068721451619705,-0.9882678670786633,0.0597687403173248,-0.08045358454104168,-1.3460813146453596,2.0,0.0,none,both,True,-1.246302106678809,-1.2572963800906745,-1.008134708881703,-0.8102288021533799
BB2.0|ヒゲ0.0|none|TP10/SL20|TR5-3|long,13799,-11.95399390466464,-9.428712317043649,-7.657954831264414,0,11,-1311.7727272727907,-20.34852986570756,-12.20039436474089,0.7541885641763665,79.46227987535327,-1.045691716791122,-14429.500000000693,-1.045691716791122,-1.0352220905911138,0.036682462492227286,-0.01046962620000813,-0.2854123057367416,2.0,0.0,none,long,True,-1.2816880180861099,-1.1805606617648892,-0.7797395388556145,-1.0499999999999303
BB2.0|ヒゲ0.0|none|TP10/SL20|TR5-3|short,12589,-12.626663653326904,-8.7007572358462,-9.2542637788025,0,11,-1293.3000000000538,-21.175167335549077,-12.967872868498928,0.7378201158830386,79.21995392803241,-1.1300579871316696,-14226.300000000589,-1.1300579871316696,-1.1147229309553652,0.04643135197880471,-0.015335056176304374,-0.33027373795414405,2.0,0.0,none,short,True,-1.0944156905477156,-1.380420949584114,-1.3450786939158244,-0.6350267379678824
BB2.5|ヒゲ0.33|trend|TP20/SL20|TR0-0|both,3143,0.6220941033565561,1.3756534240060223,-0.40655627560481133,8,11,62.772727272725845,-1.6464304176342857,0.4006236263755818,1.0226588829055872,52.56124721603563,0.21969455933820764,690.4999999999866,0.21969455933820764,-0.5557084422993622,0.1721136577741481,0.7754030016375699,4.50517995878673,2.5,0.33,trend,both,False,0.7453597497393275,0.2865107913669315,0.14351297405186145,-0.5230031948881912
BB2.5|ヒゲ0.33|trend|TP20/SL20|TR0-0|long,1909,1.0146282743176112,0.9863324385099576,0.47450704398104504,9,11,77.61818181817836,-0.8070257156113165,0.7287500910598073,1.046662877380144,52.95966474594028,0.4472498690413637,853.7999999999633,0.4472498690413637,-0.3219169523507856,0.38558524690039586,0.7691668213921493,1.9948035553104033,2.5,0.33,trend,long,False,0.396014492753629,0.8764350453172568,0.7266040688575177,-0.3080103359173285
BB2.5|ヒゲ0.33|trend|TP20/SL20|TR0-0|short,1432,-0.13012883634555594,1.2789166667143022,-1.3569046555358726,6,11,-8.981818181815793,-1.651403934306304,-0.4404463434262948,0.992962912841261,51.81564245810056,-0.06899441340780199,-98.79999999997244,-0.06899441340780199,-0.9566241454105743,0.34368515163904534,0.8876297320027723,2.5826828065444145,2.5,0.33,trend,short,False,1.1045929018789387,-0.09448275862067272,-0.8750623441396298,-0.9526717557251827
BB2.5|ヒゲ0.33|trend|TP20/SL20|TR5-3|both,4294,-5.032115958680532,-4.116697353650666,-3.079481152617728,0,11,-309.30909090910086,-10.141926016227156,-5.355443464104673,0.8080332206794121,80.018630647415,-0.7923614345598765,-3402.4000000001097,-0.7923614345598765,-0.8924218497377472,0.15688617920893397,0.10006041517787068,0.6377898657638587,2.5,0.33,trend,both,True,-0.7881872213968658,-1.155201958384451,-0.5696153846153154,-0.7908543922983406
BB2.5|ヒゲ0.33|trend|TP20/SL20|TR5-3|long,2630,-2.651868509085609,-3.005158536775802,-0.8966047461323764,1,11,-124.87272727273776,-6.813169849996561,-2.986885672037646,0.865258036353635,81.14068441064639,-0.5222813688213365,-1373.600000000115,-0.5222813688213365,-0.8405210580501997,0.18112769203763956,0.31823968922886325,1.7569908038287756,2.5,0.33,trend,long,True,-0.8344603381015745,-0.7886792452831434,0.05821596244133279,-0.7618421052630828
BB2.5|ヒゲ0.33|trend|TP20/SL20|TR5-3|short,1799,-4.606438847890065,-2.5340378641417938,-3.897968983489411,1,11,-188.05454545454543,-7.895874642933105,-4.998521186647241,0.7408581271531429,78.59922178988327,-1.1498610339077262,-2068.5999999999995,-1.1498610339077262,-0.9957215950327534,0.23688549416176216,-0.15413943887497283,-0.6506917589884821,2.5,0.33,trend,short,True,-0.662695924765012,-1.524871794871889,-1.6976138828631873,-0.8661290322579223
BB2.5|ヒゲ0.33|trend|TP15/SL15|TR0-0|both,3595,-0.17533048590239966,0.7830679809196276,-0.9554363358808875,5,11,-13.981818181808935,-3.4594411473773112,-0.3887035040404375,0.9942640406067175,52.43393602225312,-0.04278164116826014,-153.7999999998952,-0.04278164116826014,-0.588375867078864,0.15938644322128817,0.5455942259106039,3.4230905394702513,2.5,0.33,trend,both,False,0.5082659478886369,-0.31561561561559676,-0.2790178571428351,-0.28275862068963575
BB2.5|ヒゲ0.33|trend|TP15/SL15|TR0-0|long,2146,0.28341545246420596,0.3873478668862854,0.03816479110236855,6,11,17.636363636370238,-2.247691864789346,0.013903740480014486,1.0122329558352503,52.84249767008388,0.09040074557319393,194.00000000007418,0.09040074557319393,-0.3849555982240712,0.20955590460539,0.47535634379726516,2.268398710560783,2.5,0.33,trend,long,False,0.3140800000000421,-0.24908616187987345,0.398735955056227,-0.44788732394364866
BB2.5|ヒゲ0.33|trend|TP15/SL15|TR0-0|short,1574,-0.541252636720002,1.0026622150265583,-1.6664596104232412,5,11,-28.945454545451412,-2.7030494611741602,-0.8429766267762081,0.9731221826408503,51.84243964421855,-0.20228716645486927,-318.3999999999642,-0.20228716645486927,-0.9435454359373863,0.2796309800537533,0.7412582694825169,2.650844585746634,2.5,0.33,trend,short,False,0.611235955056228,0.0503067484662943,-1.46125290023204,-0.11095406360421459
BB2.5|ヒゲ0.33|trend|TP15/SL15|TR5-3|both,4428,-6.8202964100699575,-5.604806107830659,-4.18331440645289,0,11,-362.5454545455332,-12.874961225778387,-7.15476335047088,0.7688625114467122,75.24841915085817,-0.9006323396569254,-3988.0000000008654,-0.9006323396569254,-1.0300632971732413,0.11937886697856974,0.12943095751631595,1.0842032663917869,2.5,0.33,trend,both,True,-0.8337383845605941,-1.2845070422537048,-0.80390977443628,-0.7768595041324498
BB2.5|ヒゲ0.33|trend|TP15/SL15|TR5-3|long,2675,-4.697977858459974,-4.358583113983567,-2.4775555096453705,1,11,-189.93636363641338,-9.61215307671589,-5.051739858677599,0.7920887650512022,76.07476635514018,-0.781046728972167,-2089.300000000547,-0.781046728972167,-1.147848131235718,0.09618219191579896,0.36680140226355107,3.8136103467538045,2.5,0.33,trend,long,True,-0.8883631713556991,-1.180082135523812,-0.36574394463687165,-0.932838589981681
BB2.5|ヒゲ0.33|trend|TP15/SL15|TR5-3|short,1828,-5.0808656496556335,-3.2127245720544373,-3.9385860214206594,1,11,-177.08181818184772,-8.97656514489924,-5.443577340546452,0.7384807475430623,74.17943107221006,-1.065590809628186,-1947.9000000003243,-1.065590809628186,-1.0809528947348102,0.17190243762202806,0.015362085106624068,0.08936513826756537,2.5,0.33,trend,short,True,-0.7703987730063163,-1.3053435114505383,-1.6350318471339402,-0.5208333333335218
BB2.5|ヒゲ0.33|trend|TP30/SL30|TR0-0|both,2530,2.566150975586341,2.339506069897351,1.3883066092696938,9,11,339.42727272727757,1.176877334453758,2.3311651017021933,1.1108623551384105,53.99209486166008,1.4757707509881637,3733.7000000000544,1.4757707509881637,-0.21614083370975523,0.49996457209869305,1.691911584697919,3.3840629498922485,2.5,0.33,trend,both,False,1.5810026385223959,2.4589201877934084,1.4717887154862594,0.5103313840156565
BB2.5|ヒゲ0.33|trend|TP30/SL30|TR0-0|long,1582,2.4406447768966424,0.9543500910788645,2.3681010587386697,9,11,249.87272727273464,1.3238072233340779,2.1644530203746744,1.1320191933601365,54.04551201011378,1.7374209860936038,2748.6000000000813,1.7374209860936038,0.5604714988803556,0.3301325656881815,1.1769494872132482,3.565081453748209,2.5,0.33,trend,long,False,0.39162995594710454,1.794909090909079,2.605607476635625,2.148427672956101
BB2.5|ヒゲ0.33|trend|TP30/SL30|TR0-0|short,1258,0.5179314754325743,1.9744991299106092,-1.1230333588359407,4,11,48.7181818181793,-0.4570359125142016,0.18278797745326963,1.0310528054143924,51.987281399046104,0.42599364069950124,535.8999999999726,0.42599364069950124,-1.0738053142993198,0.5753647817699631,1.499798954998821,2.606692315065013,2.5,0.33,trend,short,False,2.0314148681054784,2.348178137651814,-1.1405027932960998,-2.046186440677992
BB2.5|ヒゲ0.33|trend|TP30/SL30|TR5-3|both,4074,-1.957413352408762,-1.6901070432878589,-1.1192034849553698,3,11,-145.90000000005438,-5.963406980191892,-2.231562952919216,0.9072553382067915,85.7879234167894,-0.3939371624940099,-1604.9000000005963,-0.3939371624940099,-0.8635821555775813,0.12811526058999076,0.46964499308357144,3.6658005527271538,2.5,0.33,trend,both,True,-0.514263322884077,-0.5985411140583923,-0.2933440256618193,-0.16511919698895677
BB2.5|ヒゲ0.33|trend|TP30/SL30|TR5-3|long,2574,-1.0145270902353964,-1.9291507166935196,0.36865005725635897,4,11,-59.83636363639875,-4.249997536119187,-1.288176623406107,0.937269478198677,86.28593628593629,-0.2557109557111055,-658.2000000003857,-0.2557109557111055,-0.8453456607725617,0.13598465225682219,0.5896347050614561,4.336038628446578,2.5,0.33,trend,long,True,-0.8297082228117431,-0.48119658119663455,0.36057692307671735,-0.2065384615387214
BB2.5|ヒゲ0.33|trend|TP30/SL30|TR5-3|short,1767,-2.397767496593851,-0.23041807555861846,-2.981534109869783,5,11,-122.52727272729354,-4.977008714774273,-2.8230156365767933,0.8342739803509029,84.66327108092813,-0.7627617430674748,-1347.800000000228,-0.7627617430674748,-0.8939288706409838,0.21450089039762954,0.131167127573509,0.6114992218930134,2.5,0.33,trend,short,True,-0.12252396166140303,-1.0682170542635834,-1.647566371681677,-0.37417218543067954
BB2.5|ヒゲ0.33|trend|TP20/SL10|TR0-0|both,3776,-0.7087384905830404,-0.05079671914779129,-0.9124157346130368,6,11,-56.481818181738966,-4.1507481772630745,-1.0181613032933479,0.9763088655863047,35.51377118644068,-0.16453919491502275,-621.2999999991259,-0.16453919491502275,-0.6774689468552936,0.1867953876929885,0.5129297519402708,2.7459444169109104,2.5,0.33,trend,both,False,-0.03504273504227347,0.07230320699754339,-0.19620573355815354,-0.5411444141689521
BB2.5|ヒゲ0.33|trend|TP20/SL10|TR0-0|long,2222,0.5235862619355783,0.969728207036963,-0.17157536810418034,7,11,31.836363636405643,-2.1502997733607114,0.14141760703724687,1.0230766696320042,36.588658865886586,0.1576057605762661,350.20000000046326,0.1576057605762661,-0.3375540479052127,0.19631634268506684,0.4951598084814788,2.522254651390997,2.5,0.33,trend,long,False,0.336750788643987,0.6274611398968268,0.288133333333337,-0.7115044247787662
BB2.5|ヒゲ0.33|trend|TP20/SL10|TR0-0|short,1621,-1.6827935266924627,-0.400186649140735,-1.9479411065707375,3,11,-86.29090909086995,-4.0057296606108626,-2.065707183591178,0.9174077232306338,34.11474398519432,-0.5855644663785121,-949.1999999995681,-0.5855644663785121,-0.8006199883571183,0.19504847181067944,0.21505552197860622,1.1025747599158136,2.5,0.33,trend,short,False,-0.2761732851980893,-0.7467889908252214,-1.1333333333332638,-0.14482758620693395
BB2.5|ヒゲ0.33|trend|TP20/SL10|TR5-3|both,4674,-8.616470046382846,-7.256629320256411,-5.112430258362133,0,11,-401.01818181813366,-15.836030429843385,-9.094379529015368,0.7395939715579556,66.3885323063757,-0.9437740693195275,-4411.199999999471,-0.9437740693195275,-1.0438550577598817,0.08450506828759649,0.10008098844035429,1.184319360582589,2.5,0.33,trend,both,True,-1.0507432432431214,-1.1286348501663335,-0.9188168210975388,-0.6180898876403793
BB2.5|ヒゲ0.33|trend|TP20/SL10|TR5-3|long,2795,-5.726037445665289,-4.859243750780678,-3.386195927602475,0,11,-203.38181818179356,-11.523690124823034,-6.19876694334274,0.770978144034412,67.54919499105546,-0.8004293381036597,-2237.199999999729,-0.8004293381036597,-1.0339742664043154,0.10038313320107087,0.23354492830065576,2.3265355528687994,2.5,0.33,trend,long,True,-0.8719211822658984,-1.055138339920802,-0.714270032930756,-0.6088339222614405
BB2.5|ヒゲ0.33|trend|TP20/SL10|TR5-3|short,1907,-6.695233140415804,-5.310248882779763,-4.275644167899894,0,11,-199.2545454545214,-11.341110673081506,-7.275195799586562,0.698448076605601,64.70896696381752,-1.1493445201886392,-2191.799999999735,-1.1493445201886392,-1.1060294286808365,0.15578492663974844,-0.04331509150780266,-0.2780441756600015,2.5,0.33,trend,short,True,-1.2337260677465518,-1.2100490196076905,-1.311740890688111,-0.6515337423311724
BB2.5|ヒゲ0.33|trend|TP10/SL20|TR0-0|both,3698,-2.575390447578877,-0.783883954442329,-2.758432472410753,2,11,-198.05454545462953,-6.0838320976875355,-2.7771797171825376,0.912791465684568,67.14440237966468,-0.5891292590592002,-2178.6000000009226,-0.5891292590592002,-0.8901433367768747,0.12015985932443214,0.3010140777176745,2.5051134331385594,2.5,0.33,trend,both,False,0.019458987783115465,-0.8066856330018871,-0.7153504880213492,-1.1462603878116149
BB2.5|ヒゲ0.33|trend|TP10/SL20|TR0-0|long,2258,-0.8163587854944235,-0.1102548603735583,-0.9984373365026727,4,11,-47.80909090914318,-3.662491732871297,-1.0543440951604757,0.964217917576658,68.3348095659876,-0.2329052258638505,-525.9000000005744,-0.2329052258638505,-0.5750028498534766,0.2564453337240272,0.34209762398962607,1.3339982405676107,2.5,0.33,trend,long,False,-0.06152671755773108,-0.1639902676403722,-0.031793478260963105,-0.8657894736842069
BB2.5|ヒゲ0.33|trend|TP10/SL20|TR0-0|short,1616,-2.8766208119096874,-0.49153735977609275,-3.4790208751873832,1,11,-148.31818181821927,-5.199925274717502,-3.133254921796398,0.8565865579015456,65.6559405940594,-1.00959158415867,-1631.5000000004109,-1.00959158415867,-1.3078002600400738,0.1689317404398481,0.29820867588140376,1.7652613718710108,2.5,0.33,trend,short,False,-0.08396396396444251,-0.903735632184375,-1.856338028169007,-1.6710801393727732
BB2.5|ヒゲ0.33|trend|TP10/SL20|TR5-3|both,4294,-6.766906242046825,-5.172967755237099,-4.452120935373714,0,11,-399.7909090909366,-12.065923535072871,-6.996886792874355,0.7518774084710261,80.018630647415,-1.024149976711761,-4397.700000000302,-1.024149976711761,-1.1194662466987633,0.08863163823904668,0.09531626998700227,1.0754203790064965,2.5,0.33,trend,both,True,-0.9911589895990042,-1.3143206854346905,-0.864999999999965,-1.0412755716004158
BB2.5|ヒゲ0.33|trend|TP10/SL20|TR5-3|long,2630,-3.9144844202043236,-3.882414598948695,-1.799999345348095,1,11,-177.19090909093077,-8.246394172203038,-4.188154707970081,0.8088049203966654,81.14068441064639,-0.7411026615970487,-1949.1000000002382,-0.7411026615970487,-1.1737301585558693,0.11155768644950928,0.4326274969588205,3.878060855579204,2.5,0.33,trend,long,True,-0.998439531859757,-1.0410901467507159,-0.22558685446011154,-0.9257518796992077
BB2.5|ヒゲ0.33|trend|TP10/SL20|TR5-3|short,1799,-5.785051057207242,-3.174828352195966,-4.913107655151765,1,11,-227.34545454546154,-9.199594138048225,-6.0186742694946265,0.6867146883808178,78.59922178988327,-1.3901056142301704,-2500.8000000000766,-1.3901056142301704,-1.2268003114290384,0.14949318180994442,-0.16330530280113198,-1.0923929829037111,2.5,0.33,trend,short,True,-0.9184952978058232,-1.528461538461679,-2.021691973969509,-1.247419354838591
BB2.5|ヒゲ0.5|trend|TP20/SL20|TR0-0|both,2335,0.15124173817434253,0.5707293153938281,-0.32909625946706605,6,11,13.118181818180405,-1.8088713708839224,-0.09113210350815795,1.006342912904728,52.20556745182014,0.06179871520342031,144.29999999998643,0.06179871520342031,-0.6777777768893762,0.2288771792113049,0.7395764920927965,3.2313247421229434,2.5,0.5,trend,both,False,0.2974285714285858,0.047619047619070154,-0.04805013927579373,-0.10588235294120597
BB2.5|ヒゲ0.5|trend|TP20/SL20|TR0-0|long,1452,1.5858208944300929,1.1278729923909705,1.1173823966771372,7,11,105.21818181817808,-0.005789614238979187,1.2911925583117783,1.085097935415562,53.994490358126725,0.7971074380165017,1157.3999999999605,0.7971074380165017,-0.13145576085237745,0.3316680783024701,0.9285631988688792,2.7996761208416956,2.5,0.5,trend,long,False,0.8021479713604046,0.8646387832699945,1.2157563025209064,0.0517006802720769
BB2.5|ヒゲ0.5|trend|TP20/SL20|TR0-0|short,1018,-1.021315447795102,0.2847711755156745,-1.6764036994920384,3,11,-59.33636363636108,-2.30663512267078,-1.3782922559530542,0.9363734731875665,50.29469548133595,-0.6411591355598931,-652.6999999999712,-0.6411591355598931,-1.1050577429605215,0.441179496566776,0.4638986074006284,1.0514962980162286,2.5,0.5,trend,short,False,0.37404129793511726,-0.5662100456620873,-2.4011235955055086,-0.07461139896377257
BB2.5|ヒゲ0.5|trend|TP20/SL20|TR5-3|both,2934,-4.096761881852514,-2.8687299349137727,-2.9282202367651182,1,11,-208.53636363637008,-8.294488329677584,-4.335519589982151,0.8128849118628213,79.75460122699386,-0.7818336741649866,-2293.9000000000706,-0.7818336741649866,-0.9313153591254906,0.19961599868652383,0.14948168496050396,0.7488462144522263,2.5,0.5,trend,both,True,-0.5811320754718325,-1.2055172413794484,-0.712298850574609,-0.7742710120067922
BB2.5|ヒゲ0.5|trend|TP20/SL20|TR5-3|long,1825,-1.7193705426700334,-1.7029856199341498,-0.7686513696157345,3,11,-67.13636363637202,-5.158839043537154,-1.9962729215589268,0.8953862280962551,81.15068493150685,-0.4046575342466256,-738.5000000000917,-0.4046575342466256,-0.9904883627325918,0.11854998376432399,0.5858308284859661,4.941635670322748,2.5,0.5,trend,long,True,-0.42975047984660686,-0.7363636363637994,0.035153583617789676,-0.7535809018567082
BB2.5|ヒゲ0.5|trend|TP20/SL20|TR5-3|short,1181,-4.211608787281664,-1.8647194663088245,-3.975558906372626,3,11,-138.86363636363546,-6.846121670278349,-4.534343290382661,0.7175480769230739,77.98475867908552,-1.2933954276037172,-1527.49999999999,-1.2933954276037172,-1.145547198844088,0.22598456916702056,-0.14784822875962922,-0.6542403727148185,2.5,0.5,trend,short,True,-0.7277108433736079,-1.6049242424243444,-2.154482758620473,-0.834905660377257
BB2.5|ヒゲ0.5|trend|TP15/SL15|TR0-0|both,2586,-0.7417770821265415,-0.03423171754639107,-0.9810890431454936,4,11,-49.736363636358654,-3.5493087111347172,-1.0005181604631945,0.971944452991194,51.89481825212684,-0.21156225831397665,-547.0999999999436,-0.21156225831397665,-0.6089439080118181,0.14518101934230498,0.3973816496978414,2.737146022930881,2.5,0.5,trend,both,False,0.12281368821296287,-0.2976284584980094,-0.6077220077219985,-0.04124513618674171
BB2.5|ヒゲ0.5|trend|TP15/SL15|TR0-0|long,1575,-0.03590952394170229,0.03994569789222477,-0.08381331300962652,5,11,-1.8636363636322477,-2.257137138119901,-0.33971616524920983,0.9982497780206306,52.507936507936506,-0.013015873015843322,-20.499999999953232,-0.013015873015843322,-0.28033581815369646,0.20879810295681772,0.2673199451378531,1.2802795684074701,2.5,0.5,trend,long,False,0.234955752212433,-0.16508474576269574,0.05176470588238532,-0.328301886792435
BB2.5|ヒゲ0.5|trend|TP15/SL15|TR0-0|short,1085,-1.1511079926019563,-0.3325378345342172,-1.283494470481608,3,11,-50.57272727272627,-2.961612183271664,-1.4330150616070993,0.9332437329749357,50.875576036866356,-0.5127188940092058,-556.2999999999882,-0.5127188940092058,-1.1027898168579906,0.3984504841968837,0.5900709228487848,1.4809140564558003,2.5,0.5,trend,short,False,0.10704607046073376,-0.6432203389830428,-1.8714285714286067,0.4000000000000456
BB2.5|ヒゲ0.5|trend|TP15/SL15|TR5-3|both,3005,-5.647104293792933,-4.165884475854903,-3.854066007083982,0,11,-247.3363636364171,-10.618250755626313,-5.927287799629673,0.7710349586790358,74.87520798668885,-0.9053910149752371,-2720.7000000005874,-0.9053910149752371,-1.0684420845528282,0.11490357371797423,0.16305106957759108,1.4190252252535918,2.5,0.5,trend,both,True,-0.7959007551242478,-1.2213689482472851,-0.9113122171947288,-0.749075630252345
BB2.5|ヒゲ0.5|trend|TP15/SL15|TR5-3|long,1847,-3.144465442703279,-2.4655297045330076,-2.0082663658661537,1,11,-105.28181818185226,-7.180185763342315,-3.4451710851931696,0.8311364497972743,76.34001082837032,-0.6270167839742148,-1158.1000000003746,-0.6270167839742148,-1.0078311768050474,0.1704306642946166,0.3808143928308326,2.2344241536988565,2.5,0.5,trend,long,True,-0.6235741444869007,-0.8510086455333684,-0.3189830508476081,-0.9026041666669201
BB2.5|ヒゲ0.5|trend|TP15/SL15|TR5-3|short,1195,-4.934924650389851,-3.001347594753027,-3.937306845437797,1,11,-139.60000000001975,-8.02546834884686,-5.268889707263056,0.7000312548835442,72.88702928870293,-1.2850209205022736,-1535.6000000002168,-1.2850209205022736,-1.2073804799744114,0.24760722159194504,-0.07764044052786212,-0.3135629083380008,2.5,0.5,trend,short,True,-0.9569047619049329,-1.601503759398669,-2.062289562289733,-0.4490566037738133
BB2.5|ヒゲ0.5|trend|TP30/SL30|TR0-0|both,1936,1.4533182280680907,1.2169286228810205,0.8646905574738244,6,11,165.95454545454874,0.2205061856614387,1.2319344050595373,1.0698838905286367,52.99586776859504,0.9429235537190271,1825.5000000000366,0.9429235537190271,-0.4210645804106464,0.6659043082947517,1.3639881341296736,2.048324537233549,2.5,0.5,trend,both,False,0.38391608391605203,1.6679775280898836,1.9249174917492455,-0.38407960199001534
BB2.5|ヒゲ0.5|trend|TP30/SL30|TR0-0|long,1240,1.9570579233850323,0.2619411002980289,2.346962886127437,7,11,175.94545454546028,0.9573448917953737,1.7107161972614813,1.1182198006254906,53.87096774193548,1.5608064516129547,1935.4000000000638,1.5608064516129547,0.6837173844484041,0.25170623774792344,0.8770890671645506,3.4845742203772083,2.5,0.5,trend,long,False,0.20756302521004635,0.5982378854625453,3.2862068965518536,1.5652000000001065
BB2.5|ヒゲ0.5|trend|TP30/SL30|TR0-0|short,919,-0.090823377766756,0.8864200765471626,-0.9364002242577407,5,11,-7.218181818183888,-0.9351744339528979,-0.43318991911190746,0.9937630100938669,51.142546245919476,-0.08639825897717354,-79.40000000002249,-0.08639825897717354,-1.0051109738399082,0.9929010179953801,0.9187127148627346,0.9252812699473024,2.5,0.5,trend,short,False,0.6613636363636011,1.219689119170997,-1.2327868852459478,-1.2511494252873714
BB2.5|ヒゲ0.5|trend|TP30/SL30|TR5-3|both,2818,-1.476862897092822,-1.2757024109975292,-0.8334226690382418,4,11,-92.42727272731116,-4.764460349069055,-1.7073467717704212,0.9161747246223525,85.55713271823988,-0.36078779276097295,-1016.7000000004217,-0.36078779276097295,-0.8246446452876807,0.25581932645599725,0.4638568525267077,1.8132205215015074,2.5,0.5,trend,both,True,-0.30184544406004843,-0.8056985294118233,-0.15612366230697597,-0.3275618374561153
BB2.5|ヒゲ0.5|trend|TP30/SL30|TR5-3|long,1800,-0.28918301464089874,-1.2522068562918431,0.7973474615087326,4,11,-13.909090909115951,-3.038929115200446,-0.539021605139098,0.9788814045936016,86.38888888888889,-0.08500000000015252,-153.00000000027455,-0.08500000000015252,-0.9598022331967335,0.25189836773363167,0.874802233196581,3.472838038083816,2.5,0.5,trend,long,True,-0.5349420849421745,-0.45089285714294547,0.581076388888721,-0.159729729730006
BB2.5|ヒゲ0.5|trend|TP30/SL30|TR5-3|short,1165,-1.9837217422149855,-0.0058593411434048346,-2.6685948667207757,4,11,-82.96363636365146,-4.035886187310523,-2.2573666453314214,0.8326487200175762,84.46351931330473,-0.783347639485121,-912.6000000001659,-0.783347639485121,-1.0689527890408868,0.1605696409864736,0.28560514955576577,1.7786995586533394,2.5,0.5,trend,short,True,-0.05121951219517533,-1.1793893129771265,-1.5821678321680985,-0.6285024154592306
BB2.5|ヒゲ0.5|trend|TP20/SL10|TR0-0|both,2679,-0.42882534243789816,-0.21661513860729134,-0.38524641627411316,4,11,-28.572727272671262,-3.3490557254238342,-0.6954218061184493,0.9830438981231541,35.72228443449048,-0.11731989548315862,-314.29999999938195,-0.11731989548315862,-0.558919058016283,0.09102008608693396,0.4415991625331244,4.851667159612987,2.5,0.5,trend,both,False,-0.19522058823483213,0.17519531250046264,-0.3881127450979987,0.13457943925228327
BB2.5|ヒゲ0.5|trend|TP20/SL10|TR0-0|long,1612,0.7228590613426868,0.7627715157272748,0.2850971005186975,6,11,36.70000000003032,-1.5961583198700167,0.40554749339582874,1.036905327823925,36.972704714640194,0.25043424317638635,403.7000000003348,0.25043424317638635,-0.30985966039493995,0.2881847058487808,0.5602939035713264,1.9442180386398764,2.5,0.5,trend,long,False,0.2600877192987014,0.754109589041552,0.17193973634652962,-0.07927927927932019
BB2.5|ヒゲ0.5|trend|TP20/SL10|TR0-0|short,1107,-1.5175464598400248,-1.2032525712306539,-0.9439174374601016,2,11,-64.00909090906387,-3.4399700327943457,-1.9077676505665249,0.9103833621831102,33.96567299006323,-0.6360433604333352,-704.099999999702,-0.6360433604333352,-0.8244453212919861,0.26176567775346976,0.1884019608586509,0.7197351557910788,2.5,0.5,trend,short,False,-0.43636363636317277,-0.7766949152537648,-1.6247422680411368,0.5592233009707969
BB2.5|ヒゲ0.5|trend|TP20/SL10|TR5-3|both,3123,-6.63460019281554,-5.523324403527098,-3.9288835507153306,0,11,-252.09090909087774,-12.548785169518055,-6.9957211135814035,0.7548620933522102,66.41050272174192,-0.8879282740953105,-2772.999999999655,-0.8879282740953105,-1.0196831736671867,0.07568225356116196,0.13175489957187625,1.7408955649741544,2.5,0.5,trend,both,True,-1.0104123711338988,-1.0854368932037521,-0.9120915032678452,-0.4615883306320459
BB2.5|ヒゲ0.5|trend|TP20/SL10|TR5-3|long,1902,-3.507654412681134,-2.893954192761614,-2.1174936681919543,2,11,-101.47272727271256,-8.307748301728692,-3.9185560414883662,0.8278637961877898,68.34910620399579,-0.5868559411145311,-1116.1999999998382,-0.5868559411145311,-1.0384255655605417,0.13129439485784697,0.45156962444601056,3.439367117956003,2.5,0.5,trend,long,True,-0.6184014869887574,-0.8238636363635287,-0.5345840130504652,-0.4155388471177684
BB2.5|ヒゲ0.5|trend|TP20/SL10|TR5-3|short,1237,-6.244052838411288,-4.883740644967065,-3.972914408188401,0,11,-148.10909090907415,-9.99810407387143,-6.672893873188436,0.6647736625514606,63.62166531932094,-1.3170573969279027,-1629.1999999998156,-1.3170573969279027,-1.0092818301725461,0.1479956591373162,-0.30777556675535656,-2.079625635977541,2.5,0.5,trend,short,True,-1.4246575342464176,-1.3930656934304966,-1.6614379084965543,-0.5255707762556308
BB2.5|ヒゲ0.5|trend|TP10/SL20|TR0-0|both,2650,-2.842062602681888,-0.6701105308597644,-3.242749088220845,2,11,-185.13636363642266,-5.80643101398164,-3.0395762311664085,0.8881811942346912,66.49056603773586,-0.7684905660379804,-2036.500000000648,-0.7684905660379804,-0.9881460018257634,0.15521242104967134,0.21965543578778302,1.4151923815265308,2.5,0.5,trend,both,False,-0.03522867737995727,-0.9725714285718955,-1.2482932996207612,-0.9714285714285616
BB2.5|ヒゲ0.5|trend|TP10/SL20|TR0-0|long,1640,-0.5148751153688838,0.19796257568840125,-0.8792693782486664,4,11,-25.51818181822028,-2.9404726509913837,-0.7403912058387963,0.9735056207348555,68.47560975609757,-0.1711585365856232,-280.70000000042205,-0.1711585365856232,-0.7521137491032882,0.29883323942204454,0.580955212517665,1.944078288082195,2.5,0.5,trend,long,False,0.4511627906971949,-0.4609120521177373,-0.3935849056604586,-0.4363636363636571
BB2.5|ヒゲ0.5|trend|TP10/SL20|TR0-0|short,1113,-3.358352457536883,-1.1986976143925028,-3.497371118664874,1,11,-144.7000000000243,-5.264454591765749,-3.628126626914239,0.8047688552539227,64.240790655885,-1.430098831985864,-1591.7000000002668,-1.430098831985864,-1.177621363752481,0.32266204386846803,-0.252477468233383,-0.7824827029742132,2.5,0.5,trend,short,False,-0.6068421052636308,-0.8585657370522596,-2.8863309352517263,-1.6823529411764206
BB2.5|ヒゲ0.5|trend|TP10/SL20|TR5-3|both,2934,-5.485481088142869,-3.843499375418093,-3.9189194124089166,1,11,-271.70909090911067,-9.781687738597777,-5.699012768921061,0.7562014144363649,79.75460122699386,-1.0186775732788738,-2988.8000000002157,-1.0186775732788738,-1.1900360804700805,0.23700255144360496,0.1713585071912067,0.723023892137219,2.5,0.5,trend,both,True,-0.8475027746949881,-1.3489655172415727,-0.9775862068964831,-1.01595197255571
BB2.5|ヒゲ0.5|trend|TP10/SL20|TR5-3|long,1825,-2.8181726848798268,-2.360903884177914,-1.6515962198453493,2,11,-107.26363636365241,-6.338920188795419,-3.03634627866522,0.8328587820321847,81.15068493150685,-0.646520547945302,-1179.900000000176,-0.646520547945302,-1.1251961275612943,0.10921656474382534,0.4786755796159923,4.382811167323908,2.5,0.5,trend,long,True,-0.6349328214973421,-0.9674486803521348,-0.2924914675767791,-0.922546419098118
BB2.5|ヒゲ0.5|trend|TP10/SL20|TR5-3|short,1181,-5.068715032685903,-2.5131227843924835,-4.5463114630599835,0,11,-162.25454545455045,-7.77755123105289,-5.335578488253244,0.6699704142011675,77.98475867908552,-1.511261642675745,-1784.800000000055,-1.511261642675745,-1.3925842422291788,0.22786419902618407,-0.11867740044656627,-0.5208251272194319,2.5,0.5,trend,short,True,-1.0645783132532005,-1.6106060606062116,-2.288275862068795,-1.1990566037735197
BB2.5|ヒゲ0.33|range|TP20/SL20|TR0-0|both,3502,-3.044153150567989,-1.0812562018763245,-3.075718570237008,2,11,-323.32727272726606,-5.432348305330759,-3.3054308368116487,0.9021010589248892,49.48600799543118,-1.0155910908052324,-3556.599999999924,-1.0155910908052324,-1.042986595041406,0.22037540363761912,0.02739550423617354,0.12431289419767623,2.5,0.33,range,both,False,-0.7039888682745882,-0.15146299483648112,-1.9984545454544709,-0.6882907133243668
BB2.5|ヒゲ0.33|range|TP20/SL20|TR0-0|long,2469,-2.0553980866117576,-0.6083959705322398,-2.2171985439480015,4,11,-179.46363636363048,-4.107103561521129,-2.318520118519048,0.9217350624224435,49.97974888618874,-0.7995544754961252,-1974.0999999999333,-0.7995544754961252,-0.6249054923983878,0.1805234432934512,-0.17464898309773746,-0.967458740601549,2.5,0.33,range,long,False,-0.033631713554982304,-0.62708803611738,-1.332793522267148,-1.3566600397613944
BB2.5|ヒゲ0.33|range|TP20/SL20|TR0-0|short,2346,-3.227370305512991,-1.1785380655000741,-3.2575796625004343,2,11,-276.0090909090866,-5.217480837654174,-3.483680926983832,0.8767811557676772,48.80647911338448,-1.2941602728047532,-3036.099999999951,-1.2941602728047532,-1.106060093543629,0.2120131168511081,-0.1881001792611241,-0.887210103105189,2.5,0.33,range,short,False,-0.8471128608923937,-0.5658314350797193,-2.9981049562681252,-0.18627450980395707
BB2.5|ヒゲ0.33|range|TP20/SL20|TR5-3|both,5945,-8.703311231334505,-6.823741503042707,-5.618142511505218,0,11,-622.3090909091055,-14.8065001583712,-8.976416521772917,0.7342696432938435,79.09167367535744,-1.1514550042052414,-6845.40000000016,-1.1514550042052414,-1.1026905147625423,0.17745832818431947,-0.048764489442699066,-0.2747940315996281,2.5,0.33,range,both,True,-1.263242961418301,-1.2574285714287063,-1.2606418918917939,-0.7188176519566111
BB2.5|ヒゲ0.33|range|TP20/SL20|TR5-3|long,3506,-6.266337675037003,-5.013802924307718,-3.896182962994203,0,11,-352.3454545454664,-10.791481633827317,-6.540745021092225,0.7421256437211273,79.20707358813462,-1.1054763262978122,-3875.80000000013,-1.1054763262978122,-1.1421570978181121,0.21278007953501363,0.036680771520299915,0.1723881840840462,2.5,0.33,range,long,True,-1.4034728406056782,-0.9123100303952908,-0.829705882352878,-1.2100709219856973
BB2.5|ヒゲ0.33|range|TP20/SL20|TR5-3|short,3241,-7.285465046430819,-5.26980733253547,-5.049287156965202,1,11,-387.4090909090982,-11.699080914331255,-7.578082152953721,0.7084937991230429,78.27830916383832,-1.314871953100919,-4261.500000000078,-1.314871953100919,-1.2504507153775841,0.1532592238417814,-0.06442123772333486,-0.4203416675908572,2.5,0.33,range,short,True,-1.1504562043797133,-1.8769352290680394,-1.7898026315788478,-0.30033333333322604
BB2.5|ヒゲ0.33|range|TP15/SL15|TR0-0|both,4329,-3.0090687115245798,-1.1564062661264847,-3.017975064801802,3,11,-265.77272727272594,-6.563552939344151,-3.2935441768117366,0.9133882994954724,50.381150381150384,-0.6753291753291716,-2923.4999999999836,-0.6753291753291716,-0.7982163613108872,0.15953934746452353,0.12288718598171566,0.7702625586395975,2.5,0.33,range,both,False,-0.15530022238693125,-0.9655219780219894,-1.4066961000736038,-0.11131019036951462
BB2.5|ヒゲ0.33|range|TP15/SL15|TR0-0|long,2844,-2.3956810603696876,-1.0184233630163873,-2.3241456472269064,3,11,-174.64545454545362,-5.219879735178485,-2.6290510719735285,0.9133011106447732,50.35161744022504,-0.6754922644163108,-1921.0999999999879,-0.6754922644163108,-0.5479972492443808,0.27560104599484964,-0.12749501517193007,-0.46260715271128783,2.5,0.33,range,long,False,-0.0647379912663459,-0.8131428571428629,-1.1199760765550353,-0.8793650793650826
BB2.5|ヒゲ0.33|range|TP15/SL15|TR0-0|short,2693,-2.876965471513207,-1.3067943594843523,-2.6948230778106885,3,11,-201.33636363636415,-5.663607211305114,-3.149103510653214,0.8954146203248997,49.87003341997772,-0.8223913850724116,-2214.7000000000044,-0.8223913850724116,-1.0596350415632887,0.179265629161072,0.2372436564908771,1.3234196516149297,2.5,0.33,range,short,False,-0.7869466515323517,-0.20177165354328425,-1.9444726810673867,0.21547388781435184
BB2.5|ヒゲ0.33|range|TP15/SL15|TR5-3|both,6302,-10.40888235667503,-8.278913434486581,-6.550814137674369,0,11,-671.0545454546655,-17.47917275632563,-10.719340376927526,0.7098564533119092,74.40495080926691,-1.1713106950176642,-7381.60000000132,-1.1713106950176642,-1.2177878252466416,0.08516855093674701,0.04647713022897748,0.5457076552059119,2.5,0.33,range,both,True,-1.3227471992208735,-1.3494242692650391,-1.1644504021449715,-0.7735458167332789
BB2.5|ヒゲ0.33|range|TP15/SL15|TR5-3|long,3629,-7.765762074856677,-6.351701784080713,-4.688736712203298,0,11,-386.18181818188964,-12.986545392967841,-8.018504225526609,0.7091267640352065,74.40066133921191,-1.1705704050704835,-4248.000000000785,-1.1705704050704835,-1.2270445069181064,0.11063539685720014,0.056474101847622915,0.5104523818946972,2.5,0.33,range,long,True,-1.333789563729897,-1.3295652173915304,-0.9225621414915938,-1.1138121546963708
BB2.5|ヒゲ0.33|range|TP15/SL15|TR5-3|short,3368,-8.537916834353092,-6.12030623716215,-5.964079447977864,0,11,-400.1727272727904,-13.685945739667305,-8.828963693315226,0.6869982579016222,73.54513064133018,-1.306977434679541,-4401.9000000006945,-1.306977434679541,-1.3520729971607524,0.08258502308451304,0.04509556248121127,0.5460501286663432,2.5,0.33,range,short,True,-1.2557894736844348,-1.6650000000001854,-1.5696296296298502,-0.6229534510435109
BB2.5|ヒゲ0.33|range|TP30/SL30|TR0-0|both,2610,-1.0170818302721303,0.44658373130877604,-1.7312891308348004,4,11,-138.318181818187,-2.411910642792861,-1.2631515854903714,0.9595529692613187,50.114942528735625,-0.5829501915709027,-1521.500000000056,-0.5829501915709027,-0.8767806201989646,0.6969519349057605,0.29383042862806197,0.4215935330860266,2.5,0.33,range,both,False,0.614322580645142,-0.10400890868600379,-1.5903800475059688,-1.124632352941175
BB2.5|ヒゲ0.33|range|TP30/SL30|TR0-0|long,2008,0.05844727632578034,-0.8951620321948306,0.8477604476614211,6,11,6.672727272729602,-1.2199089641593088,-0.15193099546475203,1.0026101211537166,51.34462151394422,0.036553784860571176,73.40000000002692,0.036553784860571176,0.006630831576129692,0.406277065391642,0.029922953284441483,0.07365159353899642,2.5,0.33,range,long,False,-0.5210355987055171,-0.9988980716253669,1.3660225442834675,-0.222413793103421
BB2.5|ヒゲ0.33|range|TP30/SL30|TR0-0|short,1911,-2.0225672820348195,0.13484199496241486,-2.782008881922034,4,11,-229.47272727273304,-3.2482626340582175,-2.2506088048689983,0.9100485357318475,49.13657770800628,-1.3208791208791542,-2524.2000000000635,-1.3208791208791542,-1.616289981341939,0.5142815105112735,0.29541086046278475,0.5744147017245511,2.5,0.33,range,short,False,0.008291873963498127,0.38166666666665144,-4.135701906412576,-0.7555256064689752
BB2.5|ヒゲ0.33|range|TP30/SL30|TR5-3|both,5478,-5.522408583804946,-4.2568325708232635,-3.6413159195030573,0,11,-500.67272727280675,-9.978710863853381,-5.747368800197686,0.7840726423009351,84.59291712303761,-1.0053669222345514,-5507.400000000873,-1.0053669222345514,-1.0542146503023315,0.12746871308779598,0.04884772806778015,0.38321347163939395,2.5,0.33,range,both,True,-1.0332757628095177,-1.2613347457627586,-1.2229981938593701,-0.43177816901433275
BB2.5|ヒゲ0.33|range|TP30/SL30|TR5-3|long,3345,-4.678776201853568,-4.217348676972729,-2.4772288214574134,0,11,-323.51818181822836,-8.219573012635038,-4.926297543745186,0.7694530283300312,84.57399103139014,-1.0638863976085235,-3558.700000000511,-1.0638863976085235,-0.9267937191294424,0.13497765253204466,-0.13709267847908113,-1.0156694527379957,2.5,0.33,range,long,True,-1.7611898016997813,-0.6299840510367591,-0.8530487804880375,-0.6802962962965415
BB2.5|ヒゲ0.33|range|TP30/SL30|TR5-3|short,3056,-5.1323932305528395,-3.7053226819045206,-3.5616668726048366,1,11,-340.50000000003746,-8.500251277946356,-5.418858674566718,0.7506922442024301,83.63874345549738,-1.2256217277488253,-3745.50000000041,-1.2256217277488253,-1.1757009783183054,0.1969364127073315,-0.04992074943051983,-0.25348663938906707,2.5,0.33,range,short,True,-0.8701941747573502,-2.204770017035767,-1.7054651162793413,-0.15250431778948417
BB2.5|ヒゲ0.33|range|TP20/SL10|TR0-0|both,4486,-2.546125216650799,-1.3973271180833702,-2.1700326609229594,3,11,-217.37272727263277,-6.324026242964286,-2.8324587270409975,0.9246719697566642,34.37360677663843,-0.5330138207755145,-2391.099999998958,-0.5330138207755145,-0.6242846466416276,0.2573739016180403,0.09127082586611313,0.3546234691719637,2.5,0.33,range,both,False,-0.5090778097978066,-0.23649350649305095,-1.0569593147750975,-0.023300970873830706
BB2.5|ヒゲ0.33|range|TP20/SL10|TR0-0|long,3017,-1.0489309653061358,-0.6283435874604075,-0.8492393222701542,4,11,-74.1636363635706,-4.125950837782189,-1.337618811787726,0.9612573550712917,35.23367583692409,-0.27040106065604064,-815.7999999992746,-0.27040106065604064,-0.4001442853335562,0.17365831038751547,0.1297432246775156,0.7471178568304382,2.5,0.33,range,long,False,-0.030073606729297778,-0.13304042179216136,-0.28810325476988885,-0.7504950495049534
BB2.5|ヒゲ0.33|range|TP20/SL10|TR0-0|short,2831,-4.025389812316878,-2.2211164998586996,-3.444812890790531,1,11,-268.009090909022,-7.074387647287031,-4.3045385248774926,0.8563968922769966,32.67396679618509,-1.0413634758033345,-2948.09999999924,-1.0413634758033345,-0.6775376359447923,0.17127779470330934,-0.3638258398585422,-2.1241856861175044,2.5,0.33,range,short,False,-0.9491416309008163,-0.6601489757909729,-1.840391676866479,-0.37688073394497845
BB2.5|ヒゲ0.33|range|TP20/SL10|TR5-3|both,6789,-12.498285083175439,-9.366638613841225,-8.357636859793931,0,11,-705.8272727272022,-21.04215149046863,-12.918424148084215,0.6909638746039728,65.70923552806009,-1.1436294005006957,-7764.099999999224,-1.1436294005006957,-1.0920423471038738,0.09112492899526206,-0.0515870533968219,-0.5661135099430817,2.5,0.33,range,both,True,-1.1743659420288695,-1.3765787370102474,-1.1832329317267893,-0.8161434977577698
BB2.5|ヒゲ0.33|range|TP20/SL10|TR5-3|long,3858,-8.192038432601013,-6.8532124022325585,-4.790017402720464,0,11,-347.8999999999655,-14.61837279990763,-8.559998759574354,0.7234918822841006,66.7185069984448,-0.9919388284084033,-3826.89999999962,-0.9919388284084033,-1.026359036680639,0.12185048735189817,0.034420208272235686,0.282479036565786,2.5,0.33,range,long,True,-1.1348631239934406,-1.1617333333332076,-0.8918181818180922,-0.737728459529974
BB2.5|ヒゲ0.33|range|TP20/SL10|TR5-3|short,3567,-10.898405745628105,-7.90901020914182,-7.505677524373493,0,11,-439.68181818177527,-17.1021442553552,-11.300471480747296,0.6501349112768626,64.11550322399776,-1.3559013176337333,-4836.499999999527,-1.3559013176337333,-1.1761860985794317,0.07726472019535995,-0.17971521905430166,-2.3259673833012116,2.5,0.33,range,short,True,-1.3036484245438233,-1.7427170868345623,-1.4686686686685386,-0.8530864197529762
BB2.5|ヒゲ0.33|range|TP10/SL20|TR0-0|both,4586,-5.382108808027624,-1.6991341627546248,-5.698223856098329,1,11,-462.5363636364558,-9.281965855184302,-5.616523467121335,0.8443200802893012,65.52551242913214,-1.109441779328611,-5087.900000001011,-1.109441779328611,-1.119333137376301,0.17488133843835893,0.009891358047689813,0.05656039767317001,2.5,0.33,range,both,False,-0.4324080499657758,-0.7539253539258235,-2.00722379603398,-1.092887029288686
BB2.5|ヒゲ0.33|range|TP10/SL20|TR0-0|long,2947,-3.5960658511056787,-1.2228645004094414,-3.7531729967967253,2,11,-246.86363636369896,-6.715055377398453,-3.7720299069010466,0.8681303205566769,66.0332541567696,-0.9214455378353194,-2715.500000000686,-0.9214455378353194,-0.934296865914915,0.12814090750638743,0.012851328079595659,0.10029059673200036,2.5,0.33,range,long,False,-0.5438894792778376,-0.09358974359021527,-1.5960465116279074,-1.299999999999972
BB2.5|ヒゲ0.33|range|TP10/SL20|TR0-0|short,2751,-5.312408569750997,-2.4310439830867363,-4.945636549583671,2,11,-349.6545454546057,-8.350015962117059,-5.50657497998545,0.8091253771636927,64.48564158487822,-1.3981097782626903,-3846.200000000661,-1.3981097782626903,-1.2877562656810073,0.22083406346614282,-0.11035351258168302,-0.49971236705791033,2.5,0.33,range,short,False,-0.8581318681323411,-1.334026465028821,-2.6020304568527632,-0.5900763358778747
BB2.5|ヒゲ0.33|range|TP10/SL20|TR5-3|both,5945,-10.550441602578237,-8.02331858660325,-7.018880793900315,0,11,-725.0272727273107,-16.89993111735686,-10.81926374799232,0.6904082575395637,79.09167367535744,-1.3415138772078077,-7975.300000000417,-1.3415138772078077,-1.4694204861021025,0.0830692573419995,0.12790660889429484,1.5397586662861102,2.5,0.33,range,both,True,-1.4191245440335618,-1.4317445185893325,-1.4748310810810161,-0.9415487094087565
BB2.5|ヒゲ0.33|range|TP10/SL20|TR5-3|long,3507,-7.609730451157148,-5.98417597236232,-4.832351137954264,0,11,-412.0272727272973,-12.301887129032037,-7.810013133578479,0.6984457544345001,79.21300256629597,-1.2923581408612115,-4532.3000000002685,-1.2923581408612115,-1.3546482955640702,0.0779124447448108,0.0622901547028587,0.7994891561531627,2.5,0.33,range,long,True,-1.559341637010886,-1.097720364741847,-1.0805882352940739,-1.3547517730495648
BB2.5|ヒゲ0.33|range|TP10/SL20|TR5-3|short,3241,-8.718582579180376,-6.129286463788826,-6.202594553901534,0,11,-447.4727272727472,-13.280649882221454,-8.950777853340771,0.6632988802166855,78.27830916383832,-1.5187287874113602,-4922.200000000218,-1.5187287874113602,-1.5342384657131176,0.13027370192358229,0.015509678301757424,0.11905456030454482,2.5,0.33,range,short,True,-1.3552007299272117,-1.9849921011060234,-1.9741228070174799,-0.6333333333332339
BB2.5|ヒゲ0.5|range|TP20/SL20|TR0-0|both,2775,-1.3517235227193676,-0.32224199687346033,-1.5215976356489462,3,11,-128.62727272727008,-3.4724661836989608,-1.5850452129977686,0.9494286643577341,50.73873873873874,-0.5098738738738625,-1414.8999999999685,-0.5098738738738625,-0.8157726711786625,0.36755966128205914,0.30589879730479996,0.8322425704654743,2.5,0.5,range,both,False,-0.03325608342989353,-0.04168336673345773,-1.4799287410925868,-0.20893169877411036
BB2.5|ヒゲ0.5|range|TP20/SL20|TR0-0|long,1873,-0.5697096996568108,0.0014305211230671163,-0.7573348189684208,4,11,-44.02727272727048,-2.333160874860269,-0.7784539843763705,0.9739093426425752,51.414842498665244,-0.2585691404164302,-484.2999999999738,-0.2585691404164302,-0.4348904786127073,0.23846701751644037,0.1763213381962771,0.7393950745583555,2.5,0.5,range,long,False,0.573333333333349,-0.38916666666666705,-0.7116279069767215,-0.7636856368563566
BB2.5|ヒゲ0.5|range|TP20/SL20|TR0-0|short,1796,-2.432913963872889,-0.960545885551038,-2.4466039977984235,4,11,-182.05454545454356,-4.177225489484834,-2.663654581517829,0.8923611111111099,49.27616926503341,-1.115033407572371,-2002.599999999978,-1.115033407572371,-1.2231142087217985,0.1569991868826195,0.10808080114942764,0.6884163115458317,2.5,0.5,range,short,False,-0.7052631578947477,-0.5028248587570603,-3.0125748502993006,0.28437499999993743
BB2.5|ヒゲ0.5|range|TP20/SL20|TR5-3|both,4217,-7.097032833241501,-5.963252705927554,-4.174696979778768,0,11,-425.6272727272881,-12.23209076508009,-7.340540701860078,0.7414200660547081,79.25065212236187,-1.110244249466485,-4681.900000000167,-1.110244249466485,-1.1405250491300079,0.0590798787511923,0.030280799663522817,0.5125399764452244,2.5,0.5,range,both,True,-1.1452257586974246,-1.629722921914498,-1.0868140868139933,-0.6036427732079314
BB2.5|ヒゲ0.5|range|TP20/SL20|TR5-3|long,2444,-5.165763029931742,-4.41177432298204,-2.9348116833776356,0,11,-239.4727272727365,-9.006254515661809,-5.398418835593526,0.7479162081207936,79.25531914893617,-1.0778232405892396,-2634.2000000001017,-1.0778232405892396,-1.1094391711610867,0.12942698324255034,0.031615930571847084,0.24427619171651255,2.5,0.5,range,long,True,-1.3969934640524464,-1.1122406639005733,-0.7539118065433088,-1.0109311740889828
BB2.5|ヒゲ0.5|range|TP20/SL20|TR5-3|short,2279,-6.255295046641496,-4.845387674536362,-3.995657640232732,1,11,-279.336363636372,-9.95941046349089,-6.469436517773119,0.6989320007838394,78.41158402808249,-1.3482667836770916,-3072.7000000000917,-1.3482667836770916,-1.3750276318783614,0.23821856165714003,0.026760848201269782,0.11233737629473967,2.5,0.5,range,short,True,-1.2436528497410944,-2.0501066098082235,-1.5778501628663564,-0.4299528301886012
BB2.5|ヒゲ0.5|range|TP15/SL15|TR0-0|both,3274,-2.61271543340402,-1.0130391433919232,-2.606963670436684,2,11,-202.818181818181,-5.6677683379697585,-2.8526298717472804,0.9125838505422891,50.366524129505194,-0.6814294441050667,-2230.999999999988,-0.6814294441050667,-0.647256559138982,0.17124410172398083,-0.03417288496608473,-0.19955656645719783,2.5,0.5,range,both,False,-0.18948891031820309,-0.8386401326699888,-1.5981500513874913,0.03963691376705125
BB2.5|ヒゲ0.5|range|TP15/SL15|TR0-0|long,2086,-1.3019848364880875,-0.28388818253510545,-1.5078284763335958,6,11,-81.09999999999773,-3.734481869950811,-1.541359761486099,0.9441334134916494,51.150527325023965,-0.42766059443910526,-892.0999999999735,-0.42766059443910526,-0.735079024351244,0.23425877381171314,0.3074184299121387,1.3123027364568554,2.5,0.5,range,long,False,0.08109756097564466,-0.2327669902912476,-0.8826446280991784,-0.7636803874091994
BB2.5|ヒゲ0.5|range|TP15/SL15|TR0-0|short,1982,-3.287558136993555,-1.9518341123068796,-2.684050615835243,1,11,-195.74545454545677,-5.696625702621193,-3.506914287915614,0.8639651762981525,49.04137235116045,-1.0863773965691335,-2153.2000000000226,-1.0863773965691335,-1.0564649212312165,0.31122067351907934,-0.029912475337916966,-0.09611339439532184,2.5,0.5,range,short,False,-0.9240601503759467,-1.0797953964194502,-2.3067518248175736,0.39047619047623555
BB2.5|ヒゲ0.5|range|TP15/SL15|TR5-3|both,4408,-8.520512296555102,-6.851425026034307,-5.256193248232874,0,11,-448.12727272735845,-14.588305281952238,-8.778610725477476,0.7199888663564721,74.65970961887477,-1.1182849364793426,-4929.400000000942,-1.1182849364793426,-1.2210654993665453,0.05010051544389765,0.10278056288720272,2.0514871349436707,2.5,0.5,range,both,True,-1.234129213483366,-1.405952380952593,-1.1068829113926,-0.6726136363638678
BB2.5|ヒゲ0.5|range|TP15/SL15|TR5-3|long,2503,-5.6815446721295695,-4.8921641863728516,-3.187143680574609,0,11,-225.8000000000473,-10.23157218902671,-5.9129489631614165,0.7456530198455333,75.18977227327207,-0.9923292049542627,-2483.8000000005195,-0.9923292049542627,-1.212448116026943,0.1482186507328621,0.22011891107268022,1.4850959038171627,2.5,0.5,range,long,True,-1.2987293519697156,-1.075604838709896,-0.6780112044819606,-0.8776679841899708
BB2.5|ヒゲ0.5|range|TP15/SL15|TR5-3|short,2345,-7.593844676182445,-5.811996814406215,-4.936652484003629,1,11,-298.89090909095626,-11.871070234866423,-7.84116505979754,0.6674185945355008,73.3049040511727,-1.4020469083157863,-3287.8000000005186,-1.4020469083157863,-1.324291836218801,0.17881001345067404,-0.07775507209698529,-0.4348474148425393,2.5,0.5,range,short,True,-1.3592220828107655,-2.0024742268043334,-1.5597774244835414,-0.5811059907836156
BB2.5|ヒゲ0.5|range|TP30/SL30|TR0-0|both,2208,-0.014039105568277352,0.5328831628097974,-0.4734997496606033,6,11,-1.7545454545466326,-1.299217335108067,-0.20646888443467323,0.9993799913905534,51.177536231884055,-0.008740942028990738,-19.30000000001155,-0.008740942028990738,-1.1169236627227508,0.4057799882679808,1.10818272069376,2.730994018270576,2.5,0.5,range,both,False,0.6453592814371024,0.3607499999999675,-0.7767103347889424,-0.13487858719642407
BB2.5|ヒゲ0.5|range|TP30/SL30|TR0-0|long,1593,1.108860115318944,0.07550682412381599,1.3825270703514514,9,11,113.60909090909443,-0.02192844784190784,0.8835557375505615,1.0576964805931706,52.66792215944758,0.7844946641557057,1249.7000000000392,0.7844946641557057,-0.08813198754885891,0.546581107588261,0.8726266517045645,1.5965181371799506,2.5,0.5,range,long,False,0.7454732510287759,-0.7848684210526574,2.0675510204082532,0.36070287539941837
BB2.5|ヒゲ0.5|range|TP30/SL30|TR0-0|short,1529,-1.9138120067002273,-0.7417013669704106,-1.9046529919579265,4,11,-191.5909090909119,-3.0262141091405006,-2.1741135038253367,0.9055936067945722,48.986265533028124,-1.378351863963395,-2107.500000000031,-1.378351863963395,-1.941459970500387,0.5297528848904816,0.5631081065369921,1.0629637376177878,2.5,0.5,range,short,False,-0.6598377281947522,-0.9939597315436295,-3.4765375854214917,0.13444816053517747
BB2.5|ヒゲ0.5|range|TP30/SL30|TR5-3|both,3972,-4.948757995192888,-4.678504331083728,-2.471186428128638,2,11,-379.3909090909665,-8.75890947655175,-5.166642141992488,0.778020680411024,84.29003021148036,-1.0506797583083158,-4173.3000000006305,-1.0506797583083158,-1.05361797222463,0.1848900374185546,0.002938213916314103,0.015891683280168125,2.5,0.5,range,both,True,-1.125730071034023,-1.9696551724138345,-0.9441074523399252,-0.27784503631987884
BB2.5|ヒゲ0.5|range|TP30/SL30|TR5-3|long,2369,-4.079806813484125,-4.106407658338636,-1.701698898808911,2,11,-235.09090909094013,-7.086543555396824,-4.312906230586268,0.7676821215850516,84.25495989869142,-1.091599831152529,-2586.000000000341,-1.091599831152529,-1.0431204045311213,0.1896127410018356,-0.048479426621407695,-0.25567599711529077,2.5,0.5,range,long,True,-1.8808683853460637,-1.0976293103448946,-0.7171052631581034,-0.41322314049611114
BB2.5|ヒゲ0.5|range|TP30/SL30|TR5-3|short,2179,-4.7737699381112595,-3.449426607593901,-3.3008936824271164,0,11,-268.3090909091218,-7.600171165437444,-5.005182101147387,0.7270078528946281,83.43276732446077,-1.3544745296008898,-2951.400000000339,-1.3544745296008898,-1.2825259901060488,0.21513928095547866,-0.07194853949484092,-0.33442772131292053,2.5,0.5,range,short,True,-0.867794316644195,-2.7221719457013687,-1.4653583617750305,-0.6024271844662765
BB2.5|ヒゲ0.5|range|TP20/SL10|TR0-0|both,3396,-1.440190658519644,-0.8843429396192507,-1.1470623112610154,4,11,-107.75454545447273,-4.71935963838128,-1.701263653638746,0.9502075211722317,35.01177856301531,-0.3490282685510003,-1185.2999999991969,-0.3490282685510003,-0.6402157734065339,0.2987090246639489,0.29118750485553363,0.9748199110593426,2.5,0.5,range,both,False,-0.24606741572987323,-0.2889776357822871,-0.5337278106508495,-0.2912790697674708
BB2.5|ヒゲ0.5|range|TP20/SL10|TR0-0|long,2176,0.12839257852612765,-0.056025370936464515,0.22691374557011795,6,11,7.781818181864235,-2.477128861941468,-0.13228297472763045,1.0057313113053137,36.30514705882353,0.03933823529435095,85.60000000050768,0.03933823529435095,-0.43908156504739865,0.2632175950430437,0.4784198003417496,1.8175829023265488,2.5,0.5,range,long,False,0.1407027818452596,0.15503512880608397,0.2473270440251641,-0.5441860465116423
BB2.5|ヒゲ0.5|range|TP20/SL10|TR0-0|short,2072,-3.174741541085243,-1.810105455195742,-2.6802310969785315,3,11,-183.1727272726762,-5.7571228392354366,-3.4706244696117845,0.8652997646807451,32.963320463320464,-0.972442084941813,-2014.8999999994364,-0.972442084941813,-0.6988050042408721,0.19313440191634038,-0.27363708070094084,-1.416822057519673,2.5,0.5,range,short,False,-0.5294202898546065,-1.3893975903609763,-1.7581881533099986,-0.16234096692115563
BB2.5|ヒゲ0.5|range|TP20/SL10|TR5-3|both,4666,-9.706358961466533,-7.996263327525003,-5.814863934333744,0,11,-441.80909090904737,-17.025918252395307,-10.012024631702708,0.7121440967594947,66.45949421345907,-1.0415559365622635,-4859.899999999521,-1.0415559365622635,-1.0574491360420712,0.09493560460605725,0.015893199479807718,0.16741031508418572,2.5,0.5,range,both,True,-1.148418972331903,-1.4343201754384638,-1.0182991647682988,-0.508596300326402
BB2.5|ヒゲ0.5|range|TP20/SL10|TR5-3|long,2602,-5.833309772452563,-5.468639142600807,-2.87506980162357,0,11,-197.91818181815995,-11.351073338178233,-6.104535405520676,0.7607056495933312,67.56341275941583,-0.8367025365102839,-2177.099999999759,-0.8367025365102839,-1.0276776119329054,0.10423617158021675,0.1909750754226215,1.8321382350046624,2.5,0.5,range,long,True,-1.1793939393938253,-0.904030710172636,-0.7032653061223451,-0.4149712092130247
BB2.5|ヒゲ0.5|range|TP20/SL10|TR5-3|short,2449,-9.164460092207467,-7.207208513199533,-5.757606514812289,0,11,-300.19999999997304,-14.44270356513205,-9.46606774337655,0.6477390311810081,64.55696202531645,-1.348387096774072,-3302.1999999997024,-1.348387096774072,-1.2397425595864124,0.11068362159614646,-0.10864453718765965,-0.9815773609583642,2.5,0.5,range,short,True,-1.28706586826335,-2.0961464354526225,-1.3828438948994157,-0.5466517857142245
BB2.5|ヒゲ0.5|range|TP10/SL20|TR0-0|both,3457,-4.939659259081004,-1.9246760633168094,-4.9451703448151525,1,11,-369.9818181818909,-8.306440973600607,-5.179294790341738,0.8357700021386916,65.25889499566098,-1.1772635232863171,-4069.8000000007983,-1.1772635232863171,-1.048268493722547,0.17231275831135082,-0.12899502956377007,-0.7486098581898954,2.5,0.5,range,both,False,-0.4318552036203833,-1.3042319749220959,-2.142450980392136,-0.8288184438040334
BB2.5|ヒゲ0.5|range|TP10/SL20|TR0-0|long,2153,-3.3028520006636017,-1.308255931589635,-3.2720583076780843,3,11,-194.69090909095573,-5.9567536848860385,-3.509293926473569,0.8586486611356057,65.76869484440316,-0.9947050627034424,-2141.6000000005115,-0.9947050627034424,-0.9658671123917646,0.30742739880312026,-0.028837950311677796,-0.09380409951731701,2.5,0.5,range,long,False,-0.3893961708399437,-0.7371158392439712,-1.7720257234726633,-1.0797202797202643
BB2.5|ヒゲ0.5|range|TP10/SL20|TR0-0|short,2021,-4.55233599503789,-2.3185236270449265,-4.111852817031875,1,11,-258.9272727273183,-7.136772934139996,-4.776498649817336,0.8074681952762348,64.37407224146462,-1.4093023255816433,-2848.200000000501,-1.4093023255816433,-1.3164765809115238,0.24988561911510757,-0.0928257446701195,-0.3714729362931452,2.5,0.5,range,short,False,-0.9364170337743345,-1.3819951338204175,-2.6930783242258296,-0.43157894736844216
BB2.5|ヒゲ0.5|range|TP10/SL20|TR5-3|both,4217,-8.526280439580901,-6.968976815039857,-5.192027361712236,0,11,-493.95454545457665,-13.83566827367845,-8.722174696906203,0.6999094232914456,79.25065212236187,-1.28847521935033,-5433.500000000341,-1.28847521935033,-1.4359918492505865,0.10431848758763328,0.1475166299002566,1.4140986253882804,2.5,0.5,range,both,True,-1.3219096965213175,-1.7736775818641815,-1.2658476658475952,-0.8151586368977295
BB2.5|ヒゲ0.5|range|TP10/SL20|TR5-3|long,2444,-6.347236762654035,-5.333454179406875,-3.695487656063601,0,11,-284.7272727272903,-10.31054250287604,-6.5456213806870105,0.7002784768940502,79.25531914893617,-1.2815057283143183,-3132.0000000001937,-1.2815057283143183,-1.3001727373190333,0.16719086812838374,0.018667009004714963,0.11165088867402019,2.5,0.5,range,long,True,-1.6194771241832266,-1.258091286307266,-1.007254623044031,-1.1712550607286825
BB2.5|ヒゲ0.5|range|TP10/SL20|TR5-3|short,2279,-7.200299710802455,-5.488686125364572,-4.685333080237852,0,11,-313.4090909091086,-10.993478595245064,-7.3821680620301695,0.6622085048010736,78.41158402808249,-1.5127248793331263,-3447.5000000001946,-1.5127248793331263,-1.6225645374972562,0.15008532897893395,0.10983965816412988,0.7318480687712456,2.5,0.5,range,short,True,-1.4401554404147259,-2.1609808102347285,-1.6716612377849616,-0.6976415094338958
BB2.5|ヒゲ0.5|none|TP20/SL20|TR0-0|both,4952,-2.2687693100419204,-0.610298349613104,-2.466761037669899,4,11,-279.6636363636343,-5.17672391973169,-2.5008751679390357,0.9389787676341294,50.42407108239095,-0.6212237479806085,-3076.2999999999734,-0.6212237479806085,-0.9158171397068852,0.21463257549600165,0.29459339172627663,1.3725474385493015,2.5,0.5,none,both,False,-0.11610921501705752,-0.5153266331658246,-1.1660083782166186,-0.5368627450980561
BB2.5|ヒゲ0.5|none|TP20/SL20|TR0-0|long,3337,-1.0736078693655609,-0.955993100230309,-0.584919384304235,5,11,-112.73636363636437,-3.365059049142638,-1.3375276361068895,0.9629348453102896,51.1836979322745,-0.37162121666167375,-1240.1000000000054,-0.37162121666167375,-0.38345175879302473,0.23252318659631796,0.011830542131350985,0.05087897815493951,2.5,0.5,none,long,False,-0.0968360498561743,-0.7005415162454821,-0.22576177285320329,-0.7709284627092843
BB2.5|ヒゲ0.5|none|TP20/SL20|TR0-0|short,2905,-2.619472289004544,-0.5177581018011579,-3.0844517758318797,4,11,-252.13636363635968,-4.802461844185827,-2.860943032673108,0.9076125155311565,49.60413080895009,-0.9547332185886243,-2773.4999999999536,-0.9547332185886243,-1.3456665446547431,0.21611111542111183,0.39093332606611886,1.8089459457203314,2.5,0.5,none,short,False,0.04499449944995247,-1.2436229205175615,-2.32132269099195,-0.18304498269899575
BB2.5|ヒゲ0.5|none|TP20/SL20|TR5-3|both,7602,-7.641029750630827,-6.913657422834609,-4.044651166108381,0,11,-612.0090909091134,-14.57969097861058,-7.897195440107609,0.7905956054347171,79.59747434885557,-0.8855695869508347,-6732.100000000245,-0.8855695869508347,-0.9564984906022802,0.10761685621039341,0.07092890365144555,0.6590873042488616,2.5,0.5,none,both,True,-0.8784977300868285,-1.5769618430526937,-0.7370786516852962,-0.4793360433603621
BB2.5|ヒゲ0.5|none|TP20/SL20|TR5-3|long,4412,-5.704019885833515,-6.3724425514725676,-1.8484113937596105,1,11,-354.6000000000174,-10.78396642728866,-5.950133944065756,0.7917503096570147,79.46509519492294,-0.8840888485947851,-3900.600000000192,-0.8840888485947851,-0.9357638827074434,0.11068358723458357,0.05167503411265828,0.4668716961904916,2.5,0.5,none,long,True,-1.4041007194246162,-1.3378973105136165,-0.22189349112419074,-0.6508215962440498
BB2.5|ヒゲ0.5|none|TP20/SL20|TR5-3|short,3830,-6.39102617807631,-4.6632598405793395,-4.381289418478321,1,11,-373.7000000000099,-11.104586483418391,-6.647335146796926,0.7528617463867341,79.08616187989557,-1.0732898172324041,-4110.700000000108,-1.0732898172324041,-1.146177256166241,0.11371565565574063,0.07288743893383698,0.640962218557612,2.5,0.5,none,short,True,-0.6878548895900671,-1.8192258064517213,-1.4867715078629775,-0.313597733710964
BB2.5|ヒゲ0.5|none|TP15/SL15|TR0-0|both,6081,-4.9682172514985075,-2.70735349970217,-4.241427066212361,0,11,-527.26363636364,-9.087964218958966,-5.212315587031498,0.8800838600430498,49.53132708436112,-0.9537740503206767,-5799.900000000035,-0.9537740503206767,-0.7863539034619736,0.1421536502533731,-0.1674201468587031,-1.177740751365127,2.5,0.5,none,both,False,-0.6808510638297821,-1.07749042145595,-1.338429964084166,-0.6509933774834381
BB2.5|ヒゲ0.5|none|TP15/SL15|TR0-0|long,3826,-3.372795184731277,-2.8199365105359946,-1.9912739839413456,0,11,-286.59090909090986,-6.583503598175027,-3.6350963871909276,0.895420391779598,49.92158912702561,-0.8239675901725053,-3152.5000000000055,-0.8239675901725053,-0.5261256711012525,0.20523386442342895,-0.2978419190712528,-1.451231841820993,2.5,0.5,none,long,False,-0.8305000000000002,-0.979416058394171,-0.555592654424032,-1.1028263795424071
BB2.5|ヒゲ0.5|none|TP15/SL15|TR0-0|short,3369,-4.015323272964409,-1.5833323718679648,-4.044315046039409,2,11,-318.13636363636647,-7.0606806057009575,-4.240322713836484,0.8699273719344968,49.21341644404868,-1.0387355298308187,-3499.500000000028,-1.0387355298308187,-1.199704953290789,0.18075355108782107,0.16096942345997034,0.890546395858976,2.5,0.5,none,short,False,-0.3889502762430785,-1.128244274809172,-2.2656154628688236,-0.1720930232557902
BB2.5|ヒゲ0.5|none|TP15/SL15|TR5-3|both,8064,-11.422276073640429,-9.747879148020825,-6.653563962476505,0,11,-823.3090909092426,-19.483389733029963,-11.736769019716702,0.7255095700667905,74.06994047619048,-1.1230654761906833,-9056.40000000167,-1.1230654761906833,-1.0108115048527908,0.06300161792020514,-0.1122539713378925,-1.781763310905254,2.5,0.5,none,both,True,-1.1611969111971299,-1.6529218647408552,-1.005033277870396,-0.72100840336157
BB2.5|ヒゲ0.5|none|TP15/SL15|TR5-3|long,4602,-7.8619334332814255,-8.1059669279858,-3.2372062275490654,0,11,-435.4545454546313,-13.707963904545753,-8.157955669151256,0.7430946634486045,74.29378531073446,-1.0408518035638734,-4790.000000000945,-1.0408518035638734,-1.0444666737036898,0.11822377544320979,0.0036148701398164285,0.03057650735873238,2.5,0.5,none,long,True,-1.5216049382718178,-1.4550857142859512,-0.4500724637682711,-0.7617547806526579
BB2.5|ヒゲ0.5|none|TP15/SL15|TR5-3|short,4005,-9.06489833078095,-6.326173427738456,-6.494888720160178,0,11,-475.8363636364395,-14.451074038023863,-9.35748605888754,0.689138065175134,73.3832709113608,-1.3069163545570122,-5234.200000000834,-1.3069163545570122,-1.12098337560383,0.08141874326457114,-0.18593297895318206,-2.283663091543807,2.5,0.5,none,short,True,-0.9303598200901728,-1.9662606577346626,-1.6838392857145028,-0.6752054794522494
BB2.5|ヒゲ0.5|none|TP30/SL30|TR0-0|both,3585,-2.282467346385986,-0.42982431021007644,-2.598118049561981,1,11,-360.15454545455134,-3.9288574066650734,-2.584412397055568,0.9258770723529728,49.37238493723849,-1.1050767085076891,-3961.7000000000653,-1.1050767085076891,-1.0197271747491172,0.3270521391632542,-0.0853495337585719,-0.2609661382339043,2.5,0.5,none,both,False,0.2135755258126057,-1.9339483394833925,-1.230885873902649,-2.143279569892515
BB2.5|ヒゲ0.5|none|TP30/SL30|TR0-0|long,2604,-0.2023726844886955,-0.9210670215302309,0.4889115426754383,7,11,-27.036363636360182,-1.6146863855195643,-0.4038087537428501,0.991996059929973,51.113671274961604,-0.11420890937018445,-297.3999999999603,-0.11420890937018445,-0.05534622814616012,0.13457815387494831,-0.05886268122402433,-0.43738660049327366,2.5,0.5,none,long,False,-0.6218987341772249,-0.662259615384617,1.1762285714286314,-1.0703632887189383
BB2.5|ヒゲ0.5|none|TP30/SL30|TR0-0|short,2322,-2.6700049711282237,-0.5963409061714001,-3.011484481134406,4,11,-330.2363636363694,-4.03271672194386,-2.9353577308079104,0.8952860564935265,48.66494401378122,-1.5644272179156162,-3632.600000000061,-1.5644272179156162,-1.8607735917897759,0.2410905569296748,0.29634637387415963,1.2291911290436928,2.5,0.5,none,short,False,-0.0891515994436933,-1.5413625304136078,-3.660165975103818,-0.6155650319829291
BB2.5|ヒゲ0.5|none|TP30/SL30|TR5-3|both,6959,-4.871363785549181,-4.812169206449081,-2.326843120125337,1,11,-489.27272727282894,-9.984916227257056,-5.123026866755266,0.8316530965257399,84.82540594913061,-0.773386980888219,-5382.000000001116,-0.773386980888219,-0.6942110586516004,0.10971592525862528,-0.07917592223661862,-0.7216447571305902,2.5,0.5,none,both,True,-0.8278613771090674,-1.6400000000000483,-0.5345940959411813,-0.3143776824037147
BB2.5|ヒゲ0.5|none|TP30/SL30|TR5-3|long,4140,-3.6376585402425023,-5.050355805925602,-0.19331606568564275,2,11,-271.27272727278466,-7.674464772054159,-3.8657296397740146,0.8408737014995095,84.92753623188406,-0.7207729468600554,-2984.0000000006294,-0.7207729468600554,-0.6507303493602719,0.1886197448527549,-0.07004259749978359,-0.3713428705698972,2.5,0.5,none,long,True,-1.482945736434177,-1.2773458445040888,0.11062839410374828,-0.31987730061377095
BB2.5|ヒゲ0.5|none|TP30/SL30|TR5-3|short,3596,-4.351722533160597,-2.622767025946218,-3.4885195837376166,1,11,-320.65454545459346,-7.913853575484448,-4.594013806822906,0.7927785023558295,84.31590656284762,-0.9808676307009252,-3527.200000000527,-0.9808676307009252,-0.9281523530389393,0.22754961051133174,-0.052715277661985915,-0.23166498744396113,2.5,0.5,none,short,True,-0.3290619765494978,-2.083404864091576,-1.4220487804880517,-0.3250737463129233
BB2.5|ヒゲ0.5|none|TP20/SL10|TR0-0|both,6321,-3.512820522622554,-1.8065716361653552,-3.0952910088418952,1,11,-353.06363636350227,-8.026071719507822,-3.7799122173525985,0.9136504619079134,34.06106628697991,-0.6144122765382882,-3883.69999999852,-0.6144122765382882,-0.7157791606665913,0.17364663748627368,0.10136688412830308,0.5837537979180039,2.5,0.5,none,both,False,-0.4337802991227912,-0.624930232557674,-0.9174743024962784,-0.3927215189873669
BB2.5|ヒゲ0.5|none|TP20/SL10|TR0-0|long,4032,-2.272568041159775,-1.8125420341488472,-1.4155972198825209,5,11,-187.03636363627612,-5.779008959664822,-2.53832792357123,0.9278214164179038,34.42460317460318,-0.5102678571426177,-2057.3999999990347,-0.5102678571426177,-0.4849718994630784,0.21384273326356767,-0.025295957679539294,-0.11829234172928971,2.5,0.5,none,long,False,-0.47377952755858865,-0.6579310344822881,-0.3748612212529419,-0.6520618556701145
BB2.5|ヒゲ0.5|none|TP20/SL10|TR0-0|short,3535,-3.759950972565284,-1.5975559697051331,-3.696411382347734,2,11,-284.3181818180969,-7.099723541611834,-4.05679458133691,0.877204141489129,33.18246110325318,-0.8847241867041195,-3127.4999999990623,-0.8847241867041195,-1.0278488877524508,0.10898796021045651,0.1431247010483313,1.3132157054041245,2.5,0.5,none,short,False,-0.28817299205602154,-1.219075144508197,-1.7450337512052996,-0.2196136701337624
BB2.5|ヒゲ0.5|none|TP20/SL10|TR5-3|both,8628,-13.170509197240154,-11.436923526265355,-7.4426382525982895,0,11,-834.309090909002,-22.86686976846989,-13.569484347615639,0.7136206051868857,65.58878071395456,-1.0636764024106424,-9177.399999999023,-1.0636764024106424,-1.0414728751041713,0.0697114642628449,-0.022203527306471127,-0.31850611002450646,2.5,0.5,none,both,True,-1.1245977833391825,-1.6443447037700494,-0.8762638230646469,-0.6544840294839616
BB2.5|ヒゲ0.5|none|TP20/SL10|TR5-3|long,4864,-9.442812481723031,-9.610509101931841,-4.024959877454418,1,11,-449.13636363631485,-16.565601985667335,-9.804485953701743,0.72581414966592,65.66611842105263,-1.0157277960525213,-4940.499999999463,-1.0157277960525213,-0.9608369564645809,0.12182831694396909,-0.05489083958794039,-0.4505589584167498,2.5,0.5,none,long,True,-1.4031390134527852,-1.5019210245463017,-0.5716272600833324,-0.5613146551723583
BB2.5|ヒゲ0.5|none|TP20/SL10|TR5-3|short,4226,-10.331480548573866,-7.721377802534885,-6.919700309316899,0,11,-458.05454545449885,-16.980049074461743,-10.70405504705349,0.6845571617281712,65.00236630383341,-1.1922858495029547,-5038.5999999994865,-1.1922858495029547,-1.0887197067755434,0.08975180029972908,-0.10356614272741127,-1.1539171624585662,2.5,0.5,none,short,True,-0.9064493267185426,-1.9065241844767618,-1.3011111111109825,-0.7174603174602281
BB2.5|ヒゲ0.5|none|TP10/SL20|TR0-0|both,6285,-5.579158563481601,-2.2024075453266816,-5.542119064866668,1,11,-558.009090909223,-10.122019293524046,-5.823861424312603,0.8612397790904193,65.98249801113762,-0.9766268894194826,-6138.100000001448,-0.9766268894194826,-0.8954125867064769,0.13298879017337528,-0.08121430271300567,-0.6106853262378575,2.5,0.5,none,both,False,-0.3212602459021157,-1.2320441988954944,-1.5730865432716428,-0.8240384615384604
BB2.5|ヒゲ0.5|none|TP10/SL20|TR0-0|long,3880,-4.021324641078833,-2.303092386888706,-3.3427556353517733,1,11,-323.60000000008455,-7.460992639218617,-4.2091744347370375,0.8688261198017062,66.1340206185567,-0.9174226804126102,-3559.6000000009276,-0.9174226804126102,-0.7479242049764616,0.159174541595837,-0.1694984754361486,-1.064859202588598,2.5,0.5,none,long,False,-0.6695687550859067,-0.8595100864558018,-1.251201325600683,-0.8399999999999979
BB2.5|ヒゲ0.5|none|TP10/SL20|TR0-0|short,3372,-4.824193431158342,-2.2033537647863195,-4.565457782926446,0,11,-356.9181818182565,-8.110166687130175,-5.035939775386981,0.8374002932186596,65.27283511269276,-1.1643238434166132,-3926.10000000082,-1.1643238434166132,-1.2895559507146042,0.17775947467225972,0.12523210729799095,0.7045031356493655,2.5,0.5,none,short,False,-0.47963302752341147,-1.3004518072293818,-2.129327902240315,-0.7056603773584964
BB2.5|ヒゲ0.5|none|TP10/SL20|TR5-3|both,7602,-9.739265117897384,-8.360072902977773,-5.571523784173154,0,11,-753.0909090909656,-16.896850344908323,-9.965892131765187,0.7423231971333061,79.59747434885557,-1.0897132333597235,-8284.000000000618,-1.0897132333597235,-1.1978864248063863,0.09179631834255882,0.10817319144666282,1.1784044654491477,2.5,0.5,none,both,True,-1.089104416013429,-1.702591792656777,-0.9762316335349481,-0.6918699186991522
BB2.5|ヒゲ0.5|none|TP10/SL20|TR5-3|long,4412,-7.232356680781402,-7.480178418968135,-2.9144314227648898,0,11,-440.5000000000368,-12.384203159339298,-7.490796588837267,0.7413029086404733,79.46509519492294,-1.0982547597462384,-4845.500000000404,-1.0982547597462384,-1.1445416985106016,0.1116518294895328,0.046286938764363184,0.4145649827323476,2.5,0.5,none,long,True,-1.6146762589930224,-1.4996332518339528,-0.503328402366837,-0.814436619718269
BB2.5|ヒゲ0.5|none|TP10/SL20|TR5-3|short,3830,-7.801722023163171,-5.532403289375225,-5.499846847683514,0,11,-440.7090909091174,-12.659004882824714,-8.014159829195446,0.7085467618978687,79.08616187989557,-1.2657441253264465,-4847.80000000029,-1.2657441253264465,-1.3466595292965624,0.13293590002138064,0.08091540397011587,0.6086798521475532,2.5,0.5,none,short,True,-0.9077287066248287,-1.872387096774365,-1.6919518963921503,-0.5902266288951287
BB2.5|ヒゲ0.33|none|TP20/SL20|TR0-0|both,6468,-3.0418561945642724,-1.423048508608431,-2.7646530924091506,2,11,-437.3181818181801,-6.271674725948778,-3.3037000154119456,0.9276360819236856,50.18552875695733,-0.7437384044526865,-4810.499999999976,-0.7437384044526865,-0.76274013225723,0.24351287708866212,0.019001727804543567,0.07803171656349454,2.5,0.33,none,both,False,-0.47649945474372774,-0.7224358974358972,-1.1678540772531951,-0.39422514619885624
BB2.5|ヒゲ0.33|none|TP20/SL20|TR0-0|long,4447,-2.442023923002252,-2.149347696678596,-1.3956497725633839,4,11,-303.61818181818217,-4.99594355086333,-2.706338888568457,0.9267226153255428,50.101191814706546,-0.7510231616820329,-3339.8,-0.7510231616820329,-0.5477033420113802,0.11592100725761409,-0.2033198196706527,-1.7539514578130788,2.5,0.33,none,long,False,-0.8070953436807132,-0.8344476744185997,-0.7522229595222232,-0.6007786429366062
BB2.5|ヒゲ0.33|none|TP20/SL20|TR0-0|short,3904,-2.6281030951582247,-0.407018729709276,-3.0987034510608047,3,11,-297.1181818181775,-5.1197229595262845,-2.8868364055140074,0.9186949599482551,50.0,-0.8371670081967085,-3268.29999999995,-0.8371670081967085,-1.3554540897736742,0.17806095803303595,0.5182870815769657,2.910728366859663,2.5,0.33,none,short,False,-0.14407783417934966,-0.7508172362555694,-1.7348782403770207,-0.4951030927835215
BB2.5|ヒゲ0.33|none|TP20/SL20|TR5-3|both,10970,-9.139148051440674,-8.460238594558607,-4.7533683132839775,0,11,-881.9181818182059,-17.483146152440852,-9.400467902724342,0.7915033269716724,79.55332725615315,-0.8843299908842538,-9701.100000000264,-0.8843299908842538,-0.9112284730520626,0.11855040552630908,0.026898482167808768,0.22689489798362075,2.5,0.33,none,both,True,-1.0907917383822523,-1.3368449486765204,-0.6630230572159591,-0.5164622641508617
BB2.5|ヒゲ0.33|none|TP20/SL20|TR5-3|long,6393,-6.5922318008264975,-7.256230801355723,-2.4910871563124846,0,11,-505.73636363638593,-12.520243519292903,-6.8755140620214945,0.7941643325723502,79.55576411700297,-0.8701861410918572,-5563.100000000243,-0.8701861410918572,-0.9391503486816599,0.07212088054407546,0.0689642075898027,0.956230804027086,2.5,0.33,none,long,True,-1.4254220456804014,-1.13642921550962,-0.3432098765431353,-0.5919678714858615
BB2.5|ヒゲ0.33|none|TP20/SL20|TR5-3|short,5586,-7.459944783426494,-5.820674436895232,-4.796324884326166,0,11,-530.6727272727372,-13.116819774289707,-7.7715776315274185,0.7624253178569598,78.82205513784461,-1.0450053705692999,-5837.400000000109,-1.0450053705692999,-1.1215110832197288,0.09368298586565424,0.07650571265042894,0.8166446867966152,2.5,0.33,none,short,True,-0.8051254089423575,-1.866380952381058,-1.1629146919430238,-0.4320512820511732
BB2.5|ヒゲ0.33|none|TP15/SL15|TR0-0|both,8326,-5.3133512302537085,-3.0167130726966054,-4.4119749069470355,0,11,-648.7636363636385,-10.193585786906773,-5.5858600980774815,0.891648636953703,49.80783089118424,-0.8571222675954862,-7136.400000000018,-0.8571222675954862,-0.8497040176704781,0.23569939636034934,-0.007418249925008058,-0.03147335139402163,2.5,0.33,none,both,False,-0.7001610954490497,-1.0068885448916511,-1.163293789253328,-0.4528189910979097
BB2.5|ヒゲ0.33|none|TP15/SL15|TR0-0|long,5325,-3.4734865792677976,-3.0441831587707027,-1.9517146534056222,2,11,-358.736363636363,-7.1236583875708765,-3.7142765280430954,0.9055186168620847,50.17840375586854,-0.7410516431924864,-3946.09999999999,-0.7410516431924864,-0.5497360210171506,0.1476429385785726,-0.19131562217533582,-1.2957993387101374,2.5,0.33,none,long,False,-0.8478365384615396,-0.8477168949771727,-0.670591614014929,-0.5988505747126361
BB2.5|ヒゲ0.33|none|TP15/SL15|TR0-0|short,4702,-3.8158392945596127,-1.1455655518057226,-4.134766818175367,2,11,-354.14545454545566,-7.442052890735394,-4.056221176781221,0.894913461953476,49.87239472564866,-0.8284985112718011,-3895.6000000000085,-0.8284985112718011,-1.1537786084381123,0.14183554236254267,0.32528009716631123,2.2933609710806477,2.5,0.33,none,short,False,-0.4153374233128697,-0.5813302217036128,-1.7538201487491902,-0.21601779755281428
BB2.5|ヒゲ0.33|none|TP15/SL15|TR5-3|both,11794,-12.684324162067618,-11.101305439407556,-7.169387380069313,0,11,-1111.1272727274873,-22.40046342226963,-12.986516880317245,0.7436888969042792,74.38528065117856,-1.0363235543498692,-12222.400000002359,-1.0363235543498692,-1.0627494377124265,0.08281440986082987,0.026425883362557245,0.3190976474621519,2.5,0.33,none,both,True,-1.1888067581839545,-1.4695357833657698,-0.8778198539358015,-0.6402945113790566
BB2.5|ヒゲ0.33|none|TP15/SL15|TR5-3|long,6765,-9.128167273470213,-9.334656566703998,-3.927401149556072,0,11,-633.2636363637657,-15.92653612306247,-9.421840009898041,0.7445965219750175,74.41241685144124,-1.0296969696971798,-6965.900000001421,-1.0296969696971798,-1.061813210384173,0.05541749759855449,0.03211624068699326,0.5795324956684976,2.5,0.33,none,long,True,-1.4530772790377056,-1.5001657000830804,-0.5464574417500545,-0.669165378671018
BB2.5|ヒゲ0.33|none|TP15/SL15|TR5-3|short,5894,-9.79003947833213,-6.958028405277341,-6.91128359870644,0,11,-614.7909090910136,-16.416220246176135,-10.054259424032418,0.7229820788530094,73.76993552765524,-1.1473871733968697,-6762.70000000115,-1.1473871733968697,-1.1165439681876212,0.09052968858104062,-0.030843205209248437,-0.3406971314348235,2.5,0.33,none,short,True,-0.9195461578135198,-1.6736749116609597,-1.3840818646960438,-0.6113721804513038
BB2.5|ヒゲ0.33|none|TP30/SL30|TR0-0|both,4423,-1.981460481095639,-1.139691824191129,-1.6233537312006316,4,11,-339.4636363636368,-3.847898713663416,-2.2348106224995012,0.943275932261064,49.89825910015826,-0.8442459868867291,-3734.100000000003,-0.8442459868867291,-0.5649707456393356,0.34565108961706037,-0.27927524124739356,-0.8079686413162961,2.5,0.33,none,both,False,0.030194805194793076,-2.7319738988580613,-0.9471515151515173,-0.5752155172413724
BB2.5|ヒゲ0.33|none|TP30/SL30|TR0-0|long,3296,-0.4587581627450343,-1.671502449908039,0.7420892829642673,6,11,-69.86363636363045,-2.0219746203061,-0.7102391548259326,0.983830175816593,50.94053398058252,-0.23316140776697025,-768.499999999934,-0.23316140776697025,-0.2280754147092785,0.33989285564286353,-0.005085993057691751,-0.014963518571381122,2.5,0.33,none,long,False,-1.1676348547717872,-0.7552845528455377,0.9390222984563178,-0.5433234421364878
BB2.5|ヒゲ0.33|none|TP30/SL30|TR0-0|short,2975,-2.4180212731835105,-0.04073208869682997,-3.124820476530605,3,11,-341.7636363636425,-3.9435354979735284,-2.6671184074404306,0.9151570409455174,49.1764705882353,-1.2636638655462407,-3759.400000000066,-1.2636638655462407,-1.5398885436591345,0.20913189122002296,0.27622467811289386,1.3208156656618386,2.5,0.33,none,short,False,0.06862302483067942,-0.8244306418219303,-2.920177165354393,-0.7713559322033784
BB2.5|ヒゲ0.33|none|TP30/SL30|TR5-3|both,9754,-5.123522650378119,-5.774664994889146,-1.8580632913641164,2,11,-620.4363636365001,-11.082851868854402,-5.472208880403692,0.8466237125565168,84.93951199507895,-0.6996924338734364,-6824.800000001498,-0.6996924338734364,-0.8156558446688379,0.08711543470732652,0.11596341079540151,1.3311465549703425,2.5,0.33,none,both,True,-1.088701126573961,-1.3187700192184837,-0.4225514660014681,-0.06389029964475477
BB2.5|ヒゲ0.33|none|TP30/SL30|TR5-3|long,5873,-3.988349544251608,-5.2012243798972095,-0.7196554427088083,2,11,-372.0090909091746,-8.562655495618873,-4.2330668954212385,0.8453430186853392,85.05022986548613,-0.696764856121389,-4092.100000000918,-0.696764856121389,-0.7037912712191374,0.1062679056411751,0.007026415097748373,0.0661198228698871,2.5,0.33,none,long,True,-1.4995049504951268,-0.9550550550551224,-0.0742071881608829,-0.2332474226806876
BB2.5|ヒゲ0.33|none|TP30/SL30|TR5-3|short,5121,-4.273996122395437,-3.479669454702871,-2.6634209830955906,2,11,-370.5090909091548,-8.589871360516694,-4.574828463551847,0.8299615748872214,84.51474321421597,-0.7958601835580358,-4075.600000000701,-0.7958601835580358,-0.9761545830010506,0.07730300915446962,0.18029439944301484,2.3323076477235727,2.5,0.33,none,short,True,-0.6053389322136258,-1.6739978331527585,-0.9937979539644369,0.034022750775377426
BB2.5|ヒゲ0.33|none|TP20/SL10|TR0-0|both,8729,-4.353146100672838,-2.4329786688035964,-3.644988442294912,1,11,-535.6545454543676,-9.40228474058657,-4.644075074037477,0.9054141042496656,33.85267499140795,-0.6750143200822591,-5892.19999999804,-0.6750143200822591,-0.7305852354900405,0.17252273528989065,0.05557091540778136,0.32210778083482927,2.5,0.33,none,both,False,-0.6835958509407517,-0.42621995629961185,-1.0208835341364924,-0.2703682719547057
BB2.5|ヒゲ0.33|none|TP20/SL10|TR0-0|long,5709,-2.0618658198484994,-1.6443794073977787,-1.2987308753642315,3,11,-206.45454545442706,-6.1066728116741205,-2.370783794050765,0.9434597832500834,34.7521457348047,-0.3977929584863714,-2270.9999999986944,-0.3977929584863714,-0.45931238759857707,0.14103491320616135,0.06151942911220565,0.43619999979918495,2.5,0.33,none,long,False,-0.4282913165261438,-0.3558670820348442,-0.4275229357797844,-0.33537906137186996
BB2.5|ヒゲ0.33|none|TP20/SL10|TR0-0|short,5038,-4.615098128194719,-2.241647552575349,-4.221242186609303,1,11,-415.92727272715615,-8.595126013034106,-4.950043427483842,0.874172185430492,33.10837633981738,-0.9081381500592923,-4575.199999998715,-0.9081381500592923,-0.9483832552885492,0.11959387010841793,0.04024510522925684,0.3365147828460823,2.5,0.33,none,short,False,-0.7237256135929845,-0.7747844827581543,-1.52796934865892,-0.32816753926704234
BB2.5|ヒゲ0.33|none|TP20/SL10|TR5-3|both,12918,-15.430970131859345,-13.105158393134916,-9.0809012461514,0,11,-1220.2636363634992,-27.111619693730262,-15.90681988755273,0.7200926705981635,65.61387211642669,-1.0390849976775423,-13422.899999998492,-1.0390849976775423,-0.98986949068332,0.042558223662927316,-0.04921550699422228,-1.1564276597637735,2.5,0.33,none,both,True,-1.1450956937797936,-1.4394926004226871,-0.8442176870747111,-0.7825707154741148
BB2.5|ヒゲ0.33|none|TP20/SL10|TR5-3|long,7341,-10.684256995854847,-10.624382747513913,-4.968698286406905,0,11,-651.072727272656,-18.94418906503955,-11.07934386005505,0.7336284008703405,66.05367116196703,-0.975589156790521,-7161.799999999215,-0.975589156790521,-0.9967266295277138,0.0654753398984596,0.021137472737192797,0.3228310501323581,2.5,0.33,none,long,True,-1.3135078092020744,-1.3490412979349784,-0.6110613524405551,-0.6191612436731104
BB2.5|ヒゲ0.33|none|TP20/SL10|TR5-3|short,6338,-12.18692102968141,-9.081924864159356,-8.22194568830116,0,11,-664.0363636362907,-20.325007010119375,-12.548181870410355,0.6969820165522569,64.78384348374881,-1.1524771221204164,-7304.399999999199,-1.1524771221204164,-1.0255060075698088,0.09974469194683779,-0.1269711145506076,-1.272961117753324,2.5,0.33,none,short,True,-0.9643606870227963,-1.7032462391130485,-1.1627819548870952,-0.8655326768127722
BB2.5|ヒゲ0.33|none|TP10/SL20|TR0-0|both,8697,-5.814667537887893,-2.758512964427452,-5.330620470438923,0,11,-695.4363636365425,-11.069081045022177,-6.081849152183067,0.8739025942128492,66.33321835115558,-0.8795906634473915,-7649.800000001964,-0.8795906634473915,-0.9281489597682702,0.10891303053188629,0.04855829632087871,0.44584468987539905,2.5,0.33,none,both,False,-0.511589278973673,-0.801169590643746,-1.1537094017094296,-1.0393162393162259
BB2.5|ヒゲ0.33|none|TP10/SL20|TR0-0|long,5405,-4.078065111921865,-2.810523162893373,-2.9602952995902534,3,11,-387.55454545466205,-8.108084731386498,-4.267279112528113,0.8858198121949676,66.58649398704904,-0.788732654949358,-4263.10000000128,-0.788732654949358,-0.7496958440070903,0.11970333957217476,-0.03903681094226763,-0.32611296461558203,2.5,0.33,none,long,False,-0.8582836710374203,-0.39722838137519295,-0.9170480549199447,-0.8000000000000003
BB2.5|ヒゲ0.33|none|TP10/SL20|TR0-0|short,4716,-5.359735142987109,-2.3833811212445855,-5.052791050415064,0,11,-467.2181818182833,-9.249738811073897,-5.590099389010471,0.8468342547198974,65.54283290924512,-1.0897794741308555,-5139.400000001115,-1.0897794741308555,-1.2795438522141258,0.11390054741339661,0.1897643780832703,1.6660532577998024,2.5,0.33,none,short,False,-0.4182364729463673,-1.3351635514023343,-1.620338983050861,-1.1040540540540367
BB2.5|ヒゲ0.33|none|TP10/SL20|TR5-3|both,10971,-11.716863526196173,-9.935705242401532,-6.876704557761633,0,11,-1091.8090909091638,-20.308108754181504,-11.962347608038025,0.7418824470005454,79.55519095798013,-1.0946951052776228,-12009.9000000008,-1.0946951052776228,-1.1366967415056493,0.09515058226307534,0.04200163622802644,0.441422797728121,2.5,0.33,none,both,True,-1.2483935742974,-1.4748244192330273,-0.9449630051223201,-0.7582547169810829
BB2.5|ヒゲ0.33|none|TP10/SL20|TR5-3|long,6393,-8.361702120764168,-8.421095519142256,-3.830276783049723,0,11,-626.0636363636867,-14.383398828093606,-8.625023772130305,0.7451909023972162,79.55576411700297,-1.0772250899422107,-6886.700000000553,-1.0772250899422107,-1.1724426332600548,0.0860178639245551,0.09521754331784416,1.1069508003751167,2.5,0.33,none,long,True,-1.5888282025821407,-1.307303877367194,-0.6209382716049148,-0.7868273092369079
BB2.5|ヒゲ0.33|none|TP10/SL20|TR5-3|short,5586,-9.497453279023274,-6.833783687673049,-6.615623955629517,0,11,-647.8181818182148,-15.362507482917499,-9.723435814104302,0.7099809530011032,78.82205513784461,-1.2756892230577088,-7126.000000000362,-1.2756892230577088,-1.3022957448833838,0.12607995730051874,0.026606521825675022,0.21102895650778866,2.5,0.33,none,short,True,-1.0018538713197362,-1.924000000000167,-1.480272511848271,-0.7590729783036586
BB3.0|ヒゲ0.0|trend|TP20/SL20|TR0-0|both,2443,0.2550693965542205,0.8489663381174338,-0.4111166933767669,6,11,22.81818181818232,-1.7349015670853167,0.0014383655504387406,1.0105462184873952,52.026197298403595,0.10274252967663021,251.00000000000762,0.10274252967663021,-0.5409538581165834,0.2457351090910835,0.6436963877932136,2.619472610869873,3.0,0.0,trend,both,False,0.4857142857142984,0.2749450549450749,0.30245478036173545,-1.015053763440848
BB3.0|ヒゲ0.0|trend|TP20/SL20|TR0-0|long,1564,1.391101142539807,0.6658912312476037,1.2613910782871687,9,11,97.53636363635964,-0.2329509986768853,1.108606077078667,1.0728347793029458,53.452685421994886,0.6859974424552157,1072.8999999999573,0.6859974424552157,-0.17896956133049918,0.221537738856526,0.8649670037857149,3.9043776841375615,3.0,0.0,trend,long,False,0.3686098654708592,0.7845878136200992,1.3678916827852226,-0.054658385093209784
BB3.0|ヒゲ0.0|trend|TP20/SL20|TR0-0|short,1027,-0.803049737807927,1.5020543251423446,-2.5677647676405475,4,11,-46.68181818181292,-2.0964817800808397,-1.1553971348601324,0.9499824670770716,50.243427458617326,-0.49999999999994277,-513.4999999999412,-0.49999999999994277,-1.227876544658221,0.3269150125004999,0.7278765446582782,2.2265008238407686,3.0,0.0,trend,short,False,1.0381215469613443,0.8165938864629123,-2.1219424460430782,-3.078481012658098
BB3.0|ヒゲ0.0|trend|TP20/SL20|TR5-3|both,3117,-2.3182794890406564,-2.257294553140161,-1.1195132397659855,1,11,-125.17272727273725,-6.535242893398171,-2.554047214987229,0.8889614683634026,80.7507218479307,-0.441738851459772,-1376.9000000001092,-0.441738851459772,-0.9291555209046525,0.09951344713312264,0.4874166694448805,4.897998044353202,3.0,0.0,trend,both,True,-0.5445360824743736,-0.8763492063493455,-0.1584221748400367,-0.2556131260793171
BB3.0|ヒゲ0.0|trend|TP20/SL20|TR5-3|long,2008,-0.3944667956792366,-1.6848032721924988,0.9141915314358008,4,11,-16.400000000007996,-3.9649289828913363,-0.6653456771756681,0.9756486055991884,82.07171314741036,-0.08984063745024257,-180.40000000008706,-0.08984063745024257,-0.9200038451388133,0.16600255052671253,0.8301632076885708,5.000906341827465,3.0,0.0,trend,long,True,-0.4237024221454571,-0.6648936170214327,0.5395962732919315,-0.0804878048779476
BB3.0|ヒゲ0.0|trend|TP20/SL20|TR5-3|short,1202,-3.1100682619195243,-1.7612670996943902,-2.5843590135995615,1,11,-107.3454545454576,-5.660314576984008,-3.425106348273385,0.7771781178646137,78.70216306156405,-0.9823627287853859,-1180.8000000000338,-0.9823627287853859,-1.0668246228211191,0.31873321051738646,0.08446189403573323,0.2649924490097211,3.0,0.0,trend,short,True,-0.6891954022990303,-1.0081850533808923,-1.5766990291260732,-0.624293785310554
BB3.0|ヒゲ0.0|trend|TP15/SL15|TR0-0|both,2713,-0.701651777228486,1.0060331418031458,-1.8667039133037102,4,11,-49.38181818181252,-3.5132190501014824,-0.9493864908213034,0.9734418086167486,51.86140803538518,-0.2002211573903191,-543.1999999999357,-0.2002211573903191,-0.673333518893851,0.19414755531946096,0.47311236150353186,2.436870043122856,3.0,0.0,trend,both,False,0.4810426540284863,-0.13428571428569183,-0.529713603818602,-0.8592885375494093
BB3.0|ヒゲ0.0|trend|TP15/SL15|TR0-0|long,1709,0.36888086473424997,0.8083818810089877,-0.22123947166165173,7,11,20.327272727278306,-1.904879473353277,0.08894077801450186,1.01775815238973,52.896430661205386,0.13083674663549594,223.60000000006255,0.13083674663549594,-0.5728778268165329,0.16789097552925653,0.7037145734520288,4.1914973168370215,3.0,0.0,trend,long,False,0.4799591002045514,0.32387096774197477,0.06445242369841926,-0.41756373937675645
BB3.0|ヒゲ0.0|trend|TP15/SL15|TR0-0|short,1099,-1.1042220784181236,0.6251367734255149,-2.126409903817035,5,11,-50.618181818180695,-2.861574779627798,-1.4055608915714728,0.9339533118238794,50.77343039126478,-0.5066424021837919,-556.7999999999872,-0.5066424021837919,-0.9981224900904764,0.24244410209211348,0.4914800879066845,2.0271892929775337,3.0,0.0,trend,short,False,0.35367088607598934,0.057085020242951375,-1.5627118644068043,-1.540740740740769
BB3.0|ヒゲ0.0|trend|TP15/SL15|TR5-3|both,3199,-3.636267588065712,-3.620278965050234,-1.6936851531376027,2,11,-167.9000000000548,-8.675200796061363,-3.8864936614697916,0.8466450225436104,76.08627696155048,-0.5773366677088472,-1846.9000000006022,-0.5773366677088472,-1.0654801994640102,0.10050128510832705,0.488143531755163,4.857087461409166,3.0,0.0,trend,both,True,-0.7775775775777763,-0.8594135802471183,-0.33755230125541225,-0.31963087248338395
BB3.0|ヒゲ0.0|trend|TP15/SL15|TR5-3|long,2040,-1.3985666924943374,-2.7472161955908194,0.46260983925713633,2,11,-50.26363636367066,-5.586890358152596,-1.681208771554219,0.9232988832627651,77.5,-0.2710294117648906,-552.9000000003768,-0.2710294117648906,-1.051375609887279,0.129317735357116,0.7803461981223885,6.034332382696247,3.0,0.0,trend,long,True,-0.642320819112804,-0.7997375328086291,0.24884792626711102,-0.0800947867300373
BB3.0|ヒゲ0.0|trend|TP15/SL15|TR5-3|short,1220,-4.17343921573693,-2.804328389039577,-3.0889203354454127,1,11,-123.31818181820296,-7.1891303544057985,-4.505980191945582,0.7337167759412305,73.52459016393442,-1.1118852459018298,-1356.5000000002324,-1.1118852459018298,-1.157151072425883,0.09917368759105116,0.04526582652405331,0.4564298013270389,3.0,0.0,trend,short,True,-1.0374717832959437,-0.8639575971733047,-1.5490506329115916,-0.9151685393259616
BB3.0|ヒゲ0.0|trend|TP30/SL30|TR0-0|both,2077,1.0158781621218307,0.885501053076623,0.5844519145410206,7,11,121.17272727273067,-0.2508162547664503,0.7999776128076548,1.0468134276462286,52.142513240250366,0.6417428984111879,1332.9000000000374,0.6417428984111879,-0.19500304852040898,0.6242958123048902,0.8367459469315969,1.340303635615213,3.0,0.0,trend,both,False,0.6484799999999699,0.46925133689839543,0.577565982404735,0.9045454545455256
BB3.0|ヒゲ0.0|trend|TP30/SL30|TR0-0|long,1360,2.0967152399686344,0.6533813727888973,2.1745111094788534,10,11,198.3727272727331,1.0552154845535537,1.8632258859543007,1.1218464871625937,53.970588235294116,1.6044852941176941,2182.100000000064,1.6044852941176941,0.6034060962680424,0.3416607348482754,1.0010791978496516,2.930038765778018,3.0,0.0,trend,long,False,0.5919191919191705,1.2089743589743311,2.0322295805740476,2.6866425992781067
BB3.0|ヒゲ0.0|trend|TP30/SL30|TR0-0|short,939,-0.2593545608062093,1.704807741960185,-1.8870727657604345,5,11,-20.809090909095243,-1.1145528574167511,-0.5656422940317964,0.9824969222416745,49.94675186368477,-0.2437699680511688,-228.9000000000475,-0.2437699680511688,-1.2888275291193725,0.45591481060923206,1.0450575610682038,2.292221127170028,3.0,0.0,trend,short,False,1.5804953560371007,2.0414634146341335,-1.729389312977133,-4.730201342282008
BB3.0|ヒゲ0.0|trend|TP30/SL30|TR5-3|both,3008,-0.8831108355882709,-1.3145213773443372,-0.04047721090049253,3,11,-56.78181818185751,-4.302110517403984,-1.123918836207605,0.9506993338174135,86.00398936170212,-0.20764627659588808,-624.6000000004314,-0.20764627659588808,-0.859163681047554,0.1271726110741459,0.651517404451666,5.123095287174763,3.0,0.0,trend,both,True,-0.4843918191604636,-0.6158516020236784,-0.04237472766908218,0.40404929577446774
BB3.0|ヒゲ0.0|trend|TP30/SL30|TR5-3|long,1982,-0.07045466555454204,-1.4825924949792832,1.2064092561095698,5,11,-3.6727272727527622,-2.8705761966552514,-0.3459321266851354,0.9949627191341514,86.47830474268416,-0.020383451059676743,-40.400000000279306,-0.020383451059676743,-0.8090352935484649,0.2584021599514464,0.7886518424887882,3.052032702191713,3.0,0.0,trend,long,True,-0.5471929824562047,-0.6900000000000891,0.4371069182387854,0.6128078817732079
BB3.0|ヒゲ0.0|trend|TP30/SL30|TR5-3|short,1189,-1.355378815829687,-0.6383300773803126,-1.2367884542174419,3,11,-56.33636363637916,-3.457766528318391,-1.7302513034695703,0.8835216059244473,85.11354079058032,-0.52119428090847,-619.7000000001708,-0.52119428090847,-0.8731145170659268,0.22680372879661986,0.3519202361574568,1.551651015724842,3.0,0.0,trend,short,True,-0.27302325581406756,-0.856071428571463,-0.7256578947371226,-0.24000000000015184
BB3.0|ヒゲ0.0|trend|TP20/SL10|TR0-0|both,2806,0.17913920331059283,0.32246973680670515,-0.05058210568806309,5,11,12.336363636422535,-2.788634831490344,-0.13842219661273691,1.0070547379037837,36.243763364219525,0.04836065573793642,135.7000000006496,0.04836065573793642,-0.5137715085721996,0.1905611037328734,0.562132164310136,2.949878822585574,3.0,0.0,trend,both,False,0.22759407069601156,-0.11595547309786959,0.10556844547565938,-0.17500000000003588
BB3.0|ヒゲ0.0|trend|TP20/SL10|TR0-0|long,1747,0.6347479027359912,-0.057717310952769385,0.8802687637084149,7,11,34.03636363639543,-1.7489323164047283,0.28680126285523216,1.0315406389001525,36.805953062392675,0.21431024613643443,374.40000000035093,0.21431024613643443,-0.4184520821850256,0.20760249917571885,0.6327623283214601,3.0479514015189073,3.0,0.0,trend,long,False,-0.03360488798324856,0.2067092651761714,0.5008665511265215,0.10163934426224387
BB3.0|ヒゲ0.0|trend|TP20/SL10|TR0-0|short,1114,-0.4691695343247815,0.738468490206202,-1.4315278212994096,5,11,-20.363636363607917,-2.3457133250444775,-0.8966568717105867,0.9710377285304623,35.36804308797127,-0.2010771992815858,-223.99999999968657,-0.2010771992815858,-0.8523960844446081,0.19476617252368808,0.6513188851630223,3.344106816515105,3.0,0.0,trend,short,False,0.6054862842897333,-0.49959183673422286,-0.7328859060402153,-0.741176470588239
BB3.0|ヒゲ0.0|trend|TP20/SL10|TR5-3|both,3330,-4.8386410057955995,-4.86334942585214,-2.19615644419332,1,11,-196.27272727269755,-10.769745441153598,-5.225318228698088,0.8171470192169433,67.11711711711712,-0.6483483483482501,-2158.9999999996726,-0.6483483483482501,-1.0158779447178001,0.11127612242385208,0.36752959636955007,3.3028612820423904,3.0,0.0,trend,both,True,-0.9622264509989253,-0.8052238805969065,-0.471256281406958,-0.22687296416930175
BB3.0|ヒゲ0.0|trend|TP20/SL10|TR5-3|long,2106,-2.3725404452292227,-3.0005992454638215,-0.5600826007088233,1,11,-73.35454545453004,-7.397379944787551,-2.747127476864644,0.8859811499385507,68.80341880341881,-0.3831433998099858,-806.8999999998301,-0.3831433998099858,-1.0308649028315084,0.13128861902620342,0.6477215030215226,4.9335693209801095,3.0,0.0,trend,long,True,-0.660100166944779,-0.7199488491047681,-0.12316715542517014,-0.10599078341008593
BB3.0|ヒゲ0.0|trend|TP20/SL10|TR5-3|short,1252,-4.974111690454551,-4.421371673376597,-2.7764805144879623,1,11,-125.60909090907636,-8.557195386936831,-5.481959230505413,0.7150664027056188,64.1373801916933,-1.1035942492011503,-1381.6999999998402,-1.1035942492011503,-0.9878777806173786,0.1445227045319891,-0.11571646858377171,-0.8006802042523269,3.0,0.0,trend,short,True,-1.3696312364424035,-0.948780487804742,-1.1887850467288363,-0.5267759562840135
BB3.0|ヒゲ0.0|trend|TP10/SL20|TR0-0|both,2773,-1.2213627962995721,0.47443808835917045,-2.037228295206272,4,11,-80.33636363642849,-4.299208141122186,-1.4071473016663776,0.951440786003125,67.97692030292103,-0.3186801298235527,-883.7000000007117,-0.3186801298235527,-0.9359266831459072,0.20628064899651696,0.6172465533223546,2.992265907272653,3.0,0.0,trend,both,False,0.31109826589547446,-0.31076066790399465,-0.6022118742724648,-0.9176470588235229
BB3.0|ヒゲ0.0|trend|TP10/SL20|TR0-0|long,1782,0.5327121870382149,0.7117887726931666,0.08192673240629726,7,11,27.509090909048258,-1.998202301183599,0.32457256630722997,1.0273193456357244,69.52861952861953,0.16980920314227374,302.5999999995318,0.16980920314227374,-0.4952931814745266,0.2971188136850987,0.6651023846168004,2.238506462676271,3.0,0.0,trend,long,False,0.6486381322952381,0.08999999999953398,0.2479381443297897,-0.5752808988764176
BB3.0|ヒゲ0.0|trend|TP10/SL20|TR0-0|short,1116,-2.567271370758339,-0.20334060572912133,-3.302405644526355,2,11,-110.66363636366258,-4.4682324148467,-2.7810124815048174,0.8458821295182241,65.23297491039428,-1.0907706093192544,-1217.3000000002878,-1.0907706093192544,-1.1529194310135644,0.1075980619464969,0.06214882169431002,0.577601683246056,3.0,0.0,trend,short,False,-0.22238805970196945,-0.3949019607847877,-2.393220338983004,-1.9585365853657881
BB3.0|ヒゲ0.0|trend|TP10/SL20|TR5-3|both,3117,-3.989380562516724,-3.284818723270043,-2.428789880840239,1,11,-205.31818181820452,-8.406163674816456,-4.20292074798986,0.8178658408735108,80.7507218479307,-0.7245749117742217,-2258.500000000249,-0.7245749117742217,-1.114617382895205,0.10015683530983971,0.39004247112098334,3.8943170470030255,3.0,0.0,trend,both,True,-0.7888659793816537,-1.0360317460319348,-0.5628997867803531,-0.5398963730569164
BB3.0|ヒゲ0.0|trend|TP10/SL20|TR5-3|long,2008,-1.6682263460908666,-2.461052410417636,-0.06259767576105284,1,11,-66.09090909092467,-5.427936014597185,-1.9161304664802432,0.9018655003914333,82.07171314741036,-0.3620517928287703,-727.0000000001708,-0.3620517928287703,-1.1332730238592998,0.19698326431984375,0.7712212310305295,3.915161187390466,3.0,0.0,trend,long,True,-0.6292387543254574,-0.891223404255524,0.1388198757763918,-0.2868292682926243
BB3.0|ヒゲ0.0|trend|TP10/SL20|TR5-3|short,1202,-4.272223127815696,-2.454106774659807,-3.523799561206214,1,11,-140.4545454545538,-6.94889642983766,-4.497448512844143,0.7084520597059767,78.70216306156405,-1.2853577371049014,-1545.0000000000916,-1.2853577371049014,-1.3521169605623204,0.2124222679666441,0.06675922345741903,0.3142760130397534,3.0,0.0,trend,short,True,-0.9708045977013833,-1.1067615658364591,-2.015210355986943,-1.0677966101693734
BB3.0|ヒゲ0.0|range|TP20/SL20|TR0-0|both,3124,-1.4540645757148387,0.1953117639546596,-2.0623721447932355,6,11,-147.26363636363214,-3.69724950440372,-1.6929111850901402,0.94860217851375,50.576184379001276,-0.5185339308578587,-1619.8999999999508,-0.5185339308578587,-0.857347665690213,0.2592355874680224,0.33881373483235433,1.306972310945341,3.0,0.0,range,both,False,0.04479917610711095,0.34432234432236597,-1.866978193146356,-0.08307453416153182
BB3.0|ヒゲ0.0|range|TP20/SL20|TR0-0|long,2228,-1.0135806645135366,-0.5131480663987912,-0.8999153932873435,5,11,-86.66363636363448,-2.9105721796010156,-1.2947363346005054,0.95722292273382,50.80789946140036,-0.4278725314183024,-953.2999999999777,-0.4278725314183024,-0.46912547209722993,0.34741852924681876,0.04125294067892754,0.11874133705062101,3.0,0.0,range,long,False,0.08898305084746312,-0.37566909975667395,-0.9745788667687291,-0.49451754385966784
BB3.0|ヒゲ0.0|range|TP20/SL20|TR0-0|short,1928,-3.1022856859174865,-0.938736641936686,-3.3377378360476113,2,11,-242.2636363636322,-4.891973086354087,-3.327675353309414,0.8687428889468991,48.59958506224066,-1.38220954356844,-2664.8999999999523,-1.38220954356844,-1.2256928889923917,0.2179500336875443,-0.15651665457604835,-0.7181309033447201,3.0,0.0,range,short,False,-0.8596546310832018,-0.3520618556700992,-3.4387568555757646,-0.28005617977531305
BB3.0|ヒゲ0.0|range|TP20/SL20|TR5-3|both,5031,-8.016860760309116,-6.113014798421829,-5.270461304489627,0,11,-540.2727272727349,-13.498835569086848,-8.284864126587514,0.730353901996362,78.87099980123236,-1.1812760882528488,-5943.000000000083,-1.1812760882528488,-1.091889577490592,0.17802807244311838,-0.0893865107622569,-0.5020922236340941,3.0,0.0,range,both,True,-1.3182490752159337,-1.3000000000001433,-1.3000685400958338,-0.6698492462310343
BB3.0|ヒゲ0.0|range|TP20/SL20|TR5-3|long,3081,-4.642751537800608,-4.136248161387938,-2.4617441413645125,1,11,-247.49090909091603,-8.853697295041027,-4.865973129185305,0.7894736842105169,79.68192145407336,-0.8836092177864576,-2722.400000000076,-0.8836092177864576,-1.054724900436026,0.11991382245596624,0.17111568264956833,1.426988808670527,3.0,0.0,range,long,True,-1.2810204081634127,-0.8947712418302161,-0.6029953917049765,-0.6376811594201602
BB3.0|ヒゲ0.0|range|TP20/SL20|TR5-3|short,2523,-7.465731738729498,-5.070986473771198,-5.477292100066139,0,11,-362.65454545455106,-11.208980296953454,-7.7021968563714385,0.659028163596725,77.64565992865636,-1.581133571145486,-3989.2000000000608,-1.581133571145486,-1.3848224741287212,0.13102189736508452,-0.19631109701676475,-1.498307542209955,3.0,0.0,range,short,True,-1.3517482517484216,-2.0797773654917773,-1.9177325581393962,-0.8881278538811481
BB3.0|ヒゲ0.0|range|TP15/SL15|TR0-0|both,3765,-3.778272297599839,-2.2225177814251227,-3.0770115583957423,1,11,-306.6454545454558,-7.140955337590933,-4.080147916330929,0.8867536217286968,49.61487383798141,-0.8959096945551154,-3373.1000000000095,-0.8959096945551154,-0.7396104059610524,0.20112744478615568,-0.15629928859406295,-0.7771156679300765,3.0,0.0,range,both,False,-0.6613036303630317,-0.5742514970059782,-1.7054770318021517,-0.3418326693226917
BB3.0|ヒゲ0.0|range|TP15/SL15|TR0-0|long,2533,-1.886704689495783,-1.0985595715173853,-1.5516185596411964,3,11,-128.28181818181622,-4.592373382782048,-2.156599190926496,0.9279087351459642,50.690880378997235,-0.5570864587445624,-1411.0999999999767,-0.5570864587445624,-0.6294395048887745,0.16740966052676615,0.07235304614421212,0.432191582711226,3.0,0.0,range,long,False,-0.2170761670761454,-0.4544897959183562,-0.9437500000000034,-0.652652259332018
BB3.0|ヒゲ0.0|range|TP15/SL15|TR0-0|short,2168,-4.187416540582758,-2.084422292059464,-3.7907189111700923,1,11,-265.4636363636406,-6.656535259029145,-4.425393349028817,0.8344285997788712,48.154981549815496,-1.3469095940959623,-2920.1000000000463,-1.3469095940959623,-1.0172520297181025,0.18233660152647796,-0.32965756437785987,-1.8079615481370521,3.0,0.0,range,short,False,-1.0200000000000096,-0.84077448747153,-2.7154228855722096,-0.4113989637305554
BB3.0|ヒゲ0.0|range|TP15/SL15|TR5-3|both,5250,-10.204977247465889,-7.867082934321258,-6.672755468546444,0,11,-617.1636363637358,-16.499658370917853,-10.450423747591161,0.6891219232970419,73.63809523809523,-1.29310476190497,-6788.8000000010925,-1.29310476190497,-1.1308336635884841,0.12674245923097366,-0.1622710983164859,-1.2803215220935973,3.0,0.0,range,both,True,-1.3995884773664773,-1.4472582253242463,-1.2832894736843978,-0.9804093567253511
BB3.0|ヒゲ0.0|range|TP15/SL15|TR5-3|long,3174,-6.06749595901036,-5.551682708928752,-3.16382877527527,0,11,-283.9545454546029,-10.9461588506649,-6.319386851901389,0.7514067188233287,74.85822306238185,-0.9840894770008293,-3123.500000000632,-0.9840894770008293,-1.1973042757815389,0.138990765226742,0.2132147987807096,1.5340213317977098,3.0,0.0,range,long,True,-1.2060276679843969,-1.1951181102364534,-0.7454443194602435,-0.7545454545456387
BB3.0|ヒゲ0.0|range|TP15/SL15|TR5-3|short,2597,-8.83910479360035,-6.45502920510343,-6.055637913427408,0,11,-377.18181818186855,-13.168835583712637,-9.083428361584437,0.6329487950741001,72.42972660762418,-1.5976126299578564,-4149.000000000553,-1.5976126299578564,-1.2891180678058436,0.16165078826181223,-0.30849456215201276,-1.9084012238305328,3.0,0.0,range,short,True,-1.55428893905216,-1.8592391304349827,-1.69254571026742,-1.2102678571430654
BB3.0|ヒゲ0.0|range|TP30/SL30|TR0-0|both,2411,0.024078492078231362,1.4456226990735204,-1.1923452809948083,6,11,3.0999999999959766,-1.338561500889348,-0.20451951607548083,1.00100315065793,51.22355868934052,0.014143508917443773,34.099999999956935,0.014143508917443773,-0.9606320231370248,0.2945419974053022,0.9747755320544685,3.309461946484787,3.0,0.0,range,both,False,1.2081491712706869,1.1306074766354983,-1.4861111111111378,-0.3996023856858716
BB3.0|ヒゲ0.0|range|TP30/SL30|TR0-0|long,1864,1.0949114020615212,1.030960534979284,0.5711056671285196,7,11,123.80000000000155,-0.10407498634779036,0.8681657469710851,1.0538565276025573,52.467811158798284,0.7305793991416403,1361.8000000000175,0.7305793991416403,0.17513036746529556,0.32900969321750695,0.5554490316763447,1.6882451889012877,3.0,0.0,range,long,False,1.7150259067357259,-0.4871641791044986,0.24250440917110336,1.0300261096606376
BB3.0|ヒゲ0.0|range|TP30/SL30|TR0-0|short,1627,-1.5960675097596118,0.1965222267017424,-2.3392829247553935,3,11,-167.76363636363956,-2.72287565654079,-1.839869631559186,0.9220738638762902,49.231714812538414,-1.13423478795331,-1845.400000000035,-1.13423478795331,-1.7825101247741835,0.33153124638807524,0.6482753368208736,1.9553973988383353,3.0,0.0,range,short,False,-0.4404580152671838,1.0207831325301124,-3.958244111349121,-0.34539473684206645
BB3.0|ヒゲ0.0|range|TP30/SL30|TR5-3|both,4720,-5.60446483706467,-4.232557446994934,-3.7402909335147396,0,11,-465.0727272727859,-9.810959063861194,-5.88098816384313,0.7717047396769743,84.27966101694915,-1.0838559322035264,-5115.800000000645,-1.0838559322035264,-1.0451000707830407,0.1580239682464806,-0.038755861420485704,-0.24525305781484733,3.0,0.0,range,both,True,-1.0738268341044892,-1.509142857142912,-1.2837090909093105,-0.4237199582029274
BB3.0|ヒゲ0.0|range|TP30/SL30|TR5-3|long,2964,-3.186685060097397,-2.789792481509057,-1.778239654130843,1,11,-211.95454545458207,-6.450319707886608,-3.4236964325686765,0.8276027802425037,84.81781376518218,-0.7866059379218632,-2331.5000000004025,-0.7866059379218632,-0.9502494677709512,0.19936307401160058,0.16364352984908803,0.8208316944368841,3.0,0.0,range,long,True,-1.1168264110756707,-0.7945299145299903,-0.8405469678955763,-0.18547579298852068
BB3.0|ヒゲ0.0|range|TP30/SL30|TR5-3|short,2416,-5.1606901088847,-3.2631111563639865,-4.017949847684059,0,11,-302.5363636363916,-8.165145512127726,-5.382918195211914,0.719081585278329,83.65066225165563,-1.3774420529802596,-3327.900000000307,-1.3774420529802596,-1.243872175907581,0.1644273267757495,-0.13356987707267853,-0.8123338114889187,3.0,0.0,range,short,True,-0.9113526570049126,-2.1647637795275827,-1.7329770992368567,-0.7964705882354977
BB3.0|ヒゲ0.0|range|TP20/SL10|TR0-0|both,3898,-1.7717714698885354,-1.0367658854560362,-1.4447896852160578,5,11,-141.99090909082327,-5.280093216193502,-2.054129569441695,0.9429896922268609,34.76141611082607,-0.40069266290381034,-1561.8999999990526,-0.40069266290381034,-0.7221798259915402,0.2278662337549154,0.32148716308772984,1.410859159736276,3.0,0.0,range,both,False,-0.3643146796426825,0.07678321678368057,-1.0965928449743736,0.15438144329891482
BB3.0|ヒゲ0.0|range|TP20/SL10|TR0-0|long,2660,-1.0883470620489037,-1.3918675433150343,-0.21377391536689358,4,11,-73.45454545448749,-3.9356092794540007,-1.3462057519886956,0.9565062925921062,35.150375939849624,-0.3037593984960004,-807.9999999993611,-0.3037593984960004,-0.32871016432677547,0.18338558083458684,0.024950765830775046,0.13605631215510094,3.0,0.0,range,long,False,-0.25386444708633804,-0.5269005847948545,-0.2025940337224061,-0.3140186915888127
BB3.0|ヒゲ0.0|range|TP20/SL10|TR0-0|short,2284,-3.223560466192761,-1.424723188096016,-3.0979361451031213,3,11,-195.59999999994125,-5.929841044914434,-3.503375945626991,0.8695430733411266,33.012259194395796,-0.9420315236424485,-2151.5999999993523,-0.9420315236424485,-0.720040492408146,0.1309651094422154,-0.22199103123430242,-1.6950394817350158,3.0,0.0,range,short,False,-0.8712807244497237,0.008723404255781927,-2.1132911392403844,-0.358435207823986
BB3.0|ヒゲ0.0|range|TP20/SL10|TR5-3|both,5618,-11.338538562333419,-9.27492743225117,-6.920593981644052,0,11,-590.6545454544842,-18.99966484234465,-11.67234013263999,0.6911111005462717,65.30793876824492,-1.156496974011984,-6497.199999999326,-1.156496974011984,-1.117087897987722,0.1096776185136796,-0.039409076024262024,-0.359317393633476,3.0,0.0,range,both,True,-1.222197922361819,-1.502256317689389,-1.1579800498751898,-0.6870009285050243
BB3.0|ヒゲ0.0|range|TP20/SL10|TR5-3|long,3326,-6.355639400473177,-6.059930476401801,-3.094626126186009,1,11,-253.93636363633013,-12.281078098904251,-6.657641217424666,0.7640734140223338,66.98737221888153,-0.8398376428140806,-2793.299999999632,-0.8398376428140806,-1.073694841941536,0.12231252719463087,0.2338571991274554,1.911964411914473,3.0,0.0,range,long,True,-1.0762264150942094,-1.0637037037035841,-0.6837634408601141,-0.45173978819961286
BB3.0|ヒゲ0.0|range|TP20/SL10|TR5-3|short,2738,-10.083624964104743,-7.95351524330696,-6.324189681236533,0,11,-364.54545454542205,-15.357581928371504,-10.421187448029304,0.6268378931695652,63.65960555149744,-1.4645726807887662,-4009.999999999642,-1.4645726807887662,-1.0848322839828621,0.1045893483214022,-0.3797403968059041,-3.6307750540615764,3.0,0.0,range,short,True,-1.5647932131493953,-1.7158249158247578,-1.5528532608694183,-0.8006451612902462
BB3.0|ヒゲ0.0|range|TP10/SL20|TR0-0|both,4022,-4.329119669383694,-1.7864292302949738,-4.205619857880044,2,11,-349.1454545455412,-7.980254043694473,-4.586289926442507,0.8638278258402701,65.96220785678767,-0.9548980606665716,-3840.600000000951,-0.9548980606665716,-1.0456654968863621,0.12668875568853646,0.09076743621979055,0.7164600814530198,3.0,0.0,range,both,False,-0.29000774593386164,-0.9173130193910416,-1.8927980132450293,-0.6459425717852781
BB3.0|ヒゲ0.0|range|TP10/SL20|TR0-0|long,2627,-2.839208917029689,-1.8086917477478668,-2.1988037472305866,1,11,-185.19090909096928,-5.775154698585808,-3.0517049668546012,0.8873727684371349,66.50171298058622,-0.7754472782644309,-2037.1000000006602,-0.7754472782644309,-0.9737273422450375,0.1907041931368563,0.1982800639806066,1.0397257696285345,3.0,0.0,range,long,False,-0.6454653937952224,-0.4370588235298776,-1.0625984251968885,-0.8967117988394535
BB3.0|ヒゲ0.0|range|TP10/SL20|TR0-0|short,2209,-4.838521717432318,-1.6583093934478015,-5.074876077681387,0,11,-292.69090909095854,-7.493799338308575,-5.03081810928723,0.8018683306871103,64.19194205522861,-1.4574920778635325,-3219.6000000005433,-1.4574920778635325,-1.2463137130152295,0.19599620986019442,-0.211178364848303,-1.0774614723363176,3.0,0.0,range,short,False,-0.4879947229556185,-1.6533482142861726,-2.968874172185394,-0.7914786967418569
BB3.0|ヒゲ0.0|range|TP10/SL20|TR5-3|both,5031,-9.740686058607901,-7.26952919755632,-6.547361005541936,0,11,-629.9272727272992,-15.452723790518139,-9.963538726427796,0.6853110013079311,78.89087656529516,-1.377300735440328,-6929.20000000029,-1.377300735440328,-1.444127715378952,0.08172470652605825,0.06682697993862408,0.8177084113152003,3.0,0.0,range,both,True,-1.509494451294908,-1.4549738219897188,-1.5034270047977099,-0.9023115577888534
BB3.0|ヒゲ0.0|range|TP10/SL20|TR5-3|long,3081,-5.957241992531694,-5.032323236526587,-3.415262504572612,0,11,-305.5909090909293,-10.328672470667243,-6.18343984295416,0.7396325499976548,79.71437844855566,-1.0910418695229542,-3361.500000000222,-1.0910418695229542,-1.3235649825250007,0.13858871906895132,0.23252311300204642,1.677792496850775,3.0,0.0,range,long,True,-1.4757142857144958,-1.0859477124185026,-0.8461981566819667,-0.8312399355876732
BB3.0|ヒゲ0.0|range|TP10/SL20|TR5-3|short,2523,-8.57527970454771,-5.727755330804644,-6.385868921127027,0,11,-405.7909090909224,-12.410724536558332,-8.749957889565222,0.6184708748236927,77.64565992865636,-1.769203329369856,-4463.700000000146,-1.769203329369856,-1.5633034674853477,0.12578349838239652,-0.20589986188450826,-1.6369385852073268,3.0,0.0,range,short,True,-1.5344988344990553,-2.217996289425022,-2.1191860465115093,-1.1269406392692938
BB3.0|ヒゲ0.33|range|TP20/SL20|TR0-0|both,2340,-1.4378980111423425,0.5453233803600678,-2.3446417452827015,4,11,-122.8545454545395,-3.425975703716003,-1.6543537786632918,0.9428179729449564,50.55555555555556,-0.5775213675213389,-1351.399999999933,-0.5775213675213389,-0.9410132755207485,0.4079832972826812,0.36349190799940967,0.8909480128730747,3.0,0.33,range,both,False,-0.010540540540536984,1.0862700228833198,-2.047632711621158,-0.8392703862660927
BB3.0|ヒゲ0.33|range|TP20/SL20|TR0-0|long,1611,-1.403368489259885,-0.5985448995866149,-1.351382641977974,5,11,-99.75454545454227,-3.0531776482674533,-1.6382569894161538,0.932631798675107,50.217256362507754,-0.6811297330850176,-1097.2999999999633,-0.6811297330850176,-0.5071140944420803,0.34988707981389094,-0.17401563864293723,-0.4973479979183518,3.0,0.33,range,long,False,-0.10989898989898497,-0.23417721518986093,-1.2814345991560665,-1.1088957055214568
BB3.0|ヒゲ0.33|range|TP20/SL20|TR0-0|short,1353,-2.9607038619604262,-0.7123950630063963,-3.3930860113724557,2,11,-193.15454545454168,-4.463692203390196,-3.1362454866154144,0.8518433292192265,48.18920916481892,-1.5703621581670049,-2124.6999999999575,-1.5703621581670049,-1.0852221480901947,0.35120477437719405,-0.4851400100768102,-1.3813593819649206,3.0,0.33,range,short,False,-1.0338394793926318,-0.19687500000000174,-4.169589041095744,-0.29079497907952817
BB3.0|ヒゲ0.33|range|TP20/SL20|TR5-3|both,3378,-6.92787697861268,-5.207367427628977,-4.615445201485253,0,11,-383.9909090909201,-11.371153555147728,-7.195675056594886,0.7197369817930761,78.44878626406158,-1.2504144464180345,-4223.900000000121,-1.2504144464180345,-1.1810318570435652,0.14758853364112307,-0.06938258937446928,-0.4701082642583895,3.0,0.33,range,both,True,-1.2661510464059973,-1.411111111111269,-1.274445617740137,-1.0243531202433998
BB3.0|ヒゲ0.33|range|TP20/SL20|TR5-3|long,2029,-4.847822591308763,-3.760800573741851,-3.105115179774202,0,11,-208.9000000000071,-8.270788515752256,-5.093044356117568,0.741373100731557,78.7580088713652,-1.1325283390833307,-2297.900000000078,-1.1325283390833307,-1.0376044619702627,0.1543646453717698,-0.09492387711306804,-0.6149327579800065,3.0,0.33,range,long,True,-1.3352472089315977,-1.2669117647060604,-0.8577854671279299,-1.0769230769229574
BB3.0|ヒゲ0.33|range|TP20/SL20|TR5-3|short,1666,-5.742577856188238,-4.051579109800809,-4.06747008762331,0,11,-231.53636363637068,-8.70352439976119,-5.9771312105110335,0.6734659863073269,77.37094837935174,-1.5287515006002863,-2546.900000000077,-1.5287515006002863,-1.3659033360965898,0.18460974677844,-0.16284816450369655,-0.8821211628611316,3.0,0.33,range,short,True,-1.38547008547026,-1.6923076923078364,-1.9446808510637388,-0.9814946619215634
BB3.0|ヒゲ0.33|range|TP15/SL15|TR0-0|both,2718,-3.5861453202378897,-2.569708836520276,-2.51324445754645,3,11,-249.12727272727506,-6.423706671389566,-3.8685085222376796,0.8733945632288023,49.3009565857248,-1.0082413539367268,-2740.4000000000233,-1.0082413539367268,-0.8337920377355637,0.31037743920688443,-0.1744493162011631,-0.562055401471634,3.0,0.33,range,both,False,-1.053705815279374,-0.6315789473684198,-1.6969887076537316,-0.2632768361581719
BB3.0|ヒゲ0.33|range|TP15/SL15|TR0-0|long,1777,-2.264798924810765,-1.860875103016596,-1.3712529335062382,3,11,-129.63636363636385,-4.519954992939594,-2.5408593995648907,0.8978546613660002,49.91558806978053,-0.8024760832864384,-1426.000000000001,-0.8024760832864384,-0.8040716895462108,0.19637516594372767,0.0015956062597723975,0.008125295538793468,3.0,0.33,range,long,False,-0.6383093525179806,-1.056779661016963,-0.7481481481481445,-0.8847457627118679
BB3.0|ヒゲ0.33|range|TP15/SL15|TR0-0|short,1470,-3.240773995694596,-1.4038013934790925,-3.134812449168864,2,11,-169.52727272727543,-5.272632335106567,-3.49425257698661,0.8430936995153504,48.50340136054422,-1.2685714285714482,-1864.8000000000288,-1.2685714285714482,-0.8995531970007086,0.32495953372883374,-0.36901823157073965,-1.1355821056743367,3.0,0.33,range,short,False,-1.0843137254902109,-0.36424050632910643,-3.118414322250723,0.08932806324114027
BB3.0|ヒゲ0.33|range|TP15/SL15|TR5-3|both,3494,-8.543180641773455,-6.783219009824137,-5.367292916825821,0,11,-418.2727272727973,-13.685245624937055,-8.812172703304059,0.6865654356814966,73.35432169433315,-1.3168288494564309,-4601.000000000769,-1.3168288494564309,-1.2267964057120604,0.13232378928075872,-0.09003244374437047,-0.680394993475766,3.0,0.33,range,both,True,-1.383582089552479,-1.6476529160742057,-1.2331971399389148,-0.9799405646361546
BB3.0|ヒゲ0.33|range|TP15/SL15|TR5-3|long,2077,-5.902051911150409,-4.723677149344444,-3.649536341787784,0,11,-225.4090909091328,-9.814503234853284,-6.151047057240377,0.710740909249948,73.76023110255176,-1.193789118921743,-2479.5000000004607,-1.193789118921743,-1.1149092378647825,0.13994496970210418,-0.07887988105696064,-0.5636492774614865,3.0,0.33,range,long,True,-1.2731782945738845,-1.6923627684966789,-0.8727118644069536,-1.0267139479907665
BB3.0|ヒゲ0.33|range|TP15/SL15|TR5-3|short,1699,-6.416878847799886,-4.713813179284556,-4.363176966661347,0,11,-223.84545454548868,-9.877936901708406,-6.644711854286204,0.6620180363196728,72.80753384343731,-1.449264273102045,-2462.3000000003744,-1.449264273102045,-1.2370545667868926,0.15175994652826938,-0.21220970631515246,-1.398324862190319,3.0,0.33,range,short,True,-1.4777777777780214,-1.5074935400518925,-1.7354166666668962,-0.8790209790211478
BB3.0|ヒゲ0.33|range|TP30/SL30|TR0-0|both,1924,1.1212244991371754,1.7348845281596774,0.01891671965834869,7,11,126.65454545454581,-0.1175656810467827,0.9164419778713365,1.052918051467096,52.234927234927234,0.7241164241164264,1393.2000000000044,0.7241164241164264,-0.21291463954885798,0.597909521774192,0.9370310636652843,1.5671786943362407,3.0,0.33,range,both,False,1.7774030354131236,1.1774647887323528,-0.6396933560476854,0.7627249357327223
BB3.0|ヒゲ0.33|range|TP30/SL30|TR0-0|long,1410,1.232292057583355,0.7995017284965562,0.9370593896974664,7,11,119.13636363636591,0.17166011267303105,0.9951177128003773,1.069238247197185,53.04964539007092,0.9294326241134934,1310.5000000000257,0.9294326241134934,0.2959744644156648,0.4560775983915659,0.6334581596978286,1.3889262746774342,3.0,0.33,range,long,False,1.9826697892271474,-1.5985018726592048,1.1787383177570474,1.34097222222231
BB3.0|ヒゲ0.33|range|TP30/SL30|TR0-0|short,1191,-1.7313804175947547,-0.10442651303056147,-2.2436793870925085,2,11,-153.20000000000252,-2.7108877946454957,-1.9571907138364943,0.9029966729217267,48.782535684298914,-1.4149454240134565,-1685.2000000000266,-1.4149454240134565,-1.6543975474697699,0.5742635699682358,0.2394521234563134,0.4169725122378182,3.0,0.33,range,short,False,-1.3148989898989942,1.6334645669291106,-4.6886850152906225,-0.21588785046722378
BB3.0|ヒゲ0.33|range|TP30/SL30|TR5-3|both,3224,-5.452065006217058,-4.133068997088557,-3.607929811928382,0,11,-386.23636363640975,-8.783370437147383,-5.691896738418211,0.7339553523904657,83.56079404466502,-1.3178039702234818,-4248.600000000505,-1.3178039702234818,-1.1542420147891448,0.14650159436196963,-0.16356195543433705,-1.1164517092572757,3.0,0.33,range,both,True,-1.2764141898370909,-1.7092651757189101,-1.2421281216072049,-1.1093059936910823
BB3.0|ヒゲ0.33|range|TP30/SL30|TR5-3|long,1973,-3.999167146717214,-3.1460229513718736,-2.538593106750333,0,11,-223.08181818184696,-6.581884093103971,-4.235233591888058,0.7454434174628067,83.73035985808414,-1.2437404967056849,-2453.900000000316,-1.2437404967056849,-1.1071459903790684,0.18002978340731338,-0.13659450632661652,-0.7587328259878783,3.0,0.33,range,long,True,-1.6309602649007429,-1.138324873096533,-1.2195079086118266,-0.8039408866997642
BB3.0|ヒゲ0.33|range|TP30/SL30|TR5-3|short,1605,-4.23582465030191,-2.784370061865167,-3.195721940552069,1,11,-202.8636363636574,-6.663792407096606,-4.4587983061112455,0.720563006373867,83.2398753894081,-1.3903426791278695,-2231.5000000002306,-1.3903426791278695,-1.2607530507160127,0.2206389504631542,-0.12958962841185673,-0.5873379479907274,3.0,0.33,range,short,True,-1.020210896309402,-2.019273743016794,-1.4353086419755803,-1.2703296703298859
BB3.0|ヒゲ0.33|range|TP20/SL10|TR0-0|both,2793,-2.152559949793423,-1.8008514640299302,-1.274985305481477,3,11,-145.15454545448137,-5.1371779521091465,-2.4083247887820787,0.9192896967614084,34.19262441818833,-0.5716791979947344,-1596.6999999992931,-0.5716791979947344,-0.7750137251098381,0.2588369275898534,0.2033345271151037,0.7855700073727601,3.0,0.33,range,both,False,-0.9464125560533428,0.30762081784432377,-0.834223300970808,-0.42782931354362047
BB3.0|ヒゲ0.33|range|TP20/SL10|TR0-0|long,1842,-1.3593107635877435,-1.6725249719356627,-0.30855808312464916,4,11,-75.83636363632314,-3.747498315370498,-1.6636445769433805,0.9356436407400289,34.581976112920735,-0.4528773072744588,-834.1999999995531,-0.4528773072744588,-0.35419002672042665,0.17940584251350586,-0.09868728055403214,-0.5500784097742126,3.0,0.33,range,long,False,-0.6103690685408348,-0.44332425068073894,-0.224814814814782,-0.5540983606557521
BB3.0|ヒゲ0.33|range|TP20/SL10|TR0-0|short,1540,-3.5836781783030007,-1.7647027914145623,-3.253358589568416,1,11,-179.64545454541232,-5.787175997269976,-3.823363781526609,0.824979850673595,31.883116883116884,-1.283181818181516,-1976.0999999995345,-1.283181818181516,-0.8021695027568441,0.3127122168825812,-0.48101231542467193,-1.53819483044145,3.0,0.33,range,short,False,-1.4253308128539708,-0.04005934718054766,-2.6918918918917285,-0.4232209737827925
BB3.0|ヒゲ0.33|range|TP20/SL10|TR5-3|both,3661,-10.37989134121243,-7.852735172392193,-6.836627350614577,0,11,-434.8727272726861,-16.57652363353628,-10.792161195562578,0.6613883953536257,64.24474187380497,-1.3066375307291849,-4783.599999999546,-1.3066375307291849,-1.0582013890913664,0.10366659337767173,-0.24843614163781846,-2.396491806504447,3.0,0.33,range,both,True,-1.283986655546164,-1.7021248339972075,-1.4733926805141953,-0.6773638968480614
BB3.0|ヒゲ0.33|range|TP20/SL10|TR5-3|long,2151,-6.471066931464513,-5.459694740458402,-3.711323615255385,0,11,-208.7909090908879,-11.23318891152897,-6.830243011079657,0.7123407772948877,65.55090655509066,-1.0677359367734855,-2296.6999999997674,-1.0677359367734855,-1.0259408940817096,0.13549119304860094,-0.04179504269177592,-0.3084705489070715,3.0,0.33,range,long,True,-1.1976154992547325,-1.51192660550447,-0.9903278688523312,-0.529493087557537
BB3.0|ヒゲ0.33|range|TP20/SL10|TR5-3|short,1765,-8.404709267199456,-6.1208716952153885,-5.761414325455496,0,11,-245.76363636361557,-12.614918499615214,-8.723886109371481,0.617250215910873,62.946175637393765,-1.5316713881018535,-2703.3999999997714,-1.5316713881018535,-1.1340024061504532,0.17963371984922,-0.3976689819514003,-2.2137769138511056,3.0,0.33,range,short,True,-1.4639871382635328,-1.7116625310172309,-2.0004524886876243,-0.7342281879193971
BB3.0|ヒゲ0.33|range|TP10/SL20|TR0-0|both,2841,-4.429265378061721,-1.2482830702964818,-4.865110901364742,2,11,-299.454545454606,-7.496796389497815,-4.64441818157505,0.8379487280401474,65.25871172122491,-1.1594508975715117,-3294.000000000665,-1.1594508975715117,-1.2696573944116363,0.38605503398248997,0.11020649684012462,0.2854683584960666,3.0,0.33,range,both,False,-0.5614470842337368,-0.4558608058612737,-2.4176470588234986,-0.9989150090415801
BB3.0|ヒゲ0.33|range|TP10/SL20|TR0-0|long,1815,-2.5187372868274984,-1.2502690672241707,-2.2712174558054556,1,11,-136.20000000004072,-4.9640929892708465,-2.7211708458901493,0.8808266250914383,66.39118457300276,-0.8254545454547917,-1498.2000000004468,-0.8254545454547917,-1.0553104058036364,0.23758441370714187,0.22985586034884475,0.9674702846129304,3.0,0.33,range,long,False,-0.555714285714759,-0.4491712707187044,-1.3313092979127374,-0.8819672131147499
BB3.0|ヒゲ0.33|range|TP10/SL20|TR0-0|short,1505,-4.958303033927691,-1.9370526883683188,-5.001600048540408,1,11,-248.63636363639682,-7.136074152952502,-5.1983893898802735,0.7608450433276721,62.923588039867106,-1.8172757475085475,-2735.000000000364,-1.8172757475085475,-1.4062640095550687,0.23748529447532765,-0.4110117379534788,-1.730682899172853,3.0,0.33,range,short,False,-0.8335863377613814,-1.5091185410338925,-3.8232558139534154,-1.219847328244251
BB3.0|ヒゲ0.33|range|TP10/SL20|TR5-3|both,3379,-8.363900564819913,-6.284159327071111,-5.580007797346535,0,11,-446.47272727275026,-12.972309068217733,-8.574232935754745,0.6741334465735753,78.45516424977804,-1.4534477656112017,-4911.200000000251,-1.4534477656112017,-1.3966759210483581,0.11631482456769521,-0.056771844562843565,-0.488087780503012,3.0,0.33,range,both,True,-1.4958181818184142,-1.5505185185187231,-1.5055966209080471,-1.2076103500760078
BB3.0|ヒゲ0.33|range|TP10/SL20|TR5-3|long,2030,-5.932562084943101,-4.543552204357686,-3.8565122974313484,0,11,-246.83636363637888,-9.473825022094854,-6.135687403855033,0.6944063027574325,78.76847290640394,-1.33753694581289,-2715.2000000001667,-1.33753694581289,-1.3311310692506075,0.22522871931401084,-0.006405876562282531,-0.028441650699756207,3.0,0.33,range,long,True,-1.579299363057568,-1.3845588235296324,-1.1449826989618592,-1.1939903846153117
BB3.0|ヒゲ0.33|range|TP10/SL20|TR5-3|short,1666,-6.7025199043031956,-4.6912069411777315,-4.78338263062991,0,11,-262.8636363636483,-9.7391959669284,-6.866397668291469,0.6292853662914215,77.37094837935174,-1.7355942376951567,-2891.500000000131,-1.7355942376951567,-1.5871903039985091,0.23909377507212795,-0.14840393369664762,-0.620693423121862,3.0,0.33,range,short,True,-1.6075213675215942,-1.8307692307694219,-2.135933806146494,-1.2718861209962975
BB3.0|ヒゲ0.0|none|TP20/SL20|TR0-0|both,5520,-2.289047826701245,-1.2401038054309121,-1.9423619714684575,2,11,-315.2181818181845,-5.188056293003309,-2.5389678545622294,0.9384126251098992,50.39855072463768,-0.6281521739130479,-3467.4000000000246,-0.6281521739130479,-0.7386180496448363,0.2823512086008692,0.11046587573178845,0.3912357105860406,3.0,0.0,none,both,False,-0.7371686746987974,-0.10117096018734476,-1.230716543730225,0.1611913357400163
BB3.0|ヒゲ0.0|none|TP20/SL20|TR0-0|long,3763,-2.094877061861608,-2.4880916197733756,-0.6307081217846634,3,11,-235.24545454545694,-4.503000987099455,-2.3319076150836757,0.9326458316523183,50.22588360350784,-0.6876694127026372,-2587.7000000000235,-0.6876694127026372,-0.4229641377177046,0.11721025952185467,-0.26470527498493257,-2.2583797362514706,3.0,0.0,none,long,False,-1.3117395029991539,-0.6474464579901054,-0.4516233766233672,-0.1420079260238165
BB3.0|ヒゲ0.0|none|TP20/SL20|TR0-0|short,3149,-3.643752074993699,-0.7650572734666333,-4.262598165125456,1,11,-373.7272727272668,-5.84551953291589,-3.8770569887378823,0.8760593443898079,48.745633534455386,-1.3054938075579334,-4110.999999999933,-1.3054938075579334,-1.1971638545434335,0.19710276545502817,-0.10832995301449988,-0.5496115326662777,3.0,0.0,none,short,False,-0.8159203980099516,-0.15093696763202197,-2.8869083585094955,-0.5952127659574568
BB3.0|ヒゲ0.0|none|TP20/SL20|TR5-3|both,8727,-7.661619237449139,-7.026676218065025,-3.996377896236605,1,11,-716.254545454553,-14.520861006848078,-7.971268121948936,0.7949014309626206,78.76704480348344,-0.9028073793972823,-7878.800000000082,-0.9028073793972823,-0.9753715767750457,0.11794065993464259,0.07256419737776343,0.6152602284740075,3.0,0.0,none,both,True,-1.2304989458891074,-1.1448405253284621,-0.8855967078187944,-0.11124922311984639
BB3.0|ヒゲ0.0|none|TP20/SL20|TR5-3|long,5214,-4.491137547314792,-5.147392389220691,-1.3827856629702941,2,11,-330.59090909091634,-9.583222212527241,-4.736218791418156,0.8374886601808051,79.26735711545838,-0.6974491752972917,-3636.5000000000787,-0.6974491752972917,-0.8633085145421141,0.11348137608986877,0.16585933924482243,1.461555587001996,3.0,0.0,none,long,True,-1.265345345345488,-0.9064182194618469,-0.17781289506941428,-0.3724275724274557
BB3.0|ヒゲ0.0|none|TP20/SL20|TR5-3|short,4180,-7.0985409159902595,-5.382261803069521,-4.695426345942777,1,11,-454.45454545455345,-11.791330828782783,-7.336052523952548,0.7366868580458171,78.0622009569378,-1.1959330143540874,-4999.0000000000855,-1.1959330143540874,-1.1238764255369458,0.08808082870828032,-0.07205658881714161,-0.8180734658592931,3.0,0.0,none,short,True,-1.2248421052633176,-1.5933649289100664,-1.6884868421051138,0.2077697841727424
BB3.0|ヒゲ0.0|none|TP15/SL15|TR0-0|both,6819,-4.969320194682473,-3.4079948778054048,-3.627535999532072,2,11,-566.745454545458,-9.251927199004754,-5.260967809914611,0.884811878370866,49.62604487461505,-0.9142396245783888,-6234.2000000000335,-0.9142396245783888,-0.7579504946124712,0.1719691133158564,-0.1562891299659176,-0.9088209327384312,3.0,0.0,none,both,False,-1.0847663551401991,-0.5777678571428506,-1.5369244523916235,0.130408472012138
BB3.0|ヒゲ0.0|none|TP15/SL15|TR0-0|long,4399,-3.548173432353494,-2.9570960571753604,-2.1292792859398313,2,11,-324.0000000000005,-6.976558824278244,-3.7907184216000918,0.8971523553380389,49.89770402364174,-0.8101841327574455,-3564.0000000000027,-0.8101841327574455,-0.519175349697351,0.10762072612440167,-0.2910087830600945,-2.7040217394901207,3.0,0.0,none,long,False,-0.9405869720830401,-0.6803452855245653,-1.016147719044179,-0.3852534562211824
BB3.0|ヒゲ0.0|none|TP15/SL15|TR0-0|short,3665,-4.845208721941915,-2.3458953809631446,-4.4607697685163,1,11,-406.20909090909663,-7.957632777665389,-5.083293073377374,0.8492349219738535,48.6493860845839,-1.2191814461118855,-4468.30000000006,-1.2191814461118855,-1.2271112155714061,0.16241516257262822,0.00792976945952062,0.04882407118839421,3.0,0.0,none,short,False,-1.0103252032520424,-0.9326647564469999,-2.337769784172719,0.04000000000003183
BB3.0|ヒゲ0.0|none|TP15/SL15|TR5-3|both,9279,-11.188826324512199,-10.1165069600541,-5.990002569467495,1,11,-914.936363636521,-19.430787562265508,-11.500328068595646,0.7409339895593806,73.48852247009377,-1.0846319646515499,-10064.300000001731,-1.0846319646515499,-1.053445441901614,0.07445252359767335,-0.03118652274993594,-0.41887798079836375,3.0,0.0,none,both,True,-1.35785528031312,-1.389331026528458,-1.0114847942756473,-0.3936979785970857
BB3.0|ヒゲ0.0|none|TP15/SL15|TR5-3|long,5471,-6.80075223060655,-7.206646827382204,-2.641748956519269,0,11,-438.29090909099943,-12.791359537607022,-7.0426014402183394,0.783163850447245,74.22774629866569,-0.8812282946446708,-4821.200000000994,-0.8812282946446708,-1.0149770783206917,0.1131220511660071,0.13374878367602094,1.182340510072117,3.0,0.0,none,long,True,-1.3294586894588958,-1.1905859750242354,-0.48637751985352495,-0.43583815028919254
BB3.0|ヒゲ0.0|none|TP15/SL15|TR5-3|short,4392,-9.051214759896375,-7.272769163638736,-5.59761133086367,1,11,-509.91818181826056,-14.56005605302224,-9.302394923770171,0.7009197792529438,72.95081967213115,-1.2771174863389954,-5609.100000000868,-1.2771174863389954,-1.2038204298029989,0.07833689076912424,-0.0732970565359965,-0.9356646123729722,3.0,0.0,none,short,True,-1.3423583662716378,-1.6928170594839158,-1.5265402843603675,-0.18200836820101357
BB3.0|ヒゲ0.0|none|TP30/SL30|TR0-0|both,3970,-1.6254509762199465,-1.3137885114197159,-1.0463007431767635,3,11,-276.7636363636356,-3.316578758690389,-1.9692863497986608,0.94819735507715,49.924433249370274,-0.7668513853904261,-3044.3999999999915,-0.7668513853904261,-0.9264943525834999,0.3989035605664191,0.1596429671930738,0.400204417745458,3.0,0.0,none,both,False,-0.6205419580419621,-1.6282608695652085,-1.1922698524244721,0.41714285714289917
BB3.0|ヒゲ0.0|none|TP30/SL30|TR0-0|long,2945,-0.6150484574457601,-1.0690261891012576,0.04408972707802785,4,11,-89.2727272727251,-2.0815764455071766,-0.8812889284191568,0.9768720236272775,50.83191850594228,-0.3334465195246095,-981.9999999999751,-0.3334465195246095,-0.041228538300748054,0.30115972264763413,-0.29221798122386144,-0.9703089731084831,3.0,0.0,none,long,False,-0.6775648252536678,-0.5294623655913989,-0.4475757575757552,0.5112769485904255
BB3.0|ヒゲ0.0|none|TP30/SL30|TR0-0|short,2489,-2.484349103413271,-0.6670453805104797,-2.69327877895603,2,11,-326.39090909091254,-3.8577220791926923,-2.755197237833853,0.9032037162353437,48.53354760948172,-1.4424668541583108,-3590.3000000000357,-1.4424668541583108,-1.7207444342403264,0.3351915749264619,0.27827758008201564,0.8302045782119294,3.0,0.0,none,short,False,-1.3550591327201043,0.38814317673378557,-3.598058252427264,0.508096280087585
BB3.0|ヒゲ0.0|none|TP30/SL30|TR5-3|both,7956,-5.079717901330255,-5.203724278452034,-2.1746341568974925,2,11,-563.1545454546351,-10.382685448044327,-5.381089798751161,0.8376310547284307,84.1880341880342,-0.778619909502386,-6194.700000000983,-0.778619909502386,-0.7199876201191259,0.1431532434167719,-0.05863228938326015,-0.4095770936363623,3.0,0.0,none,both,True,-1.084144427001628,-1.422182596291038,-0.7005622489961717,0.20184696569898863
BB3.0|ヒゲ0.0|none|TP30/SL30|TR5-3|long,4868,-3.0687471146310936,-3.8392321014719926,-0.7137324965104872,2,11,-271.01818181824,-7.072472912628417,-3.316597456228397,0.8696629213482883,84.44946589975349,-0.6124075595728509,-2981.2000000006383,-0.6124075595728509,-0.6614755699861711,0.08449816251977221,0.04906801041332021,0.5806991412604801,3.0,0.0,none,long,True,-1.241922825376124,-0.7874024526199055,-0.15426666666684877,-0.1535031847136044
BB3.0|ヒゲ0.0|none|TP30/SL30|TR5-3|short,3899,-4.478121433813184,-3.5133739352253617,-2.8342582492470942,1,11,-339.61818181822713,-8.215727934007838,-4.765471774502102,0.8014129354291455,83.97024878173892,-0.9581431136190038,-3735.800000000496,-0.9581431136190038,-0.9931331796004061,0.08741535432774651,0.03499006598140231,0.4002736847603912,3.0,0.0,none,short,True,-0.9564356435644343,-1.6840731070496202,-1.439217391304554,0.6941791044773911
BB3.0|ヒゲ0.0|none|TP20/SL10|TR0-0|both,7066,-2.933003063004071,-2.1345291366525156,-2.0420844884287765,2,11,-317.50909090894214,-7.6086856519008395,-3.211801643216065,0.9300562337787469,34.50325502405887,-0.49428247947896375,-3492.599999998358,-0.49428247947896375,-0.7082849522575636,0.10445336806031355,0.21400247277859985,2.048784799883431,3.0,0.0,none,both,False,-0.7020288548236965,-0.17656514382356198,-0.9379101899826691,0.3299259259258601
BB3.0|ヒゲ0.0|none|TP20/SL10|TR0-0|long,4661,-1.9208940815964453,-2.5361920074874633,-0.3794615847071236,2,11,-169.6727272726295,-5.681951540209009,-2.153141936068033,0.9430054661496008,34.84230851748552,-0.4004290924691958,-1866.3999999989214,-0.4004290924691958,-0.4887092060386318,0.12739253892863525,0.08828011356943605,0.6929771108407705,3.0,0.0,none,long,False,-0.8032974427989916,-0.5659756097556303,-0.27110501029509176,0.20757238307343687
BB3.0|ヒゲ0.0|none|TP20/SL10|TR0-0|short,3860,-4.525045052284677,-2.0469997271250397,-4.347149256570701,2,11,-360.42727272717525,-7.9635756318380935,-4.830628617823768,0.8584864579318139,32.72020725388601,-1.0271243523313274,-3964.699999998924,-1.0271243523313274,-0.9238502194356067,0.1342814722662361,-0.10327413289572063,-0.7690869868552075,3.0,0.0,none,short,False,-0.8543361473517916,-0.335810810810344,-1.895772217428713,-0.616717325227974
BB3.0|ヒゲ0.0|none|TP20/SL10|TR5-3|both,10013,-13.229239080413189,-12.087526675343126,-6.989037057340765,1,11,-945.2363636362458,-23.281811821592463,-13.652228391005357,0.7278912988862101,64.65594726855089,-1.0384100669128835,-10397.599999998703,-1.0384100669128835,-0.9959065815798672,0.07227528533277865,-0.04250348533301629,-0.5880777244574903,3.0,0.0,none,both,True,-1.2647006255584046,-1.350412796697485,-0.9524406779659546,-0.41018099547502673
BB3.0|ヒゲ0.0|none|TP20/SL10|TR5-3|long,5827,-7.955987744103353,-8.281093423127484,-3.1466871303622286,1,11,-444.672727272661,-15.219720012668429,-8.26571489628771,0.7735766957214296,65.64269778616783,-0.8394371031404276,-4891.399999999272,-0.8394371031404276,-0.9926121892474843,0.0702832156519962,0.15317508610705666,2.1793978076571707,3.0,0.0,none,long,True,-1.2832627118642657,-1.127096204765993,-0.5203370133641851,-0.27290322580636334
BB3.0|ヒゲ0.0|none|TP20/SL10|TR5-3|short,4673,-10.884714795361784,-9.039314421866484,-6.459148168038948,1,11,-526.3363636363088,-17.58585133737058,-11.213048891966922,0.6826031182159232,63.856195163706396,-1.238968542691932,-5789.699999999398,-1.238968542691932,-1.0908315655864675,0.050396646084171326,-0.14813697710546436,-2.9394213428022447,3.0,0.0,none,short,True,-1.312446873102496,-1.6154162384376518,-1.3573282442746544,-0.37442799461635823
BB3.0|ヒゲ0.0|none|TP10/SL20|TR0-0|both,7121,-5.790906648136428,-3.0440715168947383,-5.060535931941875,0,11,-632.4636363637894,-10.515557324505043,-6.023839204226064,0.8611651027925864,65.94579413003791,-0.9769835697235892,-6957.100000001679,-0.9769835697235892,-0.9580384717333601,0.1765032855981528,-0.018945097990229143,-0.1073356675827649,3.0,0.0,none,both,False,-0.8144701691901404,-0.8982352941181153,-1.6477734543882492,-0.18046647230324245
BB3.0|ヒゲ0.0|none|TP10/SL20|TR0-0|long,4469,-4.24713498496838,-3.745949588700145,-2.3324143613622343,0,11,-368.94545454555464,-7.917625328015344,-4.467257393980069,0.8700255567725071,66.12217498321772,-0.9081226225108747,-4058.400000001099,-0.9081226225108747,-0.7732375057723428,0.12923188678199032,-0.13488511673853187,-1.043744853513424,3.0,0.0,none,long,False,-1.2206214689270196,-0.8478927203069802,-0.9063031161473486,-0.45034965034967017
BB3.0|ヒゲ0.0|none|TP10/SL20|TR0-0|short,3665,-5.982628816022573,-2.5987692151070108,-5.816719905261254,1,11,-473.6181818182626,-9.305043188531009,-6.201272678103855,0.8062407021719364,64.33833560709414,-1.4215006821284821,-5209.800000000887,-1.4215006821284821,-1.183762874720308,0.20379531060841932,-0.23773780740817418,-1.1665519029776568,3.0,0.0,none,short,False,-0.8152473641529433,-1.4451149425291965,-2.707356948228856,-0.3433070866141994
BB3.0|ヒゲ0.0|none|TP10/SL20|TR5-3|both,8730,-10.510391815131857,-8.666640989747732,-6.324503878260951,1,11,-938.3363636364143,-17.65003667479589,-10.745757267722238,0.7311630232927435,78.78579610538374,-1.1823253150057913,-10321.700000000557,-1.1823253150057913,-1.2052846712874676,0.07783023344977824,0.022959356281676335,0.29499277162635507,3.0,0.0,none,both,True,-1.4675333801829167,-1.3000625000001866,-1.2463724756917645,-0.4547826086955891
BB3.0|ヒゲ0.0|none|TP10/SL20|TR5-3|long,5214,-6.577560027935952,-6.291322386114067,-3.1259649686342277,0,11,-467.01818181821454,-11.814137840523403,-6.7795508583243125,0.7702103676401318,79.28653624856156,-0.9852704257768238,-5137.200000000359,-0.9852704257768238,-1.1688055213859214,0.03373164588743182,0.18353509560909764,5.441035881308168,3.0,0.0,none,long,True,-1.4933333333335423,-1.0812629399587905,-0.5673198482932371,-0.708091908091827
BB3.0|ヒゲ0.0|none|TP10/SL20|TR5-3|short,4180,-9.034197735387915,-6.581577406396745,-6.22087313331848,1,11,-558.5000000000268,-13.862370793152934,-9.219799430075241,0.6764024229654787,78.0622009569378,-1.4697368421053336,-6143.500000000295,-1.4697368421053336,-1.3029369136867264,0.14871121281129915,-0.16679992841860725,-1.1216365280421794,3.0,0.0,none,short,True,-1.4636491228072306,-1.7465639810428244,-2.049588815789368,-0.1315107913668717
BB3.0|ヒゲ0.33|none|TP20/SL20|TR0-0|both,3910,-2.0767880936382834,-0.6183892263089816,-2.169266910064616,4,11,-234.58181818181572,-4.579077195935939,-2.3303368955407415,0.9352710543413084,50.30690537084399,-0.6599488491048519,-2580.3999999999705,-0.6599488491048519,-0.7275841523087221,0.36248074970472516,0.06763530320387023,0.18659005549664523,3.0,0.33,none,both,False,-0.7254835996635868,0.6536661466458876,-1.3235920852358931,-0.5190600522193414
BB3.0|ヒゲ0.33|none|TP20/SL20|TR0-0|long,2661,-1.576394177146105,-1.5702894092181503,-0.7319233039932197,5,11,-144.6727272727275,-3.675028763052678,-1.7994642092600013,0.9409407031893636,50.46974821495678,-0.5980458474257799,-1591.4000000000003,-0.5980458474257799,-0.38924458447909993,0.17689442105665767,-0.20880126294668,-1.1803722338976583,3.0,0.33,none,long,False,-0.7671568627451014,-0.498681318681307,-0.6939675174013755,-0.2657196969697294
BB3.0|ヒゲ0.33|none|TP20/SL20|TR0-0|short,2129,-3.4260534858914093,-0.6911075141491918,-4.043448116732892,2,11,-288.4818181818119,-5.2459925022222675,-3.635652711246722,0.8592815300633688,48.23860967590418,-1.4905119774541709,-3173.2999999999297,-1.4905119774541709,-1.2615258302338488,0.271985527524377,-0.22898614722032207,-0.8419056311729636,3.0,0.33,none,short,False,-0.8256373937677091,-0.1665853658536459,-3.270139968895707,-1.1335135135134926
BB3.0|ヒゲ0.33|none|TP20/SL20|TR5-3|both,5700,-5.810132364717586,-5.517440373389555,-2.8680366330755005,1,11,-415.9454545454675,-11.624745214626111,-6.04222446236776,0.8122119295538125,79.35087719298247,-0.8027017543859898,-4575.4000000001415,-0.8027017543859898,-1.027343292142191,0.10659598377835386,0.22464153775620122,2.1074108966741254,3.0,0.33,none,both,True,-1.0029617662898802,-1.2108184383820786,-0.5865005793741668,-0.3923149905122129
BB3.0|ヒゲ0.33|none|TP20/SL20|TR5-3|long,3417,-4.073318126791242,-4.569947177671875,-1.3682894480389638,1,11,-231.3272727272809,-8.421171953824564,-4.303683111386748,0.8250520801105451,79.3971319871232,-0.7446883230904561,-2544.6000000000886,-0.7446883230904561,-0.8259823210284948,0.10206533151180087,0.08129399793803871,0.7964898240558738,3.0,0.33,none,long,True,-1.2969924812031688,-1.1228125000001736,-0.17927063339720195,-0.3862891207152344
BB3.0|ヒゲ0.33|none|TP20/SL20|TR5-3|short,2682,-5.232883401327959,-4.021680277316996,-3.4110982097360507,3,11,-266.6909090909165,-9.012500799003988,-5.559536185313142,0.7554253128464967,78.37434750186428,-1.0938105891126324,-2933.6000000000804,-1.0938105891126324,-1.1371062127384375,0.18998268828748152,0.04329562362580508,0.22789246755099185,3.0,0.33,none,short,True,-0.9029882604057211,-1.6717625899281663,-1.2668874172184308,-0.4642857142855846
BB3.0|ヒゲ0.33|none|TP15/SL15|TR0-0|both,4671,-4.360779758410878,-3.5230687619884105,-2.7194332330459248,1,11,-405.07272727273045,-7.9752914546940925,-4.644011484682489,0.8800198180829272,49.53971312352815,-0.9539284949689645,-4455.800000000033,-0.9539284949689645,-0.7169492600017175,0.2656917651731119,-0.23697923496724693,-0.891932931428427,3.0,0.33,none,both,False,-1.1460490463215403,-0.8828320802005102,-1.4025827814569758,0.05474860335198751
BB3.0|ヒゲ0.33|none|TP15/SL15|TR0-0|long,3010,-2.7974586280914964,-2.9627719862408792,-1.1294676491403206,3,11,-209.78181818181827,-5.683829418588287,-3.0269498796408882,0.9023440640882981,50.09966777408638,-0.7666445182724244,-2307.5999999999976,-0.7666445182724244,-0.5867757847395567,0.16337002430297165,-0.1798687335328677,-1.1009898192785905,3.0,0.33,none,long,False,-0.8809217577706346,-1.303159851301138,-0.534599156118134,-0.4700507614213074
BB3.0|ヒゲ0.33|none|TP15/SL15|TR0-0|short,2405,-4.267386255368458,-1.764842278144436,-4.272506823111077,1,11,-285.9909090909137,-6.837586708258112,-4.517036464535339,0.8389385786620144,48.35758835758836,-1.3080665280665487,-3145.9000000000497,-1.3080665280665487,-1.1755930626167603,0.27013367948040123,-0.13247346544978833,-0.4903996632504299,3.0,0.33,none,short,False,-0.8412545235223192,-1.0176344086021658,-2.8035360678925767,0.016831683168347746
BB3.0|ヒゲ0.33|none|TP15/SL15|TR5-3|both,5975,-9.193376738317072,-8.232777072366375,-4.904416217991192,0,11,-590.9545454546501,-15.89508013890909,-9.418662216292189,0.7379580845805872,73.69037656903765,-1.0879497907951714,-6500.50000000115,-1.0879497907951714,-1.0476312684562905,0.10368052709917973,-0.04031852233888089,-0.3888726597648622,3.0,0.33,none,both,True,-1.3232179226071494,-1.5230158730160948,-0.8543673012319496,-0.5945921173237351
BB3.0|ヒゲ0.33|none|TP15/SL15|TR5-3|long,3546,-6.1416089909851515,-6.561940224870291,-2.2615332879589682,1,11,-312.36363636369913,-11.113897869575812,-6.398839628063649,0.7632418502414735,74.02707275803722,-0.9689791314158742,-3436.00000000069,-0.9689791314158742,-1.0548928880020318,0.15781776256394553,0.08591375658615763,0.5443858485279601,3.0,0.33,none,long,True,-1.497209720972322,-1.5642962962965585,-0.35551401869171634,-0.48739130434801003
BB3.0|ヒゲ0.33|none|TP15/SL15|TR5-3|short,2772,-7.072630860991425,-5.233403194717334,-4.791527412716285,0,11,-319.5727272727766,-11.420752658597205,-7.390268382504405,0.7021966943688708,73.01587301587301,-1.2681457431459389,-3515.3000000005422,-1.2681457431459389,-1.162781728416641,0.1142668607947908,-0.1053640147292978,-0.922087243811822,3.0,0.33,none,short,True,-1.1114989733061844,-1.6175347222224106,-1.5240669240670945,-0.7119101123597239
BB3.0|ヒゲ0.33|none|TP30/SL30|TR0-0|both,3015,-0.9752976585922384,-0.6893243251717015,-0.7006335754012821,4,11,-140.3272727272714,-2.4975264953163356,-1.2273305915212713,0.9647878970372199,50.24875621890548,-0.5119734660033116,-1543.5999999999847,-0.5119734660033116,-0.7778254550369645,0.3867334831443662,0.2658519890336529,0.687429458841068,3.0,0.33,none,both,False,0.462276785714257,-1.99751037344397,-0.8357074109720766,-0.21187290969895956
BB3.0|ヒゲ0.33|none|TP30/SL30|TR0-0|long,2213,0.23816826952839143,-0.5213857758383509,0.7114963878585874,6,11,29.372727272730746,-1.0645659253162878,0.02310723988052191,1.0103676987302705,51.694532309082696,0.14600090375058264,323.10000000003936,0.14600090375058264,-0.07019341578707765,0.3480159789219252,0.21619431953766027,0.6212195204581737,3.0,0.33,none,long,False,0.13805970149252997,-1.1554347826086984,0.5853424657534596,0.5134831460674598
BB3.0|ヒゲ0.33|none|TP30/SL30|TR0-0|short,1789,-2.983633931845161,-1.1846208861320888,-2.9184230089990266,1,11,-328.4909090909125,-4.162709192414012,-3.259132886151893,0.8659434672760932,47.73616545556177,-2.0197875908328884,-3613.4000000000374,-2.0197875908328884,-1.7508979233442414,0.3520302527333009,-0.26888966748864696,-0.7638254536389476,3.0,0.33,none,short,False,-1.7772020725388633,-0.012386706948624066,-4.149197860962654,-0.7943396226414826
BB3.0|ヒゲ0.33|none|TP30/SL30|TR5-3|both,5330,-4.356783398222965,-4.787742657939066,-1.5425389670684528,1,11,-390.1000000000673,-8.723820522701612,-4.7158632854911815,0.829672968606705,84.33395872420263,-0.8050844277674933,-4291.10000000074,-0.8050844277674933,-0.8961006273162953,0.1852462290542509,0.09101619954880191,0.49132551854616735,3.0,0.33,none,both,True,-1.1012180974478778,-1.564576802507885,-0.3822884966526594,-0.26560636182925673
BB3.0|ヒゲ0.33|none|TP30/SL30|TR5-3|long,3267,-3.2289614308153216,-3.9554182931682402,-0.7423825876963703,1,11,-226.58181818185992,-6.617651706854028,-3.4890432452151137,0.8375048082251336,84.45056626874809,-0.7629017447200668,-2492.400000000458,-0.7629017447200668,-0.7520898897605902,0.15819514860397707,-0.010811854959476563,-0.06834504758766509,3.0,0.33,none,long,True,-1.4999007936508657,-1.139373970346053,-0.18097609561770622,-0.16543209876566967
BB3.0|ヒゲ0.33|none|TP30/SL30|TR5-3|short,2556,-3.855745850034438,-3.3273293648064177,-2.179185986304534,2,11,-238.95454545457514,-6.847054083219453,-4.136628107902722,0.7884949628246564,83.7245696400626,-1.0283646322379991,-2628.5000000003256,-1.0283646322379991,-0.9492276629799271,0.209303903914407,-0.07913696925807201,-0.37809600192853726,3.0,0.33,none,short,True,-0.9343016759777436,-2.0809338521400726,-0.8491034482760748,-0.2537914691945331
BB3.0|ヒゲ0.33|none|TP20/SL10|TR0-0|both,4789,-2.6566464143750554,-1.864035609521779,-1.9017664665260827,3,11,-237.5545454544408,-6.5058747567508775,-2.954752737010265,0.9229803376002799,34.28690749634579,-0.5456462727080488,-2613.0999999988458,-0.5456462727080488,-0.6078972500015635,0.13920733480895653,0.0622509772935147,0.4471817334836979,3.0,0.33,none,both,False,-0.7831571994711285,0.18240963855467693,-0.9730322580644514,-0.07888268156428947
BB3.0|ヒゲ0.33|none|TP20/SL10|TR0-0|long,3151,-1.6263412138825675,-2.107301011596141,-0.336280087374616,4,11,-119.16363636356996,-4.72109027381496,-1.9076110883088786,0.9408601180271361,34.68740082513488,-0.4159949222466733,-1310.7999999992676,-0.4159949222466733,-0.5245819812966013,0.20756505392016247,0.10858705904992799,0.5231471145990441,3.0,0.33,none,long,False,-0.5797338792216414,-0.679304347825622,-0.4070422535210847,0.083966942148706
BB3.0|ヒゲ0.33|none|TP20/SL10|TR0-0|short,2496,-4.264864639075186,-2.3041309250308992,-3.6995653290261843,1,11,-274.36363636357106,-7.022835543410829,-4.558432664946186,0.8347885589161383,32.09134615384615,-1.2091346153843272,-3017.9999999992806,-1.2091346153843272,-0.8501465670290929,0.1925643813993626,-0.35898804835523435,-1.864249482414522,3.0,0.33,none,short,False,-1.2078546307146498,-0.283669354838244,-2.1406292749656797,-0.6783653846153913
BB3.0|ヒゲ0.33|none|TP20/SL10|TR5-3|both,6308,-10.869564690041122,-9.481736119924363,-6.081034991255056,0,11,-603.2909090908352,-18.963281098030727,-11.207717495586193,0.7217187834160327,64.98097653772986,-1.0520291693086852,-6636.199999999187,-1.0520291693086852,-1.016786210265171,0.10453259380951438,-0.035242959043514155,-0.33714803927793097,3.0,0.33,none,both,True,-1.162673694297916,-1.48100649350636,-0.9935918147548197,-0.47703180212005314
BB3.0|ヒゲ0.33|none|TP20/SL10|TR5-3|long,3719,-6.932650928196648,-7.366374883024315,-2.7244846952545254,2,11,-301.9090909090506,-12.98234704816978,-7.254286895832377,0.7588743111472726,65.66281258402796,-0.8929819844042903,-3320.9999999995557,-0.8929819844042903,-1.0335837471248908,0.09607365719859495,0.14060176272060043,1.463478822607543,3.0,0.33,none,long,True,-1.3327645051193195,-1.372423398328596,-0.5905017921145523,-0.160729312762891
BB3.0|ヒゲ0.33|none|TP20/SL10|TR5-3|short,2892,-8.870157492634018,-6.651427485436443,-5.937008531958938,0,11,-336.06363636360135,-14.204919367537304,-9.195609167304797,0.6724496938658142,63.86583679114799,-1.2782503457813328,-3696.6999999996146,-1.2782503457813328,-1.1229099080595144,0.1266482445001175,-0.15534043772181838,-1.2265502639610157,3.0,0.33,none,short,True,-1.0706627680310885,-1.6769607843135594,-1.5066750629721155,-0.8165217391303471
BB3.0|ヒゲ0.33|none|TP10/SL20|TR0-0|both,4845,-4.531741690436301,-2.0495491243928567,-4.265182289863595,2,11,-400.1090909091969,-8.50841210409554,-4.765130152723905,0.8700150327974517,66.19195046439629,-0.9084004127969377,-4401.200000001163,-0.9084004127969377,-0.9291583090168867,0.20756030829270394,0.020757896219948946,0.10000898722252774,3.0,0.33,none,both,False,-0.6047310434223795,-0.6194117647063526,-1.700195694716248,-0.36474428726879504
BB3.0|ヒゲ0.33|none|TP10/SL20|TR0-0|long,3063,-2.867859620912526,-2.2164257188035323,-1.8671829636755157,2,11,-202.33636363643336,-5.998347135206146,-3.0630261468079487,0.894142323094885,66.79725759059745,-0.7266405484821302,-2225.7000000007647,-0.7266405484821302,-0.7107239832072821,0.22176972474122233,-0.015916565274848082,-0.07177068598259177,3.0,0.33,none,long,False,-0.8542497376709831,-0.6443243243247949,-0.8417101147028604,-0.41409395973156604
BB3.0|ヒゲ0.33|none|TP10/SL20|TR0-0|short,2412,-5.080352726237329,-1.9019944488411347,-5.273512608343573,1,11,-323.0000000000536,-7.815828820430383,-5.281160245891823,0.8001035208335314,64.17910447761194,-1.4730514096188179,-3553.0000000005884,-1.4730514096188179,-1.3052161912675975,0.22585016099638167,-0.1678352183512204,-0.7431264056256718,3.0,0.33,none,short,False,-0.5912364945983113,-1.4442348008390347,-2.980774748923922,-0.7259259259259304
BB3.0|ヒゲ0.33|none|TP10/SL20|TR5-3|both,5701,-8.054826793812042,-6.9115468459497915,-4.62796233663259,0,11,-553.5363636364023,-14.077143557266508,-8.275538438813884,0.7500933727893003,79.3544992106648,-1.0680406946150545,-6088.900000000425,-1.0680406946150545,-1.266156827234664,0.11703426100076547,0.19811613261960948,1.6928045764164195,3.0,0.33,none,both,True,-1.2542810985462718,-1.3244590780810919,-0.9634047481180517,-0.6527514231498305
BB3.0|ヒゲ0.33|none|TP10/SL20|TR5-3|long,3417,-5.731420738427983,-5.616952213534074,-2.6450351959296885,0,11,-314.53636363638884,-10.199224457097376,-5.935093316678306,0.7621228059319533,79.3971319871232,-1.0125548726954277,-3459.900000000276,-1.0125548726954277,-1.1419802245327701,0.11772696694479547,0.1294253518373425,1.0993687784212824,3.0,0.33,none,long,True,-1.5586466165415833,-1.253125000000212,-0.5549904030709533,-0.6277198211623882
BB3.0|ヒゲ0.33|none|TP10/SL20|TR5-3|short,2682,-6.814259341178514,-4.930141964410655,-4.721010233895163,0,11,-332.8545454545631,-10.735889531927667,-7.048363351280217,0.6947485139269636,78.37434750186428,-1.3651752423565224,-3661.4000000001934,-1.3651752423565224,-1.357676204278046,0.14346363126484968,-0.0074990380784765165,-0.05227135276279509,3.0,0.33,none,short,True,-1.1475987193172,-1.7474820143886505,-1.6858278145694516,-0.7873271889399792
BB3.0|ヒゲ0.33|trend|TP20/SL20|TR0-0|both,1749,0.20674146109009495,0.9841044920821101,-0.5950019575521046,6,11,15.445454545455616,-1.497805168452705,-0.02714497478049437,1.010015621776167,52.086906803887935,0.09714122355632529,169.90000000001294,0.09714122355632529,-0.7134439857767905,0.3402542055429799,0.8105852093331157,2.3822929919104996,3.0,0.33,trend,both,False,0.5566473988439409,0.6629310344827897,0.18330275229355375,-1.3341246290800888
BB3.0|ヒゲ0.33|trend|TP20/SL20|TR0-0|long,1164,1.4739768922731085,1.2219823947536932,0.8883836806466301,8,11,88.14545454545197,0.05869801685428362,1.1990623636141908,1.0890865322773287,53.865979381443296,0.832989690721626,969.5999999999726,0.832989690721626,-0.1955932274321623,0.42171375980986847,1.0285829181537882,2.4390546768441452,3.0,0.33,trend,long,False,0.6094637223974866,1.542201834862429,1.5464935064934087,-0.6360655737705013
BB3.0|ヒゲ0.33|trend|TP20/SL20|TR0-0|short,670,-1.6866275351116948,0.5810758755932046,-2.988838368580312,3,11,-78.89090909090486,-2.7332679584561204,-2.064041506282066,0.8742847209144029,48.208955223880594,-1.295223880596945,-867.7999999999531,-1.295223880596945,-1.0768314887470685,0.6093456523511321,-0.21839239184987647,-0.3584047756921207,3.0,0.33,trend,short,False,0.11652892561983617,0.1559006211180394,-3.3295857988164115,-3.657142857142695
BB3.0|ヒゲ0.33|trend|TP20/SL20|TR5-3|both,2102,-3.0794594528823285,-1.9493201392263948,-2.3864355054795907,2,11,-134.9545454545522,-6.590309906454525,-3.3281640457801047,0.8291045978863881,79.97145575642244,-0.706232159847799,-1484.5000000000734,-0.706232159847799,-1.065045196088764,0.2078674008445444,0.35881303624096494,1.7261630962004797,3.0,0.33,trend,both,True,-0.5525741029642673,-1.0002298850576206,-0.5956799999999042,-0.8052369077306062
BB3.0|ヒゲ0.33|trend|TP20/SL20|TR5-3|long,1398,-1.4408507384602949,-1.6075861441686219,-0.49623415496596973,2,11,-50.7090909090977,-4.372935656957127,-1.7353819588683566,0.8971038553772208,81.11587982832617,-0.3989985693848888,-557.8000000000745,-0.3989985693848888,-0.9161264560231537,0.23703405673018108,0.5171278866382649,2.1816607021450856,3.0,0.33,trend,long,True,-0.42067183462548,-0.9187739463603228,0.1926991150442875,-0.8130872483221053
BB3.0|ヒゲ0.33|trend|TP20/SL20|TR5-3|short,751,-3.2098571173745722,-1.7983769150883597,-2.692054305115979,1,11,-87.87272727272858,-5.224067760925413,-3.5509810399871684,0.7196717032568571,77.762982689747,-1.2870838881491535,-966.6000000000143,-1.2870838881491535,-1.1025067901483827,0.3750657228243639,-0.18457709800077082,-0.4921193454065776,3.0,0.33,trend,short,True,-0.9272401433693351,-1.082539682539806,-2.4327683615816884,-0.685849056603657
BB3.0|ヒゲ0.33|trend|TP15/SL15|TR0-0|both,1899,-0.3680932077993036,0.7532340702865559,-1.1723339683819969,5,11,-21.418181818177572,-2.7461261651271207,-0.6184747802934064,0.9834292225238822,52.18536071616641,-0.12406529752498767,-235.5999999999516,-0.12406529752498767,-0.6627512459154624,0.39942868445968005,0.5386859483904748,1.348641120051687,3.0,0.33,trend,both,False,0.7312607944732858,-0.5364829396325407,-0.44317789291880805,-0.5499999999999908
BB3.0|ヒゲ0.33|trend|TP15/SL15|TR0-0|long,1243,0.8268843930913202,0.9599684499649627,0.2674039045442857,7,11,38.781818181823084,-1.1083007473890556,0.532334303002151,1.047326906222616,53.66049879324215,0.34320193081259437,426.6000000000548,0.34320193081259437,-0.3034627631275822,0.31450388660561635,0.6466646939401766,2.0561421383993435,3.0,0.33,trend,long,False,0.9377192982456847,-0.005579399141606706,0.6658476658477237,-0.6275862068965454
BB3.0|ヒゲ0.33|trend|TP15/SL15|TR0-0|short,705,-1.334566155830651,0.30499737863858434,-2.1910507369888736,4,11,-48.56363636363639,-2.7507077652651457,-1.6425414529112863,0.9025395898708345,49.9290780141844,-0.7577304964539004,-534.1999999999998,-0.7577304964539004,-1.3338108184093478,0.3141396618486459,0.5760803219554473,1.8338350482881904,3.0,0.33,trend,short,False,0.3260536398467734,-0.4988165680473202,-2.86896551724145,-0.35445544554453756
BB3.0|ヒゲ0.33|trend|TP15/SL15|TR5-3|both,2147,-4.013699625666366,-3.3022038787473846,-2.4432660519389438,2,11,-151.11818181822102,-8.166372617231714,-4.297545910605396,0.800561494439001,75.31439217512809,-0.7742431299489666,-1662.3000000004313,-0.7742431299489666,-1.0678866248685588,0.17062728695785592,0.2936434949195922,1.7209644492098186,3.0,0.33,trend,both,True,-0.8268882175228579,-1.1150561797755048,-0.5712025316457298,-0.6316176470590646
BB3.0|ヒゲ0.33|trend|TP15/SL15|TR5-3|long,1412,-2.379744935911718,-2.6886933477669057,-0.8204639747947974,2,11,-72.59090909093656,-5.793156598006046,-2.6895916833013334,0.8475592294915574,76.34560906515581,-0.5655099150143783,-798.5000000003022,-0.5655099150143783,-0.9704271786733132,0.2528744944341383,0.4049172636589349,1.6012578277814271,3.0,0.33,trend,long,True,-0.5877862595421901,-1.3136882129280156,0.06277533039631947,-0.8294701986757692
BB3.0|ヒゲ0.33|trend|TP15/SL15|TR5-3|short,759,-3.563737579644712,-2.7491870297962553,-2.3097151346865785,1,11,-83.01818181819412,-5.938068097374027,-3.957495598162686,0.7158680771623825,73.12252964426878,-1.2031620553361466,-913.2000000001353,-1.2031620553361466,-1.2051357601933845,0.22853040989208384,0.0019737048572379123,0.00863650862994527,3.0,0.33,trend,short,True,-1.261619718310067,-0.8740740740742399,-2.125000000000161,-0.0679245283020377
BB3.0|ヒゲ0.33|trend|TP30/SL30|TR0-0|both,1540,1.0327964370262617,0.6245743245111272,0.8235842238987751,8,11,105.35454545454813,-0.06523073884042323,0.7814636527679338,1.0555670098149688,52.40259740259741,0.752532467532487,1158.90000000003,0.752532467532487,-0.06674481705553414,0.5746144347218224,0.8192772845880212,1.4257861186251664,3.0,0.33,trend,both,False,0.27853982300882385,0.8779310344827439,1.3949392712551272,0.2937500000000427
BB3.0|ヒゲ0.33|trend|TP30/SL30|TR0-0|long,1050,2.594431646898339,1.1168080335514547,2.445682954299903,9,11,215.10909090909598,1.678223081292878,2.336909533035242,1.1754183069041966,55.14285714285714,2.253523809523863,2366.200000000056,2.253523809523863,0.5656147669022916,0.5387772556463586,1.6879090426215715,3.13285133129205,3.0,0.33,trend,long,False,1.7010238907849546,1.3180851063829544,3.1232758620690855,2.4122171945702586
BB3.0|ヒゲ0.33|trend|TP30/SL30|TR0-0|short,627,-1.0345550818244773,0.4958175214968338,-1.8572236994059887,4,11,-66.66363636363918,-1.7456963516358774,-1.439966898085432,0.9175845171731675,48.32535885167464,-1.1695374800638445,-733.3000000000305,-1.1695374800638445,-1.256913377909426,0.751012133438765,0.08737589784558142,0.11634418933486612,3.0,0.33,trend,short,False,-1.3500000000000363,2.4704697986577115,-1.8987654320988014,-5.175000000000167
BB3.0|ヒゲ0.33|trend|TP30/SL30|TR5-3|both,2048,-1.7956380161731136,-1.170310467015314,-1.3613678650860719,4,11,-97.51818181821264,-4.5599413306362955,-2.0279231240914575,0.8809486815235367,85.302734375,-0.523779296875165,-1072.700000000338,-0.523779296875165,-0.9216739345738694,0.17593651653251682,0.39789463769870437,2.261580742535419,3.0,0.33,trend,both,True,-0.46336000000007715,-0.7265700483092604,-0.5337133550490745,-0.39139240506360634
BB3.0|ヒゲ0.33|trend|TP30/SL30|TR5-3|long,1381,-0.9325285238671779,-1.2619360519412126,-0.11801632029455213,3,11,-41.56363636365797,-3.2136793394191123,-1.2098563992377473,0.9221482452704491,85.73497465604635,-0.3310644460537562,-457.20000000023725,-0.3310644460537562,-0.8329332858062566,0.20075943494414225,0.5018688397525004,2.4998518246085744,3.0,0.33,trend,long,True,-0.3450520833334217,-1.054296875000098,0.07595505617958606,-0.2993243243246413
BB3.0|ヒゲ0.33|trend|TP30/SL30|TR5-3|short,748,-1.7405995671313088,-0.6867538329796478,-1.725151550887039,4,11,-58.10000000001018,-3.3854180370441678,-2.0702937481062453,0.815385059795452,84.49197860962568,-0.8544117647060318,-639.1000000001118,-0.8544117647060318,-0.9938047492558819,0.4432482655265576,0.13939298454985016,0.3144806091553635,3.0,0.33,trend,short,True,-0.6963898916968361,-0.5486772486772966,-1.690909090909364,-0.4235849056606705
BB3.0|ヒゲ0.33|trend|TP20/SL10|TR0-0|both,1944,-0.7019804995917606,-0.3994027631848811,-0.5857713890782018,5,11,-40.53636363632215,-3.1508723316481486,-1.0204604103127894,0.9669578877946805,35.288065843621396,-0.22937242798330335,-445.8999999995417,-0.22937242798330335,-0.36985940898899006,0.2119725548994794,0.1404869810056867,0.6627602383351362,3.0,0.33,trend,both,False,-0.24907251264709554,-0.04742268041191316,-0.20876897133218286,-0.4216216216216433
BB3.0|ヒゲ0.33|trend|TP20/SL10|TR0-0|long,1259,0.5455018917284177,0.43181171854379424,0.34764539724827676,6,11,25.245454545477227,-1.4411714564013898,0.17254684052578081,1.032496255382918,36.775218427323274,0.22057188244658468,277.7000000002501,0.22057188244658468,-0.3361371574769688,0.31384023702262015,0.5567090399235535,1.7738612652253014,3.0,0.33,trend,long,False,0.33500000000045393,0.17191489361747112,0.4663484486873469,-0.27169811320757753
BB3.0|ヒゲ0.33|trend|TP20/SL10|TR0-0|short,711,-1.7604137775951398,-0.7081843602639667,-1.7936695818301494,2,11,-60.51818181816231,-3.267745951660446,-2.166653358010569,0.8695370987340136,32.91139240506329,-0.9362869198309212,-665.699999999785,-0.9362869198309212,-0.7970229346524473,0.414356428943473,-0.13926398517847383,-0.3360970783862808,3.0,0.33,trend,short,False,-0.725287356321379,-0.47710843373446826,-1.816949152542275,-0.7065420560747717
BB3.0|ヒゲ0.33|trend|TP20/SL10|TR5-3|both,2218,-5.463880942441069,-4.41927762267786,-3.365113202234574,0,11,-177.63636363634427,-10.380234843163256,-5.843909381783503,0.7591727571884729,66.05049594229035,-0.8809738503155035,-1953.9999999997867,-0.8809738503155035,-1.0663072101571702,0.1059928150785951,0.18533335984166677,1.74854644349468,3.0,0.33,trend,both,True,-1.134104046242649,-0.950657894736742,-0.9854294478526373,-0.2229665071770323
BB3.0|ヒゲ0.33|trend|TP20/SL10|TR5-3|long,1446,-3.5006103402331266,-3.064099834074375,-1.9644842929825541,2,11,-90.8545454545353,-7.60660554205777,-3.9405203886092175,0.8036426508438729,67.28907330567083,-0.6911479944674193,-999.3999999998882,-0.6911479944674193,-0.9959886361114618,0.08953297837967508,0.30484064164404256,3.4047861152494012,3.0,0.33,trend,long,True,-0.6839598997492685,-1.1344444444443464,-0.6087048832270778,-0.43627450980393123
BB3.0|ヒゲ0.33|trend|TP20/SL10|TR5-3|short,779,-4.435975391249501,-4.220554768190463,-2.1577209904838615,1,11,-87.1272727272635,-7.291257190140159,-4.86206633082998,0.6864284779479296,63.67137355584083,-1.2302952503207936,-958.3999999998982,-1.2302952503207936,-1.0265298667188265,0.12760189335202762,-0.20376538360196705,-1.5968837001487108,3.0,0.33,trend,short,True,-1.7183050847456147,-0.7120418848166467,-1.9657458563534032,0.3598214285714594
BB3.0|ヒゲ0.33|trend|TP10/SL20|TR0-0|both,1933,-0.9328901473789097,0.9490877670541833,-2.066969259726515,4,11,-51.91818181822651,-3.4682004829302286,-1.119493002601053,0.9548334031934945,68.08070356958096,-0.2954474909469687,-571.1000000004905,-0.2954474909469687,-0.9900096734508084,0.23312142761240431,0.6945621825038397,2.979400862535222,3.0,0.33,trend,both,False,0.8427843803051157,-0.4505076142136647,-0.8171232876712783,-1.1278688524589982
BB3.0|ヒゲ0.33|trend|TP10/SL20|TR0-0|long,1285,0.8573299305802008,1.4491077640004322,-0.11490897926597511,8,11,37.56363636360546,-1.2856196882516162,0.6337140359920349,1.0525191926381194,70.19455252918287,0.3215564202331991,413.1999999996608,0.3215564202331991,-0.6164067369973644,0.3652006625819683,0.9379631572305634,2.568350097174427,3.0,0.33,trend,long,False,0.9605042016801852,0.36818181818134177,0.5365155131263679,-0.9123595505617916
BB3.0|ヒゲ0.33|trend|TP10/SL20|TR0-0|short,716,-2.749997544321025,-0.36532297757919624,-3.4705439850313082,2,11,-96.22727272728903,-4.250862518308408,-2.991618138670724,0.7982464500142579,63.8268156424581,-1.4783519553075128,-1058.5000000001792,-1.4783519553075128,-1.1453790502602548,0.41032136831495597,-0.33297290504725807,-0.8114929680963472,3.0,0.33,trend,short,False,0.03384030418202792,-1.1651685393263014,-3.881395348837075,-1.8679611650484835
BB3.0|ヒゲ0.33|trend|TP10/SL20|TR5-3|both,2102,-4.360001458728124,-2.9040133867307554,-3.2504306026910754,1,11,-184.05454545456146,-7.997045626630418,-4.571057477441279,0.7669283724356811,79.97145575642244,-0.9631779257850502,-2024.6000000001757,-0.9631779257850502,-1.2906229049911904,0.1199640757479648,0.32744497920614013,2.72952529467302,3.0,0.33,trend,both,True,-0.8410296411858657,-1.1696551724139934,-0.8812799999999379,-1.0620947630922382
BB3.0|ヒゲ0.33|trend|TP10/SL20|TR5-3|long,1398,-2.4724310469697226,-2.342672021199864,-1.2173544298805727,2,11,-83.48181818183095,-5.530219959495521,-2.7261011654816816,0.8306032097398711,81.11587982832617,-0.6568669527897999,-918.3000000001402,-0.6568669527897999,-1.1177707382280455,0.1848236143624993,0.4609037854382456,2.493749443370711,3.0,0.33,trend,long,True,-0.6927648578813665,-1.1597701149427604,-0.10619469026547523,-1.0050335570469673
BB3.0|ヒゲ0.33|trend|TP10/SL20|TR5-3|short,751,-3.973828412833522,-2.330007411554937,-3.239594149838826,1,11,-105.05454545455001,-6.058477340166253,-4.248579700111909,0.6648589078042779,77.762982689747,-1.538748335552663,-1155.60000000005,-1.538748335552663,-1.1856861247314094,0.28059498081642487,-0.35306221082125355,-1.258262745092505,3.0,0.33,trend,short,True,-1.2025089605736925,-1.1513227513229098,-2.7344632768359696,-1.1179245283018224
BB3.0|ヒゲ0.5|trend|TP20/SL20|TR0-0|both,1249,0.715320321614218,0.946455717578538,0.0948828278403137,6,11,45.07272727272619,-0.7273681988134254,0.4708460098138769,1.041765647375958,52.842273819055244,0.3969575660528335,495.79999999998904,0.3969575660528335,-0.7071295715239407,0.5442100391435718,1.1040871375767742,2.028788626013379,3.0,0.5,trend,both,False,0.5906077348066355,0.7744274809160575,0.5879679144384581,-0.5609561752988187
BB3.0|ヒゲ0.5|trend|TP20/SL20|TR0-0|long,823,1.8335645366278581,1.4200284503487848,1.1878282359311327,9,11,93.4181818181788,0.6614826191547578,1.5487952202086326,1.1370590196732229,55.1640340218712,1.2486026731469833,1027.5999999999672,1.2486026731469833,-0.2602881647094229,0.5886212661950332,1.508890837856406,2.563432421682929,3.0,0.5,trend,long,False,0.6669724770642302,2.1112582781457423,2.483703703703556,-0.5826086956521863
BB3.0|ヒゲ0.5|trend|TP20/SL20|TR0-0|short,468,-1.0475934704544454,0.40197156302992615,-1.86374289835716,5,11,-40.318181818179546,-1.933781995937946,-1.390946714298432,0.9063100745716918,48.93162393162393,-0.9476495726495188,-443.49999999997476,-0.9476495726495188,-1.4832931465680979,0.7127931690278279,0.5356435739185791,0.7514712502774662,3.0,0.5,trend,short,False,0.4739393939393964,-0.0829268292682772,-4.504545454545222,-0.2285714285714611
BB3.0|ヒゲ0.5|trend|TP20/SL20|TR5-3|both,1436,-1.7754304344529686,-1.3234135318504947,-1.190339064062746,3,11,-63.50909090909667,-4.7219094351013755,-2.07039283955336,0.8780824069387837,80.71030640668523,-0.4864902506964226,-698.6000000000629,-0.4864902506964226,-0.9157828232135291,0.1734345830374865,0.4292925725171065,2.4752420480309762,3.0,0.5,trend,both,True,-0.20981308411231303,-1.3983388704320692,-0.1236966824643542,-0.47614035087713263
BB3.0|ヒゲ0.5|trend|TP20/SL20|TR5-3|long,950,-0.10880706504635128,-0.5375339821796451,0.3587867142912074,6,11,-3.118181818187727,-2.5394635799958576,-0.4450037960153677,0.9901541464534646,82.21052631578948,-0.03610526315796296,-34.30000000006481,-0.03610526315796296,-0.733502484271023,0.23039213002820907,0.6973972211130601,3.027001056970441,3.0,0.5,trend,long,True,0.06498054474689889,-0.8087209302327569,0.7550488599348768,-0.6714953271027612
BB3.0|ヒゲ0.5|trend|TP20/SL20|TR5-3|short,511,-2.67178895183207,-1.655992841868123,-2.1075477559390654,1,11,-58.290909090909615,-4.389083021185307,-3.076760238494591,0.722279972279966,78.27788649706457,-1.2547945205479558,-641.2000000000054,-1.2547945205479558,-1.04731222472371,0.49245699759295414,-0.2074822958242457,-0.4213206368035865,3.0,0.5,trend,short,True,-0.7614130434784165,-1.6985507246378218,-2.405172413792805,0.16849315068503956
BB3.0|ヒゲ0.5|trend|TP15/SL15|TR0-0|both,1326,-0.6376105776164631,0.605129072478622,-1.4204757634007519,4,11,-30.972727272724963,-2.6270926498789837,-0.9146190250186075,0.9659030634201056,51.65912518853696,-0.2569381598793167,-340.6999999999739,-0.2569381598793167,-0.6273199250146726,0.4541396494063141,0.3703817651353559,0.8155679990054758,3.0,0.5,trend,both,False,0.6358778625954706,-0.4438405797101333,-0.8063613231552144,-0.5727272727272641
BB3.0|ヒゲ0.5|trend|TP15/SL15|TR0-0|long,866,0.2551736972311299,0.5937776817739765,-0.1776131474814653,6,11,10.145454545457296,-1.3348744278598834,-0.0707883031210027,1.0174866812911352,53.002309468822176,0.12886836027717186,111.60000000003083,0.12886836027717186,-0.23197974894522516,0.5275042087113877,0.360848109222397,0.684066787076247,3.0,0.5,trend,long,False,0.668103448275926,0.05723270440254228,0.5209219858156513,-1.0331606217616671
BB3.0|ヒゲ0.5|trend|TP15/SL15|TR0-0|short,486,-1.2606559236289188,-0.12461820590810405,-1.6329480047003204,3,11,-37.46363636363656,-2.4524410459518866,-1.5922025301459772,0.8910624124349071,49.58847736625515,-0.8479423868312795,-412.10000000000184,-0.8479423868312795,-0.9265601461843092,0.6779136845001461,0.07861775935302961,0.11597016132075538,3.0,0.5,trend,short,False,0.3125714285714545,-0.7444444444444377,-3.8530973451328463,0.8666666666667299
BB3.0|ヒゲ0.5|trend|TP15/SL15|TR5-3|both,1458,-2.6257432421158424,-2.0051419282581544,-1.7253651382180244,3,11,-81.32727272729844,-6.0688865401793075,-2.9608481011432586,0.8388456549934699,75.85733882030178,-0.613580246913774,-894.6000000002825,-0.613580246913774,-1.0772462988095763,0.29137698276056195,0.46366605189580234,1.5912926529163025,3.0,0.5,trend,both,True,-0.4619266055047916,-1.2830618892510564,-0.42240566037747945,-0.4130584192442193
BB3.0|ヒゲ0.5|trend|TP15/SL15|TR5-3|long,958,-1.0942669810009533,-1.110320660857529,-0.48648222117510526,4,11,-27.445454545473073,-3.8932708050477927,-1.4515046266505651,0.9120850320325589,77.24425887265136,-0.3151356993739077,-301.90000000020353,-0.3151356993739077,-0.9207460823381997,0.2660596888967146,0.605610382964292,2.276219992121363,3.0,0.5,trend,long,True,-0.1135135135137363,-1.0166666666669335,0.278827361563392,-0.8311926605507379
BB3.0|ヒゲ0.5|trend|TP15/SL15|TR5-3|short,515,-2.8845885408330805,-2.481791487406529,-1.593253917068071,1,11,-54.82727272728025,-4.860505316183077,-3.3535073888429667,0.7233993762612086,73.20388349514563,-1.1710679611652088,-603.1000000000826,-1.1710679611652088,-0.9425589331694942,0.34788706360944516,-0.2285090279957146,-0.6568483048057512,3.0,0.5,trend,short,True,-1.09946236559159,-1.448550724637874,-2.2008474576272326,0.8356164383560707
BB3.0|ヒゲ0.5|trend|TP30/SL30|TR0-0|both,1116,1.2245146451530526,0.5186212594012464,1.1797453890437195,8,11,104.68181818182056,0.275269193041952,0.9572881453025257,1.077764121126989,52.956989247311824,1.0318100358423177,1151.5000000000266,1.0318100358423177,-0.3314609295342237,0.5526942710189517,1.3632709653765414,2.4665914536497793,3.0,0.5,trend,both,False,0.29254658385090077,1.4763157894736634,1.685672514619959,0.6437500000000659
BB3.0|ヒゲ0.5|trend|TP30/SL30|TR0-0|long,752,2.1818184001252194,0.6667760782307043,2.323264478153694,8,11,151.01818181818632,1.3939600952677262,1.9042870386634907,1.1721290242360838,55.58510638297872,2.2090425531915554,1661.2000000000496,2.2090425531915554,0.6599460947679475,1.2016604409930776,1.549096458423608,1.2891299451810214,3.0,0.5,trend,long,False,0.4628712871286925,1.6729927007298893,3.5875000000001367,2.72000000000015
BB3.0|ヒゲ0.5|trend|TP30/SL30|TR0-0|short,445,-0.8736243839413961,0.10597018837020317,-1.2892486270653147,4,11,-46.64545454545649,-1.4814773264599121,-1.2493736636929471,0.9181893555279157,48.08988764044943,-1.1530337078652169,-513.1000000000215,-1.1530337078652169,-0.8794201632630765,0.9298151932802078,-0.2736135446021404,-0.294266588220488,3.0,0.5,trend,short,False,-1.3064102564102882,1.6339130434782407,-2.479245283018937,-3.447058823529513
BB3.0|ヒゲ0.5|trend|TP30/SL30|TR5-3|both,1411,-0.945160203108792,-0.9653330062741196,-0.3836908469163626,4,11,-41.68181818183819,-3.2899781196583673,-1.210069383141184,0.9233251948225331,85.75478384124735,-0.32494684620851855,-458.50000000021964,-0.32494684620851855,-0.6748354652312639,0.18334054084280405,0.3498886190227454,1.9084083499172146,3.0,0.5,trend,both,True,-0.3229314420804685,-1.2266435986160118,0.1726618705034262,-0.13971631205703167
BB3.0|ヒゲ0.5|trend|TP30/SL30|TR5-3|long,942,-0.13211154494675403,-1.0183743619889938,0.8167645981777892,4,11,-4.700000000014816,-2.0715268706992696,-0.448049838729042,0.9865259317174453,86.30573248407643,-0.054883227176393226,-51.70000000016242,-0.054883227176393226,-0.7817191258576528,0.15971536924642848,0.7268358986812595,4.550820012567531,3.0,0.5,trend,long,True,-0.28164062500011133,-1.118343195266396,0.7324590163932819,-0.0660377358493592
BB3.0|ヒゲ0.5|trend|TP30/SL30|TR5-3|short,510,-1.358400730729713,-0.6060530952101123,-1.3054103997287039,2,11,-36.23636363636976,-2.7626020432197116,-1.7485341569348083,0.8264541971438247,84.90196078431373,-0.7815686274511124,-398.6000000000673,-0.7815686274511124,-1.1946736887152076,0.5415766572164744,0.4131050612640952,0.7627822502308705,3.0,0.5,trend,short,True,-0.38478260869573927,-1.3449275362319426,-1.079130434782829,-0.2479452054796973
BB3.0|ヒゲ0.5|trend|TP20/SL10|TR0-0|both,1349,0.0013397464214995386,0.00028387270886353906,0.0015534107799461975,6,11,0.06363636366423138,-2.064066860650156,-0.33558642845110687,1.0000756405130915,36.100815418828766,0.0005189028912583427,0.7000000003075044,0.0005189028912583427,-0.6071813743712114,0.21348107306780506,0.6077002772624698,2.8466236773573566,3.0,0.5,trend,both,False,-0.24427860696471593,0.4732142857147414,-0.3749999999999639,0.43595505617970504
BB3.0|ヒゲ0.5|trend|TP20/SL10|TR0-0|long,872,0.9485768548714646,0.395982410354224,0.9086003042527446,5,11,36.38181818183254,-0.7080099842207475,0.5544834360311567,1.068317997917373,37.61467889908257,0.4589449541286222,400.2000000001585,0.4589449541286222,-0.1330727350775285,0.35077448122245336,0.5920176892061507,1.6877444651702194,3.0,0.5,trend,long,False,0.21120689655218514,0.5408805031451038,0.5286713286713127,0.5846153846153055
BB3.0|ヒゲ0.5|trend|TP20/SL10|TR0-0|short,491,-1.2008502874381057,-0.617480118406487,-1.0809196341300473,3,11,-33.69999999998605,-2.4688544434148016,-1.6141133327416137,0.893562650740822,33.604887983706725,-0.7549898167002981,-370.69999999984634,-0.7549898167002981,-1.0078107177301403,0.4147350196485301,0.2528209010298422,0.609596221809523,3.0,0.5,trend,short,False,-0.4639999999995491,0.09212598425243486,-2.782758620689482,0.29589041095884167
BB3.0|ヒゲ0.5|trend|TP20/SL10|TR5-3|both,1490,-3.735703595294083,-3.112286712650117,-2.213498584782584,1,11,-100.3636363636243,-7.770851068768029,-4.162508490873458,0.7930724246513864,66.84563758389261,-0.7409395973153471,-1103.9999999998672,-0.7409395973153471,-1.0828534876585674,0.20289974296508523,0.3419138903432203,1.6851371290404071,3.0,0.5,trend,both,True,-0.9552106430154019,-0.9929712460062945,-0.8626728110597782,0.04109589041093529
BB3.0|ヒゲ0.5|trend|TP20/SL10|TR5-3|long,970,-1.6998026501166268,-1.8338262585836467,-0.6582141251002468,2,11,-36.390909090904415,-5.02408466272949,-2.1964132599256563,0.8772688251165168,68.8659793814433,-0.4126804123710809,-400.29999999994845,-0.4126804123710809,-0.9420098531410334,0.256225626080767,0.5293294407699525,2.065872367516816,3.0,0.5,trend,long,True,-0.39693486590031,-0.9931818181817395,-0.2949206349205424,-0.13302752293582865
BB3.0|ヒゲ0.5|trend|TP20/SL10|TR5-3|short,524,-3.9284982622691746,-3.657645398066841,-1.9216052385685471,1,11,-62.618181818174456,-6.2894096406655775,-4.391944849505953,0.6695451928612766,63.167938931297705,-1.3145038167937384,-688.7999999999189,-1.3145038167937384,-1.0893165867088237,0.3504871979670746,-0.2251872300849147,-0.6424977328446364,3.0,0.5,trend,short,True,-1.702094240837518,-0.8799999999998851,-2.365546218487168,0.5540540540541051
BB3.0|ヒゲ0.5|trend|TP10/SL20|TR0-0|both,1354,-0.5050668868084829,0.9795524108489018,-1.5882220159712976,5,11,-23.263636363668013,-2.653333511953266,-0.728860513947786,0.9707245083570315,68.38995568685377,-0.1889955686856332,-255.90000000034735,-0.1889955686856332,-0.8644514006930455,0.1850800205562727,0.6754558320074123,3.649534023052711,3.0,0.5,trend,both,False,0.93101736972656,-0.38292682926876215,-0.649624060150424,-0.9886792452830085
BB3.0|ヒゲ0.5|trend|TP10/SL20|TR0-0|long,891,0.9172860272092748,1.4847556324143476,-0.10981164700189258,8,11,33.66363636361541,-0.8535692691174314,0.6517856447842421,1.0685880457129746,70.59483726150393,0.4156004489335242,370.2999999997701,0.4156004489335242,-0.612976550443544,0.4059181559577967,1.0285769993770684,2.5339516951392773,3.0,0.5,trend,long,False,0.9687242798349059,0.6926380368093319,0.7172413793102242,-0.9538461538461452
BB3.0|ヒゲ0.5|trend|TP10/SL20|TR0-0|short,495,-2.104788549532032,-0.6527490204277798,-2.290678768507079,4,11,-59.61818181819374,-3.3835499204125137,-2.4025047844175282,0.8160448807853745,64.24242424242425,-1.324848484848749,-655.8000000001307,-1.324848484848749,-1.1669976005761589,0.4170424829977263,-0.1578508842725901,-0.3785007300406148,3.0,0.5,trend,short,False,0.1819209039543203,-1.2000000000004571,-4.192857142857,-0.7999999999999999
BB3.0|ヒゲ0.5|trend|TP10/SL20|TR5-3|both,1436,-2.768000000411109,-1.9912607965570674,-1.9242267668767448,2,11,-95.5363636363757,-5.817263702466563,-3.0062446879670963,0.8166000593357617,80.71030640668523,-0.7318245125349112,-1050.9000000001324,-0.7318245125349112,-1.226531627657955,0.2039872074770083,0.4947071151230438,2.425186957759608,3.0,0.5,trend,both,True,-0.44883177570117033,-1.573089700996904,-0.4175355450236285,-0.7336842105262886
BB3.0|ヒゲ0.5|trend|TP10/SL20|TR5-3|long,950,-0.9555000604143141,-0.9958388083763392,-0.36412161239911567,5,11,-26.31818181819167,-3.483516431278146,-1.2106080090762437,0.9168986996583764,82.21052631578948,-0.3047368421053771,-289.50000000010823,-0.3047368421053771,-1.175981407463469,0.35488524488544043,0.8712445653580918,2.4550036326230917,3.0,0.5,trend,long,True,-0.1081712062259386,-1.0779069767444474,0.3677524429967358,-0.8841121495326866
BB3.0|ヒゲ0.5|trend|TP10/SL20|TR5-3|short,511,-3.191835051343511,-2.1222502023604686,-2.3801883370965577,1,11,-67.33636363636651,-4.96640600474071,-3.49584344611739,0.6791839916839735,78.27788649706457,-1.4495107632094548,-740.7000000000314,-1.4495107632094548,-1.4864315500543277,0.410220879828306,0.03692078684487288,0.09000221261366734,3.0,0.5,trend,short,True,-1.0603260869567375,-1.7818840579711925,-2.449137931034223,-0.21369863013695115
BB3.0|ヒゲ0.5|range|TP20/SL20|TR0-0|both,1757,-0.9492504857862961,-0.13650635086023213,-1.1506036119891552,4,11,-69.83636363636187,-2.6863488580591284,-1.1719389027359248,0.9563577280112713,50.825270347182695,-0.43722253841774567,-768.1999999999791,-0.43722253841774567,-0.8351695932869629,0.26742657461792313,0.3979470548692173,1.4880609955752189,3.0,0.5,range,both,False,0.04434306569343488,0.3084057971014652,-1.8441814595660129,0.10112044817921922
BB3.0|ヒゲ0.5|range|TP20/SL20|TR0-0|long,1142,-0.4046787828058398,-0.28191586983803507,-0.29028144248430165,5,11,-24.272727272727526,-1.791331990006377,-0.6744511179548501,0.9763649883152743,51.40105078809106,-0.23380035026269871,-267.00000000000193,-0.23380035026269871,-0.21474629760535002,0.39235876294302274,-0.01905405265734869,-0.04856283192052899,3.0,0.5,range,long,False,0.2124637681159488,-0.6977578475336346,-0.4540540540540366,-0.13900414937763328
BB3.0|ヒゲ0.5|range|TP20/SL20|TR0-0|short,998,-2.475672261594483,-0.6481573053354721,-2.7633585934105103,3,11,-139.4545454545421,-3.7621091567023024,-2.6786304485331236,0.8541617150734432,47.89579158316633,-1.5370741482965558,-1533.9999999999627,-1.5370741482965558,-1.461722840236315,0.2792730467635738,-0.07535130806024082,-0.2698123178497477,3.0,0.5,range,short,False,-0.7628654970760288,-0.034977578475328536,-5.088095238095051,0.09337016574580331
BB3.0|ヒゲ0.5|range|TP20/SL20|TR5-3|both,2325,-5.47587623999275,-3.5564281404883595,-4.191386665270419,0,11,-249.91818181819028,-9.188220008942045,-5.797263573694903,0.7300675542987181,78.79569892473118,-1.1824086021505777,-2749.100000000093,-1.1824086021505777,-1.198644179303384,0.23906452224043456,0.016235577152806213,0.06791295086636734,3.0,0.5,range,both,True,-0.9176470588237016,-1.7463157894738315,-1.2426771653542512,-0.9509635974302879
BB3.0|ヒゲ0.5|range|TP20/SL20|TR5-3|long,1358,-3.5734336159844884,-2.8536183454201036,-2.1911408583234286,1,11,-122.84545454546027,-6.445521990370697,-3.8448856239546783,0.766409099552268,79.30780559646539,-0.9950662739322993,-1351.3000000000625,-0.9950662739322993,-1.1459953932158355,0.2783949615211587,0.15092911928353625,0.5421402688427077,3.0,0.5,range,long,True,-1.0224096385544021,-1.5681647940076566,-0.7298701298700312,-0.7810996563573179
BB3.0|ヒゲ0.5|range|TP20/SL20|TR5-3|short,1153,-5.07432956244561,-3.192018518908449,-3.983441700155775,0,11,-168.08181818182337,-7.584578657179602,-5.353280376472112,0.6590003688675622,77.27666955767563,-1.6035559410234665,-1848.900000000057,-1.6035559410234665,-1.3763907329013922,0.32907642848488283,-0.2271652081220743,-0.6903113941280357,3.0,0.5,range,short,True,-1.3493796526056314,-2.0213235294119074,-1.8422382671479682,-1.2189054726366242
BB3.0|ヒゲ0.5|range|TP15/SL15|TR0-0|both,1972,-3.2498862307476784,-2.6230469163052565,-1.9968297086952909,3,11,-195.19090909091108,-5.63352771635217,-3.5221463368642003,0.8638620296103763,48.93509127789047,-1.0887931034482863,-2147.1000000000204,-1.0887931034482863,-0.9486586812436402,0.2042274700488624,-0.14013442220464611,-0.6861683306908629,3.0,0.5,range,both,False,-1.2028846153846329,-0.8882653061224535,-1.9737967914438894,0.14936708860763118
BB3.0|ヒゲ0.5|range|TP15/SL15|TR0-0|long,1236,-1.574127491421466,-1.1719680612618155,-1.058962224806508,4,11,-74.0181818181813,-3.4864722809569706,-1.8738235777719663,0.915401639599767,50.323624595469255,-0.6587378640776647,-814.1999999999935,-0.6587378640776647,-0.7364599780378815,0.3602906270159499,0.07772211396021689,0.2157206103415401,3.0,0.5,range,long,False,-0.5496021220159033,-0.856275303643729,-0.8307042253521153,-0.39143968871593793
BB3.0|ヒゲ0.5|range|TP15/SL15|TR0-0|short,1057,-3.055813955351091,-1.7424617193633003,-2.555822168595173,2,11,-135.6636363636385,-4.774012362827244,-3.248963692237672,0.8264121533593928,47.87133396404919,-1.4118259224219705,-1492.3000000000227,-1.4118259224219705,-1.0807640448820066,0.3421044709248726,-0.33106187753996386,-0.9677215753566292,3.0,0.5,range,short,False,-0.9964673913043594,-0.6815126050420124,-3.6400000000000947,0.006451612903256192
BB3.0|ヒゲ0.5|range|TP15/SL15|TR5-3|both,2384,-7.16306687330396,-5.194054549011473,-4.9307891727116155,0,11,-283.0545454545929,-11.525033979505112,-7.483105902263281,0.68776887516166,73.44798657718121,-1.3060402684565953,-3113.600000000523,-1.3060402684565953,-1.2041372080985542,0.14813557387867649,-0.10190306035804109,-0.687904044179827,3.0,0.5,range,both,True,-1.2723821989531117,-1.8016260162603934,-1.3061349693253557,-0.8476890756304621
BB3.0|ヒゲ0.5|range|TP15/SL15|TR5-3|long,1385,-4.479467280793146,-3.875532404437294,-2.4736289978218484,1,11,-133.4454545454829,-7.841261423028436,-4.773358713806668,0.7356659223510303,74.51263537906138,-1.059855595668095,-1467.9000000003116,-1.059855595668095,-1.2951601547561424,0.34414558936835776,0.23530455908804737,0.6837355071727742,3.0,0.5,range,long,True,-1.1214622641511844,-1.6613138686133877,-0.7063938618927431,-0.8817567567570226
BB3.0|ヒゲ0.5|range|TP15/SL15|TR5-3|short,1169,-5.83020346043351,-4.28448741353807,-3.9559159269420388,0,11,-169.37272727275052,-8.706755314196593,-6.133898806769286,0.6379306994188957,72.11291702309667,-1.5937553464501757,-1863.1000000002555,-1.5937553464501757,-1.2755030274296035,0.23214281744986068,-0.31825231902057216,-1.3709333009594828,3.0,0.5,range,short,True,-1.6186274509806264,-1.8221818181820333,-1.8187279151946008,-0.920689655172556
BB3.0|ヒゲ0.5|range|TP30/SL30|TR0-0|both,1497,0.6833785508551926,0.6791833361545473,0.32711814229734965,7,11,69.01818181818352,-0.3949394759725302,0.4510017682840369,1.0372761686854652,51.77020708082832,0.5071476285905276,759.2000000000198,0.5071476285905276,-0.9617555190943884,0.4193708101705986,1.468903147684916,3.502635643828838,3.0,0.5,range,both,False,0.5997830802602829,0.993594306049764,-0.2578366445915671,1.0605960264901506
BB3.0|ヒゲ0.5|range|TP30/SL30|TR0-0|long,1031,1.90851721388114,0.28894149977151723,2.275970241323536,9,11,155.72727272727641,0.9901215001653535,1.6953446683374416,1.1277957655063346,54.02521823472357,1.661493695441359,1713.0000000000412,1.661493695441359,0.40185638375272853,0.9703153846297241,1.2596373116886306,1.298173080260201,3.0,0.5,range,long,False,1.1101973684210253,-0.5336734693878175,2.809235668789912,2.7557603686637284
BB3.0|ヒゲ0.5|range|TP30/SL30|TR0-0|short,910,-2.0350150067954322,-0.6760439070807224,-2.1306025054432642,1,11,-157.37272727272943,-2.8914812573249717,-2.2582623164753897,0.8705980848725858,47.69230769230769,-1.9023076923077187,-1731.100000000024,-1.9023076923077187,-2.2232543648997423,0.8731246982759289,0.3209466725920236,0.36758400400969593,3.0,0.5,range,short,False,-1.6300000000000117,0.5995024875621553,-4.9914163090129575,-1.1042168674698427
BB3.0|ヒゲ0.5|range|TP30/SL30|TR5-3|both,2243,-4.257878607792303,-3.053143041074039,-2.9665035491755103,1,11,-246.84545454548635,-7.090512244687457,-4.54267074166677,0.7495572772550894,83.77173428444048,-1.2105662059742976,-2715.3000000003494,-1.2105662059742976,-0.9461747287402289,0.23563158849565516,-0.26439147723406875,-1.1220544703790591,3.0,0.5,range,both,True,-0.9747222222223044,-2.004231625835242,-1.0896607431343386,-0.9650549450551895
BB3.0|ヒゲ0.5|range|TP30/SL30|TR5-3|long,1331,-2.798948489050539,-2.538384156360963,-1.4219549429712206,2,11,-122.40000000001838,-5.016798470653799,-3.0737994994398234,0.7847757281242703,84.14725770097671,-1.0115702479340358,-1346.4000000002018,-1.0115702479340358,-1.0286457311560242,0.35839624323590663,0.017075483221988375,0.047644146790759755,3.0,0.5,range,long,True,-1.467980295566587,-1.3188461538462264,-0.8576315789475649,-0.286315789473944
BB3.0|ヒゲ0.5|range|TP30/SL30|TR5-3|short,1123,-4.036004355880619,-2.283498433498074,-3.4028161462444917,2,11,-164.53636363637935,-6.032105141586484,-4.2982027007286,0.6845270258492696,82.72484416740873,-1.6116651825469033,-1809.9000000001724,-1.6116651825469033,-1.2725583727546481,0.2881251625874189,-0.33910680979225516,-1.1769427104075583,3.0,0.5,range,short,True,-0.8480916030535268,-2.6057251908397303,-1.489667896679281,-1.9807106598986903
BB3.0|ヒゲ0.5|range|TP20/SL10|TR0-0|both,2017,-1.4787933877368553,-1.5532396395272137,-0.5712983268351849,4,11,-83.58181818177174,-4.05730933779257,-1.780473067514775,0.9352867891858738,34.55627169062965,-0.4558254833909208,-919.3999999994874,-0.4558254833909208,-0.5737500580564627,0.25836998310134973,0.1179245746655419,0.4564174725331159,3.0,0.5,range,both,False,-0.9061128526641082,0.41910669975232223,-0.6260869565216749,-0.37456359102246795
BB3.0|ヒゲ0.5|range|TP20/SL10|TR0-0|long,1269,-0.6065986889246231,-1.5306699747476058,0.5830547763374483,5,11,-27.46363636361048,-2.6409109019299444,-0.9736193463489605,0.9658265650098716,35.30338849487786,-0.2380614657208153,-302.0999999997146,-0.2380614657208153,-0.3254589113915272,0.284653335606813,0.08739744567071192,0.3070311664692122,3.0,0.5,range,long,False,-0.9481958762881921,-0.19028340080925024,0.12391304347827375,0.25263157894730853
BB3.0|ヒゲ0.5|range|TP20/SL10|TR0-0|short,1095,-2.5457196364401162,-0.9259140717766869,-2.6335810515046396,2,11,-108.7545454545144,-4.385342365350729,-2.8215146095358046,0.8493950876839951,32.42009132420091,-1.092511415524802,-1196.2999999996582,-1.092511415524802,-0.7103140754344563,0.19621353989461038,-0.38219734009034556,-1.9478642518535176,3.0,0.5,range,short,False,-0.7405835543761934,-0.13849206349160084,-2.697810218977917,-0.74479166666667
BB3.0|ヒゲ0.5|range|TP20/SL10|TR5-3|both,2468,-8.34702977457199,-6.811391554670772,-4.989066243019156,0,11,-280.2818181817933,-13.590835155639184,-8.792561254632046,0.6715599066804564,64.74878444084278,-1.249230145866988,-3083.0999999997266,-1.249230145866988,-1.0904579482724135,0.1438030585343873,-0.15877219759457462,-1.1040947196307913,3.0,0.5,range,both,True,-1.2245024875620685,-1.9025291828792317,-1.4049698795179433,-0.3864197530863868
BB3.0|ヒゲ0.5|range|TP20/SL10|TR5-3|long,1416,-4.884904192687011,-4.8329220336210685,-2.0989705344583562,0,11,-123.51818181817048,-8.919376931554908,-5.235314894372352,0.7341304007514193,66.52542372881356,-0.9595338983049968,-1358.6999999998754,-0.9595338983049968,-1.0350404385774583,0.10680360559964075,0.07550654027246151,0.7069662100688058,3.0,0.5,range,long,True,-1.1461187214610944,-1.6666666666665468,-0.8793969849244991,-0.13853820598006203
BB3.0|ヒゲ0.5|range|TP20/SL10|TR5-3|short,1200,-6.9433878291471105,-4.899068418011404,-4.9149126875704,0,11,-166.2272727272583,-10.477857204615981,-7.266842840631968,0.62038324994292,62.83333333333333,-1.5237499999998678,-1828.4999999998413,-1.5237499999998678,-1.163761664430893,0.2736203409799219,-0.3599883355689748,-1.315649027699262,3.0,0.5,range,short,True,-1.394562647753993,-2.026315789473522,-1.8269230769229474,-0.6728155339805134
BB3.0|ヒゲ0.5|range|TP10/SL20|TR0-0|both,2060,-3.560652756453108,-0.9814958402709044,-4.0205564374727,3,11,-202.95454545459054,-6.207227906655443,-3.7581919944284365,0.8472041612483379,65.4368932038835,-1.08373786407791,-2232.5000000004948,-1.08373786407791,-1.0362842842171498,0.2035738465770357,-0.047453579860760264,-0.23310253580536952,3.0,0.5,range,both,False,-0.3241691842905059,-0.5546341463419349,-2.51297577854669,-0.8243902439024376
BB3.0|ヒゲ0.5|range|TP10/SL20|TR0-0|long,1261,-1.6911375606639063,-0.7264871601382741,-1.642698579220627,4,11,-74.46363636366506,-3.779797998901374,-1.8934481062737536,0.9045026348924672,66.9310071371927,-0.6495638382238821,-819.1000000003153,-0.6495638382238821,-0.8524061164596388,0.23477289293647996,0.20284227823575673,0.8639936054740257,3.0,0.5,range,long,False,-0.11589743589791217,-0.8700819672135893,-1.241988950276265,-0.4226415094339841
BB3.0|ヒゲ0.5|range|TP10/SL20|TR0-0|short,1076,-3.684421184626064,-1.242657477670795,-3.9431304343783458,1,11,-155.47272727275228,-5.538951992819109,-3.9382189836888526,0.7858663260961737,63.56877323420075,-1.5894052044612217,-1710.2000000002745,-1.5894052044612217,-1.4228280946344627,0.3575490423434323,-0.166577109826759,-0.4658860466664561,3.0,0.5,range,short,False,-0.44627659574515394,-1.2528225806456277,-3.9804597701148774,-1.0094240837696216
BB3.0|ヒゲ0.5|range|TP10/SL20|TR5-3|both,2325,-6.6527581503408335,-4.522480549116957,-4.882839201930435,0,11,-292.17272727274377,-10.506156090276788,-6.877703513754205,0.684429126899942,78.79569892473118,-1.3823225806452393,-3213.900000000181,-1.3823225806452393,-1.591010423725506,0.24461384780777076,0.20868784308026678,0.853131762369658,3.0,0.5,range,both,True,-1.1612299465243034,-1.9269473684212455,-1.419685039370003,-1.13169164882218
BB3.0|ヒゲ0.5|range|TP10/SL20|TR5-3|long,1358,-4.521490786734826,-3.5726149203793356,-2.8111657930430445,0,11,-150.55454545455584,-7.484591295876884,-4.7427328299097855,0.7137202025963902,79.30780559646539,-1.2195139911635597,-1656.100000000114,-1.2195139911635597,-1.4342695551332665,0.18566152991403573,0.21475556396970674,1.156704698432368,3.0,0.5,range,long,True,-1.291084337349657,-1.7468164794009589,-0.9989610389609443,-0.9254295532645596
BB3.0|ヒゲ0.5|range|TP10/SL20|TR5-3|short,1153,-5.780702133403353,-3.7326090705025794,-4.4378005027588685,0,11,-186.49090909091848,-8.353753639933982,-5.975586977474445,0.6216525267428761,77.27666955767563,-1.7791847354727697,-2051.4000000001033,-1.7791847354727697,-1.4863203788415074,0.18634481023950422,-0.2928643566312623,-1.5716260423612078,3.0,0.5,range,short,True,-1.562034739454323,-2.1569852941178365,-1.961010830324882,-1.4527363184077962
BB3.0|ヒゲ0.5|none|TP20/SL20|TR0-0|both,2868,-1.5358428094013203,-0.003353035871657875,-2.0387698978085242,3,11,-145.50909090908812,-3.7325999833958954,-1.8053947969675945,0.9448388519754071,50.557880055788004,-0.5580892608089145,-1600.5999999999667,-0.5580892608089145,-0.9068365385315269,0.3535349754335359,0.3487472777226124,0.986457640562854,3.0,0.5,none,both,False,0.12090909090909889,-0.01003861003860217,-1.869536423841006,-0.014184397163168038
BB3.0|ヒゲ0.5|none|TP20/SL20|TR0-0|long,1865,-0.9732991149495737,-0.989952166588528,-0.4177588872226506,4,11,-75.45454545454608,-2.718968616232858,-1.184288223776652,0.955597639720317,50.93833780160858,-0.4450402144772147,-830.0000000000055,-0.4450402144772147,-0.3713677487085367,0.35361987386491595,-0.07367246576867797,-0.20833802400150483,3.0,0.5,none,long,False,-0.40541958041957965,-0.7421828908554577,-0.46273830155977747,-0.21087533156502375
BB3.0|ヒゲ0.5|none|TP20/SL20|TR0-0|short,1515,-2.992476544353389,-0.4457355186896136,-3.688513142769715,1,11,-212.709090909085,-4.531182045236876,-3.242072878755644,0.8542906962261814,47.92079207920792,-1.5444224422441803,-2339.7999999999333,-1.5444224422441803,-1.3454310686313058,0.36888239495621283,-0.19899137361287456,-0.5394439429306331,3.0,0.5,none,short,False,-0.4157258064516116,-0.28050314465408344,-4.415492957746322,-0.5941818181818278
BB3.0|ヒゲ0.5|none|TP20/SL20|TR5-3|both,3822,-4.71177191447716,-3.5613480478622916,-3.103963718343123,0,11,-272.1363636363734,-9.540205025431714,-4.97230834744743,0.8140544636867246,79.61800104657247,-0.7832286760858466,-2993.5000000001055,-0.7832286760858466,-0.9194201539017579,0.1671559007651406,0.13619147781591134,0.8147572247973748,3.0,0.5,none,both,True,-0.5151712887440469,-1.6123834886819073,-0.7897482014387386,-0.3721691678034314
BB3.0|ヒゲ0.5|none|TP20/SL20|TR5-3|long,2246,-2.9160007046836283,-3.347493173407169,-0.8096955197723,3,11,-130.2363636363703,-6.559209053458401,-3.1707675225266985,0.8466823630136884,79.83081032947462,-0.6378450578807092,-1432.600000000073,-0.6378450578807092,-0.9259939505114089,0.13842839315775604,0.28814889263069965,2.08157362848472,3.0,0.5,none,long,True,-0.9187410586553821,-1.3909090909092723,-0.1085843373492807,-0.26784140969154274
BB3.0|ヒゲ0.5|none|TP20/SL20|TR5-3|short,1794,-4.74605632979986,-2.929944463420589,-3.7719691738435013,1,11,-193.9363636363697,-7.913162823489105,-5.045254824747475,0.7335306902495569,78.42809364548495,-1.1891304347826455,-2133.300000000066,-1.1891304347826455,-1.1563304174310922,0.14729643560510614,-0.032800017351553246,-0.22268031956651238,3.0,0.5,none,short,True,-0.5472402597404371,-2.114285714285834,-1.6753112033194149,-0.5259868421051046
BB3.0|ヒゲ0.5|none|TP15/SL15|TR0-0|both,3275,-4.815972491648489,-3.4734291291723807,-3.342489266815795,1,11,-383.53636363636946,-7.785257700259589,-5.114116538821693,0.8412712148175492,48.335877862595424,-1.288213740458034,-4218.9000000000615,-1.288213740458034,-0.6867948474068204,0.2249948642395517,-0.6014188930512137,-2.6730338716126596,3.0,0.5,none,both,False,-1.2607594936709052,-1.1478688524590304,-2.2206586826347827,0.0018867924528604247
BB3.0|ヒゲ0.5|none|TP15/SL15|TR0-0|long,2049,-3.0626059266224557,-2.6367508069544505,-1.7381637449080092,1,11,-189.05454545454722,-5.454274694578636,-3.298197370982158,0.8727287192700109,49.24353343094192,-1.0149341142020585,-2079.6000000000176,-1.0149341142020585,-0.5861153168274399,0.19500238903075953,-0.4288187973746186,-2.1990438143143827,3.0,0.5,none,long,False,-1.1053797468354531,-1.252564102564121,-0.9640650406504158,-0.7271844660194149
BB3.0|ヒゲ0.5|none|TP15/SL15|TR0-0|short,1657,-4.051350894671039,-1.850610362505372,-3.859374236304042,1,11,-230.27272727273137,-6.139074959137499,-4.289124853764392,0.8140398790121313,47.55582377791189,-1.5286662643331583,-2533.000000000043,-1.5286662643331583,-1.2134025137334608,0.2978757810750544,-0.3152637505996976,-1.058373223435248,3.0,0.5,none,short,False,-0.8320855614973302,-1.1500000000000135,-3.603904555314632,-0.016027874564430597
BB3.0|ヒゲ0.5|none|TP15/SL15|TR5-3|both,3951,-8.200475456427442,-6.702739963359872,-4.882610841842568,0,11,-420.06363636370554,-13.76197995201072,-8.49540761583978,0.7207175625116745,73.44975955454315,-1.169501392052837,-4620.700000000759,-1.169501392052837,-1.1142905706348207,0.18578939264217473,-0.055210821418016254,-0.29716885680524713,3.0,0.5,none,both,True,-1.1703616352203459,-1.7975979772442257,-1.0890158172233402,-0.6277333333335153
BB3.0|ヒゲ0.5|none|TP15/SL15|TR5-3|long,2316,-5.2178788180646425,-5.100742340344253,-2.3117864045514946,1,11,-205.40909090913172,-9.425875042435758,-5.496582971197946,0.761444740064998,74.05008635578584,-0.9756044905010571,-2259.5000000004484,-0.9756044905010571,-1.020821813403032,0.1854960393969128,0.04521732290197489,0.24376435771343716,3.0,0.5,none,long,True,-1.327045769764433,-1.5670353982303524,-0.45843195266282527,-0.6092077087796645
BB3.0|ヒゲ0.5|none|TP15/SL15|TR5-3|short,1832,-6.478388253613041,-4.775610949116439,-4.38730250889555,0,11,-236.254545454579,-10.05139831556805,-6.818880088910292,0.6721377657225414,72.59825327510917,-1.4185589519652666,-2598.8000000003685,-1.4185589519652666,-1.2448291999029473,0.13988398828437798,-0.17372975206231933,-1.2419559535944487,3.0,0.5,none,short,True,-1.1431962025318767,-1.9762500000002021,-1.7791075050711953,-0.6798045602607254
BB3.0|ヒゲ0.5|none|TP30/SL30|TR0-0|both,2316,-1.3805958719954694,-0.9542958041952051,-1.0020867156991347,2,11,-173.9090909090911,-2.717000768368828,-1.626381525357023,0.943210998008081,49.78411053540587,-0.8259930915371332,-1913.0000000000005,-0.8259930915371332,-0.8580293962887005,0.49687812690462746,0.03203630475156727,0.06447517613854721,3.0,0.5,none,both,False,-0.04894217207336084,-1.9696202531645624,-1.5581456953642543,0.16652078774622642
BB3.0|ヒゲ0.5|none|TP30/SL30|TR0-0|long,1618,0.4786760106880428,-0.4851387151497288,1.0291588825279567,6,11,50.74545454545698,-0.6306906003697124,0.1883999796111836,1.0247711266824355,51.977750309023484,0.34499381953030106,558.2000000000271,0.34499381953030106,0.2690740766018458,0.6046197074664392,0.07591974292845527,0.12556610707676835,3.0,0.5,none,long,False,-0.25544354838711364,-0.7954385964912462,1.188235294117683,0.9345565749236157
BB3.0|ヒゲ0.5|none|TP30/SL30|TR0-0|short,1331,-2.958877952852866,-0.934249869421304,-3.1078604441133124,2,11,-281.62727272727733,-3.972255894951086,-3.246635453450302,0.8462008191634594,47.107438016528924,-2.327498121713036,-3097.9000000000506,-2.327498121713036,-1.706297665052594,0.7162433035049386,-0.6212004566604419,-0.8673036852429834,3.0,0.5,none,short,False,-1.6420187793427279,0.1327272727272563,-5.45246753246765,-1.3702040816326504
BB3.0|ヒゲ0.5|none|TP30/SL30|TR5-3|both,3642,-3.579701316856451,-3.0959512364615933,-1.9883902595617056,1,11,-259.08181818186586,-7.27594533824003,-3.903584025281973,0.8304095307237012,84.56891817682592,-0.7825096101044814,-2849.9000000005212,-0.7825096101044814,-0.8564161215419357,0.25364940880483267,0.0739065114374543,0.2913726934578457,3.0,0.5,none,both,True,-0.5790239726028282,-1.8805797101449877,-0.6181395348839126,-0.2983074753175905
BB3.0|ヒゲ0.5|none|TP30/SL30|TR5-3|long,2176,-2.0770434790055785,-3.017044336139893,0.05797613736741601,4,11,-115.13636363639098,-4.940632045684192,-2.369132038384197,0.8711466069793177,84.88051470588235,-0.5820312500001379,-1266.5000000003001,-0.5820312500001379,-0.8158797433599606,0.15090947453073214,0.23384849335982272,1.5495945107952804,3.0,0.5,none,long,True,-1.2729569093611401,-1.2240786240787107,0.06205837173563321,0.10786516853906897
BB3.0|ヒゲ0.5|none|TP30/SL30|TR5-3|short,1738,-3.851123106103474,-2.0690304532340917,-3.3421798942111054,3,11,-195.80909090911334,-6.335472308274095,-4.102205814506732,0.7479315147046512,83.4867663981588,-1.239298043728565,-2153.900000000246,-1.239298043728565,-1.173024641061035,0.23015001668740961,-0.06627340266753001,-0.287957409786082,3.0,0.5,none,short,True,-0.21189279732004074,-2.7336898395722073,-1.590445859872858,-0.8645270270272293
BB3.0|ヒゲ0.5|none|TP20/SL10|TR0-0|both,3353,-2.7860986478597423,-1.9303017947679781,-2.008366311833556,1,11,-202.71818181810556,-6.093091435568902,-3.053280622855413,0.9066671131220508,33.88010736653743,-0.6650462272589197,-2229.899999999158,-0.6650462272589197,-0.6938115843825402,0.17750575480673791,0.028765357123620494,0.1620530959964606,3.0,0.5,none,both,False,-0.8811498586234674,-0.0600638977631168,-1.177906976744108,-0.06593059936913061
BB3.0|ヒゲ0.5|none|TP20/SL10|TR0-0|long,2116,-1.456614023183193,-1.9245985599100635,-0.2299220551643389,3,11,-86.53636363631891,-4.024279724596814,-1.7573204023035014,0.9361586543620859,34.593572778827976,-0.4498582230621486,-951.8999999995065,-0.4498582230621486,-0.4418824492487303,0.21175406226301727,-0.007975773813418296,-0.03766526945542929,3.0,0.5,none,long,False,-0.8676248108921167,-0.6216624685133851,-0.29999999999996624,0.14449760765544312
BB3.0|ヒゲ0.5|none|TP20/SL10|TR0-0|short,1713,-3.566475560458486,-1.4474282080631637,-3.60302285810178,0,11,-190.13636363631684,-5.851215176556016,-3.8337807382656424,0.8329806348572892,32.04903677758319,-1.2209573847048942,-2091.499999999484,-1.2209573847048942,-1.0911412606506414,0.3039819357426873,-0.1298161240542528,-0.4270521001094576,3.0,0.5,none,short,False,-0.8994827586202191,-0.29180327868806283,-2.6526315789472097,-0.6952054794520607
BB3.0|ヒゲ0.5|none|TP20/SL10|TR5-3|both,4117,-9.03499863262347,-7.881667905893743,-4.9689508553252875,0,11,-400.045454545409,-15.633304870556074,-9.426762692917178,0.7155002424438516,65.19310177313578,-1.068860820986033,-4400.499999999498,-1.068860820986033,-0.9744161986642583,0.07075982033664355,-0.09444462232177475,-1.334721058821935,3.0,0.5,none,both,True,-1.1217616580309682,-1.6601918465226482,-1.0581335616436778,-0.34620418848161827
BB3.0|ヒゲ0.5|none|TP20/SL10|TR5-3|long,2392,-5.613800979281981,-5.849496115045728,-2.174426937703297,1,11,-190.29090909088444,-10.62554093647761,-6.007183598306224,0.7613662273701676,66.01170568561872,-0.8750836120400202,-2093.1999999997283,-0.8750836120400202,-0.9888232195087934,0.16018979719554502,0.11373960746877321,0.7100302856987223,3.0,0.5,none,long,True,-1.1928286852588321,-1.5553418803417824,-0.5762247838615145,-0.14088050314461734
BB3.0|ヒゲ0.5|none|TP20/SL10|TR5-3|short,1895,-7.6092536692996955,-5.691779705163309,-5.082224804767245,0,11,-229.70909090906878,-11.995826611156586,-7.94143503899237,0.6579442541728299,63.90501319261214,-1.33340369393127,-2526.7999999997564,-1.33340369393127,-1.1291546073324574,0.1483329697043771,-0.20424908659881247,-1.3769635099052788,3.0,0.5,none,short,True,-1.1016616314198393,-1.8362559241704455,-1.610399999999845,-0.6990353697748306
BB3.0|ヒゲ0.5|none|TP10/SL20|TR0-0|both,3397,-4.130381566291782,-1.3990174993141051,-4.361339781555163,2,11,-304.04545454552823,-7.492520809243368,-4.323985688276404,0.8600393371275162,65.85222254930821,-0.9845451869298818,-3344.5000000008085,-0.9845451869298818,-0.794438918145236,0.20588064413942903,-0.19010626878464576,-0.9233809694897771,3.0,0.5,none,both,False,-0.3186219739297104,-0.790387596899697,-2.1392961876832675,-0.4641221374045997
BB3.0|ヒゲ0.5|none|TP10/SL20|TR0-0|long,2071,-2.722218848769144,-2.0712182109470043,-1.7911368048027174,3,11,-155.96363636368216,-5.338918668103159,-2.9135469170052706,0.8805059482349945,66.44133268952197,-0.8283920811204746,-1715.6000000005029,-0.8283920811204746,-0.9046121785664564,0.20831275286682358,0.0762200974459818,0.3658926128959088,3.0,0.5,none,long,False,-0.5865740740745443,-0.9738341968916648,-1.2472843450479345,-0.4350364963503857
BB3.0|ヒゲ0.5|none|TP10/SL20|TR0-0|short,1675,-3.4915947422887514,-0.6275215877912623,-4.312347235565606,2,11,-185.15454545458394,-5.779057932633163,-3.7053749907450566,0.830568680952977,64.95522388059702,-1.2159402985077146,-2036.700000000422,-1.2159402985077146,-1.2684562925545957,0.29412345475134544,0.05251599404688112,0.17855085406663201,3.0,0.5,none,short,False,0.06366843033461883,-1.150833333333801,-3.2893013100436206,-0.5241379310344987
BB3.0|ヒゲ0.5|none|TP10/SL20|TR5-3|both,3822,-6.418714266872598,-4.840460179335343,-4.2459488354046915,0,11,-356.59090909093624,-11.415423049777623,-6.624806660762123,0.7563482992520956,79.61800104657247,-1.0262951334380686,-3922.5000000002983,-1.0262951334380686,-1.1090919282962206,0.12150701044172732,0.08279679485815206,0.6814157846296447,3.0,0.5,none,both,True,-0.8030179445353093,-1.7444740346207015,-1.075809352517906,-0.588813096862144
BB3.0|ヒゲ0.5|none|TP10/SL20|TR5-3|long,2246,-4.277547206801449,-4.320609167743544,-1.775768112060076,1,11,-184.75454545456347,-8.024159028039591,-4.477415357755624,0.7825021404109342,79.83081032947462,-0.9048530721283163,-2032.3000000001985,-0.9048530721283163,-1.118502478895332,0.18604837541244162,0.2136494067670156,1.1483540573433473,3.0,0.5,none,long,True,-1.2144492131619002,-1.5347319347321537,-0.46475903614450575,-0.47665198237881923
BB3.0|ヒゲ0.5|none|TP10/SL20|TR5-3|short,1794,-5.815101557151326,-3.713565202462096,-4.496729544289792,0,11,-229.40000000001325,-9.08584570557193,-6.0313338073091725,0.6848035174498261,78.42809364548495,-1.406577480490605,-2523.4000000001456,-1.406577480490605,-1.4633630344245332,0.1868782035843286,0.056785553933928146,0.3038639758130151,3.0,0.5,none,short,True,-0.8238636363638728,-2.206887755102215,-1.9215767634854073,-0.7388157894735696
