label,n,t,t1,t2,wy,ny,ann,tc2,tt3,pf,win,avg,tot,real,pbo,psd,delta,z,pv,sigtype,mafilt,bbfilt,dirn,trail,e16-19,e20-21,e22-24,e25-26
P40|reversal|MA1|BB1|TP20/SL20|TR0-0|both,336,1.5243191111491985,1.2396126023697194,0.9141124906041128,7,11,51.05454545454441,0.7951480282724036,1.2302327387985414,1.1881091944397915,56.25,1.6714285714285384,561.5999999999889,1.6714285714285384,-0.9708657760400566,0.9978616936256437,2.642294347468595,2.647956489709559,40,reversal,True,True,both,False,2.286363636363658,1.3465753424658025,2.1213483146065912,0.35937499999994005
P40|reversal|MA1|BB1|TP20/SL20|TR0-0|long,195,1.9516825903815125,1.7135367399671826,1.058979304783218,7,11,49.51818181818069,1.3933875764515788,1.5784909043775899,1.334356393100484,58.97435897435898,2.79333333333327,544.6999999999877,2.79333333333327,-0.6169206688875961,0.9143860670372295,3.4102540022208663,3.7295559558017817,40,reversal,True,True,long,False,4.361904761904797,2.36562500000006,4.463157894736518,-1.3999999999999564
P40|reversal|MA1|BB1|TP20/SL20|TR0-0|short,147,-0.006640057273717249,-0.5619992446909412,0.5562785503195125,5,11,-0.14545454545471548,-0.4954017090876594,-0.5049025962708227,0.9988722864392433,52.38095238095239,-0.010884353741508644,-1.6000000000017707,-0.010884353741508644,-0.6849915636348543,0.9144408716340373,0.6741072098933456,0.7371796589633691,40,reversal,True,True,short,False,-0.38800000000002266,-0.4418604651162549,-2.049999999999841,4.654545454545144
P40|reversal|MA1|BB1|TP20/SL20|TR5-3|both,353,-0.5705289300996499,-0.27911253855626605,-0.5093870292178703,5,11,-9.645454545456312,-2.087448678103191,-0.9140850112154222,0.916377679697335,82.71954674220963,-0.30056657223801503,-106.1000000000193,-0.30056657223801503,-0.7211501696744258,0.4246828645548986,0.42058359743641077,0.9903474628702427,40,reversal,True,True,both,True,0.4870689655171271,-1.5615384615386179,-0.04999999999987883,-0.5402985074627618
P40|reversal|MA1|BB1|TP20/SL20|TR5-3|long,202,-0.07081176982125754,-0.6544724693941323,0.5165769902550597,6,11,-0.8909090909105092,-1.2368599625649646,-0.502100486849969,0.9852764423076685,84.15841584158416,-0.04851485148522569,-9.80000000001559,-0.04851485148522569,-1.077168204373262,0.8876191660771107,1.0286533528880364,1.1588904253095786,40,reversal,True,True,long,True,0.6892307692306652,-2.5294117647060315,1.8491525423728854,-1.7659090909091815
P40|reversal|MA1|BB1|TP20/SL20|TR5-3|short,153,-0.7030464090658277,-0.5876917041683517,-0.4187986197739849,6,11,-8.054545454545773,-1.6744941384880432,-1.168219727440675,0.8531167108753234,81.04575163398692,-0.5790849673202841,-88.60000000000348,-0.5790849673202841,-1.1009499198351067,0.8133966895444376,0.5218649525148226,0.6415872589881152,40,reversal,True,True,short,True,0.3365384615383402,-0.7533333333334896,-3.4454545454542154,1.8043478260869108
P40|reversal|MA1|BB1|TP15/SL15|TR0-0|both,342,1.1382462825573143,1.3348869720505985,0.29038466441527067,6,11,28.854545454547203,0.15711874504712603,0.8451907385700689,1.1334566707311977,55.84795321637427,0.9280701754386532,317.4000000000194,0.9280701754386532,-0.6504255954449835,0.5905531595918904,1.5784957708836367,2.6729105504650543,40,reversal,True,True,both,False,1.1115044247788093,1.400000000000083,2.402247191011357,-1.9538461538461982
P40|reversal|MA1|BB1|TP15/SL15|TR0-0|long,195,1.882563884586986,1.5292061927714882,1.1452785638512153,8,11,35.5636363636381,1.132600650276853,1.510113338289839,1.3134113122897004,59.48717948717949,2.0061538461539454,391.2000000000194,2.0061538461539454,-0.7845927473612601,1.2538516319450967,2.7907465935152054,2.2257390925798193,40,reversal,True,True,long,False,2.6476190476191546,2.012500000000106,4.726315789473894,-2.5441860465116943
P40|reversal|MA1|BB1|TP15/SL15|TR0-0|short,149,-0.24424915682250456,-0.46304277258156185,0.09815620713018097,6,11,-4.1272727272726115,-0.8877172833857812,-0.7299941872981516,0.9598265640208857,51.67785234899329,-0.3046979865771724,-45.399999999998684,-0.3046979865771724,-1.2351961695643938,0.9213517979895492,0.9304981829872214,1.009927136428919,40,reversal,True,True,short,False,-0.8240000000000299,1.2454545454546229,-1.7375000000000362,-0.14782608695649774
P40|reversal|MA1|BB1|TP15/SL15|TR5-3|both,355,-0.7096505182936849,-0.1929907079645622,-0.761658552915931,3,11,-10.381818181824839,-2.469372724379966,-1.0220250417496535,0.9048967355096025,78.59154929577464,-0.32169014084527664,-114.2000000000732,-0.32169014084527664,-1.0369712497831949,0.5288778267302086,0.7152811089379183,1.352450552446393,40,reversal,True,True,both,True,0.46410256410240547,-1.513924050633118,0.460869565217295,-1.3626865671646173
P40|reversal|MA1|BB1|TP15/SL15|TR5-3|long,202,-0.1260479064962829,-0.8178081771028779,0.6012654759810482,6,11,-1.3363636363673088,-1.5096389738620062,-0.5029929288789357,0.9761441090554372,80.6930693069307,-0.07277227722792291,-14.70000000004043,-0.07277227722792291,-0.8554304554192204,0.6075474629362493,0.7826581781912975,1.288225572383672,40,reversal,True,True,long,True,0.8646153846152435,-3.117647058823771,2.1033898305084398,-2.0227272727277494
P40|reversal|MA1|BB1|TP15/SL15|TR5-3|short,153,-0.9000168040033897,-0.5285323683990292,-0.7275679094425836,4,11,-9.045454545457527,-2.007891025885199,-1.3453818659091534,0.8297981525829131,75.81699346405229,-0.6503267973858352,-99.50000000003278,-0.6503267973858352,-1.0870383660928478,0.802197972537946,0.43671156870701255,0.5443937577221376,40,reversal,True,True,short,True,-0.036538461538642306,-0.3022222222224036,-2.4757575757577834,-0.10000000000036542
P40|reversal|MA1|BB1|TP30/SL30|TR0-0|both,317,1.051586931094789,1.1828211311068995,0.32566269636633843,8,11,47.218181818181456,0.5382258293333636,0.7675147519155673,1.1290723391565787,53.94321766561514,1.6384858044163912,519.399999999996,1.6384858044163912,-0.42174728379970433,1.96023607682155,2.0602330882160955,1.0510127390149286,40,reversal,True,True,both,False,0.24174757281549986,5.928787878787817,1.4574712643678787,-0.38688524590167006
P40|reversal|MA1|BB1|TP30/SL30|TR0-0|long,191,1.4671775524304704,1.442358048267474,0.646272193755302,7,11,51.53636363636365,1.0717674652919649,1.2492317347505477,1.241532103446803,54.973821989528794,2.968062827225132,566.9000000000002,2.968062827225132,0.23992973705787804,2.2617421728468963,2.7281330901672542,1.2062087018226764,40,reversal,True,True,long,False,3.5258064516128367,6.1999999999998945,3.8839285714287826,-1.6487804878049799
P40|reversal|MA1|BB1|TP30/SL30|TR0-0|short,140,0.18909185907557433,0.04857416901342782,0.21408624637131304,5,11,5.618181818181157,-0.15366279651063233,-0.17247958417248702,1.0342041177772814,53.57142857142857,0.44142857142852016,61.79999999999282,0.44142857142852016,-0.7803556482215824,1.6980335026605806,1.2217842196501025,0.7195289243326105,40,reversal,True,True,short,False,-1.9714285714286255,4.510256410256366,-2.925806451613107,3.4857142857144474
P40|reversal|MA1|BB1|TP30/SL30|TR5-3|both,352,-0.4106675247346749,-0.4670506451482557,-0.1409592554701143,6,11,-8.472727272732053,-1.6519347171302639,-0.8179115342821023,0.9319459656808682,86.64772727272727,-0.2647727272728763,-93.20000000005247,-0.2647727272728763,-1.0784822333568245,0.495189891245013,0.8137095060839481,1.6432272153983372,40,reversal,True,True,both,True,-0.08620689655179495,-0.5051948051949109,-0.24565217391314578,-0.32388059701532446
P40|reversal|MA1|BB1|TP30/SL30|TR5-3|long,202,0.1660900845473563,-0.6145973531908975,0.8566673157539919,6,11,2.472727272724606,-0.820544779958842,-0.3879892655746044,1.039471774778654,88.11881188118812,0.13465346534638964,27.199999999970707,0.13465346534638964,-0.716732528527583,0.8683550638049883,0.8513859938739726,0.9804583739551653,40,reversal,True,True,long,True,0.6323076923076225,-2.405882352941237,1.7864406779660469,-0.8522727272731707
P40|reversal|MA1|BB1|TP30/SL30|TR5-3|short,153,-0.7031458818097721,-0.49396973380585435,-0.5032314605485673,7,11,-10.118181818183848,-1.4760504727939148,-1.2149535428521474,0.83641975308639,84.9673202614379,-0.7274509803923027,-111.30000000002231,-0.7274509803923027,-1.1302267393359533,1.213120357470713,0.4027757589436506,0.33201632176333695,40,reversal,True,True,short,True,-0.8711538461539122,1.0266666666665465,-3.878787878788068,0.6869565217388154
P40|reversal|MA1|BB1|TP20/SL10|TR0-0|both,347,1.3158889271449317,1.694315832856728,0.15892258100534468,6,11,32.65454545455288,0.2986283767070822,0.985213030637467,1.1588747843779468,39.481268011527376,1.035158501441158,359.20000000008184,1.035158501441158,-0.5081258220893807,0.6813391028796142,1.5432843235305387,2.265075227603987,40,reversal,True,True,both,False,2.2434782608700106,0.8467532467536905,0.9977528089887256,-0.8000000000000006
P40|reversal|MA1|BB1|TP20/SL10|TR0-0|long,198,2.2784888481555057,2.613612949741704,0.6098986957227744,8,11,43.51818181818499,1.523950381954089,1.9549709062160547,1.4016950574809597,43.93939393939394,2.417676767676945,478.70000000003506,2.417676767676945,-0.09919255476967385,0.5429876750888751,2.5168693224466185,4.635223666973035,40,reversal,True,True,long,False,4.430769230769655,3.051515151515584,2.88421052631563,-1.7302325581394822
P40|reversal|MA1|BB1|TP20/SL10|TR0-0|short,149,-0.6998035497227569,-0.6747903729125005,-0.32281964860815243,4,11,-10.863636363632109,-1.3986200886056468,-1.2000867401701887,0.8882341937897873,33.557046979865774,-0.8020134228184775,-119.49999999995316,-0.8020134228184775,-0.8713338052838381,1.4641917875782786,0.06932038246536054,0.04734378587112143,40,reversal,True,True,short,False,-0.5999999999995286,-0.8068181818177305,-2.362499999999823,0.9391304347825091
P40|reversal|MA1|BB1|TP20/SL10|TR5-3|both,355,-1.3045075826508596,-0.4629501134774167,-1.3022481524043013,4,11,-16.76363636363448,-3.3055088172151414,-1.7940462962969301,0.8419067215363609,69.57746478873239,-0.5194366197182514,-184.39999999997923,-0.5194366197182514,-0.975880372487774,0.1443416524952168,0.45644375276952265,3.1622455810851156,40,reversal,True,True,both,True,0.14700854700863528,-1.2708860759492593,-0.4673913043477209,-0.8686567164180266
P40|reversal|MA1|BB1|TP20/SL10|TR5-3|long,202,-0.41682606153302587,-0.7654146096131049,0.14733367948150375,5,11,-3.87272727272665,-1.991794535827699,-1.0395885785904233,0.9282828282828367,72.77227722772277,-0.2108910891088771,-42.59999999999317,-0.2108910891088771,-0.5872373094965868,0.5939631017875688,0.3763462203877097,0.6336188548666952,40,reversal,True,True,long,True,0.35076923076934696,-1.929411764705758,0.7847457627118923,-1.047727272727422
P40|reversal|MA1|BB1|TP20/SL10|TR5-3|short,153,-1.4769327912235988,-1.065144940693329,-1.0280730171162813,5,11,-12.890909090907826,-2.7503247083592797,-2.1700629535657465,0.7522711390636035,65.359477124183,-0.926797385620824,-141.79999999998608,-0.926797385620824,-1.2624966214554638,0.6730486571179011,0.3356992358346398,0.49877409647046334,40,reversal,True,True,short,True,-0.10769230769225441,-0.7733333333332381,-2.706060606060363,-0.5260869565217909
P40|reversal|MA1|BB1|TP10/SL20|TR0-0|both,345,0.7165396071462458,0.44313490390439697,0.5672930045267082,7,11,16.545454545444827,-0.3702728080799343,0.5029889111600103,1.0880758807587567,71.01449275362319,0.5275362318837484,181.99999999989322,0.5275362318837484,-0.7326124883565382,0.6733286721391035,1.2601487202402866,1.871520956083616,40,reversal,True,True,both,False,0.849122807017054,0.12105263157846462,1.1101123595504212,-0.3454545454545717
P40|reversal|MA1|BB1|TP10/SL20|TR0-0|long,199,0.8225592813923397,0.4277547870583948,0.7298978867714502,7,11,14.436363636358129,-0.002073294225131247,0.5435525203906397,1.1379430159832722,71.85929648241206,0.7979899497484398,158.79999999993953,0.7979899497484398,-1.0557211503787016,1.0218274608879694,1.8537111001271414,1.8141136063384555,40,reversal,True,True,long,False,1.4769230769225796,-0.8000000000004744,2.8842105263155298,-1.7090909090908577
P40|reversal|MA1|BB1|TP10/SL20|TR0-0|short,150,0.15615694789081122,-0.1849310225384899,0.4054120556706206,5,11,2.390909090904633,-0.5574645118770167,-0.17476500755323102,1.0280982905982392,70.0,0.1753333333330071,26.299999999951066,0.1753333333330071,-0.9157210790299484,1.0381740640899288,1.0910544123629555,1.0509359173014807,40,reversal,True,True,short,False,0.3039215686269535,0.3363636363631514,-2.0499999999999297,2.6782608695650194
P40|reversal|MA1|BB1|TP10/SL20|TR5-3|both,353,-0.9174253700982876,-0.37431094489722394,-0.8876267052402883,5,11,-15.036363636366598,-2.4811165259855956,-1.1326890159299394,0.869640605296315,82.71954674220963,-0.4685552407932931,-165.40000000003246,-0.4685552407932931,-1.3712083439759177,0.6112896656796284,0.9026531031826246,1.476637270121457,40,reversal,True,True,both,True,0.3637931034481241,-1.5628205128207118,-0.3413043478259822,-0.8104477611941647
P40|reversal|MA1|BB1|TP10/SL20|TR5-3|long,202,-0.32007144819986216,-0.6983941023451892,0.2353335974290332,5,11,-3.9000000000020942,-1.5237405524674592,-0.5679424746857464,0.9355468749999644,84.15841584158416,-0.21237623762387642,-42.900000000023034,-0.21237623762387642,-0.8880337264675167,0.482168989648277,0.6756574888436402,1.4012877297158934,40,reversal,True,True,long,True,0.6153846153844645,-2.4911764705884107,1.5050847457626868,-1.9772727272728579
P40|reversal|MA1|BB1|TP10/SL20|TR5-3|short,153,-0.9359662936912075,-0.6873686201698593,-0.6377933457589888,6,11,-10.436363636364472,-1.934521731549744,-1.2309744380043637,0.8096816976127134,81.04575163398692,-0.7503267973856811,-114.8000000000092,-0.7503267973856811,-1.0429367603291797,0.543632362556727,0.2926099629434986,0.5382497126685781,40,reversal,True,True,short,True,0.15384615384600744,-0.7844444444446546,-3.642424242423906,1.4217391304346396
P40|reversal|MA0|BB1|TP20/SL20|TR0-0|both,341,1.551848637287271,1.2710673412989109,0.9197622042707471,7,11,52.5090909090899,0.8191230481222014,1.260978919069127,1.19080968583793,56.30498533724341,1.693841642228707,577.5999999999891,1.693841642228707,-0.9099135078560293,1.0812623281932012,2.6037551500847362,2.408069792309914,40,reversal,False,True,both,False,2.3814159292035635,1.2893333333333814,2.1213483146065912,0.35937499999994005
P40|reversal|MA0|BB1|TP20/SL20|TR0-0|long,198,2.000769373339864,1.8074247704024566,1.0408210769443274,7,11,51.118181818180716,1.4378185039598854,1.6310663463746393,1.3408085338505358,59.09090909090909,2.839898989898929,562.2999999999879,2.839898989898929,-1.1511489628207092,1.1690940574063262,3.9910479527196383,3.413795431972266,40,reversal,False,True,long,False,4.818461538461583,1.6636363636364133,4.463157894736518,-1.3999999999999564
P40|reversal|MA0|BB1|TP20/SL20|TR0-0|short,149,-0.013189450986689551,-0.6792325282500695,0.6655923820888221,4,11,-0.2909090909092604,-0.5052187236590066,-0.5080353025069778,0.9977771603223108,52.348993288590606,-0.021476510067125844,-3.2000000000017508,-0.021476510067125844,-0.24500465347428851,1.2352486079948264,0.22352814340716268,0.1809580208878073,40,reversal,False,True,short,False,-0.7882352941176745,0.00454545454548497,-2.049999999999841,4.654545454545144
P40|reversal|MA0|BB1|TP20/SL20|TR5-3|both,358,-0.586388518447991,-0.14966656031954678,-0.6367238191870158,5,11,-9.972727272729253,-2.114807933739332,-0.9280726160974204,0.9149348635235551,82.68156424581005,-0.3064245810056471,-109.70000000002167,-0.3064245810056471,-1.2455777260121845,0.5271902302460296,0.9391531450065373,1.7814312389064049,40,reversal,False,True,both,True,0.3949579831931554,-1.4487500000001667,-0.04999999999987883,-0.5402985074627618
P40|reversal|MA0|BB1|TP20/SL20|TR5-3|long,205,0.03316945805533277,-0.310833594411416,0.324349216964292,6,11,0.4181818181803294,-1.1478576253465163,-0.3938601533119051,1.006911057692283,84.39024390243902,0.02243902439016407,4.599999999983634,0.02243902439016407,-0.7415006347491848,0.4717365355669946,0.7639396591393489,1.6194201668546755,40,reversal,False,True,long,True,0.8477611940297434,-2.3885714285715838,1.8491525423728854,-1.7659090909091815
P40|reversal|MA0|BB1|TP20/SL20|TR5-3|short,155,-0.8349823720487185,-0.798187016792184,-0.40521948280127085,6,11,-9.69090909090955,-1.8065989503392972,-1.298507636694246,0.8291666666666562,80.64516129032258,-0.6877419354839034,-106.60000000000502,-0.6877419354839034,-1.2628255567149598,0.6817164030932954,0.5750836212310564,0.8435819038849709,40,reversal,False,True,short,True,-0.0754716981133411,-0.6608695652175611,-3.4454545454542154,1.8043478260869108
P40|reversal|MA0|BB1|TP15/SL15|TR0-0|both,347,1.1658538921732327,1.2249118873708034,0.4300679713755492,6,11,29.854545454547257,0.18033496661369194,0.8760429568602156,1.1362712145732219,55.907780979827095,0.9463976945245535,328.40000000002004,0.9463976945245535,-1.0313221260022816,0.6287441600118637,1.977719820526835,3.1455080560740596,40,reversal,False,True,both,False,1.1913793103448789,1.3428571428572234,2.402247191011357,-1.9538461538461982
P40|reversal|MA0|BB1|TP15/SL15|TR0-0|long,198,1.929550534758001,1.718905792652121,1.035580034690617,7,11,36.70909090909271,1.1734034021341642,1.5605745939547626,1.3194620253164593,59.59595959595959,2.0393939393940395,403.80000000001985,2.0393939393940395,-0.10970075796023107,1.0215380447076752,2.1490946973542706,2.1037833181917946,40,reversal,False,True,long,False,3.003076923077045,1.4727272727273581,4.726315789473894,-2.5441860465116943
P40|reversal|MA0|BB1|TP15/SL15|TR0-0|short,151,-0.25122577509808497,-0.583489858007247,0.20113672836320975,5,11,-4.272727272727156,-0.8991095681437069,-0.7337979933992184,0.9589842045553738,51.65562913907284,-0.31125827814568635,-46.999999999998636,-0.31125827814568635,-0.9267316554413364,1.1360242550667752,0.61547337729565,0.5417783771346261,40,reversal,False,True,short,False,-1.1176470588235692,1.5333333333334214,-1.7375000000000362,-0.14782608695649774
P40|reversal|MA0|BB1|TP15/SL15|TR5-3|both,360,-0.6974683071138562,-0.2456847040270944,-0.7033995019513959,3,11,-10.25454545455235,-2.4721708153857285,-1.0079742050892646,0.9072825908268354,78.61111111111111,-0.3133333333335439,-112.80000000007581,-0.3133333333335439,-1.23437873808761,0.3118314044663178,0.9210454047540659,2.9536646776497197,40,reversal,False,True,both,True,0.4149999999998327,-1.4037037037039195,0.460869565217295,-1.3626865671646173
P40|reversal|MA0|BB1|TP15/SL15|TR5-3|long,205,-0.002564815376763957,-0.4461953019940282,0.4071407758904233,6,11,-0.027272727276471575,-1.4026756236911069,-0.3753248376692513,0.9995131450826991,80.97560975609757,-0.0014634146343473246,-0.30000000004120153,-0.0014634146343473246,-1.261474920989402,0.35828303040577364,1.2600115063550548,3.516804870518227,40,reversal,False,True,long,True,1.0179104477610508,-2.9600000000002447,2.1033898305084398,-2.0227272727277494
P40|reversal|MA0|BB1|TP15/SL15|TR5-3|short,155,-1.0078082684810892,-0.7119934946486506,-0.7120753681912645,4,11,-10.227272727275876,-2.1195245080819562,-1.4521921384287817,0.8126249167221347,75.48387096774194,-0.7258064516131265,-112.50000000003462,-0.7258064516131265,-1.4320178017313563,0.5985706020874245,0.7062113501182298,1.1798296602863962,40,reversal,False,True,short,True,-0.3471698113209521,-0.21956521739149884,-2.4757575757577834,-0.10000000000036542
P40|reversal|MA0|BB1|TP30/SL30|TR0-0|both,321,1.0330736694104947,1.0698947925350748,0.40637639390098507,8,11,46.56363636363594,0.5152038085196572,0.7497896911621015,1.1261421007265082,53.58255451713395,1.5956386292834743,512.1999999999953,1.5956386292834743,-0.7192398538147828,2.017752518454964,2.314878483098257,1.1472559007736036,40,reversal,False,True,both,False,0.22190476190472813,5.672058823529342,1.4574712643678787,-0.38688524590167006
P40|reversal|MA0|BB1|TP30/SL30|TR0-0|long,194,1.596465864326521,1.6768463540257659,0.6077428984193637,7,11,56.345454545454544,1.196753242364931,1.3802535854906086,1.2634532007140995,55.154639175257735,3.194845360824742,619.8,3.194845360824742,-0.03240531813682933,1.181444539883509,3.227250678961571,2.731614197717465,40,reversal,False,True,long,False,4.328124999999927,5.8454545454544515,3.8839285714287826,-1.6487804878049799
P40|reversal|MA0|BB1|TP30/SL30|TR0-0|short,142,-0.08859871036735732,-0.48170499997889393,0.3347786191303063,4,11,-2.6454545454552143,-0.43465181856895774,-0.45551356927269965,0.9844260101685804,52.112676056338024,-0.20492957746483997,-29.100000000007277,-0.20492957746483997,-1.5387470747815484,2.0109676783250414,1.3338174973167085,0.6632714745707204,40,reversal,False,True,short,False,-3.7480000000000366,4.3949999999999365,-2.925806451613107,3.4857142857144474
P40|reversal|MA0|BB1|TP30/SL30|TR5-3|both,357,-0.4666483566543516,-0.362325196159391,-0.30432913307569814,6,11,-9.70909090909585,-1.7142941734310746,-0.8717277932189863,0.9237306291508584,86.5546218487395,-0.29915966386569826,-106.80000000005427,-0.29915966386569826,-1.1922734944105184,0.6452405438460173,0.8931138305448202,1.3841564034729292,40,reversal,False,True,both,True,-0.24789915966394027,-0.41772151898745935,-0.24565217391314578,-0.32388059701532446
P40|reversal|MA0|BB1|TP30/SL30|TR5-3|long,205,0.2536735221034675,-0.2333670846472745,0.5680897247039933,7,11,3.781818181815443,-0.746244782844113,-0.29495992909149027,1.0603685967203156,88.29268292682927,0.20292682926814593,41.59999999996992,0.20292682926814593,-0.2837575881788772,0.5093764289892406,0.4866844174470231,0.9554513906596632,40,reversal,False,True,long,True,0.7925373134327617,-2.268571428571498,1.7864406779660469,-0.8522727272731707
P40|reversal|MA0|BB1|TP30/SL30|TR5-3|short,155,-0.8644486546941492,-0.7702195999452085,-0.4831330458578959,7,11,-12.663636363638487,-1.6336715545965694,-1.373268126294531,0.8041338582676867,84.51612903225806,-0.8987096774195052,-139.30000000002332,-0.8987096774195052,-1.2247965220883696,1.2321982836524996,0.3260868446688644,0.26463828832992137,40,reversal,False,True,short,True,-1.449056603773654,1.0804347826085612,-3.878787878788068,0.6869565217388154
P40|reversal|MA0|BB1|TP20/SL10|TR0-0|both,352,1.433445714049606,1.8130392528934285,0.20137805836640704,5,11,35.927272727280325,0.411523141792555,1.1082665464990964,1.1731434830230467,39.77272727272727,1.1227272727275106,395.2000000000837,1.1227272727275106,-0.7657232253694976,0.6382750373934286,1.8884504980970083,2.9586782929957818,40,reversal,False,True,both,False,2.42033898305129,0.9316455696206961,0.9977528089887256,-0.8000000000000006
P40|reversal|MA0|BB1|TP20/SL10|TR0-0|long,201,2.390106455632747,2.6433481125841163,0.7344468708811894,8,11,46.02727272727601,1.6303652560809636,2.070987755625084,1.421039501039553,44.27860696517413,2.518905472636996,506.30000000003616,2.518905472636996,0.1253416593734074,0.9846160639652025,2.3935638132635884,2.4309615705682615,40,reversal,False,True,long,False,4.871641791045195,2.64411764705926,2.88421052631563,-1.7302325581394822
P40|reversal|MA0|BB1|TP20/SL10|TR0-0|short,151,-0.6450947056716577,-0.6647538440084633,-0.2549001202118855,4,11,-10.09999999999567,-1.3472171614904107,-1.1378673540569966,0.8971296296296684,33.77483443708609,-0.7357615894036573,-111.09999999995226,-0.7357615894036573,-0.44751164279841715,1.2674881982411055,-0.28824994660524017,-0.2274182489472051,40,reversal,False,True,short,False,-0.7999999999995262,-0.36222222222177414,-2.362499999999823,0.9391304347825091
P40|reversal|MA0|BB1|TP20/SL10|TR5-3|both,360,-1.2542771576690575,-0.4673531329157871,-1.2353736324021558,3,11,-16.181818181816432,-3.274520862287523,-1.7396772916879302,0.848793747876325,69.72222222222221,-0.4944444444443909,-177.99999999998073,-0.4944444444443909,-0.979537892109583,0.49558681759288503,0.4850934476651921,0.9788263739970722,40,reversal,False,True,both,True,0.14750000000008315,-1.1666666666665757,-0.4673913043477209,-0.8686567164180266
P40|reversal|MA0|BB1|TP20/SL10|TR5-3|long,205,-0.2748089002530159,-0.4062087728213401,0.0026507609784362294,6,11,-2.563636363635813,-1.8670732631815024,-0.8856808984834516,0.9525252525252607,73.17073170731707,-0.13756097560972658,-28.19999999999395,-0.13756097560972658,-0.5923616014130854,0.5022642831607012,0.4548006258033588,0.9055006319409015,40,reversal,False,True,long,True,0.519402985074733,-1.805714285714175,0.7847457627118923,-1.047727272727422
P40|reversal|MA0|BB1|TP20/SL10|TR5-3|short,155,-1.5510957426191732,-1.1994422944068146,-1.0100885758376328,4,11,-13.618181818180618,-2.833674017697973,-2.2444581391979987,0.7431412894375953,65.16129032258064,-0.9664516129031406,-149.7999999999868,-0.9664516129031406,-0.9420152913655786,0.4511872584888808,-0.024436321537562034,-0.05416004348040394,40,reversal,False,True,short,True,-0.32264150943390885,-0.6804347826086196,-2.706060606060363,-0.5260869565217909
P40|reversal|MA0|BB1|TP10/SL20|TR0-0|both,350,0.6513795250980378,0.4199452850369936,0.49952320623688184,7,11,15.27272727271734,-0.4342547908031235,0.4405775780088382,1.0796963946868563,70.85714285714285,0.4799999999996885,167.99999999989097,0.4799999999996885,-1.1795360848108078,0.539893107055186,1.6595360848104963,3.0738234349060956,40,reversal,False,True,both,False,0.8068376068371178,-0.030769230769711733,1.1101123595504212,-0.3454545454545717
P40|reversal|MA0|BB1|TP10/SL20|TR0-0|long,202,0.8036000798687064,0.4946393670128566,0.6368919285432205,7,11,14.218181818176184,-0.026735469761096198,0.5265900358070942,1.1334470989760592,71.78217821782178,0.774257425742268,156.39999999993813,0.774257425742268,-0.31292183700160425,0.6955522065616563,1.0871792627438723,1.5630448045275531,40,reversal,False,True,long,False,1.7074626865666647,-1.3882352941181157,2.8842105263155298,-1.7090909090908577
P40|reversal|MA0|BB1|TP10/SL20|TR0-0|short,152,0.0864901851039365,-0.3538584957177395,0.48129786471988667,5,11,1.3363636363591007,-0.6302205082892581,-0.24264986777441216,1.0153637123745307,69.73684210526315,0.09671052631546208,14.699999999950236,0.09671052631546208,-1.2463536398244757,1.3478109214647045,1.3430641661399378,0.9964781741643641,40,reversal,False,True,short,False,-0.1019230769235698,0.5333333333328463,-2.0499999999999297,2.6782608695650194
P40|reversal|MA0|BB1|TP10/SL20|TR5-3|both,358,-0.9194051718182545,-0.22508949997662753,-1.0164810039706176,5,11,-15.172727272730443,-2.493324954296564,-1.1331330806660713,0.8705800248138666,82.68156424581005,-0.4662011173185329,-166.9000000000348,-0.4662011173185329,-1.1197963760288985,0.47498443315852223,0.6535952587103655,1.3760351141702223,40,reversal,False,True,both,True,0.2924369747897581,-1.4500000000002082,-0.3413043478259822,-0.8104477611941647
P40|reversal|MA0|BB1|TP10/SL20|TR5-3|long,205,-0.1963146741313457,-0.32856150349372554,0.03966541411823844,5,11,-2.400000000002157,-1.4139389363352612,-0.44191691891887314,0.9603365384615021,84.39024390243902,-0.1287804878049939,-26.400000000023752,-0.1287804878049939,-1.3020492986770646,0.6422603296592961,1.1732688108720708,1.8267807564799496,40,reversal,False,True,long,True,0.8074626865670127,-2.3514285714287526,1.5050847457626868,-1.9772727272728579
P40|reversal|MA0|BB1|TP10/SL20|TR5-3|short,155,-1.0682234990114257,-0.8980869732421757,-0.6236607162817389,6,11,-12.072727272728253,-2.0664728428270607,-1.361330016174819,0.7871794871794664,80.64516129032258,-0.8567741935484565,-132.80000000001075,-0.8567741935484565,-1.6072612870376795,0.5486629336221786,0.7504870934892229,1.367847265596449,40,reversal,False,True,short,True,-0.25471698113223373,-0.6913043478263095,-3.642424242423906,1.4217391304346396
P60|breakout|MA1|BB1|TP20/SL20|TR0-0|both,1305,1.1895660772806547,-0.09313392076463917,1.747520547730013,8,11,77.27272727272289,-0.2708874997051453,1.0074776950481188,1.0686757695725912,53.63984674329502,0.6513409961685463,849.9999999999529,0.6513409961685463,-0.20147535592789384,0.4151025820789533,0.8528163520964402,2.0544713256788003,60,breakout,True,True,both,False,-0.49506726457398137,0.9349442379182319,2.346091644204713,-0.23333333333335277
P60|breakout|MA1|BB1|TP20/SL20|TR0-0|long,722,0.7308968699114965,-0.07897250571403637,1.1012912970371296,5,11,35.90909090908917,-0.3375725259801341,0.5215911144031967,1.057471264367814,53.601108033241,0.5470914127423563,394.99999999998124,0.5470914127423563,-0.15792524263000302,0.5688597779064034,0.7050166553723594,1.239350509130843,60,breakout,True,True,long,False,-0.6052863436123261,0.7701986754966951,3.2511415525112537,-2.367199999999889
P60|breakout|MA1|BB1|TP20/SL20|TR0-0|short,605,0.7590199152109502,0.070938016239723,0.9783021018916865,5,11,32.49090909090635,-0.26893555508378825,0.48027204820390856,1.0618938764200563,53.223140495867774,0.5907438016528432,357.3999999999702,0.5907438016528432,-1.3705112171356473,1.0893703250813964,1.9612550187884905,1.80035656712234,60,breakout,True,True,short,False,-0.7480176211453708,0.9937500000000274,1.1607843137253786,2.292783505154463
P60|breakout|MA1|BB1|TP20/SL20|TR5-3|both,1430,-0.06279131483115921,-0.9386682456031976,0.8239608074936875,5,11,-2.363636363638261,-2.8194405270794127,-0.3420011063819485,0.9954898695531464,80.41958041958041,-0.01818181818183261,-26.000000000020634,-0.01818181818183261,-0.9321271690227079,0.23546007228945587,0.9139453508408752,3.8815300698512636,60,breakout,True,True,both,True,0.1688755020078986,-1.2127868852460275,0.9472361809046423,-0.5117903930129407
P60|breakout|MA1|BB1|TP20/SL20|TR5-3|long,791,0.4763104470978716,0.0019573953491669846,0.6701287434195828,6,11,12.527272727272226,-1.710870356575995,0.16769420203641094,1.0465666396323323,81.92161820480405,0.17420986093551802,137.79999999999475,0.17420986093551802,-0.6990498154107052,0.2690351146876191,0.8732596763462233,3.245894787229462,60,breakout,True,True,long,True,0.35708661417308585,-0.4704142011835485,1.1121338912134757,-1.079069767441629
P60|breakout|MA1|BB1|TP20/SL20|TR5-3|short,651,-0.6160125781989165,-0.906867355436974,-0.010261278121815268,6,11,-16.17272727272908,-2.424915126185395,-0.9938144337316912,0.9375175611126647,78.64823348694317,-0.2732718894009519,-177.90000000001967,-0.2732718894009519,-1.2178827018784695,0.38889561212752216,0.9446108124775177,2.4289572394758,60,breakout,True,True,short,True,-0.05823293172704129,-2.074125874126016,0.69937106918256,0.22000000000006678
P60|breakout|MA1|BB1|TP15/SL15|TR0-0|both,1387,0.5250731786607269,-0.36982349437318374,1.1132709151976359,6,11,26.672727272732097,-1.4532670656395466,0.3017761481541026,1.0288090492228277,53.352559480894016,0.21153568853644855,293.40000000005415,0.21153568853644855,-0.615110457168311,0.489396229626869,0.8266461457047596,1.6891142507064683,60,breakout,True,True,both,False,-0.031120331950177396,0.10952380952384526,0.7194805194805773,-0.003539823008819457
P60|breakout|MA1|BB1|TP15/SL15|TR0-0|long,765,0.5047335502988292,0.6514844377052991,0.07005832763643376,6,11,19.35454545454833,-0.9422953738277857,0.3047881252184561,1.0380715652438302,53.59477124183007,0.2783006535948133,212.9000000000322,0.2783006535948133,-0.19937496821240236,0.4573450626779828,0.4776756218072157,1.0444534352468733,60,breakout,True,True,long,False,0.7408163265306726,0.38036809815955636,0.8375545851529003,-1.7375000000000353
P60|breakout|MA1|BB1|TP15/SL15|TR0-0|short,632,0.3697848183278175,-0.8026838956901395,1.283223032968971,7,11,12.0454545454567,-1.04047043601862,0.05818926536142293,1.0285584964221095,53.32278481012658,0.20965189873421536,132.5000000000241,0.20965189873421536,-0.6992182204132177,0.2727790266464126,0.9088701191474331,3.3318914959160253,60,breakout,True,True,short,False,-0.8912500000000031,0.3029411764706302,0.6331210191083347,2.0787878787879874
P60|breakout|MA1|BB1|TP15/SL15|TR5-3|both,1458,-0.8096544673504094,-2.048901525595495,0.9204196082159897,5,11,-25.954545454567086,-4.098885981016239,-1.073178293338908,0.9487036671038274,75.7201646090535,-0.19581618655709035,-285.5000000002377,-0.19581618655709035,-1.097443479319114,0.189925472088527,0.9016272927620236,4.747268930529561,60,breakout,True,True,both,True,0.05372549019589704,-1.7328075709781445,0.7877805486283412,-0.34565217391320974
P60|breakout|MA1|BB1|TP15/SL15|TR5-3|long,803,-0.018714609169347852,-1.1968386702135936,1.2267180508999498,5,11,-0.4272727272841566,-2.5720307482402145,-0.3093681875308391,0.9983776320330943,77.08592777085927,-0.005853051058686798,-4.700000000125499,-0.005853051058686798,-1.0185708256000638,0.3203324172895074,1.0127177745413771,3.1614589091871754,60,breakout,True,True,long,True,0.10775193798431919,-1.3251428571430912,1.0854166666665626,-0.47000000000010794
P60|breakout|MA1|BB1|TP15/SL15|TR5-3|short,659,-1.068484411549497,-1.0565490517408485,-0.4707225583211168,5,11,-22.827272727283116,-3.3131389495853907,-1.4454957062028362,0.9053488635078197,74.35508345978755,-0.3810318664645132,-251.1000000001142,-0.3810318664645132,-1.1867388997456356,0.3324694476047529,0.8057070332811225,2.423401726341378,60,breakout,True,True,short,True,0.011462450592698804,-2.0068965517243638,0.34409937888192504,-0.18400000000024191
P60|breakout|MA1|BB1|TP30/SL30|TR0-0|both,1155,0.04240353612693214,0.13675113365151723,-0.06721707137913512,6,11,3.8454545454541953,-0.8833498160519715,-0.1936067682075257,1.0025882482515551,51.25541125541125,0.03662337662337383,42.29999999999677,0.03662337662337383,0.2978963354056921,0.6489778579275883,-0.26127295878231827,-0.40259148380909876,60,breakout,True,True,both,False,-0.5328947368421157,1.5804347826086809,1.2787965616046273,-2.8826530612245445
P60|breakout|MA1|BB1|TP30/SL30|TR0-0|long,657,-0.1045851866597596,-0.6788460043253053,0.489737208608367,7,11,-7.054545454544816,-0.8131856886101765,-0.34395615172986943,0.9917000909139533,51.598173515981735,-0.11811263318111495,-77.59999999999252,-0.11811263318111495,0.4444789831426392,0.9001635449288882,-0.5625916163237541,-0.6249882251876776,60,breakout,True,True,long,False,-0.8748768472906561,-1.2781021897810232,5.3163366336635365,-6.946086956521948
P60|breakout|MA1|BB1|TP30/SL30|TR0-0|short,557,-0.11483719859547499,0.5349468772687356,-0.6463537831183592,5,11,-7.118181818182222,-0.7688740613160612,-0.42131581300113613,0.9900177207766537,50.62836624775583,-0.14057450628367021,-78.3000000000043,-0.14057450628367021,-1.3813785296672856,0.9460980015093751,1.2408040233836153,1.311496294679912,60,breakout,True,True,short,False,-0.17121951219511472,2.476923076923067,-3.6000000000001067,2.435294117647192
P60|breakout|MA1|BB1|TP30/SL30|TR5-3|both,1398,0.30352681363605843,-0.3429254382893152,0.731338573876612,5,11,14.063636363623244,-1.8922546652037862,0.017511573324842156,1.0253050675564912,85.40772532188842,0.11065808297557675,154.6999999998563,0.11065808297557675,-0.7438418214356262,0.33262068967988445,0.8544999044112029,2.568992040854636,60,breakout,True,True,both,True,0.25349794238676243,-0.8856164383562083,0.9654822335023908,-0.39955752212406925
P60|breakout|MA1|BB1|TP30/SL30|TR5-3|long,781,0.2460537423941577,-0.18625023341771266,0.5290572942258968,6,11,7.99999999999237,-1.502220018913512,-0.05365854302116529,1.0272445820433174,86.29961587708067,0.11267605633792097,87.99999999991627,0.11267605633792097,-0.7679953439495951,0.49167818849093076,0.8806714002875161,1.7911540940843678,60,breakout,True,True,long,True,0.2760956175297991,-0.5861445783132934,1.1012658227846428,-1.141732283464699
P60|breakout|MA1|BB1|TP30/SL30|TR5-3|short,641,0.01778576202358697,-0.291984108475042,0.2863978562824656,6,11,0.5818181818124285,-1.4127292362563746,-0.31766191486302287,1.0021341158424546,84.24336973478938,0.009984399375876526,6.399999999936853,0.009984399375876526,-0.9529293257585756,0.43620972097994326,0.9629137251344521,2.20745590669385,60,breakout,True,True,short,True,0.19218106995877868,-1.5531914893617411,0.7848101265821642,0.552525252525022
P60|breakout|MA1|BB1|TP20/SL10|TR0-0|both,1434,0.39577906983356564,-0.20003071268975578,0.7587236869966035,7,11,19.85454545457861,-1.6747353312368163,0.17325306724463793,1.0222512022170078,36.61087866108787,0.15230125523038054,218.4000000003657,0.15230125523038054,-0.5087499516493714,0.4401532264301868,0.6610512068797519,1.501866093862661,60,breakout,True,True,both,False,-0.5057884231532211,0.7525974025978585,1.002030456852769,-0.6701298701298776
P60|breakout|MA1|BB1|TP20/SL10|TR0-0|long,782,-0.039252669869093725,0.2222931574788168,-0.28304412212616853,6,11,-1.490909090890687,-1.5314931333050155,-0.31907772654859856,0.9969629629630002,36.0613810741688,-0.020971867007413048,-16.399999999797004,-0.020971867007413048,-0.21729241610106415,0.39839183812380535,0.1963205490936511,0.49278255804186927,60,breakout,True,True,long,False,-0.3912698412693732,0.794011976048358,0.8379310344827634,-1.868702290076276
P60|breakout|MA1|BB1|TP20/SL10|TR0-0|short,660,0.7486261029727801,-0.15130148462082824,1.1839300783864855,8,11,24.400000000014938,-0.7222964185595603,0.41205572563799553,1.0602009689575134,37.42424242424243,0.40666666666691603,268.4000000001646,0.40666666666691603,-0.9461149898075598,0.4503713904523574,1.352781656474476,3.003702466792415,60,breakout,True,True,short,False,-0.4637450199198458,0.59310344827632,1.3472392638036106,0.7841584158414941
P60|breakout|MA1|BB1|TP20/SL10|TR5-3|both,1497,-1.5595647641780659,-2.644845345538166,0.40387363640783464,4,11,-45.13636363634808,-5.286641671997014,-1.9220635414325398,0.9089658965896857,66.26586506346025,-0.33166332665319215,-496.4999999998287,-0.33166332665319215,-1.1042216120807855,0.17512926659549372,0.7725582854275934,4.41136025089408,60,breakout,True,True,both,True,-0.3946564885494973,-1.4168168168166895,0.9815724815725805,-0.9330472103003206
P60|breakout|MA1|BB1|TP20/SL10|TR5-3|long,822,-0.7269410858228436,-1.9672027754509611,1.0036853081651445,4,11,-15.127272727263652,-3.584035271139801,-1.1444855498642632,0.9416386083053071,67.88321167883211,-0.20243309002420937,-166.3999999999001,-0.20243309002420937,-0.986895968090051,0.18202624770167555,0.7844628780658416,4.309614069238546,60,breakout,True,True,long,True,-0.4015094339621314,-1.0961748633878707,1.0933884297521457,-0.939393939393744
P60|breakout|MA1|BB1|TP20/SL10|TR5-3|short,677,-1.5376344837665161,-1.7047555693607381,-0.5144308593636777,4,11,-29.545454545448134,-4.082216024525127,-1.9797701636520484,0.8751344705701758,64.40177252584934,-0.48005908419487364,-324.99999999992946,-0.48005908419487364,-0.7458335648733188,0.19496136084869053,0.2657744806784451,1.3632161753564729,60,breakout,True,True,short,True,-0.3734615384614314,-1.7841059602647529,0.8175757575758849,-0.9247524752475296
P60|breakout|MA1|BB1|TP10/SL20|TR0-0|both,1380,-0.04843223984782018,-0.196882754595648,0.12414745576948592,4,11,-2.29090909094629,-2.1622383276921897,-0.2625992283406298,0.9971290557782984,69.05797101449276,-0.01826086956551332,-25.20000000040838,-0.01826086956551332,-0.9405702885251026,0.3548478902414367,0.9223094189595893,2.5991683882692795,60,breakout,True,True,both,False,0.11210855949847857,-0.03217993079632703,0.08311688311678844,-0.44757709251103334
P60|breakout|MA1|BB1|TP10/SL20|TR0-0|long,766,0.9926619907149673,0.9860141437733313,0.43416235801838576,8,11,34.118181818161496,-0.6265218732833484,0.7796853305736132,1.0814966015938379,70.88772845953002,0.48994778067855993,375.2999999997769,0.48994778067855993,-0.6743121837732223,0.5839033896506814,1.1642599644517824,1.9939256820349982,60,breakout,True,True,long,False,0.8004098360650906,0.6666666666661781,1.0534482758619395,-1.3468749999999685
P60|breakout|MA1|BB1|TP10/SL20|TR0-0|short,627,-1.1312051287719087,-0.9219284293254599,-0.6825849023331374,5,11,-36.44545454547198,-2.5467517639376673,-1.4378211289021008,0.905796931174614,66.8261562998405,-0.6393939393942447,-400.9000000001914,-0.6393939393942447,-1.31417776970962,0.4576001427363574,0.6747838303153753,1.4746145538336217,60,breakout,True,True,short,False,-0.6074688796685224,-0.9180451127824224,-1.3194805194805639,0.7151515151514293
P60|breakout|MA1|BB1|TP10/SL20|TR5-3|both,1430,-1.2122384844805048,-1.4994772116503927,-0.2218480678404632,3,11,-43.381818181830575,-4.105965490225915,-1.4314427871098905,0.9172217596447155,80.41958041958041,-0.33370629370638877,-477.2000000001359,-0.33370629370638877,-1.2489230936363476,0.1786956951630476,0.9152167999299587,5.121649959697608,60,breakout,True,True,both,True,-0.097188755020323,-1.213114754098535,0.26909547738694406,-0.7244541484714662
P60|breakout|MA1|BB1|TP10/SL20|TR5-3|long,791,-0.19741624320949783,-0.3788672322940894,0.10004440466378757,5,11,-4.945454545461488,-2.4937114904621414,-0.41213416136674036,0.9816166531494739,81.92161820480405,-0.06877370417203058,-54.40000000007619,-0.06877370417203058,-1.0610271004652279,0.42550875212782724,0.9922533962931973,2.331922413654876,60,breakout,True,True,long,True,0.001968503936775227,-0.37751479289957734,0.665690376569014,-1.164341085271185
P60|breakout|MA1|BB1|TP10/SL20|TR5-3|short,651,-1.6000110205078582,-1.3148860494846897,-0.9597220170125975,2,11,-39.71818181818766,-3.5124890548363403,-1.9319745314778072,0.8465509974711756,78.64823348694317,-0.6711213517666117,-436.9000000000642,-0.6711213517666117,-1.080667841015854,0.46872224226581066,0.4095464892492422,0.8737509175359122,60,breakout,True,True,short,True,-0.22811244979945702,-2.1846153846155674,-0.32704402515717346,-0.15699999999982894
P40|breakout|MA1|BB1|TP20/SL20|TR0-0|both,1566,1.2329652704732197,0.49850206299535943,1.2148576782493354,8,11,87.69999999999588,-0.36786524173757107,1.0433921888023263,1.0647128271864954,53.44827586206896,0.6160280970625516,964.6999999999557,0.6160280970625516,-0.3435679035439562,0.2701736499385979,0.9595960006065078,3.5517749448349027,40,breakout,True,True,both,False,-0.07167300380227237,0.8548172757475299,1.6212446351930418,-0.038095238095285644
P40|breakout|MA1|BB1|TP20/SL20|TR0-0|long,876,1.0677664138910912,0.8407140103300148,0.6749028364576583,8,11,56.763636363635605,-0.13078815145274905,0.8762282750154063,1.0753887762001355,53.76712328767124,0.7127853881278453,624.3999999999925,0.7127853881278453,0.4003595795308142,0.6335374564111401,0.3124258085970311,0.49314496788691753,40,breakout,True,True,long,False,0.3715827338129668,1.3879518072289443,2.404059040590298,-2.240993788819801
P40|breakout|MA1|BB1|TP20/SL20|TR0-0|short,737,0.7299772001697976,-0.38650854500718124,1.348134991126344,8,11,35.23636363636028,-0.3803921320490578,0.5169789645211725,1.0548526789504917,53.18860244233379,0.5259158751695571,387.59999999996353,0.5259158751695571,-0.9154000087869841,0.578960854463505,1.4413158839565412,2.489487627435777,40,breakout,True,True,short,False,-0.5071161048689099,0.36233766233768466,0.5999999999999203,2.993103448275647
P40|breakout|MA1|BB1|TP20/SL20|TR5-3|both,1769,0.04367505893172686,-1.3600449532760903,1.342526890358937,6,11,1.845454545452216,-2.997572042390398,-0.19283755420863918,1.0028670291646034,80.55398530243075,0.011475409836051506,20.299999999975114,0.011475409836051506,-0.9675305564334803,0.17700854924392107,0.9790059662695318,5.530840009995469,40,breakout,True,True,both,True,-0.23311475409845875,-0.9067226890757418,0.8351456310680672,0.19547038327533023
P40|breakout|MA1|BB1|TP20/SL20|TR5-3|long,974,0.9569213221232482,-0.17778464168227776,1.4775631191434697,7,11,28.290909090907498,-1.441058049351798,0.6419983758632384,1.086849743246257,82.23819301848049,0.3195071868582986,311.1999999999828,0.3195071868582986,-0.7307377440804039,0.39653488204645543,1.0502449309387025,2.6485562266768317,40,breakout,True,True,long,True,0.08781249999989153,-0.08216216216226793,1.1940789473684859,-0.3921212121211075
P40|breakout|MA1|BB1|TP20/SL20|TR5-3|short,819,-0.9091289859173753,-1.9011393459833916,0.5340879581657159,5,11,-26.572727272728024,-2.9485110097992333,-1.2200827938890229,0.9183633570730314,78.63247863247864,-0.3568986568986666,-292.30000000000797,-0.3568986568986666,-1.0855247373275176,0.3407491726657779,0.728626080428851,2.138306234843071,40,breakout,True,True,short,True,-0.5304347826087867,-1.8362637362638508,0.22957746478891128,1.2128000000000152
P40|breakout|MA1|BB1|TP15/SL15|TR0-0|both,1692,1.001848494918276,0.30484494687146374,1.0890418454129187,7,11,55.56363636364292,-1.210250383263414,0.7981024466618114,1.049775229656659,53.78250591016549,0.3612293144208473,611.2000000000737,0.3612293144208473,-0.7154559409556813,0.31405028881639946,1.0766852553765287,3.4283848597444915,40,breakout,True,True,both,False,-0.1289930555555319,1.1800000000000748,0.6300202839757133,-0.07083333333330562
P40|breakout|MA1|BB1|TP15/SL15|TR0-0|long,931,0.7898886807783274,0.8858569767576163,0.24610186769807804,7,11,32.3181818181855,-0.8622231419171149,0.6040973839820186,1.0527346357527518,53.92051557465092,0.3818474758324828,355.5000000000415,0.3818474758324828,-0.42387543358522695,0.47167572458649404,0.8057229094177097,1.7082136464073199,40,breakout,True,True,long,False,0.17582781456957014,1.6465909090910045,1.0881118881119598,-1.7880239520958459
P40|breakout|MA1|BB1|TP15/SL15|TR0-0|short,776,0.7874675166032616,-0.6437301780137983,1.7008511201643393,8,11,28.97272727273042,-0.7445612595813961,0.5174255087585287,1.056739482632773,53.865979381443296,0.41069587628870513,318.7000000000352,0.41069587628870513,-0.91410482375246,0.584517938328884,1.3248007000411652,2.2664842482486054,40,breakout,True,True,short,False,-0.5266903914590646,0.7921212121212691,0.20961538461542298,2.396721311475532
P40|breakout|MA1|BB1|TP15/SL15|TR5-3|both,1807,-0.7174914606712978,-1.9862689816883752,0.8920258283495907,5,11,-26.00909090911563,-4.317274978110784,-0.9430712027318922,0.9578750533739324,76.03763143331489,-0.1583287216382244,-286.1000000002715,-0.1583287216382244,-1.0461483074822424,0.1794933658152443,0.887819585844018,4.946252925904049,40,breakout,True,True,both,True,-0.23231511254035211,-1.065582655826733,0.7055555555554618,-0.3969387755104063
P40|breakout|MA1|BB1|TP15/SL15|TR5-3|long,986,0.41412838594589557,-0.9992786954213425,1.5589451683378426,6,11,10.727272727259251,-2.3522549876981733,0.11087101826953388,1.0338924632352502,77.58620689655173,0.11967545638930238,117.99999999985215,0.11967545638930238,-0.9459832225475553,0.3366693378428768,1.0656586789368576,3.1652976946602704,40,breakout,True,True,long,True,-0.1839009287927296,-0.4814814814816525,1.2431372549018571,-0.666666666666859
P40|breakout|MA1|BB1|TP15/SL15|TR5-3|short,829,-1.4569940140660194,-1.9469910479159953,-0.1645704126526192,5,11,-35.24545454546585,-3.929559814065078,-1.7465831386343948,0.8834300490092574,74.30639324487333,-0.4676718938481594,-387.70000000012413,-0.4676718938481594,-1.0901932949830277,0.15057572870671307,0.6225214011348683,4.134274537348559,40,breakout,True,True,short,True,-0.31192052980147883,-1.5809782608697491,-0.056018518518598064,0.07480314960608958
P40|breakout|MA1|BB1|TP30/SL30|TR0-0|both,1366,1.385914803351934,0.8569373630907102,1.091179730096489,7,11,132.4272727272732,0.34632171342613716,1.224675278824699,1.0782557777228614,52.781844802342604,1.0663982430453922,1456.7000000000057,1.0663982430453922,-0.06178074325823359,0.48755929802715475,1.1281789863036258,2.3139318455594124,40,breakout,True,True,both,False,0.42812499999997605,1.4483999999999637,2.815887850467378,-1.2600000000000533
P40|breakout|MA1|BB1|TP30/SL30|TR0-0|long,783,1.3657868729133424,0.20475402045171134,1.6468734057619865,6,11,98.93636363636452,0.5802660193067282,1.1548089248001752,1.1034368049879284,53.38441890166028,1.3899106002554402,1088.3000000000097,1.3899106002554402,0.6494829368698544,0.5791917505510595,0.7404276633855859,1.278380886262834,40,breakout,True,True,long,False,1.1224899598393145,-1.002068965517265,5.834693877551217,-3.3013888888890492
P40|breakout|MA1|BB1|TP30/SL30|TR0-0|short,674,0.6000049696545136,1.0106684841186648,-0.11247351227165582,5,11,41.0272727272723,-0.11696560859787633,0.37037244552212667,1.048549851542664,52.37388724035609,0.6695845697329311,451.2999999999956,0.6695845697329311,-0.9452196413904408,1.362606690353497,1.614804211123372,1.1850846047911654,40,breakout,True,True,short,False,0.20207468879666984,3.3656934306569077,-1.6744791666667271,2.5288461538462803
P40|breakout|MA1|BB1|TP30/SL30|TR5-3|both,1725,0.7530205198142048,-1.0314170417595292,2.0334081716875887,6,11,38.28181818180442,-1.7177409429521406,0.5082853529955311,1.0576028671481512,85.73913043478261,0.24411594202889839,421.09999999984973,0.24411594202889839,-0.9920532260989428,0.24952238508783092,1.236169168127841,4.954141359672858,40,breakout,True,True,both,True,-0.36818950930627853,-0.7034682080925131,1.3045544554453958,0.789045936395564
P40|breakout|MA1|BB1|TP30/SL30|TR5-3|long,958,1.068918158319642,-0.23451473113790325,1.7397108765893596,8,11,38.436363636354415,-0.8704865425232928,0.801727629949004,1.1122378550570464,86.95198329853862,0.4413361169101243,422.7999999998991,0.4413361169101243,-0.61602719291694,0.4004584940982956,1.0573633098270643,2.640381775913901,40,breakout,True,True,long,True,0.1627388535031476,-0.4219780219780592,1.3779999999998223,0.21666666666648607
P40|breakout|MA1|BB1|TP30/SL30|TR5-3|short,808,0.031434154630546975,-1.0639209934014298,1.0367715889914557,7,11,1.1272727272680123,-1.6110282267699976,-0.26230035819375774,1.0033818796705252,84.52970297029702,0.015346534653401791,12.399999999948648,0.015346534653401791,-1.1181630221190146,0.47975229566823463,1.1335095567724165,2.362697514961508,40,breakout,True,True,short,True,-0.6922033898305142,-1.1262569832402411,0.939047619047518,1.7822580645159218
P40|breakout|MA1|BB1|TP20/SL10|TR0-0|both,1763,0.7915671276153241,0.6085255702343181,0.513931604948262,8,11,43.79090909094805,-1.5204222796144653,0.5316560237043796,1.0401815133340944,36.92569483834373,0.2732274532050085,481.70000000043,0.2732274532050085,-0.5356856519715638,0.3204361558190061,0.8089131051765723,2.524412712133133,40,breakout,True,True,both,False,-0.2130363036298963,1.0862068965521754,0.7789473684210408,-0.5635135135135272
P40|breakout|MA1|BB1|TP20/SL10|TR0-0|long,959,0.442690484841313,1.0089812096281665,-0.36531106590928103,7,11,18.09090909093039,-1.262959290225118,0.18847568850915175,1.0304021021755445,36.70490093847758,0.20750782064675205,199.00000000023522,0.20750782064675205,-0.12837402089398653,0.33797308514964647,0.3358818415407386,0.9938123960137775,40,breakout,True,True,long,False,0.044516129032719544,1.3670329670334138,0.8161616161616199,-1.7999999999999439
P40|breakout|MA1|BB1|TP20/SL10|TR0-0|short,818,0.8250988009663298,-0.4943202811705363,1.5862128086806837,8,11,30.000000000018108,-0.8090389087197702,0.5243879144643823,1.0598031931281084,37.40831295843521,0.40342298288532963,330.00000000019963,0.40342298288532963,-0.9822994939032839,0.2779340619608063,1.3857224767886134,4.985795792759022,40,breakout,True,True,short,False,-0.38973509933727674,0.6971264367820685,0.8666666666666247,1.1047619047617958
P40|breakout|MA1|BB1|TP20/SL10|TR5-3|both,1861,-1.2770016133099904,-2.5435842142919416,0.6293793858933366,4,11,-40.290909090889095,-5.523927790713988,-1.5785009401360728,0.9328495022802986,67.11445459430414,-0.2381515314345942,-443.1999999997798,-0.2381515314345942,-0.8984140536447418,0.1571407037408315,0.6602625222101476,4.201728174127966,40,breakout,True,True,both,True,-0.5635239567231803,-0.7919480519479214,0.8186792452831085,-0.6943143812708358
P40|breakout|MA1|BB1|TP20/SL10|TR5-3|long,1013,0.20388669221370934,-1.5466357326405034,1.8422590133214838,4,11,4.709090909100826,-2.9782492543494263,-0.1804441430404573,1.0153727445394447,69.20039486673247,0.051135241855981506,51.800000000109264,0.051135241855981506,-0.9673576854338289,0.15584903659671034,1.0184929272898104,6.5351249486729825,40,breakout,True,True,long,True,-0.5520833333331693,-0.38214285714275464,1.272258064516186,-0.48070175438587004
P40|breakout|MA1|BB1|TP20/SL10|TR5-3|short,851,-2.153202294621614,-2.43629022825365,-0.7208966622162921,3,11,-45.37272727271715,-5.042528704197471,-2.5478451708465633,0.8460185727948927,64.6298472385429,-0.5864864864863555,-499.0999999998885,-0.5864864864863555,-1.0830781364643092,0.2719358741245648,0.4965916499779537,1.8261351194527629,40,breakout,True,True,short,True,-0.5961661341851524,-1.1926315789472084,0.1795454545455904,-0.9796874999999697
P40|breakout|MA1|BB1|TP10/SL20|TR0-0|both,1691,-0.39685117317969915,-1.0135908943729177,0.4084617663567433,5,11,-20.563636363681653,-2.76184645799348,-0.577535587494662,0.9792684379839884,68.71673565937316,-0.13376700177439207,-226.200000000497,-0.13376700177439207,-1.0001538671251233,0.2505670827278896,0.8663868653507313,3.4577042439832715,40,breakout,True,True,both,False,-0.6838260869569955,0.33712574850250915,0.1638554216866436,-0.09577464788736459
P40|breakout|MA1|BB1|TP10/SL20|TR0-0|long,939,0.5251490919788869,0.45522422340140895,0.2925993492787632,7,11,19.845454545430005,-1.2810502561562842,0.32810413964099544,1.037446823109602,70.07454739084132,0.23248136315200274,218.29999999973057,0.23248136315200274,-0.6195408119407965,0.40269045446499746,0.8520221750927992,2.1158241166276723,40,breakout,True,True,long,False,-0.17500000000047974,1.2875706214684328,0.7017064846415089,-0.9818181818181717
P40|breakout|MA1|BB1|TP10/SL20|TR0-0|short,780,-1.1578126869384424,-1.9679827103254834,0.30537208478058675,3,11,-41.26363636365817,-2.74615226718593,-1.4064325315073312,0.9137973601746758,67.05128205128204,-0.581923076923384,-453.90000000023946,-0.581923076923384,-1.168556182312818,0.40558797783012507,0.5866331053894341,1.4463769575417182,40,breakout,True,True,short,False,-1.0929577464793416,-1.0813253012052897,-0.6076923076923737,1.3311475409834852
P40|breakout|MA1|BB1|TP10/SL20|TR5-3|both,1769,-1.200003604491708,-1.978681076370166,0.23803296804048044,4,11,-48.181818181832156,-4.3948010090822445,-1.3953203369174474,0.9251465291998924,80.55398530243075,-0.29960429621263596,-530.000000000153,-0.29960429621263596,-1.139279222719114,0.24552801251647366,0.839674926506478,3.4198742453068984,40,breakout,True,True,both,True,-0.47081967213134873,-0.9324929971990426,0.1864077669903184,-0.020557491289151093
P40|breakout|MA1|BB1|TP10/SL20|TR5-3|long,974,0.12910634412414845,-0.724120055916984,0.864882117134591,5,11,3.618181818173119,-2.4015099010945975,-0.06102829405055207,1.0111073900423937,82.23819301848049,0.04086242299784878,39.79999999990471,0.04086242299784878,-1.0122949067846478,0.2092109544089088,1.0531573297824965,5.033949263115881,40,breakout,True,True,long,True,-0.29906250000021056,-0.004324324324496414,0.718749999999987,-0.4981818181817724
P40|breakout|MA1|BB1|TP10/SL20|TR5-3|short,819,-1.8980334066662177,-2.195108402634338,-0.5119707796473599,5,11,-52.71818181818715,-4.042541170560278,-2.15985945002867,0.8380393799748458,78.63247863247864,-0.7080586080586793,-579.9000000000583,-0.7080586080586793,-1.282913114787078,0.32260303451921185,0.5748545067283988,1.7819252927522127,40,breakout,True,True,short,True,-0.5923076923078842,-1.9824175824177315,-0.6605633802815916,0.7896000000000412
P60|breakout|MA0|BB1|TP20/SL20|TR0-0|both,1652,0.8472246792570804,-0.30610212044023877,1.4963297494508971,7,11,61.145454545450114,-0.8152498376548242,0.6579158914603563,1.0423346362280228,52.96610169491526,0.40714285714282844,672.5999999999526,0.40714285714282844,-0.8783226482949245,0.5647312540494447,1.2854655054377528,2.2762428964577985,60,breakout,False,True,both,False,-0.33508771929823705,0.5822085889570683,1.8760914760913547,-0.8312727272727217
P60|breakout|MA0|BB1|TP20/SL20|TR0-0|long,893,0.35511731373930605,-1.040679160552738,1.5015498696654628,4,11,19.20909090908766,-0.8445962070066036,0.16251731841927114,1.0244342426309847,52.63157894736842,0.23661814109738502,211.29999999996483,0.23661814109738502,-0.5682874945661184,0.5205427609719345,0.8049056356635034,1.5462814892682764,60,breakout,False,True,long,False,-1.4092465753424743,0.34756756756757,3.359409594095759,-2.4268965517240266
P60|breakout|MA0|BB1|TP20/SL20|TR0-0|short,831,0.6198906826277149,0.5646817334558722,0.31863689312037013,6,11,30.763636363635104,-0.5977266079757508,0.34316188587202295,1.0422799170394048,52.707581227436826,0.4072202166064824,338.39999999998685,0.4072202166064824,-1.4448900796495276,0.6356812875213677,1.85211029625601,2.9135831628420457,60,breakout,False,True,short,False,0.2911475409836214,0.9934911242603837,-0.07272727272731426,0.7131386861312885
P60|breakout|MA0|BB1|TP20/SL20|TR5-3|both,1845,-0.22348421469457302,-0.95172831102995,0.588995218155877,7,11,-9.745454545460246,-3.2889799635928556,-0.47805661325614596,0.9860249256922271,79.83739837398373,-0.05810298102984394,-107.20000000006206,-0.05810298102984394,-0.9628064743272267,0.2510247870521312,0.9047034932973828,3.604040477124276,60,breakout,False,True,both,True,0.06774193548372481,-1.11047120418861,0.7289017341041453,-0.3597269624572339
P60|breakout|MA0|BB1|TP20/SL20|TR5-3|long,984,0.5451554678773548,-0.9223402481623119,1.7238164895307255,8,11,16.027272727269146,-1.8890511369962673,0.23981686036195352,1.04757407307463,81.70731707317073,0.1791666666666269,176.29999999996087,0.1791666666666269,-0.9752825024999308,0.21068326127397652,1.1544491691665577,5.479548599094875,60,breakout,False,True,long,True,-0.11355421686763358,-0.6091346153847355,1.5419795221843664,-0.7357615894038364
P60|breakout|MA0|BB1|TP20/SL20|TR5-3|short,892,-0.8584241156872839,-0.3509147446535944,-0.8311547565468678,3,11,-27.045454545457268,-2.9201756162929304,-1.1729287965141695,0.9266084468127015,77.91479820627802,-0.33352017937223055,-297.5000000000297,-0.33352017937223055,-1.1415460406738371,0.32056635523992966,0.8080258613016066,2.5206196723197456,60,breakout,False,True,short,True,0.3069069069067681,-1.7984042553192978,-0.30789473684195595,0.0601398601399323
P60|breakout|MA0|BB1|TP15/SL15|TR0-0|both,1782,0.3623652778660255,-0.11948839601824872,0.6266298193422178,6,11,20.88181818182359,-1.8742492671910014,0.1618472688993035,1.0174590506593735,53.086419753086425,0.12890011223347977,229.70000000006095,0.12890011223347977,-1.0228590430487923,0.3276880123379743,1.1517591552822721,3.5148040572639525,60,breakout,False,True,both,False,0.027272727272756297,0.12868852459019925,0.541948310139216,-0.3744755244755103
P60|breakout|MA0|BB1|TP15/SL15|TR0-0|long,946,0.5359813481982243,-0.35793221075638054,1.096354232671559,5,11,22.70000000000341,-1.0839540985674838,0.3550490409123098,1.036117218236523,53.48837209302325,0.26395348837213334,249.70000000003813,0.26395348837213334,-0.5033403955663228,0.28728332541152973,0.7672938839384562,2.6708611884776725,60,breakout,False,True,long,False,-0.11455696202529085,0.5311557788945225,1.3731448763251703,-1.408108108108131
P60|breakout|MA0|BB1|TP15/SL15|TR0-0|short,872,0.33530395516483763,0.03596455213355213,0.43276298528040813,6,11,12.745454545457203,-1.3299817654765633,0.03400085895297484,1.0218261072623995,53.21100917431193,0.16077981651379578,140.20000000002992,0.16077981651379578,-1.2548114340255576,0.42295529321279124,1.4155912505393533,3.3469051534653835,60,breakout,False,True,short,False,0.07027863777092622,0.2655737704918435,-0.19999999999997714,0.8078014184397736
P60|breakout|MA0|BB1|TP15/SL15|TR5-3|both,1890,-0.8620705717822628,-1.7631948382946574,0.512759616863787,5,11,-32.145454545484796,-4.518116819129469,-1.1126814000896272,0.9518164227508897,75.29100529100529,-0.1870899470901229,-353.6000000003323,-0.1870899470901229,-1.0057408146426334,0.20771034613824985,0.8186508675525106,3.9413100154752287,60,breakout,False,True,both,True,-0.007600596125380118,-1.4247500000002224,0.590648854961722,-0.2986440677967984
P60|breakout|MA0|BB1|TP15/SL15|TR5-3|long,999,0.07587641148154471,-2.0154458320575253,2.247444896526799,6,11,1.9545454545300003,-2.7384092877803656,-0.208921437082089,1.0059796968432286,77.07707707707708,0.02152152152135156,21.49999999983021,0.02152152152135156,-0.9629422542350443,0.3085082419282033,0.9844637757563959,3.1910453011025304,60,breakout,False,True,long,True,-0.27278106508896033,-1.2214953271030302,1.366440677966007,-0.18421052631595322
P60|breakout|MA0|BB1|TP15/SL15|TR5-3|short,906,-1.2088272396890034,-0.2134129607587039,-1.448899672151468,4,11,-31.472727272742404,-3.7356828600451935,-1.5145124450889622,0.9078985873526418,73.62030905077262,-0.38211920529819665,-346.20000000016614,-0.38211920529819665,-1.2648001683561154,0.2227520023092475,0.8826809630579188,3.962617412670838,60,breakout,False,True,short,True,0.3327433628316705,-1.6031088082903824,-0.40173913043490783,-0.39722222222243103
P60|breakout|MA0|BB1|TP30/SL30|TR0-0|both,1421,0.184600434496516,0.3900495183790651,-0.10126647701481048,8,11,18.24545454545405,-0.8601444029012899,-0.030503590509697243,1.0099952688064935,51.51301900070373,0.1412385643912702,200.69999999999493,0.1412385643912702,-0.8147657967301036,0.5247643684279432,0.9560043611213738,1.8217783421258438,60,breakout,False,True,both,False,-0.25747863247865116,1.5700374531834946,1.5584090909091535,-3.1857723577236463
P60|breakout|MA0|BB1|TP30/SL30|TR0-0|long,806,0.25180989865836056,-0.5712840526183407,0.8619706293956357,6,11,18.87272727272838,-0.5302631852880978,0.029476645411737987,1.0183356591475161,51.736972704714645,0.2575682382134157,207.60000000001304,0.2575682382134157,0.026083038859112628,0.8300537450526604,0.23148519935430306,0.27887977222440835,60,breakout,False,True,long,False,-0.3746093750000225,-0.7598802395209711,5.231048387096958,-6.4214814814816705
P60|breakout|MA0|BB1|TP30/SL30|TR0-0|short,753,0.2638086947947444,1.320157150125516,-0.8617220657646446,6,11,18.818181818180292,-0.5040943512559233,0.003353114972284187,1.019765487739666,51.39442231075697,0.27490039840635244,206.9999999999834,0.27490039840635244,-1.6080585290274922,0.9511082104049432,1.8829589274338447,1.9797525737183548,60,breakout,False,True,short,False,1.5926199261992384,2.1222222222222062,-3.043961352657079,0.6622950819672749
P60|breakout|MA0|BB1|TP30/SL30|TR5-3|both,1781,0.5063035848301706,-0.38728564337071547,1.038939019479107,7,11,26.745454545436413,-1.9470387692223456,0.24211729029362342,1.0369584060901973,85.06457046603032,0.16518809657484645,294.19999999980155,0.16518809657484645,-0.7847853898983435,0.31961746007726655,0.9499734864731899,2.972220248053835,60,breakout,False,True,both,True,0.25382165605087337,-1.2170868347339385,1.2216535433069404,-0.17812500000019826
P60|breakout|MA0|BB1|TP30/SL30|TR5-3|long,969,0.4124438857722981,-1.055613496905404,1.7045142251261882,6,11,15.03636363635386,-1.5215799874536395,0.12045222355123272,1.0412860066896037,86.17131062951496,0.17069143446841384,165.399999999893,0.17069143446841384,-0.9138478207742005,0.3647506474366587,1.0845392552426143,2.9733717071220593,60,breakout,False,True,long,True,-0.20886850152914532,-1.0088669950739364,1.8193103448274455,-0.5979865771813879
P60|breakout|MA0|BB1|TP30/SL30|TR5-3|short,874,0.1245885823082848,0.49085882838722467,-0.2478200938417361,5,11,4.827272727263634,-1.5203959766743769,-0.15571271769113768,1.0126482778333334,83.86727688787185,0.06075514874130491,53.09999999990049,0.06075514874130491,-1.0212152584653995,0.3962545348956351,1.0819704072067045,2.7304934377386294,60,breakout,False,True,short,True,0.7475308641974463,-1.690217391304389,0.3519999999998481,0.3028368794324071
P60|breakout|MA0|BB1|TP20/SL10|TR0-0|both,1850,0.3007753885724245,-0.13888826488215125,0.5710887044148628,7,11,17.14545454549776,-2.0458516912706672,0.04290419377075698,1.0148632673969964,36.432432432432435,0.1019459459462037,188.60000000047683,0.1019459459462037,-0.7364205378214423,0.29696557072965507,0.838366483767646,2.823110038337944,60,breakout,False,True,both,False,-0.32392638036763,0.5165803108812875,0.805415860735001,-0.7322033898305127
P60|breakout|MA0|BB1|TP20/SL10|TR0-0|long,976,-0.5937242272433956,-1.2722229497843707,0.41470463000220403,4,11,-24.709090909067424,-2.290613630379047,-0.8546472053072999,0.9601851580582199,35.14344262295082,-0.27848360655711163,-271.799999999741,-0.27848360655711163,-0.3714418237564695,0.3772160510272291,0.09295821719935787,0.24643229508981776,60,breakout,False,True,long,False,-1.2763636363631596,0.6936585365858219,0.9708333333333309,-1.7803921568626897
P60|breakout|MA0|BB1|TP20/SL10|TR0-0|short,902,1.0214589034972168,0.9002841453216321,0.5477794965953113,9,11,38.90909090911173,-0.698547178747581,0.694330668880601,1.0705385984574216,37.6940133037694,0.4745011086477048,428.0000000002297,0.4745011086477048,-0.758890807294623,0.2732695169172881,1.2333919159423279,4.513463228010334,60,breakout,False,True,short,False,0.5441441441446044,0.4020725388605641,0.5793103448275689,0.24166666666660724
P60|breakout|MA0|BB1|TP20/SL10|TR5-3|both,1940,-1.1763763109803724,-2.226513106179136,0.4906029139712436,4,11,-39.2727272727096,-5.359889812889741,-1.5218269180223651,0.9387442572741441,66.34020618556701,-0.22268041237103367,-431.9999999998053,-0.22268041237103367,-1.0570421886011379,0.14464966514998095,0.8343617762301042,5.768155601086188,60,breakout,False,True,both,True,-0.26972343522550707,-1.175714285714168,0.8274436090226419,-0.6415282392025812
P60|breakout|MA0|BB1|TP20/SL10|TR5-3|long,1023,-0.5108996927331544,-2.4827820415855704,1.7805069976655945,4,11,-12.036363636354617,-3.6499339205496866,-0.9114974908481943,0.9623949102476976,68.1329423264907,-0.12942326490703895,-132.39999999990084,-0.12942326490703895,-0.9965751114822374,0.17903864209434897,0.8671518465751985,4.843378146926688,60,breakout,False,True,long,True,-0.6469740634004519,-0.9309417040357733,1.3104026845638157,-0.5858064516127974
P60|breakout|MA0|BB1|TP20/SL10|TR5-3|short,927,-1.2601147692333223,-0.7368964408602608,-1.03205200343777,4,11,-29.063636363627662,-4.16744116875211,-1.6229512758295668,0.910568423408325,64.29341963322545,-0.34487594390496656,-319.699999999904,-0.34487594390496656,-1.093187747648392,0.3089369819000143,0.7483118037434254,2.4222150392652324,60,breakout,False,True,short,True,0.14364161849720417,-1.5761194029849344,0.21239316239328343,-0.7006849315068037
P60|breakout|MA0|BB1|TP10/SL20|TR0-0|both,1767,-0.36961619200899043,-0.2841281052673214,-0.23852694787003012,5,11,-19.47272727277416,-2.7966149781129226,-0.5802257235453959,0.981161281243908,68.76061120543294,-0.12122241086616556,-214.20000000051454,-0.12122241086616556,-1.1331584765386604,0.31092490690199054,1.011936065672495,3.254599561531674,60,breakout,False,True,both,False,0.06553945249549545,-0.07047353760493623,0.0199999999999082,-0.834843205574911
P60|breakout|MA0|BB1|TP10/SL20|TR0-0|long,947,0.8040741606085511,-0.1274547201253634,1.2598387880963298,9,11,30.68181818179196,-0.9988718623077018,0.6106759082841315,1.0584466187548216,70.3273495248152,0.3563885955646377,337.4999999997119,0.3563885955646377,-0.6845092102081323,0.3184262428748555,1.04089780577277,3.268881975226686,60,breakout,False,True,long,False,-0.03566878980939558,0.3814070351753933,1.7263157894735204,-1.4711409395972777
P60|breakout|MA0|BB1|TP10/SL20|TR0-0|short,861,-1.409104468430885,-0.44374602833259386,-1.5082947401541742,4,11,-52.463636363658594,-3.088571660935253,-1.674558024304823,0.9015238127740474,66.7828106852497,-0.6702671312430245,-577.1000000002441,-0.6702671312430245,-1.4168552396307277,0.5315204942892927,0.7465881083877032,1.4046271336836822,60,breakout,False,True,short,False,0.12360248447156945,-0.7196629213487856,-1.9312217194570267,-0.44285714285716327
P60|breakout|MA0|BB1|TP10/SL20|TR5-3|both,1845,-1.7614105253500967,-1.704322720092879,-0.8058246903220105,2,11,-72.82727272729181,-4.982688053570782,-1.9741282554348416,0.8955649997392421,79.83739837398373,-0.4342005420055336,-801.1000000002094,-0.4342005420055336,-1.2537151279264798,0.22377303083256098,0.8195145859209462,3.662258060642487,60,breakout,False,True,both,True,-0.24331797235049332,-1.1267015706808006,0.022350674373796023,-0.7641638225255039
P60|breakout|MA0|BB1|TP10/SL20|TR5-3|long,984,-0.3642501485446166,-1.364118747851916,0.8973440031075016,6,11,-10.163636363646676,-2.928667283845103,-0.5654592177990809,0.969831075611173,81.70731707317073,-0.11361788617897675,-111.80000000011313,-0.11361788617897675,-1.169689888869999,0.3059386225602869,1.0560720026910222,3.451908078336586,60,breakout,False,True,long,True,-0.4222891566267528,-0.5322115384617011,0.9593856655289861,-0.9403973509933142
P60|breakout|MA0|BB1|TP10/SL20|TR5-3|short,892,-2.1467955994775267,-0.9959893693939303,-1.9859638037211889,1,11,-63.963636363645875,-4.326351579844791,-2.4328824851154187,0.8264258930333248,77.91479820627802,-0.7887892376682784,-703.6000000001043,-0.7887892376682784,-1.520792174635698,0.42633222033698487,0.7320029369674197,1.7169777512683047,60,breakout,False,True,short,True,0.006906906906619993,-1.9186170212767892,-1.1675438596490828,-0.552447552447424
P40|breakout|MA0|BB1|TP20/SL20|TR0-0|both,2102,0.6598356400070587,-0.06266611770982827,0.9489385441623086,5,11,53.47272727272229,-1.223896205771404,0.4479626128646864,1.0289712307108814,52.66412940057088,0.2798287345385096,588.1999999999472,0.2798287345385096,-0.6948885448776951,0.42380160932744876,0.9747172794162047,2.299937654703649,40,breakout,False,True,both,False,-0.08096590909089936,-0.014659685863866723,1.6658805031445505,-1.0755263157894652
P40|breakout|MA0|BB1|TP20/SL20|TR0-0|long,1158,0.493016909632919,-0.21033092321030966,0.8648750230910193,6,11,30.281818181815915,-0.8779952220053814,0.32406189009470754,1.0298380450750635,52.67702936096719,0.2876511226251949,333.0999999999757,0.2876511226251949,-0.17268730772742363,0.4630478087661536,0.4603384303526185,0.9941488149555128,40,breakout,False,True,long,False,-0.2291666666666612,-0.054545454545447764,2.6048710601717917,-2.3219512195121146
P40|breakout|MA0|BB1|TP20/SL20|TR0-0|short,1113,0.299561206352677,-0.04187978876959927,0.4539428101367051,7,11,17.31818181817979,-1.0996910934863477,0.08890525717360413,1.0175934391710284,52.2911051212938,0.1711590296495763,190.49999999997843,0.1711590296495763,-1.2466549210824382,0.4381379795323546,1.4178139507320147,3.235998742326138,40,breakout,False,True,short,False,0.16852791878174134,0.09302325581396789,0.2725552050472574,0.09465240641705246
P40|breakout|MA0|BB1|TP20/SL20|TR5-3|both,2467,-0.5093742964158265,-1.6783549884413016,0.8519153740224458,5,11,-25.845454545462744,-4.031770289319286,-0.7261060499359872,0.9725777670605169,79.61086339683825,-0.11524118362387091,-284.30000000008954,-0.11524118362387091,-0.9382230877354398,0.24732857065156963,0.8229819041115689,3.327484171939705,40,breakout,False,True,both,True,-0.23445475638062258,-1.1602083333334574,0.6782122905028654,-0.02665036674812892
P40|breakout|MA0|BB1|TP20/SL20|TR5-3|long,1301,0.2302781663939901,-1.1736299624641011,1.439967678192051,6,11,8.263636363630717,-2.404595175344761,-0.040781335887736726,1.0178256265442873,81.01460415065334,0.06986933128358043,90.89999999993813,0.06986933128358043,-1.0078647767640994,0.1352698984127232,1.0777341080476799,7.967287036465391,40,breakout,False,True,long,True,-0.2651111111112348,-0.8023809523810763,1.1979381443299433,-0.24834123222745377
P40|breakout|MA0|BB1|TP20/SL20|TR5-3|short,1240,-1.0029930245959529,-1.2159100464569321,-0.26377563175700436,6,11,-36.70000000000356,-3.4650736859309754,-1.2571913721816674,0.9271812262125861,78.2258064516129,-0.3255645161290637,-403.700000000039,-0.3255645161290637,-1.14297949079532,0.4467341287381511,0.8174149746662562,1.8297571689343128,40,breakout,False,True,short,True,-0.09638009049785644,-1.6329457364342352,-0.011538461538350496,0.31732673267331213
P40|breakout|MA0|BB1|TP15/SL15|TR0-0|both,2328,0.8236974807334974,0.10140725371776108,1.042883336269336,7,11,53.28181818182641,-1.7825749183351398,0.628339635852378,1.0344566073675219,53.43642611683849,0.25176116838491935,586.1000000000922,0.25176116838491935,-0.7488329248968657,0.2828908166985362,1.000594093281785,3.5370327851542536,40,breakout,False,True,both,False,-0.05962499999997288,0.6977628635347346,0.6601769911504979,-0.31191066997516875
P40|breakout|MA0|BB1|TP15/SL15|TR0-0|long,1233,0.9867809283252527,-0.03963108648485738,1.4209279886298267,6,11,46.881818181823135,-0.8973952796982646,0.8014886077803144,1.05803119303221,54.01459854014598,0.4182481751825266,515.7000000000553,0.4182481751825266,-0.5484618690007201,0.3276096265232113,0.9667100441832468,2.950798651561464,40,breakout,False,True,long,False,-0.027078384798074697,0.8242553191489997,1.4131147540984446,-0.8710900473933677
P40|breakout|MA0|BB1|TP15/SL15|TR0-0|short,1186,0.37802946389965136,0.07087261859294167,0.4615302555182263,5,11,16.945454545458382,-1.5407535341168395,0.12343683164368177,1.0213506826720467,53.119730185497474,0.15716694772347622,186.4000000000428,0.15716694772347622,-1.1926662763436577,0.4275832854530847,1.349833224067134,3.1568895931860284,40,breakout,False,True,short,False,-0.0007142857142553572,0.4669456066946107,0.066261398176325,0.269191919191957
P40|breakout|MA0|BB1|TP15/SL15|TR5-3|both,2543,-1.4902813912146498,-2.5062235927744205,0.3492650545715817,4,11,-64.4090909091305,-5.722583825625999,-1.712593094725667,0.9288297338020686,75.06881635863154,-0.2786079433741389,-708.5000000004352,-0.2786079433741389,-1.0316970288384684,0.19871791092070487,0.7530890854643295,3.789739344456159,40,breakout,False,True,both,True,-0.31535874439479333,-1.2369047619049505,0.5196698762034503,-0.4323809523811732
P40|breakout|MA0|BB1|TP15/SL15|TR5-3|long,1317,-0.246761179869707,-1.9948898228232512,1.6636187447160995,6,11,-7.672727272747647,-3.3166597616913287,-0.5063691536290584,0.9825753040030926,76.61351556567958,-0.06408504176174948,-84.40000000022405,-0.06408504176174948,-0.9799321049192644,0.1787482203535701,0.915847063157515,5.123670945343893,40,breakout,False,True,long,True,-0.4914660831511625,-0.9078125000001871,1.1946153846152672,-0.4359813084114424
P40|breakout|MA0|BB1|TP15/SL15|TR5-3|short,1262,-1.685511636582341,-1.3044398444620575,-1.0859788952226375,3,11,-51.55454545456528,-4.662351541203431,-1.9510148398854834,0.89073849295798,73.7717908082409,-0.4493660855786196,-567.100000000218,-0.4493660855786196,-1.2228346515337196,0.2351876684926078,0.7734685659550999,3.288729255715254,40,breakout,False,True,short,True,-0.00868596881977383,-1.443560606060799,-0.2827485380118272,-0.41256038647363963
P40|breakout|MA0|BB1|TP30/SL30|TR0-0|both,1765,1.5964087238475269,1.4794133234724494,0.8346208178282152,8,11,171.79999999999964,0.40351583777907163,1.4308787578140802,1.078748229019083,52.917847025495746,1.0707082152974483,1889.7999999999963,1.0707082152974483,-0.6219444590919748,0.7225937135156534,1.6926526743894232,2.342468032491063,40,breakout,False,True,both,False,1.201401050788068,1.7081699346404893,2.88498233215558,-2.9559006211181296
P40|breakout|MA0|BB1|TP30/SL30|TR0-0|long,1033,1.0178021724935231,-0.17518717551076227,1.525341412247526,5,11,85.02727272727462,0.11854408012225694,0.8234649064344888,1.066306998638839,52.468538238141335,0.905421103581821,935.3000000000211,0.905421103581821,0.3214850423072811,0.7353412713563561,0.5839360612745399,0.7941021183231762,40,breakout,False,True,long,False,0.4873900293254839,-1.2964285714285857,5.320063694267715,-3.5565934065935614
P40|breakout|MA0|BB1|TP30/SL30|TR0-0|short,996,0.8178588299961825,1.7935887726887672,-0.5122306307259678,8,11,65.5181818181798,-0.0863919532475619,0.6230551849267327,1.0530355434542618,52.51004016064257,0.7235943775100181,720.699999999978,0.7235943775100181,-1.4227206411896984,0.6574123436885871,2.1463150186997164,3.2647926971636156,40,breakout,False,True,short,False,1.9126801152737494,1.9377659574467732,-0.022602739726019495,-1.7792899408284537
P40|breakout|MA0|BB1|TP30/SL30|TR5-3|both,2363,0.6756227527574118,-0.9873762304229345,1.7956164117612674,7,11,41.37272727270305,-2.1326588071764028,0.4452938526241395,1.0434417388149915,85.14600084638172,0.1925941599660323,455.09999999973434,0.1925941599660323,-0.7627390673393154,0.17397300933742815,0.9553332273053476,5.4912726459334715,40,breakout,False,True,both,True,-0.1462102689486898,-1.287111111111144,1.3425287356320075,0.5501253132829589
P40|breakout|MA0|BB1|TP30/SL30|TR5-3|long,1275,0.32707658685089497,-1.359641825305562,1.7979058186174126,6,11,14.190909090895854,-1.812278856988596,0.07813693716713936,1.0285520924787557,85.72549019607844,0.12243137254890558,156.09999999985462,0.12243137254890558,-0.7882474793270355,0.2821313071672539,0.9106788518759411,3.2278546504449785,40,breakout,False,True,long,True,-0.4054545454545862,-1.4380566801619865,1.5057742782150434,0.5603864734297197
P40|breakout|MA0|BB1|TP30/SL30|TR5-3|short,1212,0.3410286387173915,-0.2662460764778443,0.6685963427896301,8,11,15.281818181806624,-1.6286641740424832,0.0938847816535164,1.02997289779614,84.24092409240924,0.138696369636859,168.0999999998731,0.138696369636859,-1.1225499027452244,0.41973716198406025,1.2612462723820834,3.0048477633485784,40,breakout,False,True,short,True,0.19444444444439668,-1.491164658634568,0.9656626506022583,0.6773869346731229
P40|breakout|MA0|BB1|TP20/SL10|TR0-0|both,2444,0.7460174883776803,0.15347412834168908,0.8820334126669823,6,11,48.04545454550789,-2.001607302117027,0.4809861875519831,1.0317568095372947,36.783960720130935,0.216243862520699,528.5000000005883,0.216243862520699,-0.6304971313984297,0.29490293018129093,0.8467409939191286,2.8712532405106876,40,breakout,False,True,both,False,-0.16077738515854617,0.5784946236563688,0.8899441340781952,-0.582608695652186
P40|breakout|MA0|BB1|TP20/SL10|TR0-0|long,1286,-0.3467006699071276,-0.6476879113486701,0.1452535135421806,5,11,-16.2545454545157,-2.3349228497161088,-0.5749455648370695,0.9799609979154411,35.61430793157076,-0.13903576982867186,-178.79999999967202,-0.13903576982867186,-0.5328673162212937,0.26766600142747604,0.39383154639262186,1.4713543905176554,40,breakout,False,True,long,False,-0.7687782805425158,0.4750000000004549,0.9322834645669278,-1.4511627906976379
P40|breakout|MA0|BB1|TP20/SL10|TR0-0|short,1230,1.1268320842450805,0.36973569972962383,1.2042317629152406,8,11,49.263636363662904,-0.9163109715968417,0.8794012904074148,1.065523620666762,37.5609756097561,0.4405691056912947,541.9000000002925,0.4405691056912947,-0.9754990753660129,0.31411020663983114,1.4160681810573075,4.508189008582637,40,breakout,False,True,short,False,0.29340909090955125,0.4081967213119328,0.7451895043731522,0.2837438423644702
P40|breakout|MA0|BB1|TP20/SL10|TR5-3|both,2627,-1.6480150259633226,-2.90487216036415,0.48332175619858225,5,11,-62.272727272702966,-6.637261794858326,-1.9588503202416854,0.9280983320912609,66.38751427483822,-0.26075371145783505,-684.9999999997326,-0.26075371145783505,-1.0432445182465604,0.08205167640347831,0.7824908067887253,9.53656087342969,40,breakout,False,True,both,True,-0.4251348435813023,-1.027358490565904,0.6740242261104241,-0.578922716627591
P40|breakout|MA0|BB1|TP20/SL10|TR5-3|long,1361,-0.9531725732846876,-2.828681378332213,1.4515471307440269,4,11,-25.92727272726138,-4.569063690237588,-1.3277404753395934,0.9402547343724046,67.52387950036737,-0.20955180014685904,-285.19999999987516,-0.20955180014685904,-0.9583141191291485,0.1653615129638716,0.7487623189822895,4.528032584860783,40,breakout,False,True,long,True,-0.8315899581588349,-0.833208955223769,1.0931989924433512,-0.4513761467889561
P40|breakout|MA0|BB1|TP20/SL10|TR5-3|short,1289,-1.4439745104889,-1.263509701003323,-0.8094441847176691,4,11,-38.82727272725948,-4.88951642729344,-1.7592512388314436,0.9117507283509564,65.166795965865,-0.3313421256787078,-427.09999999985433,-0.3313421256787078,-1.1688086516127985,0.1379753293173166,0.8374665259340907,6.069683109855672,40,breakout,False,True,short,True,-0.020434782608572587,-1.222426470588079,0.18275862068975762,-0.7119617224879852
P40|breakout|MA0|BB1|TP10/SL20|TR0-0|both,2311,-0.957506551362152,-1.1842575541523457,-0.19076783494934854,3,11,-57.20000000005973,-3.7577856776461083,-1.1460920640944503,0.9584255631247783,68.28212894850714,-0.2722630895718978,-629.2000000006559,-0.2722630895718978,-1.0365471165973525,0.3296273399149611,0.7642840270254547,2.318630569972225,40,breakout,False,True,both,False,-0.5040353089538157,0.010273972602260905,-0.09515418502211677,-0.42406015037596145
P40|breakout|MA0|BB1|TP10/SL20|TR0-0|long,1248,0.2545575279349707,-0.5390767871815899,0.8739306456887191,7,11,11.245454545420907,-1.797040651663598,0.08457450550210431,1.0157543493211278,69.55128205128204,0.09911858974329384,123.6999999996307,0.09911858974329384,-0.6059026895025034,0.33835463535026755,0.7050212792457972,2.083675545085863,40,breakout,False,True,long,False,-0.36137440758341643,0.31249999999951517,0.8799999999998701,-0.6104265402843713
P40|breakout|MA0|BB1|TP10/SL20|TR0-0|short,1180,-1.6825424717715656,-1.4558963041498871,-0.9341587304374728,2,11,-72.77272727275742,-3.660636152575688,-1.888703354035876,0.9004761727151365,66.77966101694915,-0.6783898305087553,-800.5000000003313,-0.6783898305087553,-1.2183639011946716,0.24068090919746019,0.5399740706859163,2.2435268027133346,40,breakout,False,True,short,False,-0.36033254156816863,-1.0186440677970763,-1.135365853658583,-0.18461538461541988
P40|breakout|MA0|BB1|TP10/SL20|TR5-3|both,2467,-2.354487878264428,-2.541688151332594,-0.8365573990793352,2,11,-113.06363636365991,-6.062670755203423,-2.540171092016205,0.8800385821075212,79.61086339683825,-0.5041345764086982,-1243.7000000002583,-0.5041345764086982,-1.1960155444705887,0.19928401074689844,0.6918809680618905,3.4718338188236135,40,breakout,False,True,both,True,-0.5262180974480153,-1.2270833333335043,-0.04692737430167466,-0.4095354523227087
P40|breakout|MA0|BB1|TP10/SL20|TR5-3|long,1301,-0.8820890608558352,-1.8245801178504353,0.5483726628125996,5,11,-30.000000000013817,-3.6604700003671864,-1.04629100356363,0.935286504294592,81.01460415065334,-0.25365103766345265,-330.0000000001519,-0.25365103766345265,-1.1439588424049294,0.2440014227698474,0.8903078047414767,3.6487812023180424,40,breakout,False,True,long,True,-0.6231111111113338,-0.755952380952554,0.6087628865979217,-0.45165876777251907
P40|breakout|MA0|BB1|TP10/SL20|TR5-3|short,1240,-2.4794717667538504,-1.7893958349049939,-1.7218595456616717,2,11,-86.14545454546581,-5.07004439032633,-2.729518021504718,0.8290733959847515,78.2258064516129,-0.7641935483871964,-947.6000000001236,-0.7641935483871964,-1.290699469674353,0.2874470322076302,0.5265059212871566,1.8316624013945226,40,breakout,False,True,short,True,-0.308144796380327,-1.7891472868218734,-0.8961538461538134,-0.23217821782171608
P60|breakout|MA1|BB0|TP20/SL20|TR0-0|both,2397,0.15240124878506228,-0.5762014904241257,0.7186579531331044,5,11,13.39090909090337,-1.8203221565879284,-0.08683891720538596,1.0062761773691158,52.065081351689614,0.06145181476843499,147.29999999993868,0.06145181476843499,-0.5830343147926927,0.1578101209063217,0.6444861295611277,4.083934071273563,60,breakout,True,False,both,False,-0.788251366120213,-0.00045977011493426195,1.3955465587043603,-0.633128834355828
P60|breakout|MA1|BB0|TP20/SL20|TR0-0|long,1291,0.7953448111875574,-0.05436762178911763,1.1121784876825087,7,11,51.24545454545151,-0.6597721376490011,0.5569797515333625,1.045540107124678,53.21456235476375,0.43663826491089697,563.699999999968,0.43663826491089697,-0.062803543871879,0.33753748631313346,0.499441808782776,1.4796632345583207,60,breakout,True,False,long,False,-0.18510638297870885,0.13173913043478883,2.605392156862604,-1.6606498194945185
P60|breakout|MA1|BB0|TP20/SL20|TR0-0|short,1154,-0.6023312740511229,-1.0014924319930618,0.08628936522644001,5,11,-36.20909090909374,-1.9965785348363172,-0.9718437583577234,0.9654888573111948,50.86655112651647,-0.34514731369153395,-398.3000000000302,-0.34514731369153395,-1.101253980980616,0.4664885554262582,0.7561066672890822,1.6208471965580864,60,breakout,True,False,short,False,-1.206596306068601,-0.5242152466367679,0.1421364985162773,0.5953488372092232
P60|breakout|MA1|BB0|TP20/SL20|TR5-3|both,3518,-1.301431088327653,-1.8281740881099413,-0.07008886279289814,6,11,-73.13636363636974,-5.837461934841797,-1.638341543147681,0.9421543461535639,80.81296191017624,-0.22868106878910344,-804.5000000000659,-0.22868106878910344,-0.9718229070889292,0.1383278949915615,0.7431418382998257,5.372320878194236,60,breakout,True,False,both,True,-0.039626001781057775,-1.4776978417267672,0.3283448959366615,-0.09305354558600144
P60|breakout|MA1|BB0|TP20/SL20|TR5-3|long,1897,-1.3385366032766923,-1.0767043936567933,-0.8253109946534063,4,11,-55.02727272727555,-4.688456355889816,-1.643863136538572,0.917698886426361,81.2862414338429,-0.31908276225621,-605.3000000000304,-0.31908276225621,-0.8413612582671235,0.15612307831297823,0.5222784960109135,3.3452997574382146,60,breakout,True,False,long,True,-0.08313253012061785,-1.1191549295776237,0.4741319444445058,-1.1241558441556643
P60|breakout|MA1|BB0|TP20/SL20|TR5-3|short,1650,-0.5884892336697038,-1.6406558386365986,0.6168808873024545,4,11,-23.57272727273106,-3.6312069222496715,-1.0461233339200826,0.9611698463565778,80.24242424242424,-0.15715151515154008,-259.3000000000411,-0.15715151515154008,-1.0180722076274917,0.21352559207527796,0.8609206924759516,4.03193211693536,60,breakout,True,False,short,True,-0.024954792043492015,-1.8731638418080439,0.15149425287368307,1.1418831168831336
P60|breakout|MA1|BB0|TP15/SL15|TR0-0|both,2812,-0.5666765647715305,-0.8599531598901038,0.005035075987160193,3,11,-40.99999999999408,-3.359480408714269,-0.8231119877401193,0.9786982807481617,52.13371266002845,-0.16038406827878143,-450.9999999999334,-0.16038406827878143,-0.7306583204729877,0.08367044274589219,0.5702742521942064,6.815719308742441,60,breakout,True,False,both,False,-0.2929906542055888,-0.4638783269961844,0.20901734104049963,-0.2424778761061738
P60|breakout|MA1|BB0|TP15/SL15|TR0-0|long,1500,0.3604799365643903,0.33022510245056985,0.19035841201832504,6,11,18.963636363641026,-1.7020552551787644,0.11628088951644534,1.0188512145749027,53.13333333333333,0.1390666666667016,208.60000000005238,0.1390666666667016,-0.37281895590948666,0.2852272939347979,0.5118856225761883,1.7946586230040236,60,breakout,True,False,long,False,0.13036529680368952,0.1751851851852201,0.6062240663900933,-0.6064516129032181
P60|breakout|MA1|BB0|TP15/SL15|TR0-0|short,1338,-1.050611805808673,-1.3608089715873117,-0.19473485854846243,2,11,-50.681818181816304,-3.0559439178215984,-1.4288040414098002,0.9456023261713833,51.270553064275035,-0.4166666666666506,-557.4999999999785,-0.4166666666666506,-0.8939130511404683,0.183764623295041,0.4772463844738177,2.597052555145942,60,breakout,True,False,short,False,-0.7316279069767384,-0.730188679245277,-0.25595854922277733,0.19221789883272233
P60|breakout|MA1|BB0|TP15/SL15|TR5-3|both,3675,-2.585958046778874,-3.0781623531808435,-0.6329353782815688,3,11,-125.40909090914714,-8.002279545837778,-2.895985804009472,0.9003078568537486,76.05442176870748,-0.37537414966003213,-1379.500000000618,-0.37537414966003213,-1.0497473945336573,0.11047601028842828,0.6743732448736252,6.104250534690624,60,breakout,True,False,both,True,-0.25820512820529856,-1.5137414965988614,0.16060894386286342,-0.1858136300418992
P60|breakout|MA1|BB0|TP15/SL15|TR5-3|long,1972,-2.3559066044447237,-2.61711270200403,-0.7485606236231369,3,11,-82.53636363639556,-6.394507209167336,-2.620417947573783,0.87556365729632,76.5212981744422,-0.4603955375255329,-907.9000000003509,-0.4603955375255329,-1.0430400565870723,0.14012428629999382,0.5826445190615395,4.158055212599967,60,breakout,True,False,long,True,-0.5100000000001905,-1.283689839572431,0.16339434276191278,-0.5541561712847783
P60|breakout|MA1|BB0|TP15/SL15|TR5-3|short,1714,-1.2963388505256996,-1.8253419017197778,-0.1165301413501712,3,11,-43.345454545479235,-5.049758504767055,-1.723392731130655,0.9274619281617114,75.55425904317387,-0.27817969661626096,-476.8000000002713,-0.27817969661626096,-1.0391984442052216,0.16670814986038476,0.7610187475889606,4.564976266765007,60,breakout,True,False,short,True,-0.008188153310252907,-1.7008219178084247,0.17278761061937584,0.218575851392975
P60|breakout|MA1|BB0|TP30/SL30|TR0-0|both,1854,1.041583169186225,1.054088759411971,0.4709377578849032,9,11,120.80909090909226,-0.1207940025336126,0.7770365837025012,1.0519454629318359,52.42718446601942,0.7167745415318317,1328.900000000016,0.7167745415318317,-0.42068761560223217,0.39749034842958386,1.137462157134064,2.8616094997727157,60,breakout,True,False,both,False,0.5394642857142711,1.2005988023951977,1.7525129982669607,-1.0062663185378795
P60|breakout|MA1|BB0|TP30/SL30|TR0-0|long,1039,1.0559809590429583,0.41053101566064526,1.0433504372033695,8,11,90.64545454545488,0.17563658981889724,0.7876616231399837,1.0703481070707914,53.22425409047161,0.9596727622714184,997.1000000000038,0.9596727622714184,0.9013950615611707,0.39890844211471205,0.05827770071024774,0.1460929239835168,60,breakout,True,False,long,False,1.518688524590136,0.07564766839378015,3.8222222222223357,-3.3138248847927385
P60|breakout|MA1|BB0|TP30/SL30|TR0-0|short,923,0.1940934139875663,0.4094379901699564,-0.1024137027415268,5,11,15.518181818183638,-0.6465576688464619,-0.2102105072537175,1.0133176257645746,50.92091007583966,0.18494041170099643,170.7000000000197,0.18494041170099643,-0.8148269516933955,0.49730650199950305,0.9997673633943919,2.0103645525941483,60,breakout,True,False,short,False,-0.6892617449664343,1.2313186813186747,-0.4827715355805113,1.5960227272728156
P60|breakout|MA1|BB0|TP30/SL30|TR5-3|both,3325,0.47300742747008734,-0.9365599314616888,1.4839122638740672,7,11,32.29090909087197,-3.088782493998557,0.1659268410660811,1.0260930888575155,86.31578947368422,0.10682706766905053,355.19999999959305,0.10682706766905053,-0.9002809678387583,0.12161298663937789,1.0071080355078088,8.281254028356463,60,breakout,True,False,both,True,0.12031835205987815,-1.3775157232705033,1.1331937172773048,0.03093093093071648
P60|breakout|MA1|BB0|TP30/SL30|TR5-3|long,1831,-0.21386388783743193,-0.7539042278475826,0.4058331051650818,5,11,-10.509090909112205,-2.9439852552503143,-0.5085402590246239,0.9843866070584107,86.61933369743309,-0.06313489896244309,-115.60000000023331,-0.06313489896244309,-0.7578347731051015,0.20414020091414345,0.6946998741426584,3.4030527599746647,60,breakout,True,False,long,True,-0.04858657243822536,-1.1159883720930903,1.4171532846713601,-1.2890080428956587
P60|breakout|MA1|BB0|TP30/SL30|TR5-3|short,1588,0.4915862391639256,-0.6878048003454797,1.2012793176528496,5,11,24.072727272710495,-1.8987580880327495,0.09313182310915345,1.0397537907220855,85.76826196473552,0.16675062972280608,264.79999999981607,0.16675062972280608,-0.9007381233133618,0.2505685628315763,1.0674887530361679,4.260266096324692,60,breakout,True,False,short,True,0.09776119402981863,-1.6542521994135428,0.7990338164249196,1.50067340067318
P60|breakout|MA1|BB0|TP20/SL10|TR0-0|both,3160,-0.34896527338999594,-0.8919445464087082,0.3430372441745164,4,11,-25.754545454480933,-3.4005816637499566,-0.5770440952875131,0.9870544098629904,35.79113924050633,-0.08965189873395195,-283.29999999928816,-0.08965189873395195,-0.5613089940828838,0.18453787064624508,0.47165709534893185,2.555882397998879,60,breakout,True,False,both,False,-0.586331658290987,0.0968586387439183,0.4934715025906675,-0.3693779904306468
P60|breakout|MA1|BB0|TP20/SL10|TR0-0|long,1676,0.65535152939903,0.1476861085068478,0.745914491948805,5,11,35.3272727273041,-1.5865877904787706,0.36914017349757594,1.034047698319551,36.933174224343674,0.23186157517920444,388.60000000034665,0.23186157517920444,-0.13839041685569065,0.23322091713298773,0.3702519920348951,1.587559111705959,60,breakout,True,False,long,False,-0.20959999999953452,0.37687074829978157,0.9890566037735578,-0.4022727272727501
P60|breakout|MA1|BB0|TP20/SL10|TR0-0|short,1502,-1.2295956373461212,-1.2931695286352258,-0.4857197152882017,2,11,-59.66363636360246,-3.4351165987038526,-1.6459535219928798,0.9380223433088436,34.55392809587217,-0.4369507323566085,-656.2999999996259,-0.4369507323566085,-0.8000688130820273,0.22846365460112497,0.3631180807254188,1.589391018713183,60,breakout,True,False,short,False,-0.8251999999995264,-0.32118055555509034,-0.0906178489702302,-0.4028880866426223
P60|breakout|MA1|BB0|TP20/SL10|TR5-3|both,4026,-4.3348442367779,-4.128805130370186,-2.0679576143584906,2,11,-187.96363636359231,-10.800630163369515,-4.719502136663807,0.8550151464153749,67.16343765524093,-0.5135618479879569,-2067.5999999995147,-0.5135618479879569,-0.955007921745934,0.07046431080381033,0.44144607375797706,6.26481787336386,60,breakout,True,False,both,True,-0.48741312741299364,-1.2627182044886485,0.031151832460853495,-0.5867177522349046
P60|breakout|MA1|BB0|TP20/SL10|TR5-3|long,2156,-3.5053505781490992,-3.804613624750833,-1.2445572776380933,2,11,-111.83636363634109,-8.245610609015007,-3.8202747376722814,0.835393919931517,67.90352504638219,-0.5705936920221484,-1230.199999999752,-0.5705936920221484,-0.9353262321323813,0.1310954745680061,0.36473254011023293,2.7821901656950563,60,breakout,True,False,long,True,-0.7824060150374523,-1.0625615763545824,0.18547140649158766,-0.9098173515980427
P60|breakout|MA1|BB0|TP20/SL10|TR5-3|short,1871,-2.551611296669245,-2.3360407089917827,-1.3396365018509524,1,11,-75.99090909088761,-7.014140782117754,-3.06025207324439,0.876841702027374,66.32816675574558,-0.4467664350613381,-835.8999999997636,-0.4467664350613381,-1.0010675540115868,0.10762484256530402,0.5543011189502487,5.150308290708187,60,breakout,True,False,short,True,-0.1765079365078109,-1.4596977329973202,-0.16893787575134064,-0.17652173913039912
P60|breakout|MA1|BB0|TP10/SL20|TR0-0|both,2922,-1.0485359286722378,-1.0345990162484577,-0.47559630355928967,3,11,-71.34545454552485,-4.149997614285834,-1.321935629617989,0.9588480818843054,68.20670773442848,-0.2685831622179233,-784.8000000007719,-0.2685831622179233,-0.899731494340141,0.1647914626070273,0.6311483321222178,3.829981979268527,60,breakout,True,False,both,False,-0.3695364238415298,-0.5029197080296697,0.06659064994290423,-0.3939086294416479
P60|breakout|MA1|BB0|TP10/SL20|TR0-0|long,1576,0.25474569269646086,0.3837363134223992,0.0019415290289677403,8,11,12.690909090871687,-2.0432794983305675,-0.04822564714852541,1.0140818076360107,69.47969543147208,0.08857868020278531,139.59999999958964,0.08857868020278531,-0.44725273557441314,0.18327768134260317,0.5358314157771984,2.9236042918698995,60,breakout,True,False,long,False,0.30233545647510573,-0.07625899280623605,0.812244897959066,-1.1264094955489428
P60|breakout|MA1|BB0|TP10/SL20|TR0-0|short,1378,-1.7269249726130385,-2.016654653867931,-0.46732663447836753,2,11,-82.10909090912506,-3.8414097363026034,-2.0593437829946897,0.9033442131734827,66.83599419448475,-0.6554426705372823,-903.2000000003751,-0.6554426705372823,-1.0981360357065464,0.1829633400881038,0.44269336516926405,2.4195741341193835,60,breakout,True,False,short,False,-0.9608888888893509,-1.079003558719324,-0.8000000000000441,0.5618677042800782
P60|breakout|MA1|BB0|TP10/SL20|TR5-3|both,3518,-2.8154775737859805,-2.4945419442961088,-1.5101223532726407,3,11,-151.53636363638782,-7.532527684962095,-3.079589423896761,0.8801455308929373,80.81296191017624,-0.4738203524730713,-1666.9000000002648,-0.4738203524730713,-1.2962247152372492,0.1363867551030699,0.8224043627641779,6.029943025938789,60,breakout,True,False,both,True,-0.24078361531631762,-1.4992805755397567,-0.13865213082255862,-0.31056439942105424
P60|breakout|MA1|BB0|TP10/SL20|TR5-3|long,1897,-2.2689114430941717,-1.6135330488664343,-1.5959006610210702,3,11,-89.70909090910472,-5.749624558070407,-2.531761106035687,0.8658272941112253,81.2862414338429,-0.5201897733263845,-986.8000000001514,-0.5201897733263845,-1.0999188354804177,0.14471968329782217,0.5797290621540332,4.0058756966804205,60,breakout,True,False,long,True,-0.331497418244625,-1.1163380281692075,0.12361111111110719,-1.2184415584414374
P60|breakout|MA1|BB0|TP10/SL20|TR5-3|short,1650,-1.7768735085140865,-2.0265009684136377,-0.5684595649870141,3,11,-67.39090909091978,-4.999578856483907,-2.1449202447233358,0.8889903860552683,80.24242424242424,-0.4492727272727984,-741.3000000001173,-0.4492727272727984,-1.2314149445114642,0.15574802288223108,0.7821422172386658,5.021843634124864,60,breakout,True,False,short,True,-0.17251356238716042,-1.9214689265538445,-0.4675862068964674,0.7717532467532677
P40|reversal|MA1|BB0|TP20/SL20|TR0-0|both,2367,0.548948531086336,0.33042379424693885,0.4411712163245353,8,11,48.35454545454188,-1.402028118223901,0.3141149814784348,1.023160122266634,52.59822560202788,0.22471482889732258,531.8999999999626,0.22471482889732258,-0.634015474506061,0.2682431713601458,0.8587303034033835,3.2013128201889773,40,reversal,True,False,both,False,-0.2451566951566879,0.9066361556064398,0.748243243243175,-0.503893442622964
P40|reversal|MA1|BB0|TP20/SL20|TR0-0|long,1307,0.7492946307208932,0.07693115872318493,0.9383571267423035,5,11,46.9818181818152,-0.7670848926349063,0.5039717357064318,1.0411294686913042,53.02218821729151,0.39540933435345704,516.7999999999683,0.39540933435345704,-0.27947917716533416,0.26170457701298017,0.6748885115187913,2.5788181438084585,40,reversal,True,False,long,False,0.6528061224489923,-0.7536480686695137,1.50073349633242,-0.649450549450549
P40|reversal|MA1|BB0|TP20/SL20|TR0-0|short,1136,0.02369762364659113,0.12582784223175203,-0.08054008908765312,5,11,1.454545454544377,-1.3284337765584675,-0.32392695212769124,1.001438060056982,51.93661971830986,0.014084507042243764,15.999999999988916,0.014084507042243764,-0.9199362599787625,0.3642219976940518,0.9340207670210062,2.564427115699882,40,reversal,True,False,short,False,-1.1755162241887893,2.0000000000000417,-0.021470588235330094,-0.16828193832602953
P40|reversal|MA1|BB0|TP20/SL20|TR5-3|both,3547,-2.2655833615499006,-1.9427441814032251,-1.3050450608652986,2,11,-126.93636363636939,-6.861750713568578,-2.5826184252869107,0.8977519039250081,81.33634056949535,-0.3936566112207676,-1396.3000000000627,-0.3936566112207676,-0.878167241626697,0.1438192522648138,0.4845106304059294,3.3688857560864105,40,reversal,True,False,both,True,-0.3710669077758856,-0.9959827833573515,0.2058485139022653,-0.7223965763194325
P40|reversal|MA1|BB0|TP20/SL20|TR5-3|long,1905,-2.2117774383299196,-1.7131127043932648,-1.4170442562627092,3,11,-85.71818181818345,-5.793796626051586,-2.515015731802475,0.8716199656890727,81.41732283464566,-0.4949606299212691,-942.9000000000176,-0.4949606299212691,-0.9425929197084898,0.1645134203422832,0.4476322897872207,2.720946952874035,40,reversal,True,False,long,True,-0.1249152542374249,-1.617784256559885,0.1204116638079656,-0.9884318766065314
P40|reversal|MA1|BB0|TP20/SL20|TR5-3|short,1684,-1.100722183800243,-1.4321737550365226,-0.21629533275817525,3,11,-42.927272727277284,-4.316606250380715,-1.5150401493240475,0.9271858134155656,81.17577197149643,-0.2804038004750889,-472.20000000004967,-0.2804038004750889,-1.0306396042158845,0.1738484464621812,0.7502358037407957,4.3154587746287465,40,reversal,True,False,short,True,-0.720377358490655,-0.38556149732631073,0.28552915766743514,-0.2473186119873337
P40|reversal|MA1|BB0|TP15/SL15|TR0-0|both,2759,0.3679617941776342,-0.3807069723820243,0.8357238940054573,6,11,26.263636363644938,-2.43120750331677,0.11804999949104521,1.014175453747005,53.02645886190649,0.10471185212036827,288.90000000009604,0.10471185212036827,-0.7142152682045704,0.1484697389191207,0.8189271203249386,5.5157847402900835,40,reversal,True,False,both,False,-0.1469015795868516,0.05387523629492751,0.8289315726291153,-0.5386759581881435
P40|reversal|MA1|BB0|TP15/SL15|TR0-0|long,1473,0.8446093550060616,-0.18337920241066,1.3578858270527578,5,11,42.309090909096646,-1.2940855819180397,0.5688144176326286,1.0434218751457855,53.76782077393075,0.31595383570948027,465.40000000006444,0.31595383570948027,-0.3480770471194759,0.2556425265292408,0.6640308828289562,2.597497731868971,40,reversal,True,False,long,False,0.29072398190049403,-0.5145038167938804,1.2591208791209603,-0.3222929936305553
P40|reversal|MA1|BB0|TP15/SL15|TR0-0|short,1314,-0.013024018250251361,-0.29847609891994265,0.23533554772266357,4,11,-0.6545454545419447,-1.9215358212194875,-0.3779602350036715,0.9992630275238789,52.587519025875196,-0.005479452054764338,-7.19999999996034,-0.005479452054764338,-1.0268182507663604,0.2768818613653737,1.021338798711596,3.6887168905724597,40,reversal,True,False,short,False,-0.60408163265305,0.8565217391304919,0.3780104712042333,-0.5727272727272642
P40|reversal|MA1|BB0|TP15/SL15|TR5-3|both,3644,-2.761295806241339,-2.549471916415638,-1.4289565532710773,3,11,-133.26363636369706,-8.19277916868641,-3.0918256179769354,0.8882561897791945,77.11306256860593,-0.40227771679491403,-1465.9000000006668,-0.40227771679491403,-1.0116488598632816,0.13526916385134863,0.6093711430683675,4.504878463934499,40,reversal,True,False,both,True,-0.3150660792953229,-1.06148555708409,0.2994328922493532,-0.9024861878455223
P40|reversal|MA1|BB0|TP15/SL15|TR5-3|long,1939,-2.384118609976671,-2.353284864923721,-1.0046300185633343,4,11,-78.76363636366703,-6.627413374550952,-2.681223831283209,0.8740459679880928,77.51418256833419,-0.4468282619908907,-866.4000000003371,-0.4468282619908907,-1.0805711290241669,0.13808522815893892,0.6337428670332761,4.58950515911684,40,reversal,True,False,long,True,-0.2470881863562565,-1.6316239316241377,0.345254237287982,-0.8788413098238395
P40|reversal|MA1|BB0|TP15/SL15|TR5-3|short,1720,-1.5887557306815143,-1.3976811294213496,-0.8946858778961218,3,11,-53.890909090939026,-5.332892925001839,-2.014842466511182,0.9056321436530439,76.68604651162791,-0.3446511627908889,-592.800000000329,-0.3446511627908889,-1.1098700160741353,0.1523409549822843,0.7652188532832463,5.023067194059755,40,reversal,True,False,short,True,-0.4304267161411514,-0.46031331592705593,0.2083155650317859,-0.8577507598787039
P40|reversal|MA1|BB0|TP30/SL30|TR0-0|both,1839,0.3832970858018936,0.9728833226857884,-0.314930416664547,8,11,43.65454545454463,-0.7906661349441844,0.1516218251895784,1.0187069529716073,51.549755301794455,0.26112017400760834,480.19999999999175,0.26112017400760834,-0.01511693855763695,0.3861252045614973,0.2762371125652453,0.715408135241919,40,reversal,True,False,both,False,0.27536231884056034,1.2300309597523007,0.9740237691002198,-1.7141333333333864
P40|reversal|MA1|BB0|TP30/SL30|TR0-0|long,1060,0.3165505833793939,0.21880475633361557,0.22898297274267862,7,11,26.427272727271895,-0.60733996568891,0.03080296029242469,1.0197701305767126,51.22641509433963,0.27424528301885925,290.69999999999084,0.27424528301885925,0.6698434896465074,0.3961943146895778,-0.39559820662764816,-0.9984954149016584,40,reversal,True,False,long,False,1.8884735202491703,-2.0604166666666752,2.306363636363745,-3.13824884792639
P40|reversal|MA1|BB0|TP30/SL30|TR0-0|short,928,0.3641730260100148,0.5654718727046014,-0.010920727017869034,5,11,30.181818181819924,-0.45163223609077174,0.0121030475204279,1.0260204401529884,51.616379310344826,0.35775862068967634,332.00000000001967,0.35775862068967634,-1.1820687006684394,0.5518203791587643,1.5398273213581157,2.7904502615607316,40,reversal,True,False,short,False,-1.0383561643835513,3.251075268817194,-0.5752727272727345,1.0782857142858318
P40|reversal|MA1|BB0|TP30/SL30|TR5-3|both,3389,-0.09786727932998136,-0.7708105103319244,0.5444933937170353,6,11,-6.609090909130941,-3.771478322450565,-0.3695305056660419,0.9945390901988732,86.86928297432871,-0.02145175568027117,-72.70000000043899,-0.02145175568027117,-0.8075102127470803,0.27588656433576564,0.7860584570668092,2.849208909318769,40,reversal,True,False,both,True,-0.2114845938375909,-0.8003086419753345,0.9047188755017986,-0.33931750741862665
P40|reversal|MA1|BB0|TP30/SL30|TR5-3|long,1850,-0.31489740322907367,-0.9893014017794188,0.5049278274237019,5,11,-15.127272727293716,-3.1491400762584068,-0.6147642968296532,0.9770931417086219,87.02702702702703,-0.08994594594607028,-166.40000000023002,-0.08994594594607028,-0.7023424404814207,0.2705487507670362,0.6123964945353504,2.2635347337555145,40,reversal,True,False,long,True,0.06970740103262847,-1.7011940298507777,1.1944344703768404,-0.8018567639259342
P40|reversal|MA1|BB0|TP30/SL30|TR5-3|short,1645,-0.17525704605265605,-0.6954501496634978,0.3689670456119579,8,11,-8.463636363655644,-2.7033345094526995,-0.5622847861760256,0.9858383657078212,86.38297872340426,-0.056595744680979554,-93.10000000021137,-0.056595744680979554,-0.8427104023419936,0.20223864385886542,0.7861146576610141,3.8870645226913867,40,reversal,True,False,short,True,-0.7101145038168115,-0.1517808219178435,0.525720620842333,0.31901639344235655
P40|reversal|MA1|BB0|TP20/SL10|TR0-0|both,2970,-0.5873312940886423,-0.5613447437379414,-0.290646909734409,6,11,-42.06363636357628,-3.5593860943792257,-0.8627201670030911,0.9775611648602427,35.65656565656566,-0.15579124579102263,-462.6999999993372,-0.15579124579102263,-0.6147173559691874,0.17813072935088212,0.45892611017816476,2.576344417667384,40,reversal,True,False,both,False,-0.5008888888884205,0.3271247739606749,0.03515016685206207,-0.3631067961165299
P40|reversal|MA1|BB0|TP20/SL10|TR0-0|long,1592,0.16017962433175825,0.18066149315222738,0.05097884058560845,4,11,8.12727272730371,-2.1095265541932813,-0.15187761940360037,1.0081835157995263,36.4321608040201,0.056155778894687355,89.40000000034227,0.056155778894687355,-0.2840797752753397,0.23352332322724964,0.34023555417002704,1.4569660514762888,40,reversal,True,False,long,False,0.10971074380211492,0.1126811594207496,0.2563894523326569,-0.35752212389383037
P40|reversal|MA1|BB0|TP20/SL10|TR0-0|short,1394,-0.7859052423007808,-0.7587820324110759,-0.38933265057741784,3,11,-38.154545454515855,-2.8587905306937498,-1.1904467331687156,0.9569639982363447,35.07890961262554,-0.30107604017193224,-419.69999999967354,-0.30107604017193224,-0.7941324438506602,0.2860006360421518,0.49305640367872794,1.7239696054594071,40,reversal,True,False,short,False,-1.065402843601422,0.745936395760174,-0.1643031784840986,-0.40714285714287995
P40|reversal|MA1|BB0|TP20/SL10|TR5-3|both,3879,-5.011227269626901,-4.033751755021706,-3.136294075878701,0,11,-216.8545454545069,-11.32129901653192,-5.34996662996839,0.8227891358611896,67.82675947409126,-0.6149523072955855,-2385.3999999995763,-0.6149523072955855,-0.9578986389228694,0.06588637346592742,0.34294633162728394,5.2051177441817424,40,reversal,True,False,both,True,-0.5976973684209284,-0.8705577172501987,-0.37506631299725135,-0.7400788436267189
P40|reversal|MA1|BB0|TP20/SL10|TR5-3|long,2064,-4.211468915713716,-3.3290997188838847,-2.664407075741624,0,11,-128.1636363636156,-9.00874787740482,-4.593268425374029,0.8025158289908887,67.9748062015504,-0.683042635658804,-1409.7999999997714,-0.683042635658804,-0.9422373516201237,0.10100363031847198,0.2591947159613197,2.566192077889274,40,reversal,True,False,long,True,-0.6531055900619888,-1.0764864864863743,-0.3838351822503034,-0.8322195704056107
P40|reversal|MA1|BB0|TP20/SL10|TR5-3|short,1819,-2.954862632834763,-2.4321962535453423,-1.811317432161847,1,11,-88.29999999998209,-7.365694197266387,-3.37199412524661,0.8466239262253894,67.67454645409565,-0.5339747113797708,-971.299999999803,-0.5339747113797708,-1.0137580499163559,0.1576901531441592,0.47978333853658506,3.042570058879774,40,reversal,True,False,short,True,-0.5212543554005694,-0.6805486284287898,-0.38483033932125565,-0.6017492711369749
P40|reversal|MA1|BB0|TP10/SL20|TR0-0|both,2925,-0.29819241626595316,-0.4070926710409211,-0.031659922351696936,6,11,-20.18181818188989,-3.436865496138924,-0.5381896777091887,0.9881605051517378,68.88888888888889,-0.07589743589770513,-222.0000000007875,-0.07589743589770513,-0.8914705855898237,0.2604834154112092,0.8155731496921186,3.1309983724093273,40,reversal,True,False,both,False,-0.13416572077232616,0.019538188276607905,0.2204081632652058,-0.5161936560935055
P40|reversal|MA1|BB0|TP10/SL20|TR0-0|long,1580,0.09768512167854909,-0.5705250117598732,0.6750569991231208,7,11,4.736363636324913,-2.277327223509668,-0.14524444981973123,1.0051986150330354,69.30379746835443,0.03297468354403476,52.09999999957492,0.03297468354403476,-0.619287802214859,0.1760925679760808,0.6522624857588938,3.70408866913391,40,reversal,True,False,long,False,0.20105263157846473,-0.7261648745524394,0.9515274949082129,-0.91940298507462
P40|reversal|MA1|BB0|TP10/SL20|TR0-0|short,1393,-0.6727903947605505,-0.6047344403782089,-0.36051803274979105,6,11,-31.89090909094398,-2.840774415784458,-1.0286527621937642,0.9613724453840302,68.19813352476669,-0.2518305814790977,-350.8000000003831,-0.2518305814790977,-1.2245655666069237,0.1751580998615343,0.972734985127826,5.553468471608169,40,reversal,True,False,short,False,-0.7659574468089764,0.5218543046352733,-0.6236775818640367,0.2332103321032623
P40|reversal|MA1|BB0|TP10/SL20|TR5-3|both,3547,-3.334378888911508,-2.605221983882816,-2.145073482538399,2,11,-180.37272727275126,-8.086131998734215,-3.6071023286155657,0.8547085530169668,81.33634056949535,-0.5593741189738549,-1984.1000000002632,-0.5593741189738549,-1.1073767722465062,0.12806698277533457,0.5480026532726513,4.279031498961772,40,reversal,True,False,both,True,-0.5507233273057958,-1.0714490674320116,-0.006807286673050632,-0.886019971469258
P40|reversal|MA1|BB0|TP10/SL20|TR5-3|long,1905,-3.0618189288151942,-2.461225718899435,-1.8835217264281525,3,11,-114.2727272727384,-6.775006724861759,-3.277491892626236,0.8288538518094727,81.41732283464566,-0.6598425196851033,-1257.0000000001219,-0.6598425196851033,-1.103193586271155,0.12407397712580238,0.4433510665860517,3.5732800451501974,40,reversal,True,False,long,True,-0.4142372881358012,-1.6661807580176637,-0.005831903945085689,-1.1251928020564423
P40|reversal|MA1|BB0|TP10/SL20|TR5-3|short,1684,-1.8067788382949352,-1.6088074997697719,-0.9845594442688923,3,11,-68.02727272728656,-5.152379712371346,-2.1911665306020973,0.8846106399382938,81.17577197149643,-0.4443586698338192,-748.3000000001516,-0.4443586698338192,-1.222688005272544,0.11987860743559499,0.7783293354387247,6.492645786337514,40,reversal,True,False,short,True,-0.7718867924529964,-0.4764705882354595,-0.028725701943854095,-0.465930599369077
P40|breakout|MA1|BB0|TP20/SL20|TR0-0|both,2825,-0.7596565366774511,-0.6313868208105404,-0.45826336376431487,3,11,-74.16363636363934,-2.8522359814609555,-1.001393591259239,0.9710751273750958,51.256637168141594,-0.28877876106195766,-815.8000000000304,-0.28877876106195766,-0.6627925442868572,0.3239909838867902,0.37401378322489953,1.1543956524283665,40,breakout,True,False,both,False,-0.661457109283191,-0.16012396694214118,0.2357063403781593,-0.6553299492385855
P40|breakout|MA1|BB0|TP20/SL20|TR0-0|long,1536,0.32040882136935656,0.2316370801831237,0.22235805202752013,4,11,22.09999999999933,-1.298729757445015,0.04260595530164854,1.0162423999465484,52.408854166666664,0.15826822916666264,243.09999999999383,0.15826822916666264,-0.11267994085976074,0.24126223984466155,0.27094817002642335,1.1230442451370564,40,breakout,True,False,long,False,0.6000000000000191,-0.27499999999999136,1.2316221765913036,-1.681736526946055
P40|breakout|MA1|BB0|TP20/SL20|TR0-0|short,1385,-1.1597777839117889,-1.8207036665130047,0.02344033802150622,1,11,-79.65454545454855,-2.628655803030266,-1.5192048383249837,0.9376800358471338,50.32490974729242,-0.6326353790613957,-876.200000000033,-0.6326353790613957,-0.8233215315008516,0.32744921915971165,0.19068615243945597,0.5823380887234604,40,breakout,True,False,short,False,-1.583411214953276,-0.555056179775277,-0.6059382422803037,0.7613382899627366
P40|breakout|MA1|BB0|TP20/SL20|TR5-3|both,4177,-1.8300348770789105,-3.0532900740441726,0.2070991855646648,5,11,-112.49090909091795,-6.746173953843649,-2.104607861147187,0.9258953168044006,80.63203255925305,-0.2962413215226469,-1237.4000000000963,-0.2962413215226469,-0.9354598882579916,0.09338820467545648,0.6392185667353447,6.844746282003843,40,breakout,True,False,both,True,-0.40138781804174845,-1.400506970849304,0.46211878009637875,-0.22201183431945082
P40|breakout|MA1|BB0|TP20/SL20|TR5-3|long,2267,-1.0290888091732215,-1.5263852232123092,-0.060775713158452316,4,11,-45.25454545454844,-4.788990828682657,-1.3674820725216776,0.9424089221051122,81.60564622849581,-0.21958535509485344,-497.80000000003275,-0.21958535509485344,-0.9045744176635383,0.2496115711211448,0.6849890625686849,2.744219987446964,40,breakout,True,False,long,True,-0.2015714285715614,-1.1900510204082853,0.665142857142904,-0.7490526315787879
P40|breakout|MA1|BB0|TP20/SL20|TR5-3|short,1974,-1.7966322022846253,-3.003232095978466,0.3057379097741516,5,11,-78.20000000000641,-5.143710283027626,-2.160411464728915,0.8974377317547084,79.33130699088146,-0.43576494427561785,-860.2000000000696,-0.43576494427561785,-1.0518002805742055,0.1502964000105436,0.6160353362985876,4.098803006960723,40,breakout,True,False,short,True,-0.7370967741936424,-1.580000000000142,0.17941712204018043,0.4738666666666404
P40|breakout|MA1|BB0|TP15/SL15|TR0-0|both,3367,-0.547683066963775,-1.379007607593999,0.4874338257997384,4,11,-42.8909090909018,-3.6469328855778373,-0.7856209993785632,0.9813556107045228,52.18295218295218,-0.14012474012471562,-471.79999999991753,-0.14012474012471562,-0.6394283010851007,0.17504071678753794,0.4993035609603851,2.85249952196227,40,breakout,True,False,both,False,-0.604113614103814,-0.19123102866776698,0.3542421353670601,-0.16079545454543043
P40|breakout|MA1|BB0|TP15/SL15|TR0-0|long,1783,0.27895923756698604,-0.2326468780861452,0.5871282548192609,4,11,15.33636363636889,-2.072789006120359,-0.0028489639043217836,1.0128088317920254,53.000560852495795,0.09461581604041475,168.7000000000595,0.09461581604041475,-0.3268138343595233,0.14107695447153934,0.42142965039993807,2.9872324078625945,40,breakout,True,False,long,False,-0.19558823529409744,0.21896551724141816,0.8063492063492672,-0.6429319371727693
P40|breakout|MA1|BB0|TP15/SL15|TR0-0|short,1628,-0.7748040890455589,-1.7689208381719685,0.537231845367626,4,11,-41.47272727272437,-2.9856682284389287,-1.1072256109863303,0.9630924065174867,51.65847665847666,-0.28022113022110995,-456.19999999996696,-0.28022113022110995,-0.9807688191176993,0.16406131519773,0.7005476888965894,4.270035797605762,40,breakout,True,False,short,False,-1.0020202020202076,-0.37304075235108125,-0.029979466119067377,0.5302752293578485
P40|breakout|MA1|BB0|TP15/SL15|TR5-3|both,4373,-3.135513874375209,-4.084531672011477,-0.6696531797239419,4,11,-169.4909090909798,-8.907043647216968,-3.4014852627945062,0.8875431273674385,75.89755316716213,-0.42634347130134415,-1864.400000000778,-0.42634347130134415,-1.0297639983125098,0.10970278629368534,0.6034205270111657,5.500503199579166,40,breakout,True,False,both,True,-0.4983751846382876,-1.2978545887963866,0.34142746314958244,-0.6069584736253415
P40|breakout|MA1|BB0|TP15/SL15|TR5-3|long,2345,-1.698714453210421,-2.843315312559225,0.2307758617404111,3,11,-64.7181818182176,-6.155046341500203,-2.032237478176129,0.9154302141863926,77.22814498933901,-0.30358208955240656,-711.9000000003934,-0.30358208955240656,-0.9895540085223546,0.1534856081894196,0.685971918969948,4.469291466880573,40,breakout,True,False,long,True,-0.49834254143665474,-1.2646191646193614,0.6030470914125919,-0.5524390243903788
P40|breakout|MA1|BB0|TP15/SL15|TR5-3|short,2053,-2.749818576403907,-2.8613664376513315,-1.1535836449616255,3,11,-102.63636363639908,-6.7457482638958455,-3.083186602554224,0.8627205408494123,74.47637603507063,-0.5499269361911296,-1129.0000000003893,-0.5499269361911296,-1.0071215593990377,0.1340070872808308,0.45719462320790805,3.4117197268066284,40,breakout,True,False,short,True,-0.5247278382583312,-1.2398190045250934,0.01971830985901578,-0.6370000000002805
P40|breakout|MA1|BB0|TP30/SL30|TR0-0|both,2164,0.6111313441835332,0.6170286173072754,0.2857221771100772,5,11,76.20000000000077,-0.6511201558283546,0.3387394938558948,1.027726964489505,51.7097966728281,0.38733826247689884,838.2000000000091,0.38733826247689884,-0.4025614847345002,0.3624937132711416,0.7898997472113991,2.1790715763960358,40,breakout,True,False,both,False,0.22870370370368984,0.7137640449437949,1.075671852899625,-0.7165562913907451
P40|breakout|MA1|BB0|TP30/SL30|TR0-0|long,1227,1.210333965752935,0.6899678672589397,1.0057557538677644,7,11,110.58181818181852,0.23392014868144087,0.9329807381098659,1.073131726086694,52.64873675631622,0.9913610431947878,1216.4000000000046,0.9913610431947878,0.9645124073323645,0.4087245722269159,0.026848635862423254,0.06568882246579835,40,breakout,True,False,long,False,1.9581081081080651,-0.881339712918676,2.801269035533098,-1.6834645669292014
P40|breakout|MA1|BB0|TP30/SL30|TR0-0|short,1115,-0.23721287542377548,0.36135132790850133,-0.6095353653435316,4,11,-21.572727272726734,-1.1315770201415933,-0.6323662747177448,0.9850354721740505,50.672645739910315,-0.21282511210761731,-237.2999999999933,-0.21282511210761731,-0.8390283149487144,0.35373363629056426,0.6262032028410971,1.7702676211620447,40,breakout,True,False,short,False,-0.48005698005697456,1.2808411214953213,-1.5239520958084027,0.7689814814815379
P40|breakout|MA1|BB0|TP30/SL30|TR5-3|both,3939,-0.18921020834916852,-2.4618659080950422,1.8635850593589836,5,11,-14.109090909137912,-4.052315478155547,-0.45654972347578837,0.9905877215857436,85.98629093678599,-0.03940086316337027,-155.2000000005155,-0.03940086316337027,-0.8438795179098809,0.12050035871540703,0.8044786547465106,6.676151534507016,40,breakout,True,False,both,True,-0.3738562091503633,-1.5204735376044984,1.1534962089298777,0.030740740740486355
P40|breakout|MA1|BB0|TP30/SL30|TR5-3|long,2187,0.1620903989641047,-1.4426079257378563,1.5180405884147263,6,11,8.599999999974726,-2.8611813322947195,-0.1024577258699669,1.010893221100114,86.83127572016461,0.04325560128016555,94.59999999972206,0.04325560128016555,-0.7642647525898119,0.1679677187058378,0.8075203538699774,4.807592554639558,40,breakout,True,False,long,True,-0.16647058823535138,-1.46500000000003,1.579166666666468,-0.6520879120881173
P40|breakout|MA1|BB0|TP30/SL30|TR5-3|short,1905,-0.5486191317967941,-1.8079032443590326,0.8499956483996621,7,11,-29.645454545477193,-3.1578307237311836,-0.8998201920764438,0.9613236078989212,85.03937007874016,-0.17118110236233486,-326.1000000002479,-0.17118110236233486,-0.7848106416678278,0.23479248881205442,0.6136295393054929,2.6134973159072743,40,breakout,True,False,short,True,-0.6747508305647901,-1.3645783132530778,0.593714285714098,0.9220385674927858
P40|breakout|MA1|BB0|TP20/SL10|TR0-0|both,3716,-0.481126544802212,-0.8384887446690507,0.08419805012126472,5,11,-38.68181818174469,-3.788104312303976,-0.7444244330788484,0.983485348340803,35.71044133476857,-0.11450484391797318,-425.49999999918833,-0.11450484391797318,-0.6593480408974913,0.14426615916123944,0.5448431969795181,3.7766528210581436,40,breakout,True,False,both,False,-0.620068906114948,0.294539781591721,0.38913234005257497,-0.43777490297544114
P40|breakout|MA1|BB0|TP20/SL10|TR0-0|long,1980,0.4091711399947757,0.10750014430583361,0.4529421838952423,7,11,23.209090909128506,-2.1117401638094764,0.13393823899737023,1.0188352121820536,36.56565656565657,0.1289393939396034,255.30000000041474,0.1289393939396034,-0.2689453954819651,0.23911279629235044,0.3978847894215685,1.6640045852464376,40,breakout,True,False,long,False,-0.14975450081786584,0.4350000000004567,0.7763578274760191,-0.6581560283688026
P40|breakout|MA1|BB0|TP20/SL10|TR0-0|short,1765,-1.1715365828732132,-1.7186556133732707,-0.09772517795085262,3,11,-63.681818181781026,-3.503736887987866,-1.5707914129334066,0.9435704101114393,34.787535410764875,-0.39688385269098575,-700.4999999995898,-0.39688385269098575,-0.802308603865564,0.23437150586379293,0.40542475117457827,1.7298380606480142,40,breakout,True,False,short,False,-1.1483870967737184,0.10771513353162057,-0.027799227799227975,-0.23181818181821442
P40|breakout|MA1|BB0|TP20/SL10|TR5-3|both,4753,-4.421740855082858,-5.655060910956441,-1.0582761895928663,3,11,-212.2454545454086,-11.344852066046233,-4.745522890116827,0.8608384147250318,67.28382074479276,-0.4912055543865968,-2334.6999999994946,-0.4912055543865968,-0.9944306731294356,0.07324777159660026,0.5032251187428387,6.870176495119416,40,breakout,True,False,both,True,-0.7714094856378032,-1.0005512679160806,0.165759312320998,-0.5286463798530227
P40|breakout|MA1|BB0|TP20/SL10|TR5-3|long,2544,-2.5695051103938176,-4.14541148045858,0.17097343686574382,3,11,-88.34545454542915,-7.827692427107276,-2.965720669328171,0.8865302881696594,68.82861635220125,-0.38199685534580213,-971.7999999997206,-0.38199685534580213,-0.9494398693338587,0.06721560613257538,0.5674430139880566,8.442131919019488,40,breakout,True,False,long,True,-0.8651307596511658,-0.8235023041473454,0.4177150192555216,-0.46420454545442796
P40|breakout|MA1|BB0|TP20/SL10|TR5-3|short,2215,-3.7619645319479202,-3.66988870270615,-1.8137901991361225,2,11,-123.34545454543394,-8.534125326485738,-4.194363695993774,0.8350054114528423,65.55304740406321,-0.6125507900676177,-1356.7999999997733,-0.6125507900676177,-1.0199996525903299,0.1208603348273358,0.4074488625227122,3.371237247561859,40,breakout,True,False,short,True,-0.657306590257742,-1.1479999999998698,-0.15235008103717693,-0.608705882352924
P40|breakout|MA1|BB0|TP10/SL20|TR0-0|both,3472,-1.2468504169408168,-1.7954164776120751,-0.07058530700467248,2,11,-91.62727272735498,-4.66720918596202,-1.4844143186429786,0.955714806694366,68.20276497695853,-0.2902937788021032,-1007.9000000009024,-0.2902937788021032,-0.9368471893330967,0.17766363415945013,0.6465534105309936,3.6391995108617596,40,breakout,True,False,both,False,-0.49650283553922275,-0.6074675324680046,0.08289962825270204,-0.27368421052634595
P40|breakout|MA1|BB0|TP10/SL20|TR0-0|long,1876,-0.01353322064413205,0.0020673302198182,-0.020116432293283384,6,11,-0.7090909091352945,-2.619396548393875,-0.3008126632646984,0.9993466242251225,69.18976545842217,-0.00415778251625103,-7.800000000486932,-0.00415778251625103,-0.6737515521189242,0.1496154515201209,0.6695937696026732,4.475431934332153,40,breakout,True,False,long,False,0.10470383275213467,-0.32730263157942513,0.43938879456695823,-0.5555012224939017
P40|breakout|MA1|BB0|TP10/SL20|TR0-0|short,1663,-1.694498250997721,-2.4634408640584784,-0.010112579356087198,4,11,-87.972727272768,-4.043737114634073,-1.9755139842326432,0.913762220063588,67.1677690920024,-0.5819001803971419,-967.700000000447,-0.5819001803971419,-1.106315011310833,0.16130205685745444,0.5244148309136912,3.2511354233822707,40,breakout,True,False,short,False,-1.1285714285718909,-0.9448680351910828,-0.33156822810597064,0.29374999999993767
P40|breakout|MA1|BB0|TP10/SL20|TR5-3|both,4177,-3.384234287189871,-3.5827488865002324,-1.3286813059451037,2,11,-198.8909090909378,-8.507554078972035,-3.605677585554965,0.8689783207569557,80.63203255925305,-0.5237730428537981,-2187.800000000315,-0.5237730428537981,-1.1486682263270782,0.10320930805630563,0.6248951834732801,6.0546397921045045,40,breakout,True,False,both,True,-0.5523515805707369,-1.4190114068442758,0.0072231139647054975,-0.4269822485206612
P40|breakout|MA1|BB0|TP10/SL20|TR5-3|long,2267,-2.1494223155694665,-2.1117078089540815,-1.0142767281662015,4,11,-90.3636363636513,-6.081302358202421,-2.4160740615206047,0.8850029501255039,81.60564622849581,-0.43846493162777417,-994.000000000164,-0.43846493162777417,-1.1684796669620856,0.1030995348231502,0.7300147353343114,7.080679234746579,40,breakout,True,False,long,True,-0.43285714285735294,-1.1900510204083325,0.28571428571427865,-0.8936842105262006
P40|breakout|MA1|BB0|TP10/SL20|TR5-3|short,1974,-2.927462793309532,-3.2017673566504543,-0.967809321678885,2,11,-121.22727272728757,-6.45568267946538,-3.220610893613519,0.8410058303823509,79.33130699088146,-0.6755319148936995,-1333.5000000001628,-0.6755319148936995,-1.293159331740244,0.18800900504699392,0.6176274168465444,3.285094863898487,40,breakout,True,False,short,True,-0.8040322580646846,-1.6274418604652965,-0.36429872495440685,0.1727999999999685
P60|breakout|MA0|BB0|TP20/SL20|TR0-0|both,2763,-0.12911687079462306,-0.6243060931708886,0.38570493597915334,5,11,-12.272727272732844,-2.225933229312287,-0.3524756010347389,0.9950436707675675,51.75533840028954,-0.04885993485344169,-135.0000000000594,-0.04885993485344169,-0.8221825088185861,0.2929626804865597,0.7733225739651445,2.639662405739841,60,breakout,False,False,both,False,-0.6527614571092765,-0.10662525879916558,0.9169745958428825,-0.572113676731801
P60|breakout|MA0|BB0|TP20/SL20|TR0-0|long,1474,0.6994488663897807,-0.3935388168756869,1.2731424399094196,7,11,48.03636363635947,-0.858587109692242,0.47480784813235954,1.037221490409335,52.91723202170964,0.3584803256444744,528.3999999999553,0.3584803256444744,-0.35980081434864025,0.2312436971966393,0.7182811399931146,3.1061652650464264,60,breakout,False,False,long,False,-0.5207762557077562,0.163257575757578,2.4390557939912805,-1.3830065359476629
P60|breakout|MA0|BB0|TP20/SL20|TR0-0|short,1401,-0.8475033856157236,-0.6360568534941121,-0.5695312658248711,5,11,-56.74545454545573,-2.3641538387387397,-1.1810139603351544,0.9556953040713172,50.46395431834404,-0.445538900785162,-624.200000000012,-0.445538900785162,-1.2526906099231252,0.3591135903914949,0.8071517091379632,2.2476222864693884,60,breakout,False,False,short,False,-0.5162280701754299,-0.4818532818532779,-0.5656250000000115,-0.10629629629634231
P60|breakout|MA0|BB0|TP20/SL20|TR5-3|both,4067,-1.492814586468664,-1.918873332202181,-0.26159778922442256,5,11,-92.1545454545561,-6.240191389940821,-1.7995569283647792,0.9385922932934245,80.32948119006639,-0.24925006147039977,-1013.7000000001159,-0.24925006147039977,-0.9137715620247683,0.11374783013154191,0.6645215005543685,5.842058699369412,60,breakout,False,False,both,True,-0.11849577897173086,-1.3324050632912836,0.2409669211196708,-0.1142138364778983
P60|breakout|MA0|BB0|TP20/SL20|TR5-3|long,2159,-1.3245874581916737,-1.6142592123536073,-0.2992063362157418,4,11,-58.03636363637022,-4.896135045219714,-1.609256003292928,0.9243072764135966,81.10236220472441,-0.2956924502084631,-638.4000000000718,-0.2956924502084631,-0.8297537034997544,0.1629199980312104,0.5340612532912914,3.278058309262819,60,breakout,False,False,long,True,-0.30652818991112357,-1.1049261083745419,0.6420000000000468,-0.9335664335662962
P60|breakout|MA0|BB0|TP20/SL20|TR5-3|short,1977,-1.023025092293102,-1.3328275044939346,-0.23099064649356937,6,11,-45.918181818186504,-4.262816549654378,-1.4382220633637588,0.9397499821074912,79.36267071320182,-0.25548811330301,-505.10000000005084,-0.25548811330301,-1.1810605240358059,0.20360203020265796,0.9255724107327958,4.545988121098376,60,breakout,False,False,short,True,0.03383915022750611,-1.601694915254363,-0.2249063670410897,0.6851752021563777
P60|breakout|MA0|BB0|TP15/SL15|TR0-0|both,3274,-0.8691994146318162,-0.7544833775790829,-0.4904139401103455,4,11,-68.23636363635772,-3.85315560397684,-1.1074958819198713,0.9697036968270851,51.893708002443496,-0.22926084300547722,-750.5999999999324,-0.22926084300547722,-0.8533667516408869,0.1893749109708881,0.6241059086354097,3.295610307805511,60,breakout,False,False,both,False,-0.2351485148514655,-0.4410084033613311,-0.01630648330056021,-0.35960061443930824
P60|breakout|MA0|BB0|TP15/SL15|TR0-0|long,1721,0.5910050766298531,0.001724698876773849,0.7842790972843918,5,11,33.063636363642075,-1.6345383480839726,0.38608094443976815,1.0288106592309798,53.34108076699593,0.2113306217315885,363.7000000000638,0.2113306217315885,-0.5639352134687011,0.21577879245452633,0.7752658352002897,3.5928731752619796,60,breakout,False,False,long,False,-0.17857142857140534,0.3954248366013492,0.8325497287523203,-0.3639534883720768
P60|breakout|MA0|BB0|TP15/SL15|TR0-0|short,1614,-1.3029280329894515,-0.5999559224388931,-1.2084079120919706,3,11,-69.82727272727097,-3.469611525813693,-1.6443629572451328,0.9381502238541601,51.053283767038415,-0.47589838909540216,-768.0999999999791,-0.47589838909540216,-1.223166795734964,0.2574152903617436,0.7472684066395617,2.9029682175811375,60,breakout,False,False,short,False,-0.10503875968989508,-0.7100323624595407,-0.8947368421052664,-0.22133757961781403
P60|breakout|MA0|BB0|TP15/SL15|TR5-3|both,4275,-2.981385017861278,-3.119814679001376,-1.1710858133921351,1,11,-159.5909090909779,-8.650434054490056,-3.2632102618818837,0.8933714778573048,75.50877192982456,-0.41064327485397817,-1755.5000000007567,-0.41064327485397817,-1.0790977962888058,0.07994505859521427,0.6684545214348276,8.36142387260497,60,breakout,False,False,both,True,-0.3024817518249959,-1.3650473933651432,0.01938361719369144,-0.2571256038649192
P60|breakout|MA0|BB0|TP15/SL15|TR5-3|long,2252,-2.409641687193989,-3.1047628906369877,-0.36437351011450025,2,11,-90.35454545458427,-6.710769154537607,-2.6559743808098863,0.8813083665718802,76.3765541740675,-0.4413410301955714,-993.9000000004269,-0.4413410301955714,-1.0656035393709256,0.11296047097941567,0.6242625091753542,5.526380190899798,60,breakout,False,False,long,True,-0.6770981507825587,-1.1851764705884693,0.2748898678412458,-0.4546275395035588
P60|breakout|MA0|BB0|TP15/SL15|TR5-3|short,2058,-1.8101721468501715,-1.2736865642087902,-1.2924400301329022,3,11,-68.48181818184925,-5.7655577451205415,-2.192720225333237,0.9079624176817336,74.68415937803692,-0.36603498542290624,-753.300000000341,-0.36603498542290624,-1.277156727621736,0.13104289808452027,0.9111217421988297,6.952850978701439,60,breakout,False,False,short,True,0.1260997067447079,-1.5060324825988072,-0.2723021582735047,-0.09974293059145975
P60|breakout|MA0|BB0|TP30/SL30|TR0-0|both,2101,1.2066361706745528,0.8594134769615217,0.8536101737692956,8,11,148.77272727272918,-0.0325982626107187,0.9592638122536872,1.0563725236909272,52.498810090433125,0.7789148024750225,1636.5000000000223,0.7789148024750225,-0.9635258319113872,0.2875404831498113,1.7424406343864098,6.05980978851796,60,breakout,False,False,both,False,0.32432859399682057,1.4386554621848548,1.6838805970149835,-0.4775510204081578
P60|breakout|MA0|BB0|TP30/SL30|TR0-0|long,1185,1.3197700766316054,0.30489379152800816,1.4742594805782816,8,11,120.62727272727426,0.3767188629702085,1.0702868483188663,1.0823685697081804,53.333333333333336,1.1197468354430529,1326.9000000000176,1.1197468354430529,0.22362351327938407,0.43648851726263627,0.8961233221636689,2.053028399884502,60,breakout,False,False,long,False,1.1865329512893756,-0.06488888888889026,4.065945945946066,-2.394190871369372
P60|breakout|MA0|BB0|TP30/SL30|TR0-0|short,1116,0.2584342910617867,0.7809468539118033,-0.3260669732286236,8,11,22.80909090909249,-0.6616339610217679,-0.10488645345251801,1.0161412763767377,51.16487455197133,0.224820788530482,250.9000000000179,0.224820788530482,-1.6713276549676859,0.3974682407002418,1.896148443498168,4.770565920330184,60,breakout,False,False,short,False,0.07058823529411108,0.8359223300970755,-0.6549848942597964,1.2175675675676376
P60|breakout|MA0|BB0|TP30/SL30|TR5-3|both,3794,0.5175257533966806,-1.0634945218173761,1.666577007351004,6,11,38.054545454501316,-3.249426379470189,0.2331776397960448,1.0262298779990795,86.00421718502899,0.11033210332090577,418.5999999995165,0.11033210332090577,-0.833447999861092,0.2275644213651111,0.9437801031819978,4.147309572913286,60,breakout,False,False,both,True,0.038146021328902206,-1.334317862166018,1.1457918552034276,0.07206851119872906
P60|breakout|MA0|BB0|TP30/SL30|TR5-3|long,2076,-0.1389211385032545,-1.4279987958244629,1.1733959284583206,5,11,-7.327272727298001,-3.0191399945727255,-0.4117978468732147,0.990481251845258,86.46435452793835,-0.03882466281323553,-80.60000000027696,-0.03882466281323553,-0.6650151874522723,0.1514972254530647,0.6261905246390368,4.133346487147625,60,breakout,False,False,long,True,-0.29618320610693766,-1.2145408163265994,1.5983739837396524,-0.9504830917876639
P60|breakout|MA0|BB0|TP30/SL30|TR5-3|short,1890,0.3615018664487245,-0.5818225032063409,0.943082150037077,6,11,19.64545454543351,-2.197437587496099,0.00017106708608736516,1.0259757431514394,85.18518518518519,0.11433862433850243,216.0999999997696,0.11433862433850243,-1.0126516498293785,0.1484258571143027,1.126990274167881,7.592951094093977,60,breakout,False,False,short,True,0.13375394321761896,-1.5038071065990306,0.6942800788952493,1.0473239436617618
P60|breakout|MA0|BB0|TP20/SL10|TR0-0|both,3702,-0.9690391950856063,-1.3598998777606643,-0.06368102129656467,4,11,-77.91818181810454,-4.227830134966587,-1.2107322532266331,0.9668129000282969,35.30524041058887,-0.2315235008101423,-857.0999999991468,-0.2315235008101423,-0.6037408778058827,0.09870148799107019,0.3722173769957404,3.771142508301557,60,breakout,False,False,both,False,-0.5827527612569643,-0.1865237365998409,0.27235915492958507,-0.4875000000000179
P60|breakout|MA0|BB0|TP20/SL10|TR0-0|long,1926,0.3761956784366039,-0.6994375405429444,1.0980614894934884,5,11,21.690909090945866,-2.0264552931251387,0.10884142245802585,1.0180820588993449,36.55244029075805,0.12388369678110384,238.600000000406,0.12388369678110384,-0.37264214778300586,0.22712747591328045,0.4965258445641097,2.1861108726171388,60,breakout,False,False,long,False,-0.6160472972968296,0.45684523809569866,1.0242524916943236,-0.4212121212121426
P60|breakout|MA0|BB0|TP20/SL10|TR0-0|short,1822,-1.6218653397294167,-0.8781560984108402,-1.390814347131627,3,11,-87.49999999995781,-4.014563591106036,-1.999867806244272,0.9253928020526022,34.24807903402854,-0.5282656421512263,-962.4999999995343,-0.5282656421512263,-0.8506040957172878,0.1745467112824269,0.3223384535660615,1.846717427087462,60,breakout,False,False,short,False,-0.3553333333328635,-0.5676557863496802,-0.5588126159554235,-0.7421965317919107
P60|breakout|MA0|BB0|TP20/SL10|TR5-3|both,4691,-4.329228219006051,-3.8680713089216456,-2.334253174403397,2,11,-211.1727272726797,-10.99056082313862,-4.684362198708212,0.8621653375107049,66.7021956938819,-0.4951822639095025,-2322.899999999476,-0.4951822639095025,-0.955111374378894,0.06901372830062501,0.45992911046939156,6.664313344526647,60,breakout,False,False,both,True,-0.4474030243259735,-1.1441558441557218,-0.00321615557206476,-0.639053905390465
P60|breakout|MA0|BB0|TP20/SL10|TR5-3|long,2464,-3.507807382054208,-3.9620601266910747,-1.1394979174219853,2,11,-122.2545454545223,-8.440849213985047,-3.810364382722898,0.8435697003536415,67.6948051948052,-0.5457792207791173,-1344.799999999745,-0.5457792207791173,-0.9908682688945906,0.07075018929182257,0.44508904811547323,6.290994449210857,60,breakout,False,False,long,True,-0.8477535301667404,-0.9502164502163616,0.2677154582764141,-0.896544715447061
P60|breakout|MA0|BB0|TP20/SL10|TR5-3|short,2243,-2.7240947225705705,-1.7736801427009847,-2.065980476500969,2,11,-92.63636363633924,-7.385367467677242,-3.1635933892030246,0.8776945604686034,65.53722692822113,-0.45430227374040644,-1018.9999999997316,-0.45430227374040644,-1.09029864094244,0.10893582590263699,0.6359963672020336,5.838266354821275,60,breakout,False,False,short,True,-0.0415999999998881,-1.3683760683759132,-0.32421746293230663,-0.3602870813396602
P60|breakout|MA0|BB0|TP10/SL20|TR0-0|both,3365,-1.4504086566234053,-1.0488708794510813,-1.0063859483718243,6,11,-106.42727272735233,-4.747897292387,-1.7068308752510883,0.9471741533740544,67.96433878157504,-0.347904903417793,-1170.7000000008734,-0.347904903417793,-1.012390621586546,0.14444667498709685,0.6644857181687529,4.60021470364832,60,breakout,False,False,both,False,-0.25358490566085073,-0.5355628058732288,-0.18053097345140023,-0.5777777777777907
P60|breakout|MA0|BB0|TP10/SL20|TR0-0|long,1787,0.13435025162196929,-0.11571392337991517,0.28007972307611695,8,11,7.072727272683989,-2.329614963770361,-0.15385092501060718,1.0068905047427155,69.27811975377728,0.043536653609135424,77.799999999525,0.043536653609135424,-0.7010216744538227,0.2221919083808157,0.7445583280629581,3.3509695897064633,60,breakout,False,False,long,False,0.021794871794394283,-0.20473186119921782,0.9837837837836593,-1.1252032520325022
P60|breakout|MA0|BB0|TP10/SL20|TR0-0|short,1657,-2.1225337253550367,-1.4797224641278617,-1.5212138391953798,3,11,-110.9000000000391,-4.428402790329073,-2.427377649688726,0.8923832880482331,66.56608328304165,-0.7362100181052682,-1219.9000000004294,-0.7362100181052682,-1.3199454050254957,0.2500771997065456,0.5837353869202275,2.3342207430554036,60,breakout,False,False,short,False,-0.4044198895032318,-0.9807339449545919,-1.328541226215669,-0.163057324840801
P60|breakout|MA0|BB0|TP10/SL20|TR5-3|both,4067,-3.3446272874208214,-2.72512139899785,-2.0273377257737564,1,11,-198.66363636366793,-8.245327582455893,-3.5905618566754787,0.8676193533926357,80.32948119006639,-0.5373248094419341,-2185.300000000346,-0.5373248094419341,-1.168934510045267,0.10725408351581248,0.631609700603333,5.8889105188262105,60,breakout,False,False,both,True,-0.3487336914814136,-1.369367088607781,-0.2800678541136285,-0.4011320754716348
P60|breakout|MA0|BB0|TP10/SL20|TR5-3|long,2159,-2.4241164751747166,-2.2177441214508837,-1.2347690255151118,3,11,-102.02727272729079,-6.138474016930694,-2.6708322645127462,0.8669330456124281,81.10236220472441,-0.5198239925892536,-1122.3000000001985,-0.5198239925892536,-1.165110942055453,0.17117295452998954,0.6452869494661995,3.7697950078506417,60,breakout,False,False,long,True,-0.5635014836797496,-1.099014778325312,0.24799999999998432,-1.0664335664334736
P60|breakout|MA0|BB0|TP10/SL20|TR5-3|short,1977,-2.5562979943577635,-1.9065173363238908,-1.7288991995069196,2,11,-108.79090909092332,-5.979230542271251,-2.892323642544589,0.8572536202495197,79.36267071320182,-0.6053110773900636,-1196.7000000001558,-0.6053110773900636,-1.2756469531304337,0.17381825482026078,0.6703358757403701,3.856533230261346,60,breakout,False,False,short,True,-0.16449165402145546,-1.6782082324456915,-0.8956928838950584,0.22398921832888094
P40|reversal|MA0|BB0|TP20/SL20|TR0-0|both,2668,0.33819788808089857,0.31708311083739904,0.16960218982390926,7,11,31.93636363636084,-1.7076863157686621,0.09887122309078263,1.013512318018346,52.398800599700145,0.13167166416790538,351.29999999997153,0.13167166416790538,-0.9320992328420147,0.17217749394299633,1.06377089700992,6.17833883307715,40,reversal,False,False,both,False,-0.2064556962025183,0.8389937106918534,0.37843601895729717,-0.3684021543985849
P40|reversal|MA0|BB0|TP20/SL20|TR0-0|long,1449,0.7962112311239775,0.09123404679603567,0.9871156670036456,6,11,52.52727272726956,-0.8013754737715437,0.5633508588316869,1.0414889492051165,53.07108350586611,0.3987577639751322,577.7999999999665,0.3987577639751322,-0.43786231809640813,0.24851209768432306,0.8366200820715404,3.3665165191848003,40,reversal,False,False,long,False,0.55158371040726,-0.8316602316602129,1.3128603104212033,-0.14377104377107752
P40|reversal|MA0|BB0|TP20/SL20|TR0-0|short,1330,-0.5320242654198791,0.16799437108434992,-0.8558486648654478,4,11,-35.40000000000014,-1.9918492121266023,-0.8613937886676312,0.9705573239979727,51.127819548872175,-0.2927819548872185,-389.40000000000055,-0.2927819548872185,-1.4269092254487201,0.4216431450964884,1.1341272705615015,2.689779932985674,40,reversal,False,False,short,False,-0.9917948717948726,1.4443579766537193,-0.4892420537897412,-0.6339416058394222
P40|reversal|MA0|BB0|TP20/SL20|TR5-3|both,4002,-3.2012162413830363,-2.448064652852912,-2.1111330437575058,2,11,-194.93636363636853,-7.93701500831779,-3.5219509312135706,0.8670564311133646,80.45977011494253,-0.5358070964517873,-2144.3000000000525,-0.5358070964517873,-0.9613355534238333,0.17534196337406685,0.425528456972046,2.4268489344119084,40,reversal,False,False,both,True,-0.5507642799679457,-1.0400257400258455,0.0006779661017773719,-0.8134663341644792
P40|reversal|MA0|BB0|TP20/SL20|TR5-3|long,2126,-2.6625536348601817,-2.0695506007270357,-1.6987367940621376,3,11,-109.0545454545495,-6.432470273113356,-2.954314056807984,0.8572822233326115,80.95014111006586,-0.5642521166510085,-1199.600000000044,-0.5642521166510085,-0.8967057494027644,0.17492734601666976,0.3324536327517559,1.9005240765504703,40,reversal,False,False,long,True,-0.42253731343299533,-1.406393861892698,0.038740157480401154,-0.9097674418603416
P40|reversal|MA0|BB0|TP20/SL20|TR5-3|short,1956,-2.012604690239058,-1.4943372186965824,-1.37399061349555,1,11,-86.60000000000197,-5.395958596218747,-2.4244314145991908,0.8807923815244411,80.06134969325154,-0.48701431492843605,-952.6000000000209,-0.48701431492843605,-1.1518262766637917,0.1310212584985288,0.6648119617353556,5.074077057066434,40,reversal,False,False,short,True,-0.714473684210616,-0.5976247030879931,-0.0678181818181043,-0.6082228116709933
P40|reversal|MA0|BB0|TP15/SL15|TR0-0|both,3130,0.023355334641908903,-0.585903235277155,0.5612180929466792,5,11,1.781818181827036,-2.9343879567361895,-0.2136262597443398,1.0008419243986293,52.74760383386582,0.0062619808307028246,19.60000000009984,0.0062619808307028246,-0.7925127750762199,0.18200454326009238,0.7987747559069227,4.388762728661333,40,reversal,False,False,both,False,-0.32478723404253385,0.19404761904765505,0.546533613445431,-0.47615384615383044
P40|reversal|MA0|BB0|TP15/SL15|TR0-0|long,1641,0.6438601503580554,-0.4526897213139122,1.3357045936229113,5,11,34.00909090909687,-1.6139773930048185,0.35836889987130854,1.031143596873157,53.50396099939062,0.22797074954300223,374.10000000006664,0.22797074954300223,-0.4704142416112158,0.2703171246513694,0.698384991154218,2.583576575309211,40,reversal,False,False,long,False,0.1908366533864943,-0.6047457627118571,1.1299401197605554,-0.31895043731776623
P40|reversal|MA0|BB0|TP15/SL15|TR0-0|short,1539,-0.6260509666510027,-0.6777292916032269,-0.24314166702174858,2,11,-33.59090909090619,-2.7177014770364143,-0.9790529475475089,0.9682393694290001,51.85185185185185,-0.24009096816112208,-369.49999999996686,-0.24009096816112208,-1.1756312473346109,0.21176557749880812,0.9355402791734888,4.417810912534897,40,reversal,False,False,short,False,-0.9619565217391376,0.8256493506494074,-0.07947598253272374,-0.4629392971245805
P40|reversal|MA0|BB0|TP15/SL15|TR5-3|both,4153,-3.7220798880546906,-3.124334698155305,-2.2065527893707344,3,11,-194.4363636364348,-9.37597031120352,-4.054915825040238,0.8622838929847264,76.23404767637852,-0.5150012039491408,-2138.800000000782,-0.5150012039491408,-1.166840640168877,0.06843052794076192,0.6518394362197361,9.525564917225427,40,reversal,False,False,both,True,-0.5122887864825166,-1.0218026796591324,0.1328618968384243,-0.9572463768118166
P40|reversal|MA0|BB0|TP15/SL15|TR5-3|long,2176,-3.068055300478479,-2.856945065917217,-1.4653412693348555,4,11,-108.52727272730958,-7.4887175282513745,-3.3682225964431676,0.8501926238250747,76.79227941176471,-0.548621323529598,-1193.8000000004054,-0.548621323529598,-1.1100920636473557,0.12377799911082242,0.5614707401177577,4.53611097409205,40,reversal,False,False,long,True,-0.5408104196818313,-1.4558603491273792,0.27267080745325284,-0.9361363636365354
P40|reversal|MA0|BB0|TP15/SL15|TR5-3|short,2010,-2.4111865371745798,-1.7338408269055865,-1.68997089074598,1,11,-89.08181818185318,-6.416238812073798,-2.8410424520106456,0.8725416233090075,75.62189054726367,-0.48751243781113646,-979.9000000003842,-0.48751243781113646,-1.2550044359015853,0.13709396142730038,0.7674919980904489,5.598291785429533,40,reversal,False,False,short,True,-0.5300955414014289,-0.5870669745960078,-0.056708407871394244,-0.9258974358977092
P40|reversal|MA0|BB0|TP30/SL30|TR0-0|both,2032,0.647290270222359,1.5173650626379462,-0.4066088758729538,7,11,77.54545454545313,-0.5852008929196219,0.42926937870932563,1.030309383116997,52.06692913385827,0.4197834645669211,852.9999999999837,0.4197834645669211,-0.6788364290756936,0.6564596788866176,1.0986198936426148,1.6735527389982565,40,reversal,False,False,both,False,0.9931260229132338,1.7365994236310975,0.6800918836141374,-1.9014251781473226
P40|reversal|MA0|BB0|TP30/SL30|TR0-0|long,1168,1.0173110720574918,0.763842118608934,0.6835743760821366,7,11,88.61818181818252,0.042182008382863595,0.7523519820711689,1.061666930254625,52.56849315068494,0.8345890410958978,974.8000000000086,0.8345890410958978,0.003851485420794454,0.3789131666142524,0.8307375556751033,2.192421981790949,40,reversal,False,False,long,False,2.4298882681563767,-1.8141552511415477,2.9137254901962035,-2.2991452991453896
P40|reversal|MA0|BB0|TP30/SL30|TR0-0|short,1077,-0.31746542678462575,0.7443630818974846,-1.0521432543804612,5,11,-27.98181818181932,-1.2090883612905698,-0.6613109985362632,0.9796913453988814,50.603528319405754,-0.28579387186630617,-307.8000000000117,-0.28579387186630617,-1.7352403197838129,0.3499093053263094,1.4494464479175067,4.142348962585659,40,reversal,False,False,short,False,-0.6212574850299459,2.7810679611650326,-1.981651376146852,-0.11999999999993449
P40|reversal|MA0|BB0|TP30/SL30|TR5-3|both,3774,-1.0410856052236377,-1.311417738829843,-0.22924997480906595,4,11,-76.01818181822851,-4.816654723771177,-1.3134581760853903,0.9471538806696135,86.00953895071542,-0.22156862745111602,-836.2000000005119,-0.22156862745111602,-0.7604764940531554,0.14640384146358784,0.5389078666020394,3.6809680758006023,40,reversal,False,False,both,True,-0.4213567839196561,-1.0509167842031246,0.6843862815882389,-0.4538663171693274
P40|reversal|MA0|BB0|TP30/SL30|TR5-3|long,2061,-0.6202073299628551,-1.3551022319503219,0.44304106086712014,6,11,-31.500000000025754,-3.602017168703981,-0.8698513400613256,0.9585432095810916,86.65696263949539,-0.16812227074249506,-346.5000000002823,-0.16812227074249506,-0.6709662228963723,0.1097157894714569,0.5028439521538772,4.583150288361135,40,reversal,False,False,long,True,-0.2594224924013039,-1.5099476439790884,1.191900826446096,-0.7694711538463973
P40|reversal|MA0|BB0|TP30/SL30|TR5-3|short,1902,-1.0200637109263049,-0.6833597984736175,-0.7572926515607433,4,11,-54.00909090911362,-3.6937353136900475,-1.3887119909680337,0.9275116523096901,85.3838065194532,-0.31235541535239175,-594.1000000002491,-0.31235541535239175,-1.0694800761966126,0.11684965673415472,0.7571246608442208,6.479476979267121,40,reversal,False,False,short,True,-0.6456666666666874,-0.5053921568627772,-0.017636022514305183,0.024653739611914142
P40|reversal|MA0|BB0|TP20/SL10|TR0-0|both,3396,-0.6857341791765003,-0.7155523856049837,-0.2871059936612708,5,11,-52.98181818174954,-3.821039287420048,-0.9380594196113489,0.9752991188550085,35.571260306242635,-0.1716136631328746,-582.7999999992421,-0.1716136631328746,-0.7109957749818578,0.1463594792084803,0.5393821118489832,3.685324071703383,40,reversal,False,False,both,False,-0.4136801541421147,0.15670436187444897,0.01551891367604826,-0.3762711864407021
P40|reversal|MA0|BB0|TP20/SL10|TR0-0|long,1790,0.13604293259967573,0.12891965876501207,0.06642901779136869,4,11,7.381818181853628,-2.2456653531895934,-0.15565940647122886,1.006609579005665,36.424581005586596,0.045363128491838656,81.2000000003912,0.045363128491838656,-0.5127144025289568,0.17110215423737501,0.5580775310207955,3.2616627973401098,40,reversal,False,False,long,False,0.126486486486949,-0.10730158730112228,0.35743119266054363,-0.4000000000000225
P40|reversal|MA0|BB0|TP20/SL10|TR0-0|short,1638,-1.1953928509814788,-0.9623097345838001,-0.7502876724278728,3,11,-61.781818181783734,-3.4769550364689805,-1.5823912152432489,0.9409890157600262,34.676434676434674,-0.4148962148959829,-679.59999999962,-0.4148962148959829,-1.011371069078472,0.17531180714530625,0.5964748541824891,3.4023655559497152,40,reversal,False,False,short,False,-0.8874493927120793,0.15000000000045474,-0.33061224489793944,-0.3808383233533172
P40|reversal|MA0|BB0|TP20/SL10|TR5-3|both,4439,-5.721971891523587,-4.549940569805342,-3.637206294972017,0,11,-264.8636363635915,-12.396085744884362,-6.085598378852555,0.8146392670823479,67.17729218292409,-0.65634151835988,-2913.499999999507,-0.65634151835988,-1.0266109820562055,0.1105444007734597,0.3702694636963255,3.349508985580593,40,reversal,False,False,both,True,-0.671204561653479,-0.9281321184508959,-0.34287937743180436,-0.8205040091637121
P40|reversal|MA0|BB0|TP20/SL10|TR5-3|long,2325,-4.974987409843755,-4.212760644950411,-2.9158517073411474,0,11,-159.75454545452237,-10.0343225848796,-5.310064606387205,0.7864659278701471,67.2258064516129,-0.7558279569891383,-1757.2999999997464,-0.7558279569891383,-1.024451843760045,0.05876367679226884,0.26862388677090665,4.571257304414413,40,reversal,False,False,long,True,-0.9040322580644057,-1.023294117646935,-0.3465217391303375,-0.8813304721028927
P40|reversal|MA0|BB0|TP20/SL10|TR5-3|short,2125,-3.2163546852106806,-2.1572712917516585,-2.3841671484928253,1,11,-104.59999999997798,-7.936215559149649,-3.650146919478078,0.8470109562812712,67.15294117647059,-0.5414588235292976,-1150.5999999997575,-0.5414588235292976,-1.037970961102371,0.15449447945750114,0.49651213757307344,3.2137856272699743,40,reversal,False,False,short,True,-0.38888888888875695,-0.8459340659339295,-0.3562080536911665,-0.7215686274509127
P40|reversal|MA0|BB0|TP10/SL20|TR0-0|both,3299,-1.232594194446553,-0.7236169956108431,-1.006881257657814,3,11,-90.49090909098669,-4.4766568559778985,-1.4738414517178173,0.9540453821471863,68.17217338587452,-0.3017277963021677,-995.4000000008512,-0.3017277963021677,-0.8453454421392944,0.17656222461142268,0.5436176458371267,3.078901203434188,40,reversal,False,False,both,False,-0.3069696969701721,-0.20920840064667723,-0.08571428571436861,-0.6973607038123227
P40|reversal|MA0|BB0|TP10/SL20|TR0-0|long,1749,-0.2850514890941298,-0.9314728388948565,0.4955083542437539,6,11,-14.536363636406515,-2.7827735077504636,-0.5193443769214602,0.985773261917854,68.95368782161235,-0.09142367066922263,-159.90000000047038,-0.09142367066922263,-0.7649181853516197,0.1637226598657203,0.6734945146823971,4.113630423759143,40,reversal,False,False,long,False,-0.0233644859817894,-1.0121794871799494,0.8044776119401725,-0.7180327868852507
P40|reversal|MA0|BB0|TP10/SL20|TR0-0|short,1625,-1.6333720079510272,-0.6392528409589651,-1.608774770831418,3,11,-84.44545454549228,-3.9521906075289825,-1.9745847396773852,0.9152161809402588,67.13846153846154,-0.571630769231024,-928.9000000004139,-0.571630769231024,-1.1180874540264205,0.20166288903251622,0.5464566847953966,2.709753328522858,40,reversal,False,False,short,False,-0.7672164948458284,0.23044776119354551,-1.0286902286902662,-0.429629629629651
P40|reversal|MA0|BB0|TP10/SL20|TR5-3|both,4002,-4.41900957165156,-3.178169940164174,-3.0888339346796716,0,11,-259.33636363639056,-9.31989040979226,-4.696282581265307,0.8231366324847575,80.45977011494253,-0.7128185907047213,-2852.7000000002945,-0.7128185907047213,-1.2303435114240102,0.14037008398816817,0.5175249207192889,3.686860519103994,40,reversal,False,False,both,True,-0.7427192276751844,-1.1012870012871616,-0.2688983050847234,-0.9432668329176349
P40|reversal|MA0|BB0|TP10/SL20|TR5-3|long,2126,-3.6504405285949697,-2.916314514496174,-2.2571517431410015,2,11,-143.63636363637892,-7.5710904913141395,-3.8686035033126305,0.8120256025887884,80.95014111006586,-0.7431796801505964,-1580.000000000168,-0.7431796801505964,-1.2165589400956596,0.1230818542226827,0.47337925994506314,3.846052392813435,40,reversal,False,False,long,True,-0.7092537313435142,-1.4938618925832894,-0.14850393700785172,-0.9916279069766546
P40|reversal|MA0|BB0|TP10/SL20|TR5-3|short,1956,-2.797453228551643,-1.661109522048449,-2.2590586338848633,0,11,-116.46363636364957,-6.30862039927424,-3.1654082240621535,0.8396841486153134,80.06134969325154,-0.6549591002045728,-1281.1000000001445,-0.6549591002045728,-1.4323209315453735,0.18862974983560388,0.7773618313408007,4.121098776933614,40,reversal,False,False,short,True,-0.7921052631580723,-0.6268408551070472,-0.42999999999997757,-0.7933687002652051
P40|breakout|MA0|BB0|TP20/SL20|TR0-0|both,3424,-0.8340714844122208,-0.7590480852121756,-0.44271791885842193,5,11,-88.400000000003,-3.162532396945085,-1.0924512806951405,0.9715576043336319,51.197429906542055,-0.28399532710281283,-972.4000000000311,-0.28399532710281283,-0.7864032584626524,0.15129830197079322,0.5024079313598395,3.320644877143597,40,breakout,False,False,both,False,-0.4600389863547664,-0.3198934280639378,0.3020833333332885,-0.8943912448700332
P40|breakout|MA0|BB0|TP20/SL20|TR0-0|long,1855,0.19853535937254796,-0.47662811616304307,0.6836253460733391,4,11,14.990909090905776,-1.586411964510258,-0.10362319197402878,1.0091020991681687,52.075471698113205,0.08889487870618057,164.89999999996496,0.08889487870618057,-0.17424452848085914,0.3275914797726002,0.2631394071870397,0.8032547347376057,40,breakout,False,False,long,False,0.10767857142858384,-0.9258675078864355,1.5805460750852305,-1.3471938775509866
P40|breakout|MA0|BB0|TP20/SL20|TR0-0|short,1813,-1.6012492841122437,-1.415689193152297,-0.8886948054852258,1,11,-123.07272727272834,-3.315483957480203,-1.9259537006060503,0.9268354635609456,49.91726420297849,-0.7467181467181528,-1353.800000000011,-0.7467181467181528,-1.3338541815899576,0.2866656899760956,0.5871360348718048,2.0481559370455695,40,breakout,False,False,short,False,-0.9768683274021328,-0.4909365558912397,-0.8244604316546832,-0.5052197802198016
P40|breakout|MA0|BB0|TP20/SL20|TR5-3|both,5133,-2.4693068026664395,-3.8333900328371167,0.020692718395138605,4,11,-171.47272727274301,-7.783198227146861,-2.7278095295991207,0.9115448466033163,79.8947983635301,-0.3674654198324902,-1886.2000000001722,-0.3674654198324902,-1.0351947591882824,0.10676199224403222,0.6677293393557922,6.254373165213361,40,breakout,False,False,both,True,-0.549217282404635,-1.4536277602525118,0.42535575679177884,-0.273628488931589
P40|breakout|MA0|BB0|TP20/SL20|TR5-3|long,2751,-1.1605007704568129,-2.4393776641509204,0.6082745679223064,4,11,-57.40000000000905,-5.21600772970351,-1.4634259683192814,0.9410187667560218,81.1704834605598,-0.22951653944023956,-631.400000000099,-0.22951653944023956,-0.9635455350962114,0.19139937339405996,0.7340289956559719,3.8350647791553967,40,breakout,False,False,long,True,-0.46887340301988306,-1.2327935222673514,0.8162679425837612,-0.5376785714284509
P40|breakout|MA0|BB0|TP20/SL20|TR5-3|short,2566,-2.3797809534478285,-2.9689429847974047,-0.5617213280735841,4,11,-119.76363636364509,-6.132804537971018,-2.697373213458326,0.8839182652063092,78.52689010132502,-0.5134060795012063,-1317.4000000000954,-0.5134060795012063,-1.1296241639943623,0.22126751471650102,0.616218084493156,2.784946020127199,40,breakout,False,False,short,True,-0.5917589175892968,-1.4906367041199944,-0.05089163237302445,-0.0065306122448676295
P40|breakout|MA0|BB0|TP15/SL15|TR0-0|both,4140,-0.8019579285578613,-1.666810970638008,0.4508251846410974,4,11,-69.09999999999171,-4.250477243973822,-1.0520322225493128,0.9756531933362624,52.05314009661836,-0.18359903381640238,-760.0999999999059,-0.18359903381640238,-0.7590234595214655,0.18777460238078453,0.5754244257050631,3.0644422536875937,40,breakout,False,False,both,False,-0.6491686460807544,-0.2397471910112175,0.290406753645475,-0.17157772621807404
P40|breakout|MA0|BB0|TP15/SL15|TR0-0|long,2165,0.565417637555432,-0.9921936478097558,1.6821980486661359,6,11,33.9545454545526,-2.047952524894833,0.2686969024798671,1.0234969205508448,53.25635103926098,0.17251732101620326,373.5000000000801,0.17251732101620326,-0.6256113554792393,0.19558677421393045,0.7981286764954425,4.080688378358646,40,breakout,False,False,long,False,-0.3817507418397477,-0.09385474860332296,1.0606149341142723,-0.13333333333330805
P40|breakout|MA0|BB0|TP15/SL15|TR0-0|short,2115,-1.3094093893920924,-1.3411243564545603,-0.540382914374858,1,11,-78.96363636363358,-3.849343939988376,-1.6066767665243709,0.9463704673289615,51.25295508274231,-0.4106855791962023,-868.5999999999678,-0.4106855791962023,-1.23329730217177,0.2758325847331196,0.8226117229755676,2.982286243561403,40,breakout,False,False,short,False,-0.5490769230769122,-0.4643216080401872,-0.42616822429905127,-0.12541176470585805
P40|breakout|MA0|BB0|TP15/SL15|TR5-3|both,5429,-4.03292935641995,-5.026616424653794,-1.0160115310179936,3,11,-244.45454545463951,-10.365657706842935,-4.275040205317808,0.8732291445677612,75.17038128568797,-0.4953030023947381,-2689.000000001033,-0.4953030023947381,-1.0379115023581413,0.11330825718124748,0.5426084999634032,4.788781625115358,40,breakout,False,False,both,True,-0.6354400472535877,-1.3268221574346173,0.26666666666650224,-0.6157415832577108
P40|breakout|MA0|BB0|TP15/SL15|TR5-3|long,2857,-2.056236251818278,-3.819088015385009,0.731554397423512,3,11,-88.32727272732058,-6.862923891192367,-2.363491782571996,0.9071465433207352,76.7238361918096,-0.34007700385037665,-971.600000000526,-0.34007700385037665,-1.0791157251005146,0.05937797893116056,0.7390387212501379,12.44634348546853,40,breakout,False,False,long,True,-0.7745272525029802,-1.1951171875002105,0.6984936268828004,-0.4566037735850699
P40|breakout|MA0|BB0|TP15/SL15|TR5-3|short,2673,-3.327983796803408,-2.729963439277707,-2.042766795546871,2,11,-143.20000000004703,-7.833506751821642,-3.618079787833921,0.8566579610704738,73.84960718294052,-0.5893004115228272,-1575.200000000517,-0.5893004115228272,-1.1898276627726476,0.0643984023610321,0.6005272512498204,9.325188657369603,40,breakout,False,False,short,True,-0.37793594306068107,-1.233453887884482,-0.21952506596321367,-0.7863198458576646
P40|breakout|MA0|BB0|TP30/SL30|TR0-0|both,2553,0.9130915008749998,0.5143440876367219,0.7574640932409208,5,11,122.8181818181838,-0.4666576384069364,0.6638543313869926,1.037998216812031,52.13474343909127,0.5291813552683207,1351.0000000000227,0.5291813552683207,-1.134952669588176,0.489236893008664,1.6641340248564966,3.4014892348419563,40,breakout,False,False,both,False,0.4078042328042195,0.5613065326632967,1.6933488914819788,-1.1658671586716138
P40|breakout|MA0|BB0|TP30/SL30|TR0-0|long,1474,1.8083745102103765,0.5547016037023773,1.916443577470305,8,11,178.47272727273088,0.7229549952111446,1.5580556352858759,1.0994735482040345,53.120759837177744,1.3318860244233648,1963.2000000000398,1.3318860244233648,0.07830799712497691,0.3966185173343229,1.2535780272983879,3.1606643979300273,40,breakout,False,False,long,False,1.836807095343648,-1.3286259541984753,3.7953091684436306,-1.0174657534246834
P40|breakout|MA0|BB0|TP30/SL30|TR0-0|short,1453,-0.5876489788907523,0.5344069868148501,-1.2082450415123351,4,11,-59.445454545455874,-1.6345622086830958,-0.9478418633590857,0.9687192047531114,50.3785271851342,-0.45003441156229446,-653.9000000000138,-0.45003441156229446,-1.7400791278456809,0.4925860928530602,1.2900447162833864,2.6189223264738217,40,breakout,False,False,short,False,-0.20678336980306064,0.5268482490272186,-0.510835214446955,-1.5827702702703015
P40|breakout|MA0|BB0|TP30/SL30|TR5-3|both,4731,-0.24225249183389874,-3.0002943713966683,2.161648534742664,4,11,-20.354545454605656,-4.3518453297647675,-0.4909460722966735,0.9891186547760474,85.52103149439864,-0.047326146692170966,-223.90000000066084,-0.047326146692170966,-0.8297551639085843,0.12395158959616875,0.7824290172164133,6.312375821605418,40,breakout,False,False,both,True,-0.47909029192129604,-1.6074251497006433,1.1609266943289693,0.1487205731829647
P40|breakout|MA0|BB0|TP30/SL30|TR5-3|long,2638,0.29297679287438416,-2.2838528193810053,2.534993349433065,5,11,17.48181818178679,-2.9471546625404508,0.04449326423711045,1.0179771709560388,86.5049279757392,0.07289613343428925,192.29999999965503,0.07289613343428925,-0.8326278081477854,0.16939545658451055,0.9055239415820746,5.345621186305627,40,breakout,False,False,long,True,-0.5062350119904648,-1.5128421052632137,1.8037688442209059,-0.19268292682947666
P40|breakout|MA0|BB0|TP30/SL30|TR5-3|short,2450,-0.9629210796195288,-1.8037055531011525,0.2497292713542865,6,11,-59.763636363667835,-3.8796321316669404,-1.2722624543905867,0.9425706074027187,84.28571428571429,-0.26832653061238576,-657.4000000003451,-0.26832653061238576,-1.0344130344830385,0.1972924894639945,0.7660865038706527,3.8829988204414745,40,breakout,False,False,short,True,-0.5038412291933796,-1.4998031496063562,0.43290043290021724,0.42307692307662975
P40|breakout|MA0|BB0|TP20/SL10|TR0-0|both,4634,-1.0774069272376685,-1.8983634960899016,0.2279645464328927,4,11,-96.81818181808991,-4.738046994117123,-1.3323068307741535,0.9670501024076923,35.30427276650842,-0.22982304704337217,-1064.9999999989866,-0.22982304704337217,-0.6292466456415119,0.15418827662534504,0.3994235985981397,2.5904926583275887,40,breakout,False,False,both,False,-0.7585231193922141,0.01763191763237968,0.318162839248429,-0.44984552008240924
P40|breakout|MA0|BB0|TP20/SL10|TR0-0|long,2442,-0.1917746545750426,-1.4483870615296779,0.9968998846843892,6,11,-12.099999999953168,-2.9733962946702266,-0.45814728877081823,0.9921144617572434,35.95413595413595,-0.05450450450429291,-133.0999999994833,-0.05450450450429291,-0.3620490581509158,0.267816586871554,0.3075445536466229,1.1483402026705785,40,breakout,False,False,long,False,-0.7161458333328645,-0.06098765432052558,0.9043708609271253,-0.46926070038912393
P40|breakout|MA0|BB0|TP20/SL10|TR0-0|short,2316,-1.6960093265207932,-1.669936903973619,-0.8071892714730462,2,11,-103.79090909085922,-4.40325557016525,-2.0315109790878916,0.9302356844749184,34.41278065630397,-0.49296200345399416,-1141.6999999994505,-0.49296200345399416,-0.9592221430245653,0.21099453207678823,0.46626013957057116,2.2098209606724923,40,breakout,False,False,short,False,-0.7444444444439726,-0.1064439140806832,-0.35587392550140917,-0.6510638297872425
P40|breakout|MA0|BB0|TP20/SL10|TR5-3|both,5967,-5.296742041503615,-6.368292518983071,-1.6129306133992287,3,11,-291.845454545401,-12.806170825301928,-5.594025670832374,0.8513316383945514,66.46556058320763,-0.5380090497736569,-3210.299999999411,-0.5380090497736569,-1.0852955304609249,0.06470377542030578,0.5472864806872679,8.45833921022659,40,breakout,False,False,both,True,-0.7521992580814794,-1.0699559471364481,0.09765981735167194,-0.6266554903603684
P40|breakout|MA0|BB0|TP20/SL10|TR5-3|long,3131,-3.6400400456341173,-5.307446291068609,-0.15762688121871438,3,11,-142.59090909088164,-9.282458910309781,-3.9982703308747927,0.8564906309471728,67.67805812839349,-0.5009581603320659,-1568.499999999698,-0.5009581603320659,-0.9832826884922456,0.10001882167764313,0.4823245281601798,4.822337636756944,40,breakout,False,False,long,True,-1.0204795204793764,-0.9709386281587378,0.3917735042735528,-0.5871874999999168
P40|breakout|MA0|BB0|TP20/SL10|TR5-3|short,2887,-3.762589110269653,-3.3524981279536528,-2.0992946283438045,2,11,-144.95454545451895,-9.067680027717191,-4.140385352051881,0.8525699703198442,65.25805334257015,-0.5523034291651223,-1594.4999999997083,-0.5523034291651223,-1.0743633586676202,0.1504274807771351,0.5220599295024979,3.470509024052278,40,breakout,False,False,short,True,-0.4023026315788294,-1.138963210702218,-0.20364963503639608,-0.6830630630630119
P40|breakout|MA0|BB0|TP10/SL20|TR0-0|both,4239,-2.2621206629733432,-2.475600308096445,-0.8124101898167886,3,11,-182.9000000000976,-6.035801282647632,-2.4877170900790957,0.928998948341658,67.61028544468036,-0.47461665487168475,-2011.9000000010717,-0.47461665487168475,-0.9333024439465701,0.2414899125716872,0.4586857890748854,1.8993993752791756,40,breakout,False,False,both,False,-0.6310238645116325,-0.8139344262299769,-0.12830188679252985,-0.48289920724803637
P40|breakout|MA0|BB0|TP10/SL20|TR0-0|long,2277,-0.2907160131753637,-1.1750797692963477,0.6980546235422421,5,11,-16.890909090964502,-3.142280245839327,-0.5828574549860441,0.9872710955215487,68.9064558629776,-0.0815985946423401,-185.8000000006084,-0.0815985946423401,-0.7275188050145529,0.2152766089246362,0.6459202103722128,3.000419848671696,40,breakout,False,False,long,False,-0.232816901408927,-0.8444736842109969,0.6406779661015847,-0.3198329853862489
P40|breakout|MA0|BB0|TP10/SL20|TR0-0|short,2166,-2.76113903899831,-2.1560048764345834,-1.7585017655999338,1,11,-162.58181818186765,-5.451904455380641,-3.0344143122480878,0.8805838597240572,66.29732225300093,-0.82566943675002,-1788.4000000005433,-0.82566943675002,-1.232064163916681,0.23882555502113667,0.4063947271666609,1.7016383658385885,40,breakout,False,False,short,False,-0.7969026548677224,-0.9364066193858058,-0.9395348837209712,-0.5857142857142978
P40|breakout|MA0|BB0|TP10/SL20|TR5-3|both,5133,-4.5842093312770835,-4.586594684598685,-2.0367538916162595,1,11,-302.15454545458556,-10.144653508836278,-4.798682667595222,0.8441319089467871,79.8947983635301,-0.6475160724723242,-3323.70000000044,-0.6475160724723242,-1.2176589395960056,0.15068286144572388,0.5701428671236813,3.78372737054139,40,breakout,False,False,both,True,-0.7317470256733417,-1.5145110410096523,-0.10912031047864834,-0.5256015399421976
P40|breakout|MA0|BB0|TP10/SL20|TR5-3|long,2751,-2.5815987160643434,-3.201239482014745,-0.5652371131960836,2,11,-121.60000000002263,-6.839060894019641,-2.8309168402053504,0.8750502097131019,81.1704834605598,-0.48622319156679333,-1337.6000000002484,-0.48622319156679333,-1.0764674794019367,0.1702931899743832,0.5902442878351433,3.46604751443045,40,breakout,False,False,long,True,-0.7198606271779135,-1.2742914979758964,0.35825358851672184,-0.6924999999999132
P40|breakout|MA0|BB0|TP10/SL20|TR5-3|short,2566,-3.987332964876792,-3.3701357562172127,-2.3062039622547563,1,11,-190.98181818183895,-7.941992135742664,-4.2562555053351,0.8148895487668176,78.52689010132502,-0.8187061574435807,-2100.800000000228,-0.8187061574435807,-1.3299532411372321,0.13218010397578805,0.5112470836936515,3.867806638942413,40,breakout,False,False,short,True,-0.7341943419436262,-1.5509363295882024,-0.6840877914951564,-0.36122448979589994
P60|reversal|MA0|BB1|TP20/SL20|TR0-0|both,270,1.7116046321568625,1.8721820874915966,0.5779370967024314,8,11,50.4909090909088,1.045722112802959,1.383070855221716,1.2375433043924582,57.03703703703704,2.0570370370370257,555.3999999999969,2.0570370370370257,-0.3997301519959172,1.200562911320864,2.4567671890329428,2.0463460647222544,60,reversal,False,True,both,False,3.2944444444444785,1.2947368421053422,2.3847222222221123,0.26274509803916346
P60|reversal|MA0|BB1|TP20/SL20|TR0-0|long,164,2.8481681487863217,2.5786212110769493,1.488547443242738,9,11,65.3181818181809,2.3312812311355398,2.4604010789532293,1.58485958485959,62.80487804878049,4.381097560975549,718.49999999999,4.381097560975549,-0.2998260321765254,1.0708792990603855,4.680923593152075,4.371102884572731,60,reversal,False,True,long,False,6.498000000000087,3.3827586206897315,5.643749999999712,0.6648648648647917
P60|reversal|MA0|BB1|TP20/SL20|TR0-0|short,108,-0.6336200736748422,-0.1328607823694762,-0.767973508243994,5,11,-11.336363636362956,-1.072561611144857,-0.9420800733142513,0.8876171593367035,49.074074074074076,-1.15462962962956,-124.69999999999247,-1.15462962962956,-2.105747456728541,1.7712683606131867,0.9511178270989809,0.5369699184203336,60,reversal,False,True,short,False,-0.22439024390246387,-0.17586206896542983,-4.133333333333086,
P60|reversal|MA0|BB1|TP20/SL20|TR5-3|both,285,-0.3960187554796982,0.9243175789065796,-1.2608583529787292,3,11,-5.890909090909568,-1.7897965497236068,-0.7646594650156272,0.9350961538461474,83.15789473684211,-0.22736842105264987,-64.80000000000521,-0.22736842105264987,-0.7221227820097563,0.5478263852365003,0.49475436095710645,0.903122548110781,60,reversal,False,True,both,True,1.6427083333331842,-1.178688524590318,-1.7413333333331484,-0.3773584905659505
P60|reversal|MA0|BB1|TP20/SL20|TR5-3|long,170,0.40564416346916027,0.7019986089036302,-0.04481678588952029,5,11,4.527272727271863,-0.7040594095077721,-0.06597913957548357,1.0957692307692146,85.29411764705883,0.2929411764705321,49.799999999990455,0.2929411764705321,-1.2948279855260385,0.9553216297617357,1.5877691619965706,1.6620257644460243,60,reversal,False,True,long,True,2.368627450980224,-2.3935483870969563,0.9780000000000767,-1.2026315789473467
P60|reversal|MA0|BB1|TP20/SL20|TR5-3|short,115,-1.053619845609845,1.204890344377844,-2.203452066454079,4,11,-10.418181818181422,-1.8991609012993629,-1.5523667806591277,0.7604515050167253,80.0,-0.996521739130397,-114.59999999999566,-0.996521739130397,-0.9914212281377146,0.8789842591822922,-0.005100510992682383,-0.0058027330289478945,60,reversal,False,True,short,True,0.8199999999998716,0.07666666666654202,-7.179999999999598,
P60|reversal|MA0|BB1|TP15/SL15|TR0-0|both,274,0.9341916678345636,1.0326387049436687,0.30452070170844897,6,11,21.309090909092323,0.06055604323128685,0.5526940876176623,1.1223829165143877,55.47445255474452,0.8554744525548019,234.40000000001572,0.8554744525548019,-1.0843569194933886,1.141812968394976,1.9398313720481906,1.698904659293696,60,reversal,False,True,both,False,1.0129032258065054,0.7517241379310925,1.283333333333412,0.08235294117650359
P60|reversal|MA0|BB1|TP15/SL15|TR0-0|long,165,2.550623277155203,2.0614183563384816,1.5604428886081347,8,11,43.90909090909302,1.8532392295526219,2.160972181392558,1.4930583911800794,62.42424242424243,2.927272727272868,483.00000000002325,2.927272727272868,-0.743570813121357,1.286716540149462,3.670843540394225,2.852876625000739,60,reversal,False,True,long,False,3.0235294117648506,2.8206896551725498,4.825000000000213,0.4162162162162615
P60|reversal|MA0|BB1|TP15/SL15|TR0-0|short,110,-1.5076807785021058,-0.6166367254969598,-1.5310889140093569,3,11,-21.30909090909155,-2.0820518816684674,-2.2142291464081376,0.7494923586619662,45.45454545454545,-2.1309090909091553,-234.40000000000708,-2.1309090909091553,-0.9062265053980927,1.784346046087531,-1.2246825855110626,-0.686348137569155,60,reversal,False,True,short,False,-1.4285714285714863,-0.8000000000000014,-5.800000000000192,
P60|reversal|MA0|BB1|TP15/SL15|TR5-3|both,285,-0.9939510815722484,-0.4203954107139992,-0.9655387833678682,3,11,-12.818181818187467,-2.6026247135302216,-1.3160628046437284,0.8583484026521433,77.89473684210526,-0.49473684210548113,-141.00000000006213,-0.49473684210548113,-1.0936070796285429,0.4273586792628021,0.5988702375230617,1.401329296871,60,reversal,False,True,both,True,1.1124999999998058,-2.406557377049421,-0.9813333333334983,-0.516981132075783
P60|reversal|MA0|BB1|TP15/SL15|TR5-3|long,170,0.5517852696573816,0.3418091134890993,0.43212430079478753,6,11,5.199999999996916,-0.7623193432154103,0.14486208500464073,1.1206751054851556,82.35294117647058,0.33647058823509457,57.19999999996608,0.33647058823509457,-1.3242471140759033,0.4667880876942337,1.6607177023109978,3.557755105779048,60,reversal,False,True,long,True,1.890196078431177,-2.590322580645412,1.3779999999999404,-0.7315789473687682
P60|reversal|MA0|BB1|TP15/SL15|TR5-3|short,115,-2.0708594033612595,0.021194734314401054,-2.7943975888355594,5,11,-18.01818181818438,-3.0294222504415913,-2.6349726701981013,0.619869581894858,71.30434782608695,-1.7234782608698107,-198.20000000002824,-1.7234782608698107,-1.0134502807858472,0.5316080093980364,-0.7100279800839635,-1.335623180109645,60,reversal,False,True,short,True,0.23111111111091837,-2.216666666666894,-5.700000000000376,
P60|reversal|MA0|BB1|TP30/SL30|TR0-0|both,261,0.9931688603951851,1.4045239458760943,0.03258490900077973,7,11,41.34545454545423,0.5370994801140475,0.6863185114555415,1.1352363960749299,53.25670498084292,1.7425287356321713,454.7999999999967,1.7425287356321713,-0.4717875498605011,1.5654308332249107,2.2143162854926723,1.4145091807927448,60,reversal,False,True,both,False,1.694186046511557,3.8999999999999777,-0.2782608695651979,2.1632653061225025
P60|reversal|MA0|BB1|TP30/SL30|TR0-0|long,161,1.4878026219761837,1.6945290652172473,0.44273647967992547,8,11,48.59090909090904,1.1290958350453695,1.253907937354552,1.2684041377925028,55.27950310559007,3.319875776397512,534.4999999999994,3.319875776397512,-0.584855011034102,2.5696769011111846,3.904730787431614,1.5195415368146565,60,reversal,False,True,long,False,5.218367346938684,4.620689655172325,2.5191489361703674,0.7333333333333121
P60|reversal|MA0|BB1|TP30/SL30|TR0-0|short,106,-0.08375218520556758,0.34479420797827304,-0.4489901518901328,5,11,-2.2272727272733035,-0.37404270644661636,-0.6122180653689185,0.982905386547582,50.943396226415096,-0.2311320754717574,-24.500000000006285,-0.2311320754717574,-1.1671283361421285,2.095254460346645,0.9359962606703711,0.44672199887144837,60,reversal,False,True,short,False,-0.5600000000000627,4.0517241379310684,-7.321739130435093,
P60|reversal|MA0|BB1|TP30/SL30|TR5-3|both,285,-0.7279945318947707,0.4214094265066692,-1.2531589695626555,3,11,-13.95454545454955,-1.8078201552897817,-1.179880348492437,0.869793875646754,85.96491228070175,-0.5385964912282282,-153.50000000004502,-0.5385964912282282,-1.2665860696789575,1.0280406032564915,0.7279895784507293,0.7081330991642741,60,reversal,False,True,both,True,0.9135416666665591,-0.4327868852459888,-1.7080000000001865,-1.6358490566040642
P60|reversal|MA0|BB1|TP30/SL30|TR5-3|long,170,-0.01543545759086243,0.2764598704374168,-0.24051871435406885,5,11,-0.21818181818441476,-0.8909048456891281,-0.6130391112616845,0.996094385679368,87.6470588235294,-0.014117647058991439,-2.4000000000285446,-0.014117647058991439,-0.7637559785074856,0.7728358032696362,0.7496383314484941,0.9699839581409135,60,reversal,False,True,long,True,1.9764705882351483,-2.509677419354933,1.3399999999999292,-2.431578947368807
P60|reversal|MA0|BB1|TP30/SL30|TR5-3|short,115,-1.0532095437324318,0.5595812166784683,-1.6912750904775535,5,11,-13.736363636365132,-1.6942336226310581,-1.6508837825518348,0.7322820694542637,83.47826086956522,-1.3139130434784043,-151.1000000000165,-1.3139130434784043,-0.9694287000447961,0.977343587871698,-0.34448434343360823,-0.3524700501527523,60,reversal,False,True,short,True,-0.2911111111111762,1.7133333333332559,-7.804000000000418,
P60|reversal|MA0|BB1|TP20/SL10|TR0-0|both,275,1.9653901891654222,1.6769544849963118,1.1099666168151177,7,11,44.12727272727776,1.0725274492555577,1.617013855212323,1.2835445995677792,41.81818181818181,1.765090909091111,485.40000000005557,1.765090909091111,-1.212117312003198,0.5851745848835629,2.977208221094309,5.087726463183136,60,reversal,False,True,both,False,2.3413043478265196,1.015254237288589,2.3847222222221323,0.7384615384614504
P60|reversal|MA0|BB1|TP20/SL10|TR0-0|long,167,2.7813956171314715,2.328218106708174,1.6192494075750181,8,11,49.25454545454743,2.0958507836687796,2.3765874415004205,1.5732726695588306,46.706586826347305,3.2443113772456393,541.8000000000218,3.2443113772456393,-0.22234580786994745,0.7728873082063608,3.466657185115587,4.4853333057838105,60,reversal,False,True,long,False,4.082352941176878,3.436666666667095,4.602083333333133,0.25263157894730787
P60|reversal|MA0|BB1|TP20/SL10|TR0-0|short,108,-0.3923363576252279,-0.02359849561529539,-0.52696336717029,4,11,-5.127272727269657,-0.9938610538500813,-0.8173317430226916,0.9264475743349393,34.25925925925926,-0.522222222221909,-56.39999999996617,-0.522222222221909,-1.8708162923658602,1.1421484218168487,1.3485940701439514,1.1807520322084792,60,reversal,False,True,short,False,0.1756097560980249,-1.4896551724133145,-2.049999999999871,
P60|reversal|MA0|BB1|TP20/SL10|TR5-3|both,285,-1.0682797047044534,-0.3203439339061563,-1.1669741114913799,4,11,-11.745454545453004,-2.9529524789159276,-1.6110055282020175,0.8592592592592708,70.17543859649122,-0.45333333333327386,-129.19999999998305,-0.45333333333327386,-1.044841651779363,0.28601983399273895,0.5915083184460892,2.068067483953248,60,reversal,False,True,both,True,0.6927083333333403,-1.5819672131146443,-1.265333333333168,-0.08113207547175175
P60|reversal|MA0|BB1|TP20/SL10|TR5-3|long,170,0.1682043763224643,0.2775463786404307,-0.027397149191275175,7,11,1.4363636363641568,-1.2797729830840134,-0.4762937197133958,1.033249158249172,74.11764705882354,0.09294117647062175,15.800000000005697,0.09294117647062175,-0.994835470253714,0.7595562143362131,1.0877766467243357,1.4321213179395273,60,reversal,False,True,long,True,1.4215686274509718,-1.6096774193547618,0.010000000000144027,-0.19210526315798432
P60|reversal|MA0|BB1|TP20/SL10|TR5-3|short,115,-1.8823385023405155,-0.23616550675817446,-2.3984582640998173,5,11,-13.181818181817164,-3.082426339910257,-2.510745253802403,0.6725383920505953,64.34782608695652,-1.2608695652172939,-144.9999999999888,-1.2608695652172939,-0.41261338031486466,0.821420591140722,-0.8482561849024293,-1.0326697358833434,60,reversal,False,True,short,True,-0.1333333333333083,-1.5533333333331887,-3.815999999999793,
P60|reversal|MA0|BB1|TP10/SL20|TR0-0|both,278,1.3077272052775784,2.114707840885144,-0.18257666706105552,6,11,26.472727272719727,0.3093133587162583,1.0323019100775264,1.18624880076746,72.66187050359713,1.0474820143881907,291.199999999917,1.0474820143881907,-1.207381303226366,0.46865820035698064,2.2548633176145567,4.811317322298019,60,reversal,False,True,both,False,2.961702127659061,0.5559322033893432,0.03333333333326532,-0.4226415094339847
P60|reversal|MA0|BB1|TP10/SL20|TR0-0|long,167,2.4117718615826895,2.3559208651188155,1.1044731083712092,8,11,36.03636363635855,1.6019498063462798,2.1064894265852554,1.5015182186234233,77.24550898203593,2.373652694610444,396.39999999994416,2.373652694610444,-0.8769524357565235,1.2616118238150245,3.2506051303669676,2.5765493545687996,60,reversal,False,True,long,False,4.4941176470582995,0.19999999999951576,3.574999999999721,-0.2736842105263464
P60|reversal|MA0|BB1|TP10/SL20|TR0-0|short,112,-0.6415180849856544,0.683969675168549,-1.5298725159353619,6,11,-8.727272727275254,-1.2446901285008114,-1.1127809656128185,0.8758246022506413,66.07142857142857,-0.8571428571431048,-96.00000000002774,-0.8571428571431048,-2.710942154431924,1.4795859465135508,1.853799297288819,1.2529176163487175,60,reversal,False,True,short,False,1.1441860465111282,1.1999999999995075,-7.049999999999646,
P60|reversal|MA0|BB1|TP10/SL20|TR5-3|both,285,-0.6999337119549529,0.8103561449883537,-1.578989299182195,3,11,-10.072727272728725,-2.141347143226731,-0.9486325858287362,0.8890224358974173,83.15789473684211,-0.38877192982461756,-110.800000000016,-0.38877192982461756,-1.060070938004129,0.46320778696763765,0.6712990081795116,1.4492394710678997,60,reversal,False,True,both,True,1.5677083333331518,-1.2508196721313667,-2.0359999999998393,-0.6094339622640994
P60|reversal|MA0|BB1|TP10/SL20|TR5-3|long,170,0.13312822279215467,0.7238121311994695,-0.43996370449149125,5,11,1.4272727272713972,-1.023215123854024,-0.14350964992608056,1.03019230769228,85.29411764705883,0.09235294117638446,15.699999999985359,0.09235294117638446,-1.5102720231370197,0.7033123017701246,1.602624964313404,2.27868183206785,60,reversal,False,True,long,True,2.3666666666664615,-2.3516129032260173,0.45400000000004725,-1.4421052631578943
P60|reversal|MA0|BB1|TP10/SL20|TR5-3|short,115,-1.190504728585022,1.0167455901342908,-2.1792916153593795,5,11,-11.50000000000012,-2.05685579207842,-1.5333468950390152,0.7355769230769136,80.0,-1.1000000000000116,-126.50000000000135,-1.1000000000000116,-0.9427127620118514,0.6872336418206771,-0.15728723798816024,-0.22887010823780637,60,reversal,False,True,short,True,0.6622222222220666,-0.11333333333355992,-7.015999999999611,
P100|reversal|MA0|BB1|TP20/SL20|TR0-0|both,172,0.6030884032106234,0.14683776709287738,0.7016116296735335,7,11,14.22727272727235,0.0727906098309899,0.3120599940599473,1.0992453548100696,54.65116279069767,0.9098837209302091,156.49999999999596,0.9098837209302091,-0.016335676431928327,1.12460614093082,0.9262193973621374,0.8235944689004804,100,reversal,False,True,both,False,3.789795918367395,-3.857777777777758,3.029629629629493,-0.8000000000000016
P100|reversal|MA0|BB1|TP20/SL20|TR0-0|long,107,1.2025868649307092,0.5784093405230204,1.0921898358471815,6,11,22.236363636363045,0.7815987356852507,0.8448914868663263,1.2737855383926564,57.943925233644855,2.2859813084111544,244.59999999999354,2.2859813084111544,-1.0453204389887136,1.4317162131244334,3.331301747399868,2.3267891477808793,100,reversal,False,True,long,False,6.070833333333396,-3.3624999999999794,3.8999999999998325,
P100|reversal|MA0|BB1|TP20/SL20|TR5-3|both,186,-0.2532131876186018,-0.7644017176143428,0.34768404474886316,7,11,-3.3272727272740252,-1.2868538185584266,-0.7083957138408022,0.9482466063348208,81.72043010752688,-0.19677419354846376,-36.60000000001426,-0.19677419354846376,-1.101101207151793,0.34980067991503055,0.9043270136033292,2.5852637388326336,100,reversal,False,True,both,True,1.8833333333330662,-4.080851063829913,1.3672413793103533,-0.9555555555553512
P100|reversal|MA0|BB1|TP20/SL20|TR5-3|long,112,-0.2613650767856792,-0.6652890477981732,0.21110983403521297,7,11,-2.6909090909095323,-1.053035669175499,-0.8080134641382506,0.9322344322344196,81.25,-0.2642857142857572,-29.600000000004805,-0.2642857142857572,-0.41340779610200495,0.8028252914505939,0.14912208181624775,0.18574661685957208,100,reversal,False,True,long,True,1.124999999999777,-3.596000000000049,1.6957446808510077,
P100|reversal|MA0|BB1|TP15/SL15|TR0-0|both,174,0.38588680725488733,-0.16370469606660584,0.7157831699922921,7,11,6.9000000000007295,-0.32192952951944415,0.025508512959306694,1.0606472233320055,54.02298850574713,0.43620689655177086,75.90000000000813,0.43620689655177086,-0.5413812715591061,1.1196664151047826,0.9775881681108769,0.8731066279409573,100,reversal,False,True,both,False,1.6000000000000905,-2.63111111111117,1.3363636363637088,1.7000000000000932
P100|reversal|MA0|BB1|TP15/SL15|TR0-0|long,108,0.8357701134072448,0.21959016005862594,0.9436926575908846,6,11,11.700000000000733,0.27457315158314455,0.4781987299541296,1.1762772222983209,56.481481481481474,1.1916666666667421,128.70000000000815,1.1916666666667421,-0.7102513005715154,1.0447638154409071,1.9019179672382576,1.8204286357635937,100,reversal,False,True,long,False,2.9500000000001414,-2.3583333333333742,1.8111111111111993,
P100|reversal|MA0|BB1|TP15/SL15|TR5-3|both,186,-0.5679728115988835,-1.0025943967179822,0.19621150873593546,7,11,-6.227272727276373,-1.808573646664033,-0.9890000137624503,0.896775165762451,77.41935483870968,-0.3682795698926889,-68.50000000004013,-0.3682795698926889,-1.1659437975052975,0.7849927544244297,0.7976642276126087,1.016142153053973,100,reversal,False,True,both,True,1.2981481481478505,-3.8404255319151717,1.022413793103354,-0.6444444444446497
P100|reversal|MA0|BB1|TP15/SL15|TR5-3|long,112,-0.5684039859010322,-1.0415182647013859,0.21406920012922387,5,11,-4.918181818183723,-1.5116914361050062,-1.0559090282133454,0.8683057448879768,76.78571428571429,-0.48303571428590103,-54.10000000002091,-0.48303571428590103,-1.0322312527948492,0.827437891719075,0.5491955385089482,0.6637302255616384,100,reversal,False,True,long,True,0.4083333333330632,-3.7360000000002067,1.163829787233895,
P100|reversal|MA0|BB1|TP30/SL30|TR0-0|both,170,-0.3934498391810142,-0.062124052973150906,-0.4780128696175521,7,11,-12.818181818181289,-0.7729419219748844,-0.6448526456423033,0.9389107924266745,49.411764705882355,-0.8294117647058475,-140.9999999999941,-0.8294117647058475,-0.7837850876838933,1.8876002956872748,-0.04562667702195422,-0.024171789507662456,100,reversal,False,True,both,False,3.1937499999999432,-5.779999999999874,-1.4150943396226292,1.7000000000000932
P100|reversal|MA0|BB1|TP30/SL30|TR0-0|long,107,-0.03851501724132338,-0.2933623775220847,0.2203093971913563,5,11,-1.0090909090903566,-0.33552555584404187,-0.3480782403492597,0.9923284262906948,49.532710280373834,-0.10373831775695282,-11.099999999993951,-0.10373831775695282,1.1458288581078029,2.266887352699189,-1.2495671758647557,-0.5512259682321191,100,reversal,False,True,long,False,5.208333333333244,-7.345833333333207,0.5045454545455466,
P100|reversal|MA0|BB1|TP30/SL30|TR5-3|both,186,-0.6018702198111677,-0.7984147835450666,-0.11323949828609774,6,11,-10.26363636363887,-1.3981273768616629,-1.1451366404243384,0.8682613768961188,84.94623655913979,-0.6069892473119758,-112.90000000002749,-0.6069892473119758,-0.8699932931577485,0.9958826296199484,0.26300404584577275,0.26409140798664305,100,reversal,False,True,both,True,1.142592592592368,-4.136170212765955,1.8293103448274497,-3.19629629629658
P100|reversal|MA0|BB1|TP30/SL30|TR5-3|long,112,-0.4952397329981088,-0.8432193379207292,0.042437399555769126,6,11,-6.500000000001574,-1.1159335906633636,-1.1836498443736632,0.8620223851794359,84.82142857142857,-0.6383928571430116,-71.50000000001731,-0.6383928571430116,-0.08788336095123703,1.19431349556073,-0.5505094961917746,-0.4609422050726392,100,reversal,False,True,long,True,-0.12500000000015202,-3.5239999999999325,2.4787234042551316,
P100|reversal|MA0|BB1|TP20/SL10|TR0-0|both,174,1.2378868144110742,0.6064989456028337,1.1321739638779391,8,11,21.518181818184914,0.5096005510974749,0.9493236940750555,1.2145187601958003,40.804597701149426,1.3603448275864025,236.70000000003404,1.3603448275864025,-0.7236311251650525,0.8120922225365226,2.083975952751455,2.5661813953128108,100,reversal,False,True,both,False,2.580000000000422,-1.7422222222217316,2.0963636363635643,2.9499999999997857
P100|reversal|MA0|BB1|TP20/SL10|TR0-0|long,108,1.5189497200403472,0.6182690753517525,1.5076302630465697,9,11,20.863636363637703,0.9466904696740053,1.1607403526591658,1.353185595567909,43.51851851851852,2.1250000000001372,229.50000000001484,2.1250000000001372,-0.1666983087401202,0.8500941653232071,2.2916983087402576,2.695817007365237,100,reversal,False,True,long,False,3.3250000000003923,-0.06666666666618608,2.2955555555554943,
P100|reversal|MA0|BB1|TP20/SL10|TR5-3|both,186,-0.46697578918376675,-0.8008569395886143,0.06758280446347247,5,11,-4.436363636362606,-1.8986494185581368,-1.0921842572613474,0.9207277452891631,69.35483870967742,-0.2623655913977887,-48.7999999999887,-0.2623655913977887,-0.6939024500620228,0.5361046967860972,0.4315368586642341,0.8049488490797814,100,reversal,False,True,both,True,0.8074074074073189,-2.2957446808509183,0.00517241379322364,0.562962962963049
P100|reversal|MA0|BB1|TP20/SL10|TR5-3|long,112,-0.7347477641064377,-1.0851193944420323,-0.04851511629898555,7,11,-5.5454545454533735,-1.8150450881263052,-1.5743104646854842,0.8431069958847984,67.85714285714286,-0.5446428571427421,-60.99999999998711,-0.5446428571427421,-0.7912496251872877,0.7786048613884456,0.24660676804454562,0.3167290371200413,100,reversal,False,True,long,True,0.7124999999999978,-2.4319999999997783,-0.1361702127658723,
P100|reversal|MA0|BB1|TP10/SL20|TR0-0|both,180,0.8675155744681765,0.22829326566811636,1.009935221938052,7,11,14.181818181812877,0.06684540763407563,0.568833203244303,1.1499999999999466,72.22222222222221,0.8666666666663423,155.99999999994162,0.8666666666663423,-0.3293117539083446,0.9696554685820536,1.1959784205746868,1.2334055335382057,100,reversal,False,True,both,False,2.7294117647053744,-1.6510638297876996,1.6999999999998316,-0.030769230769275752
P100|reversal|MA0|BB1|TP10/SL20|TR0-0|long,110,1.2637779116421464,0.8041712878783756,0.9727774264864729,7,11,15.636363636360478,0.6173438017510332,0.9421560162224742,1.2953296703296175,74.54545454545455,1.5636363636360482,171.9999999999653,1.5636363636360482,-1.1248283096460905,0.9328240477624363,2.6884646732821387,2.882070503790029,100,reversal,False,True,long,False,4.199999999999478,-1.6000000000004677,2.6782608695649874,
P100|reversal|MA0|BB1|TP10/SL20|TR5-3|both,186,-0.9837272119724529,-0.8525488827631782,-0.5352578195267224,6,11,-11.9727272727289,-2.1020484470337313,-1.2714696732424415,0.8137726244343609,81.72043010752688,-0.7080645161291285,-131.7000000000179,-0.7080645161291285,-1.4039919722431553,0.6491814952027,0.6959274561140268,1.0720075375788876,100,reversal,False,True,both,True,1.7092592592589508,-4.025531914893781,0.3327586206896977,-2.0037037037035565
P100|reversal|MA0|BB1|TP10/SL20|TR5-3|long,112,-0.8440849841807497,-0.5947738316299709,-0.593603852987592,6,11,-8.054545454545927,-1.6990737763185617,-1.1229879543820618,0.7971611721611557,81.25,-0.7910714285714747,-88.60000000000517,-0.7910714285714747,-1.298249704095417,0.7978734894188912,0.5071782755239423,0.6356625232570785,100,reversal,False,True,long,True,1.341666666666412,-3.6120000000000685,0.6319148936169946,
P60|reversal|MA1|BB1|TP20/SL20|TR0-0|both,266,1.4832291583415997,1.6286396414986053,0.49679351704579,8,11,43.509090909090645,0.8235879832163494,1.148805263362042,1.2046961207818339,56.390977443609025,1.7992481203007413,478.5999999999972,1.7992481203007413,-0.42119839065120257,1.1720826735549905,2.220446510951944,1.8944452989968776,60,reversal,True,True,both,False,2.932954545454574,0.9750000000000754,2.3847222222221123,-0.11600000000003163
P60|reversal|MA1|BB1|TP20/SL20|TR0-0|long,161,2.633329501382959,2.4743675986560056,1.2910939001569943,9,11,60.08181818181731,2.1231265272340147,2.238781200170425,1.5379731379731425,62.11180124223602,4.10496894409932,660.8999999999905,4.10496894409932,-0.614732571036749,1.3623042072873566,4.7197015151360695,3.4644989642467743,60,reversal,True,True,long,False,5.968750000000079,3.3827586206897315,5.643749999999712,0.14999999999995633
P60|reversal|MA1|BB1|TP20/SL20|TR0-0|short,107,-0.7351811330739559,-0.2712043974133165,-0.767973508243994,4,11,-13.081818181817528,-1.1724510893501994,-1.0475633825779844,0.8703136265320885,48.598130841121495,-1.3448598130840437,-143.89999999999267,-1.3448598130840437,-0.2331405147391802,1.1964950191537986,-1.1117192983448634,-0.9291466161982926,60,reversal,True,True,short,False,-0.22439024390246387,-0.8678571428570621,-4.133333333333086,
P60|reversal|MA1|BB1|TP20/SL20|TR5-3|both,281,-0.4883470155854729,0.8331643521960144,-1.3056430384631528,3,11,-7.254545454545559,-1.864529159141303,-0.8597061869034796,0.9200721153846124,82.91814946619218,-0.2839857651245594,-79.80000000000119,-0.2839857651245594,-0.760982159114903,0.3220806899381732,0.47699639399034355,1.4809841412160043,60,reversal,True,True,both,True,1.5755319148934694,-1.2200000000001343,-1.7413333333331484,-0.46346153846140764
P60|reversal|MA1|BB1|TP20/SL20|TR5-3|long,167,0.2945832445226602,0.5790699811461388,-0.08762642584699822,5,11,3.28181818181756,-0.7978314927363876,-0.18228481336849622,1.0694230769230653,85.02994011976048,0.21616766467061738,36.0999999999931,0.21616766467061738,-0.6626786585100489,0.6980241240755654,0.8788463231806662,1.2590486386764561,60,reversal,True,True,long,True,2.2693877551018766,-2.3935483870969563,0.9780000000000767,-1.345945945945865
P60|reversal|MA1|BB1|TP20/SL20|TR5-3|short,114,-1.0657880830287882,0.799606131284924,-2.0030890165579613,4,11,-10.53636363636312,-1.9041808338571287,-1.5653535169839667,0.7577341137123803,79.82456140350878,-1.0166666666666166,-115.89999999999431,-1.0166666666666166,-1.5517931998137047,1.3302154173553964,0.535126533147088,0.40228561943070396,60,reversal,True,True,short,True,0.8199999999998716,0.03448275862060686,-7.179999999999598,
P60|reversal|MA1|BB1|TP15/SL15|TR0-0|both,270,0.832756420043488,0.8736306135510087,0.3154799319787077,6,11,18.872727272728586,-0.03368318580624251,0.44608395582849636,1.1092919189260364,55.18518518518518,0.7688888888889432,207.6000000000147,0.7688888888889432,-0.1709354244116768,1.2266505098732403,0.9398243133006201,0.7661712164435001,60,reversal,True,True,both,False,0.7230769230769649,1.0421052631579637,1.283333333333412,-0.1999999999999777
P60|reversal|MA1|BB1|TP15/SL15|TR0-0|long,162,2.3380088355050286,1.8535313560982936,1.4639682194086645,8,11,40.036363636365586,1.6497537357620815,1.9414062606766174,1.4495712535728928,61.72839506172839,2.7185185185186516,440.4000000000216,2.7185185185186516,-0.7037554152574501,0.706825893489774,3.4222739337761015,4.841749524595781,60,reversal,True,True,long,False,2.5673469387756374,2.8206896551725498,4.825000000000213,0.033333333333364204
P60|reversal|MA1|BB1|TP15/SL15|TR0-0|short,109,-1.4114423134903606,-0.6166367254969598,-1.394045823213549,3,11,-19.87272727272786,-1.9824175935982875,-2.1128925441813227,0.7623654745081005,45.87155963302752,-2.005504587156023,-218.6000000000065,-2.005504587156023,-1.8398557095171948,1.597578742013655,-0.1656488776388283,-0.10368745732685297,60,reversal,True,True,short,False,-1.4285714285714863,-0.28275862068963675,-5.800000000000192,
P60|reversal|MA1|BB1|TP15/SL15|TR5-3|both,281,-0.9868137131573754,-0.3474907077139163,-1.019852029819966,3,11,-12.62727272727808,-2.5853522485895213,-1.3115524119139916,0.8582074316046822,77.93594306049823,-0.49430604982227355,-138.90000000005887,-0.49430604982227355,-1.2507445945389222,0.625282890908572,0.7564385447166486,1.209754106045505,60,reversal,True,True,both,True,1.034042553191297,-2.1833333333335685,-0.9813333333334983,-0.6057692307695061
P60|reversal|MA1|BB1|TP15/SL15|TR5-3|long,167,0.42067807422218695,0.40194432916038997,0.20024940352651688,6,11,3.9545454545426164,-0.8738808538249963,0.008956662012854995,1.091772151898665,82.03592814371258,0.26047904191598076,43.499999999968786,0.26047904191598076,-1.1112814967971416,0.5162897744165856,1.3717605387131224,2.656958566075089,60,reversal,True,True,long,True,1.7714285714283786,-2.590322580645412,1.3779999999999404,-0.8621621621624594
P60|reversal|MA1|BB1|TP15/SL15|TR5-3|short,114,-1.9264405261624415,0.021194734314401113,-2.610985025036,5,11,-16.581818181820697,-2.886624774139385,-2.4893776104978578,0.6392405063290723,71.9298245614035,-1.6000000000002426,-182.40000000002766,-1.6000000000002426,-1.0410134711781027,1.1841278800685495,-0.5589865288221398,-0.47206601434785905,60,reversal,True,True,short,True,0.23111111111091837,-1.7482758620691812,-5.700000000000376,
P60|reversal|MA1|BB1|TP30/SL30|TR0-0|both,257,0.7435327969100346,1.0346229673765315,0.03772299071776122,7,11,30.727272727272382,0.291201686054148,0.43011566103483273,1.1005055010407347,52.52918287937744,1.31517509727625,337.99999999999625,1.31517509727625,-1.0973784012252836,1.198681708530711,2.4125534985015333,2.0126723227125325,60,reversal,True,True,both,False,1.0392857142856489,3.448214285714269,-0.2782608695651979,1.6000000000000316
P60|reversal|MA1|BB1|TP30/SL30|TR0-0|long,158,1.2539079373545607,1.5838900478770386,0.22165146605659655,8,11,40.62727272727262,0.899110547092731,1.0166372532617538,1.2244149844330576,54.43037974683544,2.828481012658221,446.89999999999895,2.828481012658221,1.0216973101333708,1.96347334749547,1.8067837025248503,0.9201977224847555,60,reversal,True,True,long,False,4.197872340425447,4.620689655172325,2.5191489361703674,-0.08000000000005462
P60|reversal|MA1|BB1|TP30/SL30|TR0-0|short,105,-0.1845174619473095,0.2625925826108673,-0.5068576096280487,5,11,-4.881818181818731,-0.47367079500547704,-0.7215780794344242,0.962531398269603,50.476190476190474,-0.5114285714286284,-53.700000000005986,-0.5114285714286284,0.1766296611158918,2.1354301396672084,-0.6880582325445201,-0.3222106028023699,60,reversal,True,True,short,False,-0.5600000000000627,3.1535714285714755,-7.321739130435093,
P60|reversal|MA1|BB1|TP30/SL30|TR5-3|both,281,-0.7998780414576973,0.3484712827644755,-1.2871961244244265,3,11,-15.318181818185543,-1.865532018423715,-1.2547253626061732,0.8570701501399292,85.76512455516014,-0.5996441281140249,-168.50000000004098,-0.5996441281140249,-0.4549738762043193,0.8290978841982811,-0.14467025190970562,-0.17449116041298124,60,reversal,True,True,both,True,0.830851063829683,-0.46166666666673295,-1.7080000000001865,-1.7461538461541006
P60|reversal|MA1|BB1|TP30/SL30|TR5-3|long,167,-0.1036793456258086,0.21511983482964597,-0.30405747927384785,5,11,-1.463636363638715,-0.9649117765253106,-0.7076536024216133,0.9737998372660286,87.42514970059881,-0.09640718562889757,-16.100000000025894,-0.09640718562889757,-0.30256123082889963,0.7498993567696571,0.20615404520000208,0.27490895056644965,60,reversal,True,True,long,True,1.8612244897957768,-2.509677419354933,1.3399999999999292,-2.608108108108446
P60|reversal|MA1|BB1|TP30/SL30|TR5-3|short,114,-1.0624213681044963,0.5632403786542195,-1.706598127873573,5,11,-13.854545454546832,-1.6979806982462986,-1.6609659055658361,0.7299787384833233,83.33333333333334,-1.3368421052632906,-152.40000000001513,-1.3368421052632906,-1.2145715505579253,1.286863928065414,-0.1222705547053653,-0.09501436168871308,60,reversal,True,True,short,True,-0.2911111111111762,1.7275862068965178,-7.804000000000418,
P60|reversal|MA1|BB1|TP20/SL10|TR0-0|both,271,1.9118601761621887,1.6407642803037445,1.0707285716850148,7,11,42.60000000000502,1.0253199600512564,1.5597902274244575,1.2772288942791694,41.69741697416974,1.729151291513119,468.6000000000553,1.729151291513119,-0.09698025380896846,1.0098363461415591,1.8261315453220877,1.8083440473295265,60,reversal,True,True,both,False,2.300000000000433,1.218965517241831,2.3847222222221323,0.3764705882352271
P60|reversal|MA1|BB1|TP20/SL10|TR0-0|long,164,2.6644879731210627,2.1991823108358464,1.5779729724964084,8,11,46.745454545456546,1.9849687148333166,2.252725750046173,1.550358557208658,46.34146341463415,3.1353658536586715,514.2000000000221,3.1353658536586715,-0.38369644851423257,0.8993816326688846,3.519062302172904,3.91275758181786,60,reversal,True,True,long,False,4.0775510204085705,3.436666666667095,4.602083333333133,-0.2594594594594909
P60|reversal|MA1|BB1|TP20/SL10|TR0-0|short,107,-0.31801867094161157,-0.02359849561529518,-0.4234918999566502,4,11,-4.145454545451529,-0.9154448627540508,-0.7416797128586159,0.9396825396825813,34.57943925233645,-0.4261682242987542,-45.5999999999667,-0.4261682242987542,-0.5419993681405216,1.124978706252441,0.11583114384176746,0.1029629656081467,60,reversal,True,True,short,False,0.1756097560980249,-1.1571428571423812,-2.049999999999871,
P60|reversal|MA1|BB1|TP20/SL10|TR5-3|both,281,-0.9728860700012315,8.706116030192936e-14,-1.3399455982419628,5,11,-10.599999999998381,-2.8478765636383168,-1.5169855659447204,0.8699241410084916,70.46263345195729,-0.4149466192170187,-116.59999999998226,-0.4149466192170187,-0.7914234275319791,0.45203230083625273,0.37647680831496044,0.8328537753131451,60,reversal,True,True,both,True,0.7702127659574458,-1.428333333333231,-1.265333333333168,-0.16153846153847426
P60|reversal|MA1|BB1|TP20/SL10|TR5-3|long,167,0.18906546720851458,0.6542891388159517,-0.3793659808250101,6,11,1.60000000000065,-1.2462409686594387,-0.46049479469818744,1.0378983634797763,74.25149700598801,0.10538922155692863,17.600000000007082,0.10538922155692863,-0.7527879668658682,0.5796135311082912,0.8581771884227969,1.4806024055060591,60,reversal,True,True,long,True,1.5999999999999746,-1.6096774193547618,0.010000000000144027,-0.30810810810814115
P60|reversal|MA1|BB1|TP20/SL10|TR5-3|short,114,-1.7554089649380233,-0.23616550675817452,-2.22853573829165,5,11,-12.199999999999033,-2.9535250541259863,-2.380917582637895,0.6893518518518601,64.91228070175438,-1.1771929824560472,-134.1999999999894,-1.1771929824560472,-0.9997490894479526,0.692592381306203,-0.1774438930080946,-0.2562024905232745,60,reversal,True,True,short,True,-0.1333333333333083,-1.2344827586205598,-3.815999999999793,
P60|reversal|MA1|BB1|TP10/SL20|TR0-0|both,274,1.1455067681087874,1.7803202159796747,-0.11212797101181077,6,11,23.12727272726539,0.15868190459803413,0.8673133552382349,1.162711864406732,72.26277372262774,0.9284671532843769,254.39999999991926,0.9284671532843769,-0.9144900771855651,0.6190971601314534,1.842957230469942,2.9768465261230164,60,reversal,True,True,both,False,2.8260869565212268,0.4068965517236519,0.03333333333326532,-0.6076923076923196
P60|reversal|MA1|BB1|TP10/SL20|TR0-0|long,164,2.2495371745926165,2.276548036950001,0.9560845299207961,8,11,33.52727272726781,1.452058067041166,1.941627128428214,1.4665991902833428,76.82926829268293,2.2487804878045483,368.7999999999459,2.2487804878045483,-0.7326237616076406,0.751319480821867,2.981404249412189,3.9682243380017734,60,reversal,True,True,long,False,4.302040816326008,0.19999999999951576,3.574999999999721,-0.5297297297297459
P60|reversal|MA1|BB1|TP10/SL20|TR0-0|short,111,-0.7046119293294582,0.3814867238436362,-1.356258109006988,6,11,-9.563636363638837,-1.3040765684989402,-1.1799328541110699,0.8639244599663318,65.76576576576578,-0.9477477477479921,-105.20000000002712,-0.9477477477479921,-0.9667505873781911,1.5521113881472068,0.019002839630198998,0.012243218995308803,60,reversal,True,True,short,False,1.1441860465111282,0.9241379310339926,-7.049999999999646,
P60|reversal|MA1|BB1|TP10/SL20|TR5-3|both,281,-0.7959305572391875,0.7168849333945835,-1.6263121840892003,3,11,-11.43636363636472,-2.219513252698008,-1.0461681283341313,0.8739983974358825,82.91814946619218,-0.44768683274025606,-125.80000000001195,-0.44768683274025606,-1.5757674680615683,0.836399861599829,1.1280806353213122,1.3487336465641793,60,reversal,True,True,both,True,1.4989361702125852,-1.2933333333335335,-2.0359999999998393,-0.6999999999999056
P60|reversal|MA1|BB1|TP10/SL20|TR5-3|long,167,0.016995815354962716,0.5998771002198477,-0.48612569164507347,5,11,0.18181818181709694,-1.1218167325394712,-0.26187676440300045,1.0038461538461307,85.02994011976048,0.011976047904119881,1.9999999999880202,0.011976047904119881,-1.1060647818240579,0.8827794430176323,1.1180408297281779,1.266500753468323,60,reversal,True,True,long,True,2.267346938775307,-2.3516129032260173,0.45400000000004725,-1.5918918918918326
P60|reversal|MA1|BB1|TP10/SL20|TR5-3|short,114,-1.2030286347368258,0.6018728532846064,-1.977909913083646,5,11,-11.618181818181817,-2.0621037727970237,-1.5463766930663767,0.7328595317725685,79.82456140350878,-1.1210526315789473,-127.8,-1.1210526315789473,-1.3356014029443317,0.8396368896481508,0.21454877136538442,0.2555256611644242,60,reversal,True,True,short,True,0.6622222222220666,-0.1620689655174296,-7.015999999999611,
P100|reversal|MA1|BB1|TP20/SL20|TR0-0|both,166,0.7909899367736838,0.2742933241894767,0.8392779957378897,8,11,18.299999999999287,0.26899726566942606,0.4972005435864342,1.1347660172725413,55.42168674698795,1.2126506024095918,201.29999999999225,1.2126506024095918,-0.42559940843594807,1.64231685320029,1.6382500108455398,0.9975237163603202,100,reversal,True,True,both,False,3.468750000000044,-3.472727272727246,3.1769230769229084,1.0181818181817144
P100|reversal|MA1|BB1|TP20/SL20|TR0-0|long,104,1.1312599034534792,0.44211767848219535,1.123333064121005,6,11,20.63636363636289,0.716509460270792,0.7672584161134078,1.2601421040568381,57.692307692307686,2.1826923076922298,226.9999999999919,2.1826923076922298,0.12122229087684903,1.023632282278313,2.0614700168153806,2.013877495370835,100,reversal,True,True,long,False,5.500000000000052,-3.3624999999999794,4.1238095238093155,
P100|reversal|MA1|BB1|TP20/SL20|TR5-3|both,180,-0.20995653535717623,-0.6391773186101376,0.2827175266660436,7,11,-2.7272727272737596,-1.2217882296141698,-0.6693193912239743,0.9562937062936889,81.66666666666667,-0.1666666666667295,-30.00000000001131,-0.1666666666667295,-0.7751840658439615,0.7966984035127792,0.608517399177232,0.7637989438590249,100,reversal,True,True,both,True,1.830188679245025,-3.7173913043479483,1.3571428571428543,-1.2799999999996772
P100|reversal|MA1|BB1|TP20/SL20|TR5-3|long,109,-0.332395443327654,-0.7621792288593531,0.19738938304926945,7,11,-3.418181818182251,-1.103843684793197,-0.8837293885136556,0.913919413919401,80.73394495412845,-0.34495412844041046,-37.60000000000474,-0.34495412844041046,-0.5339164559629433,1.113256516434941,0.1889623275225329,0.16973835296078943,100,reversal,True,True,long,True,0.9695652173911031,-3.596000000000049,1.6977777777777043,
P100|reversal|MA1|BB1|TP15/SL15|TR0-0|both,168,0.262163293163201,-0.2577434713088682,0.6351207604787947,7,11,4.609090909091537,-0.43295321330704045,-0.1076025642448468,1.0415607836707965,53.57142857142857,0.301785714285756,50.70000000000701,0.301785714285756,-0.3623674771379262,0.9684777352484026,0.6641531914236822,0.6857702219177347,100,reversal,True,True,both,False,1.3428571428572234,-2.331818181818229,0.8509433962264686,1.9272727272728303
P100|reversal|MA1|BB1|TP15/SL15|TR0-0|long,105,0.5653298811971805,-0.046591543842292096,0.8212646394694715,6,11,7.827272727273305,0.013783086994999423,0.19733649268689318,1.117929050814962,55.23809523809524,0.8200000000000617,86.10000000000647,0.8200000000000617,-0.27713077971372924,1.1572537840844859,1.0971307797137908,0.9480468284506333,100,reversal,True,True,long,False,2.460869565217515,-2.3583333333333742,1.2348837209302983,
P100|reversal|MA1|BB1|TP15/SL15|TR5-3|both,180,-0.56042265963621,-0.9184195851023932,0.11456430345997258,7,11,-6.0818181818215376,-1.7735477152738555,-0.9860442439939833,0.8967273849953158,77.22222222222223,-0.37166666666687165,-66.9000000000369,-0.37166666666687165,-1.42252626824993,0.550649157653226,1.0508596015830585,1.9084013604263834,100,reversal,True,True,both,True,1.233962264150654,-3.5804347826089673,0.9999999999998904,-0.9440000000001199
P100|reversal|MA1|BB1|TP15/SL15|TR5-3|long,109,-0.6537430788158101,-1.150665738310142,0.1965762409801708,5,11,-5.645454545456443,-1.5737870122506021,-1.1463289123416889,0.8488315481985913,76.14678899082568,-0.5697247706423931,-62.100000000020856,-0.5697247706423931,-0.8800343318984811,0.7035874105237218,0.310309561256088,0.4410391041890676,100,reversal,True,True,long,True,0.22173913043453247,-3.7360000000002067,1.1422222222220535,
P100|reversal|MA1|BB1|TP30/SL30|TR0-0|both,164,-0.2843963578229667,-0.03113357622603569,-0.35887607211445743,7,11,-9.099999999999168,-0.6571457170996526,-0.5392297982697245,0.9546812749004029,50.0,-0.6103658536584802,-100.09999999999076,-0.6103658536584802,-0.03795463918536616,1.977265709920489,-0.572411214473114,-0.2894963542841858,100,reversal,True,True,both,False,2.640425531914843,-5.211363636363514,-1.90784313725487,4.654545454545661
P100|reversal|MA1|BB1|TP30/SL30|TR0-0|long,104,-0.21958216071650358,-0.6048853185380302,0.2529908324113309,5,11,-5.6909090909084235,-0.5114159303745828,-0.5360005840710214,0.9565277777777836,49.03846153846153,-0.6019230769230054,-62.59999999999256,-0.6019230769230054,0.6485192029125655,1.226595520068199,-1.2504422798355708,-1.019441420889949,100,reversal,True,True,long,False,4.165217391304268,-7.345833333333207,-0.0023809523808322993,
P100|reversal|MA1|BB1|TP30/SL30|TR5-3|both,180,-0.5206445915867958,-0.6236417837311435,-0.161923277447376,6,11,-8.754545454547747,-1.30201695235435,-1.0686801499133916,0.8834422657951783,85.0,-0.5350000000001397,-96.30000000002515,-0.5350000000001397,-0.9796272756705398,0.9167148459109571,0.44462727567040006,0.4850224447151452,100,reversal,True,True,both,True,1.0754716981129928,-3.556521739130438,1.8357142857141324,-3.7000000000002053
P100|reversal|MA1|BB1|TP30/SL30|TR5-3|long,109,-0.5511232284399439,-0.9210114905337009,0.03182375411774813,6,11,-7.227272727274294,-1.1557410472621188,-1.2451228822935803,0.8465843303743418,84.40366972477065,-0.7293577981652951,-79.50000000001717,-0.7293577981652951,-0.9835202145119959,1.1903828931742297,0.2541624163467008,0.21351316270091966,100,reversal,True,True,long,True,-0.33478260869577936,-3.5239999999999325,2.515555555555345,
P100|reversal|MA1|BB1|TP20/SL10|TR0-0|both,168,1.4411500956669576,0.6354173674336431,1.3859949020546267,8,11,24.681818181820994,0.7272748881544693,1.1507688228363881,1.2587192681532735,41.66666666666667,1.6160714285716127,271.5000000000309,1.6160714285716127,-0.4638281859573922,0.6918262801363129,2.0798996145290047,3.0063900060564266,100,reversal,True,True,both,False,2.8530612244902143,-1.5363636363631477,2.016981132075381,4.199999999999716
P100|reversal|MA1|BB1|TP20/SL10|TR0-0|long,105,1.556366090416513,0.7258317826056261,1.4586373506619408,9,11,21.081818181819393,0.9921497258847528,1.1939100378137186,1.3691499522445494,43.80952380952381,2.2085714285715565,231.90000000001342,2.2085714285715565,-0.5537652961248561,1.3765032957058854,2.7623367246964126,2.0067781408978447,100,reversal,True,True,long,False,3.9391304347829945,-0.06666666666618608,2.2069767441859622,
P100|reversal|MA1|BB1|TP20/SL10|TR5-3|both,180,-0.35530916954600134,-0.5316027961136444,-0.020049730394909558,5,11,-3.3363636363625386,-1.7566763106393133,-0.9818410099195914,0.9382154882155065,69.44444444444444,-0.20388888888882165,-36.699999999987895,-0.20388888888882165,-1.0097461621366204,0.26786270764212683,0.8058572732477988,3.008471318539981,100,reversal,True,True,both,True,1.0264150943395218,-2.1108695652172553,-0.053571428571315964,0.360000000000195
P100|reversal|MA1|BB1|TP20/SL10|TR5-3|long,109,-0.6498248324706468,-0.9395956034145486,-0.0672962771867324,7,11,-4.863636363635302,-1.709927766354933,-1.4890964832400804,0.8584656084656317,67.88990825688074,-0.4908256880732873,-53.49999999998832,-0.4908256880732873,-1.1767209228822832,0.39283437479469074,0.685895234808996,1.7460163336456216,100,reversal,True,True,long,True,1.2130434782608426,-2.4319999999997783,-0.2155555555554811,
P100|reversal|MA1|BB1|TP10/SL20|TR0-0|both,174,0.9115535446670978,0.2513617229722934,1.0499999999999259,7,11,14.618181818176641,0.12266167921993344,0.60777299378295,1.1610576923076374,72.41379310344827,0.9241379310341555,160.79999999994305,0.9241379310341555,-0.48322642967152685,0.8753457814742057,1.4073643607056825,1.607781051204111,100,reversal,True,True,both,False,2.5999999999994934,-1.234782608696122,1.4222222222220697,0.4499999999999278
P100|reversal|MA1|BB1|TP10/SL20|TR0-0|long,107,1.0660003448546451,0.6155845793405722,0.8812306953204625,7,11,13.127272727269728,0.43420110235717335,0.7397882793105934,1.2479395604395098,73.83177570093457,1.349532710280066,144.39999999996706,1.349532710280066,-0.6357585833307493,1.0524774929426897,1.9852912936108154,1.8863028491564333,100,reversal,True,True,long,False,3.9826086956516553,-1.6000000000004677,2.3818181818179682,
P100|reversal|MA1|BB1|TP10/SL20|TR5-3|both,180,-0.946987852950639,-0.7271031657745468,-0.6097367904487012,6,11,-11.372727272728632,-2.0438880551138396,-1.2383429430027342,0.8177447552447303,81.66666666666667,-0.695000000000083,-125.10000000001493,-0.695000000000083,-1.1790041272563054,0.6054255035056493,0.48400412725622244,0.7994445632925111,100,reversal,True,True,both,True,1.6528301886789447,-3.6608695652175527,0.28571428571431806,-2.4119999999997397
P100|reversal|MA1|BB1|TP10/SL20|TR5-3|long,109,-0.9220535988931741,-0.6906039035103856,-0.6094453026488438,6,11,-8.781818181818647,-1.755891996709781,-1.2030282994171129,0.7788461538461372,80.73394495412845,-0.8862385321101383,-96.60000000000507,-0.8862385321101383,-1.2695718727577971,1.0888317600105621,0.3833333406476589,0.35205929393898316,100,reversal,True,True,long,True,1.1956521739128094,-3.6120000000000685,0.5866666666666243,
P100|breakout|MA0|BB1|TP20/SL20|TR0-0|both,1133,0.2753299613273638,-1.0155165851390262,1.3590938155878511,7,11,16.272727272723444,-1.1140140989172795,0.039448183955373174,1.0162538137440031,52.338923212709624,0.15798764342450025,178.9999999999588,0.15798764342450025,-0.8788648646974286,0.47608992413743856,1.0368525081219289,2.1778501403919823,100,breakout,False,True,both,False,-1.1847117794486206,0.1367256637168162,1.9270440251571288,0.04210526315784627
P100|breakout|MA0|BB1|TP20/SL20|TR0-0|long,602,-0.32282659513932765,-1.461279439617555,0.9106401000521793,5,11,-14.209090909093412,-1.3127981801526234,-0.5662535823324123,0.9738076884405218,51.328903654485046,-0.25963455149506165,-156.30000000002713,-0.25963455149506165,-0.18990243155976963,0.8778137248095339,-0.06973211993529202,-0.07943840243603202,100,breakout,False,True,long,False,-2.366836734693898,-0.7535714285714479,2.835978835978708,-1.371428571428539
P100|breakout|MA0|BB1|TP20/SL20|TR0-0|short,554,0.8022404948239512,0.7389776462775461,0.40156386785516457,6,11,33.199999999998575,-0.17108755671484627,0.5146483357119643,1.0693624052724522,53.61010830324909,0.6592057761732575,365.19999999998464,0.6592057761732575,-0.8355647375579434,0.4452068173232224,1.4947705137312008,3.3574744491075252,100,breakout,False,True,short,False,0.34103773584908215,0.5427419354838878,0.4121212121211432,1.9906976744184455
P100|breakout|MA0|BB1|TP20/SL20|TR5-3|both,1215,-1.2573479092342257,-2.5797890151916114,0.5902295537795054,3,11,-45.18181818182273,-3.6919373404614135,-1.5282453859730873,0.9079100965368904,78.51851851851852,-0.4090534979424278,-497.00000000004974,-0.4090534979424278,-1.1057650169942081,0.39253520555547206,0.6967115190517803,1.7749019939902508,100,breakout,False,True,both,True,-0.4296803652969528,-1.9454183266933631,0.7103030303030935,-0.28010204081617873
P100|breakout|MA0|BB1|TP20/SL20|TR5-3|long,644,-2.189417522985038,-3.5665516359210097,0.30095493740096874,3,11,-56.627272727273365,-3.9784807216839653,-2.531076192251759,0.7924220207944492,77.48447204968944,-0.9672360248447314,-622.900000000007,-0.9672360248447314,-0.9213414088516645,0.3146878256581321,-0.04589461599306688,-0.14584172710553311,100,breakout,False,True,long,True,-1.9906976744187448,-1.8016260162603353,1.0076142131980523,-1.5761467889905678
P100|breakout|MA0|BB1|TP20/SL20|TR5-3|short,584,0.3331561820220963,0.6009749226768829,-0.06142804005400917,7,11,8.46363636363255,-1.3373768123230008,0.006194370883656125,1.0378686190766564,79.62328767123287,0.15941780821910653,93.09999999995821,0.15941780821910653,-1.0681035147788756,0.237669196447548,1.227521322997982,5.164831376323889,100,breakout,False,True,short,True,1.1101769911502821,-2.3985074626866707,0.3286764705882745,1.3511363636363969
P100|breakout|MA0|BB1|TP15/SL15|TR0-0|both,1194,-0.5816983520932084,-0.9119455171454404,0.0912675211960072,4,11,-27.409090909088608,-2.406985197082813,-0.807707473481006,0.9666953870625705,51.75879396984925,-0.25251256281404855,-301.49999999997397,-0.25251256281404855,-0.850926308256059,0.4490349559028041,0.5984137454420104,1.3326662826034865,100,breakout,False,True,both,False,-0.7323255813953432,-0.39012345679010807,0.1633027522936144,0.28247422680416495
P100|breakout|MA0|BB1|TP15/SL15|TR0-0|long,633,-0.777988465016788,-1.159490808794689,0.04574165373765418,6,11,-27.236363636362924,-2.080367180213248,-1.0078724061138513,0.9385234128124139,51.026856240126385,-0.473301737756701,-299.5999999999917,-0.473301737756701,-0.7680051059369067,0.6236567608275038,0.29470336818020576,0.4725409659460379,100,breakout,False,True,long,False,-0.9428571428571477,-1.701666666666697,0.9692307692308363,-0.7999999999999998
P100|breakout|MA0|BB1|TP15/SL15|TR0-0|short,571,0.12380392622246834,0.4816201037578651,-0.30358760663837336,6,11,3.9454545454562764,-1.1759270660614023,-0.16202821563276007,1.0102515648990238,52.88966725043783,0.07600700525397432,43.40000000001933,0.07600700525397432,-1.2581085813574369,0.583836695124338,1.3341155866114112,2.285083479254911,100,breakout,False,True,short,False,-0.2337777777777523,0.6000000000000496,-0.9127819548872224,1.6418604651163717
P100|breakout|MA0|BB1|TP15/SL15|TR5-3|both,1241,-1.9813818993177426,-3.1524819911306294,0.22011308169935792,3,11,-60.827272727292595,-4.884015385000696,-2.279797627819233,0.8698400964867538,73.73086220789685,-0.5391619661565011,-669.100000000218,-0.5391619661565011,-1.2173942639463462,0.2069873324980325,0.6782322977898451,3.2766850492954296,100,breakout,False,True,both,True,-0.6778761061948835,-1.5308880308882453,0.40510510510496567,-0.5131979695432926
P100|breakout|MA0|BB1|TP15/SL15|TR5-3|long,654,-2.5246261364625258,-3.855755205650689,0.1761160962476967,4,11,-55.209090909100425,-4.665294733527693,-2.846322750657831,0.7832774248804216,72.78287461773701,-0.9285932721714136,-607.3000000001045,-0.9285932721714136,-0.9149643871660345,0.25490421876431574,-0.013628885005379177,-0.05346669063166991,100,breakout,False,True,long,True,-1.8450000000001967,-1.7362204724412305,0.8818181818181091,-1.4266055045872534
P100|breakout|MA0|BB1|TP15/SL15|TR5-3|short,594,-0.3308630285349836,0.21132596240995913,-0.6370327003587513,5,11,-7.209090909101362,-2.3117467957758153,-0.6819728086663274,0.9665400843881387,74.74747474747475,-0.133501683501877,-79.30000000011493,-0.133501683501877,-1.1351635552777473,0.40901497485095817,1.0016618717758703,2.4489613666122323,100,breakout,False,True,short,True,0.4706382978721488,-1.5244444444445981,-0.28308823529434596,0.6181818181816134
P100|breakout|MA0|BB1|TP30/SL30|TR0-0|both,1025,0.0569168106142058,0.011813515651508866,0.06593421564367084,6,11,4.772727272727019,-0.8302108249181884,-0.19854299412156554,1.003640221325456,51.02439024390244,0.05121951219511946,52.49999999999744,0.05121951219511946,-0.9827450129799333,0.647372584650298,1.0339645251750529,1.5971707015266745,100,breakout,False,True,both,False,-0.3157434402332443,0.33939393939391027,1.4605263157895105,-1.946666666666694
P100|breakout|MA0|BB1|TP30/SL30|TR0-0|long,557,0.24875366747338393,-0.37884327739610935,0.6826532455780926,5,11,15.281818181818277,-0.4100271054451494,0.01195214614695497,1.021780536156208,51.526032315978455,0.3017953321364475,168.10000000000124,0.3017953321364475,0.5745459455526696,1.0534401133594915,-0.2727506134162221,-0.2589142087502269,100,breakout,False,True,long,False,-1.0080924855491493,0.17714285714282607,3.5185393258427897,-2.994059405940687
P100|breakout|MA0|BB1|TP30/SL30|TR0-0|short,511,0.44278787706716155,1.5795138635559676,-0.8412905188194633,6,11,26.181818181817793,-0.18569561354299383,0.1307692977724705,1.0408974723090016,52.64187866927593,0.5636007827788573,287.9999999999961,0.5636007827788573,-2.3555482927410893,1.2476243489365868,2.9191490755199467,2.339766034550452,100,breakout,False,True,short,False,1.8881720430107303,1.067857142857128,-1.697709923664167,0.4829268292683875
P100|breakout|MA0|BB1|TP30/SL30|TR5-3|both,1175,-0.8391654418989559,-1.8194247241695036,0.47362005878070484,4,11,-36.82727272728409,-2.776871703773297,-1.1213309068946449,0.9304525477269397,83.48936170212767,-0.34476595744691446,-405.1000000001245,-0.34476595744691446,-1.1084754079426202,0.40290304604694854,0.7637094504957058,1.8955166956139469,100,breakout,False,True,both,True,-0.3497619047619779,-2.1254166666666943,1.311214953270856,-0.8711340206187203
P100|breakout|MA0|BB1|TP30/SL30|TR5-3|long,628,-1.9866924619467965,-3.3293154567888754,0.4784948316981848,4,11,-63.25454545455048,-3.4104666082471784,-2.3312716578675046,0.7868325112588317,82.80254777070064,-1.1079617834395783,-695.8000000000552,-1.1079617834395783,-0.7693834633588743,0.5090057629510814,-0.338578320080704,-0.6651758088507997,100,breakout,False,True,long,True,-2.3692307692307946,-2.481818181818261,1.9083769633506606,-2.474074074074225
P100|breakout|MA0|BB1|TP30/SL30|TR5-3|short,572,0.6720987707424774,1.5929608197869558,-0.35449628606707256,6,11,21.236363636357094,-0.6448713577981794,0.34867588583528425,1.087037520026799,84.26573426573427,0.4083916083914828,233.59999999992817,0.4083916083914828,-1.2814733457289331,0.41429386415623415,1.689864954120416,4.078904131399716,100,breakout,False,True,short,True,1.6917431192659391,-2.10076335877861,0.2926470588232713,1.1517241379308802
P100|breakout|MA0|BB1|TP20/SL10|TR0-0|both,1239,-0.15993216951165515,-1.328155232348426,1.0965816897640492,6,11,-7.327272727243676,-2.111750281717995,-0.44955641443583083,0.9905899384727115,35.91606133979015,-0.06505246166237261,-80.59999999967965,-0.06505246166237261,-0.6598840081542487,0.3773049049285257,0.5948315464918761,1.5765274681614787,100,breakout,False,True,both,False,-1.2986577181203283,0.4394636015330295,1.4356495468277661,-0.4500000000000198
P100|breakout|MA0|BB1|TP20/SL10|TR0-0|long,654,-1.0685972317961923,-1.2004924067825535,-0.3141196926544811,4,11,-35.49999999998443,-2.4853561193992775,-1.4084313767613705,0.9159292988008675,34.09785932721712,-0.5970948012229793,-390.49999999982845,-0.5970948012229793,-0.34500853783981855,0.4392204355137083,-0.25208626338316076,-0.5739401972231163,100,breakout,False,True,long,False,-2.0821917808214407,0.5769841269845896,1.1696969696969723,-2.1513513513512748
P100|breakout|MA0|BB1|TP20/SL10|TR0-0|short,593,0.9854064734145261,-0.00842126240627471,1.418856941523533,8,11,31.227272727286536,-0.3739401449865115,0.6668294774374637,1.086663639115998,38.11129848229342,0.5792580101183002,343.50000000015206,0.5792580101183002,-1.1566051445735201,0.6336607308160424,1.7358631546918204,2.7394204347432694,100,breakout,False,True,short,False,-0.3798283261797821,0.2869565217395936,1.8315789473683453,1.6719101123594096
P100|breakout|MA0|BB1|TP20/SL10|TR5-3|both,1273,-2.336012512593005,-4.050785119040558,0.4213234428242726,3,11,-63.88181818180647,-5.676841709727585,-2.723101274185004,0.8563690622189707,64.41476826394344,-0.5520031421837166,-702.6999999998712,-0.5520031421837166,-1.0019908808988605,0.16813202195420932,0.44998773871514386,2.676395213029067,100,breakout,False,True,both,True,-0.9448497854075905,-1.520370370370247,0.8416666666667145,-0.6701492537312607
P100|breakout|MA0|BB1|TP20/SL10|TR5-3|long,669,-2.6250188386902376,-4.06791811190578,0.09213979791603956,4,11,-49.963636363628304,-5.139873567980622,-3.1074851388921014,0.787075778707601,64.27503736920778,-0.8215246636769974,-549.5999999999112,-0.8215246636769974,-0.9266055437040773,0.1387702793825221,0.10508088002707994,0.7572290010126961,100,breakout,False,True,long,True,-1.8951541850218407,-1.1129770992365953,0.8100000000000986,-1.2216216216214333
P100|breakout|MA0|BB1|TP20/SL10|TR5-3|short,608,-0.708434115457268,-0.5823601597772751,-0.43142406063744715,6,11,-14.072727272723654,-2.9235391221769733,-1.1549944855811016,0.9333333333333472,64.63815789473685,-0.2546052631578292,-154.79999999996016,-0.2546052631578292,-1.2560933957318225,0.3593012165158661,1.0014881325739933,2.7873218529160457,100,breakout,False,True,short,True,-0.01161825726132622,-1.9411347517728548,0.8882352941176199,0.009999999999951352
P100|breakout|MA0|BB1|TP10/SL20|TR0-0|both,1180,-1.1122399035724295,-1.290087477367643,-0.29985015571806106,3,11,-47.336363636394296,-3.108358684221406,-1.3177882840601192,0.9336527312342676,67.71186440677967,-0.4412711864409633,-520.7000000003367,-0.4412711864409633,-0.849803467781124,0.3088798823001758,0.40853228134016073,1.3226250874543544,100,breakout,False,True,both,False,-0.570095693780374,-0.3176954732515036,0.12592592592583376,-1.2615384615384353
P100|breakout|MA0|BB1|TP10/SL20|TR0-0|long,628,-0.8382710264164784,-1.7494243748863718,0.5012135989427924,3,11,-26.909090909106908,-2.251717496873442,-1.0550164045671477,0.929340431118813,67.67515923566879,-0.47133757961811407,-296.00000000017565,-0.47133757961811407,-0.6295069056035938,0.3877468732939381,0.15816932598547973,0.40791902367082866,100,breakout,False,True,long,False,-1.3673170731711948,-1.1108333333337985,1.6226804123709737,-1.8091743119265482
P100|breakout|MA0|BB1|TP10/SL20|TR0-0|short,567,-0.6314006092429163,0.4204968026230609,-1.2680782263451962,5,11,-18.790909090924426,-2.0123973111929714,-0.8339971448970491,0.9447651114317325,67.90123456790124,-0.3645502645505615,-206.70000000016836,-0.3645502645505615,-1.128611627742726,0.8308059852900557,0.7640613631921646,0.9196628054207038,100,breakout,False,True,short,False,0.36313364055251773,0.0038461538456739564,-1.8526315789473728,-0.4551724137931227
P100|breakout|MA0|BB1|TP10/SL20|TR5-3|both,1215,-2.700877841859745,-3.1218558496431417,-0.7965933597795783,2,11,-91.97272727273885,-5.251352416092736,-2.9114653137291406,0.8125405325279065,78.51851851851852,-0.8326748971194463,-1011.7000000001273,-0.8326748971194463,-1.198042683532042,0.28133969228810035,0.3653677864125956,1.2986713088405881,100,breakout,False,True,both,True,-0.7264840182650827,-1.9266932270918047,-0.0887878787878721,-0.9214285714284698
P100|breakout|MA0|BB1|TP10/SL20|TR5-3|long,644,-3.0984634281090533,-3.7413754842856495,-0.6836333481444726,3,11,-76.4000000000036,-4.966646334689195,-3.3292703284245606,0.7199413489735893,77.48447204968944,-1.30496894409944,-840.4000000000394,-1.30496894409944,-1.280849260271912,0.42592575941954514,-0.02411968382752816,-0.056628845037216456,100,breakout,False,True,long,True,-2.164651162790882,-1.6853658536587548,0.28426395939088944,-2.052293577981451
P100|breakout|MA0|BB1|TP10/SL20|TR5-3|short,584,-0.7805928570394735,0.03857997360900795,-1.052686779845067,4,11,-18.55454545455335,-2.563302460889445,-1.0572235370034502,0.9169818995321989,79.62328767123287,-0.3494863013700115,-204.10000000008674,-0.3494863013700115,-1.5593317990418565,0.33217340760468694,1.209845497671845,3.6422105742782946,100,breakout,False,True,short,True,0.7004424778758066,-2.4701492537314707,-0.5625000000000158,0.5125000000000014
P60|reversal|MA0|BB0|TP20/SL20|TR0-0|both,2070,-0.04492077014150777,-0.03342856353603412,-0.030328709818293133,8,11,-3.745454545457446,-1.8375332938460855,-0.29930615251635995,0.9979746935003375,51.93236714975845,-0.019903381642526845,-41.20000000003057,-0.019903381642526845,-0.7379794802981318,0.4102763099456511,0.718076098655605,1.7502255949185264,60,reversal,False,False,both,False,-0.4322834645669189,0.2429305912596626,0.889951377633632,-0.9564102564102481
P60|reversal|MA0|BB0|TP20/SL20|TR0-0|long,1123,0.5982839723771396,-0.1594023721625492,0.9419455242270365,7,11,35.79090909090482,-0.7648306993684367,0.3109977167874539,1.0364776844036319,52.89403383793411,0.35057880676754544,393.69999999995355,0.35057880676754544,-0.2760448640802953,0.482684486066617,0.6266236708478408,1.2982055337103962,60,reversal,False,False,long,False,-0.012499999999987447,-0.8122641509433876,2.4242690058477914,-1.1115879828326056
P60|reversal|MA0|BB0|TP20/SL20|TR0-0|short,995,-0.8262910630414051,0.015222974805979506,-1.13648587408521,3,11,-45.90909090908971,-2.1269748064417104,-1.1969800029714162,0.9497422423916723,50.55276381909548,-0.5075376884421973,-504.99999999998624,-0.5075376884421973,-1.3496756847139035,0.3799650656388169,0.8421379962717063,2.216356377015504,60,reversal,False,False,short,False,-0.5869426751592319,0.6070707070707291,-0.9418439716311826,-0.8721393034825781
P60|reversal|MA0|BB0|TP20/SL20|TR5-3|both,3067,-3.3903156974626105,-2.1879604122526595,-2.588786360220289,2,11,-185.10909090909362,-7.430238167837655,-3.753647875296868,0.8391893919649925,80.01304206064557,-0.6639060971633612,-2036.200000000029,-0.6639060971633612,-0.9533419678146828,0.10646270357823906,0.2894358706513216,2.7186597834105934,60,reversal,False,False,both,True,-0.6210152284265165,-1.1475513428121482,-0.15938606847687325,-0.9353820598005128
P60|reversal|MA0|BB0|TP20/SL20|TR5-3|long,1632,-2.8608391196997682,-1.830489197567466,-2.2059172183487568,1,11,-109.32727272727404,-5.9410244846335925,-3.2198385515452554,0.8176663230032086,80.51470588235294,-0.7368872549019694,-1202.600000000014,-0.7368872549019694,-1.0051456672514212,0.22960688878226124,0.2682584123494518,1.168337821971205,60,reversal,False,False,long,True,-0.4880626223093543,-1.3378125000001788,-0.19075630252089976,-1.336307692307472
P60|reversal|MA0|BB0|TP20/SL20|TR5-3|short,1462,-2.092823574764458,-1.8310248086434322,-1.213892153827987,2,11,-79.31818181818336,-4.950713600645618,-2.5996552845849616,0.858525749124395,79.48016415868673,-0.5967852257182056,-872.5000000000166,-0.5967852257182056,-1.0562887232362626,0.13683426545302027,0.45950349751805697,3.3581025629564967,60,reversal,False,False,short,True,-0.7690721649485345,-0.9613496932516374,-0.1532085561496345,-0.464981949458413
P60|reversal|MA0|BB0|TP15/SL15|TR0-0|both,2403,-1.3557611036810306,-1.107527287573471,-0.8241391383286604,3,11,-91.36363636363325,-3.907028768894732,-1.6223565165476712,0.9454521770280432,51.269246774864754,-0.4182272159800101,-1004.9999999999643,-0.4182272159800101,-0.7631146074192185,0.2905702401624123,0.34488739143920843,1.1869329469061798,60,reversal,False,False,both,False,-0.6459459459459402,-0.38523206751053196,0.2559829059829439,-1.0761806981519562
P60|reversal|MA0|BB0|TP15/SL15|TR0-0|long,1278,-0.01567470973587688,-0.5559819151576524,0.48843326086529276,7,11,-0.7545454545420056,-1.9377931647286921,-0.34349071820980737,0.9991280321892738,52.660406885759,-0.006494522691675443,-8.299999999961216,-0.006494522691675443,-0.6589477019957324,0.2976666975910661,0.6524531793040569,2.191891752030641,60,reversal,False,False,long,False,-0.1573298429319117,-0.5651639344262148,1.067095115681301,-0.8570342205323218
P60|reversal|MA0|BB0|TP15/SL15|TR0-0|short,1146,-1.8054174564725296,-1.1048147503945782,-1.4415289689029636,2,11,-81.9636363636363,-3.626934628422118,-2.229560318099648,0.8999245216001458,50.0,-0.7867364746945887,-901.5999999999987,-0.7867364746945887,-1.0099211593295625,0.27124451908922576,0.22318468463497376,0.8228173066293637,60,reversal,False,False,short,False,-1.1824657534246736,-0.02236286919828662,-0.6580441640378497,-1.128193832599121
P60|reversal|MA0|BB0|TP15/SL15|TR5-3|both,3166,-3.9848583885518707,-2.940667836318583,-2.7200729975299702,1,11,-182.09090909096096,-8.90789633775158,-4.292472883144416,0.8346199892663585,75.7106759317751,-0.6326595072648673,-2003.00000000057,-0.6326595072648673,-1.0702687826260207,0.13964316612355698,0.43760927536115335,3.133767927991223,60,reversal,False,False,both,True,-0.5759059745349497,-1.0709726443771097,-0.19758342922914277,-0.8715210355989046
P60|reversal|MA0|BB0|TP15/SL15|TR5-3|long,1667,-3.053039995521939,-2.186352395556003,-2.131288565597431,1,11,-98.87272727275537,-6.728250086403438,-3.3897783301546958,0.8241011790201889,76.48470305938812,-0.652429514097366,-1087.6000000003091,-0.652429514097366,-0.9891471639559436,0.13665559918747266,0.33671764985857755,2.463987219408751,60,reversal,False,False,long,True,-0.4879078694819776,-1.2361702127662133,-0.21683778234101042,-0.9730303030304313
P60|reversal|MA0|BB0|TP15/SL15|TR5-3|short,1509,-2.685347018477236,-2.229590291987223,-1.616725943157726,1,11,-85.37272727275122,-6.161760609977006,-3.109423352580383,0.8428494929548797,74.81776010603049,-0.6223326706429843,-939.1000000002632,-0.6223326706429843,-1.149478176539202,0.11094734686512481,0.5271455058962177,4.751312408912778,60,reversal,False,False,short,True,-0.7184890656065094,-0.8488023952097459,-0.1997395833334723,-0.7552083333336133
P60|reversal|MA0|BB0|TP30/SL30|TR0-0|both,1635,1.1267817373851017,1.5366152003235125,0.1846480347207326,8,11,120.6818181818177,0.01652193299247215,0.8880653742418151,1.0594119226638008,52.477064220183486,0.8119266055045843,1327.4999999999952,0.8119266055045843,-0.7837180201120437,0.5303555398940927,1.595644625616628,3.0086319564706803,60,reversal,False,False,both,False,0.9248995983935518,1.9399999999999853,1.8426530612245577,-1.8353801169591306
P60|reversal|MA0|BB0|TP30/SL30|TR0-0|long,916,1.1265438745346863,0.36825259088352513,1.1694290288382876,8,11,89.1363636363638,0.28461043040649775,0.8370969351858073,1.0791792171715118,53.05676855895196,1.0704148471615744,980.5000000000022,1.0704148471615744,-0.3032467503270135,0.45905131302719154,1.373661597488588,2.9923922631438375,60,reversal,False,False,long,False,1.7609318996415395,-0.4152542372881452,4.57362637362653,-3.667914438502826
P60|reversal|MA0|BB0|TP30/SL30|TR0-0|short,822,-0.07070610360635544,0.691454776922517,-0.7036225433324481,6,11,-5.3454545454544835,-0.8621197347657831,-0.43103504729068554,0.9948791639451338,50.60827250608273,-0.07153284671532703,-58.79999999999882,-0.07153284671532703,-2.036364432977121,0.48340020584328947,1.964831586261794,4.064606432746867,60,reversal,False,False,short,False,-0.31455938697318253,1.499999999999994,-1.2916666666666963,0.39878787878793537
P60|reversal|MA0|BB0|TP30/SL30|TR5-3|both,2917,-0.9469898771114884,-0.9380710225434035,-0.43984636730869453,4,11,-60.15454545457589,-4.296595731774587,-1.2800468072670848,0.9456817081079036,86.08159067535139,-0.22684264655479391,-661.7000000003338,-0.22684264655479391,-0.9328630685090384,0.18004587400507713,0.7060204219542445,3.921336303070935,60,reversal,False,False,both,True,-0.3734391534391945,-1.0460884353742084,1.0921739130433248,-0.9894645941280436
P60|reversal|MA0|BB0|TP30/SL30|TR5-3|long,1579,-0.9593886679997443,-0.9228721099777308,-0.44066334458236234,4,11,-42.881818181836096,-3.5468300341760397,-1.3021340114646411,0.9263348585885104,86.63711209626345,-0.29873337555427265,-471.70000000019655,-0.29873337555427265,-0.7242298531283378,0.20502368262482784,0.4254964775740651,2.075352818399422,60,reversal,False,False,long,True,-0.06418511066407015,-1.3054140127389542,1.1426991150441048,-1.7291139240508153
P60|reversal|MA0|BB0|TP30/SL30|TR5-3|short,1417,-0.8219159435177807,-1.364657607669724,0.03538844984809743,4,11,-38.57272727274044,-3.057149147820734,-1.2582473976695163,0.9318305967031679,85.10938602681722,-0.29943542695846453,-424.3000000001443,-0.29943542695846453,-0.9849366967266219,0.24502439558026376,0.6855012697681573,2.7976857902037127,60,reversal,False,False,short,True,-0.9738947368421065,-0.9373417721519205,0.977008310249152,-0.06867924528332336
P60|reversal|MA0|BB0|TP20/SL10|TR0-0|both,2632,-0.7923338130415071,-0.7413421100799464,-0.39572799447031637,5,11,-53.49999999994457,-3.563848354825101,-1.0594341596756707,0.9678841756574917,35.37234042553192,-0.22359422492377987,-588.4999999993886,-0.22359422492377987,-0.9175768676325197,0.21022776491447526,0.6939826427087398,3.301098896195112,60,reversal,False,False,both,False,-0.4685573366209869,-0.04980237154104299,0.1698186528497496,-0.5790055248618912
P60|reversal|MA0|BB0|TP20/SL10|TR0-0|long,1386,0.024077572185394504,-0.4245279045626287,0.4117901527131107,5,11,1.1909090909363236,-1.992022754883878,-0.31489196234373135,1.001375848089598,36.291486291486294,0.009451659451876383,13.100000000300668,0.009451659451876383,-0.3941543226777963,0.2657551552329804,0.4036059821296727,1.518713651202146,60,reversal,False,False,long,False,-0.48433734939712086,0.5579365079369633,0.666113744075812,-0.6989898989899047
P60|reversal|MA0|BB0|TP20/SL10|TR0-0|short,1255,-1.1030664473080576,-0.3730318507836112,-1.177800837854033,3,11,-48.19999999997154,-3.157461398950894,-1.490786444459027,0.9399907190474895,34.581673306772906,-0.42247011952166236,-530.1999999996863,-0.42247011952166236,-1.105323506611936,0.22118387383816346,0.6828533870902737,3.087265699984557,60,reversal,False,False,short,False,-0.40802005012484516,-0.537743190661017,-0.3467422096316894,-0.43414634146343534
P60|reversal|MA0|BB0|TP20/SL10|TR5-3|both,3386,-5.7106091560822785,-3.7418908170093914,-4.313341186929561,0,11,-233.87272727268993,-11.437284834370317,-6.042641039270788,0.7897893481067705,66.50915534554046,-0.7597755463672736,-2572.5999999995884,-0.7597755463672736,-1.0313955764768048,0.12025081164241358,0.2716200301095312,2.2587791832727078,60,reversal,False,False,both,True,-0.6371794871793685,-0.9889367816090892,-0.5964856230030374,-0.9535660091046139
P60|reversal|MA0|BB0|TP20/SL10|TR5-3|long,1785,-4.794946817478672,-3.1591031904346707,-3.605232141921814,0,11,-140.5818181817992,-9.012028347003644,-5.236177896682504,0.7573132454488589,66.94677871148458,-0.8663305322127681,-1546.3999999997911,-0.8663305322127681,-0.9270341358051721,0.09340909089051498,0.06070360359240401,0.6498682624323455,60,reversal,False,False,long,True,-0.7949910554560693,-0.8553623188405229,-0.6821839080458176,-1.2557103064065496
P60|reversal|MA0|BB0|TP20/SL10|TR5-3|short,1603,-3.289227999237074,-2.1729628010105957,-2.467430875656038,2,11,-94.11818181816335,-7.291649977164592,-3.6887482916807506,0.8238386932108475,66.00124766063631,-0.6458515283841528,-1035.299999999797,-0.6458515283841528,-1.0346942767239846,0.12060030818217025,0.3888427483398318,3.22422682164687,60,reversal,False,False,short,True,-0.46760299625454504,-1.1202279202277656,-0.5138755980859688,-0.591999999999964
P60|reversal|MA0|BB0|TP10/SL20|TR0-0|both,2529,-1.8314042654528393,-0.7743946505737225,-1.770146254984034,3,11,-119.95454545460552,-4.612836113622509,-2.0656229928145042,0.9222405563085224,67.37841043890866,-0.5217477263743217,-1319.5000000006594,-0.5217477263743217,-0.9764418719121217,0.20552931171551017,0.4546941455378001,2.212308024303508,60,reversal,False,False,both,False,-0.7236340533676867,-0.075697211155855,-0.31724137931041946,-0.9359223300970799
P60|reversal|MA0|BB0|TP10/SL20|TR0-0|long,1342,-0.8020081261151262,-0.7405545462576075,-0.41470068328511184,6,11,-37.845454545486476,-2.8670421578658223,-1.0564137502688358,0.9527843937846936,68.18181818181817,-0.3102086438154626,-416.3000000003508,-0.3102086438154626,-0.6046813247801495,0.32507925538893745,0.2944726809646869,0.9058488847969346,60,reversal,False,False,long,False,-0.590099009901462,-0.20661478599268596,0.6179104477610743,-1.3376344086021204
P60|reversal|MA0|BB0|TP10/SL20|TR0-0|short,1215,-2.0703865330317344,-1.2411952065126912,-1.6696887360338648,2,11,-91.1181818182108,-4.095517411696828,-2.439222692819586,0.8806544181560156,66.2551440329218,-0.8249382716052004,-1002.3000000003185,-0.8249382716052004,-1.2048296945291677,0.3420216398612219,0.37989142292396727,1.1107233538734897,60,reversal,False,False,short,False,-0.9311224489800585,-0.1393822393827235,-1.47484662576689,-0.5058823529411933
P60|reversal|MA0|BB0|TP10/SL20|TR5-3|both,3067,-4.466955331007265,-2.783178385652644,-3.4984057787904272,1,11,-235.2272727272919,-8.637675129138882,-4.7800003997844165,0.7956500106617181,80.01304206064557,-0.8436582980111546,-2587.500000000211,-0.8436582980111546,-1.2062350534721085,0.14608473653226675,0.3625767554609539,2.4819619357075617,60,reversal,False,False,both,True,-0.8005076142133994,-1.1687203791471132,-0.5031877213694915,-1.0514950166111794
P60|reversal|MA0|BB0|TP10/SL20|TR5-3|long,1632,-3.505928003887615,-2.3414997027040085,-2.607793413137794,1,11,-129.69090909092006,-6.6858702926180245,-3.789740354966246,0.7837042877069339,80.51470588235294,-0.8741421568628187,-1426.6000000001202,-0.8741421568628187,-1.1737239008350215,0.1697393425968397,0.29958174397220283,1.764951715901017,60,reversal,False,False,long,True,-0.7070450097849733,-1.3378125000002232,-0.39243697478988354,-1.3858461538459776
P60|reversal|MA0|BB0|TP10/SL20|TR5-3|short,1462,-3.0029996607933658,-2.1650907192941173,-2.103094048899052,1,11,-108.86363636364477,-5.996188121737701,-3.4615784597161636,0.8058276040990867,79.48016415868673,-0.8190834473324842,-1197.5000000000919,-0.8190834473324842,-1.3711535880671737,0.22874957846588184,0.5520701407346895,2.4134258276547214,60,reversal,False,False,short,True,-0.8981443298970682,-1.0024539877302219,-0.6751336898395043,-0.6592057761732392
P60|reversal|MA1|BB0|TP20/SL20|TR0-0|both,1920,0.11971402526813898,-0.12246355720119093,0.26734466061420814,8,11,9.609090909087042,-1.6110949437699518,-0.1428653907794586,1.0056239258939996,52.083333333333336,0.05505208333331179,105.69999999995864,0.05505208333331179,-0.6214791443126801,0.3531458964210859,0.6765312276459919,1.9157272801474272,60,reversal,True,False,both,False,-0.5310051107325297,0.2731707317073461,1.1978798586571395,-0.9080402010050194
P60|reversal|MA1|BB0|TP20/SL20|TR0-0|long,1062,0.8112071429179488,0.021291355998301762,1.0681103725922803,7,11,47.318181818177166,-0.5117153036028204,0.5198150201314155,1.0514003002053995,53.2015065913371,0.490112994350235,520.4999999999495,0.490112994350235,0.0823433907643489,0.37692527101183926,0.4077696035858861,1.0818314264024977,60,reversal,True,False,long,False,-0.0192307692307578,-0.6911330049260997,3.0342679127723886,-1.359292035398197
P60|reversal|MA1|BB0|TP20/SL20|TR0-0|short,892,-0.6704946699928396,0.05618042221244537,-0.9514262783445518,4,11,-35.381818181817465,-1.9002691807666892,-1.0589379764383058,0.956637996345648,50.784753363228695,-0.43632286995514735,-389.19999999999146,-0.43632286995514735,-1.1408174689402082,0.49512065716416936,0.7044945989850608,1.4228745837834604,60,reversal,True,False,short,False,-0.8111498257839658,1.0111731843575842,-1.1199999999999815,-0.3261363636363945
P60|reversal|MA1|BB0|TP20/SL20|TR5-3|both,2852,-3.0655785708377046,-2.109531981822505,-2.227236475512847,2,11,-157.11818181818447,-7.084037456697035,-3.444189322129201,0.850219691651712,80.39971949509116,-0.6059957924263775,-1728.3000000000284,-0.6059957924263775,-0.8709060900530478,0.1917032677051413,0.2649102976266703,1.3818767973956954,60,reversal,True,False,both,True,-0.5622538293217747,-1.1470588235295691,-0.0722292993629547,-0.8516129032256504
P60|reversal|MA1|BB0|TP20/SL20|TR5-3|long,1536,-2.513183960598356,-1.5230430708166194,-2.0195297963028787,3,11,-92.42727272727292,-5.532710909282845,-2.881916319996282,0.8326585028639111,80.92447916666666,-0.6619140625000013,-1016.700000000002,-0.6619140625000013,-0.895052430653292,0.19822028902073405,0.2331383681532907,1.1761579468230126,60,reversal,True,False,long,True,-0.34334038054982774,-1.3367213114756058,0.016741071428677597,-1.4648387096771651
P60|reversal|MA1|BB0|TP20/SL20|TR5-3|short,1336,-1.8532251926935752,-1.8513076202841279,-0.8964008257002472,2,11,-65.74545454545726,-4.654664462119785,-2.4011033757166724,0.8690424453136243,79.86526946107784,-0.5413173652694834,-723.2000000000297,-0.5413173652694834,-1.0692494765609848,0.19035376397519987,0.5279321112915014,2.7734261738070107,60,reversal,True,False,short,True,-0.7721603563475179,-0.9301003344482781,-0.2273529411763738,-0.08508064516125752
P60|reversal|MA1|BB0|TP15/SL15|TR0-0|both,2209,-1.0617596225157855,-1.1391947581327422,-0.39265078731766556,4,11,-68.48181818181476,-3.521668314409126,-1.3376784650560158,0.955260313350046,51.51652331371661,-0.34101403349930315,-753.2999999999606,-0.34101403349930315,-0.612160955362939,0.21178531090219008,0.27114692186363587,1.2802914456558372,60,reversal,True,False,both,False,-0.7048744460856651,-0.26108597285065793,0.3798751950078427,-0.9002227171492236
P60|reversal|MA1|BB0|TP15/SL15|TR0-0|long,1199,0.17405453490105602,-0.48040096626360124,0.6765353116802306,6,11,8.118181818185347,-1.6888633478509636,-0.16106374724382136,1.0100575521742599,52.877397831526274,0.0744787322769304,89.30000000003955,0.0744787322769304,-0.43998346693696977,0.31425492077141676,0.5144621992139001,1.6370855799203554,60,reversal,True,False,long,False,-0.29490084985833653,-0.3737068965517042,1.28347107438024,-0.7402390438246989
P60|reversal|MA1|BB0|TP15/SL15|TR0-0|short,1026,-1.5304622623049964,-1.0270222155717614,-1.1337300268241373,3,11,-66.22727272727239,-3.244240505736558,-1.9711421604132933,0.9091056545391062,50.29239766081871,-0.7100389863547714,-728.4999999999955,-0.7100389863547714,-1.0280542342899779,0.22366738197602862,0.3180152479352065,1.4218221947502814,60,reversal,True,False,short,False,-1.033333333333336,-0.008878504672871657,-0.6936170212765916,-0.950000000000006
P60|reversal|MA1|BB0|TP15/SL15|TR5-3|both,2928,-3.2332957442459205,-2.5920804646506705,-2.0218428463679454,2,11,-140.863636363683,-8.035900335178349,-3.5481434526663436,0.8579834474414605,76.33196721311475,-0.5292008196723064,-1549.500000000513,-0.5292008196723064,-1.0000876473794809,0.07866799181912722,0.4708868277071745,5.9857486738676835,60,reversal,True,False,both,True,-0.4472785485593977,-1.0415309446256327,-0.04509316770200142,-0.7947552447554335
P60|reversal|MA1|BB0|TP15/SL15|TR5-3|long,1564,-2.4814404593255963,-1.9495325583507224,-1.5700054182621885,3,11,-78.23636363638842,-6.0368865530149876,-2.8189373718554562,0.8475708035919441,77.10997442455243,-0.5502557544758776,-860.6000000002725,-0.5502557544758776,-1.004509933991798,0.1015923826392293,0.4542541795159204,4.471340938316696,60,reversal,True,False,long,True,-0.32985386221314045,-1.2293929712462772,-0.018340611353842587,-0.9853503184714443
P60|reversal|MA1|BB0|TP15/SL15|TR5-3|short,1372,-2.1602385654883984,-1.912238458186994,-1.1979095826998045,2,11,-64.07272727274942,-5.557305357249734,-2.6065022164372778,0.8669284797220345,75.43731778425656,-0.513702623906883,-704.8000000002436,-0.513702623906883,-1.1279907337994737,0.11424102163600659,0.6142881098925906,5.3771237432542245,60,reversal,True,False,short,True,-0.5921908893710689,-0.8161184210528115,-0.11031518624656603,-0.5627906976747074
P60|reversal|MA1|BB0|TP30/SL30|TR0-0|both,1542,0.6479363414220192,0.9991221456744702,0.007115974196678833,9,11,68.06363636363581,-0.4190167489506649,0.3995513467102953,1.0350818827167712,51.81582360570688,0.48553826199740246,748.6999999999946,0.48553826199740246,-0.2920647971536367,0.6247931329247612,0.7776030591510392,1.2445768337928893,60,reversal,True,False,both,False,0.4615546218487293,1.7922033898304954,1.9751648351649147,-2.8430379746836483
P60|reversal|MA1|BB0|TP30/SL30|TR0-0|long,873,0.8094948751482951,0.32639415304364405,0.7865957356091731,8,11,62.90909090909017,-0.007486352514826819,0.5100350280355246,1.0580191328990263,52.46277205040092,0.7926689576174022,691.9999999999922,0.7926689576174022,0.5659131981433017,0.6068662173631318,0.22675575947410054,0.3736503252057219,60,reversal,True,False,long,False,1.4330827067668896,-0.10769230769232377,4.977220077220244,-5.363687150838218
P60|reversal|MA1|BB0|TP30/SL30|TR0-0|short,752,-0.12122653350929287,0.4904446425814624,-0.5946125767840582,6,11,-8.790909090908176,-0.8765237939726394,-0.4988995214499367,0.9908023892862585,50.53191489361703,-0.1285904255319009,-96.69999999998947,-0.1285904255319009,-0.557880455083523,0.5737890048621456,0.4292900295516221,0.7481670542898609,60,reversal,True,False,short,False,-0.8336065573770349,1.724840764331209,-1.2078048780487942,0.5719178082192465
P60|reversal|MA1|BB0|TP30/SL30|TR5-3|both,2739,-1.0959863543055612,-1.126934731348695,-0.47108427644218387,4,11,-66.1909090909369,-4.406790892854411,-1.4356885624396922,0.9358824202822988,86.12632347572107,-0.2658269441403085,-728.100000000305,-0.2658269441403085,-0.7845806326800594,0.12598845382338567,0.5187536885397509,4.117470076003593,60,reversal,True,False,both,True,-0.5058690744921348,-0.9257092198582272,1.0353805073429687,-0.9875925925928094
P60|reversal|MA1|BB0|TP30/SL30|TR5-3|long,1493,-0.895763133696582,-0.7287433574787905,-0.5400004784298982,5,11,-38.872727272742985,-3.4165315971419283,-1.248474308364556,0.928822305451491,86.67113194909578,-0.2864032150034646,-427.60000000017266,-0.2864032150034646,-0.6999679214044974,0.19934831037538803,0.41356470640103277,2.0745834545688346,60,reversal,True,False,long,True,-0.026508620689728823,-1.2480000000001212,1.2658079625291405,-1.9251655629140567
P60|reversal|MA1|BB0|TP30/SL30|TR5-3|short,1305,-0.9654862118637022,-1.5667182977529237,0.02510940707856944,2,11,-42.254545454557984,-3.181538139512614,-1.4482442879550854,0.9180333650759823,85.21072796934865,-0.35616858237558435,-464.8000000001376,-0.35616858237558435,-1.0445931560123278,0.32257077442221554,0.6884245736367435,2.1341814827144225,60,reversal,True,False,short,True,-1.1083521444695257,-0.8467576791809119,0.6732522796350839,0.21999999999969574
P60|reversal|MA1|BB0|TP20/SL10|TR0-0|both,2431,-0.6044443903253292,-0.6143207862812012,-0.2572216276533274,6,11,-39.445454545403486,-3.26316648229938,-0.8790423799954232,0.9743178455164567,35.54092965857672,-0.17848621966245856,-433.8999999994368,-0.17848621966245856,-0.4375299209150835,0.14400227835289392,0.259043701252625,1.7988861302444745,60,reversal,True,False,both,False,-0.5372654155491284,0.326766595289536,0.17857142857143574,-0.6214285714285817
P60|reversal|MA1|BB0|TP20/SL10|TR0-0|long,1307,0.22226039118814284,-0.08585347900365883,0.37925001877593095,5,11,10.672727272752457,-1.7402684305905112,-0.12323741790981806,1.0131202503353018,36.57230298393267,0.08982402448376266,117.40000000027779,0.08982402448376266,-0.34008627674738945,0.27119253928129505,0.4299103012311521,1.5852585855440025,60,reversal,True,False,long,False,-0.33681462140945395,0.6155462184878485,0.6111662531017257,-0.5173144876325252
P60|reversal|MA1|BB0|TP20/SL10|TR0-0|short,1132,-1.0657577855298153,-0.6306911211938382,-0.8693683214636478,3,11,-44.336363636337595,-3.0157388232215516,-1.4744232020175225,0.9388801162995037,34.54063604240283,-0.4308303886923259,-487.69999999971293,-0.4308303886923259,-0.8222200265447033,0.2568221607353136,0.39138963785237735,1.5239714389590853,60,reversal,True,False,short,False,-0.7216438356159669,0.14525862069011336,-0.29044585987258204,-0.7547511312217218
P60|reversal|MA1|BB0|TP20/SL10|TR5-3|both,3129,-5.342507650983731,-3.5572734012702107,-3.9841115429408,0,11,-207.59090909087442,-10.954300475802924,-5.684373549659923,0.7951540269480114,66.98625759028444,-0.7297858740810541,-2283.4999999996185,-0.7297858740810541,-0.9948413357560651,0.09842946315264983,0.26505546167501104,2.692846767475999,60,reversal,True,False,both,True,-0.5946161515452447,-0.908823529411671,-0.6452243958571406,-0.882651391161936
P60|reversal|MA1|BB0|TP20/SL10|TR5-3|long,1674,-4.320641858256735,-2.829661419103009,-3.2635778960311845,0,11,-123.19999999998153,-8.421798904728758,-4.766355105055071,0.76891071550374,67.56272401433692,-0.8095579450416946,-1355.1999999997968,-0.8095579450416946,-0.9895259884174396,0.14530045479369222,0.1799680433757449,1.2385924299499005,60,reversal,True,False,long,True,-0.6684210526314717,-0.8324159021406322,-0.6939148073020592,-1.1671554252197944
P60|reversal|MA1|BB0|TP20/SL10|TR5-3|short,1456,-3.214168302324046,-2.032739424657518,-2.4890248598674023,2,11,-85.37272727271099,-7.148667712291685,-3.6139313550672956,0.8226038006725095,66.27747252747253,-0.6449862637361408,-939.099999999821,-0.6449862637361408,-0.922574161235439,0.1747954600574868,0.27758789749929824,1.588072695984238,60,reversal,True,False,short,True,-0.5173469387753787,-0.9871473354230488,-0.6084880636603173,-0.5233333333333073
P60|reversal|MA1|BB0|TP10/SL20|TR0-0|both,2346,-1.3672577543252291,-0.9500523324745682,-0.9829324092784553,5,11,-84.20000000005766,-4.122528278536378,-1.6131176216852001,0.940377100995819,67.77493606138107,-0.39479965899430225,-926.200000000633,-0.39479965899430225,-0.9324068118096787,0.2213994575970706,0.5376071528153764,2.4282225378969926,60,reversal,True,False,both,False,-0.7445054945059617,-0.08378947368468923,-0.03423423423432716,-0.6742138364779948
P60|reversal|MA1|BB0|TP10/SL20|TR0-0|long,1269,-0.4811190547128999,-0.609869086798833,-0.10039294836511144,7,11,-21.93636363639455,-2.5038197139262848,-0.7267321745118648,0.9706968158744391,68.5579196217494,-0.19014972419254486,-241.30000000033942,-0.19014972419254486,-0.57891217395611,0.2399826678464808,0.3887624497635652,1.6199605298673496,60,reversal,True,False,long,False,-0.7079365079369784,0.1313008130076547,1.0832891246682865,-1.5462686567163764
P60|reversal|MA1|BB0|TP10/SL20|TR0-0|short,1099,-1.5158175025532006,-1.092337886685487,-1.0533489526260347,5,11,-62.65454545457287,-3.470112562223719,-1.8997451574740787,0.9073904864283376,66.87898089171973,-0.6271155595999099,-689.200000000301,-0.6271155595999099,-1.2266847653732031,0.23973833864987132,0.5995692057732932,2.500931678887377,60,reversal,True,False,short,False,-0.8030726256987877,-0.20714285714334035,-1.4849315068493347,0.38483412322268146
P60|reversal|MA1|BB0|TP10/SL20|TR5-3|both,2852,-4.02271350948358,-2.655910644741022,-3.019961101712855,1,11,-199.10909090910837,-8.170304838126016,-4.353247030171132,0.8101898794512274,80.39971949509116,-0.7679523141655651,-2190.2000000001917,-0.7679523141655651,-1.120597027699012,0.1626396591930531,0.35264471353344695,2.1682578239718153,60,reversal,True,False,both,True,-0.7222100656457008,-1.197647058823742,-0.3378343949044079,-0.9897849462364418
P60|reversal|MA1|BB0|TP10/SL20|TR5-3|long,1536,-3.0967805391834466,-2.0001311270305573,-2.3665019660128044,3,11,-110.56363636364527,-6.204641467412591,-3.387227559345258,0.7998222397787672,80.92447916666666,-0.7917968750000636,-1216.2000000000976,-0.7917968750000636,-1.000259003907298,0.1634650347330536,0.20846212890723448,1.2752704530829075,60,reversal,True,False,long,True,-0.5627906976746411,-1.3285245901641798,-0.14665178571424614,-1.5454838709675336
P60|reversal|MA1|BB0|TP10/SL20|TR5-3|short,1336,-2.627412504067826,-2.106018562017296,-1.664824547819312,1,11,-89.390909090918,-5.5556768122358555,-3.111592759287968,0.8219433579602866,79.86526946107784,-0.7360029940120494,-983.300000000098,-0.7360029940120494,-1.309351981488012,0.13900917338179133,0.5733489874759625,4.124540658199935,60,reversal,True,False,short,True,-0.8614699331850063,-1.0391304347827859,-0.6252941176469938,-0.29516129032257704
P100|breakout|MA1|BB1|TP20/SL20|TR0-0|both,895,0.832975900958606,-1.183584735567773,2.309225022089658,6,11,43.64545454544942,-0.40791156869120715,0.605400735919357,1.0563795431859488,53.40782122905028,0.5364245810055244,480.0999999999443,0.5364245810055244,-0.6959781805428824,0.6617930237100409,1.2324027615484068,1.8622178194618955,100,breakout,True,True,both,False,-1.2605177993527423,-0.5262032085561569,3.6466666666664813,0.5836477987420597
P100|breakout|MA1|BB1|TP20/SL20|TR0-0|long,480,0.6043697583049669,-1.2036084019035753,2.047830555942439,6,11,23.38181818181536,-0.29729509885256766,0.33773052356043254,1.0564134058606711,53.541666666666664,0.5358333333332698,257.19999999996946,0.5358333333332698,0.014368551356780035,0.47081571520541,0.5214647819764897,1.1075772645970032,100,breakout,True,True,long,False,-1.7195945945945974,-0.9031250000000187,4.518918918918726,-0.8
P100|breakout|MA1|BB1|TP20/SL20|TR0-0|short,419,0.6274881200873789,0.12549597374701973,0.7470116150079279,8,11,22.545454545452394,-0.22054045770502131,0.2932608648794715,1.06217408744484,53.46062052505967,0.5918854415273909,247.99999999997675,0.5918854415273909,-1.112430727054682,0.8064276506975546,1.704316168582073,2.1134148452224455,100,breakout,True,True,short,False,-0.5401234567901019,-0.14301075268816762,1.9956989247310235,2.2985915492955984
P100|breakout|MA1|BB1|TP20/SL20|TR5-3|both,950,-1.2417504693824453,-2.6631532035790233,0.7330351524939391,4,11,-39.08181818181909,-3.4188126161360795,-1.5296596777602485,0.8974108101658476,78.63157894736842,-0.45252631578948377,-429.9000000000096,-0.45252631578948377,-1.0443780061739756,0.31220296394583824,0.5918516903844918,1.8957273271984942,100,breakout,True,True,both,True,-0.6201183431953955,-2.237810945273759,1.2237903225807396,-0.4539877300611275
P100|breakout|MA1|BB1|TP20/SL20|TR5-3|long,514,-1.7811394582969173,-2.8844420748839434,0.30245236333605446,4,11,-40.56363636363516,-3.4104896515138625,-2.1123840430513874,0.8122685964321803,77.62645914396887,-0.8680933852139817,-446.19999999998663,-0.8680933852139817,-0.5562619859990812,0.4501275852703182,-0.31183139921490055,-0.6927622510129752,100,breakout,True,True,long,True,-1.9825301204820354,-1.589215686274656,1.3451612903226837,-1.796703296702965
P100|breakout|MA1|BB1|TP20/SL20|TR5-3|short,440,0.12719364685153672,0.15967301329188846,0.03329882118286946,6,11,2.736363636361416,-1.360016679839699,-0.2635227771213427,1.0165959089154635,80.0,0.0684090909090356,30.099999999975665,0.0684090909090356,-0.9303537549584228,0.482838066179111,0.9987628458674583,2.068525486755973,100,breakout,True,True,short,True,0.7167630057801961,-2.8108910891090155,1.0691489361702786,1.2430555555556395
P100|breakout|MA1|BB1|TP15/SL15|TR0-0|both,934,-0.6615038211897525,-1.529701400504028,0.6158970235419167,6,11,-27.57272727272559,-2.278414440005675,-0.8857508560704511,0.9573369718111779,51.49892933618844,-0.32473233404708857,-303.29999999998074,-0.32473233404708857,-0.8281960531002289,0.37562868940991323,0.5034637190531404,1.340322859374898,100,breakout,True,True,both,False,-1.253915662650613,-0.9046153846153886,0.9073170731707964,0.4111801242236487
P100|breakout|MA1|BB1|TP15/SL15|TR0-0|long,504,-0.4449123776384747,-1.0191232011519524,0.41812461372653603,6,11,-13.763636363635486,-1.6223676879747027,-0.702909791560606,0.9604761656137456,51.587301587301596,-0.30039682539680534,-151.3999999999899,-0.30039682539680534,-0.2701494887003199,0.3404785430991656,-0.03024733669648544,-0.08883771770509424,100,breakout,True,True,long,False,-0.893167701863358,-1.7227722772277532,1.3710526315790295,-0.4666666666666544
P100|breakout|MA1|BB1|TP15/SL15|TR0-0|short,431,-0.37199720234886524,-0.7074181924962546,0.1774139714629065,5,11,-10.399999999999107,-1.4904670686715111,-0.7085399739465201,0.9650099403578566,51.74013921113689,-0.2654292343387235,-114.39999999998983,-0.2654292343387235,-1.2295394047644816,0.4551424658118508,0.9641101704257582,2.1182601994873123,100,breakout,True,True,short,False,-1.457309941520482,0.12421052631581958,0.15744680851067452,1.5239436619719187
P100|breakout|MA1|BB1|TP15/SL15|TR5-3|both,967,-2.1236007674410566,-3.3655044288088347,0.23933749343744645,2,11,-57.20000000001381,-4.7065055257661275,-2.4231714606855608,0.8440489763545013,73.52637021716649,-0.6506721820063619,-629.2000000001519,-0.6506721820063619,-1.1085467535378144,0.2338532545668491,0.4578745715314525,1.9579568066287691,100,breakout,True,True,both,True,-0.9575931232093474,-1.753170731707529,0.7319999999998856,-0.7276073619632982
P100|breakout|MA1|BB1|TP15/SL15|TR5-3|long,521,-2.2183993877584625,-3.2818385265006995,0.155605499128435,5,11,-43.118181818188056,-4.148569172315107,-2.495442992333829,0.7891250222301035,72.552783109405,-0.9103646833014749,-474.30000000006845,-0.9103646833014749,-1.0475368049355525,0.2857845441652039,0.13717212163407755,0.4799843953589816,100,breakout,True,True,long,True,-1.9241176470589836,-1.6257142857145603,1.0490322580644607,-1.528571428571472
P100|breakout|MA1|BB1|TP15/SL15|TR5-3|short,448,-0.7368928412282544,-0.48076873122510355,-0.5572059109421715,4,11,-13.509090909098552,-2.5132245566001874,-1.1276132781572268,0.9167693514058035,74.77678571428571,-0.3316964285716161,-148.600000000084,-0.3316964285716161,-0.8865733392146321,0.5322721364991183,0.554876910643016,1.0424684528718238,100,breakout,True,True,short,True,-0.014444444444641154,-1.850495049505099,0.2147368421050519,0.28472222222203275
P100|breakout|MA1|BB1|TP30/SL30|TR0-0|both,819,-0.032481435829006526,-0.4431613821411955,0.352599501549561,5,11,-2.436363636363105,-0.8254551200847597,-0.2832633181850142,0.9976669278314617,50.91575091575091,-0.03272283272282559,-26.799999999994156,-0.03272283272282559,-0.5727856400547688,0.941609536661044,0.5400628073319432,0.5735528223800822,100,breakout,True,True,both,False,-0.536431226765794,-0.6413173652694786,1.6042918454935933,-0.9946666666666685
P100|breakout|MA1|BB1|TP30/SL30|TR0-0|long,452,0.24160327406206636,-0.7357543301553072,1.008273056908847,7,11,13.263636363636744,-0.3570170347876794,-0.023798831704559643,1.0233934068753205,51.76991150442478,0.32278761061947864,145.90000000000435,0.32278761061947864,0.3565885122468953,1.4165681370312069,-0.03380090162741667,-0.023861119521052757,100,breakout,True,True,long,False,-0.7897058823529441,-1.6055555555555647,4.449645390071013,-2.7011764705883197
P100|breakout|MA1|BB1|TP30/SL30|TR0-0|short,390,0.0731870319133282,0.8574778968177896,-0.6791343412717642,6,11,3.800000000000068,-0.47330070309463934,-0.2912863769095227,1.0077337231031098,51.7948717948718,0.1071794871794894,41.800000000000864,0.1071794871794894,-1.8643871566883585,0.7763720950867363,1.9715666438678479,2.5394609831353927,100,breakout,True,True,short,False,0.6209790209790182,1.1333333333333189,-3.0580645161291033,2.0716417910449128
P100|breakout|MA1|BB1|TP30/SL30|TR5-3|both,924,-0.953325097161183,-1.7638111396276082,0.2620482021503064,6,11,-37.018181818189014,-2.676168248192443,-1.2299909913623976,0.9107409031126534,83.44155844155844,-0.44069264069272557,-407.20000000007843,-0.44069264069272557,-0.7824556731059594,0.36625653073904524,0.34176303241323386,0.9331247465365667,100,breakout,True,True,both,True,-0.5595092024540426,-2.1119791666666914,1.3828571428569865,-0.9819875776398613
P100|breakout|MA1|BB1|TP30/SL30|TR5-3|long,504,-1.79412539151403,-2.8931591721805616,0.3180525738568744,4,11,-50.44545454545762,-3.089803473427214,-2.122571881313906,0.7879876208306168,82.73809523809523,-1.10099206349213,-554.9000000000335,-1.10099206349213,-0.8498787220866753,0.5066030012175156,-0.2511133414054547,-0.4956807219893205,100,breakout,True,True,long,True,-2.507407407407402,-1.908000000000061,1.8486842105261925,-2.6544444444445516
P100|breakout|MA1|BB1|TP30/SL30|TR5-3|short,433,0.521720071686464,1.2252811786053954,-0.28024908628314177,6,11,14.145454545450498,-0.6406107734233407,0.1689093153300027,1.0787648696532293,84.52655889145497,0.3593533487296898,155.59999999995568,0.3593533487296898,-0.9014170468374585,0.4027755258057006,1.2607703955671483,3.1302060696094665,100,breakout,True,True,short,True,1.4173652694609693,-2.229702970297004,0.6734042553189278,1.138028169013971
P100|breakout|MA1|BB1|TP20/SL10|TR0-0|both,975,-0.1254249751927483,-1.5067531301422998,1.32551088038487,6,11,-5.054545454522917,-1.87368631777011,-0.3897487835618633,0.9917497625831324,36.0,-0.057025641025385924,-55.599999999751276,-0.057025641025385924,-0.4268695476257195,0.6508025878784891,0.36984390660033356,0.5682889304511907,100,breakout,True,True,both,False,-1.6307471264362974,0.5436018957350592,1.9710843373493367,-0.560479041916182
P100|breakout|MA1|BB1|TP20/SL10|TR0-0|long,525,-0.3460116261671817,-0.5875012161123134,0.11046365928738966,5,11,-10.318181818169604,-1.619096081643391,-0.7123284232230717,0.9689992352234593,35.42857142857142,-0.2161904761902196,-113.4999999998653,-0.2161904761902196,-0.27199398261968544,0.47620115703898597,0.05580350642946583,0.11718473507383198,100,breakout,True,True,long,False,-1.5470588235289329,0.9149532710284966,1.5870967741935318,-2.0903225806450885
P100|breakout|MA1|BB1|TP20/SL10|TR0-0|short,451,0.3543496559033558,-1.059828238446532,1.5569723374762745,8,11,9.736363636373959,-0.8359248186330961,-0.027469788789624076,1.034917840375626,37.028824833702885,0.23747228381399987,107.10000000011394,0.23747228381399987,-0.8417107971831177,0.7491000730996732,1.0791830809971175,1.4406394015309678,100,breakout,True,True,short,False,-1.4262569832397367,0.16153846153892618,2.6042553191488027,1.3621621621620388
P100|breakout|MA1|BB1|TP20/SL10|TR5-3|both,994,-2.9132722009712095,-4.492291676235551,0.07322949088304435,3,11,-70.02727272726105,-5.879262964234588,-3.3155694384445478,0.803514947454364,63.480885311871226,-0.7749496981890053,-770.2999999998713,-0.7749496981890053,-0.9013224572811318,0.15300201691440754,0.12637275909212653,0.8259548575939495,100,breakout,True,True,both,True,-1.349999999999835,-1.5046948356806198,0.8607142857143656,-1.065868263472928
P100|breakout|MA1|BB1|TP20/SL10|TR5-3|long,535,-2.715342715618913,-3.642990481998266,-0.33564463975991105,4,11,-45.90909090908236,-4.989142697023069,-3.160452496683667,0.762643354013944,63.177570093457945,-0.9439252336446841,-504.999999999906,-0.9439252336446841,-0.8271093714705628,0.366144144444046,-0.11681586217412121,-0.31904337116054293,100,breakout,True,True,long,True,-2.102824858756828,-0.9499999999999399,0.7261146496816651,-1.550537634408336
P100|breakout|MA1|BB1|TP20/SL10|TR5-3|short,461,-1.393602976507024,-1.5998733972006345,-0.45883571447689736,3,11,-23.545454545451467,-3.36235042428288,-1.9016080910511428,0.8555332440874726,63.99132321041214,-0.5618221258133753,-258.999999999966,-0.5618221258133753,-1.1786659269209985,0.1728659106100817,0.6168438011076232,3.568336862546503,100,breakout,True,True,short,True,-0.6021505376343121,-2.03867924528282,1.0831578947368288,-0.456756756756808
P100|breakout|MA1|BB1|TP10/SL20|TR0-0|both,923,-0.7204935553006879,-1.3340065445733087,0.28531511037502655,3,11,-27.27272727275175,-2.480995240404293,-0.9256760517740349,0.9504876961924589,68.03900325027085,-0.3250270855907568,-300.0000000002685,-0.3250270855907568,-0.8501015995720064,0.48585291741629816,0.5250745139812496,1.080727304826174,100,breakout,True,True,both,False,-0.7490625000004634,-0.5355329949243336,0.96229508196709,-1.1703703703703496
P100|breakout|MA1|BB1|TP10/SL20|TR0-0|long,500,-0.2889897086931167,-1.241499112371643,0.8230615239668266,5,11,-8.063636363649321,-1.5874113494456237,-0.5027630836919588,0.9725582402623076,68.60000000000001,-0.17740000000028452,-88.70000000014227,-0.17740000000028452,-0.2343696091910215,0.5365860274595491,0.056969609190736986,0.10617050440254276,100,breakout,True,True,long,False,-1.2250000000004626,-0.6257425742579025,2.094736842105089,-1.6791208791208292
P100|breakout|MA1|BB1|TP10/SL20|TR0-0|short,426,-0.6413831285896742,0.01235016000509139,-0.8832666538965884,6,11,-16.700000000011677,-1.8294511576314625,-0.8743521746605757,0.9350148577896809,67.6056338028169,-0.4312206572772961,-183.70000000012814,-0.4312206572772961,-1.1884593802019983,0.43764577279769695,0.7572387229247022,1.7302548544773402,100,breakout,True,True,short,False,-0.23878787878834287,-0.3412371134025375,-0.8000000000000462,-0.5183098591549461
P100|breakout|MA1|BB1|TP10/SL20|TR5-3|both,950,-2.389084106500394,-3.0247462658174396,-0.42106398501422626,2,11,-71.17272727273375,-4.677591335970159,-2.6123608268018703,0.8131726524280914,78.63157894736842,-0.8241052631579695,-782.900000000071,-0.8241052631579695,-1.2769648558211006,0.19024350693720837,0.45285959266313114,2.380420756292101,100,breakout,True,True,both,True,-0.829881656804944,-2.2149253731344882,0.45927419354839494,-1.049693251533557
P100|breakout|MA1|BB1|TP10/SL20|TR5-3|long,514,-2.535390947276507,-2.973481707707366,-0.5846513532626535,3,11,-55.14545454545645,-4.237278105558433,-2.771121708402267,0.7447829013799937,77.62645914396887,-1.1801556420233865,-606.6000000000207,-1.1801556420233865,-1.1586198392177018,0.471585200892777,-0.02153580280568468,-0.045666833405531765,100,breakout,True,True,long,True,-2.1228915662652135,-1.4490196078433386,0.6561290322580675,-2.2868131868129153
P100|breakout|MA1|BB1|TP10/SL20|TR5-3|short,440,-0.7324802151886638,-0.24440083438122556,-0.7520172928153704,5,11,-14.772727272731965,-2.3167417536634582,-1.0388241804928944,0.9104041462204038,80.0,-0.369318181818299,-162.50000000005156,-0.369318181818299,-1.3173703348638992,0.5770646031374725,0.9480521530456002,1.642887378451366,100,breakout,True,True,short,True,0.4416184971095612,-2.9069306930694196,0.18829787234042755,0.5138888888889649
P100|breakout|MA0|BB0|TP20/SL20|TR0-0|both,1983,0.05920502920375609,0.0187181076533239,0.062131161872820806,5,11,4.645454545451188,-1.7670014172105863,-0.20654052360033565,1.0026247123602872,51.94150277357539,0.02576903681289175,51.09999999996434,0.02576903681289175,-1.0923276901066108,0.28225162335189863,1.1180967269195026,3.9613473738130103,100,breakout,False,False,both,False,-0.7309882747068617,0.7694214876033223,0.6789559543229394,-0.507317073170748
P100|breakout|MA0|BB0|TP20/SL20|TR0-0|long,1047,0.1825903301918901,-0.7058653805835047,0.859410880543303,5,11,10.554545454542987,-1.1298118717057013,-0.14722183545693143,1.0113657500318136,52.24450811843362,0.11088825214897169,116.09999999997336,0.11088825214897169,-0.5187776361801473,0.30211102368776965,0.629665888329119,2.084220167284845,100,breakout,False,False,long,False,-1.483737024221458,0.9363636363636589,2.2997198879550553,-2.1084112149531973
P100|breakout|MA0|BB0|TP20/SL20|TR0-0|short,975,0.07966776475596084,1.1686956791187644,-0.9542376124012486,6,11,4.41818181818086,-1.1964860127007984,-0.20638354705565076,1.0050803340894587,51.8974358974359,0.04984615384614372,48.59999999999013,0.04984615384614372,-1.6914135370256713,0.41455664449230184,1.741259690871815,4.200293769273187,100,breakout,False,False,short,False,0.2411764705882573,0.5140625000000124,-1.3323193916349727,1.1289340101521748
P100|breakout|MA0|BB0|TP20/SL20|TR5-3|both,2838,-3.390593723581125,-3.0470463717274097,-1.8897095800582233,2,11,-178.96363636363938,-7.213364780969174,-3.6502752349015815,0.8428539498052181,78.57646229739254,-0.6936575052854238,-1968.6000000000327,-0.6936575052854238,-1.0677194661022509,0.09860646988415861,0.3740619608168271,3.7934829353111352,100,breakout,False,False,both,True,-0.6129175946549158,-1.3698214285715737,-0.19963503649624462,-0.8727598566306881
P100|breakout|MA0|BB0|TP20/SL20|TR5-3|long,1514,-3.7280721782427992,-4.157937732381185,-1.3197034960281582,2,11,-143.53636363636517,-6.558647628790131,-4.015132891853386,0.7679998824497399,78.13738441215324,-1.0428665785997464,-1578.900000000016,-1.0428665785997464,-1.0911735878697222,0.1431888261431931,0.048307009269975776,0.33736577476839796,100,breakout,False,False,long,True,-1.6454337899544553,-1.5574545454547206,0.3055327868852889,-1.8498402555908549
P100|breakout|MA0|BB0|TP20/SL20|TR5-3|short,1350,-1.0183779074299957,-0.0790576666416246,-1.2458744213459583,6,11,-38.71818181818394,-3.5900605089881705,-1.3293594663938935,0.9271517515051945,79.03703703703704,-0.31548148148149846,-425.90000000002294,-0.31548148148149846,-1.0900315343203142,0.1958935429027583,0.7745500528388157,3.9539335567752887,100,breakout,False,False,short,True,0.33085106382964474,-1.3455782312926379,-0.8457227138641186,0.4085020242915618
P100|breakout|MA0|BB0|TP15/SL15|TR0-0|both,2321,-0.7565510452766827,-0.035210451715314825,-0.9852860619795839,5,11,-48.2090909090864,-3.365594664267188,-0.9998811362725766,0.9698389857982217,51.87419215855235,-0.22847910383453202,-530.2999999999488,-0.22847910383453202,-0.911325279884716,0.2540149998341038,0.682846176050184,2.688212020928481,100,breakout,False,False,both,False,-0.5131652661064301,0.5104513064133515,-0.025941422594113077,-0.7680170575692951
P100|breakout|MA0|BB0|TP15/SL15|TR0-0|long,1229,-0.17901295387270577,-0.430516005945749,0.14902690795443216,5,11,-8.28181818181511,-2.093073735100932,-0.45426214518419894,0.9900990099009942,52.31895850284785,-0.07412530512609067,-91.09999999996543,-0.07412530512609067,-0.5991006384675733,0.1360967649271182,0.5249753333414826,3.857368201386819,100,breakout,False,False,long,False,-1.0781609195402393,0.603286384976581,1.0257756563246516,-1.10120481927712
P100|breakout|MA0|BB0|TP15/SL15|TR0-0|short,1116,-0.611612639393046,1.3462636711107814,-2.121740874942692,5,11,-27.299999999998025,-2.414217599818434,-0.9142484998888144,0.964602708723792,51.792114695340494,-0.2690860215053563,-300.2999999999777,-0.2690860215053563,-1.0964573005989957,0.193911565975218,0.8273712790936394,4.266745384333484,100,breakout,False,False,short,False,0.18324468085110202,0.43410138248852453,-1.2966887417218735,-0.32488687782803655
P100|breakout|MA0|BB0|TP15/SL15|TR5-3|both,2992,-4.907556667888064,-4.373411317651117,-2.725844962979475,2,11,-223.48181818186777,-9.508208552439866,-5.181858851906933,0.8023985788580661,73.59625668449198,-0.8216243315509842,-2458.300000000545,-0.8216243315509842,-1.1189145830740888,0.12592594486065017,0.2972902515231045,2.3608339953461246,100,breakout,False,False,both,True,-0.893439153439344,-1.3976230899832314,-0.21732101616643357,-1.0179054054055916
P100|breakout|MA0|BB0|TP15/SL15|TR5-3|long,1594,-4.863157404566373,-5.148816980095566,-1.933584628474424,2,11,-160.40909090911873,-8.266114836494634,-5.196955885701834,0.7368499545135574,73.21204516938519,-1.1069636135510073,-1764.5000000003056,-1.1069636135510073,-1.0500991426483939,0.20868369058465597,-0.05686447090261337,-0.2724912078337304,100,breakout,False,False,long,True,-1.782863340564187,-1.5138408304500788,0.047665369649633894,-1.6048484848486502
P100|breakout|MA0|BB0|TP15/SL15|TR5-3|short,1419,-1.9087993631122655,-0.7642291882793008,-1.8642129400272933,3,11,-62.76363636365907,-5.00657579356957,-2.258464306825738,0.8809367778428888,74.13671599718111,-0.4865398167725506,-690.4000000002493,-0.4865398167725506,-1.2735213570014439,0.20486067583231002,0.7869815402288933,3.841545172256885,100,breakout,False,False,short,True,-0.055757575757765986,-1.313725490196256,-0.537078651685519,-0.26564885496204665
P100|breakout|MA0|BB0|TP30/SL30|TR0-0|both,1559,0.6372950187836712,1.4141406583345248,-0.34413002743625115,7,11,65.34545454545376,-0.4673300627544709,0.4079590084952221,1.0331462668947728,51.956382296343804,0.4610647851186606,718.7999999999919,0.4610647851186606,-1.1414000525286307,0.5064289850352481,1.6024648376472914,3.1642439216542035,100,breakout,False,False,both,False,0.7661016949152287,1.5083032490974386,0.4973684210526584,-0.9693037974683536
P100|breakout|MA0|BB0|TP30/SL30|TR0-0|long,849,0.3291090632106936,-0.11175708107943896,0.5296762424564936,6,11,25.290909090909658,-0.47364580770624115,0.018517747371315417,1.0235304068341367,51.70789163722026,0.32767962308599147,278.20000000000675,0.32767962308599147,-0.055065599682086505,0.2874695904820594,0.382745222768078,1.3314285595434645,100,breakout,False,False,long,False,-0.4735294117647176,0.36624203821652573,3.057692307692413,-3.220833333333422
P100|breakout|MA0|BB0|TP30/SL30|TR0-0|short,776,0.5016782464399416,2.094639039010152,-1.1214866279905664,6,11,35.88181818181776,-0.2874035125181556,0.17082860375008807,1.0368245260486628,52.0618556701031,0.5086340206185512,394.6999999999957,0.5086340206185512,-1.8283018280052967,0.5088364046177702,2.336935848623848,4.592705685787786,100,breakout,False,False,short,False,1.8011764705882112,1.609459459459432,-2.6895927601810494,1.9184210526316943
P100|breakout|MA0|BB0|TP30/SL30|TR5-3|both,2659,-2.0984066876601832,-2.0330391603930855,-1.0149861208715194,3,11,-129.57272727275918,-5.231217132481208,-2.384512047261294,0.8882371852676385,84.05415569763068,-0.5360285821738809,-1425.3000000003494,-0.5360285821738809,-0.721061510618157,0.2481618114854668,0.1850329284442761,0.745614030364669,100,breakout,False,False,both,True,-0.49917061611378916,-1.470038910505898,0.11694695989629691,-0.64166666666689
P100|breakout|MA0|BB0|TP30/SL30|TR5-3|long,1440,-3.200321789780382,-4.170294929782567,-0.5432514178800679,2,11,-149.54545454547284,-5.4678578985936355,-3.48691561307457,0.77195852279026,83.33333333333334,-1.1423611111112506,-1645.0000000002008,-1.1423611111112506,-0.7268740470947729,0.25930389392743086,-0.4154870640164777,-1.6023171026222864,100,breakout,False,False,long,True,-2.007637231503594,-2.2683018867925404,0.8776086956519483,-2.048648648648878
P100|breakout|MA0|BB0|TP30/SL30|TR5-3|short,1289,0.45508424216209914,1.8229629327919743,-0.8163228901606371,8,11,20.43636363634839,-1.6431893107531945,0.12215307918691745,1.0387893846843754,85.02715283165244,0.17439875872756608,224.79999999983266,0.17439875872756608,-0.8778108223453142,0.4159972187450341,1.0522095810728802,2.5293668651130634,100,breakout,False,False,short,True,0.9151447661469099,-0.6597122302158784,-0.7836419753088487,1.0554621848737458
P100|breakout|MA0|BB0|TP20/SL10|TR0-0|both,2640,-0.7448264871994413,-0.9816643036680619,-0.12005228103759184,5,11,-49.89999999994552,-3.544412992571192,-1.0355161560191377,0.9701246394165663,35.41666666666667,-0.20791666666643915,-548.8999999993994,-0.20791666666643915,-0.7597839881308315,0.2768779958546162,0.5518673214643923,1.993178691434072,100,breakout,False,False,both,False,-1.0170316301698432,0.593487394958442,0.5779171894604679,-0.8366972477064203
P100|breakout|MA0|BB0|TP20/SL10|TR0-0|long,1386,-0.6179695938969816,-1.040593064992352,0.11375258349475025,4,11,-29.6909090908828,-2.673374821723924,-0.9718701563211716,0.966178221923085,35.35353535353536,-0.2356421356419264,-326.59999999971,-0.2356421356419264,-0.3751898828898026,0.28957898123461234,0.1395477472478762,0.48189874366198143,100,breakout,False,False,long,False,-1.6086294416238913,0.7788135593224912,1.243534482758584,-1.553424657534204
P100|breakout|MA0|BB0|TP20/SL10|TR0-0|short,1275,-0.3474527327526355,0.15898283029681895,-0.6303825388257467,5,11,-16.281818181789532,-2.294476685150781,-0.6960507322131767,0.9797537898057116,35.6078431372549,-0.14047058823504638,-179.09999999968412,-0.14047058823504638,-0.7406907888396083,0.2683065504995218,0.6002202006045618,2.237068753957357,100,breakout,False,False,short,False,-0.5243119266050326,0.4879518072293752,-0.1749999999999805,-0.051968503937050575
P100|breakout|MA0|BB0|TP20/SL10|TR5-3|both,3288,-5.963637499927358,-5.227063525934968,-3.4404222552151675,1,11,-255.11818181814536,-11.197299024805519,-6.299326379648852,0.7770176316814265,64.53771289537713,-0.8534975669098536,-2806.2999999995986,-0.8534975669098536,-0.9616701674499286,0.08971276405019385,0.10817260054007505,1.2057659986883584,100,breakout,False,False,both,True,-0.993815413891396,-1.227414330217947,-0.14539682539672252,-1.286769230769102
P100|breakout|MA0|BB0|TP20/SL10|TR5-3|long,1748,-5.7925116422747776,-5.594822529737084,-2.794610630791988,1,11,-173.64545454543446,-9.747590655729942,-6.1897910142522115,0.7148806591733645,64.47368421052632,-1.0927345537756172,-1910.099999999779,-1.0927345537756172,-1.0393546430668072,0.12021346445419101,-0.053379910708809986,-0.4440426948110387,100,breakout,False,False,long,True,-1.784630350194377,-1.1935275080905257,-0.08010657193598439,-1.5991712707180599
P100|breakout|MA0|BB0|TP20/SL10|TR5-3|short,1554,-2.6083878918407515,-1.4441574363482887,-2.186492337559184,1,11,-79.77272727271134,-6.15892442537397,-2.922153413237571,0.851733576642358,64.73616473616474,-0.5646718146717018,-877.4999999998246,-0.5646718146717018,-1.172551198162148,0.18257841071528957,0.6078793834904461,3.329415461055609,100,breakout,False,False,short,True,-0.24374999999990443,-1.2427299703262635,-0.1870129870128472,-0.8822916666665961
P100|breakout|MA0|BB0|TP10/SL20|TR0-0|both,2339,-1.720036816304965,-0.8228218949663814,-1.5607216674789877,4,11,-102.67272727278073,-4.527460434899805,-1.9615626765081005,0.927741985016052,67.5502351432236,-0.48285592133415434,-1129.400000000587,-0.48285592133415434,-0.8557278233840782,0.252057591074527,0.3728719020499238,1.479312328822801,100,breakout,False,False,both,False,-0.5103305785128656,0.18291571753938063,-0.2871794871795572,-1.3508474576270877
P100|breakout|MA0|BB0|TP10/SL20|TR0-0|long,1238,-1.3167600889611315,-1.4613221168536552,-0.4757141362959619,4,11,-59.054545454572526,-3.310003403509198,-1.5971456555692094,0.9218328840969977,67.36672051696284,-0.5247172859453126,-649.6000000002971,-0.5247172859453126,-0.7922278000887572,0.16295298414684647,0.2675105141434445,1.6416423150764463,100,breakout,False,False,long,False,-1.040782122905491,-0.17155963302800353,0.7121951219511093,-2.1095238095237354
P100|breakout|MA0|BB0|TP10/SL20|TR0-0|short,1134,-0.9073052634085371,0.6942266709723696,-1.8810623564723887,3,11,-37.836363636391525,-2.8766578556667683,-1.159693016878705,0.9444036280572911,67.98941798941799,-0.3670194003530037,-416.20000000030615,-0.3670194003530037,-1.2937188964188713,0.293119788855091,0.9266994960658677,3.161504379098738,100,breakout,False,False,short,False,0.09021164021116507,0.3582278481007821,-1.5070707070707294,-0.3945945945946176
P100|breakout|MA0|BB0|TP10/SL20|TR5-3|both,2838,-5.212449073019917,-3.6588106172173163,-3.728156221148018,1,11,-265.28181818183367,-9.127255938975802,-5.467071349323544,0.7670588798773684,78.57646229739254,-1.0282241014799751,-2918.1000000001695,-1.0282241014799751,-1.3440414007300032,0.10427614244966735,0.3158172992500281,3.028663046319236,100,breakout,False,False,both,True,-0.8248329621382887,-1.4232142857144676,-0.7778588807785212,-1.327956989247205
P100|breakout|MA0|BB0|TP10/SL20|TR5-3|long,1514,-4.819017677436876,-4.39113899845721,-2.512956300694162,1,11,-179.57272727273406,-7.733014935922887,-5.106951982181262,0.7097537322205072,78.13738441215324,-1.3046895640687415,-1975.3000000000745,-1.3046895640687415,-0.9937057424585097,0.22579151402235953,-0.31098382161023175,-1.3773051788803536,100,breakout,False,False,long,True,-1.7794520547946941,-1.5778181818183872,-0.20737704918031702,-2.11118210862603
P100|breakout|MA0|BB0|TP10/SL20|TR5-3|short,1350,-2.457366051853911,-0.6524400082985918,-2.6709222797540653,3,11,-88.26363636364577,-5.16763442089043,-2.7279042282233092,0.833931992337144,79.03703703703704,-0.7191851851852614,-970.900000000103,-0.7191851851852614,-1.305879983820977,0.17071353960440008,0.5866947986357155,3.436720953682303,100,breakout,False,False,short,True,0.05085106382955036,-1.418027210884516,-1.5023598820057573,-0.2777327935222358
P100|reversal|MA0|BB0|TP20/SL20|TR0-0|both,1464,-0.5376432637475285,0.0242964378149274,-0.7257648843651681,5,11,-38.20909090909101,-2.0236292825251896,-0.9257698286326201,0.9711443400889759,50.95628415300546,-0.2870901639344261,-420.29999999999984,-0.2870901639344261,-0.71388100788252,0.3490362881268328,0.42679084394809386,1.2227692605790221,100,reversal,False,False,both,False,-0.5192825112107444,0.6915789473684476,0.15154394299280952,-1.4410256410256044
P100|reversal|MA0|BB0|TP20/SL20|TR0-0|long,767,0.26109763958891563,-0.5208105721419757,0.7738382356769128,6,11,13.31818181817866,-0.8313256909553455,-0.22438372688003114,1.0197551174519224,52.15123859191656,0.19100391134284977,146.49999999996578,0.19100391134284977,-0.3088242915554241,0.4067325348179493,0.4998282028982739,1.2288867009913371,100,reversal,False,False,long,False,-1.2925233644859693,0.20625000000001878,2.5088709677417533,-1.4211180124223246
P100|reversal|MA0|BB0|TP20/SL20|TR0-0|short,705,-1.120595576170388,0.9321797914085942,-2.4703245097778432,3,11,-54.663636363633366,-2.1642182243422776,-1.5132939028913392,0.9168165343220015,49.50354609929078,-0.8529078014183917,-601.2999999999662,-0.8529078014183917,-1.4172210914528665,0.4839788934044127,0.5643132900344747,1.1659873968159489,100,reversal,False,False,short,False,0.11440677966103549,1.1923611111111407,-3.2277456647397798,-1.5894736842104815
P100|reversal|MA0|BB0|TP20/SL20|TR5-3|both,2098,-4.077548664965764,-2.8890564175056954,-2.9000148191769304,1,11,-180.9090909090886,-7.441300052148664,-4.394486353225525,0.7824756241528559,78.88465204957103,-0.9485224022878808,-1989.9999999999739,-0.9485224022878808,-0.9671188210380901,0.189274111868048,0.018596418750209343,0.09825125352152646,100,reversal,False,False,both,True,-1.0721068249259387,-0.8861826697893858,-0.360168067226723,-1.6783582089550346
P100|reversal|MA0|BB0|TP20/SL20|TR5-3|long,1113,-3.7998698137126516,-3.238457152589565,-2.1633615573280904,2,11,-120.29999999999929,-6.349548740129414,-4.124692996473613,0.7275478690549678,78.79604672057502,-1.188948787061988,-1323.2999999999925,-1.188948787061988,-0.8559742167045009,0.2453687617342914,-0.332974570357487,-1.357037334353358,100,reversal,False,False,long,True,-1.529663608562838,-1.2937500000001712,-0.04958217270184994,-2.448401826483765
P100|reversal|MA0|BB0|TP20/SL20|TR5-3|short,990,-1.869869520632007,-0.9248079796247721,-1.652111620773622,2,11,-59.09999999999837,-4.14546260733673,-2.244188645659897,0.8485109754392522,79.0909090909091,-0.6566666666666483,-650.0999999999818,-0.6566666666666483,-1.2187722962805683,0.11037604304915205,0.56210562961392,5.09264161031399,100,reversal,False,False,short,True,-0.607428571428671,-0.4754545454546882,-0.8326271186437959,-0.7413043478259762
P100|reversal|MA0|BB0|TP15/SL15|TR0-0|both,1677,-0.4703991254989174,0.2025595285633524,-0.7971577340461873,3,11,-26.06363636363293,-2.6512983698008026,-0.7741239337154715,0.9772833519535403,51.99761478831246,-0.17096004770421033,-286.6999999999607,-0.17096004770421033,-0.8523312354956314,0.3163355428539868,0.681371187791421,2.1539507753193776,100,reversal,False,False,both,False,-0.32181467181464884,0.5060975609756546,0.020416666666694106,-0.8427350427350445
P100|reversal|MA0|BB0|TP15/SL15|TR0-0|long,884,0.35927994523384105,-0.5132809752061904,0.9305695929321778,6,11,14.272727272730014,-1.2580712004752488,-0.016419962808973933,1.0242306386393836,53.05429864253394,0.17760180995478606,157.00000000003087,0.17760180995478606,-0.5963178706592137,0.28963358103736897,0.7739196806139997,2.6720647441573684,100,reversal,False,False,long,False,-0.7035999999999947,-0.09085365853656159,1.5487889273357223,-0.5513812154696042
P100|reversal|MA0|BB0|TP15/SL15|TR0-0|short,797,-1.1175199556210804,0.8805641194027217,-2.3740075476457942,3,11,-42.727272727272116,-2.618725792285861,-1.4856437628884032,0.9239703646187231,50.690087829360095,-0.5897114178168039,-469.9999999999927,-0.5897114178168039,-1.1452812976360138,0.37770541122064255,0.5555698798192099,1.4709079174263273,100,reversal,False,False,short,False,-0.057407407407372435,1.0801204819277763,-2.292146596858696,-1.1529411764706017
P100|reversal|MA0|BB0|TP15/SL15|TR5-3|both,2169,-4.666911967493124,-3.3585457703058594,-3.2835919283786397,1,11,-174.17272727276287,-8.741037569176074,-5.0167456714896455,0.778506109897187,74.68879668049793,-0.8833102812357728,-1915.9000000003912,-0.8833102812357728,-1.0583901989132731,0.15272432682109355,0.1750799176775003,1.146378715963141,100,reversal,False,False,both,True,-0.9247838616716622,-0.9555056179777534,-0.2351395730707131,-1.676247030879081
P100|reversal|MA0|BB0|TP15/SL15|TR5-3|long,1146,-4.03913485945622,-3.811648142716772,-1.9681239782931195,3,11,-107.20000000002065,-7.115333253560854,-4.373972524947242,0.7403729716638008,74.78184991273996,-1.0289703315883307,-1179.200000000227,-1.0289703315883307,-1.0745479882556315,0.173011361616732,0.04557765666730074,0.26343736180903454,100,reversal,False,False,long,True,-1.495833333333564,-1.2046082949311243,0.08719346049031595,-1.9787610619470855
P100|reversal|MA0|BB0|TP15/SL15|TR5-3|short,1025,-2.4727546361393955,-0.5936970282862639,-2.694072495152509,3,11,-66.17272727274222,-5.2259334204521775,-2.8576032630850974,0.8228091528724104,74.63414634146342,-0.7101463414635748,-727.9000000001641,-0.7101463414635748,-1.0725368594669416,0.21453213283283432,0.36239051800336675,1.6892132344842963,100,reversal,False,False,short,True,-0.36222222222237815,-0.7184210526317817,-0.7239669421488023,-1.325641025641291
P100|reversal|MA0|BB0|TP30/SL30|TR0-0|both,1183,0.22462980059721646,0.6687597470431789,-0.2816199624059938,6,11,20.636363636364305,-0.7102463578574719,-0.03583176133225516,1.0137977984305764,50.71851225697379,0.1918850380388906,227.00000000000756,0.1918850380388906,-0.8430665625471242,0.43587425420922926,1.0349516005860149,2.374427006393489,100,reversal,False,False,both,False,0.15596816976125732,1.396846846846826,1.5834782608696594,-2.879497907949849
P100|reversal|MA0|BB0|TP30/SL30|TR0-0|long,633,0.6362803832563637,-0.16328158085903596,1.0040802048106667,7,11,42.454545454547166,-0.053627442301987356,0.3257343687745167,1.054291593522212,51.65876777251185,0.7377567140600617,467.0000000000191,0.7377567140600617,-0.2831233622717836,0.5966194948526174,1.0208800763318453,1.7111074732548468,100,reversal,False,False,long,False,0.7375661375661107,-1.4933333333333416,4.433004926108552,-3.2487603305786035
P100|reversal|MA0|BB0|TP30/SL30|TR0-0|short,574,-0.5620355654074216,0.7989560646573872,-1.4569613863642825,2,11,-36.30000000000104,-1.2094584051025343,-0.9546118616913782,0.9513268403281436,49.12891986062718,-0.6956445993031554,-399.3000000000112,-0.6956445993031554,-1.7881541503880432,0.4771143907472508,1.0925095510848877,2.2898272872755157,100,reversal,False,False,short,False,-0.6663265306122453,3.3614035087718914,-2.6620689655172725,-2.2344537815126246
P100|reversal|MA0|BB0|TP30/SL30|TR5-3|both,1992,-2.2516896546150917,-1.9820731629921775,-1.2687337002367518,4,11,-117.48181818183934,-5.023858589803483,-2.660341542648057,0.8566945374703124,84.88955823293173,-0.648744979919795,-1292.3000000002316,-0.648744979919795,-0.8996188905118319,0.33870374450037843,0.2508739105920369,0.7406883291535521,100,reversal,False,False,both,True,-1.1084745762712205,-0.48842364532029153,0.27272727272712327,-1.403191489361936
P100|reversal|MA0|BB0|TP30/SL30|TR5-3|long,1062,-2.4043534841432583,-2.69090026697263,-0.7530045277018907,3,11,-92.47272727274101,-4.440619695918048,-2.8578815867443934,0.790419285051996,84.7457627118644,-0.9578154425613471,-1017.2000000001506,-0.9578154425613471,-0.6010876932351612,0.277502919263895,-0.3567277493261859,-1.2854918797699244,100,reversal,False,False,long,True,-1.8034482758621204,-0.9590000000001053,0.4597058823527329,-2.001970443349962
P100|reversal|MA0|BB0|TP30/SL30|TR5-3|short,953,-0.7281133213824544,0.04490878735025874,-0.9641860824798432,3,11,-26.809090909098565,-2.6297883351002396,-1.1362037770283022,0.9307209810416331,85.099685204617,-0.3094438614901195,-294.9000000000839,-0.3094438614901195,-1.2130040349870395,0.20934452093512723,0.90356017349692,4.316139583977552,100,reversal,False,False,short,True,-0.43539823008851913,0.012442396313294586,-0.1385650224215909,-0.6844827586209548
P100|reversal|MA0|BB0|TP20/SL10|TR0-0|both,1874,-0.8806582274597837,-0.8419529673933278,-0.4344452943934243,3,11,-51.41818181814283,-3.1704935915163452,-1.3110086360938633,0.9567888029826421,35.11205976520811,-0.30181430096028267,-565.5999999995697,-0.30181430096028267,-0.5431997752645291,0.29033604174963473,0.24138547430424645,0.8314003072081564,100,reversal,False,False,both,False,-0.9108247422675695,0.3894736842109783,0.1252319109461901,-0.6214285714285817
P100|reversal|MA0|BB0|TP20/SL10|TR0-0|long,991,-0.2868430491392513,-0.91194018924733,0.3928113709887249,4,11,-12.354545454527926,-1.9406898330952438,-0.84447733694968,0.9801828601426406,35.721493440968715,-0.13713420787064226,-135.89999999980648,-0.13713420787064226,-0.4283716151792497,0.24757896487568207,0.2912374073086075,1.1763414854523195,100,reversal,False,False,long,False,-1.6111498257834935,0.650867052023568,1.2083591331268673,-0.8480769230769201
P100|reversal|MA0|BB0|TP20/SL10|TR0-0|short,885,-1.0655295565607008,0.4645017922425214,-1.9632049946714882,3,11,-41.02727272725115,-2.7076488600726916,-1.5432385052780488,0.9278277974125179,34.3502824858757,-0.5099435028245897,-451.29999999976184,-0.5099435028245897,-1.0439154660634404,0.37139279543334497,0.5339719632388508,1.4377553086774522,100,reversal,False,False,short,False,-0.26520270270223767,0.09100529100574795,-1.494444444444359,-0.36521739130437253
P100|reversal|MA0|BB0|TP20/SL10|TR5-3|both,2336,-6.0723629625156335,-4.682725833367028,-4.030700241258078,0,11,-208.8090909090621,-10.626246494225319,-6.411636978400707,0.7368475321937809,65.3681506849315,-0.9832619863012341,-2296.8999999996827,-0.9832619863012341,-1.0067735296789335,0.1350713316498876,0.02351154337769945,0.17406760628260243,100,reversal,False,False,both,True,-1.0832223701729717,-0.9286624203820681,-0.6873111782475615,-1.307522123893676
P100|reversal|MA0|BB0|TP20/SL10|TR5-3|long,1247,-5.251374750528887,-4.640340013549051,-3.0211596877743645,1,11,-129.5727272727123,-8.636160595702822,-5.697081965352428,0.6910655453442194,65.6776263031275,-1.1429831595828672,-1425.2999999998353,-1.1429831595828672,-0.9921870880005891,0.19153617829876915,-0.15079607158227815,-0.7872981121459871,100,reversal,False,False,long,True,-1.5670299727519195,-0.9131004366811423,-0.5229629629628368,-1.7451219512193117
P100|reversal|MA0|BB0|TP20/SL10|TR5-3|short,1089,-3.316969915510474,-1.1500105098788136,-3.387359400948116,2,11,-79.23636363634976,-6.50104930054789,-3.7884709768085085,0.7881792553708825,65.0137741046832,-0.8003673094580784,-871.5999999998475,-0.8003673094580784,-1.158676173364523,0.14373846714185143,0.35830886390644456,2.492783393556296,100,reversal,False,False,short,True,-0.6208333333331959,-0.9433884297519526,-0.9463035019452785,-0.784951456310636
P100|reversal|MA0|BB0|TP10/SL20|TR0-0|both,1722,-2.230517222845825,-1.0128875954421441,-2.07595861998426,3,11,-116.94545454549234,-4.583347625652189,-2.5098599348059714,0.8910965688307579,66.60859465737514,-0.7470383275263733,-1286.4000000004148,-0.7470383275263733,-1.0720620119707016,0.2661914302758777,0.3250236844443283,1.2210148317227099,100,reversal,False,False,both,False,-0.8504604051569963,0.320118343194787,-0.5131147540984149,-1.9331444759206158
P100|reversal|MA0|BB0|TP10/SL20|TR0-0|long,900,-1.2547830896105256,-1.182665121227408,-0.6271165781965582,5,11,-47.72727272729201,-2.9717110258243067,-1.6092812012950404,0.9135133354199592,67.11111111111111,-0.5833333333335685,-525.0000000002117,-0.5833333333335685,-0.7409144696440307,0.3980152496634665,0.15758113631046222,0.3959173334280575,100,reversal,False,False,long,False,-1.1711538461543014,-0.0030303030307697494,0.9241379310343598,-2.6378378378377336
P100|reversal|MA0|BB0|TP10/SL20|TR0-0|short,828,-1.895124053537345,-0.0007356839741050027,-2.5720243393900706,3,11,-69.65454545456409,-3.523124215327866,-2.226954277269504,0.8675219586416388,66.06280193236715,-0.9253623188408262,-766.2000000002041,-0.9253623188408262,-1.4467805934081748,0.47424067936086933,0.5214182745673486,1.099480279233026,100,reversal,False,False,short,False,-0.48736842105309325,0.6039772727267823,-2.6181818181817733,-1.2733727810650617
P100|reversal|MA0|BB0|TP10/SL20|TR5-3|both,2098,-5.251584503168086,-3.3404013262488874,-4.052276947299638,0,11,-225.4545454545541,-8.699383107113615,-5.5194011468650155,0.7289143456779169,78.88465204957103,-1.1820781696854596,-2480.000000000094,-1.1820781696854596,-1.2452505367795899,0.1719246305753205,0.06317236709413021,0.3674422151307417,100,reversal,False,False,both,True,-1.221513353115916,-0.9362997658081708,-0.7858823529410831,-1.963432835820731
P100|reversal|MA0|BB0|TP10/SL20|TR5-3|long,1113,-4.39344115086899,-3.4098243139459234,-2.8095657352375776,2,11,-135.54545454545897,-7.004960335508022,-4.700569091531686,0.6930203829524231,78.79604672057502,-1.3396226415094774,-1491.0000000000484,-1.3396226415094774,-1.0497500755894629,0.2557574059994526,-0.28987256592001454,-1.1333887469934494,100,reversal,False,False,long,True,-1.5990825688075438,-1.3673076923078868,-0.379665738161528,-2.499543378995217
P100|reversal|MA0|BB0|TP10/SL20|TR5-3|short,990,-2.9247645391938697,-1.3017596130905345,-2.71604221742796,2,11,-88.40000000000417,-5.297217158295151,-3.273894262131308,0.7734072796756157,79.0909090909091,-0.9822222222222685,-972.4000000000458,-0.9822222222222685,-1.4401911914055434,0.20109612642021021,0.4579689691832749,2.277363454660999,100,reversal,False,False,short,True,-0.8302857142858873,-0.5031818181820354,-1.4038135593218464,-1.3032608695651178
P100|breakout|MA1|BB0|TP20/SL20|TR0-0|both,1691,0.3496139573804002,-0.5156749005245561,0.9421015250735418,5,11,25.15454545453902,-1.3537276666172189,0.08382373495880768,1.0168041199548126,52.395032525133054,0.16363098758127195,276.69999999993087,0.16363098758127195,-0.6351889881240991,0.3034539591720205,0.798819975705371,2.632425617002874,100,breakout,True,False,both,False,-1.1888446215139385,0.23394495412844915,1.7835341365460566,-0.2505494505494817
P100|breakout|MA1|BB0|TP20/SL20|TR0-0|long,898,0.4414286950021111,-0.9112090141892014,1.4351781740976646,5,11,23.29090909090524,-0.7942053069431748,0.11271911392096856,1.0295481281572165,52.78396436525612,0.2853006681514012,256.19999999995827,0.2853006681514012,-0.23431285797932597,0.3516669913793905,0.5196135261307272,1.4775726436324819,100,breakout,True,False,long,False,-1.3924686192468545,-0.26666666666666605,3.1952861952860183,-1.6247422680411907
P100|breakout|MA1|BB0|TP20/SL20|TR0-0|short,806,0.09833310994185704,0.4393925820527011,-0.2813011379988535,6,11,4.95454545454316,-1.0643658311584612,-0.21700357467809506,1.0068990834978953,52.10918114143921,0.06761786600493208,54.49999999997526,0.06761786600493208,-0.9976102102721642,0.41570568699149407,1.0652280762770963,2.5624573096083054,100,breakout,True,False,short,False,-0.6859259259259131,0.5932926829268439,-0.403960396039654,1.317647058823409
P100|breakout|MA1|BB0|TP20/SL20|TR5-3|both,2431,-3.1364544894065305,-3.2132759998825913,-1.3529907411135014,3,11,-152.1000000000006,-6.7249385892727895,-3.401287032379293,0.8420530926667136,78.81530234471411,-0.6882352941176495,-1673.1000000000058,-0.6882352941176495,-1.0140316504882207,0.1746197373531832,0.32579635637057125,1.8657476028131947,100,breakout,True,False,both,True,-0.7123359580053621,-1.5713414634147846,0.16322008862639772,-0.9353999999998337
P100|breakout|MA1|BB0|TP20/SL20|TR5-3|long,1302,-3.389992148147408,-3.5262387649161475,-1.3796765516126146,4,11,-122.73636363636334,-5.997132233243968,-3.685231285392881,0.7699843260188048,78.03379416282642,-1.0369431643625164,-1350.0999999999965,-1.0369431643625164,-0.9207522341730916,0.09887873138113677,-0.11619093018942483,-1.1750851630727004,100,breakout,True,False,long,True,-1.5252747252748273,-1.7185185185186818,0.46165048543693643,-2.0053003533566702
P100|breakout|MA1|BB0|TP20/SL20|TR5-3|short,1136,-0.8598859465838261,-0.44922643172902504,-0.7476659286541458,6,11,-28.50000000000116,-3.348529022257872,-1.2035932505919973,0.9339165261382765,79.75352112676056,-0.27596830985916604,-313.5000000000126,-0.27596830985916604,-1.1772346796871207,0.22530972319881115,0.9012663698279546,4.000121952272276,100,breakout,True,False,short,True,0.05224999999987365,-1.4229249011859084,-0.27894736842085666,0.4599078341014786
P100|breakout|MA1|BB0|TP15/SL15|TR0-0|both,1984,-0.5670497043978826,-0.5219785429290165,-0.2885311983292087,5,11,-33.17272727272303,-3.0067777914476705,-0.8154318825199565,0.9756319075762164,52.016129032258064,-0.1839213709677174,-364.8999999999513,-0.1839213709677174,-0.7502191920277865,0.20585765016209964,0.5662978210600691,2.7509194854509706,100,breakout,True,False,both,False,-0.9066225165562923,0.363611859838319,0.5728813559322553,-0.692601431980903
P100|breakout|MA1|BB0|TP15/SL15|TR0-0|long,1059,-0.17648148301605676,-0.9162457532274871,0.6237622736035934,5,11,-7.56363636363372,-1.9599781175415953,-0.4532189238861794,0.9895074028299787,52.313503305004716,-0.07856468366380552,-83.19999999997005,-0.07856468366380552,-0.3835083774584901,0.3197299831090543,0.30494369379468456,0.9537538232398854,100,breakout,True,False,long,False,-1.214878892733578,0.2937172774869544,1.197167138810274,-0.9327433628318632
P100|breakout|MA1|BB0|TP15/SL15|TR0-0|short,931,-0.5824790403455556,0.3204943146511307,-1.1371697251462556,3,11,-23.31818181818011,-2.262985373302489,-0.921822921202531,0.9637542922548682,51.77228786251342,-0.2755102040816115,-256.4999999999803,-0.2755102040816115,-0.9154384972376036,0.48877364508523397,0.6399282931559922,1.309252860891056,100,breakout,True,False,short,False,-0.5783018867924399,0.49945355191261476,-0.356962025316438,-0.41139896373055557
P100|breakout|MA1|BB0|TP15/SL15|TR5-3|both,2561,-4.503047419829055,-4.473332526954016,-2.0344879705249337,2,11,-189.07272727276793,-8.810990278480963,-4.796178712613528,0.8027634735933341,73.83834439672003,-0.8121046466225875,-2079.8000000004467,-0.8121046466225875,-0.9376593380395611,0.1054001140256046,0.12555469141697362,1.1912196924803413,100,breakout,True,False,both,True,-1.0604244694134195,-1.4093567251464103,0.07350069734993561,-1.056792452830364
P100|breakout|MA1|BB0|TP15/SL15|TR5-3|long,1372,-4.474196830932979,-4.455907080174906,-1.9447603502251214,3,11,-138.33636363638652,-7.629969574284625,-4.787257262873096,0.7378503626371395,73.03206997084548,-1.1091107871721952,-1521.7000000002517,-1.1091107871721952,-1.006255973903304,0.1414674056763681,-0.10285481326889134,-0.727056616166342,100,breakout,True,False,long,True,-1.7740837696336913,-1.6144531250002472,0.13623853210993064,-1.6446308724833822
P100|breakout|MA1|BB0|TP15/SL15|TR5-3|short,1195,-1.7647844625731215,-1.3356546742230553,-1.1693494425274684,3,11,-50.845454545472535,-4.746940182865752,-2.1445636547367424,0.8823962319693477,74.81171548117155,-0.468033472803513,-559.300000000198,-0.468033472803513,-1.112532775798611,0.1602225987239476,0.6444993029950981,4.022524338813938,100,breakout,True,False,short,True,-0.3862559241708059,-1.2292307692309492,-0.02384341637019884,-0.3017241379312279
P100|breakout|MA1|BB0|TP30/SL30|TR0-0|both,1344,0.32433557551000514,0.593356518809148,-0.08627462925326189,5,11,31.009090909092084,-0.697236462404124,0.07523569141969028,1.0182377158744589,51.711309523809526,0.2537946428571527,341.1000000000132,0.2537946428571527,-0.22460255719402095,0.3911908695801758,0.47839720005117364,1.2229252706347347,100,breakout,True,False,both,False,0.04640198511165824,0.4843137254901805,1.2694789081886393,-1.104946996466442
P100|breakout|MA1|BB0|TP30/SL30|TR0-0|long,737,0.1363378935130701,-0.43664316556230637,0.5709007965998777,6,11,9.745454545455566,-0.6128802474238229,-0.20169317592564243,1.0104129229035743,51.56037991858887,0.14545454545456118,107.20000000001158,0.14545454545456118,0.7568091046689386,0.4781953964658519,-0.6113545592143774,-1.2784618248788064,100,breakout,True,False,long,False,-0.5437810945273629,-1.1661971830986102,4.1543568464731635,-4.046405228758291
P100|breakout|MA1|BB0|TP30/SL30|TR0-0|short,642,0.12319653000524003,1.428631155066961,-1.0847523155987262,5,11,8.145454545454855,-0.5836227837564458,-0.24352095192722048,1.0100331452118607,51.557632398753896,0.13956386292835496,89.60000000000389,0.13956386292835496,-0.9468481891347954,0.49374095910347876,1.0864120520631504,2.2003684969459036,100,breakout,True,False,short,False,0.7200934579439245,1.1961240310077423,-2.942857142857199,2.1038167938932397
P100|breakout|MA1|BB0|TP30/SL30|TR5-3|both,2307,-2.0495113548465405,-1.9557262430866922,-1.0148500465585275,3,11,-118.09090909093528,-4.969378471987502,-2.3148317282365016,0.8808792377738199,84.22193324664066,-0.5630689206763274,-1299.0000000002874,-0.5630689206763274,-0.6832930469040661,0.16928124157438115,0.1202241262277387,0.7102034762363966,100,breakout,True,False,both,True,-0.5613888888889217,-1.502807775378035,0.2992260061917459,-0.8207112970713413
P100|breakout|MA1|BB0|TP30/SL30|TR5-3|long,1248,-3.0887687126822816,-3.76009053483005,-0.7281248432370059,2,11,-134.3090909091061,-5.206410511371826,-3.383547533432167,0.7647414767750845,83.25320512820514,-1.1838141025642361,-1477.4000000001668,-1.1838141025642361,-0.8097130737871276,0.20325113486402982,-0.3741010287771085,-1.8405851904707602,100,breakout,True,False,long,True,-1.925641025641028,-2.30677966101702,0.9186224489793658,-2.2944237918217874
P100|breakout|MA1|BB0|TP30/SL30|TR5-3|short,1091,0.30105257572197225,1.378062098108758,-0.6963289752192034,6,11,12.245454545443321,-1.6635787582030226,-0.07070117341051356,1.0283686449601694,85.4262144821265,0.12346471127394731,134.69999999987652,0.12346471127394731,-0.7686720877142644,0.32340176870780135,0.8921367989882117,2.758602102124777,100,breakout,True,False,short,True,0.6955497382198271,-0.8057377049180893,-0.6325490196080188,1.0804761904760072
P100|breakout|MA1|BB0|TP20/SL10|TR0-0|both,2254,-0.43581332883563945,-1.1500807923111374,0.47880589766992987,5,11,-26.809090909045743,-3.0514547344968586,-0.7084676852772033,0.9811208419759085,35.714285714285715,-0.13083407275931758,-294.8999999995018,-0.13083407275931758,-0.5324485183266896,0.27322853026017074,0.401614445567372,1.4698847341635628,100,breakout,True,False,both,False,-1.2278499278494506,0.6070754716985711,1.0112804878048396,-0.7584199584199608
P100|breakout|MA1|BB0|TP20/SL10|TR0-0|long,1192,-0.2584969723269113,-1.1596385366839683,0.7441444524882267,5,11,-11.436363636341959,-2.1845373632583445,-0.5735055043162415,0.9847394917207777,35.822147651006716,-0.1055369127514771,-125.7999999997607,-0.1055369127514771,-0.2110158003343292,0.29392880034798596,0.10547888758285211,0.3588586333083874,100,breakout,True,False,long,False,-1.491158536584888,0.45023474178449674,1.5423469387754525,-1.3019305019304739
P100|breakout|MA1|BB0|TP20/SL10|TR0-0|short,1064,-0.3429421515201617,-0.21458585622894089,-0.2696266381040341,5,11,-14.609090909067328,-2.134066371873379,-0.7287011241409632,0.9782476278138326,35.6203007518797,-0.1510338345862219,-160.6999999997401,-0.1510338345862219,-0.7080271101271493,0.34080228523872885,0.5569932755409274,1.6343589807526047,100,breakout,True,False,short,False,-0.9360655737700159,0.7108490566042313,0.22272727272726314,-0.12432432432436277
P100|breakout|MA1|BB0|TP20/SL10|TR5-3|both,2812,-5.7006982092069,-5.278039870366927,-2.9708597518864637,2,11,-221.27272727269354,-10.667923058737578,-6.054608046688418,0.7721933642192188,64.79374110953057,-0.8655761024180757,-2433.999999999629,-0.8655761024180757,-1.0027499026486042,0.10980798858472442,0.1371738002305285,1.249215125406741,100,breakout,True,False,both,True,-1.1421524663675624,-1.1760360360359141,-0.019567979669524043,-1.2925605536330722
P100|breakout|MA1|BB0|TP20/SL10|TR5-3|long,1507,-5.299180546995424,-5.205791761058873,-2.379555079855287,2,11,-148.19999999998086,-8.989806760370056,-5.659290690806545,0.7180218981890104,64.43264764432648,-1.0817518248173787,-1630.1999999997897,-1.0817518248173787,-0.9487441020153493,0.10022125523145796,-0.13300772280202944,-1.3271408594399674,100,breakout,True,False,long,True,-1.845221445221249,-1.253308823529304,0.005405405405481057,-1.5393846153844295
P100|breakout|MA1|BB0|TP20/SL10|TR5-3|short,1307,-2.711591375181119,-1.7947044288927583,-2.030188777794759,1,11,-72.49999999998546,-6.13316270278765,-3.0675486724163115,0.8373511176374854,65.26396327467484,-0.6101759755163276,-797.4999999998403,-0.6101759755163276,-0.9521570735071387,0.18181278446301888,0.3419810979908111,1.8809518758587123,100,breakout,True,False,short,True,-0.4799568965516173,-1.091549295774514,-0.05882352941160688,-0.9754940711461508
P100|breakout|MA1|BB0|TP10/SL20|TR0-0|both,2006,-1.2753483254624043,-1.0877115044368688,-0.7310743932523558,3,11,-70.20000000004721,-3.9050931382317637,-1.5342785520362328,0.9417563602627428,67.84646061814557,-0.38494516450673877,-772.200000000518,-0.38494516450673877,-0.7777349977873012,0.1899614075675981,0.3927898332805624,2.0677349063166286,100,breakout,True,False,both,False,-0.6845779220783863,-0.020930232558620615,0.37647058823519264,-1.3176470588235
P100|breakout|MA1|BB0|TP10/SL20|TR0-0|long,1073,-1.0705211497406424,-1.2606432702970671,-0.2877142723768676,5,11,-44.32727272729633,-2.9488900582475224,-1.372663486725516,0.9317622033138899,67.56756756756756,-0.45442684063397865,-487.6000000002591,-0.45442684063397865,-0.526619935105056,0.15336573179506485,0.07219309447107736,0.4707250676281809,100,breakout,True,False,long,False,-0.9867109634556118,-0.40309278350563293,1.0731988472621206,-2.0987012987012252
P100|breakout|MA1|BB0|TP10/SL20|TR0-0|short,942,-0.6294899605642759,0.16059182537089992,-1.0273880536099347,3,11,-23.800000000024035,-2.4398685459524816,-0.9060056484416898,0.9574592548056957,68.25902335456475,-0.27791932059475966,-261.8000000002636,-0.27791932059475966,-1.103025028050378,0.35630044678457773,0.8251057074556183,2.3157582733947124,100,breakout,True,False,short,False,-0.3655063291143903,0.3724999999995163,-0.6275862068966167,-0.38762886597940505
P100|breakout|MA1|BB0|TP10/SL20|TR5-3|both,2431,-4.659081665239138,-3.661678534575451,-2.9620255833599525,1,11,-217.4454545454663,-8.356175400004197,-4.912254208064633,0.7741956800845694,78.81530234471411,-0.9839160839161369,-2391.900000000129,-0.9839160839161369,-1.2221399443910115,0.19744623881939607,0.23822386047487454,1.2065251883211496,100,breakout,True,False,both,True,-0.8679790026248587,-1.6189024390245714,-0.3782865583455875,-1.3557999999998684
P100|breakout|MA1|BB0|TP10/SL20|TR5-3|long,1302,-4.3461951541300925,-3.72174516104516,-2.4630899732980445,1,11,-152.73636363636888,-7.0246556005720056,-4.649024180153016,0.7137624369633209,78.03379416282642,-1.29039938556072,-1680.1000000000577,-1.29039938556072,-1.1595392298307088,0.23767370057853407,-0.1308601557300113,-0.5505874457774576,100,breakout,True,False,long,True,-1.6478021978023658,-1.7127572016462846,-0.05752427184466449,-2.2628975265015816
P100|breakout|MA1|BB0|TP10/SL20|TR5-3|short,1136,-2.0362137049502853,-0.872211086520764,-1.958658419649694,2,11,-63.84545454546132,-4.659329357330435,-2.3330705641565808,0.851960370994923,79.75352112676056,-0.6182218309859809,-702.3000000000743,-0.6182218309859809,-1.2338559452371287,0.25921449308054356,0.6156341142511478,2.3749988163657845,100,breakout,True,False,short,True,-0.1327500000002069,-1.5209486166009585,-0.8530075187968506,-0.17281105990777312
P100|reversal|MA1|BB0|TP20/SL20|TR0-0|both,1330,0.09981473513045529,-0.23689454698503876,0.3468838431249312,5,11,6.554545454541785,-1.367653256825885,-0.22313521348020285,1.0055485866880063,51.95488721804511,0.054210526315759955,72.09999999996074,0.054210526315759955,-0.5219398064729901,0.3530709527469595,0.57615033278875,1.6318259214081203,100,reversal,True,False,both,False,-0.6451456310679425,0.3587786259542261,1.5670299727518797,-1.1460207612456552
P100|reversal|MA1|BB0|TP20/SL20|TR0-0|long,703,0.6396977546570695,-0.9217147837288016,1.6730352177152914,6,11,30.463636363631483,-0.43371406549989533,0.24359052424365565,1.0500926811767448,52.91607396870555,0.47667140825027987,335.09999999994676,0.47667140825027987,-0.16691796351316862,0.32924332905189774,0.6435893717634484,1.9547529592072652,100,reversal,True,False,long,False,-1.398453608247409,-0.46740740740739845,3.8816964285711535,-1.3333333333333033
P100|reversal|MA1|BB0|TP20/SL20|TR0-0|short,630,-0.5223054767872778,0.9334971268947324,-1.6348680932493267,3,11,-23.654545454544312,-1.5309741111857376,-0.9322187341666981,0.9588362784958326,50.79365079365079,-0.4130158730158524,-260.199999999987,-0.4130158730158524,-1.0419729126458952,0.5272442816170348,0.6289570396300428,1.1929139140230396,100,reversal,True,False,short,False,0.037556561085991355,1.2370078740157948,-2.0587412587412475,-0.9438848920863233
P100|reversal|MA1|BB0|TP20/SL20|TR5-3|both,1913,-3.443338976495724,-3.0640476175165325,-1.9096208478434231,1,11,-143.14545454545348,-6.749882069066194,-3.7758966978416324,0.8087499392702694,79.14270778881338,-0.8231050705697793,-1574.5999999999879,-0.8231050705697793,-1.0133009428773279,0.1842666467133326,0.19019587230754853,1.0321774216873885,100,reversal,True,False,both,True,-1.0739482200648396,-1.0984732824429075,0.13314393939408323,-1.4692513368982094
P100|reversal|MA1|BB0|TP20/SL20|TR5-3|long,1020,-3.3903130901825373,-3.389822782930263,-1.4290872338928258,3,11,-104.1636363636368,-5.809103825473224,-3.7201928335684133,0.7419950461607685,78.82352941176471,-1.1233333333333377,-1145.8000000000045,-1.1233333333333377,-0.7719069377122072,0.1448783510688188,-0.35142639562113054,-2.425665346330448,100,reversal,True,False,long,True,-1.6677966101696327,-1.5886597938146096,0.30766871165649967,-2.1751219512192566
P100|reversal|MA1|BB0|TP20/SL20|TR5-3|short,895,-1.310094115718559,-0.5230079679584152,-1.2660339483164014,3,11,-38.063636363634835,-3.553551015560209,-1.703375902889658,0.8895891566900506,79.55307262569833,-0.4678212290502601,-418.69999999998277,-0.4678212290502601,-1.0768010222770856,0.14746684200854582,0.6089797932268255,4.129604899191743,100,reversal,True,False,short,True,-0.5132716049383627,-0.5940000000001389,-0.14851485148486546,-0.6130177514791876
P100|reversal|MA1|BB0|TP15/SL15|TR0-0|both,1521,-0.12649302795780407,0.005479660956102076,-0.17506651026204728,5,11,-6.581818181814387,-2.238012248855208,-0.4277033436169731,0.9936163083922656,52.39973701512163,-0.047600262984850136,-72.39999999995706,-0.047600262984850136,-0.5446471588844664,0.1926542995159795,0.4970468958996162,2.5799937875686454,100,reversal,True,False,both,False,-0.4050632911392195,0.08093645484952676,0.726588235294171,-0.6606811145510786
P100|reversal|MA1|BB0|TP15/SL15|TR0-0|long,811,0.6298748520428576,-0.5087422719990801,1.2825500151307883,6,11,23.67272727273018,-0.9385087399885987,0.26212185448339526,1.0442932471508797,53.51418002466092,0.3210850801480057,260.4000000000326,0.3210850801480057,-0.3836571768176744,0.34340536829647084,0.70474225696568,2.0522167736098336,100,reversal,True,False,long,False,-0.6246636771300359,-0.4391025641025533,1.9416666666667637,-0.2642857142856945
P100|reversal|MA1|BB0|TP15/SL15|TR0-0|short,711,-0.8722958004011294,0.482292950955822,-1.7100172511923424,4,11,-31.0636363636355,-2.3130447465750352,-1.2645563043995707,0.9375468353042278,51.0548523206751,-0.4805907172995642,-341.69999999999015,-0.4805907172995642,-1.0568122980030688,0.40021266448049425,0.5762215807035045,1.4397884720901646,100,reversal,True,False,short,False,-0.24444444444441424,0.6482517482517964,-1.2658385093167883,-1.0903225806451726
P100|reversal|MA1|BB0|TP15/SL15|TR5-3|both,1974,-3.85225052908379,-3.1325108363075995,-2.3918451307974133,2,11,-136.28181818184842,-7.809806625803361,-4.211424927328364,0.8069438899691854,75.02532928064844,-0.7594224924013842,-1499.1000000003323,-0.7594224924013842,-1.050697550719358,0.12324805743687589,0.29127505831797396,2.3633237259512723,100,reversal,True,False,both,True,-0.8924409448820717,-1.0174447174449492,0.1195571955718733,-1.4951282051284052
P100|reversal|MA1|BB0|TP15/SL15|TR5-3|long,1050,-3.5280165540391892,-3.769967919660731,-1.2622700259226736,3,11,-91.06363636365464,-6.445144804196558,-3.8654893974813804,0.7575222095809432,74.95238095238095,-0.9540000000001913,-1001.7000000002008,-0.9540000000001913,-0.8948063250532577,0.1448175548908602,-0.059193674946933506,-0.408746543135216,100,reversal,True,False,long,True,-1.4976821192055194,-1.4807881773401632,0.30988023952081145,-1.6696682464456498
P100|reversal|MA1|BB0|TP15/SL15|TR5-3|short,925,-1.7989399280225016,-0.3874639306447345,-2.017750162692459,3,11,-44.59090909092109,-4.491905347528791,-2.208855518836696,0.865024766097932,75.13513513513513,-0.5302702702704125,-490.5000000001316,-0.5302702702704125,-1.2293115410720366,0.19305862654301587,0.699041270801624,3.620875603017247,100,reversal,True,False,short,True,-0.32185628742529593,-0.55637254901981,-0.18605769230767127,-1.2893854748605917
P100|reversal|MA1|BB0|TP30/SL30|TR0-0|both,1093,-0.06285007106171912,0.09769476437321603,-0.16971634430670163,6,11,-5.5545454545444155,-0.9604107935394759,-0.337337545320862,0.9960055960879689,50.503202195791395,-0.055901189386997174,-61.099999999987915,-0.055901189386997174,-0.32370166110930365,0.4887307099425242,0.2678004717223065,0.5479509805180861,100,reversal,True,False,both,False,-0.20397727272728125,0.5742857142856984,1.819032258064621,-3.0488687782806054
P100|reversal|MA1|BB0|TP30/SL30|TR0-0|long,592,0.49099249779638005,-0.30012912947809384,0.9204606686253209,6,11,31.790909090910773,-0.17373146867066835,0.20694825376243753,1.0433666509586066,51.689189189189186,0.5907094594594913,349.7000000000188,0.5907094594594913,1.0096767949545487,0.41152394179295554,-0.4189673354950574,-1.018087389204312,100,reversal,True,False,long,False,0.3712643678160738,-1.7307017543859722,5.05210526315809,-4.188596491228197
P100|reversal|MA1|BB0|TP30/SL30|TR0-0|short,516,-0.8825001737186445,0.40010360196699035,-1.5717306730586074,2,11,-54.20000000000045,-1.495415162557613,-1.3063320659234996,0.9204578808335779,48.643410852713174,-1.1554263565891567,-596.2000000000048,-1.1554263565891567,-1.046389742566482,0.623927112930202,-0.10903661402267462,-0.17475857638338024,100,reversal,True,False,short,False,-1.1693989071038189,2.035576923076907,-3.2590163934426597,-1.8345794392523365
P100|reversal|MA1|BB0|TP30/SL30|TR5-3|both,1837,-2.128516746662727,-2.0314726419504785,-1.0342485081271264,3,11,-105.25454545456286,-4.834589898671468,-2.560645851002833,0.8610567749522761,84.8666303756124,-0.6302667392488788,-1157.8000000001903,-0.6302667392488788,-0.9118539776362022,0.21483841710980528,0.28158723838732347,1.3106931347543975,100,reversal,True,False,both,True,-1.2180000000000275,-0.5849206349207241,0.6007920792077885,-1.4387005649719589
P100|reversal|MA1|BB0|TP30/SL30|TR5-3|long,980,-2.321629378554884,-3.0659152046644094,-0.22029272183234888,4,11,-86.73636363637534,-4.2573655849776335,-2.740008996721589,0.7897624608875508,84.59183673469389,-0.9735714285715596,-954.1000000001285,-0.9735714285715596,-0.92318740930468,0.3829757078597003,-0.05038401926687963,-0.13155930841790456,100,reversal,True,False,long,True,-2.091003460207655,-1.2419354838710686,0.8344051446943186,-1.950000000000158
P100|reversal|MA1|BB0|TP30/SL30|TR5-3|short,869,-0.769383467096112,0.02263374409882873,-1.02785077820291,3,11,-26.73636363636924,-2.6093796961475215,-1.2057428479074261,0.9249342760151973,84.92520138089759,-0.3384349827388507,-294.10000000006124,-0.3384349827388507,-1.0512047393289194,0.2584513014188014,0.7127697565900688,2.7578493614743986,100,reversal,True,False,short,True,-0.44778481012660026,-0.17525252525258547,0.06717948717948125,-0.8187500000002673
P100|reversal|MA1|BB0|TP20/SL10|TR0-0|both,1700,-0.6221440195829935,-0.7700597765754651,-0.1557007550493746,3,11,-34.19999999996542,-2.8340970791876536,-0.9881666512588073,0.9681849703161514,35.411764705882355,-0.2212941176468342,-376.19999999961817,-0.2212941176468342,-0.6311524756347111,0.3128723522081283,0.4098583579878769,1.3099858619506006,100,reversal,True,False,both,False,-0.9432330827062944,0.46165644171824444,0.3897489539748679,-0.5802197802197928
P100|reversal|MA1|BB0|TP20/SL10|TR0-0|long,904,-0.2206311371661498,-1.122864539884894,0.660895870347241,4,11,-8.909090909075381,-1.8292357020474295,-0.6971045773671104,0.9843044299945813,35.84070796460177,-0.10840707964582777,-97.9999999998283,-0.10840707964582777,-0.2874636990883083,0.2174602432739686,0.17905661944248055,0.8233993338124569,100,reversal,True,False,long,False,-1.5235294117642264,0.38633540372715613,1.290202702702625,-0.8000000000000004
P100|reversal|MA1|BB0|TP20/SL10|TR0-0|short,796,-0.6942193895215233,0.4072761597861174,-1.3908290728108137,4,11,-25.290909090890036,-2.2609890076340737,-1.189032002023871,0.9501505160550808,34.92462311557789,-0.34949748743692177,-278.1999999997897,-0.34949748743692177,-0.7811045701572098,0.33043368847867455,0.431607082720288,1.306183654298139,100,reversal,True,False,short,False,-0.40902527075765654,0.5351515151519731,-1.0747252747252205,-0.33488372093025937
P100|reversal|MA1|BB0|TP20/SL10|TR5-3|both,2128,-5.4146058743211825,-4.198853703014924,-3.560768055087745,0,11,-176.89090909088227,-9.846444284163786,-5.764258147661333,0.7542685390988324,65.50751879699249,-0.9143796992479815,-1945.7999999997046,-0.9143796992479815,-0.9297406205117159,0.1181696166614115,0.01536092126373445,0.12999044676388957,100,reversal,True,False,both,True,-1.0599125364430122,-0.8674418604650219,-0.5609797297295561,-1.222857142857003
P100|reversal|MA1|BB0|TP20/SL10|TR5-3|long,1141,-4.768164400046287,-4.375259604089347,-2.5526975868295607,2,11,-112.47272727271387,-8.034300876477264,-5.17929607742159,0.7056528359345459,65.81945661700263,-1.0843120070112642,-1237.1999999998525,-1.0843120070112642,-0.9229197520132673,0.12846148705456217,-0.16139225499799692,-1.2563473979516357,100,reversal,True,False,long,True,-1.5331306990880187,-1.0816037735848225,-0.44393530997293557,-1.4794759825325454
P100|reversal|MA1|BB0|TP20/SL10|TR5-3|short,987,-2.862422375589143,-0.8185978636796628,-3.086585080098286,2,11,-64.41818181816839,-5.959113236513892,-3.3558136309916184,0.8092700258398234,65.1469098277609,-0.717933130698938,-708.5999999998519,-0.717933130698938,-1.0614948493968626,0.16296849153739046,0.3435617186979245,2.108148117816381,100,reversal,True,False,short,True,-0.6238095238093795,-0.6591743119265001,-0.7574660633481358,-0.9151832460732391
P100|reversal|MA1|BB0|TP10/SL20|TR0-0|both,1571,-1.5249043222815242,-1.026516346286792,-1.1265727622892576,3,11,-74.19090909094604,-3.8562221017700278,-1.798519610352714,0.9224475444731239,67.34563971992361,-0.5194780394655668,-816.1000000004055,-0.5194780394655668,-0.8264737404996151,0.23232453776894751,0.3069957010340483,1.3214088532454678,100,reversal,True,False,both,False,-0.8158000000004563,0.09009584664489072,0.2208816705335414,-1.6256880733944485
P100|reversal|MA1|BB0|TP10/SL20|TR0-0|long,829,-1.0028444049870056,-1.5800361481080785,0.09868841451071676,5,11,-36.200000000018605,-2.67229740456848,-1.325385530793959,0.9279862555384372,67.43063932448733,-0.4803377563331776,-398.2000000002042,-0.4803377563331776,-0.5787706736465439,0.10405390803916026,0.09843291731336629,0.9459800133246458,100,reversal,True,False,long,False,-1.380851063830239,-0.28089171974568644,1.4727272727271166,-2.4184971098264976
P100|reversal|MA1|BB0|TP10/SL20|TR0-0|short,743,-1.0990662341875097,0.12069652062790939,-1.6119257463512688,2,11,-37.15454545456385,-2.697048265837004,-1.4475835295350472,0.9181568776658171,67.29475100942126,-0.5500672947512812,-408.70000000020195,-0.5500672947512812,-1.0851999332200108,0.4152525831501437,0.5351326384687296,1.2886918954462967,100,reversal,True,False,short,False,-0.3147169811325362,0.5191082802542868,-1.758083832335344,-0.7350649350649392
P100|reversal|MA1|BB0|TP10/SL20|TR5-3|both,1913,-4.714906762068915,-3.4989172982204813,-3.2012339620579917,1,11,-188.9000000000092,-8.120615727491222,-4.999526920838944,0.7476193946460502,79.14270778881338,-1.0861996863565604,-2077.9000000001,-1.0861996863565604,-1.2530476203788117,0.15748385678997903,0.1668479340222513,1.0594605531204395,100,reversal,True,False,both,True,-1.2283171521037448,-1.1587786259544075,-0.353030303030236,-1.810160427807325
P100|reversal|MA1|BB0|TP10/SL20|TR5-3|long,1020,-4.048109622761161,-3.5163871568987393,-2.201358256763346,2,11,-120.7090909090958,-6.535748244830864,-4.3616230120555555,0.7010132852960865,78.82352941176471,-1.3017647058824056,-1327.8000000000536,-1.3017647058824056,-1.1576892805179917,0.21153919746198083,-0.14407542536441387,-0.6810814595735054,100,reversal,True,False,long,True,-1.7105084745764716,-1.667525773196078,-0.11871165644172124,-2.248780487804656
P100|reversal|MA1|BB0|TP10/SL20|TR5-3|short,895,-2.434356748286963,-0.9505711869440038,-2.3882706021919624,3,11,-67.27272727273152,-4.788783280583868,-2.811784568217618,0.8048626127313806,79.55307262569833,-0.8268156424581524,-740.0000000000464,-0.8268156424581524,-1.3698149152435932,0.3325309394746568,0.5429992727854408,1.6329285739344699,100,reversal,True,False,short,True,-0.7688271604939982,-0.6360000000002115,-0.7311881188116999,-1.2781065088756514
