n,win,pf,tot,a,b,e3,e4,wy,worst,dd,y10,n10,pf10,win10,worst10,dd10,wy10,hold,tp,stop,rsith,kind,lab,beat4,beat4dd,rank26,rank10
1241,47.300564061240934,1.1051866654745686,136.00298215723032,2.7293965065323516,133.27358565069798,46.339690008456,77.076536703916,17,-26.640483199390047,-81.50715204143829,123.41622671237201,595,1.2174630203151597,50.588235294117645,-10.073466625554,-22.485533340100012,9,2,3.0,2.0,50.0,grid,H2 TP3.0 ST2.0 RSI50 grid,False,False,279.0,462.0
1237,47.21099434114794,1.1094953964910093,141.0714754680304,12.216129817332362,128.855345650698,46.331690008456,72.66629670391602,18,-26.640483199390047,-78.02857707223231,118.99798671237203,593,1.2095936601659802,50.252951096121414,-9.041466625553992,-25.981346636883995,9,2,3.0,2.0,,grid,H2 TP3.0 ST2.0 RSI∞ grid,False,False,265.0,468.0
1191,49.1183879093199,1.064629187326904,84.60028227725581,-51.34490834718852,135.9451906244443,54.94610996368404,96.60610000794001,16,-37.05221213169587,-106.23878345637628,151.55220997162405,572,1.276208278295279,52.7972027972028,-11.670949982880016,-28.780499959680032,9,2,3.0,3.0,50.0,grid,H2 TP3.0 ST3.0 RSI50 grid,False,False,366.0,387.0
1188,48.98989898989899,1.0675856940287236,88.32215558805581,-40.37417503638852,128.69633062444433,54.93810996368404,89.36524000794002,16,-31.161812131695864,-98.82761399954995,144.30334997162407,571,1.2610422029473431,52.364273204903675,-11.670949982880016,-28.780499959680032,9,2,3.0,3.0,,grid,H2 TP3.0 ST3.0 RSI∞ grid,False,False,361.0,408.0
1182,49.323181049069376,1.0637150433294664,83.50345971462797,-34.747829288023475,118.25128900265142,43.94506666749108,93.19629002138011,13,-30.688374368655055,-98.25077941117631,137.1413566888712,567,1.248021529483282,52.733686067019406,-19.66244996943999,-33.67459994624001,8,2,3.0,4.0,50.0,grid,H2 TP3.0 ST4.0 RSI50 grid,False,False,369.0,430.0
1179,49.194232400339274,1.0680729006063894,88.94819302542798,-22.293095977223462,111.24128900265144,43.9370666674911,86.19429002138011,14,-30.688374368655055,-86.65854103565411,130.13135668887122,566,1.2337081655904898,52.29681978798587,-19.66244996943999,-33.67459994624001,8,2,3.0,4.0,,grid,H2 TP3.0 ST4.0 RSI∞ grid,False,False,359.0,453.0
1179,49.44868532654792,1.0568333632117008,74.49733313707814,-37.21916260601336,111.71649574309147,34.15226670949107,102.74349667952009,14,-34.17997436865504,-99.7171127587762,136.8957633890112,567,1.2490812702569523,52.910052910052904,-16.80978331129997,-30.74059995199998,8,2,3.0,6.0,50.0,grid,H2 TP3.0 ST6.0 RSI50 grid,False,False,382.0,431.0
1176,49.31972789115646,1.0622622749696748,81.28606644787814,-23.420429295213363,104.70649574309148,34.14426670949109,95.74149667952011,15,-34.17997436865504,-89.32194103565408,129.8857633890112,566,1.2346741584244836,52.473498233215544,-16.80978331129997,-30.74059995199998,8,2,3.0,6.0,,grid,H2 TP3.0 ST6.0 RSI∞ grid,False,False,374.0,454.0
1178,49.49066213921902,1.0632380037983122,82.3932331647482,-31.296162603843346,113.68939576859148,25.35226670949108,116.06639667952014,13,-34.17997436865504,-99.7171127587762,141.41866338901124,566,1.259445750188046,53.003533568904594,-14.088183311299964,-35.76449998418,7,2,3.0,,50.0,grid,H2 TP3.0 ST∞ RSI50 grid,False,False,371.0,418.0
1175,49.361702127659576,1.0687259104588474,89.18196647554818,-17.49742929304334,106.67939576859153,25.34426670949109,109.06439667952014,14,-34.17997436865504,-94.78168403691268,134.40866338901125,565,1.2448468677339366,52.56637168141592,-14.088183311299964,-38.91916663917998,7,2,3.0,,,grid,H2 TP3.0 ST∞ RSI∞ grid,False,False,358.0,437.0
1229,46.7860048820179,1.0995597529254666,128.44888813900738,-21.548308890648293,149.99719702965567,72.6230234075648,80.92151335602799,19,-28.24324166244804,-89.51751857060405,153.54453676359276,590,1.2736881794256087,50.847457627118644,-1.4428333494000916,-26.836866746000066,9,2,5.0,2.0,50.0,grid,H2 TP5.0 ST2.0 RSI50 grid,False,False,293.0,382.0
1222,46.56301145662848,1.1027925866339885,131.9614480749574,-13.290308977698308,145.2517570526557,76.2080234075648,71.466073379028,20,-27.672783199390064,-82.32389356308795,147.6740967865928,587,1.263970817052829,50.4258943781942,0.018166650599920103,-25.916866746000068,10,2,5.0,2.0,,grid,H2 TP5.0 ST2.0 RSI∞ grid,False,False,286.0,401.0
1183,48.605240912933226,1.0516263297506403,67.94883983614088,-71.91421378137915,139.86305361752002,71.89959336279286,100.39163666102,16,-36.68594523002646,-123.29638724998557,172.2912300238129,570,1.311461656913315,52.98245614035088,-7.970099982880051,-31.014899959680044,9,2,5.0,3.0,50.0,grid,H2 TP5.0 ST3.0 RSI50 grid,False,False,397.0,316.0
1177,48.25828377230246,1.050605734851455,66.64897977209081,-62.17221386842919,128.82119364052,75.48459336279286,84.63977668401996,16,-30.90594523002646,-118.2663873370356,160.12437004681283,568,1.285768071618621,52.2887323943662,-8.96009998288005,-31.014899959680044,9,2,5.0,3.0,,grid,H2 TP5.0 ST3.0 RSI∞ grid,False,False,404.0,349.0
1174,48.807495741056215,1.0495845950345954,65.29865895044614,-57.89906804528099,123.19772699572714,59.2459500665999,96.98182667446008,16,-40.80119105230006,-105.78578444991386,156.22777674105998,565,1.2801373715241977,52.92035398230088,-15.961599969440027,-35.908999946240016,9,2,5.0,4.0,50.0,grid,H2 TP5.0 ST4.0 RSI50 grid,False,False,407.0,366.0
1168,48.45890410958904,1.0514222023058561,67.5786588863961,-46.67306813233101,114.25172701872712,62.830950066599904,83.32582669746007,15,-36.484524428800064,-96.15109631778414,146.15677676405997,563,1.2597203440705613,52.2202486678508,-16.951599969440025,-35.908999946240016,9,2,5.0,4.0,,grid,H2 TP5.0 ST4.0 RSI∞ grid,False,False,399.0,404.0
1171,49.01793339026473,1.0502757735425583,66.53173233479635,-57.994401363270896,124.52613369806723,52.53035007049994,106.87103333260009,15,-41.69279105230005,-110.74965100970371,159.40138340310003,565,1.2844848986811095,53.27433628318584,-13.108933311300007,-34.087666746000046,8,2,5.0,6.0,50.0,grid,H2 TP5.0 ST6.0 RSI50 grid,False,False,405.0,353.0
1165,48.66952789699571,1.0531776978905723,70.15573227074627,-45.424401450320914,115.58013372106723,56.11535007049994,93.21503335560008,15,-37.37612442880005,-102.31202952997403,149.3303834261,563,1.264124016460925,52.57548845470693,-14.098933311300005,-33.16766674600005,8,2,5.0,6.0,,grid,H2 TP5.0 ST6.0 RSI∞ grid,False,False,393.0,393.0
1170,49.059829059829056,1.0565800314127742,74.42763236246638,-52.07140136110088,126.49903372356728,43.730350070499945,120.19393333260012,15,-41.69279105230005,-107.37665098203372,163.92428340310008,564,1.2949377071916197,53.36879432624113,-10.387333311299997,-34.08766674600004,8,2,5.0,,50.0,grid,H2 TP5.0 ST∞ RSI50 grid,False,False,384.0,340.0
1164,48.71134020618557,1.0595189752683898,78.05163229841634,-39.5014014481509,117.55303374656728,47.315350070499946,106.5379333556001,15,-37.37612442880005,-98.93902950230404,153.85328342610006,562,1.2743182505353128,52.66903914590747,-11.377333311299997,-33.16766674600004,8,2,5.0,,,grid,H2 TP5.0 ST∞ RSI∞ grid,False,False,377.0,381.0
1227,46.780766096169515,1.0954330010499076,123.00831693679565,-24.04710341445994,147.0554203512556,73.32647340756479,78.3812866776279,18,-29.06134166244803,-91.9679214062996,151.7077600851927,589,1.2709809215924779,50.93378607809848,-3.426400000000038,-26.836866746000066,9,2,7.0,2.0,50.0,grid,H2 TP7.0 ST2.0 RSI50 grid,False,False,301.0,386.0
1220,46.47540983606557,1.0866012562211815,111.1462102093257,-26.373770164929894,137.51998037425562,75.36647340756478,65.68084670062791,19,-27.672783199390064,-87.46867972668552,141.0473201081927,586,1.2522575712925221,50.34129692832765,-3.426400000000038,-25.91686674600008,9,2,7.0,2.0,,grid,H2 TP7.0 ST2.0 RSI∞ grid,False,False,335.0,419.0
1181,48.602878916172735,1.0527647726007603,69.38166861232912,-69.76740832679081,139.14907693911996,72.15304336279284,100.5292099826199,15,-36.45660639163805,-125.52824845664713,172.68225334541273,569,1.3128320849838773,53.075571177504386,-3.851966661280071,-31.014899959680044,9,2,7.0,3.0,50.0,grid,H2 TP7.0 ST3.0 RSI50 grid,False,False,394.0,311.0
1175,48.17021276595745,1.0400308852168845,52.70714188485912,-70.61007507726076,123.31721696211991,74.19304336279284,81.53235000561988,15,-30.676606391638046,-120.82291520711712,155.7253933684127,567,1.2780629460783979,52.20458553791887,-4.841966661280071,-31.014899959680044,9,2,7.0,3.0,,grid,H2 TP7.0 ST3.0 RSI∞ grid,False,False,444.0,370.0
1172,48.80546075085324,1.0495272619699145,65.16048772663434,-55.549262590692685,120.70975031732702,57.7254000665999,97.11939999606,15,-41.61929105230005,-105.65984040864154,154.84480006265989,564,1.2782429162744253,53.01418439716312,-11.843466647840048,-35.908999946240016,9,2,7.0,4.0,50.0,grid,H2 TP7.0 ST4.0 RSI50 grid,False,False,409.0,378.0
1166,48.3704974271012,1.039629736304811,52.06582099916439,-54.90792934116263,106.97375034032702,59.7654000665999,80.21840001905997,15,-36.36229110487001,-98.97464574579548,139.98380008565988,562,1.24888070476528,52.135231316725985,-12.833466647840046,-35.908999946240016,9,2,7.0,4.0,,grid,H2 TP7.0 ST4.0 RSI∞ grid,False,False,445.0,425.0
1169,49.01625320786997,1.0502559229824278,66.43956111098456,-55.59859590868255,122.0381570196671,51.009800070499935,107.00860665420001,15,-42.51089105230004,-109.73422948797406,158.0184067246999,564,1.2826084876927488,53.36879432624113,-8.990799989700024,-34.087666746000046,8,2,7.0,6.0,50.0,grid,H2 TP7.0 ST6.0 RSI50 grid,False,False,406.0,358.0
1163,48.58125537403267,1.0414674690385697,54.688894383514544,-53.613262659152504,108.30215704266709,53.049800070499934,90.10760667719997,14,-37.25389110486999,-105.02889623844402,143.1574067476999,562,1.2533371711373313,52.49110320284698,-9.980799989700024,-33.16766674600004,8,2,7.0,6.0,,grid,H2 TP7.0 ST6.0 RSI∞ grid,False,False,437.0,410.0
1168,49.14383561643836,1.0673544578857825,88.26846113865463,-35.742595906512506,124.01105704516718,42.20980007049994,120.33150665420003,15,-42.51089105230004,-104.80155768910014,162.54130672469995,563,1.2930681077358879,53.46358792184724,-6.269199989700017,-34.08766674600004,8,2,7.0,,50.0,grid,H2 TP7.0 ST∞ RSI50 grid,False,False,362.0,346.0
1162,48.709122203098104,1.058530244846592,76.51779441118464,-33.75726265698247,110.27505706816716,44.24980007049993,103.4305066772,15,-37.25389110486999,-98.0712244230701,147.68030674769994,561,1.263449706155718,52.584670231729056,-7.259199989700016,-33.16766674600004,8,2,7.0,,,grid,H2 TP7.0 ST∞ RSI∞ grid,False,False,379.0,400.0
1227,46.780766096169515,1.096409734444801,124.26727693679564,-24.606903414459936,148.87418035125555,78.24327340756477,75.28324667762787,17,-29.06134166244803,-91.9679214062996,153.52652008519266,589,1.274229596944871,50.93378607809848,-3.426400000000038,-26.836866746000084,8,2,10.0,2.0,50.0,grid,H2 TP10.0 ST2.0 RSI50 grid,False,False,299.0,383.0
1220,46.47540983606557,1.09484894814716,121.73150354739563,-17.60723682685994,139.33874037425556,80.28327340756478,62.58280670062789,18,-27.672783199390064,-87.94234638861553,142.86608010819265,586,1.2555103518488067,50.34129692832765,-3.426400000000038,-25.91686674600008,8,2,10.0,2.0,,grid,H2 TP10.0 ST2.0 RSI∞ grid,False,False,304.0,411.0
1181,48.602878916172735,1.0571380746097165,75.13222861232909,-65.52330832679081,140.65553693911988,77.06984336279284,97.11886998261988,15,-36.45660639163805,-121.28414845664717,174.18871334541274,569,1.31556119590069,53.075571177504386,-3.8387666612800815,-31.014899959680044,9,2,10.0,3.0,50.0,grid,H2 TP10.0 ST3.0 RSI50 grid,False,False,381.0,298.0
1175,48.17021276595745,1.044038666780519,57.98403522292907,-66.8396417391908,124.82367696211985,79.10984336279284,78.12201000561987,15,-30.676606391638046,-117.0524818690472,157.23185336841271,567,1.2807528779943715,52.20458553791887,-4.828766661280081,-31.014899959680044,9,2,10.0,3.0,,grid,H2 TP10.0 ST3.0 RSI∞ grid,False,False,429.0,361.0
1172,48.80546075085324,1.0538981545388675,70.91104772663434,-51.30516259069268,122.21621031732698,62.642200066599905,93.70905999605998,15,-41.61929105230005,-105.65984040864154,156.35126006265986,564,1.2809498965765158,53.01418439716312,-11.830266647840057,-35.90899994624002,9,2,10.0,4.0,50.0,grid,H2 TP10.0 ST4.0 RSI50 grid,False,False,390.0,365.0
1166,48.3704974271012,1.043646227113622,57.34271433723431,-51.13749600309267,108.48021034032698,64.6822000665999,76.80806001905995,15,-36.83595776680005,-98.54217380454153,141.49026008565986,562,1.25155907773609,52.135231316725985,-12.820266647840057,-35.90899994624002,9,2,10.0,4.0,,grid,H2 TP10.0 ST4.0 RSI∞ grid,False,False,432.0,417.0
1169,49.01625320786997,1.054605736491627,72.19012111098455,-51.35449590868255,123.54461701966706,55.92660007049993,103.59826665419996,15,-42.51089105230004,-105.49012948797407,159.5248667246999,564,1.2853027205431746,53.36879432624113,-8.977599989700035,-34.087666746000046,8,2,10.0,6.0,50.0,grid,H2 TP10.0 ST6.0 RSI50 grid,False,False,389.0,350.0
1163,48.58125537403267,1.0454686362514545,59.96578772158452,-49.842829321082554,109.80861704266707,57.96660007049993,86.69726667719996,14,-37.72755776680003,-101.25846290037406,144.6638667476999,562,1.2560030640415256,52.49110320284698,-9.967599989700036,-33.16766674600005,8,2,10.0,6.0,,grid,H2 TP10.0 ST6.0 RSI∞ grid,False,False,420.0,407.0
1168,49.05821917808219,1.0556581011398327,73.5080211386546,-52.009495906512534,125.51751704516711,47.126600070499926,116.92116665420001,15,-42.51089105230004,-108.69512946030405,164.04776672469993,563,1.295784311945613,53.46358792184724,-6.255999989700027,-34.08766674600004,8,2,10.0,,50.0,grid,H2 TP10.0 ST∞ RSI50 grid,False,False,387.0,339.0
1162,48.62306368330464,1.0465144059736036,61.28368774925459,-50.49782931891252,111.7815170681671,49.16660007049993,100.02016667719998,14,-37.72755776680003,-104.46346287270407,149.18676674769992,561,1.26613710878289,52.584670231729056,-7.245999989700026,-33.16766674600004,8,2,10.0,,,grid,H2 TP10.0 ST∞ RSI∞ grid,False,False,418.0,397.0
1227,46.780766096169515,1.089205417941513,114.98127693679564,-24.606903414459936,139.58818035125555,70.28727340756478,73.95324667762787,17,-29.06134166244803,-91.9679214062996,144.24052008519266,589,1.2576429118834431,50.93378607809848,-3.426400000000038,-26.83686674600008,8,2,,2.0,50.0,grid,H2 TP∞ ST2.0 RSI50 grid,False,False,329.0,409.0
1220,46.47540983606557,1.0817153399736106,104.87550354739562,-25.30723682685993,130.1827403742556,72.45727340756478,61.2528067006279,18,-27.672783199390064,-87.94234638861553,133.71008010819267,586,1.2391352068195878,50.34129692832765,-3.426400000000038,-25.91686674600008,8,2,,2.0,,grid,H2 TP∞ ST2.0 RSI∞ grid,False,False,341.0,443.0
1181,48.602878916172735,1.0468112424438727,61.553228612329086,-69.8163083267908,131.36953693911988,69.11384336279284,95.78886998261989,15,-36.45660639163805,-125.57714845664718,164.90271334541274,569,1.298738629106003,53.075571177504386,-3.8387666612800815,-31.014899959680044,9,2,,3.0,50.0,grid,H2 TP∞ ST3.0 RSI50 grid,False,False,417.0,333.0
1175,48.17021276595745,1.0338241995180373,44.53503522292904,-71.13264173919082,115.66767696211986,71.28384336279284,76.79201000561987,15,-30.676606391638046,-121.34548186904716,148.0758533684127,567,1.264403942992675,52.20458553791887,-4.828766661280081,-31.014899959680044,9,2,,3.0,,grid,H2 TP∞ ST3.0 RSI∞ grid,False,False,455.0,399.0
1172,48.80546075085324,1.0435770118686205,57.33204772663431,-55.59816259069268,112.930210317327,54.68620006659989,92.37905999605998,15,-41.61929105230005,-105.65984040864154,147.06526006265986,564,1.2642637455434893,53.01418439716312,-11.830266647840057,-35.908999946240016,9,2,,4.0,50.0,grid,H2 TP∞ ST4.0 RSI50 grid,False,False,433.0,402.0
1166,48.3704974271012,1.033409562957842,43.89371433723433,-55.430496003092685,99.32421034032697,56.85620006659989,75.47806001905997,15,-36.83595776680005,-99.49721240772556,132.33426008565988,562,1.235280395978369,52.135231316725985,-12.820266647840057,-35.908999946240016,9,2,,4.0,,grid,H2 TP∞ ST4.0 RSI∞ grid,False,False,456.0,448.0
1169,49.01625320786997,1.0443343685480846,58.611121110984506,-55.64749590868256,114.25861701966708,47.97060007049993,102.26826665419996,15,-42.51089105230004,-109.78312948797408,150.2388667246999,564,1.2686951463300835,53.36879432624113,-8.977599989700035,-34.08766674600004,8,2,,6.0,50.0,grid,H2 TP∞ ST6.0 RSI50 grid,False,False,426.0,390.0
1163,48.58125537403267,1.0352710267114118,46.51678772158449,-54.135829321082554,100.65261704266707,50.14060007049992,85.36726667719995,14,-37.72755776680003,-105.55146290037409,135.50786674769992,562,1.2398002339426164,52.49110320284698,-9.967599989700036,-33.16766674600004,8,2,,6.0,,grid,H2 TP∞ ST6.0 RSI∞ grid,False,False,451.0,434.0
1168,49.05821917808219,1.0453764836555013,59.92902113865459,-56.30249590651253,116.23151704516711,39.17060007049992,115.59116665420001,15,-42.51089105230004,-112.98812946030404,154.76176672469992,563,1.2790413036403776,53.46358792184724,-6.255999989700027,-34.08766674600004,8,2,,,50.0,grid,H2 TP∞ ST∞ RSI50 grid,False,False,421.0,379.0
1162,48.62306368330464,1.0363065958871975,47.83468774925456,-54.790829318912536,102.6255170681671,41.34060007049992,98.6901666772,14,-37.72755776680003,-110.41669610790407,140.03076674769991,561,1.249803546355486,52.584670231729056,-7.245999989700026,-33.16766674600004,8,2,,,,grid,H2 TP∞ ST∞ RSI∞ grid,False,False,450.0,424.0
1068,48.59550561797753,1.2089351937976174,263.968417130645,-6.920616640082057,270.8890337707271,108.86250642271605,133.189216719448,18,-36.96172381517722,-84.59852103223821,242.05172314216406,502,1.4614472893479236,52.98804780876494,2.7526732955820217,-24.440106636884018,10,3,3.0,2.0,50.0,grid,H3 TP3.0 ST2.0 RSI50 grid,False,False,82.0,133.0
1060,48.113207547169814,1.1972163978514334,249.77755347516626,-7.474873663419861,257.2524271385861,106.98323979057504,123.03187671944802,18,-26.927323815177218,-78.90962103223816,230.0151165100231,497,1.4343518501973804,52.31388329979879,0.0350733564580245,-29.507046636883985,10,3,3.0,2.0,55.0,grid,H3 TP3.0 ST2.0 RSI55 grid,False,False,93.0,157.0
1060,48.113207547169814,1.1972163978514334,249.77755347516626,-7.474873663419861,257.2524271385861,106.98323979057504,123.03187671944802,18,-26.927323815177218,-78.90962103223816,230.0151165100231,497,1.4343518501973804,52.31388329979879,0.0350733564580245,-29.507046636883985,10,3,3.0,2.0,60.0,grid,H3 TP3.0 ST2.0 RSI60 grid,False,False,93.0,157.0
1060,48.113207547169814,1.1972163978514334,249.77755347516626,-7.474873663419861,257.2524271385861,106.98323979057504,123.03187671944802,18,-26.927323815177218,-78.90962103223816,230.0151165100231,497,1.4343518501973804,52.31388329979879,0.0350733564580245,-29.507046636883985,10,3,3.0,2.0,,grid,H3 TP3.0 ST2.0 RSI∞ grid,False,False,93.0,157.0
1017,52.31071779744346,1.2575758028729322,320.61077096962686,16.407342445799667,304.2034285238272,118.75424297945209,165.06226333036003,18,-39.73515746422203,-74.01880161202592,283.81650630981215,481,1.555925841370697,56.96465696465697,-0.21614005609999004,-21.807900000000046,9,3,3.0,3.0,50.0,grid,H3 TP3.0 ST3.0 RSI50 grid,False,False,15.0,32.0
1009,51.83349851337958,1.2445383782724464,304.8474872735891,12.787285422461895,292.0602018511272,114.63404298035209,158.63923665676003,18,-31.404757464222016,-71.21546831172596,273.2732796371121,476,1.5345117115150242,56.30252100840336,-10.3506399909,-28.05691000699997,9,3,3.0,3.0,55.0,grid,H3 TP3.0 ST3.0 RSI55 grid,False,False,33.0,65.0
1009,51.83349851337958,1.2445383782724464,304.8474872735891,12.787285422461895,292.0602018511272,114.63404298035209,158.63923665676003,18,-31.404757464222016,-71.21546831172596,273.2732796371121,476,1.5345117115150242,56.30252100840336,-10.3506399909,-28.05691000699997,9,3,3.0,3.0,60.0,grid,H3 TP3.0 ST3.0 RSI60 grid,False,False,33.0,65.0
1009,51.83349851337958,1.2445383782724464,304.8474872735891,12.787285422461895,292.0602018511272,114.63404298035209,158.63923665676003,18,-31.404757464222016,-71.21546831172596,273.2732796371121,476,1.5345117115150242,56.30252100840336,-10.3506399909,-28.05691000699997,9,3,3.0,3.0,,grid,H3 TP3.0 ST3.0 RSI∞ grid,False,False,33.0,65.0
1003,53.040877367896314,1.2369246662756546,294.7070959507712,16.295329054034717,278.41176689673654,107.2941329784322,155.78727001638418,18,-39.86097430900005,-81.661810891804,263.08140299481636,475,1.5173420826974242,57.05263157894736,-4.173400056099961,-29.731000006999984,9,3,3.0,4.0,50.0,grid,H3 TP3.0 ST4.0 RSI50 grid,False,False,45.0,81.0
995,52.663316582914575,1.224931552278407,280.33517225473344,11.191272030696894,269.14390022403654,104.77343297933218,150.6401033427842,18,-31.53057430900004,-78.85847759150401,255.41353632211639,470,1.5024887349335636,56.59574468085107,-12.70839999089996,-34.89170000699994,9,3,3.0,4.0,55.0,grid,H3 TP3.0 ST4.0 RSI55 grid,False,False,62.0,101.0
995,52.663316582914575,1.224931552278407,280.33517225473344,11.191272030696894,269.14390022403654,104.77343297933218,150.6401033427842,18,-31.53057430900004,-78.85847759150401,255.41353632211639,470,1.5024887349335636,56.59574468085107,-12.70839999089996,-34.89170000699994,9,3,3.0,4.0,60.0,grid,H3 TP3.0 ST4.0 RSI60 grid,False,False,62.0,101.0
995,52.663316582914575,1.224931552278407,280.33517225473344,11.191272030696894,269.14390022403654,104.77343297933218,150.6401033427842,18,-31.53057430900004,-78.85847759150401,255.41353632211639,470,1.5024887349335636,56.59574468085107,-12.70839999089996,-34.89170000699994,9,3,3.0,4.0,,grid,H3 TP3.0 ST4.0 RSI∞ grid,False,False,62.0,101.0
999,53.35335335335335,1.2398046319059652,295.05642877348873,17.483715121616186,277.5727136518725,95.61233302043217,168.3857433531202,18,-37.55217421940003,-74.84289079611392,263.99807637355235,474,1.5215145961218828,57.383966244725734,-9.940600014099973,-35.318100007000005,9,3,3.0,6.0,50.0,grid,H3 TP3.0 ST6.0 RSI50 grid,False,False,44.0,80.0
990,52.92929292929293,1.2299464947827066,282.9205050774509,14.61565809827838,268.30484697917257,93.09163302133219,163.23857667952018,17,-29.22177421940002,-75.48768551702365,256.3302097008524,469,1.5065952922615602,56.929637526652456,-18.475599948899973,-40.47880000699998,8,3,3.0,6.0,55.0,grid,H3 TP3.0 ST6.0 RSI55 grid,False,False,58.0,97.0
990,52.92929292929293,1.2299464947827066,282.9205050774509,14.61565809827838,268.30484697917257,93.09163302133219,163.23857667952018,17,-29.22177421940002,-75.48768551702365,256.3302097008524,469,1.5065952922615602,56.929637526652456,-18.475599948899973,-40.47880000699998,8,3,3.0,6.0,60.0,grid,H3 TP3.0 ST6.0 RSI60 grid,False,False,58.0,97.0
990,52.92929292929293,1.2299464947827066,282.9205050774509,14.61565809827838,268.30484697917257,93.09163302133219,163.23857667952018,17,-29.22177421940002,-75.48768551702365,256.3302097008524,469,1.5065952922615602,56.929637526652456,-18.475599948899973,-40.47880000699998,8,3,3.0,6.0,,grid,H3 TP3.0 ST6.0 RSI∞ grid,False,False,58.0,97.0
998,53.50701402805611,1.2645509843768616,319.9880954595668,35.45378175354426,284.5343137060226,99.93483302043218,176.4398433531202,18,-35.58897421940001,-72.8796907961139,276.3746763735524,473,1.559646927163245,57.505285412262154,-9.940600014099973,-27.880400006999984,9,3,3.0,,50.0,grid,H3 TP3.0 ST∞ RSI50 grid,False,False,16.0,52.0
989,53.083923154701715,1.2515248360469233,304.954171763529,32.58572473020646,272.3684470333226,97.41413302133219,168.39467667952022,18,-27.2585742194,-71.03635749581392,265.8088097008524,468,1.5353570173831141,57.05128205128205,-18.475599948899973,-35.93910000699996,9,3,3.0,,55.0,grid,H3 TP3.0 ST∞ RSI55 grid,False,False,30.0,77.0
989,53.083923154701715,1.2515248360469233,304.954171763529,32.58572473020646,272.3684470333226,97.41413302133219,168.39467667952022,18,-27.2585742194,-71.03635749581392,265.8088097008524,468,1.5353570173831141,57.05128205128205,-18.475599948899973,-35.93910000699996,9,3,3.0,,60.0,grid,H3 TP3.0 ST∞ RSI60 grid,False,False,30.0,77.0
989,53.083923154701715,1.2515248360469233,304.954171763529,32.58572473020646,272.3684470333226,97.41413302133219,168.39467667952022,18,-27.2585742194,-71.03635749581392,265.8088097008524,468,1.5353570173831141,57.05128205128205,-18.475599948899973,-35.93910000699996,9,3,3.0,,,grid,H3 TP3.0 ST∞ RSI∞ grid,False,False,30.0,77.0
1035,47.149758454106276,1.2233406521395354,279.3290507566263,-7.846419087379478,287.17546984400576,127.45178985822484,136.74277340802797,18,-30.4857568869078,-88.85427018422696,264.1945632662528,486,1.5197482909765958,52.2633744855967,0.6138233375819254,-24.5119599836,10,3,5.0,2.0,50.0,grid,H3 TP5.0 ST2.0 RSI50 grid,False,False,65.0,79.0
1020,45.98039215686274,1.1837744668324854,231.06452193217035,-24.585474643194402,255.64999657536475,124.61722322608387,114.34186677152793,15,-27.691756886907807,-93.69426242898383,238.95908999761176,477,1.465848971567233,50.943396226415096,-1.406026601542055,-29.364626635100013,9,3,5.0,2.0,55.0,grid,H3 TP5.0 ST2.0 RSI55 grid,False,False,120.0,141.0
1019,46.025515210991166,1.18687553008485,235.09052195667033,-23.4421413212944,258.53266327796473,125.66322322608386,117.34186677152793,15,-27.691756886907807,-89.37759580548385,243.0050899976118,476,1.4737513957210389,51.05042016806722,-0.3600266015420508,-29.364626635100013,9,3,5.0,2.0,60.0,grid,H3 TP5.0 ST2.0 RSI60 grid,False,False,110.5,128.5
1019,46.025515210991166,1.18687553008485,235.09052195667033,-23.4421413212944,258.53266327796473,125.66322322608386,117.34186677152793,15,-27.691756886907807,-89.37759580548385,243.0050899976118,476,1.4737513957210389,51.05042016806722,-0.3600266015420508,-29.364626635100013,9,3,5.0,2.0,,grid,H3 TP5.0 ST2.0 RSI∞ grid,False,False,110.5,128.5
987,50.75987841945289,1.2624823914214185,324.2590168786711,30.804860505702823,293.45415637296827,128.2568597488949,162.04978669643992,16,-36.52915742762205,-87.10010577257205,290.3066464453348,465,1.5823914082679054,55.91397849462365,-3.8906900141000604,-27.786573325600028,9,3,5.0,3.0,50.0,grid,H3 TP5.0 ST3.0 RSI50 grid,False,False,12.0,16.0
972,49.691358024691354,1.2198250759651805,273.07843481323414,2.788671607887876,270.2897632053463,115.5552265257729,155.16202675193995,17,-35.43915742762205,-83.16437238207202,270.7172532777128,456,1.5472256171172798,55.04385964912281,-13.061439948900055,-28.853239977100024,9,3,5.0,3.0,55.0,grid,H3 TP5.0 ST3.0 RSI55 grid,False,False,72.0,73.0
971,49.742533470648816,1.2240053162109783,278.2677681351342,3.93200492978789,274.33576320534627,116.60122652577292,158.16202675193995,17,-35.43915742762205,-78.84770575857199,274.76325327771286,455,1.5554221316707149,55.16483516483517,-12.015439948900053,-28.853239977100024,9,3,5.0,3.0,60.0,grid,H3 TP5.0 ST3.0 RSI60 grid,False,False,67.5,59.5
971,49.742533470648816,1.2240053162109783,278.2677681351342,3.93200492978789,274.33576320534627,116.60122652577292,158.16202675193995,17,-35.43915742762205,-78.84770575857199,274.76325327771286,455,1.5554221316707149,55.16483516483517,-12.015439948900053,-28.853239977100024,9,3,5.0,3.0,,grid,H3 TP5.0 ST3.0 RSI∞ grid,False,False,67.5,59.5
974,51.437371663244356,1.2284349073496121,283.8505252689329,10.908755523055355,272.94176974587754,118.231949747875,155.63209338246406,16,-38.101640910134556,-107.66409418508462,273.8640431303391,459,1.549748919935693,56.209150326797385,-6.724250014100029,-28.893999946240008,9,3,5.0,4.0,50.0,grid,H3 TP5.0 ST4.0 RSI50 grid,False,False,54.0,62.0
960,50.520833333333336,1.1879739621077883,235.05696988975293,-18.07563334560958,253.13260323536252,109.16578318186004,148.46409343796404,16,-37.01164091013456,-101.05076087698467,257.62987661982413,451,1.5180218046552885,55.654101995565405,-14.295499948900012,-29.42399994624001,9,3,5.0,4.0,55.0,grid,H3 TP5.0 ST4.0 RSI55 grid,False,False,112.0,91.0
959,50.573514077163715,1.1921263060334366,240.24630321165296,-16.93230002370958,257.1786032353625,110.21178318186001,151.46409343796404,16,-37.01164091013456,-96.73409425348464,261.6758766198241,450,1.5261741096743382,55.77777777777778,-13.24949994890001,-29.42399994624001,9,3,5.0,4.0,60.0,grid,H3 TP5.0 ST4.0 RSI60 grid,False,False,106.5,83.5
959,50.573514077163715,1.1921263060334366,240.24630321165296,-16.93230002370958,257.1786032353625,110.21178318186001,151.46409343796404,16,-37.01164091013456,-96.73409425348464,261.6758766198241,450,1.5261741096743382,55.77777777777778,-13.24949994890001,-29.42399994624001,9,3,5.0,4.0,,grid,H3 TP5.0 ST4.0 RSI∞ grid,False,False,106.5,83.5
971,51.8022657054583,1.2324154896764377,286.1607246332949,9.660808174281291,276.4999164590136,112.31734974787501,162.09256671920008,17,-34.346174182800056,-100.48550750575005,274.40991646707505,458,1.5549563559679356,56.55021834061136,-6.724250014100029,-33.23630000000002,9,3,5.0,6.0,50.0,grid,H3 TP5.0 ST6.0 RSI50 grid,False,False,51.0,61.0
956,50.836820083682014,1.194488136642945,240.56983590851502,-15.5009140399836,256.0707499484986,103.25118318186004,154.30456677470008,16,-33.25617418280005,-93.24550754325006,257.55574995656013,450,1.5210903171169812,56.00000000000001,-14.295499948900012,-29.080799951999985,9,3,5.0,6.0,55.0,grid,H3 TP5.0 ST6.0 RSI55 grid,False,False,104.0,92.0
955,50.890052356020945,1.1986860113995028,245.759169230415,-14.357580718083593,260.11674994849864,104.29718318186004,157.30456677470008,16,-33.25617418280005,-88.92884091975004,261.60174995656007,449,1.5292933736507313,56.12472160356348,-13.24949994890001,-29.080799951999985,9,3,5.0,6.0,60.0,grid,H3 TP5.0 ST6.0 RSI60 grid,False,False,95.5,85.5
955,50.890052356020945,1.1986860113995028,245.759169230415,-14.357580718083593,260.11674994849864,104.29718318186004,157.30456677470008,16,-33.25617418280005,-88.92884091975004,261.60174995656007,449,1.5292933736507313,56.12472160356348,-13.24949994890001,-29.080799951999985,9,3,5.0,6.0,,grid,H3 TP5.0 ST6.0 RSI∞ grid,False,False,95.5,85.5
970,51.958762886597945,1.2586530709352115,313.224391319373,29.762874806209375,283.46151651316364,116.639849747875,170.14666671920014,16,-32.38297418280003,-99.11030750575003,286.78651646707516,457,1.5948760609154011,56.67396061269147,-6.724250014100029,-27.459999951999983,9,3,5.0,,50.0,grid,H3 TP5.0 ST∞ RSI50 grid,False,False,21.0,24.0
955,50.994764397905755,1.217072344286695,264.7355025945931,4.6011525919444916,260.1343500026486,107.57368318186005,159.46066677470012,16,-31.29297418280003,-91.87030754325004,267.03434995656016,449,1.5508309641762321,56.12472160356348,-14.295499948900012,-28.609999951999985,9,3,5.0,,55.0,grid,H3 TP5.0 ST∞ RSI55 grid,False,False,80.0,75.0
954,51.0482180293501,1.2213302902492942,269.92483591649307,5.744485913844497,264.18035000264865,108.61968318186001,162.46066677470012,16,-31.29297418280003,-87.55364091975002,271.08034995656016,448,1.5591953953276578,56.25,-13.24949994890001,-28.609999951999985,9,3,5.0,,60.0,grid,H3 TP5.0 ST∞ RSI60 grid,False,False,73.5,71.5
954,51.0482180293501,1.2213302902492942,269.92483591649307,5.744485913844497,264.18035000264865,108.61968318186001,162.46066677470012,16,-31.29297418280003,-87.55364091975002,271.08034995656016,448,1.5591953953276578,56.25,-13.24949994890001,-28.609999951999985,9,3,5.0,,,grid,H3 TP5.0 ST∞ RSI∞ grid,False,False,73.5,71.5
1032,47.093023255813954,1.211137742061714,263.4614342780096,-7.933785524360093,271.39521980236975,121.9710398304089,131.00027337914793,17,-28.32835999675001,-89.12202884991444,252.97131320955683,485,1.497572834864757,52.164948453608254,-8.063526662418077,-27.261766636884,9,3,7.0,2.0,50.0,grid,H3 TP7.0 ST2.0 RSI50 grid,False,False,83.0,109.0
1016,45.86614173228347,1.1932988648552587,243.16100555792366,-8.154857734704995,251.31586329262868,123.81892319826784,119.72036674264788,17,-28.32835999675001,-93.1135288260344,243.53928994091572,475,1.4746872556504702,50.73684210526316,-10.617126601542072,-30.679846636884008,9,3,7.0,2.0,55.0,grid,H3 TP7.0 ST2.0 RSI55 grid,False,False,98.0,126.0
1015,45.91133004926108,1.193257468589047,243.10583885575375,-10.318024436874945,253.42386329262865,126.99492319826787,120.56036674264789,17,-28.32835999675001,-95.77652887860434,247.5552899409157,474,1.482529968965367,50.84388185654009,-8.601126601542067,-30.679846636884008,9,3,7.0,2.0,60.0,grid,H3 TP7.0 ST2.0 RSI60 grid,False,False,99.5,116.5
1015,45.91133004926108,1.193257468589047,243.10583885575375,-10.318024436874945,253.42386329262865,126.99492319826787,120.56036674264789,17,-28.32835999675001,-95.77652887860434,247.5552899409157,474,1.482529968965367,50.84388185654009,-8.601126601542067,-30.679846636884008,9,3,7.0,2.0,,grid,H3 TP7.0 ST2.0 RSI∞ grid,False,False,99.5,116.5
985,50.76142131979695,1.2642349895654967,325.26120013033,33.40322714545275,291.8579729848772,132.0013763890639,160.42908665311992,17,-36.34915742762205,-94.34510574807206,292.43046304218376,464,1.5917950644120389,56.03448275862068,-6.006940014100059,-27.786573325600028,9,3,7.0,3.0,50.0,grid,H3 TP7.0 ST3.0 RSI50 grid,False,False,11.0,11.0
968,49.89669421487603,1.2561997205564384,315.22740982672804,17.885371593107827,297.3420382336202,123.9940264979569,164.6623267086199,17,-34.629157427622054,-89.77937235757202,288.6563532065768,454,1.588642109415225,55.06607929515418,-15.711439948900066,-28.853239977100024,9,3,7.0,3.0,55.0,grid,H3 TP7.0 ST3.0 RSI55 grid,False,False,19.0,21.0
966,50.0,1.269974011751949,332.13044297655813,30.52220474293789,301.6082382336202,127.1700264979569,165.5023267086199,18,-34.629157427622054,-84.52237241014197,292.67235320657676,453,1.596851206471775,55.18763796909493,-13.695439948900061,-28.853239977100024,9,3,7.0,3.0,60.0,grid,H3 TP7.0 ST3.0 RSI60 grid,False,False,3.5,9.5
966,50.0,1.269974011751949,332.13044297655813,30.52220474293789,301.6082382336202,127.1700264979569,165.5023267086199,18,-34.629157427622054,-84.52237241014197,292.67235320657676,453,1.596851206471775,55.18763796909493,-13.695439948900061,-28.853239977100024,9,3,7.0,3.0,,grid,H3 TP7.0 ST3.0 RSI∞ grid,False,False,3.5,9.5
972,51.440329218106996,1.2328423308921341,288.2687918527117,18.095872162805225,270.1729196899065,120.68246638804406,154.13272667126398,17,-37.921640910134556,-109.83409416058464,274.81519305930806,458,1.5566342858454023,56.33187772925764,-10.134500014100023,-32.61619999999996,9,3,7.0,4.0,50.0,grid,H3 TP7.0 ST4.0 RSI50 grid,False,False,50.0,57.0
957,50.67920585161965,1.2289345465577846,283.42735322271676,2.8748166269602864,280.5525365957564,117.49058315404405,158.08572672676397,17,-36.20164091013456,-100.85076085248465,275.57630988080797,450,1.5591136079168113,55.77777777777778,-18.25949994890002,-29.42399994624001,9,3,7.0,4.0,55.0,grid,H3 TP7.0 ST4.0 RSI55 grid,False,False,55.0,56.0
955,50.78534031413613,1.241435431979193,298.8637197205468,14.044983124790352,284.8187365957565,120.66658315404405,158.92572672676397,17,-36.20164091013456,-95.5937609050546,279.592309880808,449,1.5672800393281296,55.90200445434298,-16.24349994890002,-29.42399994624001,9,3,7.0,4.0,60.0,grid,H3 TP7.0 ST4.0 RSI60 grid,False,False,36.5,42.5
955,50.78534031413613,1.241435431979193,298.8637197205468,14.044983124790352,284.8187365957565,120.66658315404405,158.92572672676397,17,-36.20164091013456,-95.5937609050546,279.592309880808,449,1.5672800393281296,55.90200445434298,-16.24349994890002,-29.42399994624001,9,3,7.0,4.0,,grid,H3 TP7.0 ST4.0 RSI∞ grid,False,False,36.5,42.5
969,51.80598555211559,1.2360198963581774,289.5149912170737,17.88392481403118,271.63106640304255,114.76786638804404,158.493200008,17,-34.16617418280005,-102.65550748125007,273.26106639604404,457,1.5576553506866773,56.67396061269147,-10.134500014100023,-38.2033,9,3,7.0,6.0,50.0,grid,H3 TP7.0 ST6.0 RSI50 grid,False,False,48.0,67.0
954,50.943396226415096,1.2302951382351712,283.0815525750788,6.458869266186265,276.62268330889253,111.57598315404404,161.82620006349998,17,-32.44617418280005,-93.07217418515008,273.402183217544,449,1.5581802669303872,56.12472160356348,-18.25949994890002,-30.720300000000048,9,3,7.0,6.0,55.0,grid,H3 TP7.0 ST6.0 RSI55 grid,False,False,56.0,63.0
952,51.05042016806722,1.240716170986859,295.85125243290884,14.962369124016323,280.8888833088925,114.75198315404404,162.66620006349999,17,-32.44617418280005,-90.48184087772003,277.418183217544,448,1.5663978691432612,56.25,-16.24349994890002,-30.720300000000048,9,3,7.0,6.0,60.0,grid,H3 TP7.0 ST6.0 RSI60 grid,False,False,42.5,49.5
952,51.05042016806722,1.240716170986859,295.85125243290884,14.962369124016323,280.8888833088925,114.75198315404404,162.66620006349999,17,-32.44617418280005,-90.48184087772003,277.418183217544,448,1.5663978691432612,56.25,-16.24349994890002,-30.720300000000048,9,3,7.0,6.0,,grid,H3 TP7.0 ST6.0 RSI∞ grid,False,False,42.5,49.5
968,52.066115702479344,1.272796822089947,328.11165790315187,49.51899144595928,278.59266645719254,119.09036638804405,166.54730000800006,17,-32.20297418280003,-101.28030748125005,285.6376663960441,456,1.5980171869127116,56.79824561403509,-10.134500014100023,-30.511999999999954,9,3,7.0,,50.0,grid,H3 TP7.0 ST∞ RSI50 grid,False,False,10.0,30.0
953,51.20671563483735,1.263841908006438,318.7802192611569,38.09393589811438,280.6862833630425,115.89848315404404,166.98230006350002,17,-30.482974182800028,-91.69697418515004,282.88078321754404,448,1.588928564083635,56.25,-18.25949994890002,-30.294,9,3,7.0,,55.0,grid,H3 TP7.0 ST∞ RSI55 grid,False,False,18.0,33.0
951,51.31440588853838,1.2744485956353704,331.54991911898696,46.59743575594444,284.9524833630425,119.07448315404405,167.82230006350002,17,-30.482974182800028,-89.10664087772,286.896783217544,447,1.597309357741911,56.375838926174495,-16.24349994890002,-30.294,9,3,7.0,,60.0,grid,H3 TP7.0 ST∞ RSI60 grid,False,False,6.5,22.5
951,51.31440588853838,1.2744485956353704,331.54991911898696,46.59743575594444,284.9524833630425,119.07448315404405,167.82230006350002,17,-30.482974182800028,-89.10664087772,286.896783217544,447,1.597309357741911,56.375838926174495,-16.24349994890002,-30.294,9,3,7.0,,,grid,H3 TP7.0 ST∞ RSI∞ grid,False,False,6.5,22.5
1031,47.041707080504366,1.2135106722667455,266.42241884265655,-10.982200938449122,277.40461978110574,122.10343982504492,135.2872733791479,17,-29.373938723727385,-92.61417758840346,257.3907132041928,484,1.50626541488829,52.066115702479344,-8.063526662418077,-27.261766636884026,9,3,10.0,2.0,50.0,grid,H3 TP10.0 ST2.0 RSI50 grid,False,False,76.0,93.0
1015,45.812807881773395,1.202164163578789,254.31314012322062,-9.560923148144045,263.87406327136466,126.02312319290388,127.10736674264786,17,-29.36993872372739,-100.02567756452343,253.13048993555176,474,1.4933816536055318,50.63291139240506,-10.617126601542072,-30.67984663688403,9,3,10.0,2.0,55.0,grid,H3 TP10.0 ST2.0 RSI55 grid,False,False,89.0,108.0
1014,45.857988165680474,1.2020384826739747,254.1518067591206,-11.830256512244025,265.98206327136467,129.1991231929039,127.94736674264786,17,-29.36993872372739,-103.16234427902343,257.14648993555176,473,1.5012249499405543,50.7399577167019,-8.601126601542067,-30.679846636883983,9,3,10.0,2.0,60.0,grid,H3 TP10.0 ST2.0 RSI60 grid,False,False,90.0,94.5
1014,45.857988165680474,1.202687693453303,254.96847341762063,-11.013589853744014,265.98206327136467,129.1991231929039,127.94736674264786,17,-29.36993872372739,-102.3456776205234,257.14648993555176,473,1.5012249499405543,50.7399577167019,-8.601126601542067,-30.679846636883983,9,3,10.0,2.0,,grid,H3 TP10.0 ST2.0 RSI∞ grid,False,False,87.0,94.5
983,50.76297049847406,1.2705064431626945,331.9173334493659,36.655860469852755,295.2614729795132,131.60777638369996,164.2261866531199,17,-36.34915742762205,-96.74510574807206,295.83396303681985,462,1.6034853322022788,56.060606060606055,-6.006940014100059,-27.786573325600028,9,3,10.0,3.0,50.0,grid,H3 TP10.0 ST3.0 RSI50 grid,True,False,5.0,6.0
966,49.896480331262936,1.2623347627655588,321.744343146414,14.450004918157807,307.29433822825615,125.6722264925929,171.55942670861987,17,-38.04915742762205,-95.59937235757201,297.23165320121274,452,1.6110292091472946,55.088495575221245,-15.711439948900066,-28.853239977100024,9,3,10.0,3.0,55.0,grid,H3 TP10.0 ST3.0 RSI55 grid,False,False,14.0,4.0
964,50.0,1.2789752541712556,342.10700963431407,26.980671406057837,315.1263382282562,128.84822649259291,172.39942670861987,18,-38.04915742762205,-90.81603907207202,301.2476532012128,451,1.6193054068420192,55.210643015521065,-13.695439948900061,-28.853239977100024,9,3,10.0,3.0,60.0,grid,H3 TP10.0 ST3.0 RSI60 grid,False,False,2.0,1.5
964,50.0,1.2796412147689988,342.9236762928141,27.79733806455785,315.1263382282562,128.84822649259291,172.39942670861987,18,-38.04915742762205,-89.99937241357199,301.2476532012128,451,1.6193054068420192,55.210643015521065,-13.695439948900061,-28.853239977100024,9,3,10.0,3.0,,grid,H3 TP10.0 ST3.0 RSI∞ grid,False,False,1.0,1.5
970,51.44329896907216,1.240295100645143,296.2357251717477,21.348505487205234,274.88721968454246,120.28886638268007,159.24062667126395,18,-37.921640910134556,-112.23409416058465,279.529493053944,456,1.5722604555261601,56.35964912280702,-10.134500014100023,-32.61619999999996,9,3,10.0,4.0,50.0,grid,H3 TP10.0 ST4.0 RSI50 grid,False,False,40.0,44.0
955,50.680628272251305,1.2362578715635515,291.2550865424027,-0.5605500479897076,291.81563659039244,119.16878314868005,166.29362672676396,18,-39.62164091013456,-106.67076085248463,285.46240987544405,448,1.585398797842432,55.80357142857143,-18.25949994890002,-29.42399994624001,9,3,10.0,4.0,55.0,grid,H3 TP10.0 ST4.0 RSI55 grid,False,False,46.0,31.0
953,50.78698845750262,1.2516196528046275,310.1510863783028,10.503449787910311,299.6476365903925,122.34478314868007,167.13362672676396,18,-39.62164091013456,-101.88742756698463,289.47840987544396,447,1.5936539021192218,55.92841163310962,-16.24349994890002,-29.42399994624001,9,3,10.0,4.0,60.0,grid,H3 TP10.0 ST4.0 RSI60 grid,False,False,26.0,18.5
953,50.78698845750262,1.2522821988671562,310.9677530368028,11.320116446410323,299.6476365903925,122.34478314868007,167.13362672676396,18,-39.62164091013456,-101.07076090848462,289.47840987544396,447,1.5936539021192218,55.92841163310962,-16.24349994890002,-29.42399994624001,9,3,10.0,4.0,,grid,H3 TP10.0 ST4.0 RSI∞ grid,False,False,24.0,18.5
967,51.706308169596696,1.2413952734605171,296.1087245361097,21.13655813843119,274.9721663976785,114.37426638268006,162.22790000799998,18,-34.16617418280005,-105.05550748125007,276.60216639068005,455,1.5644736739617815,56.48351648351648,-10.134500014100023,-38.2033,9,3,10.0,6.0,50.0,grid,H3 TP10.0 ST6.0 RSI50 grid,False,False,41.0,51.0
952,50.84033613445378,1.2355460902296727,289.53608589476477,3.0235025912362676,286.51258330352846,113.25418314868004,168.66090006349998,18,-35.86617418280005,-98.89217418515008,281.91508321218,447,1.575560277343752,55.92841163310962,-18.25949994890002,-30.720300000000048,9,3,10.0,6.0,55.0,grid,H3 TP10.0 ST6.0 RSI55 grid,False,False,47.0,34.0
950,50.94736842105263,1.2487827254352701,305.7654190906648,11.420835787136282,294.3445833035285,116.43018314868007,169.50090006349998,18,-35.86617418280005,-96.77550753965006,285.93108321217994,446,1.5837784473060503,56.05381165919282,-16.24349994890002,-30.720300000000048,9,3,10.0,6.0,60.0,grid,H3 TP10.0 ST6.0 RSI60 grid,False,False,28.0,26.5
950,50.94736842105263,1.2494471974271584,306.5820857491648,12.237502445636293,294.3445833035285,116.43018314868007,169.50090006349998,18,-35.86617418280005,-95.95884088115007,285.93108321217994,446,1.5837784473060503,56.05381165919282,-16.24349994890002,-30.720300000000048,9,3,10.0,6.0,,grid,H3 TP10.0 ST6.0 RSI∞ grid,False,False,27.0,26.5
966,51.86335403726709,1.267493226328398,322.2943912221878,40.360624770359266,281.93376645182855,118.69676638268007,170.282000008,18,-32.20297418280003,-103.68030748125003,288.97876639068005,454,1.6050121860148816,56.6079295154185,-10.134500014100023,-30.511999999999954,9,3,10.0,,50.0,grid,H3 TP10.0 ST∞ RSI50 grid,False,False,13.0,20.0
951,50.998948475289176,1.2584627427790211,312.8237525808429,22.247569223164344,290.5761833576785,117.57668314868005,173.8170000635,18,-33.90297418280003,-97.51697418515005,291.39368321218006,446,1.606651542339719,56.05381165919282,-18.25949994890002,-30.294,9,3,10.0,,55.0,grid,H3 TP10.0 ST∞ RSI55 grid,False,False,22.0,14.0
949,51.106427818756586,1.2719091136088638,329.05308577674293,30.64490241906438,298.40818335767847,120.75268314868005,174.6570000635,18,-33.90297418280003,-95.40030753965006,295.4096832121801,445,1.6150329263762149,56.17977528089888,-16.24349994890002,-30.294,9,3,10.0,,60.0,grid,H3 TP10.0 ST∞ RSI60 grid,False,False,9.0,7.5
949,51.106427818756586,1.2725839564133388,329.86975243524296,31.46156907756439,298.40818335767847,120.75268314868005,174.6570000635,18,-33.90297418280003,-94.58364088115003,295.4096832121801,445,1.6150329263762149,56.17977528089888,-16.24349994890002,-30.294,9,3,10.0,,,grid,H3 TP10.0 ST∞ RSI∞ grid,False,False,8.0,7.5
1031,47.041707080504366,1.212980146120174,265.7604188698765,-10.982200938449122,276.7426198083256,127.17143983336487,131.4472733791479,17,-29.373938723727385,-92.61417758840346,258.6187132125128,484,1.5086807853807045,52.066115702479344,-8.063526662418077,-27.26176663688398,9,3,,2.0,50.0,grid,H3 TP∞ ST2.0 RSI50 grid,False,False,77.0,89.0
1015,45.812807881773395,1.1860602311658124,234.05514015044056,-17.260923148144045,251.31606329858457,122.35512320122382,120.10736674264784,17,-29.36993872372739,-100.02567756452343,242.46248994387165,474,1.4725884434399015,50.63291139240506,-10.617126601542072,-30.679846636884008,9,3,,2.0,55.0,grid,H3 TP∞ ST2.0 RSI55 grid,False,False,113.0,132.0
1013,45.90325765054294,1.1910982689640717,240.12980678634057,-14.354256512244032,254.4840632985846,125.53112320122383,122.00736674264786,17,-29.36993872372739,-103.16234427902343,247.53848994387164,472,1.4837796672994032,50.847457627118644,-8.601126601542067,-30.679846636884008,9,3,,2.0,60.0,grid,H3 TP∞ ST2.0 RSI60 grid,False,False,108.0,118.5
1013,45.90325765054294,1.1917481823873517,240.9464734448406,-13.53758985374402,254.4840632985846,125.53112320122383,122.00736674264786,17,-29.36993872372739,-102.3456776205234,247.53848994387164,472,1.4837796672994032,50.847457627118644,-8.601126601542067,-30.679846636884008,9,3,,2.0,,grid,H3 TP∞ ST2.0 RSI∞ grid,False,False,103.0,118.5
983,50.76297049847406,1.2607470412629533,319.9423334576859,23.452860469852745,296.48947298783315,136.67577639201986,160.3861866531199,17,-36.34915742762205,-96.74510574807206,297.0619630451398,462,1.605990386001234,56.060606060606055,-6.006940014100059,-27.786573325600028,9,3,,3.0,50.0,grid,H3 TP∞ ST3.0 RSI50 grid,False,False,17.0,5.0
966,49.896480331262936,1.2428715048926944,297.8733431547339,1.247004918157804,296.62633823657615,122.00422650091285,164.55942670861987,17,-38.04915742762205,-95.59937235757201,286.56365320953273,452,1.5890986390754493,55.088495575221245,-15.711439948900066,-28.853239977100024,9,3,,3.0,55.0,grid,H3 TP∞ ST3.0 RSI55 grid,False,False,39.0,25.0
963,50.05192107995846,1.2541237314292852,311.2860097146339,6.853671478057816,304.43233823657613,125.18022650091287,166.45942670861984,18,-38.04915742762205,-90.81603907207202,291.6396532095327,450,1.6012342500371388,55.333333333333336,-13.695439948900061,-28.853239977100024,9,3,,3.0,60.0,grid,H3 TP∞ ST3.0 RSI60 grid,False,False,23.0,12.5
963,50.05192107995846,1.2565537848684765,314.2626763731339,7.670338136557827,306.59233823657615,125.18022650091287,166.45942670861984,18,-38.04915742762205,-89.99937241357199,291.6396532095327,450,1.6012342500371388,55.333333333333336,-13.695439948900061,-28.853239977100024,9,3,,3.0,,grid,H3 TP∞ ST3.0 RSI∞ grid,False,False,20.0,12.5
970,51.44329896907216,1.2305814382347162,284.26072518006765,8.145505487205227,276.1152196928624,125.35686639100001,155.40062667126395,17,-37.921640910134556,-112.23409416058465,280.75749306226396,456,1.5747744508705146,56.35964912280702,-10.134500014100023,-32.61619999999996,9,3,,4.0,50.0,grid,H3 TP∞ ST4.0 RSI50 grid,False,False,52.0,36.0
955,50.680628272251305,1.2168943929130014,267.38408655072266,-13.76355004798972,281.1476365987124,115.50078315699999,159.29362672676396,17,-39.62164091013456,-106.67076085248463,274.79440988376393,448,1.563521891621268,55.80357142857143,-18.25949994890002,-29.42399994624001,9,3,,4.0,55.0,grid,H3 TP∞ ST4.0 RSI55 grid,False,False,75.0,58.0
952,50.84033613445378,1.226865474431964,279.33008645862265,-9.623550140089705,288.95363659871236,118.67678315699999,161.19362672676394,17,-39.62164091013456,-101.88742756698463,279.8704098837639,446,1.5755553469719843,56.05381165919282,-16.24349994890002,-29.42399994624001,9,3,,4.0,60.0,grid,H3 TP∞ ST4.0 RSI60 grid,False,False,64.0,39.5
952,50.84033613445378,1.2292830546585267,282.3067531171227,-8.806883481589693,291.1136365987124,118.67678315699999,161.19362672676394,17,-39.62164091013456,-101.07076090848462,279.8704098837639,446,1.5755553469719843,56.05381165919282,-16.24349994890002,-29.42399994624001,9,3,,4.0,,grid,H3 TP∞ ST4.0 RSI∞ grid,False,False,60.0,39.5
967,51.706308169596696,1.2316329525352896,284.13372454442964,7.933558138431179,276.20016640599846,119.44226639100002,158.387900008,17,-34.16617418280005,-105.05550748125007,277.830166399,455,1.566979705224539,56.48351648351648,-10.134500014100023,-38.2033,9,3,,6.0,50.0,grid,H3 TP∞ ST6.0 RSI50 grid,False,False,53.0,48.0
952,50.84033613445378,1.216126332238068,265.6650859030847,-10.179497408763739,275.84458331184845,109.586183157,161.66090006349995,17,-35.86617418280005,-98.89217418515008,271.2470832204999,447,1.553780396097408,55.92841163310962,-18.25949994890002,-30.720300000000048,9,3,,6.0,55.0,grid,H3 TP∞ ST6.0 RSI55 grid,False,False,78.0,69.0
949,51.00105374077977,1.22395336771543,274.94441917098465,-8.706164140863729,283.65058331184844,112.762183157,163.56090006349996,17,-35.86617418280005,-96.77550753965006,276.32308322049994,445,1.5657328888057052,56.17977528089888,-16.24349994890002,-30.720300000000048,9,3,,6.0,60.0,grid,H3 TP∞ ST6.0 RSI60 grid,False,False,71.0,53.5
949,51.00105374077977,1.2263779832968167,277.9210858294847,-7.8894974823637165,285.81058331184846,112.762183157,163.56090006349996,17,-35.86617418280005,-95.95884088115007,276.32308322049994,445,1.5657328888057052,56.17977528089888,-16.24349994890002,-30.720300000000048,9,3,,6.0,,grid,H3 TP∞ ST6.0 RSI∞ grid,False,False,69.0,53.5
966,51.86335403726709,1.2575543894441756,310.31939123050773,27.157624770359263,283.1617664601485,123.76476639100001,166.442000008,17,-32.20297418280003,-103.68030748125003,290.206766399,454,1.607583153351823,56.6079295154185,-10.134500014100023,-30.511999999999954,9,3,,,50.0,grid,H3 TP∞ ST∞ RSI50 grid,False,False,25.0,17.0
951,50.998948475289176,1.2387399305570395,288.95275258916274,9.04456922316435,279.90818336599847,113.908683157,166.81700006349996,17,-33.90297418280003,-97.51697418515005,280.7256832205,446,1.5844418685496378,56.05381165919282,-18.25949994890002,-30.294,9,3,,,55.0,grid,H3 TP∞ ST∞ RSI55 grid,False,False,49.0,37.0
948,51.16033755274262,1.2467178123583047,298.23208585706277,10.51790249106436,287.71418336599845,117.08468315699999,168.71700006349997,17,-33.90297418280003,-95.40030753965006,285.80168322049997,444,1.5967189909369346,56.30630630630631,-16.24349994890002,-30.294,9,3,,,60.0,grid,H3 TP∞ ST∞ RSI60 grid,False,False,38.0,28.5
948,51.16033755274262,1.2491803129440298,301.2087525155628,11.334569149564372,289.8741833659985,117.08468315699999,168.71700006349997,17,-33.90297418280003,-94.58364088115003,285.80168322049997,444,1.5967189909369346,56.30630630630631,-16.24349994890002,-30.294,9,3,,,,grid,H3 TP∞ ST∞ RSI∞ grid,False,False,35.0,28.5
991,45.50958627648839,1.134031176367656,177.32423575968974,-18.453411312308255,195.77764707199796,64.33892311548502,121.92466908103502,19,-30.789679887620093,-84.6362257823405,186.26359219652,461,1.3342898902947773,49.240780911062906,-0.6707600255999874,-26.95690669780001,9,4,3.0,2.0,50.0,grid,H4 TP3.0 ST2.0 RSI50 grid,False,False,192.0,266.0
968,44.421487603305785,1.1240953180534394,163.31999974461942,-19.79080731501553,183.11080705963496,59.11282306155502,113.76342914353502,19,-31.13883665457723,-89.47392146853021,172.87625220509003,448,1.3125442829471983,47.767857142857146,-1.7838667283729845,-35.20157996170001,9,4,3.0,2.0,55.0,grid,H4 TP3.0 ST2.0 RSI55 grid,False,False,217.0,309.0
968,44.421487603305785,1.1244576046548378,163.79679974461942,-19.79080731501553,183.58760705963496,59.58962306155502,113.76342914353502,19,-31.13883665457723,-89.47392146853021,173.35305220509005,448,1.3134062932708164,47.767857142857146,-1.3070667283729818,-35.20157996170001,9,4,3.0,2.0,60.0,grid,H4 TP3.0 ST2.0 RSI60 grid,False,False,215.5,303.5
968,44.421487603305785,1.1244576046548378,163.79679974461942,-19.79080731501553,183.58760705963496,59.58962306155502,113.76342914353502,19,-31.13883665457723,-89.47392146853021,173.35305220509005,448,1.3134062932708164,47.767857142857146,-1.3070667283729818,-35.20157996170001,9,4,3.0,2.0,,grid,H4 TP3.0 ST2.0 RSI∞ grid,False,False,215.5,303.5
921,49.8371335504886,1.1726802436596966,221.6531470790148,1.4293617392745277,220.22378533974023,85.45095968330912,140.63641590097308,16,-33.76190361222202,-92.15993100311603,226.08737558428217,429,1.4296881373219466,53.613053613053616,-6.522040025600019,-28.933740000000014,9,4,3.0,3.0,50.0,grid,H4 TP3.0 ST3.0 RSI50 grid,False,False,126.0,167.0
906,48.675496688741724,1.172207754195012,219.31576604034245,0.12307410676719446,219.19269193357522,85.92065956197712,138.41512263707307,16,-36.212670267222016,-99.42856437956604,224.33578219905021,422,1.4308187130818477,52.13270142180095,-2.3110400256000307,-35.51453997200002,9,4,3.0,3.0,55.0,grid,H4 TP3.0 ST3.0 RSI55 grid,False,False,133.0,170.0
906,48.675496688741724,1.1725821397610048,219.79256604034245,0.12307410676719446,219.66949193357522,86.39745956197712,138.41512263707307,16,-36.212670267222016,-99.42856437956604,224.8125821990502,422,1.4317343688920081,52.13270142180095,-2.3110400256000307,-35.51453997200002,9,4,3.0,3.0,60.0,grid,H4 TP3.0 ST3.0 RSI60 grid,False,False,129.5,168.5
906,48.675496688741724,1.1725821397610048,219.79256604034245,0.12307410676719446,219.66949193357522,86.39745956197712,138.41512263707307,16,-36.212670267222016,-99.42856437956604,224.8125821990502,422,1.4317343688920081,52.13270142180095,-2.3110400256000307,-35.51453997200002,9,4,3.0,3.0,,grid,H4 TP3.0 ST3.0 RSI∞ grid,False,False,129.5,168.5
902,50.22172949002217,1.1289728370614616,167.16385590533946,-12.505111341190851,179.66896724653031,58.61931660129805,125.50228916134918,16,-40.05092048540001,-113.63075701685399,184.12160576264722,420,1.3411176880860671,53.333333333333336,-16.994799989900034,-30.462000000000025,9,4,3.0,4.0,50.0,grid,H4 TP3.0 ST4.0 RSI50 grid,False,False,208.0,271.0
886,48.98419864559819,1.1184143504213147,152.62672657396715,-16.20122397369819,168.82795054766532,46.567883187266055,125.9922058974492,15,-44.67848714040002,-120.92839039330399,172.56008908471526,412,1.3226756921032035,51.69902912621359,-23.441599989900023,-40.499649816800016,8,4,3.0,4.0,55.0,grid,H4 TP3.0 ST4.0 RSI55 grid,False,False,237.0,313.0
886,48.98419864559819,1.1187842722793553,153.10352657396714,-16.20122397369819,169.30475054766532,47.04468318726605,125.9922058974492,15,-44.67848714040002,-120.92839039330399,173.03688908471526,412,1.3235672758454864,51.69902912621359,-23.441599989900023,-40.499649816800016,8,4,3.0,4.0,60.0,grid,H4 TP3.0 ST4.0 RSI60 grid,False,False,235.5,307.5
886,48.98419864559819,1.1187842722793553,153.10352657396714,-16.20122397369819,169.30475054766532,47.04468318726605,125.9922058974492,15,-44.67848714040002,-120.92839039330399,173.03688908471526,412,1.3235672758454864,51.69902912621359,-23.441599989900023,-40.499649816800016,8,4,3.0,4.0,,grid,H4 TP3.0 ST4.0 RSI∞ grid,False,False,235.5,307.5
892,51.12107623318386,1.1488260734932763,189.9998727432678,1.304642157501413,188.6952305857664,51.85431659649812,151.47196243908516,15,-53.489320395800014,-107.75485243012047,203.32627903558327,417,1.38729024116937,54.196642685851316,-20.887199989899994,-30.258000000000013,9,4,3.0,6.0,50.0,grid,H4 TP3.0 ST6.0 RSI50 grid,False,False,171.0,220.0
876,49.885844748858446,1.1517017199059871,191.62721006689551,12.984396179994096,178.6428138869014,41.22288318246612,151.3304791751852,15,-43.85352039580003,-112.40466505562779,192.55336235765128,409,1.3708458480835388,52.567237163814184,-25.91399998989998,-38.5176498168,8,4,3.0,6.0,55.0,grid,H4 TP3.0 ST6.0 RSI55 grid,False,False,170.0,250.0
876,49.885844748858446,1.1520791787231661,192.1040100668955,12.984396179994096,179.11961388690142,41.69968318246613,151.3304791751852,15,-43.85352039580003,-112.40466505562779,193.03016235765128,409,1.3717641353479169,52.567237163814184,-25.91399998989998,-38.5176498168,8,4,3.0,6.0,60.0,grid,H4 TP3.0 ST6.0 RSI60 grid,False,False,167.5,248.5
876,49.885844748858446,1.1520791787231661,192.1040100668955,12.984396179994096,179.11961388690142,41.69968318246613,151.3304791751852,15,-43.85352039580003,-112.40466505562779,193.03016235765128,409,1.3717641353479169,52.567237163814184,-25.91399998989998,-38.5176498168,8,4,3.0,6.0,,grid,H4 TP3.0 ST6.0 RSI∞ grid,False,False,167.5,248.5
887,51.07102593010146,1.166619486333809,209.11302259174596,8.58044199112946,200.53258060061648,55.70381659649813,157.63406244778523,15,-57.63072048540001,-106.73594153312023,213.33787904428337,415,1.4154263725064473,53.975903614457835,-22.175199989899994,-32.98,9,4,3.0,,50.0,grid,H4 TP3.0 ST∞ RSI50 grid,False,False,143.0,191.0
871,49.942594718714126,1.1579497653013122,198.80795991537363,29.96479601362215,168.84316390175147,46.252383182466126,134.6755791838852,16,-38.2903204854,-100.63115415862754,180.92796236635135,406,1.342999266101392,52.21674876847291,-26.021999989899978,-59.17569999579999,8,4,3.0,,55.0,grid,H4 TP3.0 ST∞ RSI55 grid,False,False,162.0,281.0
871,49.942594718714126,1.1583285753254569,199.28475991537363,29.96479601362215,169.31996390175146,46.72918318246614,134.6755791838852,16,-38.2903204854,-100.63115415862754,181.40476236635135,406,1.3439031730925401,52.21674876847291,-26.021999989899978,-59.17569999579999,8,4,3.0,,60.0,grid,H4 TP3.0 ST∞ RSI60 grid,False,False,158.5,278.5
871,49.942594718714126,1.1583285753254569,199.28475991537363,29.96479601362215,169.31996390175146,46.72918318246614,134.6755791838852,16,-38.2903204854,-100.63115415862754,181.40476236635135,406,1.3439031730925401,52.21674876847291,-26.021999989899978,-59.17569999579999,8,4,3.0,,,grid,H4 TP3.0 ST∞ RSI∞ grid,False,False,158.5,278.5
940,42.12765957446808,1.1154005107369809,152.29901437120157,-34.175515339088186,186.47452971028974,95.13302302881885,111.01462995682799,17,-34.52306974630779,-96.69839620763584,206.1476529856468,438,1.374671984560734,47.03196347031963,4.317816643760022,-39.451633329184006,10,4,5.0,2.0,50.0,grid,H4 TP5.0 ST2.0 RSI50 grid,False,False,239.0,212.0
906,39.845474613686534,1.0710734110118654,93.38571440053205,-51.29756537002273,144.68327977055475,94.33953968740188,87.11053001625999,13,-36.02306653317007,-119.30889861988979,181.45006970366185,419,1.3320557996572617,44.39140811455847,-9.37484998743995,-39.784626643600035,8,4,5.0,2.0,55.0,grid,H4 TP5.0 ST2.0 RSI55 grid,False,False,354.0,277.0
904,39.71238938053097,1.064866139302368,85.27919768881404,-47.91423207052271,133.19342975933677,100.87075638318387,63.696130016260014,13,-36.02306653317007,-109.21223202738979,164.5668863994439,417,1.3007400361181167,44.12470023980815,-9.37484998743995,-39.784626643600035,8,4,5.0,2.0,60.0,grid,H4 TP5.0 ST2.0 RSI60 grid,False,False,364.5,336.5
904,39.71238938053097,1.064866139302368,85.27919768881404,-47.91423207052271,133.19342975933677,100.87075638318387,63.696130016260014,13,-36.02306653317007,-109.21223202738979,164.5668863994439,417,1.3007400361181167,44.12470023980815,-9.37484998743995,-39.784626643600035,8,4,5.0,2.0,,grid,H4 TP5.0 ST2.0 RSI∞ grid,False,False,364.5,336.5
874,46.453089244851256,1.1324813127215134,173.4255234775161,-19.68819609523482,193.11371957275094,100.99455973954794,127.80807000478796,14,-45.32307026062205,-123.56282621806217,228.80262974433592,411,1.4231489177889742,51.58150851581509,-5.50548332836007,-32.33789994368003,9,4,5.0,3.0,50.0,grid,H4 TP5.0 ST3.0 RSI50 grid,False,False,200.0,163.0
846,44.56264775413711,1.101733695427508,132.2460985339315,-47.94580435816944,180.19190289210093,99.3217763588479,128.264870065188,13,-45.01727026062207,-133.63950181337586,227.5866464240359,394,1.4326668136085146,50.0,-11.110149959560044,-38.830406643600035,8,4,5.0,3.0,55.0,grid,H4 TP5.0 ST3.0 RSI55 grid,False,False,285.0,165.0
844,44.43127962085308,1.0891036107393155,116.11894854660451,-48.879137682169414,164.9980862287739,104.55722640252093,103.80227006518801,14,-45.01727026062207,-129.53950184437585,208.35949646770894,392,1.3936696956216914,49.744897959183675,-11.110149959560044,-38.830406643600035,8,4,5.0,3.0,60.0,grid,H4 TP5.0 ST3.0 RSI60 grid,False,False,326.5,201.5
844,44.43127962085308,1.0891036107393155,116.11894854660451,-48.879137682169414,164.9980862287739,104.55722640252093,103.80227006518801,14,-45.01727026062207,-129.53950184437585,208.35949646770894,392,1.3936696956216914,49.744897959183675,-11.110149959560044,-38.830406643600035,8,4,5.0,3.0,,grid,H4 TP5.0 ST3.0 RSI∞ grid,False,False,326.5,201.5
855,47.485380116959064,1.0948049606055845,124.07263930884481,-42.2778370882092,166.350476397054,85.99128323403993,98.65904326516403,14,-56.51328704420005,-145.3900146372001,184.65032649920397,403,1.3340270576529634,51.86104218362283,-12.880850027740012,-40.75799993024002,8,4,5.0,4.0,50.0,grid,H4 TP5.0 ST4.0 RSI50 grid,False,False,300.0,269.0
824,45.50970873786408,1.0698581543418026,89.45753953811014,-63.74653696699382,153.20407650510398,72.74856664203986,110.46119332556405,12,-58.38428704420007,-144.63720915921527,183.2097599676039,384,1.3453899424961249,50.0,-15.04991661646008,-45.17461648840004,7,4,5.0,4.0,55.0,grid,H4 TP5.0 ST4.0 RSI55 grid,False,False,357.0,272.0
822,45.25547445255474,1.0490364312858564,63.20195625971016,-64.6798702909938,127.881826550704,79.10131667773987,92.44069332556408,11,-58.38428704420007,-157.9050424733153,171.54201000330397,382,1.323621586465432,50.0,-15.582166580760065,-45.17461648840004,7,4,5.0,4.0,60.0,grid,H4 TP5.0 ST4.0 RSI60 grid,False,False,413.5,320.5
822,45.25547445255474,1.0490364312858564,63.20195625971016,-64.6798702909938,127.881826550704,79.10131667773987,92.44069332556408,11,-58.38428704420007,-157.9050424733153,171.54201000330397,382,1.323621586465432,50.0,-15.582166580760065,-45.17461648840004,7,4,5.0,4.0,,grid,H4 TP5.0 ST4.0 RSI∞ grid,False,False,413.5,320.5
846,48.3451536643026,1.1170279101012583,150.7262569598852,-28.892576095964863,179.61883305585013,79.8353498274,122.25031654390008,15,-65.47168704420005,-132.44782839636244,202.08566637130008,399,1.3800771052455645,52.38095238095239,-6.065250058300034,-40.190799935999976,8,4,5.0,6.0,50.0,grid,H4 TP5.0 ST6.0 RSI50 grid,False,False,241.0,225.0
815,46.25766871165644,1.0963071530511317,121.03125717915069,-47.47057597474945,168.5018331539001,66.52009990739992,136.15439992230014,14,-62.80168704420006,-164.93620581576312,202.67449982970004,380,1.3987223672219768,50.526315789473685,-17.20858334630005,-42.731816488400014,7,4,5.0,6.0,55.0,grid,H4 TP5.0 ST6.0 RSI55 grid,False,False,306.0,223.0
812,46.05911330049261,1.0788140675841467,99.26767386505065,-48.403909298749426,147.67158316380008,75.07684990739995,118.13389992230013,12,-62.80168704420006,-175.91603912986318,193.21074982970006,378,1.3828211943163833,50.52910052910053,-15.536833346300048,-42.731816488400014,7,4,5.0,6.0,60.0,grid,H4 TP5.0 ST6.0 RSI60 grid,False,False,344.5,245.5
812,46.05911330049261,1.0788140675841467,99.26767386505065,-48.403909298749426,147.67158316380008,75.07684990739995,118.13389992230013,12,-62.80168704420006,-175.91603912986318,193.21074982970006,378,1.3828211943163833,50.52910052910053,-15.536833346300048,-42.731816488400014,7,4,5.0,6.0,,grid,H4 TP5.0 ST6.0 RSI∞ grid,False,False,344.5,245.5
841,48.275862068965516,1.1420663128018296,178.7926735244634,-12.663509546236815,191.4561830707002,83.6848498274,128.41241655260012,15,-75.12848704420003,-125.06496141930009,212.09726638000012,397,1.4076920557338752,52.141057934508815,-7.353250058300035,-41.919999935999975,8,4,5.0,,50.0,grid,H4 TP5.0 ST∞ RSI50 grid,False,False,190.0,195.0
811,46.362515413070284,1.128486039250227,157.6376737437288,-20.50150942502139,178.13918316875018,70.36959990739993,140.11649993100016,13,-61.71848704420003,-135.42272260148508,210.48609983840012,378,1.4217716823811881,50.264550264550266,-18.49658334630005,-42.83981648840001,7,4,5.0,,55.0,grid,H4 TP5.0 ST∞ RSI55 grid,False,False,231.0,199.0
808,46.163366336633665,1.1112585141164144,137.1507570531288,-17.118176125521366,154.2689331786502,78.92634990739995,122.09599993100018,14,-61.71848704420003,-145.12588929208502,201.02234983840012,376,1.4057412189824097,50.26595744680851,-16.824833346300043,-42.83981648840001,7,4,5.0,,60.0,grid,H4 TP5.0 ST∞ RSI60 grid,False,False,275.5,226.5
808,46.163366336633665,1.1112585141164144,137.1507570531288,-17.118176125521366,154.2689331786502,78.92634990739995,122.09599993100018,14,-61.71848704420003,-145.12588929208502,201.02234983840012,376,1.4057412189824097,50.26595744680851,-16.824833346300043,-42.83981648840001,7,4,5.0,,,grid,H4 TP5.0 ST∞ RSI∞ grid,False,False,275.5,226.5
933,42.336548767416936,1.1293041698724253,168.84608117371286,-19.710298467868817,188.55637964158166,95.75337300289885,111.42962989897991,17,-32.319102844638344,-92.23102928846637,207.18300290187878,435,1.380475426392433,47.12643678160919,5.70407331689994,-35.56433335815203,10,4,7.0,2.0,50.0,grid,H4 TP7.0 ST2.0 RSI50 grid,False,False,206.0,206.0
896,39.732142857142854,1.1008627378418054,132.54848457143638,-21.694565185678332,154.24304975711468,96.67328966148186,94.14594998737994,16,-31.467566533170057,-99.52304170821327,190.8192396488618,415,1.3437605289918566,44.096385542168676,-0.4395266431000564,-39.78462664360003,9,4,7.0,2.0,55.0,grid,H4 TP7.0 ST2.0 RSI55 grid,False,False,284.0,253.0
891,39.73063973063973,1.1092432724900956,142.88875117642147,-14.767731899248274,157.65648307566974,111.6287563572639,77.16029998737996,18,-31.467566533170057,-89.13259179901024,188.78905634464385,411,1.3430762725337542,44.038929440389296,1.375199983680072,-39.784626643600035,10,4,7.0,2.0,60.0,grid,H4 TP7.0 ST2.0 RSI60 grid,False,False,263.5,257.5
891,39.73063973063973,1.1092432724900956,142.88875117642147,-14.767731899248274,157.65648307566974,111.6287563572639,77.16029998737996,18,-31.467566533170057,-89.13259179901024,188.78905634464385,411,1.3430762725337542,44.038929440389296,1.375199983680072,-39.784626643600035,10,4,7.0,2.0,,grid,H4 TP7.0 ST2.0 RSI∞ grid,False,False,263.5,257.5
869,46.95051783659379,1.1701348623821277,219.7333789151033,7.043542719734067,212.68983619536925,122.26867634062798,128.6495699264679,15,-45.14307026062205,-120.65982620056215,250.9182462670959,409,1.4713122356792372,52.07823960880196,5.769566628319958,-32.337899943680036,10,4,7.0,3.0,50.0,grid,H4 TP7.0 ST3.0 RSI50 grid,False,False,131.0,112.0
836,44.61722488038278,1.1367755830131159,177.64495732144377,-16.82513224757555,194.47008956901928,122.04829295992793,122.28414001486794,14,-43.82227026062207,-114.00386839174253,244.3324329747959,389,1.459037985517805,50.128534704370175,-0.395100002880019,-38.830406643600035,9,4,7.0,3.0,55.0,grid,H4 TP7.0 ST3.0 RSI55 grid,False,False,191.0,123.0
832,44.59134615384615,1.1441249345668225,186.9714571788898,-0.3552990565755201,187.32675623546535,131.89699300360095,101.20849001486793,16,-43.82227026062207,-113.28394860262777,233.10548301846887,386,1.4380842737979367,50.0,-0.395100002880019,-38.83040664360003,9,4,7.0,3.0,60.0,grid,H4 TP7.0 ST3.0 RSI60 grid,False,False,176.5,150.5
832,44.59134615384615,1.1441249345668225,186.9714571788898,-0.3552990565755201,187.32675623546535,131.89699300360095,101.20849001486793,16,-43.82227026062207,-113.28394860262777,233.10548301846887,386,1.4380842737979367,50.0,-0.395100002880019,-38.83040664360003,9,4,7.0,3.0,,grid,H4 TP7.0 ST3.0 RSI∞ grid,False,False,176.5,150.5
850,47.88235294117647,1.1292737621038684,167.42441146689194,-16.183348248840385,183.60775971573233,102.83839983511996,102.31070989796393,16,-56.51328704420005,-133.0320146197001,205.14910973308392,401,1.3742136644299485,52.36907730673317,-5.351133366940012,-40.840499930240014,9,4,7.0,4.0,50.0,grid,H4 TP7.0 ST4.0 RSI50 grid,False,False,207.0,213.0
815,45.39877300613497,1.0944371509741813,121.5893817538573,-34.11061481482498,155.6999965686823,90.9496832431199,106.14942998636397,11,-57.99928704420007,-137.12515904486702,197.0991132294839,380,1.3643766416861034,50.26315789473684,-8.581799998140001,-42.38741648840006,7,4,7.0,4.0,55.0,grid,H4 TP7.0 ST4.0 RSI55 grid,False,False,305.0,236.0
811,45.37607891491985,1.101260872435735,130.1405149403304,-18.007448286824946,148.14796322715537,101.91568327881994,84.653779986364,11,-57.99928704420007,-120.52680363694073,186.56946326518394,377,1.3455275615043238,50.132625994694955,-8.581799998140001,-42.38741648840006,7,4,7.0,4.0,60.0,grid,H4 TP7.0 ST4.0 RSI60 grid,False,False,289.5,263.5
811,45.37607891491985,1.101260872435735,130.1405149403304,-18.007448286824946,148.14796322715537,101.91568327881994,84.653779986364,11,-57.99928704420007,-120.52680363694073,186.56946326518394,377,1.3455275615043238,50.132625994694955,-8.581799998140001,-42.38741648840006,7,4,7.0,4.0,,grid,H4 TP7.0 ST4.0 RSI∞ grid,False,False,289.5,263.5
842,48.574821852731596,1.149717481504687,191.63477007116543,-1.6543463033629815,193.28911637452842,96.68246642848001,122.71398317669998,17,-65.47168704420005,-124.15172837886252,219.39644960518,397,1.4162253024996483,52.896725440806044,0.4436665686999855,-40.27329993599998,10,4,7.0,6.0,50.0,grid,H4 TP7.0 ST6.0 RSI50 grid,False,False,169.0,179.0
807,45.9727385377943,1.116671274410365,148.42024034813087,-16.275912869347536,164.6961532174784,84.72121650847997,122.74543658309997,13,-62.80168704420006,-159.30088901421487,207.46665309157996,377,1.3954026559830426,50.663129973474796,-9.339666719300029,-39.94461648840003,7,4,7.0,6.0,55.0,grid,H4 TP7.0 ST6.0 RSI55 grid,False,False,247.0,204.0
803,45.952677459526775,1.124638171511304,157.8633734989039,-0.1727463413475023,158.03611984025147,95.87921650847997,101.9497865831,13,-62.80168704420006,-140.21510586344183,197.82900309157998,374,1.3800770031970293,50.534759358288774,-7.764666719300029,-39.94461648840003,7,4,7.0,6.0,60.0,grid,H4 TP7.0 ST6.0 RSI60 grid,False,False,227.5,230.5
803,45.952677459526775,1.124638171511304,157.8633734989039,-0.1727463413475023,158.03611984025147,95.87921650847997,101.9497865831,13,-62.80168704420006,-140.21510586344183,197.82900309157998,374,1.3800770031970293,50.534759358288774,-7.764666719300029,-39.94461648840003,7,4,7.0,6.0,,grid,H4 TP7.0 ST6.0 RSI∞ grid,False,False,227.5,230.5
837,48.62604540023895,1.1873693026274785,233.6341866357436,28.50772024636508,205.12646638937852,100.53196642848002,128.87608318540003,17,-75.12848704420003,-116.27696140180007,229.40804961388008,395,1.444889084201002,52.65822784810127,-0.8443334313000145,-42.00249993599998,9,4,7.0,,50.0,grid,H4 TP7.0 ST∞ RSI50 grid,False,False,115.0,160.0
803,46.326276463262765,1.161909888043418,201.10365691270903,24.626153680380536,176.4775032323285,88.57071650847998,131.89153659180008,15,-61.71848704420003,-118.89440579993678,220.46225310028004,375,1.4274134820529203,50.66666666666667,-10.627666719300027,-40.05261648840003,8,4,7.0,,55.0,grid,H4 TP7.0 ST∞ RSI55 grid,False,False,156.0,174.0
799,46.30788485607009,1.1745248996086366,215.80379001091217,45.9863201558106,169.81746985510154,99.72871650847999,111.09588659180007,16,-61.71848704420003,-105.1069496704016,210.82460310028006,372,1.4120842638154358,50.53763440860215,-9.05266671930003,-40.05261648840003,8,4,7.0,,60.0,grid,H4 TP7.0 ST∞ RSI60 grid,False,False,137.5,197.5
799,46.30788485607009,1.1745248996086366,215.80379001091217,45.9863201558106,169.81746985510154,99.72871650847999,111.09588659180007,16,-61.71848704420003,-105.1069496704016,210.82460310028006,372,1.4120842638154358,50.53763440860215,-9.05266671930003,-40.05261648840003,8,4,7.0,,,grid,H4 TP7.0 ST∞ RSI∞ grid,False,False,137.5,197.5
932,42.27467811158798,1.1433245889081238,187.1540198343658,-14.208209786915823,201.36222962128167,99.37467299849887,119.02417989897987,17,-31.551747488085383,-94.35167393191345,218.39885289747875,434,1.4010724601725184,47.004608294930875,5.70407331689994,-35.56433335815203,10,4,10.0,2.0,50.0,grid,H4 TP10.0 ST2.0 RSI50 grid,False,False,175.0,181.0
894,39.48545861297539,1.1170039162349055,153.78961994856428,-14.266759788250353,168.0563797368147,96.99618965708186,107.01437998737991,15,-32.43556653317006,-95.07798631173536,204.01056964446175,414,1.3675246870806221,43.96135265700483,-0.5879266431000578,-39.784626643600035,9,4,10.0,2.0,55.0,grid,H4 TP10.0 ST2.0 RSI55 grid,False,False,233.0,217.0
890,39.325842696629216,1.1107004396740394,145.81041995282632,-18.72475975517034,164.53517970799663,104.36165635286386,91.0193799873799,17,-32.43556653317006,-90.55631969733533,195.38103634024375,411,1.3523661141002925,43.79562043795621,3.0225400526819315,-39.78462664360003,10,4,10.0,2.0,60.0,grid,H4 TP10.0 ST2.0 RSI60 grid,False,False,251.0,238.0
890,39.325842696629216,1.1100627049404292,144.97041995282632,-18.72475975517034,163.69517970799663,104.36165635286386,90.1793799873799,17,-32.43556653317006,-90.55631969733533,194.54103634024378,411,1.3508511895129913,43.79562043795621,3.0225400526819315,-39.78462664360003,10,4,10.0,2.0,,grid,H4 TP10.0 ST2.0 RSI∞ grid,False,False,255.0,241.0
867,46.943483275663205,1.1883181191806396,242.4769622192033,16.687176044134098,225.78978617506922,125.52397633622796,136.90421992646787,16,-45.14307026062205,-121.14782620056215,262.42819626269585,407,1.496600045720591,52.08845208845209,8.629766628319919,-32.337899943680036,10,4,10.0,3.0,50.0,grid,H4 TP10.0 ST3.0 RSI50 grid,False,False,102.0,82.0
834,44.48441247002398,1.1567941802042792,203.0678539585187,-5.878265590200521,208.94611954871922,122.00519295552795,136.4776700148679,15,-46.61227026062207,-113.73302619916221,258.48286297039584,387,1.4892374872341734,50.129198966408275,3.3430999971199387,-38.83040664360003,10,4,10.0,3.0,55.0,grid,H4 TP10.0 ST3.0 RSI55 grid,False,False,151.0,90.0
831,44.28399518652226,1.1580126425354258,205.4172204685917,10.79906760079946,194.61815286779225,123.31389299920095,117.09267001486793,18,-46.61227026062207,-112.5930261991622,240.40656301406884,385,1.451578375882935,49.87012987012987,2.8030999971199386,-38.83040664360003,10,4,10.0,3.0,60.0,grid,H4 TP10.0 ST3.0 RSI60 grid,False,False,147.0,139.0
831,44.28399518652226,1.1573664911590857,204.5772204685917,10.79906760079946,193.77815286779224,123.31389299920095,116.25267001486793,18,-46.61227026062207,-112.5930261991622,239.56656301406883,385,1.4500005244674583,49.87012987012987,2.8030999971199386,-38.83040664360003,10,4,10.0,3.0,,grid,H4 TP10.0 ST3.0 RSI∞ grid,False,False,148.0,140.0
848,47.87735849056604,1.1457636607338788,188.01646144659193,-11.437548248840361,199.4540096954323,107.52919983071997,111.87615989796392,16,-56.51328704420005,-132.84001461970013,219.4053597286839,399,1.4040832851867195,52.38095238095239,-2.4909333669400504,-40.84049993024001,9,4,10.0,4.0,50.0,grid,H4 TP10.0 ST4.0 RSI50 grid,False,False,174.0,178.0
813,45.26445264452644,1.1120122508859565,143.65831175620727,-27.572414792174975,171.23072654838228,90.65048323871991,121.65375998636394,11,-57.99928704420007,-124.501959060767,212.30424322508387,378,1.3963279708106275,50.264550264550266,-9.020999989460062,-38.20661648840006,7,4,10.0,4.0,55.0,grid,H4 TP10.0 ST4.0 RSI55 grid,False,False,259.0,194.0
810,45.06172839506173,1.1128800695957823,145.2323115953073,-11.261748264174937,156.49405985948226,93.07648327441993,101.84875998636393,12,-57.99928704420007,-118.54654790580014,194.9252432607839,376,1.3617013181730409,50.0,-9.879999953760052,-38.20661648840006,8,4,10.0,4.0,60.0,grid,H4 TP10.0 ST4.0 RSI60 grid,False,False,252.0,239.0
810,45.06172839506173,1.112227189686216,144.3923115953073,-11.261748264174937,155.65405985948226,93.07648327441993,101.00875998636393,12,-57.99928704420007,-118.54654790580014,194.0852432607839,376,1.3601426226332392,50.0,-9.879999953760052,-38.20661648840006,8,4,10.0,4.0,,grid,H4 TP10.0 ST4.0 RSI∞ grid,False,False,257.0,243.0
840,48.45238095238095,1.1630985067122253,208.7621600271797,2.6399936729512934,206.1221663542284,101.37326642408003,129.26623317669993,17,-65.47168704420005,-120.8968280283001,230.63949960077997,395,1.437554917877922,52.65822784810127,0.4436665686999855,-40.27329993599998,10,4,10.0,6.0,50.0,grid,H4 TP10.0 ST6.0 RSI50 grid,False,False,144.0,154.0
805,45.714285714285715,1.1363943932924851,173.5445769647951,-5.342506232383246,178.88708319717836,84.42201650407998,135.23656658309994,14,-60.821687044200054,-145.00428903011488,219.6585830871799,375,1.4186387829942184,50.4,-11.179666719300029,-36.51981651440002,8,4,10.0,6.0,55.0,grid,H4 TP10.0 ST6.0 RSI55 grid,False,False,198.0,177.0
802,45.51122194513716,1.1450939104566544,183.71257668759512,10.968160295616784,172.74441639197835,89.28201650407998,115.43156658309994,15,-60.821687044200054,-126.94388363744076,204.71358308717996,373,1.3901556865273463,50.134048257372655,-9.60466671930003,-36.51981651440002,8,4,10.0,6.0,60.0,grid,H4 TP10.0 ST6.0 RSI60 grid,False,False,182.0,214.0
802,45.51122194513716,1.1444304888935741,182.8725766875951,10.968160295616784,171.90441639197834,89.28201650407998,114.59156658309993,15,-60.821687044200054,-126.94388363744076,203.87358308717995,373,1.388554763072534,50.134048257372655,-9.60466671930003,-36.51981651440002,8,4,10.0,6.0,,grid,H4 TP10.0 ST6.0 RSI∞ grid,False,False,183.0,218.0
835,48.383233532934135,1.191116445377469,238.6505765917578,20.69106022267937,217.95951636907844,105.22276642408004,135.42833318539996,16,-75.12848704420003,-116.08496140180009,240.65109960948,393,1.4666926356656838,52.41730279898219,-0.8443334313000145,-42.00249993599998,9,4,10.0,,50.0,grid,H4 TP10.0 ST∞ RSI50 grid,False,False,109.0,137.0
801,45.94257178526841,1.1721029611347635,214.11699352937322,23.448560317344818,190.66843321202848,88.27151650407998,144.38266659180002,16,-59.738487044200035,-116.70880581583678,232.65418309588,373,1.4510501598927072,50.402144772117964,-12.467666719300027,-36.62781651440002,9,4,10.0,,55.0,grid,H4 TP10.0 ST∞ RSI55 grid,False,False,141.0,152.0
798,45.73934837092732,1.1864242946078485,230.50832652327324,44.54256013084485,185.9657663924284,93.13151650407998,124.57766659180001,17,-59.738487044200035,-100.30414968630159,217.70918309587998,371,1.4220760638764816,50.13477088948787,-10.89266671930003,-36.62781651440002,9,4,10.0,,60.0,grid,H4 TP10.0 ST∞ RSI60 grid,False,False,122.0,182.0
798,45.73934837092732,1.1870659052873467,231.30165984027326,46.175893447844835,185.1257663924284,93.13151650407998,123.73766659180001,17,-59.738487044200035,-100.30414968630159,216.86918309588,371,1.4204475432573027,50.13477088948787,-10.89266671930003,-36.62781651440002,9,4,10.0,,,grid,H4 TP10.0 ST∞ RSI∞ grid,False,False,119.0,185.0
932,42.27467811158798,1.1382055259486266,180.4695198615857,-12.274709786915858,192.74422964850157,96.4866730068188,115.18417989897986,17,-31.551747488085383,-94.35167393191345,211.67085290579865,434,1.3887170129121316,47.004608294930875,5.70407331689994,-35.56433335815203,10,4,,2.0,50.0,grid,H4 TP∞ ST2.0 RSI50 grid,False,False,187.0,196.0
894,39.48545861297539,1.112620576603685,148.3186866477842,-21.300093116250377,169.61877976403454,107.4485896654018,100.01437998737988,14,-32.43556653317006,-108.49179636913539,207.4629696527817,414,1.372015370363371,43.96135265700483,-2.0688833751600306,-39.784626643600035,8,4,,2.0,55.0,grid,H4 TP∞ ST2.0 RSI55 grid,False,False,248.0,205.0
890,39.21348314606742,1.1021545614561326,135.1056866730462,-18.72209308317037,153.82777975621656,114.81405636118383,73.84957998737987,16,-32.43556653317006,-97.04912973373538,188.66363634856367,411,1.336970086512809,43.552311435523116,-0.08388337516003085,-39.784626643600035,9,4,,2.0,60.0,grid,H4 TP∞ ST2.0 RSI60 grid,False,False,281.0,259.0
890,39.21348314606742,1.0957427612107897,126.62568673364618,-19.242093083170378,145.86777981681655,109.55405642178384,71.14957998737987,16,-32.43556653317006,-97.56912973373538,180.70363640916372,411,1.3227528164541213,43.552311435523116,-0.08388337516003085,-39.784626643600035,9,4,,2.0,,grid,H4 TP∞ ST2.0 RSI∞ grid,False,False,295.0,282.0
867,46.943483275663205,1.170929207163428,220.41446224642323,3.2426760441340607,217.17178620228916,122.63597634454791,133.0642199264679,16,-45.14307026062205,-121.14782620056215,255.70019627101578,407,1.4838684675172646,52.08845208845209,8.629766628319919,-32.337899943680014,10,4,,3.0,50.0,grid,H4 TP∞ ST3.0 RSI50 grid,False,False,128.0,99.0
834,44.48441247002398,1.1450783567804597,188.76262065773852,-20.256098918200593,209.01871957593914,130.96779296384787,129.4776700148679,15,-46.61227026062207,-129.2674017164176,260.44546297871574,387,1.4891843267962148,50.129198966408275,3.103499963099994,-38.830406643600035,10,4,,3.0,55.0,grid,H4 TP∞ ST3.0 RSI55 grid,False,False,173.0,87.0
831,44.163658243080626,1.1310686678173811,171.80278726081156,-8.642765655200572,180.44555291601213,132.27649300752086,97.9474700148679,16,-46.61227026062207,-116.32073515701757,230.22396302238874,385,1.4253685322131155,49.61038961038961,2.8030999971199386,-38.830406643600035,10,4,,3.0,60.0,grid,H4 TP∞ ST3.0 RSI60 grid,False,False,202.0,155.0
831,44.163658243080626,1.1342118234967233,175.92278722341158,3.4372342467994383,172.48555297661215,127.01649306812087,95.2474700148679,16,-46.61227026062207,-110.7330261991622,222.26396308298874,385,1.4106614033539457,49.61038961038961,2.8030999971199386,-38.830406643600035,10,4,,3.0,,grid,H4 TP∞ ST3.0 RSI∞ grid,False,False,193.0,173.0
848,47.87735849056604,1.1405813635099482,181.33196147381182,-9.504048248840396,190.83600972265225,104.64119983903991,108.03615989796391,16,-56.51328704420005,-132.84001461970013,212.67735973700383,399,1.3916921916294054,52.38095238095239,-2.4909333669400504,-40.84049993024001,9,4,,4.0,50.0,grid,H4 TP∞ ST4.0 RSI50 grid,False,False,185.0,193.0
813,45.26445264452644,1.1116191095206953,143.77461178342713,-26.038914792175028,169.81352657560217,98.12328324703984,114.65375998636391,11,-57.99928704420007,-137.71365904186703,212.77704323340376,378,1.393130729574079,50.264550264550266,-14.839816424600041,-51.46181648840007,7,4,,4.0,55.0,grid,H4 TP∞ ST4.0 RSI55 grid,False,False,258.0,192.0
810,44.93827160493827,1.099822212707002,129.15461171552715,-14.79224819217499,143.94685990770216,100.54928328273985,85.81875998636392,11,-57.99928704420007,-125.91965914546704,186.36804326910377,376,1.3412388077190953,49.734042553191486,-12.85481642460004,-51.461816488400075,7,4,,4.0,60.0,grid,H4 TP∞ ST4.0 RSI60 grid,False,False,291.0,265.0
810,44.93827160493827,1.1030065164430958,133.27461167812717,-2.71224829017499,135.98685996830216,95.28928334333985,83.11875998636393,11,-57.99928704420007,-116.68654790580017,178.40804332970376,376,1.3266640939370613,49.734042553191486,-12.85481642460004,-51.461816488400075,7,4,,4.0,,grid,H4 TP∞ ST4.0 RSI∞ grid,False,False,283.0,287.0
840,48.45238095238095,1.1578761428339421,202.07766005439962,4.573493672951273,197.50416638144836,98.48526643239995,125.42623317669994,17,-65.47168704420005,-120.8968280283001,223.91149960909988,395,1.4247909746290948,52.65822784810127,0.4436665686999855,-40.27329993599998,10,4,,6.0,50.0,grid,H4 TP∞ ST6.0 RSI50 grid,False,False,153.0,172.0
805,45.714285714285715,1.1298824100766187,166.367943664015,-8.122339560383264,174.49028322439824,88.9152165123999,128.23656658309991,13,-64.60168704420006,-161.1955890112149,217.15178309549978,375,1.4072339393270565,50.4,-15.580616424600006,-51.99861648840003,7,4,,6.0,55.0,grid,H4 TP∞ ST6.0 RSI55 grid,False,False,210.0,184.0
802,45.38653366583541,1.125622217846068,160.34194347981503,3.124327039616753,157.21761644019824,93.7752165123999,99.40156658309992,14,-64.60168704420006,-143.24158919541492,193.17678309549981,373,1.3611348236201712,49.865951742627345,-13.595616424600006,-51.99861648840003,7,4,,6.0,60.0,grid,H4 TP∞ ST6.0 RSI60 grid,False,False,223.0,247.0
802,45.38653366583541,1.1288500914865833,164.46194344241502,15.204326941616763,149.2576165007983,88.5152165729999,96.70156658309992,14,-64.60168704420006,-131.16158929341492,185.21678315609984,373,1.346253981688402,49.865951742627345,-13.595616424600006,-51.99861648840003,7,4,,6.0,,grid,H4 TP∞ ST6.0 RSI∞ grid,False,False,213.0,267.0
835,48.383233532934135,1.1857633559688108,231.96607661897772,22.624560222679342,209.3415163962984,102.33476643239997,131.5883331854,16,-75.12848704420003,-116.08496140180009,233.92309961779992,393,1.4536450823656109,52.41730279898219,-0.8443334313000145,-42.00249993599998,9,4,,,50.0,grid,H4 TP∞ ST∞ RSI50 grid,False,False,118.0,146.0
800,46.0,1.1620131580842623,203.50416022859312,20.668726989344794,182.83543323924837,89.32851651239991,137.38266659180002,15,-63.518487044200036,-136.33630579693684,226.7111831041999,372,1.4295557616835155,50.53763440860215,-19.0168164246,-55.54281648840002,8,4,,,55.0,grid,H4 TP∞ ST∞ RSI55 grid,False,False,150.0,166.0
797,45.67126725219573,1.1629447051145863,203.70149331549317,36.69872687484482,167.00276644064837,94.18851651239991,108.54766659179998,16,-63.518487044200036,-123.96514964640158,202.7361831041999,370,1.3829108267110424,50.0,-17.031816424600002,-55.54281648840002,8,4,,,60.0,grid,H4 TP∞ ST∞ RSI60 grid,False,False,149.0,222.0
797,45.67126725219573,1.1675469060087074,209.45482659509318,50.412060093844815,159.04276650124837,88.92851657299992,105.84766659179998,16,-63.518487044200036,-123.96514964640158,194.77618316479993,370,1.3678766571279595,50.0,-17.031816424600002,-55.54281648840002,8,4,,,,grid,H4 TP∞ ST∞ RSI∞ grid,False,False,142.0,240.0
948,44.72573839662447,1.1343898436583453,181.56506956450954,-12.09968345387349,193.664753018383,39.920889880969995,125.64140245723507,17,-31.16357119987721,-100.94977261929517,165.56229233820508,437,1.286500890895414,47.139588100686495,-2.3234299646829806,-29.586459923603012,9,5,3.0,2.0,50.0,grid,H5 TP3.0 ST2.0 RSI50 grid,False,False,184.0,331.0
928,43.75,1.1343917933121652,181.20727243630682,-1.325273833359251,182.53254626966606,32.19948984255302,126.94506244843511,16,-30.48941988762006,-93.67613924574515,159.14455229098814,424,1.2729135828980185,45.990566037735846,-11.222829964682964,-56.35785989560302,8,5,3.0,2.0,55.0,grid,H5 TP3.0 ST2.0 RSI55 grid,False,False,186.0,354.0
927,43.90507011866235,1.1389470600877132,186.9047391200068,-1.325273833359251,188.23001295336607,37.62362316575301,126.94506244843511,17,-30.48941988762006,-93.67613924574515,164.56868561418813,424,1.28231698217888,46.22641509433962,-11.222829964682964,-56.35785989560302,9,5,3.0,2.0,60.0,grid,H5 TP3.0 ST2.0 RSI60 grid,False,False,178.5,334.5
927,43.90507011866235,1.1389470600877132,186.9047391200068,-1.325273833359251,188.23001295336607,37.62362316575301,126.94506244843511,17,-30.48941988762006,-93.67613924574515,164.56868561418813,424,1.28231698217888,46.22641509433962,-11.222829964682964,-56.35785989560302,9,5,3.0,2.0,,grid,H5 TP3.0 ST2.0 RSI∞ grid,False,False,178.5,334.5
875,48.68571428571429,1.0839137830728294,116.19979181215945,-43.16487691618571,159.36466872834524,48.23206314180207,112.94090335175314,14,-34.38836655796004,-119.51941156814608,161.1729664935552,408,1.2760261569396179,50.49019607843137,-16.857289995328017,-32.39759995968002,8,5,3.0,3.0,50.0,grid,H5 TP3.0 ST3.0 RSI50 grid,False,False,325.0,347.0
858,47.43589743589743,1.0797223941278566,109.88095635949368,-33.94242562655152,143.82338198604515,39.833763109802106,111.44608334295312,14,-34.38836655796004,-114.50097824686011,151.2798464527552,397,1.2582292843505467,49.1183879093199,-12.64628999532803,-36.563406655,8,5,3.0,3.0,55.0,grid,H5 TP3.0 ST3.0 RSI55 grid,False,False,338.0,388.0
857,47.60793465577596,1.086686771534378,118.91342304319373,-33.94242562655152,152.85584866974523,47.09789643300209,111.44608334295312,14,-34.38836655796004,-114.50097824686011,158.5439797759552,397,1.2715792308451055,49.37027707808564,-12.64628999532803,-36.563406654999994,8,5,3.0,3.0,60.0,grid,H5 TP3.0 ST3.0 RSI60 grid,False,False,313.5,356.5
857,47.60793465577596,1.086686771534378,118.91342304319373,-33.94242562655152,152.85584866974523,47.09789643300209,111.44608334295312,14,-34.38836655796004,-114.50097824686011,158.5439797759552,397,1.2715792308451055,49.37027707808564,-12.64628999532803,-36.563406654999994,8,5,3.0,3.0,,grid,H5 TP3.0 ST3.0 RSI∞ grid,False,False,313.5,356.5
842,49.16864608076009,1.042161572191254,57.86980298170778,-64.65503080465658,122.5248337863643,19.8491032669851,93.63054323190921,12,-34.515301406200024,-135.19410442366,113.4796464988943,394,1.191862238403555,50.50761421319797,-22.27621671608,-39.174899946240004,6,5,3.0,4.0,50.0,grid,H5 TP3.0 ST4.0 RSI50 grid,False,False,430.0,472.0
825,48.36363636363637,1.0568990426921283,76.63145577634204,-44.00547121002233,120.63692698636432,10.94250320068515,89.42638322310916,12,-32.46323868400962,-116.84093781762402,100.36888642379431,381,1.170905934772178,49.343832020997375,-20.502883389679994,-40.529133383264984,6,5,3.0,4.0,55.0,grid,H5 TP3.0 ST4.0 RSI55 grid,False,False,378.0,487.0
824,47.93689320388349,1.0397027881905954,53.69546916024203,-44.00547121002233,97.7009403702643,10.94250320068515,80.23858322310913,12,-32.46323868400962,-116.84093781762402,91.18108642379428,381,1.154616122287592,48.818897637795274,-23.540809960300003,-40.529133383264984,6,5,3.0,4.0,60.0,grid,H5 TP3.0 ST4.0 RSI60 grid,False,False,441.5,491.5
824,47.93689320388349,1.0397027881905954,53.69546916024203,-44.00547121002233,97.7009403702643,10.94250320068515,80.23858322310913,12,-32.46323868400962,-116.84093781762402,91.18108642379428,381,1.154616122287592,48.818897637795274,-23.540809960300003,-40.529133383264984,6,5,3.0,4.0,,grid,H5 TP3.0 ST4.0 RSI∞ grid,False,False,441.5,491.5
818,50.733496332518335,1.0903843771703008,119.09337093541757,-22.32484130344872,141.41821223886626,15.171303336791118,139.72326651006517,14,-47.477701316600026,-120.80745937046005,154.89456984685629,382,1.283253309133618,51.832460732984295,-11.838349913036986,-37.15501657580301,6,5,3.0,6.0,50.0,grid,H5 TP3.0 ST6.0 RSI50 grid,False,False,312.0,377.0
802,49.750623441396506,1.0988096590231946,128.67187045495183,-1.842381708814489,130.51425216376626,17.354703270491164,131.78990650126514,14,-33.94378649846007,-105.46619276442402,149.14460977175628,370,1.2777879333273567,50.810810810810814,-18.77820996030001,-37.87923324798595,6,5,3.0,6.0,55.0,grid,H5 TP3.0 ST6.0 RSI55 grid,False,False,292.0,398.0
802,49.50124688279301,1.091581864360531,119.48407045495182,-1.842381708814489,121.32645216376623,17.354703270491164,122.6021065012651,14,-33.94378649846007,-105.46619276442402,139.9568097717563,370,1.2594911635854162,50.27027027027027,-27.966009960300028,-45.653259987699975,6,5,3.0,6.0,60.0,grid,H5 TP3.0 ST6.0 RSI60 grid,False,False,309.5,426.5
802,49.50124688279301,1.091581864360531,119.48407045495182,-1.842381708814489,121.32645216376623,17.354703270491164,122.6021065012651,14,-33.94378649846007,-105.46619276442402,139.9568097717563,370,1.2594911635854162,50.27027027027027,-27.966009960300028,-45.653259987699975,6,5,3.0,6.0,,grid,H5 TP3.0 ST6.0 RSI∞ grid,False,False,309.5,426.5
810,50.49382716049383,1.071144022217593,94.06999597810784,-15.95503296237263,110.02502894048048,-5.580063298754845,131.88826651366526,15,-47.0345013166,-122.01938433766001,126.30820321491042,378,1.2252791967067556,51.32275132275132,-22.493049942582957,-55.849583211349,7,5,3.0,,50.0,grid,H5 TP3.0 ST∞ RSI50 grid,False,False,352.0,458.0
794,49.74811083123426,1.0798574158493779,104.59559549764207,3.5614266322616053,101.03416886538044,10.212636634945191,112.2587065048652,14,-36.865253184299995,-106.39411773162398,122.47134313981037,366,1.2205782458125882,50.54644808743169,-24.386209960299983,-53.1706999877,6,5,3.0,,55.0,grid,H5 TP3.0 ST∞ RSI55 grid,False,False,342.0,463.0
794,49.496221662468514,1.0727066456316772,95.40779549764206,3.5614266322616053,91.84636886538044,10.212636634945191,103.07090650486518,14,-36.865253184299995,-106.39411773162398,113.28354313981038,366,1.2031341170738377,50.0,-33.574009960299996,-53.17069998769999,6,5,3.0,,60.0,grid,H5 TP3.0 ST∞ RSI60 grid,False,False,350.5,473.5
794,49.496221662468514,1.0727066456316772,95.40779549764206,3.5614266322616053,91.84636886538044,10.212636634945191,103.07090650486518,14,-36.865253184299995,-106.39411773162398,113.28354313981038,366,1.2031341170738377,50.0,-33.574009960299996,-53.17069998769999,6,5,3.0,,,grid,H5 TP3.0 ST∞ RSI∞ grid,False,False,350.5,473.5
889,41.61979752530934,1.1054606992016989,140.27057344588945,-42.2419414175302,182.51251486341968,61.31902474125377,116.25929659660298,16,-41.53845430680777,-116.59558069101578,177.57832133785675,410,1.3216397134980968,45.85365853658537,-0.04996669886805321,-36.80963332818402,9,5,5.0,2.0,50.0,grid,H5 TP5.0 ST2.0 RSI50 grid,False,False,267.0,290.0
846,38.17966903073286,1.027341517019026,36.64860943478366,-73.86614804907008,110.51475748385377,45.31495799250181,85.36676323163508,14,-39.98445430680778,-152.30978831741618,130.6817212241369,383,1.2324331873129846,40.992167101827675,-16.68288333446005,-57.63645989560303,7,5,5.0,2.0,55.0,grid,H5 TP5.0 ST2.0 RSI55 grid,False,False,466.0,451.0
841,38.40665873959572,1.031260158841392,41.50647607116571,-69.61448139897006,111.12095747013576,57.90142466828381,71.38516318163504,14,-39.98445430680778,-138.51378832681615,129.28658784991887,380,1.2328679872451602,41.31578947368421,-10.719849919821028,-57.63645989560303,7,5,5.0,2.0,60.0,grid,H5 TP5.0 ST2.0 RSI60 grid,False,False,460.0,456.0
841,38.28775267538644,1.0235902301891675,31.409226071165694,-69.61448139897006,101.02370747013575,57.90142466828381,61.28791318163504,14,-39.98445430680778,-138.51378832681615,119.18933784991884,380,1.2132693569616917,41.05263157894737,-10.719849919821028,-57.63645989560303,7,5,5.0,2.0,,grid,H5 TP5.0 ST2.0 RSI∞ grid,False,False,474.0,467.0
820,46.21951219512195,1.104076339535782,140.52004704092195,-61.76369761372187,202.28374465464384,90.08231808996089,133.923653301543,15,-43.12563434962204,-144.56667551203353,224.0059713915039,380,1.4165190205801128,50.26315789473684,-7.449416712680049,-39.097500000000046,9,5,5.0,3.0,50.0,grid,H5 TP5.0 ST3.0 RSI50 grid,False,False,266.0,171.0
784,42.984693877551024,1.047623687413103,64.27334799343402,-95.95273920947184,160.22608720290586,90.78840129837289,112.16926991374304,13,-46.47563434962204,-156.34979746974008,202.9576712121159,356,1.3860148342981193,46.62921348314607,-18.222083366280014,-39.87540665500001,8,5,5.0,3.0,55.0,grid,H5 TP5.0 ST3.0 RSI55 grid,False,False,410.0,221.0
779,43.13222079589217,1.049119030444209,65.20228126643411,-92.70273922697181,157.90502049340589,100.17140127837288,93.44486986374308,13,-46.47563434962204,-152.03313084624008,193.61627114211595,354,1.3753073249452075,46.61016949152542,-18.222083366280014,-39.87540665500001,8,5,5.0,3.0,60.0,grid,H5 TP5.0 ST3.0 RSI60 grid,False,False,408.0,244.0
779,43.003851091142494,1.0409043587491602,54.473981266434116,-92.70273922697181,147.17672049340587,100.17140127837288,82.71656986374306,13,-46.47563434962204,-152.03313084624008,182.88797114211596,354,1.3515769315693218,46.32768361581921,-18.222083366280014,-39.87540665500001,8,5,5.0,3.0,,grid,H5 TP5.0 ST3.0 RSI∞ grid,False,False,439.0,273.0
790,46.962025316455694,1.0605010547259164,81.67986240348644,-89.95887216138348,171.63873456486994,54.8970248038609,118.61310984677905,14,-52.434518041333824,-155.56057108983396,173.51013465063997,367,1.3122491943375554,50.40871934604905,-9.991650124400014,-44.530800000000006,8,5,5.0,4.0,50.0,grid,H5 TP5.0 ST4.0 RSI50 grid,False,False,373.0,302.0
755,44.370860927152314,1.0254887510969062,33.659588300257575,-123.45180540498342,157.111393705241,68.76167462778196,94.26417645897908,14,-55.08451804133382,-175.23371107748784,163.02585108676104,343,1.3089343072974189,47.521865889212826,-20.76431677799998,-42.8008,8,5,5.0,4.0,55.0,grid,H5 TP5.0 ST4.0 RSI55 grid,False,False,469.0,342.0
751,43.94141145139814,0.9994389813659549,-0.7413783833424561,-120.20180542248339,119.460427039141,60.88367462778195,74.34517640897907,13,-55.08451804133382,-170.91704445398787,135.228851036761,342,1.2564324182846855,47.07602339181287,-20.76431677799998,-42.8008,7,5,5.0,4.0,60.0,grid,H5 TP5.0 ST4.0 RSI60 grid,False,False,508.5,435.5
751,43.94141145139814,0.9994389813659549,-0.7413783833424561,-120.20180542248339,119.460427039141,60.88367462778195,74.34517640897907,13,-55.08451804133382,-170.91704445398787,135.228851036761,342,1.2564324182846855,47.07602339181287,-20.76431677799998,-42.8008,7,5,5.0,4.0,,grid,H5 TP5.0 ST4.0 RSI∞ grid,False,False,508.5,435.5
768,48.4375,1.0957452001055275,124.9342245612182,-52.96076678808974,177.89499134930793,50.04209148894291,139.32274980377508,15,-64.65025130000004,-146.35576084959754,189.36484129271798,355,1.3630824974282476,51.54929577464789,-10.247999997800036,-39.798,8,5,5.0,6.0,50.0,grid,H5 TP5.0 ST6.0 RSI50 grid,False,False,297.0,256.0
733,45.429740791268756,1.0452221415509921,58.39485052605729,-80.79959999718965,139.19445052324699,59.74467460178195,109.35331647577512,15,-66.69025130000004,-148.93103464976852,169.09799107755705,333,1.3407269245966906,48.048048048048045,-15.529866668103047,-41.968,7,5,5.0,6.0,55.0,grid,H5 TP5.0 ST6.0 RSI55 grid,False,False,427.0,325.0
731,45.55403556771546,1.0337943832532588,43.28435043515735,-77.54960001468962,120.83395044984694,52.97467460178195,89.43431642577508,13,-66.69025130000004,-144.12253469066852,142.40899102755705,332,1.2877990236388321,47.59036144578313,-15.529866668103047,-41.968,6,5,5.0,6.0,60.0,grid,H5 TP5.0 ST6.0 RSI60 grid,False,False,457.5,412.5
731,45.55403556771546,1.0337943832532588,43.28435043515735,-77.54960001468962,120.83395044984694,52.97467460178195,89.43431642577508,13,-66.69025130000004,-144.12253469066852,142.40899102755705,332,1.2877990236388321,47.59036144578313,-15.529866668103047,-41.968,6,5,5.0,6.0,,grid,H5 TP5.0 ST6.0 RSI∞ grid,False,False,457.5,412.5
761,48.0946123521682,1.0910968870698472,117.88252452320052,-26.761033501561638,144.64355802476211,23.60080817739697,133.63674980737517,14,-65.24705130000001,-130.0565608267975,157.2375579847721,351,1.2991602646071152,50.427350427350426,-28.055083298303025,-49.81,7,5,5.0,,50.0,grid,H5 TP5.0 ST∞ RSI50 grid,False,False,316.0,360.0
727,45.11691884456671,1.0303910269921666,39.12705051758555,-65.55396671066156,104.68101722824716,36.01879131978199,99.68991647937516,14,-67.89705130000002,-145.28210140144034,135.70870779915714,331,1.26752932287503,46.82779456193353,-34.40041666810303,-54.91874999610302,7,5,5.0,,55.0,grid,H5 TP5.0 ST∞ RSI55 grid,False,False,464.0,432.0
724,45.16574585635359,1.0151640514616789,19.32255057548555,-62.303966728161534,81.6265173036471,29.248791319781997,79.77091642937513,13,-67.89705130000002,-145.16760129354034,109.01970774915712,330,1.2155384510867842,46.36363636363636,-34.40041666810303,-54.91874999610302,6,5,5.0,,60.0,grid,H5 TP5.0 ST∞ RSI60 grid,False,False,483.5,480.5
724,45.16574585635359,1.0151640514616789,19.32255057548555,-62.303966728161534,81.6265173036471,29.248791319781997,79.77091642937513,13,-67.89705130000002,-145.16760129354034,109.01970774915712,330,1.2155384510867842,46.36363636363636,-34.40041666810303,-54.91874999610302,6,5,5.0,,,grid,H5 TP5.0 ST∞ RSI∞ grid,False,False,483.5,480.5
881,41.43019296254257,1.0899488044186163,118.55583198374575,-39.1649578766108,157.72078986035655,56.70829974125379,110.26479657847996,17,-39.334487405138326,-108.03631378934635,166.97309631973374,406,1.304710989546105,45.566502463054185,0.5525333011319388,-35.07799997311998,10,5,7.0,2.0,50.0,grid,H5 TP7.0 ST2.0 RSI50 grid,False,False,315.0,327.0
834,37.76978417266187,1.008218938500524,10.999832209097862,-52.442081206825726,63.4419134159236,29.96861630701674,72.99611324247998,13,-38.63136656245006,-170.91682187709267,102.96472954949671,377,1.182628836993013,40.58355437665783,-24.60148333446005,-60.43194325806305,7,5,7.0,2.0,55.0,grid,H5 TP7.0 ST2.0 RSI55 grid,False,False,496.0,485.0
822,37.95620437956204,1.0372124655081598,48.902865635750096,-32.678414622455556,81.58128025820565,53.121549778498746,60.43011324497999,13,-37.15048740513833,-129.3053885810626,113.55166302347872,371,1.2055756299146356,40.700808625336926,-10.461299919821048,-57.636459895603046,7,5,7.0,2.0,60.0,grid,H5 TP7.0 ST2.0 RSI60 grid,False,False,449.0,471.0
822,37.8345498783455,1.0272250029281624,35.87786563575009,-32.678414622455556,68.55628025820563,52.076549778498745,48.450113244979995,13,-37.15048740513833,-130.3503885810626,100.52666302347873,371,1.1807921153498258,40.43126684636118,-10.461299919821048,-57.636459895603046,7,5,7.0,2.0,,grid,H5 TP7.0 ST2.0 RSI∞ grid,False,False,467.0,486.0
814,46.31449631449631,1.1208906407048564,160.83646354253503,-40.77415614370492,201.61061968624,99.77952638296091,141.859153262948,15,-42.94563434962204,-134.61777551203355,241.6386796459089,377,1.4563500564778245,50.397877984084886,3.825633243999978,-39.097500000000046,10,5,7.0,3.0,50.0,grid,H5 TP7.0 ST3.0 RSI50 grid,False,False,222.0,134.0
769,42.26267880364109,1.0239718820355352,32.36323713695502,-92.9057644381299,125.26900157508491,71.87090961288781,112.72621990314799,12,-45.70796657843002,-173.20696564348071,184.59712951603578,348,1.3463659903415315,45.97701149425287,-7.5330334096000096,-39.87540665500001,8,5,7.0,3.0,55.0,grid,H5 TP7.0 ST3.0 RSI55 grid,False,False,471.0,270.0
757,42.00792602377807,1.0310136566504875,41.227895392329245,-63.40456466935979,104.63246006168905,76.92730977310984,79.88761990564804,12,-45.66563434962204,-137.72655610674803,156.81492967875786,342,1.2979623044009903,45.02923976608187,-3.9510334096000004,-39.87540665500001,8,5,7.0,3.0,60.0,grid,H5 TP7.0 ST3.0 RSI60 grid,False,False,461.0,363.0
757,42.00792602377807,1.0298965663967234,39.74289539232923,-63.40456466935979,103.14746006168905,75.44230977310984,79.88761990564804,12,-45.66563434962204,-137.72655610674803,155.32992967875785,342,1.2951406724113455,45.02923976608187,-3.9510334096000004,-39.87540665500001,8,5,7.0,3.0,,grid,H5 TP7.0 ST3.0 RSI∞ grid,False,False,463.0,373.0
785,46.62420382165605,1.0497946106384002,67.17726234461942,-86.6931806669666,153.87044301158602,62.82023309686093,109.37744322330397,13,-52.434518041333824,-148.62467108983392,172.1976763201649,364,1.3088257833070553,50.0,-6.195266759600014,-44.53080000000001,8,5,7.0,4.0,50.0,grid,H5 TP7.0 ST4.0 RSI50 grid,False,False,401.0,317.0
744,43.145161290322584,0.9844589008429527,-20.961297486194596,-136.69018059206658,115.72888310587201,52.961482942296925,85.18950986350397,13,-55.08451804133382,-172.81243624794092,138.15099280580088,337,1.2501341786257971,45.99406528189911,-25.469766668103077,-52.359999996103056,7,5,7.0,4.0,55.0,grid,H5 TP7.0 ST4.0 RSI55 grid,False,False,525.0,428.0
732,42.21311475409836,0.9535592581520027,-62.75123083294241,-107.73898081779643,44.98774998485404,24.42094976022893,51.54650986600397,11,-55.08451804133382,-167.8690070891463,75.96745962623291,332,1.1365287249320608,44.57831325301205,-25.469766668103077,-63.40136665817108,6,5,7.0,4.0,60.0,grid,H5 TP7.0 ST4.0 RSI60 grid,False,False,543.0,508.0
732,42.21311475409836,0.9527858777005442,-63.79623083294241,-107.73898081779643,43.94274998485404,23.375949760228927,51.54650986600397,11,-55.08451804133382,-168.9140070891463,74.92245962623291,332,1.1346506508427605,44.57831325301205,-25.469766668103077,-63.40136665817108,6,5,7.0,4.0,,grid,H5 TP7.0 ST4.0 RSI∞ grid,False,False,544.0,509.0
764,48.03664921465969,1.0849620927899712,110.98136549205304,-41.81466769063977,152.79603318269284,57.96529978194294,124.5350831803,16,-64.65025130000004,-142.55369422992752,182.50038296224295,352,1.3484442960888776,51.13636363636363,-7.875499997800039,-39.798,8,5,7.0,6.0,50.0,grid,H5 TP7.0 ST6.0 RSI50 grid,False,False,336.0,274.0
722,44.32132963988919,0.9993490467910429,-0.862907674611744,-76.65866758123975,75.79575990662804,30.598082916296953,102.3837365462,13,-66.69025130000004,-195.72450366327743,132.98181946249696,327,1.252762958696975,46.788990825688074,-26.01336666810303,-57.94874999610305,7,5,7.0,6.0,55.0,grid,H5 TP7.0 ST6.0 RSI55 grid,False,False,510.0,446.0
712,44.10112359550562,0.9917083040255318,-10.866507754591556,-44.10746780696961,33.24096005237802,2.4254164082969654,70.9807365487,13,-66.69025130000004,-166.23760386239735,73.40615295699696,322,1.1393169341853218,45.3416149068323,-26.01336666810303,-75.69624998410308,6,5,7.0,6.0,60.0,grid,H5 TP7.0 ST6.0 RSI60 grid,False,False,517.0,511.0
712,44.10112359550562,0.9909109160800201,-11.911507754591556,-44.10746780696961,32.19596005237802,1.3804164082969654,70.9807365487,13,-66.69025130000004,-167.28260386239734,72.36115295699696,322,1.137333637276833,45.3416149068323,-26.01336666810303,-75.69624998410308,6,5,7.0,6.0,,grid,H5 TP7.0 ST6.0 RSI∞ grid,False,False,518.0,513.0
757,47.82034346103038,1.0938071638894178,120.83458216103537,-1.6819344041116593,122.51651656514701,30.81593317739697,122.52908318390006,15,-65.24705130000001,-123.44066082679744,153.345016361297,348,1.2925725864339799,50.0,-28.978833298303023,-49.81,7,5,7.0,,50.0,grid,H5 TP7.0 ST∞ RSI50 grid,False,False,307.0,384.0
716,44.273743016759774,1.0024771855602188,3.2368422975166062,-56.463934294711635,59.70077659222822,13.590249634297006,100.08433654980006,13,-67.89705130000002,-176.0720204343492,113.67458618409705,324,1.2166750378372218,46.2962962962963,-39.454666668103016,-65.11324999610304,7,5,7.0,,55.0,grid,H5 TP7.0 ST∞ RSI55 grid,False,False,502.0,470.0
705,43.97163120567376,0.990419100110295,-12.357424395794457,-23.912734520441486,11.555310124647047,-14.58241687370299,64.99733655230003,11,-67.89705130000002,-154.1517872468003,50.414919678597045,319,1.0961395130310296,44.827586206896555,-39.454666668103016,-88.52074998410306,4,5,7.0,,60.0,grid,H5 TP7.0 ST∞ RSI60 grid,False,False,520.0,526.0
705,43.97163120567376,0.9896088956482593,-13.402424395794457,-23.912734520441486,10.510310124647047,-15.62741687370299,64.99733655230003,11,-67.89705130000002,-155.1967872468003,49.36991967859705,319,1.0941467340727784,44.827586206896555,-39.454666668103016,-88.52074998410306,4,5,7.0,,,grid,H5 TP7.0 ST∞ RSI∞ grid,False,False,523.0,527.0
881,41.43019296254257,1.0995080511120428,131.1552706555787,-40.95206919565783,172.10733985123653,61.04029973213379,120.31934657847991,17,-38.567132048585364,-110.15695843279339,181.3596463106137,406,1.3309651585140279,45.566502463054185,0.5525333011319388,-35.07799997312001,10,5,10.0,2.0,50.0,grid,H5 TP10.0 ST2.0 RSI50 grid,False,False,288.0,280.0
831,37.785800240673886,1.0454582131058836,60.530062336087795,-44.282000957315795,104.8120632934036,33.91821629789678,91.54666324247995,14,-39.05412385850337,-142.35815838803276,125.46487954037674,377,1.2225374177563648,40.58355437665783,-24.60148333446005,-60.43194325806305,8,5,10.0,2.0,55.0,grid,H5 TP10.0 ST2.0 RSI55 grid,False,False,419.0,459.0
819,37.97313797313797,1.0637753493964046,83.50625647844984,-40.68127365723577,124.18753013568565,56.04894976937873,75.95266324497996,15,-39.05412385850337,-107.66621692941138,132.00161301435867,371,1.2389776954615266,40.700808625336926,-14.544699919821051,-57.636459895603046,9,5,10.0,2.0,60.0,grid,H5 TP10.0 ST2.0 RSI60 grid,False,False,368.0,449.0
819,37.72893772893773,1.0481882227709955,63.27805647844984,-38.24127365723576,101.51933013568562,45.56794976937874,63.76546324497997,14,-39.05412385850337,-112.19609774573276,109.33341301435873,371,1.1965997777417994,40.16172506738545,-14.544699919821051,-57.636459895603046,8,5,10.0,2.0,,grid,H5 TP10.0 ST2.0 RSI∞ grid,False,False,411.0,477.0
812,46.30541871921182,1.1290938055860265,171.24254685781497,-38.48872281930495,209.73126967711997,103.74552637384093,146.01380326294793,15,-42.94563434962204,-130.67477551203353,249.7593296367889,375,1.475215652812031,50.4,4.922759961069973,-39.097500000000025,10,5,10.0,3.0,50.0,grid,H5 TP10.0 ST3.0 RSI50 grid,False,False,203.0,114.0
765,42.35294117647059,1.0472142818132892,63.215320333809906,-94.62083111875496,157.83615145256488,75.64300960376781,121.79366990314792,12,-52.05563434962204,-163.48969226770583,197.43667950691577,346,1.3732110197791463,45.95375722543353,-2.7308066876030774,-39.87540665500001,8,5,10.0,3.0,55.0,grid,H5 TP10.0 ST3.0 RSI55 grid,False,False,412.0,233.0
752,42.02127659574468,1.0560122626025006,73.59693315511406,-70.27137678405492,143.868309939169,82.76820976398984,86.89826990564798,13,-52.05563434962204,-153.42472273134314,169.66647966963785,340,1.3248083301077058,45.0,-2.846106643930066,-39.87540665500001,9,5,10.0,3.0,60.0,grid,H5 TP10.0 ST3.0 RSI60 grid,False,False,386.0,324.0
751,41.944074567243675,1.0514222621412586,67.56593313061408,-65.3813768085549,132.94730993916897,71.84720976398984,86.89826990564798,13,-52.05563434962204,-148.53472275584315,158.74547966963783,339,1.3039012435693798,44.83775811209439,-2.846106643930066,-39.87540665500001,9,5,10.0,3.0,,grid,H5 TP10.0 ST3.0 RSI∞ grid,False,False,400.0,355.0
783,46.61558109833972,1.055239985348485,74.23391233549934,-89.06798066696662,163.301893002466,66.78623308774095,114.84289322330393,13,-52.434518041333824,-144.00167108983396,181.6291263110449,362,1.3288326290496493,50.0,-3.292066671539052,-44.53080000000001,8,5,10.0,4.0,50.0,grid,H5 TP10.0 ST4.0 RSI50 grid,False,False,385.0,276.0
741,43.18488529014845,1.008271507171714,11.110919075935334,-142.11131390741664,153.22223298335197,60.263782933176905,96.85895986350396,13,-55.08451804133382,-178.84196956329095,157.12274279668085,335,1.2872107197969558,45.97014925373134,-26.6562666681031,-51.85143332310309,7,5,10.0,4.0,55.0,grid,H5 TP10.0 ST4.0 RSI55 grid,False,False,495.0,362.0
728,41.895604395604394,0.9658341985874326,-46.04545970988262,-119.11185957221659,73.066399862334,28.72024975110892,59.86795986600395,11,-55.08451804133382,-172.4653029865909,88.58820961711288,330,1.1607252648405069,44.54545454545455,-26.6562666681031,-61.86686665817111,6,5,10.0,4.0,60.0,grid,H5 TP10.0 ST4.0 RSI60 grid,False,False,534.0,494.0
727,41.81568088033013,0.9591035027185424,-55.116459734382595,-117.70185959671656,62.585399862334015,18.239249751108915,59.86795986600395,11,-55.08451804133382,-167.57530301109088,78.10720961711286,329,1.1417096248577798,44.37689969604863,-26.6562666681031,-57.96686665817111,6,5,10.0,4.0,,grid,H5 TP10.0 ST4.0 RSI∞ grid,False,False,538.0,505.0
762,47.9002624671916,1.0889574606845998,116.20029748899825,-40.67398568457452,156.87428317357282,61.93129977282295,124.64733318029997,16,-64.65025130000004,-137.93069422992755,186.57863295312293,350,1.3562308164472519,50.857142857142854,-7.875499997800039,-39.798,8,5,10.0,6.0,50.0,grid,H5 TP10.0 ST6.0 RSI50 grid,False,False,324.0,262.0
719,44.22809457579972,1.023644335636594,31.199937465983467,-77.70965225252452,108.909589718508,32.678582907176946,107.99106654619999,14,-66.69025130000004,-161.18520384227753,140.66964945337693,325,1.2673754723646962,46.46153846153846,-27.199866668103052,-56.41424999610308,8,5,10.0,6.0,55.0,grid,H5 TP10.0 ST6.0 RSI55 grid,False,False,475.0,422.0
709,43.86459802538787,1.0101035479036546,13.181891946933534,-51.11019791732447,64.29208986425797,1.5029163991769543,72.24206654869995,13,-66.69025130000004,-131.49441615582745,73.7449829478769,320,1.139959996839308,45.0,-27.199866668103052,-74.16174998410311,6,5,10.0,6.0,60.0,grid,H5 TP10.0 ST6.0 RSI60 grid,False,False,493.0,510.0
709,43.86459802538787,1.0133725499357622,17.446891922433558,-49.70019794182445,67.14708986425798,4.357916399176949,72.24206654869995,13,-66.69025130000004,-129.6694161803275,76.59998294787691,320,1.1453784778668057,45.0,-27.199866668103052,-70.2617499841031,6,5,10.0,6.0,,grid,H5 TP10.0 ST6.0 RSI∞ grid,False,False,489.0,506.0
755,47.682119205298015,1.0903198496468494,116.34251415798056,-10.25225239804643,126.594766556027,34.78193316827698,122.64133318390003,16,-65.24705130000001,-121.21766082679748,157.42326635217702,346,1.300353629315379,49.71098265895954,-28.978833298303023,-49.81,8,5,10.0,,50.0,grid,H5 TP10.0 ST∞ RSI50 grid,False,False,323.0,359.0
712,44.10112359550562,1.019985403824129,26.020020821611816,-65.45058558249639,91.47060640410814,15.670749625176995,105.69166654980003,13,-67.89705130000002,-150.8123872298493,121.36241617497704,322,1.2313288044360493,45.962732919254655,-40.64116666810303,-63.578749996103056,7,5,10.0,,55.0,grid,H5 TP10.0 ST∞ RSI55 grid,False,False,480.0,464.0
701,43.65192582025678,0.9981544864472229,-2.372024596269359,-43.63446453279634,41.26243993652697,-15.504916882823,66.2586665523,11,-67.89705130000002,-133.4715994422304,50.753749669476996,317,1.096785650137489,44.479495268138805,-40.64116666810303,-86.98624998410308,4,5,10.0,,60.0,grid,H5 TP10.0 ST∞ RSI60 grid,False,False,512.0,525.0
701,43.65192582025678,0.9995666164493985,-0.5570245962693356,-44.67446453279633,44.11743993652697,-12.649916882823007,66.2586665523,12,-67.89705130000002,-134.09659944223043,53.60874966947699,317,1.1022300366693616,44.479495268138805,-40.64116666810303,-83.08624998410308,5,5,10.0,,,grid,H5 TP10.0 ST∞ RSI∞ grid,False,False,506.0,523.0
881,41.43019296254257,1.0964186077273055,127.08327066389865,-40.95206919565783,168.0353398595565,60.80829974045375,116.4793465784799,17,-38.567132048585364,-110.15695843279339,177.28764631893364,406,1.3235341221719779,45.566502463054185,0.5525333011319388,-35.07799997312001,10,5,,2.0,50.0,grid,H5 TP∞ ST2.0 RSI50 grid,False,False,294.0,292.0
831,37.785800240673886,1.04361104549268,58.0704590403757,-53.64960426134781,111.72006330172351,48.74621630621674,83.62666324247992,14,-40.54172713453537,-154.12576166406475,132.37287954869666,377,1.2347901572428577,40.58355437665783,-24.60148333446005,-60.43194325806305,8,5,,2.0,55.0,grid,H5 TP∞ ST2.0 RSI55 grid,False,False,428.0,447.0
818,37.89731051344744,1.0512035307041379,67.16885318273766,-44.612876961267794,111.78173014400548,62.698949777698694,57.982863244979924,14,-40.54172713453537,-111.73382020544338,120.6818130226786,370,1.2175311903648465,40.54054054054054,-14.776699919821061,-57.636459895603046,8,5,,2.0,60.0,grid,H5 TP∞ ST2.0 RSI60 grid,False,False,402.0,466.0
817,37.69889840881273,1.0449696179069672,58.93515324033766,-41.932876961267766,100.86803020160552,59.285649835298685,53.54246324497992,14,-40.54172713453537,-121.59370102176476,112.8281130802786,369,1.2038326573136717,40.10840108401084,-14.776699919821061,-57.636459895603046,8,5,,2.0,,grid,H5 TP∞ ST2.0 RSI∞ grid,False,False,425.0,475.0
812,46.18226600985222,1.1086613195098933,144.9708969006349,-60.68837278480497,205.65926968543994,103.51352638216088,142.17380326294796,15,-42.94563434962204,-130.39477551203356,245.6873296451088,375,1.467467881639235,50.4,4.922759961069973,-39.097500000000025,10,5,,3.0,50.0,grid,H5 TP∞ ST3.0 RSI50 grid,False,False,254.0,122.0
765,42.22222222222222,1.0373720456695013,50.323670348629776,-114.42048111225502,164.74415146088478,90.47100961208778,113.8736699031479,12,-52.05563434962204,-186.08934223320585,204.3446795152357,346,1.3862690884935216,45.95375722543353,-2.7308066876030774,-39.87540665500001,8,5,,3.0,55.0,grid,H5 TP∞ ST3.0 RSI55 grid,False,False,448.0,215.0
751,41.81091877496671,1.0247000036242808,32.752083241933896,-96.73502670555499,129.48710994748885,89.4182097723098,66.95306990564795,13,-52.05563434962204,-157.58336282812388,156.37127967795774,339,1.2968582843292993,44.83775811209439,-3.0781066439300746,-39.87540665500001,9,5,,3.0,60.0,grid,H5 TP∞ ST3.0 RSI60 grid,False,False,470.0,364.0
749,41.7890520694259,1.0324820683950917,43.102083203033885,-81.25502680205499,124.35711000508886,78.25300982990979,76.04826990564796,13,-52.05563434962204,-146.0847227558432,154.30127973555773,337,1.2923984404768523,44.80712166172107,-3.0781066439300746,-39.87540665500001,9,5,,3.0,,grid,H5 TP∞ ST3.0 RSI∞ grid,False,False,459.0,380.0
783,46.61558109833972,1.0524182288575277,70.44191234381931,-88.78798066696662,159.22989301078593,66.5542330960609,111.00289322330393,13,-52.434518041333824,-143.72167108983396,177.55712631936484,362,1.3214604278507003,50.0,-3.292066671539052,-44.53080000000001,8,5,,4.0,50.0,grid,H5 TP∞ ST4.0 RSI50 grid,False,False,391.0,291.0
740,43.24324324324324,1.0088890686302876,11.936919084255234,-140.24731390741667,152.1842329916719,67.14578294149689,88.93895986350391,13,-55.08451804133382,-176.97796956329094,156.0847428050008,334,1.2855220863218462,46.10778443113773,-26.6562666681031,-51.85143332310309,7,5,,4.0,55.0,grid,H5 TP∞ ST4.0 RSI55 grid,False,False,494.0,367.0
726,42.011019283746556,0.9591033043218,-54.94945962956275,-123.91185950021662,68.9623998706539,35.60224975942889,49.967959866003916,11,-55.08451804133382,-170.85968588496647,85.57020962543281,328,1.1564103571723758,44.81707317073171,-26.6562666681031,-61.86686665817111,6,5,,4.0,60.0,grid,H5 TP∞ ST4.0 RSI60 grid,False,False,536.0,498.0
725,41.793103448275865,0.9592817960536113,-54.98405966846275,-111.91185959671661,56.92779992825389,27.577649817028856,49.01795986600393,11,-55.08451804133382,-165.6342859814665,76.59560968303278,327,1.1383022934269718,44.342507645259936,-26.6562666681031,-59.1464666581711,6,5,,4.0,,grid,H5 TP∞ ST4.0 RSI∞ grid,False,False,537.0,507.0
762,47.9002624671916,1.0879147778057219,114.83829749731822,-40.39398568457452,155.23228318189277,61.69929978114291,123.23733318029996,16,-64.65025130000004,-137.65069422992755,184.93663296144288,350,1.3530957790188798,50.857142857142854,-7.875499997800039,-39.798,8,5,,6.0,50.0,grid,H5 TP∞ ST6.0 RSI50 grid,False,False,331.0,268.0
719,44.22809457579972,1.0342555103378004,45.20193744630336,-73.04565228052456,118.2475897268279,47.50658291549691,102.50106654619995,14,-66.69025130000004,-158.92120384227752,150.00764946169684,325,1.2851245189633627,46.46153846153846,-27.199866668103052,-56.41424999610308,8,5,,6.0,55.0,grid,H5 TP∞ ST6.0 RSI55 grid,False,False,452.0,391.0
708,43.92655367231638,1.0134158591135607,17.453891999253376,-53.110197873324516,70.56408987257788,16.330916407496915,64.77206654869993,13,-66.69025130000004,-135.3804160838275,81.10298295619684,319,1.1550102555858128,45.141065830721004,-27.199866668103052,-74.16174998410311,6,5,,6.0,60.0,grid,H5 TP∞ ST6.0 RSI60 grid,False,False,488.0,501.0
707,43.84724186704385,1.0247592457436934,32.10889196035339,-41.110197969824505,73.21908993017786,19.56091646509691,67.25706654869994,14,-66.69025130000004,-122.10041618032753,86.81798301379683,318,1.1672582635668762,44.9685534591195,-27.199866668103052,-65.5767499841031,7,5,,6.0,,grid,H5 TP∞ ST6.0 RSI∞ grid,False,False,472.0,496.0
755,47.682119205298015,1.0892624921077083,114.98051416630054,-9.972252398046429,124.95276656434697,34.54993317659694,121.23133318390003,16,-65.24705130000001,-120.93766082679748,155.78126636049697,346,1.2972207972489065,49.71098265895954,-28.978833298303023,-49.81,8,5,,,50.0,grid,H5 TP∞ ST∞ RSI50 grid,False,False,330.0,369.0
712,44.10112359550562,1.0287583899662571,37.44202080193167,-63.36658561049643,100.80860641242808,30.498749633496953,100.20166654979998,13,-67.89705130000002,-151.12838722984935,130.70041618329694,322,1.2491279587857287,45.962732919254655,-40.64116666810303,-63.578749996103056,7,5,,,55.0,grid,H5 TP∞ ST∞ RSI55 grid,False,False,465.0,450.0
700,43.714285714285715,0.9994693950879209,-0.680024543949496,-48.21446448879639,47.53443994484688,-0.6769168745030474,58.78866655229996,11,-67.89705130000002,-139.9375993702305,58.111749677796915,316,1.1116024153995014,44.620253164556964,-40.64116666810303,-86.98624998410308,4,5,,,60.0,grid,H5 TP∞ ST∞ RSI60 grid,False,False,507.0,522.0
699,43.63376251788269,0.9971454295174098,-3.6900245583495357,-38.66446456079638,34.974440002446855,-12.661916816903057,61.27366655229997,11,-67.89705130000002,-144.32259944223046,48.61174973539691,315,1.0914144179706264,44.44444444444444,-40.64116666810303,-93.61624998410308,4,5,,,,grid,H5 TP∞ ST∞ RSI∞ grid,False,False,513.0,529.0
898,44.65478841870824,1.1187483808643803,161.74008015958412,32.43295267679109,129.30712748279305,45.15647642686402,90.40364028897099,17,-39.08761988762005,-83.84893085790522,135.56011671583502,416,1.226201612279508,46.875,-6.94742998359999,-30.540549983600016,9,7,3.0,2.0,50.0,grid,H7 TP3.0 ST2.0 RSI50 grid,False,False,220.0,433.0
866,43.071593533487295,1.1276786387301534,170.6850630466839,32.95704563782179,137.72801740886212,62.35244305124703,78.65695029215705,17,-39.08761988762005,-77.9718308831052,141.00939334340407,395,1.242700143807787,45.063291139240505,-8.446829983599972,-48.97861663160002,9,7,3.0,2.0,55.0,grid,H7 TP3.0 ST2.0 RSI55 grid,False,False,204.0,420.0
865,43.12138728323699,1.1307562808342266,174.40839638818392,33.78704563782179,140.62135075036215,63.072443051247056,78.65695029215705,17,-39.08761988762005,-78.42183088310519,141.72939334340413,395,1.2439393811337436,45.063291139240505,-8.446829983599972,-48.97861663160002,9,7,3.0,2.0,60.0,grid,H7 TP3.0 ST2.0 RSI60 grid,False,False,196.5,414.5
865,43.12138728323699,1.1307562808342266,174.40839638818392,33.78704563782179,140.62135075036215,63.072443051247056,78.65695029215705,17,-39.08761988762005,-78.42183088310519,141.72939334340413,395,1.2439393811337436,45.063291139240505,-8.446829983599972,-48.97861663160002,9,7,3.0,2.0,,grid,H7 TP3.0 ST2.0 RSI∞ grid,False,False,196.5,414.5
798,51.37844611528822,1.1477756967204966,194.4848591350294,16.114885961755256,178.36997317327413,85.00961314481611,94.83067026711298,15,-30.425166556760068,-78.77698890664603,179.8402834119291,371,1.3155894201868152,53.63881401617251,-7.079183382480047,-38.00859992368002,8,7,3.0,3.0,50.0,grid,H7 TP3.0 ST3.0 RSI50 grid,False,False,165.0,285.0
776,49.48453608247423,1.1366758479291614,179.4077807291733,1.8185709848181402,177.5892097443552,77.39154641324312,99.63006027126704,15,-30.425166556760068,-74.29930655212996,177.02160668451018,357,1.3145031000576823,52.10084033613446,-6.662549971560036,-42.767506638599976,8,7,3.0,3.0,55.0,grid,H7 TP3.0 ST3.0 RSI55 grid,False,False,189.0,294.0
775,49.54838709677419,1.1411334790785264,184.62611407067337,2.6485709848181402,181.97754308585525,78.11154641324316,99.63006027126704,15,-30.425166556760068,-74.29930655212996,177.7416066845102,357,1.3157822785505378,52.10084033613446,-6.662549971560036,-42.767506638599976,8,7,3.0,3.0,60.0,grid,H7 TP3.0 ST3.0 RSI60 grid,False,False,180.5,288.5
775,49.54838709677419,1.1411334790785264,184.62611407067337,2.6485709848181402,181.97754308585525,78.11154641324316,99.63006027126704,15,-30.425166556760068,-74.29930655212996,177.7416066845102,357,1.3157822785505378,52.10084033613446,-6.662549971560036,-42.767506638599976,8,7,3.0,3.0,,grid,H7 TP3.0 ST3.0 RSI∞ grid,False,False,180.5,288.5
752,52.26063829787234,1.1051645099471803,139.48741662543222,-2.9987319414689613,142.48614856690114,67.846053287044,79.14392042875701,11,-30.845199889472028,-108.95089423496209,146.98997371580106,348,1.251585003512242,54.88505747126437,-24.560616100920015,-43.649299946240006,5,7,3.0,4.0,50.0,grid,H7 TP3.0 ST4.0 RSI50 grid,False,False,271.0,403.0
730,50.273972602739725,1.0875798888695973,115.75382323212521,-17.969505225766085,133.72332845789126,46.74445318688003,86.37022043291114,10,-34.001016151685974,-104.91954388245792,133.11467361979118,333,1.2315576469915677,52.85285285285285,-34.001016151685974,-43.649299946240006,5,7,3.0,4.0,55.0,grid,H7 TP3.0 ST4.0 RSI55 grid,False,False,328.0,445.0
730,50.273972602739725,1.0884954814660805,116.96395657362524,-17.139505225766086,134.10346179939125,47.941253186880054,86.37022043291114,10,-34.001016151685974,-105.36954388245792,134.31147361979117,333,1.2336395225983925,52.85285285285285,-34.001016151685974,-43.649299946240006,5,7,3.0,4.0,60.0,grid,H7 TP3.0 ST4.0 RSI60 grid,False,False,319.5,438.5
730,50.273972602739725,1.0884954814660805,116.96395657362524,-17.139505225766086,134.10346179939125,47.941253186880054,86.37022043291114,10,-34.001016151685974,-105.36954388245792,134.31147361979117,333,1.2336395225983925,52.85285285285285,-34.001016151685974,-43.649299946240006,5,7,3.0,4.0,,grid,H7 TP3.0 ST4.0 RSI∞ grid,False,False,319.5,438.5
706,53.82436260623229,1.0888281265283355,116.60833524734788,-3.5712652114952563,120.17960045884314,85.21923657255209,75.69104404583103,12,-53.89199913833404,-125.03854990253,160.91028061838313,326,1.2904910797269187,56.13496932515337,-53.89199913833404,-61.72059913833402,6,7,3.0,6.0,50.0,grid,H7 TP3.0 ST6.0 RSI50 grid,False,False,322.0,348.0
688,52.18023255813954,1.0890742028354892,116.81702517936483,-20.668405158112378,137.48543033747725,87.42886987095208,85.6747606390651,14,-63.33239918910001,-116.36086623922584,173.10363051001718,315,1.321157114040214,54.920634920634924,-63.33239918910001,-71.16099918910002,7,7,3.0,6.0,55.0,grid,H7 TP3.0 ST6.0 RSI55 grid,False,False,321.0,306.0
688,52.18023255813954,1.0896333771742168,117.55035852086486,-19.83840515811238,137.38876367897726,88.14886987095213,85.6747606390651,14,-63.33239918910001,-116.81086623922582,173.8236305100172,315,1.3224929215066876,54.920634920634924,-63.33239918910001,-71.16099918910002,7,7,3.0,6.0,60.0,grid,H7 TP3.0 ST6.0 RSI60 grid,False,False,317.5,299.5
688,52.18023255813954,1.0896333771742168,117.55035852086486,-19.83840515811238,137.38876367897726,88.14886987095213,85.6747606390651,14,-63.33239918910001,-116.81086623922582,173.8236305100172,315,1.3224929215066876,54.920634920634924,-63.33239918910001,-71.16099918910002,7,7,3.0,6.0,,grid,H7 TP3.0 ST6.0 RSI∞ grid,False,False,317.5,299.5
676,53.25443786982249,1.0423509139010496,55.40085666205866,-31.566226508884785,86.96708317094341,68.30313661851211,40.902026904891116,11,-58.20126629205399,-115.57789992019993,109.20516352340323,310,1.195611167673956,55.16129032258065,-58.20126629205399,-67.78463626258892,6,7,3.0,,50.0,grid,H7 TP3.0 ST∞ RSI50 grid,False,False,436.0,479.0
659,51.593323216995444,1.051973789733936,67.04652994243554,-47.7652331201419,114.81176306257741,98.35506991691209,34.88229349812516,13,-82.94696634281996,-106.60189955293563,133.23736341503724,300,1.2512629026012183,54.0,-82.94696634281996,-92.67693631335493,8,7,3.0,,55.0,grid,H7 TP3.0 ST∞ RSI55 grid,False,False,403.0,444.0
659,51.593323216995444,1.0531753340070964,68.59652994243558,-46.9352331201419,115.53176306257747,99.07506991691211,34.88229349812516,13,-82.94696634281996,-105.77189955293564,133.95736341503726,300,1.2526206995827551,54.0,-82.94696634281996,-92.67693631335493,8,7,3.0,,60.0,grid,H7 TP3.0 ST∞ RSI60 grid,False,False,395.5,441.5
659,51.593323216995444,1.0531753340070964,68.59652994243558,-46.9352331201419,115.53176306257747,99.07506991691211,34.88229349812516,13,-82.94696634281996,-105.77189955293564,133.95736341503726,300,1.2526206995827551,54.0,-82.94696634281996,-92.67693631335493,8,7,3.0,,,grid,H7 TP3.0 ST∞ RSI∞ grid,False,False,395.5,441.5
817,39.290085679314565,1.0217861045430658,29.55244651218804,-31.317163812570712,60.86961032475873,54.86100305601684,96.24064694083896,15,-41.617604316807785,-166.76423672512774,151.1016499968558,375,1.268117948269101,44.53333333333334,-2.587366686368051,-47.40044163860004,9,7,5.0,2.0,50.0,grid,H7 TP5.0 ST2.0 RSI50 grid,False,False,477.0,389.0
753,36.786188579017264,1.0610683847096265,78.10973345744435,-9.963273312688514,88.07300677013289,93.49726963273497,71.51734371470097,14,-41.64823326263004,-119.83553808275157,165.01461334743593,339,1.308819472868839,40.707964601769916,-16.665266631738056,-51.63053331462208,8,7,5.0,2.0,55.0,grid,H7 TP5.0 ST2.0 RSI55 grid,False,False,376.0,332.0
748,36.36363636363637,1.0531455132254117,67.8433136077994,-7.490273373168497,75.3335869809679,95.56173638160195,59.48812383516901,12,-41.64823326263004,-124.41037140593156,155.04986021677095,337,1.2896659834160764,39.46587537091988,-15.067266631738043,-59.30400323965403,7,7,5.0,2.0,60.0,grid,H7 TP5.0 ST2.0 RSI60 grid,False,False,398.0,375.5
748,36.229946524064175,1.0481469431821797,61.60664696779939,-8.315273373168496,69.92192034096786,95.56173638160195,59.48812383516901,12,-41.64823326263004,-130.64703804593154,155.04986021677095,337,1.2896659834160764,39.46587537091988,-15.067266631738043,-59.30400323965403,7,7,5.0,2.0,,grid,H7 TP5.0 ST2.0 RSI∞ grid,False,False,416.0,375.5
731,47.60601915184679,1.1705973097992686,219.698203595362,-13.00478073252592,232.70298432788792,125.926776451965,151.92735128142294,14,-33.791933223514,-114.50243887787613,277.8541277333879,336,1.5371502143626379,52.976190476190474,-6.611416672360056,-37.613081638600015,9,7,5.0,3.0,50.0,grid,H7 TP5.0 ST3.0 RSI50 grid,False,False,132.0,47.0
673,44.72511144130758,1.1952409690848163,240.26922890530912,43.441064750026115,196.82816415528296,115.40210962677503,155.77646472601796,14,-35.65903326123005,-91.72051024215999,271.178574352793,306,1.5476026279207646,48.69281045751634,-19.39074991636005,-40.36859992368002,8,7,5.0,3.0,55.0,grid,H7 TP5.0 ST3.0 RSI55 grid,False,False,105.0,70.0
665,44.962406015037594,1.201479305122761,243.72838318991415,44.18989806604613,199.53848512386804,114.84285967986,138.626714800018,15,-35.65903326123005,-97.44076517636049,253.469574479878,304,1.5097238664978505,48.026315789473685,-19.041249916360023,-40.36859992368002,8,7,5.0,3.0,60.0,grid,H7 TP5.0 ST3.0 RSI60 grid,False,False,97.0,106.0
664,44.72891566265061,1.1901802759702846,230.91496654991408,43.36489806604614,187.550068483868,114.84285967986,133.98046480001798,15,-35.65903326123005,-97.44076517636049,248.82332447987795,303,1.5003803209477566,47.85478547854785,-19.041249916360023,-40.36859992368002,8,7,5.0,3.0,,grid,H7 TP5.0 ST3.0 RSI∞ grid,False,False,121.0,115.0
689,48.76632801161103,1.1035797955402833,135.58238675375412,-50.88158202684678,186.4639687806009,93.09882492026395,122.54129384058696,12,-33.331219940000025,-155.5270276867488,215.6401187608509,318,1.3989176159931695,54.40251572327044,-15.834450009272043,-44.031799946240035,6,7,5.0,4.0,50.0,grid,H7 TP5.0 ST4.0 RSI50 grid,False,False,280.0,188.0
626,45.846645367412144,1.1339534047786703,162.45046230915355,-1.439596219598298,163.89005852875187,84.45469139474993,135.332717258847,15,-33.28816670694503,-130.02529030180514,219.78740865359694,286,1.449049615408132,49.65034965034965,-18.72594996067202,-50.46723326824004,8,7,5.0,4.0,55.0,grid,H7 TP5.0 ST4.0 RSI55 grid,False,False,219.0,175.0
622,45.98070739549839,1.123145216630445,149.5421281423586,-0.21826290357828257,149.7603910459369,94.71085805583493,111.51871725884699,15,-43.21571335084504,-135.57529030180513,206.22957531468197,285,1.4153486768040278,49.824561403508774,-22.55714996067201,-50.46723326824004,8,7,5.0,4.0,60.0,grid,H7 TP5.0 ST4.0 RSI60 grid,False,False,244.0,211.0
621,45.893719806763286,1.1140753883966474,138.52812814235864,-1.0432629035782826,139.5713910459369,84.52185805583493,111.51871725884699,15,-43.21571335084504,-135.57529030180513,196.04057531468192,284,1.394827916571172,49.647887323943664,-22.55714996067201,-50.46723326824003,8,7,5.0,4.0,,grid,H7 TP5.0 ST4.0 RSI∞ grid,False,False,272.0,237.0
642,49.68847352024922,1.0834390358080743,107.26048256401397,-39.338560042837,146.599042606851,99.07819160710596,103.17381747889502,11,-55.71319994000003,-176.32864987508006,202.25200908600098,293,1.4046499090343783,53.58361774744027,-19.32049915468005,-45.573799993400044,6,7,5.0,6.0,50.0,grid,H7 TP5.0 ST6.0 RSI50 grid,False,False,340.0,224.0
595,47.56302521008403,1.1444589836963999,172.84034017663149,3.155864689271417,169.6844754873601,95.36454137980999,154.88970074689504,14,-44.429033164810065,-135.0223683606737,250.25424212670504,274,1.5509703946786326,51.09489051094891,-8.880999998399979,-38.20799991599998,8,7,5.0,6.0,55.0,grid,H7 TP5.0 ST6.0 RSI55 grid,False,False,201.0,113.0
590,47.28813559322034,1.1302874449666767,157.3874860751825,1.6771980052914361,155.71028806989105,98.58660815424099,139.70130069889504,13,-44.429033164810065,-140.84888918855364,238.28790885313606,270,1.513946145102275,50.74074074074074,-9.454099207280052,-34.87550004600003,7,7,5.0,6.0,60.0,grid,H7 TP5.0 ST6.0 RSI60 grid,False,False,232.0,142.0
589,47.198641765704586,1.1257582717709538,151.9162360751825,0.8521980052914361,151.06403806989104,98.58660815424099,135.055050698895,13,-44.429033164810065,-140.84888918855364,233.641658853136,269,1.5039249808385307,50.55762081784386,-9.454099207280052,-34.87550004600003,7,7,5.0,6.0,,grid,H7 TP5.0 ST6.0 RSI∞ grid,False,False,240.0,149.0
617,49.91896272285251,1.0463948564733943,59.39898204099827,-37.534609845426914,96.93359188642518,84.12322478600001,45.41295038737511,12,-42.608166248399975,-155.68966652600002,129.5361751733751,282,1.2433019711019677,52.836879432624116,-42.608166248399975,-53.86416624839998,7,7,5.0,,50.0,grid,H7 TP5.0 ST∞ RSI50 grid,False,False,423.0,455.0
580,47.93103448275862,1.124244392359691,148.88539730446172,-9.93361086361852,158.81900816808022,111.83864129175004,120.00428359137513,13,-29.265999827034598,-118.78908259002637,231.84292488312516,269,1.5018202771832043,52.04460966542751,-16.085166300999983,-48.93500005300001,7,7,5.0,,55.0,grid,H7 TP5.0 ST∞ RSI55 grid,False,False,246.0,153.0
573,47.99301919720768,1.1276927945295732,150.5589430606668,-11.41227754759851,161.97122060826524,121.48114133313501,112.41718354337513,13,-35.97416659524497,-124.33908259002636,233.89832487651017,264,1.5187428335530535,51.89393939393939,-32.74176630099998,-48.93500005300001,7,7,5.0,,60.0,grid,H7 TP5.0 ST∞ RSI60 grid,False,False,242.0,147.5
573,47.99301919720768,1.1269930914541841,149.73394306066677,-12.237277547598511,161.97122060826524,121.48114133313501,112.41718354337513,13,-35.97416659524497,-124.33908259002636,233.89832487651017,264,1.5187428335530535,51.89393939393939,-32.74176630099998,-48.93500005300001,7,7,5.0,,,grid,H7 TP5.0 ST∞ RSI∞ grid,False,False,243.0,147.5
803,39.22789539227895,1.0436301768588625,57.829379802540366,-29.72086363645131,87.55024343899167,55.42075302820088,100.2933968491079,15,-42.59256658345006,-143.15980329082834,155.71414987730878,368,1.282955043436619,44.29347826086957,-1.98486668636806,-46.20156663860004,9,7,7.0,2.0,50.0,grid,H7 TP7.0 ST2.0 RSI50 grid,False,False,431.0,371.0
736,35.59782608695652,1.0693406976979971,88.08463497818117,7.286428311592395,80.79820666658881,118.49926964968397,44.317943607897895,12,-45.64143326263004,-100.38480644345307,162.81721325758187,329,1.3087271375701444,39.81762917933131,-6.422549983600041,-49.52161663860007,7,7,7.0,2.0,55.0,grid,H7 TP7.0 ST2.0 RSI55 grid,False,False,363.0,344.0
722,34.62603878116344,1.044665680734952,56.89217520863703,18.85169489875012,38.04048030988688,95.41188651226597,31.321283699397963,13,-47.67343326263004,-118.0653563094531,126.73317021166392,323,1.235459316431882,37.15170278637771,-14.176233287818038,-51.612826631738045,7,7,7.0,2.0,60.0,grid,H7 TP7.0 ST2.0 RSI60 grid,False,False,434.0,457.0
724,34.11602209944751,1.0273881284035349,35.21394183603696,20.020028212150116,15.193913623886823,95.98188651226596,13.316383653397928,13,-47.67343326263004,-122.90702294945312,109.2982701656639,325,1.199724573664749,36.30769230769231,-16.63716663173807,-60.2106266777381,7,7,7.0,2.0,,grid,H7 TP7.0 ST2.0 RSI∞ grid,False,False,468.0,478.0
721,47.156726768377254,1.1968145139403774,250.59343668368751,12.581002520324093,238.01243416336342,108.66222637464993,162.69933455372794,17,-33.791933223514,-114.6303388778761,271.36156092837786,330,1.5352757210114965,52.121212121212125,4.66363328431997,-37.45449995968004,10,7,7.0,3.0,50.0,grid,H7 TP7.0 ST3.0 RSI50 grid,False,False,91.0,68.0
661,42.662632375189105,1.1621712295102535,201.15482223432335,85.81486637326702,115.33995586105631,119.90512635155,52.92989799982286,15,-35.45813326123004,-89.2111685223165,172.83502435137285,298,1.3371799436736547,44.966442953020135,-11.190199959680031,-41.213099923680026,7,7,7.0,3.0,55.0,grid,H7 TP7.0 ST3.0 RSI55 grid,False,False,155.0,310.0
639,43.03599374021909,1.1940919221632067,233.5785386842292,99.93298275907473,133.64555592515447,107.69630972264999,65.83704804582293,16,-32.22863326123002,-76.00113323623006,173.53335776847288,288,1.3439784273108333,44.09722222222222,-6.867200000000032,-41.213099923680026,8,7,7.0,3.0,60.0,grid,H7 TP7.0 ST3.0 RSI60 grid,False,False,116.0,301.0
641,42.27769110764431,1.1762979536528708,216.85920534549422,101.10131607247472,115.7578892730195,101.67410975651501,61.31374799982291,16,-32.22863326123002,-79.12274185761846,162.9878577563379,290,1.3094963517014966,42.758620689655174,-6.867200000000032,-41.21309992368005,8,7,7.0,3.0,,grid,H7 TP7.0 ST3.0 RSI∞ grid,False,False,135.0,343.0
683,48.90190336749634,1.1559021575804334,200.4402614798839,-31.465432142663467,231.90569362254737,96.53306652126395,141.5729105139079,13,-33.011219940000025,-139.81326101364542,238.10597703517186,313,1.4565656548974701,54.632587859424916,-12.038066644472046,-44.031799946240035,7,7,7.0,4.0,50.0,grid,H7 TP7.0 ST4.0 RSI50 grid,False,False,157.0,143.0
619,44.26494345718901,1.1119061428935793,136.57063910840435,27.593672060920973,108.9769670474834,111.946933125,37.44295064106791,16,-33.502666704800035,-116.47783310091206,149.38988376606792,280,1.3025212092567353,46.785714285714285,-23.55639988847201,-51.77973326824004,8,7,7.0,4.0,55.0,grid,H7 TP7.0 ST4.0 RSI55 grid,False,False,278.0,392.0
607,43.986820428336074,1.1304206527882932,158.90067549421218,49.47490509702863,109.42577039718353,110.21558310410005,55.907950641067956,16,-47.043679980700006,-101.68103308891203,166.12353374516798,274,1.3390353468549125,45.98540145985402,-20.561949888472,-51.77973326824004,8,7,7.0,4.0,60.0,grid,H7 TP7.0 ST4.0 RSI60 grid,False,False,225.0,329.0
606,44.05940594059406,1.1293426230149644,157.64947549421217,47.949905097028626,109.69957039718355,99.19058310410006,67.20675064106794,16,-47.043679980700006,-101.68103308891203,166.397333745168,273,1.3392609593975457,46.15384615384615,-20.561949888472,-51.77973326824004,8,7,7.0,4.0,,grid,H7 TP7.0 ST4.0 RSI∞ grid,False,False,230.0,328.0
639,50.54773082942097,1.173630454258752,215.2681074282789,-22.347776780237023,237.61588420851595,98.54553320810602,136.47325087092003,14,-55.833199940000036,-173.76064987508005,235.018784079026,290,1.4883629665382694,54.82758620689655,-12.136666713700022,-40.47799995199998,7,7,7.0,6.0,50.0,grid,H7 TP7.0 ST6.0 RSI50 grid,False,False,140.0,145.0
587,45.826235093696766,1.1046196278707954,126.56137044628288,13.757766378887306,112.80360406739554,117.31463311006006,72.88987084901999,15,-37.60313316481005,-128.3249165652473,190.20450395908003,266,1.4157990521920196,48.1203007518797,-9.403199926199957,-38.20799991599998,8,7,7.0,6.0,55.0,grid,H7 TP7.0 ST6.0 RSI55 grid,False,False,296.0,255.0
572,45.10489510489511,1.1231175145613397,147.40215356763665,33.892199411194994,113.50995415644167,114.20328320250609,77.26607080101999,14,-34.37363316481004,-107.26181683327961,191.4693540035261,260,1.4124448188425915,46.15384615384615,-6.0454992072800335,-36.756799963999995,8,7,7.0,6.0,60.0,grid,H7 TP7.0 ST6.0 RSI60 grid,False,False,249.0,252.0
571,45.18388791593696,1.1228578656842716,146.63548688103663,34.36053272459499,112.27495415644167,114.7732832025061,75.46107080101999,14,-34.37363316481004,-105.26848351987961,190.23435400352605,259,1.4130857684845282,46.33204633204633,-6.0454992072800335,-36.756799963999995,8,7,7.0,6.0,,grid,H7 TP7.0 ST6.0 RSI∞ grid,False,False,250.0,254.0
615,50.40650406504065,1.123280338722431,152.42287359712327,-11.118326558426896,163.54120015555011,83.02956638700005,89.63808377940008,13,-30.230000064999995,-152.94166652600003,172.66765016640014,280,1.3461598073513557,53.92857142857142,-14.626666713700024,-50.126666623999995,7,7,7.0,,50.0,grid,H7 TP7.0 ST∞ RSI50 grid,False,False,238.0,312.0
569,45.86994727592268,1.0787660273104944,95.46864418404755,-0.2716757599026081,95.74031994395017,133.04173302200005,37.23270363820006,14,-41.58611577915696,-112.53438235395696,170.27443666020014,261,1.3611419841797994,49.42528735632184,-36.78446630099999,-51.777666301000004,8,7,7.0,,55.0,grid,H7 TP7.0 ST∞ RSI55 grid,False,False,349.0,323.0
550,45.45454545454545,1.0962170363167383,112.94981058442094,25.126757259405103,87.82305332501585,132.02581638140012,33.89185363570007,15,-40.58611577915696,-95.8503823379569,165.91767001710022,252,1.3587140987241066,46.82539682539682,-36.78446630099999,-51.777666301000004,8,7,7.0,,60.0,grid,H7 TP7.0 ST∞ RSI60 grid,False,False,333.0,330.0
550,45.63636363636363,1.1020923727555416,119.46814389782094,26.29509057280509,93.17305332501584,132.5958163814001,38.67185363570007,15,-40.58611577915696,-95.8503823379569,171.26767001710022,252,1.3732748476453247,47.22222222222222,-36.78446630099999,-51.777666301000004,8,7,7.0,,,grid,H7 TP7.0 ST∞ RSI∞ grid,False,False,311.0,322.0
803,39.22789539227895,1.062066284828581,82.26541849452927,-30.503774939098356,112.76919343362762,62.48715302283687,114.01074684910786,15,-42.59256658345006,-140.40084791787544,176.49789987194472,368,1.3207221114079093,44.29347826086957,-1.98486668636806,-46.201566638600035,9,7,10.0,2.0,50.0,grid,H7 TP10.0 ST2.0 RSI50 grid,False,False,372.0,296.0
732,35.92896174863388,1.115432597637994,145.12881507590706,12.358491913002327,132.7703231629047,126.8860362932399,61.214093607897844,15,-28.524730654355377,-102.61359245857459,188.10012990113773,329,1.3588601703542136,40.121580547112465,-7.2051999836000515,-50.50586663860007,9,7,10.0,2.0,55.0,grid,H7 TP10.0 ST2.0 RSI55 grid,False,False,253.0,261.0
703,34.70839260312945,1.0590805144194753,73.14578868480372,-13.83554139750098,86.98133008230472,108.07303646003989,43.81443369939789,13,-29.21902657840004,-114.25468116939403,151.88747015943778,315,1.2924276109176878,37.77777777777778,-15.061599983600052,-53.29362663173806,7,7,10.0,2.0,60.0,grid,H7 TP10.0 ST2.0 RSI60 grid,False,False,388.0,385.0
706,34.13597733711048,1.0243871342876416,30.539588739403708,-16.13387471610098,46.67346345550469,89.74103651923987,27.25023365339788,14,-29.21902657840004,-121.96468112799407,116.99127017263774,318,1.2204810956167407,36.79245283018868,-24.43876663173805,-68.64332667773806,8,7,10.0,2.0,,grid,H7 TP10.0 ST2.0 RSI∞ grid,False,False,476.0,469.0
719,47.14881780250348,1.2199817751814053,279.2260200153674,16.761435861124006,262.46458415424337,111.48952636552993,179.88898455372788,17,-33.791933223514,-110.17693887787615,291.37851091925785,328,1.579253462293012,52.13414634146341,4.39051665353,-37.45449995968004,10,7,10.0,3.0,50.0,grid,H7 TP10.0 ST3.0 RSI50 grid,False,False,66.0,15.0
655,43.20610687022901,1.2264529096133396,275.6683689759531,105.00064659117683,170.66772238477625,130.52644302250994,70.08954799982281,16,-26.008000000000045,-72.22720185331656,200.61599102233276,295,1.400187115429541,45.42372881355932,-4.249999959680068,-41.21309992368005,7,7,10.0,3.0,55.0,grid,H7 TP10.0 ST3.0 RSI55 grid,False,False,70.0,228.0
621,43.31723027375201,1.2015407810559873,232.45051908207188,28.853030000513513,203.59748908155834,110.60907639360991,98.41024804582287,17,-30.678014908000012,-95.74691801723611,209.0193244394328,280,1.4393410000378697,45.357142857142854,1.061700040319957,-41.21309992368005,10,7,10.0,3.0,60.0,grid,H7 TP10.0 ST3.0 RSI60 grid,False,False,117.0,200.0
620,42.74193548387097,1.1898351550521225,222.29771907747184,26.554696681913512,195.74302239555834,114.68307639360994,92.03894799982288,17,-30.678014908000012,-95.74691801723611,206.72202439343283,279,1.4228328210638792,44.44444444444444,2.5857000403199715,-41.213099923680026,10,7,10.0,3.0,,grid,H7 TP10.0 ST3.0 RSI∞ grid,False,False,125.0,208.0
681,48.89867841409692,1.1727462107272315,221.1905781528971,-31.89856546053025,253.08914361342735,96.40886651214394,158.44536051390784,13,-33.011219940000025,-134.6331943479121,254.8542270260518,311,1.4936432247011102,54.662379421221864,-6.4920666936999885,-44.03179994624004,7,7,10.0,4.0,50.0,grid,H7 TP10.0 ST4.0 RSI50 grid,False,False,127.0,103.0
614,44.951140065146575,1.1692805414060368,202.42858582536238,45.749652309839135,156.67893351552328,119.40684974027994,52.99420064106784,17,-33.502666704800035,-110.4992331009121,172.40105038134777,278,1.3555335009272536,47.482014388489205,-16.61619988847205,-51.779733268240015,8,7,10.0,4.0,55.0,grid,H7 TP10.0 ST4.0 RSI55 grid,False,False,152.0,315.0
590,44.237288135593225,1.1343159788461654,157.68157262359904,-27.10668094802421,184.7882535716233,121.09044976497991,107.89760064106787,16,-47.043679980700006,-132.81123305691207,228.9880504060478,267,1.4951831394944932,48.31460674157304,-8.984799888472052,-51.77973326824002,8,7,10.0,4.0,60.0,grid,H7 TP10.0 ST4.0 RSI60 grid,False,False,229.0,161.0
587,44.29301533219762,1.1223473286342356,143.10550598369915,-28.631680948024208,171.7371869317234,112.82744976497996,95.15120064106786,17,-47.043679980700006,-132.81123305691207,207.97865040604782,265,1.4502575301045038,48.301886792452834,-7.460799888472038,-51.779733268240015,9,7,10.0,4.0,,grid,H7 TP10.0 ST4.0 RSI∞ grid,False,False,261.0,203.0
637,50.39246467817896,1.1812883314400715,224.7623907599588,-24.89564343943707,249.65803419939593,94.633233198986,147.99250087091994,13,-53.85319994000003,-173.56864987508004,242.6257340699059,288,1.5041700122534118,54.513888888888886,-12.136666713700022,-40.47799995199998,7,7,10.0,6.0,50.0,grid,H7 TP10.0 ST6.0 RSI50 grid,False,False,123.0,131.0
582,46.391752577319586,1.1682158364649233,198.05893039430765,38.28427992447219,159.77465046983545,125.04774972533998,79.17900084901993,15,-23.955916652399996,-104.07530991820205,204.2267505743599,264,1.4500584009321722,48.484848484848484,-3.8916992072800465,-38.20799991599999,8,7,10.0,6.0,55.0,grid,H7 TP10.0 ST6.0 RSI55 grid,False,False,163.0,216.0
561,45.27629233511586,1.1476669580451668,168.8972638087443,-25.500053369191154,194.39731717793543,122.75374977604,132.0870008010199,16,-39.378966649800006,-162.7959529947757,254.8407505770599,255,1.5981723247403796,47.45098039215686,6.615200025799997,-36.756799964,10,7,10.0,6.0,60.0,grid,H7 TP10.0 ST6.0 RSI60 grid,False,False,205.0,104.0
560,45.357142857142854,1.138721107321963,159.0019304901443,-28.49838668779115,187.50031717793547,119.39674977604001,126.76200080101992,16,-39.378966649800006,-164.26928631337572,246.15875057705995,254,1.574520688586957,47.63779527559055,6.459200025800012,-36.756799964,10,7,10.0,6.0,,grid,H7 TP10.0 ST6.0 RSI∞ grid,False,False,224.0,121.0
613,50.08156606851549,1.1162337953548405,144.71949029020314,-29.763859867226948,174.48335015743007,79.11726637788003,101.1573337794,13,-30.230000064999995,-152.74966652600006,180.27460015728002,278,1.3614100313558914,53.597122302158276,-14.626666713700024,-50.126666623999995,7,7,10.0,,50.0,grid,H7 TP10.0 ST∞ RSI50 grid,False,False,256.0,284.0
566,46.28975265017668,1.1196358802603938,143.22790414427232,8.814637721282272,134.41326642299,139.00284963728,43.35333363819998,14,-40.06975223252199,-111.75941880732198,182.35618327548002,259,1.3897966381992124,49.80694980694981,-34.630666301000005,-51.724666301,8,7,10.0,,55.0,grid,H7 TP10.0 ST∞ RSI55 grid,False,False,260.0,275.0
543,45.30386740331492,1.0964522547923214,110.51623759857449,-56.64969557238107,167.16593317095558,134.15584968797998,84.30633366149996,14,-41.511666608800006,-142.01394548106558,218.46218334947991,248,1.5028929606440218,47.58064516129033,-9.080666300999999,-51.18300005300001,8,7,10.0,,60.0,grid,H7 TP10.0 ST∞ RSI60 grid,False,False,337.0,180.0
543,45.48802946593002,1.0945882963506754,108.65290426797455,-57.74802890298107,166.40093317095562,130.34584968798,85.5663336615,14,-41.511666608800006,-142.28727881166557,215.91218334948002,248,1.4937495466560269,47.983870967741936,-9.044666300999992,-51.18300005300001,8,7,10.0,,,grid,H7 TP10.0 ST∞ RSI∞ grid,False,False,339.0,187.0
803,39.22789539227895,1.059650114336962,79.06291850284921,-30.17027493909836,109.23319344194755,62.255153031156844,113.65074684910786,15,-42.59256658345006,-143.01134791787547,175.9058998802647,368,1.3196463621359755,44.29347826086957,-1.98486668636806,-46.201566638600035,9,7,,2.0,50.0,grid,H7 TP∞ ST2.0 RSI50 grid,False,False,375.0,297.0
730,36.02739726027397,1.1314679344100995,164.89366162753493,2.9908886089703066,161.9027730185646,147.08648618255984,69.72409360789784,13,-30.01233393038738,-107.0811957346066,216.81057979045767,327,1.416023568346983,40.36697247706422,-7.2051999836000515,-50.50586663860007,8,7,,2.0,55.0,grid,H7 TP∞ ST2.0 RSI55 grid,False,False,212.0,186.0
703,34.56614509246088,1.072722214331074,90.2435990090676,-18.510781047897016,108.7543800569646,121.56028646835983,51.67823369939785,12,-31.375970266751374,-125.67392078179009,173.23852016775768,316,1.3299353074544829,37.34177215189873,-17.553599983600062,-53.29362663173806,7,7,,2.0,60.0,grid,H7 TP∞ ST2.0 RSI60 grid,False,False,356.0,305.0
702,34.04558404558404,1.0449930874876425,56.11706582566757,-30.142447666497006,86.25951349216456,111.60748659855982,43.647833653397825,12,-31.375970266751374,-139.38392074039015,155.25532025195764,316,1.2938366750727606,36.708860759493675,-21.345166631738074,-65.68972667773808,7,7,,2.0,,grid,H7 TP∞ ST2.0 RSI∞ grid,False,False,435.0,374.0
717,47.00139470013947,1.1907828677667671,242.58337005818728,-5.249214104376023,247.8325841625633,102.7015263738499,176.98898455372787,16,-33.791933223514,-109.89693887787615,279.6905109275778,328,1.556017999797504,52.13414634146341,4.39051665353,-37.45449995968002,10,7,,3.0,50.0,grid,H7 TP∞ ST3.0 RSI50 grid,False,False,101.0,41.0
653,42.87901990811638,1.207725036154821,254.34136568108104,69.24839332164481,185.0929723594362,135.39969303082992,79.2195479998228,14,-26.008000000000045,-75.17120185331656,214.61924103065272,293,1.4290107009028574,45.39249146757679,-2.902850000000035,-41.21309992368005,7,7,,3.0,55.0,grid,H7 TP∞ ST3.0 RSI55 grid,False,False,88.0,190.0
620,43.064516129032256,1.1936046599743622,224.55987944083572,-0.22685961538251723,224.78673905621824,121.07632640192986,108.71024804582288,16,-30.678014908000012,-99.29815762963212,229.7865744477527,280,1.4829920089154511,45.357142857142854,1.101960032399936,-41.213099923680026,10,7,,3.0,60.0,grid,H7 TP∞ ST3.0 RSI60 grid,False,False,124.0,159.0
613,42.41435562805872,1.177742458434071,207.3737461982357,-4.645976233982498,212.01972243221826,138.25737647292988,79.04594799982284,18,-30.678014908000012,-98.37194096707212,217.30332447275273,276,1.4463434988948267,44.20289855072464,4.795960032399933,-41.21309992368005,10,7,,3.0,,grid,H7 TP∞ ST3.0 RSI∞ grid,False,False,145.0,183.0
681,48.89867841409692,1.1617979923453052,207.17207816121703,-31.285065460530248,238.4571436217473,87.62086652046389,155.54536051390784,13,-33.011219940000025,-134.3531943479121,243.16622703437176,311,1.4710040004138485,54.662379421221864,-6.4920666936999885,-44.031799946240035,7,7,,4.0,50.0,grid,H7 TP∞ ST4.0 RSI50 grid,False,False,146.0,127.0
614,44.951140065146575,1.1803220672486667,215.63223252399033,36.442049033807116,179.19018349018322,132.36609974859988,62.12420064106784,17,-33.502666704800035,-110.21923310091212,194.4903003896677,278,1.4010869843366855,47.482014388489205,-13.13619988847205,-51.77973326824002,8,7,,4.0,55.0,grid,H7 TP∞ ST4.0 RSI55 grid,False,False,139.0,242.0
589,44.312393887945674,1.1500115992639761,175.86758298586295,-32.601920560420226,208.46950354628322,134.04969977329986,118.19760064106784,16,-47.043679980700006,-133.5112330569121,252.24730041436777,267,1.5454809101466471,48.31460674157304,-5.5047998884720535,-51.77973326824002,8,7,,4.0,60.0,grid,H7 TP∞ ST4.0 RSI60 grid,False,False,194.0,111.0
581,44.40619621342513,1.1518476071573902,175.112416407963,-23.043520560420234,198.15593696838326,147.0591998442999,80.60120064106783,18,-47.043679980700006,-124.82783305691206,227.66040048536775,262,1.4982288337585354,48.091603053435115,-4.384799888472053,-51.77973326824002,9,7,,4.0,,grid,H7 TP∞ ST4.0 RSI∞ grid,False,False,195.0,164.0
637,50.39246467817896,1.1750837325150503,217.06989076827875,-28.342143439437077,245.41203420771583,93.80123320730597,147.52250087091994,14,-57.63319994000003,-173.56864987508004,241.32373407822587,288,1.5014644898805456,54.513888888888886,-12.136666713700022,-40.47799995199998,8,7,,6.0,50.0,grid,H7 TP∞ ST6.0 RSI50 grid,False,False,134.0,135.0
582,46.391752577319586,1.183702076446121,216.29257706493559,31.496676620440162,184.7959004444954,138.00699973365994,90.81900084901991,16,-25.334863211554016,-111.78522298654441,228.82600058267982,264,1.5042682392209334,48.484848484848484,-3.8916992072800465,-38.20799991599999,9,7,,6.0,55.0,grid,H7 TP∞ ST6.0 RSI55 grid,False,False,136.0,162.0
560,45.357142857142854,1.1690755439099285,193.11327413300825,-27.47529301958717,220.58856715259537,135.71299978435994,144.89700080101989,16,-39.378966649800006,-166.31519260717175,280.61000058537985,255,1.6586589311774913,47.45098039215686,10.0952000258,-36.756799964,10,7,,6.0,60.0,grid,H7 TP∞ ST6.0 RSI60 grid,False,False,166.0,38.0
554,45.30685920577617,1.1528642417885007,173.45380757640822,-33.15695963818716,206.6107672145954,148.64259985535992,111.28960080101989,16,-39.378966649800006,-167.13852592577175,259.9322006563798,250,1.6151475126124277,47.199999999999996,1.789900792719932,-43.742900046000024,10,7,,6.0,,grid,H7 TP∞ ST6.0 RSI∞ grid,False,False,199.0,88.0
613,50.08156606851549,1.1100554397787736,137.02699029852306,-33.210359867226956,170.23735016575003,78.28526638619999,100.68733377940002,14,-31.40999996500001,-152.74966652600006,178.9726001656,278,1.3587998141793844,53.597122302158276,-14.626666713700024,-50.126666623999995,8,7,,,50.0,grid,H7 TP∞ ST∞ RSI50 grid,False,False,277.0,286.0
566,46.28975265017668,1.1324605253529256,158.5815508429002,-0.7729655547497503,159.35451639764997,151.96209964559998,54.913333638199965,14,-41.557355508554,-113.247022083354,206.87543328379996,259,1.4422079195319153,49.80694980694981,-34.630666301000005,-51.666666301,8,7,,,55.0,grid,H7 TP∞ ST∞ RSI55 grid,False,False,226.0,207.0
542,45.38745387453875,1.1152165372123848,131.8322479608384,-61.444935184777094,193.2771831456155,147.11509969629995,97.03633366149995,15,-41.92099184491799,-144.5531850934616,244.1514333577999,248,1.5620287927378615,47.58064516129033,-7.7706663009999986,-49.32300005300003,9,7,,,60.0,grid,H7 TP∞ ST∞ RSI60 grid,False,False,287.0,124.0
538,45.539033457249076,1.096510378594975,111.1974146922384,-60.143268515377095,171.3406832076155,163.64259976729997,51.87233366149994,15,-47.99466630100002,-142.42651842406156,215.5149334287999,245,1.4828071705559311,47.755102040816325,-47.99466630100002,-79.936000053,9,7,,,,grid,H7 TP∞ ST∞ RSI∞ grid,False,False,334.0,189.0
865,44.85549132947977,1.1251627760311944,166.7214882235591,23.937060978800062,142.78442724475906,47.03182654668196,98.04860662624904,17,-36.064219887620034,-86.31486430582522,145.08043317293098,400,1.2505832444954126,46.75,-6.02742998359999,-29.620549983600014,9,10,3.0,2.0,50.0,grid,H10 TP3.0 ST2.0 RSI50 grid,False,False,209.0,406.0
837,43.847072879330945,1.1432792534939673,189.32612113195384,32.543537284025774,156.78258384792807,69.40112648366497,86.4281833054351,17,-36.064219887620034,-78.09406430582519,155.82930978910005,382,1.274960933247981,45.811518324607334,-4.820829983599978,-44.41928330760003,9,10,3.0,2.0,55.0,grid,H10 TP3.0 ST2.0 RSI55 grid,False,False,172.0,368.0
833,44.057623049219686,1.153501290902061,201.4549211229539,38.084937245025756,163.36998387792815,70.121126483665,89.3555833054351,18,-36.064219887620034,-79.7753643058252,159.4767097891001,381,1.282343043921008,45.93175853018373,-4.820829983599978,-44.41928330760003,9,10,3.0,2.0,60.0,grid,H10 TP3.0 ST2.0 RSI60 grid,False,False,154.0,351.5
834,44.00479616306954,1.1515167536262993,199.2744211229539,35.90443724502574,163.36998387792815,70.121126483665,89.3555833054351,18,-36.064219887620034,-79.7753643058252,159.4767097891001,381,1.282343043921008,45.93175853018373,-4.820829983599978,-44.41928330760003,9,10,3.0,2.0,,grid,H10 TP3.0 ST2.0 RSI∞ grid,False,False,161.0,351.5
744,51.47849462365591,1.1067999555595611,139.68265852176742,-3.306072858601695,142.98873138036913,59.14370335204905,78.46598644699503,15,-24.017841672300015,-94.46137703916102,137.60968979904408,337,1.2532781720842125,53.11572700296736,-8.643479939926983,-38.88164988479995,8,10,3.0,3.0,50.0,grid,H10 TP3.0 ST3.0 RSI50 grid,False,False,270.0,429.0
725,49.79310344827586,1.1087044168376583,143.00207214833236,-9.912289046487853,152.9143611948202,55.70493662047605,89.4083830060191,14,-24.017841672300015,-89.14362517809532,145.11331962649516,325,1.2673506033022535,52.0,-8.481679983600008,-47.16161663859999,7,10,3.0,3.0,55.0,grid,H10 TP3.0 ST3.0 RSI55 grid,False,False,262.0,405.0
721,50.20804438280167,1.1262873701987848,164.43647210668442,-5.324789090947871,169.76126119763228,56.424936620476075,92.7851830022311,14,-24.017841672300015,-87.15582522255531,149.21011962270717,324,1.2758997359157147,52.160493827160494,-8.481679983600008,-47.16161663859999,7,10,3.0,3.0,60.0,grid,H10 TP3.0 ST3.0 RSI60 grid,False,False,214.0,395.5
722,50.13850415512465,1.1231411794076833,160.85677210668445,-8.904489090947868,169.76126119763228,56.424936620476075,92.7851830022311,14,-24.017841672300015,-87.15582522255532,149.21011962270717,324,1.2758997359157147,52.160493827160494,-8.481679983600008,-47.16161663859999,7,10,3.0,3.0,,grid,H10 TP3.0 ST3.0 RSI∞ grid,False,False,221.0,395.5
690,53.04347826086957,1.0188304951622993,25.348189364986307,-41.69011867464294,67.03830803962921,28.51306663292204,36.41030646786709,9,-34.308766616518994,-125.13105318375905,64.92337310078914,313,1.1125865184836121,53.99361022364217,-16.409033394000033,-54.06695000000005,3,10,3.0,4.0,50.0,grid,H10 TP3.0 ST4.0 RSI50 grid,False,False,481.0,517.0
670,50.8955223880597,0.9987487537086902,-1.7089940004787116,-51.115858529168044,49.40686452868936,3.7982665551580546,38.27126304769117,10,-29.178049940200033,-119.67260279125483,42.06952960284923,300,1.0715561360062635,51.66666666666667,-20.177060044165952,-52.55575000000007,3,10,3.0,4.0,55.0,grid,H10 TP3.0 ST4.0 RSI55 grid,False,False,511.0,536.0
667,51.2743628185907,1.0101799590938558,13.80850594684136,-46.54625858844805,60.3547645352894,4.518266555158081,41.269263047691176,11,-29.178049940200033,-117.70270285053483,45.78752960284926,299,1.078141924786326,51.83946488294314,-20.177060044165952,-50.07153339969995,4,10,3.0,4.0,60.0,grid,H10 TP3.0 ST4.0 RSI60 grid,False,False,492.0,532.5
667,51.12443778110944,1.0033902205894858,4.617605946841347,-55.73715858844806,60.3547645352894,4.518266555158081,41.269263047691176,11,-29.178049940200033,-117.70270285053482,45.78752960284926,299,1.078141924786326,51.83946488294314,-20.177060044165952,-50.07153339969995,4,10,3.0,4.0,,grid,H10 TP3.0 ST4.0 RSI∞ grid,False,False,501.0,532.5
631,55.467511885895405,0.9707237261270587,-38.518741028447394,-39.47232929576866,0.9535882673212909,-3.8382999659038934,14.4204499078351,11,-38.924500030299996,-132.4145741468626,10.582149941931196,287,1.0184410541189628,56.09756097560976,-38.924500030299996,-68.51658326445401,5,10,3.0,6.0,50.0,grid,H10 TP3.0 ST6.0 RSI50 grid,False,False,531.0,559.0
611,53.51882160392799,0.9690473176658334,-40.96237452637237,-56.38153585602379,15.419161329651441,14.845933268877154,2.7838897703391674,12,-39.339309959365934,-131.18500251213965,17.629823039216326,273,1.031471750300883,53.84615384615385,-39.339309959365934,-68.715249952354,5,10,3.0,6.0,55.0,grid,H10 TP3.0 ST6.0 RSI55 grid,False,False,532.0,557.0
608,53.45394736842105,0.960323149583785,-52.67232456189237,-50.26833594494379,-2.4039886169485865,14.845933268877154,5.781889770339185,12,-39.339309959365934,-143.07404746549267,20.627823039216338,272,1.0369535639334218,54.04411764705882,-39.339309959365934,-68.715249952354,5,10,3.0,6.0,60.0,grid,H10 TP3.0 ST6.0 RSI60 grid,False,False,535.0,554.5
608,53.289473684210535,0.9556577367622143,-58.98642456189238,-56.5824359449438,-2.4039886169485865,14.845933268877154,5.781889770339185,12,-39.339309959365934,-143.0740474654927,20.627823039216338,272,1.0369535639334218,54.04411764705882,-39.339309959365934,-68.715249952354,5,10,3.0,6.0,,grid,H10 TP3.0 ST6.0 RSI∞ grid,False,False,540.0,554.5
585,55.21367521367522,1.0120919033605202,14.1609086222479,11.702245636111464,2.4586629861364315,-32.73153346847885,11.30668325443522,13,-53.064099993399964,-112.62325334292885,-21.424850214043623,267,0.9611147187729211,53.558052434456926,-53.064099993399964,-85.88006676702898,5,10,3.0,,50.0,grid,H10 TP3.0 ST∞ RSI50 grid,False,False,491.0,564.0
569,53.25131810193322,1.0353013985628476,40.77867526425488,-9.965260834911675,50.743936099166575,2.8869997663021905,18.09603974733923,13,-40.55606004416594,-98.046716521399,20.98303951364144,259,1.0397895256788363,52.8957528957529,-40.55606004416594,-69.15673345492897,5,10,3.0,,55.0,grid,H10 TP3.0 ST∞ RSI55 grid,False,False,462.0,553.0
565,53.6283185840708,1.0444995357238631,51.07862515415488,3.3954390660883162,47.683186088066584,2.8869997663021905,21.094039747339245,12,-40.55606004416594,-93.52087004192882,23.981039513641438,258,1.0456450597448437,53.100775193798455,-40.55606004416594,-69.15673345492897,5,10,3.0,,60.0,grid,H10 TP3.0 ST∞ RSI60 grid,False,False,447.0,550.5
565,53.451327433628315,1.0389065168569718,44.76452515415487,-2.9186609339116956,47.683186088066584,2.8869997663021905,21.094039747339245,12,-40.55606004416594,-93.52087004192883,23.981039513641438,258,1.0456450597448437,53.100775193798455,-40.55606004416594,-69.15673345492897,5,10,3.0,,,grid,H10 TP3.0 ST∞ RSI∞ grid,False,False,453.0,550.5
775,38.193548387096776,1.0141820531194459,19.140862030556402,-79.58957486721039,98.73043689776677,62.70943658058087,129.09099663116297,15,-48.78360434780778,-200.0776044216474,191.80043321174387,356,1.3518818175525404,44.38202247191011,4.852125016399965,-37.82444163860003,10,10,5.0,2.0,50.0,grid,H10 TP5.0 ST2.0 RSI50 grid,False,False,485.0,251.0
703,35.56187766714082,1.0754443902942745,96.12542967997251,-28.610283283122502,124.73571296309498,94.525419688039,112.08224005332903,14,-49.85816656563005,-156.57728618737434,206.60765974136802,314,1.4040890705489992,40.76433121019109,-13.087124983600017,-46.01614163860004,9,10,5.0,2.0,55.0,grid,H10 TP5.0 ST2.0 RSI55 grid,False,False,348.0,209.0
695,35.10791366906475,1.0736532711116704,94.01584313551456,-29.09538328172748,123.11122641724204,118.17570302110599,85.5006701426091,14,-49.85816656563005,-144.40626951017938,203.67637316371508,310,1.3968830563433368,40.32258064516129,-11.992658287818022,-46.016141638600025,9,10,5.0,2.0,60.0,grid,H10 TP5.0 ST2.0 RSI60 grid,False,False,353.0,219.0
696,34.62643678160919,1.0584212331371157,75.28639315801458,-30.984633281727483,106.27102643974204,111.71903637210596,85.5006701426091,14,-49.85816656563005,-162.80996948767938,197.21970651471506,310,1.3821199477915058,40.0,-11.992658287818022,-46.01614163860003,9,10,5.0,2.0,,grid,H10 TP5.0 ST2.0 RSI∞ grid,False,False,380.0,235.0
667,45.87706146926537,1.0774549435944483,100.99870015894349,-70.02295141945837,171.0216515784019,85.35415008342295,121.23433653719896,13,-38.03254814799001,-162.77903015989168,206.5884866206219,305,1.3936518072765376,50.81967213114754,-6.383124955969991,-44.52408165500002,9,10,5.0,3.0,50.0,grid,H10 TP5.0 ST3.0 RSI50 grid,False,False,343.0,210.0
614,41.69381107491857,1.0765589094642152,99.200835730958,-32.380147069651905,131.5809828006099,55.96763319469989,107.46322651435001,14,-41.926966490770084,-155.38977485586798,163.4308597090499,273,1.3069682493264687,45.05494505494506,-18.646774983600032,-57.033115021000036,8,10,5.0,3.0,55.0,grid,H10 TP5.0 ST3.0 RSI55 grid,False,False,346.0,341.0
603,41.625207296849084,1.0978414438656277,124.84921720064813,-26.703613867296813,151.552831067945,79.95544983198492,92.60031644110006,17,-41.926966490770084,-140.95957160498753,172.55576627308497,268,1.3260090026729547,44.776119402985074,-18.646774983600032,-51.61708165500002,9,10,5.0,3.0,60.0,grid,H10 TP5.0 ST3.0 RSI60 grid,False,False,298.0,314.0
604,41.556291390728475,1.0956360693499863,122.34992553744812,-28.586238867296792,150.93616440474497,77.9187831829849,94.02031642690005,16,-41.926966490770084,-140.3595716049875,171.93909960988492,268,1.3248733980579133,44.776119402985074,-18.646774983600032,-51.61708165500003,8,10,5.0,3.0,,grid,H10 TP5.0 ST3.0 RSI∞ grid,False,False,302.0,319.0
620,48.54838709677419,1.024274466201468,32.10772776704313,-94.66745720994982,126.77518497699299,39.39847513426403,94.72714325043897,12,-41.92599985712002,-169.43932928955428,134.125618384703,286,1.2404436816460715,52.09790209790209,-22.818074923000008,-52.7408,6,10,5.0,4.0,50.0,grid,H10 TP5.0 ST4.0 RSI50 grid,False,False,473.0,440.0
559,43.82826475849731,0.9822463267596767,-23.02368449913851,-61.94905932539538,38.925374826256885,12.427658309349962,74.34348313820695,11,-36.09577791409772,-177.9887368188665,86.77114144755693,247,1.1618761696593256,46.558704453441294,-30.15903328824006,-73.16647493240004,6,10,5.0,4.0,55.0,grid,H10 TP5.0 ST4.0 RSI55 grid,False,False,527.0,497.0
550,43.09090909090909,0.9897240019767986,-13.29980991756837,-47.21844297376034,33.91863305619196,9.236074974834954,62.31378314815699,11,-35.68959991640003,-162.2857455622464,71.54985812299195,241,1.1321225356909714,45.643153526970956,-24.061033288240047,-74.911641561115,5,10,5.0,4.0,60.0,grid,H10 TP5.0 ST4.0 RSI60 grid,False,False,522.0,514.0
550,43.09090909090909,1.0005837585851616,0.7501900144316372,-49.09444297376034,49.84463298819197,21.412074906834984,66.06378314815699,11,-35.68959991640003,-160.4132455622464,87.47585805499197,240,1.1653446414206325,45.83333333333333,-24.061033288240047,-74.11164156111502,5,10,5.0,4.0,,grid,H10 TP5.0 ST4.0 RSI∞ grid,False,False,504.0,495.0
575,51.13043478260869,0.9904189991991438,-12.772213862458814,-85.96867227238985,73.19645840993098,14.485974989345987,92.60344999407499,13,-46.09533319608002,-191.38044269824758,107.089424983421,265,1.190932091557174,55.094339622641506,-37.02487503029999,-53.73299999999999,7,10,5.0,6.0,50.0,grid,H10 TP5.0 ST6.0 RSI50 grid,False,False,521.0,484.0
520,45.96153846153846,0.939855425610606,-79.76433271587537,-95.28007409983547,15.515741383960087,8.67534134968502,53.40843323317503,12,-40.05691128717771,-266.5806849813465,62.08377458286006,229,1.11406389837349,48.47161572052402,-27.32837506886498,-97.45697504539997,6,10,5.0,6.0,55.0,grid,H10 TP5.0 ST6.0 RSI55 grid,False,False,548.0,520.0
511,44.81409001956947,0.9365968687116121,-83.42162461581026,-83.24149099315545,-0.1801336226548068,-2.9460752750299006,41.024433243125074,11,-41.18633328500002,-274.44056020623145,38.07835796809518,224,1.0694341480508942,46.875,-27.32837506886498,-101.98830840431496,5,10,5.0,6.0,60.0,grid,H10 TP5.0 ST6.0 RSI60 grid,False,False,550.0,539.5
510,44.509803921568626,0.9270933020309361,-95.84795788311028,-95.66782426045546,-0.1801336226548068,-2.9460752750299006,41.024433243125074,11,-41.18633328500002,-273.84056020623143,38.07835796809518,224,1.0694341480508942,46.875,-27.32837506886498,-101.98830840431496,5,10,5.0,6.0,,grid,H10 TP5.0 ST6.0 RSI∞ grid,False,False,556.0,539.5
528,51.89393939393939,1.109297349561598,121.77200239541561,-16.242705791909607,138.0147081873252,0.660291505000036,107.98158338027513,14,-53.621999935000005,-152.43927627859742,108.64187488527517,241,1.226798317378341,52.69709543568465,-22.648333335600007,-60.9481417162,5,10,5.0,,50.0,grid,H10 TP5.0 ST∞ RSI50 grid,False,False,303.0,482.0
480,46.458333333333336,1.0074925979957048,8.736050295464956,-14.421874318745227,23.15792461421017,-25.810208628714957,65.93233315497511,11,-50.22199993500001,-198.2408519011363,40.12212452626015,216,1.075229688798237,48.148148148148145,-45.39750007360001,-121.71987507579995,4,10,5.0,,55.0,grid,H10 TP5.0 ST∞ RSI55 grid,False,False,498.0,537.0
474,45.78059071729958,1.0064403255155954,7.401866731900105,-21.72562447454516,29.127491206445267,-10.639125237229955,49.881483097925155,11,-50.22199993500001,-183.4747687836512,39.2423578606952,213,1.0752253997948809,47.417840375586856,-45.39750007360001,-107.99570841851495,4,10,5.0,,60.0,grid,H10 TP5.0 ST∞ RSI60 grid,False,False,499.0,538.0
475,45.68421052631579,1.012997558274918,14.862200062000099,-26.44879108584519,41.310991147845286,-5.86312528922992,57.288983091325136,11,-50.22199993500001,-182.8747687836512,51.425857802095216,214,1.0994401879783409,47.66355140186916,-37.99000008020001,-107.99570841851495,4,10,5.0,,,grid,H10 TP5.0 ST∞ RSI∞ grid,False,False,490.0,524.0
757,37.12021136063408,0.9936052916503957,-8.562910094785714,-78.81576353278538,70.25285343799968,68.28138655276486,103.67099653943187,14,-49.04674657880298,-207.9933264030424,171.95238309219673,346,1.31788393218429,43.0635838150289,-1.9150999836000469,-36.625566638600034,9,10,7.0,2.0,50.0,grid,H10 TP7.0 ST2.0 RSI50 grid,False,False,516.0,318.0
662,35.04531722054381,1.1161149008228397,140.23886963649932,5.867385085918422,134.3714845505809,111.47164463568802,134.70271989020594,15,-56.29936656563005,-162.91754271431344,246.174364525894,293,1.5166506968393658,40.61433447098976,-1.334250000000006,-29.153541736600047,9,10,7.0,2.0,55.0,grid,H10 TP7.0 ST2.0 RSI55 grid,False,False,268.0,120.0
641,33.073322932917314,1.1283313573049618,153.60694973063917,11.257718341106154,142.3492313895331,118.38157808246997,122.56476322978011,16,-48.86044656563003,-136.43078523356147,240.94634131225007,281,1.509663086257413,37.72241992882562,-5.184250000000006,-35.02596660068001,9,10,7.0,2.0,60.0,grid,H10 TP7.0 ST2.0 RSI60 grid,False,False,234.0,136.0
637,32.33908948194662,1.1146473077282837,138.1580896976382,11.482635024506173,126.675454673132,109.64728475236898,126.6684631719801,15,-48.86044656563003,-149.14730187866147,236.3157479243491,277,1.4980556674391683,36.8231046931408,-3.824250000000006,-35.025966600680015,8,10,7.0,2.0,,grid,H10 TP7.0 ST2.0 RSI∞ grid,False,False,274.0,144.0
655,44.42748091603053,1.0406038840101761,53.9243425931243,-64.6196222877784,118.54396488090265,48.33724664074995,114.4241698309039,13,-56.74534814799001,-178.66856349614164,162.7614164716539,298,1.3021485975362534,48.65771812080537,-4.894249958456025,-43.325206655000024,8,10,7.0,3.0,50.0,grid,H10 TP7.0 ST3.0 RSI50 grid,False,False,440.0,345.0
584,39.8972602739726,1.046586437998322,59.285029875964675,21.675718414482997,37.609311461481624,28.93502153549997,65.85466655599488,13,-54.76534814799002,-159.4211979119652,94.78968809149491,258,1.1784380091561644,41.47286821705426,-10.457633315199987,-51.03837331520001,7,10,7.0,3.0,55.0,grid,H10 TP7.0 ST3.0 RSI55 grid,False,False,424.0,489.0
552,39.85507246376812,1.1234601094187961,148.9282161110399,19.43555139930579,129.4926647117341,67.82892153447303,81.46725318464505,15,-51.804348192000006,-109.55736498555322,149.29617471911808,244,1.2939939298059664,41.80327868852459,-4.662933335199999,-54.404406655000024,9,10,7.0,3.0,60.0,grid,H10 TP7.0 ST3.0 RSI60 grid,False,False,245.0,394.0
547,40.036563071297984,1.1360250660641218,162.63599110393898,41.75525972230582,120.88073138163313,50.57378820437204,90.11045318464508,15,-51.804348192000006,-107.58827492319627,140.68424138901713,240,1.2795327337191924,42.083333333333336,-20.67679998419999,-61.25753998420004,8,10,7.0,3.0,,grid,H10 TP7.0 ST3.0 RSI∞ grid,False,False,218.0,421.0
612,46.89542483660131,0.9836721709036101,-21.892918028257927,-80.10646147693654,58.21354344867865,-11.314466523500005,74.8217098997599,11,-41.92599985712002,-159.431250033321,63.5072433762599,280,1.1097808845399704,49.642857142857146,-19.182699923000012,-70.12166671390005,5,10,7.0,4.0,50.0,grid,H10 TP7.0 ST4.0 RSI50 grid,False,False,526.0,518.0
542,42.066420664206646,0.9490951273358108,-66.08529362950254,-26.585660626837182,-39.499633002665334,-44.937183047636054,58.32414988232794,10,-33.52910974710122,-193.6019266968605,13.386966834691895,238,1.0243956119887851,43.27731092436975,-29.221266592036038,-71.64834983503606,5,10,7.0,4.0,55.0,grid,H10 TP7.0 ST4.0 RSI55 grid,False,False,545.0,558.0
520,41.15384615384615,1.0073597516718826,9.176875954362657,-4.944794305429427,14.121670259792054,-40.21338306583598,84.23378653047803,8,-35.82959991640002,-140.01686045034955,44.020403464642065,227,1.0833518014128882,42.290748898678416,-16.809383233800013,-66.66558321740004,4,10,7.0,4.0,60.0,grid,H10 TP7.0 ST4.0 RSI60 grid,False,False,497.0,535.0
516,41.66666666666667,1.0448504827150569,54.576975923401726,14.121339126770618,40.45563679663109,-41.61694974693696,111.97131974841805,10,-35.82959991640002,-123.05512385169617,70.3543700014811,225,1.1377133463098126,43.111111111111114,-14.409383233800012,-65.95311653263698,4,10,7.0,4.0,,grid,H10 TP7.0 ST4.0 RSI∞ grid,False,False,438.0,515.0
568,50.176056338028175,0.9725746911329739,-36.66144298960998,-88.99619313095988,52.33475014134991,-38.09113336420001,71.60395001429997,10,-46.09533319608002,-195.53672603449758,33.51281665009997,259,1.0568500986203506,53.28185328185329,-33.389500030299985,-74.74003340680004,5,10,7.0,6.0,50.0,grid,H10 TP7.0 ST6.0 RSI50 grid,False,False,529.0,544.0
507,43.39250493096647,0.8896078347163854,-149.52610856579184,-79.76257527116063,-69.76353329463117,-60.67966674599995,46.26253309969995,9,-37.49024312018121,-298.61222478941175,-14.417133646299993,223,0.9747299664739091,44.39461883408072,-37.22569998359996,-111.50400011029996,5,10,7.0,6.0,55.0,grid,H10 TP7.0 ST6.0 RSI55 grid,False,False,561.0,562.0
485,42.06185567010309,0.9018996404569134,-126.49883897772366,-75.94354232361292,-50.555296654110755,-65.41170006331086,40.24566987995005,9,-41.32633328500001,-268.1361919288338,-25.166030183360814,213,0.9531443420446516,42.25352112676056,-24.426199983599936,-110.09436678401084,4,10,7.0,6.0,60.0,grid,H10 TP7.0 ST6.0 RSI60 grid,False,False,559.0,565.0
487,42.09445585215606,0.9331520438749211,-84.70777237202464,-79.7877089790129,-4.9200633930117705,-32.02946674441184,52.49866982215005,9,-41.32633328500001,-234.16862526533478,20.469203077738204,215,1.0398788620349233,43.25581395348837,-24.426199983599936,-98.73993346511183,4,10,7.0,6.0,,grid,H10 TP7.0 ST6.0 RSI∞ grid,False,False,552.0,556.0
522,50.57471264367817,1.0388559574285068,44.65007355601924,-13.547876626079645,58.19795018209892,-38.79150005591996,86.45528340050008,12,-53.621999935000005,-154.89010969298081,47.663783344580125,235,1.0945676526271153,51.06382978723404,-29.284999926599976,-74.09730005591996,4,10,7.0,,50.0,grid,H10 TP7.0 ST∞ RSI50 grid,False,False,454.0,530.0
466,44.4206008583691,0.9485532226041118,-61.30530890712144,4.400591198279615,-65.70590010540107,-100.6777667503199,55.87763302150002,11,-47.361749935000006,-244.56947509067146,-44.80013372881989,208,0.919936615933383,43.75,-42.905133407700006,-153.04690015801998,4,10,7.0,,55.0,grid,H10 TP7.0 ST∞ RSI55 grid,False,False,541.0,568.0
451,42.572062084257205,0.9154714822610113,-100.09995261774338,-41.73537581201265,-58.36457680573072,-62.869000067630864,43.054769743950075,11,-48.63680002989998,-245.48535554098356,-19.8142303236808,203,0.9622686945238798,42.364532019704434,-48.63680002989998,-120.96980009753085,5,10,7.0,,60.0,grid,H10 TP7.0 ST∞ RSI60 grid,False,False,557.0,563.0
455,43.07692307692308,0.9682443487141433,-36.74205275612433,-35.21320917241264,-1.5288435837116559,-38.62746671001181,75.64896960835006,10,-48.37333328500001,-207.55732218036448,37.02150289833828,205,1.074325681253515,44.87804878048781,-38.24230003649998,-108.21823347671182,4,10,7.0,,,grid,H10 TP7.0 ST∞ RSI∞ grid,False,False,530.0,541.0
756,37.03703703703704,1.0133174792373307,17.832928597203225,-82.24287483543245,100.07580343263567,80.78458654740088,116.55554653943183,14,-49.04674657880298,-207.87857103008943,197.34013308683276,345,1.3648176102902772,42.89855072463768,-1.9150999836000469,-36.62556663860005,9,10,10.0,2.0,50.0,grid,H10 TP10.0 ST2.0 RSI50 grid,False,False,487.0,234.0
661,34.34190620272315,1.1148650474093516,140.01101155474512,-2.703334634171694,142.7143461889168,96.67143628992395,156.25578989020593,15,-56.29936656563005,-163.9324124824135,252.92722618012988,294,1.5213817862058168,39.795918367346935,2.335600004539995,-30.42820007060005,10,10,10.0,2.0,55.0,grid,H10 TP10.0 ST2.0 RSI55 grid,False,False,269.0,110.0
628,31.687898089171973,1.0686003944374882,82.63545209384823,-40.61023435749264,123.24568645134092,86.32723647292393,154.27272991643002,15,-49.75596656563005,-179.6147474739657,240.59996638935394,275,1.5114053937196408,36.72727272727273,1.320900016399959,-35.02596660068002,10,10,10.0,2.0,60.0,grid,H10 TP10.0 ST2.0 RSI60 grid,False,False,370.0,138.0
617,31.60453808752026,1.0967414792512709,114.4711209403703,-43.93956535837068,158.4106862987409,93.77390309674394,149.78682985863,14,-49.75596656563005,-153.81955992343256,243.5607329553739,267,1.5286408287548954,36.329588014981276,-3.792820057799978,-35.02596660068001,9,10,10.0,2.0,,grid,H10 TP10.0 ST2.0 RSI∞ grid,False,False,332.0,125.0
652,44.325153374233125,1.0531023546485567,70.31422592480419,-62.25868894697847,132.57291487178264,49.67524663162996,127.11511983090392,13,-56.74534814799001,-170.0463634961417,176.79036646253385,295,1.3306052342722645,48.47457627118644,-3.684249958456011,-43.325206655000024,8,10,10.0,3.0,50.0,grid,H10 TP10.0 ST3.0 RSI50 grid,False,False,392.0,295.0
580,39.310344827586206,1.0489677790823273,62.64181842925436,8.868015310892817,53.773803118361556,30.252263192379917,79.6213165559949,14,-54.76534814799002,-144.96141763660532,109.87357974837478,255,1.2083753842059068,41.17647058823529,-10.921633315200001,-51.038373315200026,8,10,10.0,3.0,55.0,grid,H10 TP10.0 ST3.0 RSI55 grid,False,False,415.0,476.0
532,40.225563909774436,1.1549003449462374,180.33186156539185,-16.563151576038113,196.89501314142996,90.24582333303499,108.98789987129497,18,-50.98834819200001,-123.07955789069314,199.23372320432995,230,1.4380014326711643,43.04347826086957,4.236350000000004,-54.40440665500001,10,10,10.0,3.0,60.0,grid,H10 TP10.0 ST3.0 RSI60 grid,False,False,188.0,229.0
521,40.49904030710173,1.175245220187229,199.28128056887996,-33.658549253216094,232.9398298220961,95.18848994241502,124.537299914621,16,-53.99397319200002,-127.41923059317111,219.72578985703606,223,1.5038442604477735,43.946188340807176,-7.054549984199987,-54.404406655000024,8,10,10.0,3.0,,grid,H10 TP10.0 ST3.0 RSI∞ grid,False,False,160.0,176.0
609,46.79802955665024,0.9949410664984154,-6.756668026124709,-81.0807614748033,74.3240934486786,-6.707666523500011,86.21345989975987,12,-41.92599985712002,-154.58428336758772,79.50579337625987,277,1.1386936092762412,49.458483754512635,-19.54869992300002,-68.17076671390005,6,10,10.0,4.0,50.0,grid,H10 TP10.0 ST4.0 RSI50 grid,False,False,515.0,503.0
538,41.63568773234201,0.9354089851613547,-84.6922133820845,-55.99388037941905,-28.698333002665454,-41.91383304763609,65.0214998823279,10,-33.52910974710122,-182.18097970869235,23.107666834691813,235,1.0423250933062689,43.40425531914894,-29.21046659203605,-66.53383311563607,5,10,10.0,4.0,55.0,grid,H10 TP10.0 ST4.0 RSI55 grid,False,False,551.0,552.0
502,41.235059760956176,1.0200572721384853,24.391055287094634,-60.057261668547234,84.44831695564186,-15.525916353836037,124.15933321712795,12,-36.01306662680007,-131.6725279278773,108.6334168632919,216,1.2219929151361846,43.51851851851852,-19.320800000000013,-63.169733271600016,5,10,10.0,4.0,60.0,grid,H10 TP10.0 ST4.0 RSI60 grid,False,False,482.0,483.0
491,41.955193482688394,1.0503913094351536,59.568122025067495,-75.36239488724723,134.93051691231472,9.47941688156401,157.86026643506798,11,-35.82959991640002,-158.25122764324453,167.33968331663198,209,1.3721865399465714,45.45454545454545,-19.230800000000013,-63.169733271600016,6,10,10.0,4.0,,grid,H10 TP10.0 ST4.0 RSI∞ grid,False,False,422.0,326.0
566,50.0,0.9741324586850358,-34.57905964881012,-93.34325979015993,58.76420014134985,-38.92113336420003,74.31620001429992,11,-46.09533319608002,-195.60252603449757,35.39506665009989,257,1.06004308890957,52.918287937743195,-33.7555000303,-72.94423340680004,5,10,10.0,6.0,50.0,grid,H10 TP10.0 ST6.0 RSI50 grid,False,False,528.0,543.0
502,42.62948207171315,0.8831116659059944,-158.4467284301071,-97.09534513547578,-61.351383294631376,-60.753116746000046,52.13193309969991,10,-37.49024312018121,-291.84786118637703,-8.621183646300132,221,0.9848889796598019,43.89140271493213,-36.5385999836,-108.80645011030008,5,10,10.0,6.0,55.0,grid,H10 TP10.0 ST6.0 RSI55 grid,False,False,564.0,561.0
471,41.6135881104034,0.9526209276469011,-58.653128648736725,-106.82634540208673,48.173216753349976,-54.999483279499984,121.9660665666,10,-41.32633328500001,-223.02156171848682,66.96658328710002,205,1.1383673799908738,42.926829268292686,-34.97213320409999,-88.6986500097,5,10,10.0,6.0,60.0,grid,H10 TP10.0 ST6.0 RSI60 grid,False,False,539.0,516.0
464,41.37931034482759,0.936730516115478,-77.89014305485469,-137.6977264108647,59.80758335601001,-56.58614993039997,149.93009973400004,10,-41.32633328500001,-272.8131092920047,93.34394980360007,201,1.2052613266588184,43.78109452736319,-33.17213320409999,-96.22531666060003,6,10,10.0,6.0,,grid,H10 TP10.0 ST6.0 RSI∞ grid,False,False,547.0,490.0
520,50.19230769230769,1.0226211106493035,26.180945786219077,-33.39405440059972,59.575000186818826,-40.0935000512,89.02233340050005,12,-53.621999935000005,-170.22988746278097,48.928833349300035,233,1.0970775836692528,50.64377682403433,-29.284999926599976,-72.77350005120002,4,10,10.0,,50.0,grid,H10 TP10.0 ST∞ RSI50 grid,False,False,478.0,528.0
461,43.16702819956616,0.9276744981301441,-87.82527870861676,-28.588528564335533,-59.23675014428124,-102.84541678920002,61.601833021499985,13,-45.971999935000014,-236.9241115008168,-41.243583767700045,206,0.9265119358077003,42.71844660194174,-40.743333407700014,-152.58875019690004,5,10,10.0,,55.0,grid,H10 TP10.0 ST∞ RSI55 grid,False,False,553.0,567.0
436,41.51376146788991,0.9342858545617019,-76.58461213601645,-79.36152864366647,2.776916507650027,-81.31408332269999,107.09216643060002,10,-48.37333328500001,-211.65444524151656,25.778083107900027,193,1.0527433487139635,41.968911917098445,-36.280333204099975,-130.4657500828,5,10,10.0,,60.0,grid,H10 TP10.0 ST∞ RSI60 grid,False,False,546.0,549.0
431,41.9953596287703,0.9958799863302206,-4.6553600002944,-90.09660972544451,85.4412497251501,-58.524750025599936,155.72216629500005,11,-48.37333328500001,-203.44635957029453,97.19741626940008,189,1.2140052776105927,44.97354497354497,-33.060333204099976,-118.4574167558,5,10,10.0,,,grid,H10 TP10.0 ST∞ RSI∞ grid,False,False,514.0,488.0
756,37.03703703703704,1.0044142311538073,5.910928605523123,-82.24287483543245,88.15380344095557,72.07658655572081,116.28554653943183,14,-49.04674657880298,-210.8225710300895,188.36213309515264,345,1.3482202134459684,42.89855072463768,-1.9150999836000469,-36.625566638600034,9,10,,2.0,50.0,grid,H10 TP∞ ST2.0 RSI50 grid,False,False,500.0,260.0
659,34.44613050075873,1.1365453699971078,165.47125827793292,1.6666620617962675,163.80459621613664,107.8106862982439,168.09678989020586,15,-56.29936656563005,-163.8524157395455,275.9074761884497,293,1.5737202338055987,39.93174061433447,2.335600004539995,-30.42820007060005,10,10,,2.0,55.0,grid,H10 TP∞ ST2.0 RSI55 grid,False,False,211.0,55.0
623,31.781701444622794,1.0705844904167199,84.27184381591607,-62.171292902144664,146.4431367180607,93.17608658124382,177.04332991642997,15,-49.75596656563005,-211.39780582221766,270.2194164976738,270,1.5879376283894227,37.407407407407405,-3.416066600680008,-35.02596660068001,9,10,,2.0,60.0,grid,H10 TP∞ ST2.0 RSI60 grid,False,False,367.0,74.0
605,31.735537190082646,1.0786172480981073,91.31487792568994,-68.52065875089073,159.8355366765807,98.32245331306386,154.91712985862995,14,-49.75596656563005,-191.35515979143258,253.2395831716938,257,1.576591435958696,37.7431906614786,-11.75892005780001,-32.42396660068001,9,10,,2.0,,grid,H10 TP∞ ST2.0 RSI∞ grid,False,False,355.0,107.0
652,44.325153374233125,1.0403084764727413,53.49307596762409,-79.3178389124785,132.81091488010256,48.3232466399499,128.70511983090393,12,-56.74534814799001,-187.10551346164172,177.0283664708538,295,1.331050304046607,48.47457627118644,-3.5942499584560252,-43.325206655000024,8,10,,3.0,50.0,grid,H10 TP∞ ST3.0 RSI50 grid,False,False,443.0,293.0
578,39.44636678200692,1.05846070215977,74.46121516804224,0.1971620413607743,74.26405312668147,32.63151320069985,97.73231655599484,13,-54.76534814799002,-156.03227087813733,130.36382975669474,254,1.2492202851681435,41.338582677165356,-10.921633315200001,-51.038373315200026,8,10,,3.0,55.0,grid,H10 TP∞ ST3.0 RSI55 grid,False,False,383.0,452.0
528,40.71969696969697,1.1692728262079812,195.5196964405596,-44.89526670919015,240.41496314974978,103.89977334135482,139.08589987129497,17,-50.98834819200001,-123.7905230923451,242.9856732126498,228,1.5414724618591553,43.859649122807014,7.287349999999986,-54.40440665500001,10,10,,3.0,60.0,grid,H10 TP∞ ST3.0 RSI60 grid,False,False,164.0,130.0
508,41.14173228346456,1.2118038093332983,233.9839306134646,-32.69234928671622,266.6762799001808,114.16019001737992,139.66264991462094,15,-53.99397319200002,-127.50295708916441,253.82283993200087,214,1.6167082879281893,45.32710280373832,-13.708300000000023,-54.404406655000024,8,10,,3.0,,grid,H10 TP∞ ST3.0 RSI∞ grid,False,False,114.0,105.0
609,46.79802955665024,0.9899275570888019,-13.452668026124744,-80.8007614748033,67.34809344867858,-15.183666523500035,87.7134598997599,11,-41.92599985712002,-154.30428336758771,72.52979337625986,277,1.126524349940229,49.458483754512635,-19.54869992300002,-66.31076671390007,5,10,,4.0,50.0,grid,H10 TP∞ ST4.0 RSI50 grid,False,False,524.0,512.0
536,41.6044776119403,0.9375403666568248,-81.74456665811654,-57.60148365545108,-24.143083002665453,-49.81958304763609,77.48249988232787,10,-33.52910974710122,-191.29433298472432,27.662916834691767,233,1.0508970131593398,43.34763948497854,-29.21046659203605,-74.43958311563604,5,10,,4.0,55.0,grid,H10 TP∞ ST4.0 RSI55 grid,False,False,549.0,547.0
500,41.199999999999996,1.021420336769799,26.141872019094485,-74.17259493654727,100.31446695564172,-23.839666353836062,148.5712332171279,12,-35.82959991640002,-151.3735278558773,124.73156686329185,215,1.2518263056295527,43.25581395348837,-21.750800000000012,-69.9565665054,5,10,,4.0,60.0,grid,H10 TP∞ ST4.0 RSI60 grid,False,False,479.0,461.0
483,42.2360248447205,1.0439374473867373,51.20100531313455,-60.10499487724729,111.3060001903818,21.85766688156396,99.31543315932791,11,-35.82959991640002,-133.96976109943733,121.17310004089188,207,1.263248251936213,44.44444444444444,-19.320800000000013,-63.169733271600016,5,10,,4.0,,grid,H10 TP∞ ST4.0 RSI∞ grid,False,False,446.0,465.0
566,50.0,0.9661475643935156,-45.25305964881014,-97.12325979015993,51.87020014134983,-38.92113336420003,70.36620001429992,10,-46.09533319608002,-195.60252603449757,31.44506665009989,257,1.0533424319073565,52.918287937743195,-33.7555000303,-72.94423340680004,5,10,,6.0,50.0,grid,H10 TP∞ ST6.0 RSI50 grid,False,False,533.0,545.0
502,42.62948207171315,0.8886553242844265,-150.93208173413916,-96.1829484395078,-54.7491332946314,-62.62186674600005,60.6029330996999,10,-37.49024312018121,-295.2042144624091,-2.0189336463001557,221,0.9964612576826566,43.89140271493213,-36.5385999836,-110.67520011030007,5,10,,6.0,55.0,grid,H10 TP∞ ST6.0 RSI55 grid,False,False,562.0,560.0
471,41.6135881104034,0.9511071869143309,-61.594410459388875,-133.08037721273877,71.48596675334987,-52.90473327950001,143.41606656659997,11,-44.76211745117403,-244.77257677203883,90.51133328709996,205,1.1825341713509308,43.41463414634146,-35.49713320410002,-87.32163329060002,6,10,,6.0,60.0,grid,H10 TP∞ ST6.0 RSI60 grid,False,False,542.0,493.0
459,41.61220043572985,0.9142440293087267,-107.471143206855,-135.04167647886487,27.570533272009854,-37.625900014099976,98.16379973399994,10,-41.32633328500001,-265.6943759133049,60.53789971989996,199,1.1287957022660502,43.71859296482412,-33.23713327160002,-84.56563327160002,6,10,,6.0,,grid,H10 TP∞ ST6.0 RSI∞ grid,False,False,558.0,521.0
520,50.19230769230769,1.0159421622741398,18.450945786219076,-37.17405440059972,55.625000186818816,-40.0935000512,85.07233340050003,12,-53.621999935000005,-170.22988746278097,44.97883334930004,233,1.089240559378155,50.64377682403433,-29.284999926599976,-72.77350005120002,4,10,,,50.0,grid,H10 TP∞ ST∞ RSI50 grid,False,False,486.0,534.0
461,43.16702819956616,0.9265006972514017,-89.25063196104881,-34.25613184036756,-54.99450012068128,-107.07416676560003,70.07283302149996,13,-45.971999935000014,-242.64046475324886,-37.00133374410006,206,0.9340708022682392,42.71844660194174,-40.743333407700014,-156.81750017330003,5,10,,,55.0,grid,H10 TP∞ ST∞ RSI55 grid,False,False,554.0,566.0
435,41.60919540229885,0.9230823532995112,-90.04852726606855,-97.01069377331852,6.962166507249978,-98.08183332310003,129.16516643059998,9,-48.37333328500001,-231.83936018256858,31.083333107499964,192,1.0630781881372264,42.1875,-36.8053332041,-136.97350008320004,4,10,,,60.0,grid,H10 TP∞ ST∞ RSI60 grid,False,False,555.0,546.0
424,42.45283018867924,0.9890600276418134,-12.25760996469456,-84.29760973544455,72.03999977075003,-43.35299997969995,122.854166295,12,-48.37333328500001,-195.35327606199448,79.50116631530004,185,1.1752915320386164,45.40540540540541,-31.745333271599996,-112.55233323719997,6,10,,,,grid,H10 TP∞ ST∞ RSI∞ grid,False,False,519.0,504.0
839,39.09415971394517,0.8168598950574761,-247.10687167984395,-232.10544233423843,-15.0014293456055,49.023292217877696,-1.871361677166313,9,-66.61022908009609,-312.34109304215497,47.151930540711376,379,1.0905606185903638,43.007915567282325,-18.820466686376125,-55.48102658431807,6,5,7.0,3.0,,trail3,H5 TP7.0 ST3.0 RSI∞ trail3,False,False,567.0,531.0
836,38.995215311004785,0.8020720334592385,-266.62705483643924,-241.23247552672353,-25.394579309715663,47.65454225376764,-10.697611677166405,9,-66.61022908009609,-321.22687623464,36.95693057660123,379,1.0709799674337503,43.007915567282325,-19.645419934768128,-57.82830158431823,6,5,,3.0,,trail3,H5 TP∞ ST3.0 RSI∞ trail3,False,False,568.0,542.0
765,41.830065359477125,1.0018383556104649,2.446209827073081,-88.59073356262678,91.03694338969986,85.40412637167582,56.19553663509295,11,-47.69640355602206,-145.3461197282956,141.59966300676874,346,1.2713650840601791,44.797687861271676,-6.384456643930072,-44.093106650603026,7,5,7.0,3.0,,trail5,H5 TP7.0 ST3.0 RSI∞ trail5,False,False,503.0,416.0
759,41.76548089591568,1.0005113869903737,0.6773476136277313,-96.51334572982196,97.19069334344968,77.94332643882574,47.34678663509287,14,-54.08640355602206,-166.29844181461021,125.29011307391859,343,1.2376721474350476,44.606413994169095,-6.261356643930107,-44.093106650603026,9,5,,3.0,,trail5,H5 TP∞ ST3.0 RSI∞ trail5,False,False,505.0,460.0
760,38.94736842105263,1.0963214008909785,120.23601242176085,-24.401639314935032,144.6376517366959,109.01050983016682,71.68576997234793,14,-50.13016767462206,-128.0912254433759,180.69627980251474,343,1.365476415293495,41.690962099125365,-13.126333386400065,-46.59800000000005,9,5,,3.0,,be2,H5 TP∞ ST3.0 RSI∞ be2,False,False,308.0,283.0
752,41.3563829787234,1.0687778290649474,88.93314975798489,-41.52836020295496,130.46150996093985,91.6224097857608,63.80826990564794,13,-52.05563434962204,-134.5447227558432,155.43067969140876,339,1.2982378062202016,43.95280235988201,-11.98383340960006,-46.14550000000005,8,5,,3.0,,be3,H5 TP∞ ST3.0 RSI∞ be3,False,False,360.0,372.0
774,37.5968992248062,0.8992387728684053,-131.00436797384666,-159.73854059605804,28.734172622211393,82.69256582864968,-2.098939936297413,13,-50.64786983351602,-209.96634446631884,80.59362589235226,352,1.1503912412804147,40.625,-10.549150046000142,-42.55213993629733,7,7,7.0,3.0,,trail3,H7 TP7.0 ST3.0 RSI∞ trail3,False,False,560.0,502.0
762,37.9265091863517,0.8707547344425522,-164.95803441647504,-195.3269070824752,30.368872666000204,88.9005659005546,-5.489489936297469,10,-49.451666936851055,-250.4252509808517,83.41107596425714,346,1.1624394122726105,41.61849710982659,-20.146250046000155,-51.232139936297315,5,7,,3.0,,trail3,H7 TP∞ ST3.0 RSI∞ trail3,False,False,565.0,499.0
654,41.13149847094802,1.1098687301387982,134.66074717026763,51.71475454941729,82.94599262085035,109.51620974496501,30.854951359203824,15,-37.80988326123008,-85.84840168188447,140.3711611041688,297,1.2683409869030131,41.75084175084175,-11.966149916353993,-42.24559992368005,6,7,7.0,3.0,,trail5,H7 TP7.0 ST3.0 RSI∞ trail5,False,False,282.0,423.0
635,41.732283464566926,1.1185833638775926,138.1909638174602,-6.620895308178879,144.81185912563905,126.89735980696987,37.42530135920372,15,-26.008000000000045,-112.67230180860157,164.3226611661736,289,1.3326674587180818,43.25259515570934,-9.205750000000052,-49.039296666302135,8,7,,3.0,,trail5,H7 TP∞ ST3.0 RSI∞ trail5,False,False,273.0,338.0
636,36.477987421383645,1.2403670564935076,259.7591489069498,1.2028571743275038,258.55629173262236,187.67929318597896,90.23790041662782,15,-26.008000000000045,-83.9212076023121,277.91719360260686,288,1.6501839104742813,39.23611111111111,-8.041299959680057,-50.633633281680055,9,7,,3.0,,be2,H7 TP∞ ST3.0 RSI∞ be2,False,False,84.0,46.0
619,39.57996768982229,1.238106302656483,265.12165463370576,4.252423864517495,260.8692307691883,190.99819309789996,90.36014799982284,17,-26.008000000000045,-90.31304095407214,281.35834109772276,277,1.6287746494994033,41.87725631768953,-7.721299959680054,-50.87109992368005,9,7,,3.0,,be3,H7 TP∞ ST3.0 RSI∞ be3,False,False,79.0,35.0
732,35.79234972677596,0.8784346641816945,-155.04961543638046,-155.05609785300692,0.006482416626485065,78.88068740251266,-15.53966001489537,11,-50.64786983351602,-222.27943185135368,63.341027387617295,329,1.1244373356049677,38.90577507598784,-24.72082000988009,-72.8157000676802,7,10,7.0,3.0,,trail3,H10 TP7.0 ST3.0 RSI∞ trail3,False,False,563.0,519.0
718,35.37604456824512,0.8458075672472525,-195.67582230167116,-153.3204264334432,-42.35539586822791,46.09019578277445,-19.588560014895467,10,-47.27996983351602,-226.13733874090616,26.501635767878998,321,1.0523790415647198,39.25233644859813,-29.3654200098801,-78.99285006768032,6,10,,3.0,,trail3,H10 TP∞ ST3.0 RSI∞ trail3,False,False,566.0,548.0
579,39.03281519861831,1.0826942254840195,98.08012739340776,43.50575925342538,54.57436813998243,35.35227490607201,47.113019936459935,13,-35.717548192000024,-130.18880815241553,82.46529484253195,256,1.1615856019108113,39.84375,-21.1801999842,-72.05514162780004,6,10,7.0,3.0,,trail5,H10 TP7.0 ST3.0 RSI∞ trail5,False,False,347.0,500.0
548,40.32846715328467,1.2264168949942473,255.47815922213172,84.44276590392766,171.03539331820411,115.97921659467991,81.48451997590975,12,-37.18417319200004,-98.58606640853553,197.46373657058965,235,1.4391427710579103,43.40425531914894,-13.313099983600067,-61.703266638600056,7,10,,3.0,,trail5,H10 TP∞ ST3.0 RSI∞ trail5,False,False,86.0,232.0
551,33.03085299455535,1.255994349751709,259.4223738582897,9.075057278854807,250.34731657943485,125.45179329869896,173.9057498620859,15,-34.617633260920016,-100.54990081358012,299.35754316078487,235,1.817990262744016,37.4468085106383,-6.425989983600026,-51.272656638600026,9,10,,3.0,,be2,H10 TP∞ ST3.0 RSI∞ be2,False,False,85.0,3.0
524,36.6412213740458,1.2572657425553169,264.2862921921435,2.964717260753826,261.32157493138965,131.92889323519998,147.29924994452094,13,-34.48897319200002,-92.70278135548125,279.2281431797209,219,1.7365621315847468,40.63926940639269,-21.89870000000002,-58.742656638600025,7,10,,3.0,,be3,H10 TP∞ ST3.0 RSI∞ be3,False,False,81.0,45.0
