label,n,t,t1,t2,wy,ny,ann,tc2,tt3,pf,win,avg,tot,real,pbo,psd,delta,z,pv,sigtype,mafilt,bbfilt,dirn,trail,e16-19,e20-21,e22-24,e25-26
P5|reversal|MA1|BB1|TP20/SL20|TR0-0|both,327,0.24552424125191583,0.0633971517238834,0.2778051180267282,5,11,7.70909090909036,-0.5124568048070721,-0.08969308306942061,1.0270339199183864,52.90519877675841,0.25932721712536433,84.79999999999414,0.25932721712536433,-0.9932260984892698,1.0940767956853505,1.2525533156146342,1.144849539405514,5,reversal,True,True,both,False,-1.3757894736842229,0.8258823529411828,-0.3011627906975893,2.806557377048974
P5|reversal|MA1|BB1|TP20/SL20|TR0-0|long,211,0.3368512388085222,0.3054916950767146,0.17277734941724435,6,11,8.536363636364099,-0.2688916974832588,-0.07866892940224106,1.0468843618933528,53.55450236966824,0.4450236966824893,93.90000000000525,0.4450236966824893,-0.21697395368891015,1.7717138432378619,0.6619976503713995,0.37364817851260806,5,reversal,True,True,long,False,0.1086956521739268,1.1215686274509882,-0.47746478873225573,1.525581395348705
P5|reversal|MA1|BB1|TP20/SL20|TR0-0|short,118,-0.050292228164734325,-0.5492581609391513,0.47951179922188564,4,11,-0.9727272727282845,-0.4942898003443222,-0.32516678585458647,0.9907343262902574,51.69491525423729,-0.09067796610178779,-10.70000000001096,-0.09067796610178779,-0.7542734460611765,1.9509261098267185,0.6635954799593887,0.3401438304694837,5,reversal,True,True,short,False,-2.769387755102077,0.3166666666666691,,
P5|reversal|MA1|BB1|TP20/SL20|TR5-3|both,338,-1.6562678539064875,-0.9743140808969378,-1.34720674260372,3,11,-30.754545454547426,-2.980395624823961,-1.984976523021306,0.7859944331983637,77.51479289940828,-1.0008875739645609,-338.30000000002156,-1.0008875739645609,-0.953838144434763,0.4535495783646234,-0.04704942952979785,-0.10373602308141332,5,reversal,True,True,both,True,-2.1400000000002173,0.16666666666659447,-0.9415730337077585,-0.8870967741935979
P5|reversal|MA1|BB1|TP20/SL20|TR5-3|long,218,-1.170162715717676,-0.7727379105669322,-0.8750329838027987,3,11,-18.24545454545511,-2.1913496696358616,-1.5590952819205406,0.8070192307692206,77.06422018348624,-0.9206422018348905,-200.70000000000613,-0.9206422018348905,-0.9414108407454442,0.8286165699563312,0.020768638910553694,0.025064233161120855,5,reversal,True,True,long,True,-1.3714285714287768,0.5843137254900346,-1.3310810810808897,-1.4727272727273202
P5|reversal|MA1|BB1|TP20/SL20|TR5-3|short,121,-1.3366080541483634,-1.6069843791993361,-0.2598536289138149,2,11,-14.40000000000142,-2.1501233267579734,-1.7604859082825284,0.7179487179486905,77.68595041322314,-1.3090909090910376,-158.40000000001555,-1.3090909090910376,-1.0208971177369357,1.3972662600815562,-0.28819379135410195,-0.20625545723638997,5,reversal,True,True,short,True,-2.8784313725492474,-0.9756756756756315,,
P5|reversal|MA1|BB1|TP15/SL15|TR0-0|both,336,-0.45089771150953584,-0.14875413127080608,-0.4797313076751955,4,11,-11.181818181817704,-1.4405237103813575,-0.835463959536106,0.9520542605441683,51.19047619047619,-0.36607142857141206,-122.99999999999446,-0.36607142857141206,-0.7691604204790552,0.565616961082528,0.40308899190764313,0.7126536501595985,5,reversal,True,True,both,False,-2.0090909090909554,1.4151162790698508,-1.979775280898921,2.1032258064517224
P5|reversal|MA1|BB1|TP15/SL15|TR0-0|long,217,0.14300968676358877,1.0084951147488332,-0.7269283956237752,6,11,2.900000000000691,-0.6367287913804042,-0.3137091923940344,1.0199238023858632,52.995391705069125,0.14700460829496698,31.900000000007836,0.14700460829496698,-0.7801741449367692,1.015738820326222,0.9271787532317362,0.9128121665508035,5,reversal,True,True,long,False,1.0750000000000708,2.052941176470696,-2.4216216216216835,1.2454545454546226
P5|reversal|MA1|BB1|TP15/SL15|TR0-0|short,120,-1.039658128063781,-1.9738015274802045,0.4878053462408988,5,11,-15.518181818182086,-1.62415755726919,-1.317712461495227,0.8258340985613751,47.5,-1.422500000000023,-170.70000000000275,-1.422500000000023,-1.0609614923314976,1.26703130923988,-0.36153850766852536,-0.2853429943143396,5,reversal,True,True,short,False,-4.911764705882509,0.033333333333364204,,
P5|reversal|MA1|BB1|TP15/SL15|TR5-3|both,338,-2.457628491026913,-1.3049097366387912,-2.1313991815543454,2,11,-39.918181818188906,-3.9739029149151923,-2.80528422755643,0.713493409891647,71.30177514792899,-1.2991124260357334,-439.1000000000779,-1.2991124260357334,-1.0428432827623237,0.2911039662892238,-0.25626914327340966,-0.8803354572599525,5,reversal,True,True,both,True,-2.3390000000002864,0.4379310344826749,-1.6528089887642528,-1.5516129032261867
P5|reversal|MA1|BB1|TP15/SL15|TR5-3|long,218,-1.9017339323557612,-0.7553291596183193,-1.8685493949919647,2,11,-25.345454545459177,-3.0992744441109896,-2.2717876980341005,0.719911593329274,71.10091743119266,-1.2788990825690403,-278.8000000000508,-1.2788990825690403,-0.7505111369953825,0.6254753822919635,-0.5283879455736578,-0.8447781647895669,5,reversal,True,True,long,True,-1.6571428571431217,0.8392156862743395,-2.0932432432434265,-1.9431818181821734
P5|reversal|MA1|BB1|TP15/SL15|TR5-3|short,121,-1.6333479015961834,-1.7313606359938984,-0.5498937858014459,4,11,-16.009090909093427,-2.5252280405320375,-2.098420089175155,0.6815551537070139,71.07438016528926,-1.4553719008266741,-176.10000000002756,-1.4553719008266741,-1.503336961014074,0.6760241812151697,0.04796506018739999,0.07095169303142625,5,reversal,True,True,short,True,-2.9941176470591304,-0.5540540540540323,,
P5|reversal|MA1|BB1|TP30/SL30|TR0-0|both,317,-0.2576221693844721,0.49402791862085627,-0.7882604432441406,5,11,-11.600000000000103,-0.7701007222620895,-0.6248867369312466,0.9709643653574841,50.78864353312302,-0.4025236593059967,-127.60000000000096,-0.4025236593059967,-0.1516152857152227,1.4317132554007241,-0.250908373590774,-0.17525043694629125,5,reversal,True,True,both,False,-0.5206521739130686,0.355421686746992,-3.018072289156671,2.394915254237368
P5|reversal|MA1|BB1|TP30/SL30|TR0-0|long,203,0.36508978937824205,0.7213279399338889,-0.16077317758952112,6,11,13.336363636363444,-0.03908623618425502,-0.01173983329866154,1.0537973523048132,53.20197044334976,0.7226600985221565,146.69999999999777,0.7226600985221565,1.443730998834218,1.9200028621121734,-0.7210709003120614,-0.37555720074230486,5,reversal,True,True,long,False,2.8199999999999794,2.7061224489795985,-2.1838235294117907,0.870731707317078
P5|reversal|MA1|BB1|TP30/SL30|TR0-0|short,117,-0.894007876507314,-0.39341632470562166,-0.8661288681973913,3,11,-24.318181818181735,-1.2074614199852924,-1.207647468292284,0.8425080953782765,47.008547008547005,-2.286324786324779,-267.49999999999915,-2.286324786324779,-1.8069897410074276,3.34992079508162,-0.4793350453173515,-0.14308847123224971,5,reversal,True,True,short,False,-3.4666666666666983,-2.9083333333333345,,
P5|reversal|MA1|BB1|TP30/SL30|TR5-3|both,337,-0.8807198104883157,-0.5565193045488412,-0.6808900406282725,3,11,-20.890909090913784,-1.9127865297314954,-1.2601622149082035,0.8646403958296227,83.38278931750742,-0.6818991097924375,-229.80000000005143,-0.6818991097924375,-0.7881222843441307,0.7341147942192423,0.10622317455169317,0.1446955917359837,5,reversal,True,True,both,True,-2.4460000000001,0.27816091954020006,0.2752808988762858,-0.5557377049184972
P5|reversal|MA1|BB1|TP30/SL30|TR5-3|long,217,-0.5262225699158876,-0.5530314405741921,-0.2116015790357272,4,11,-10.600000000003426,-1.31073133875052,-0.9481364142804167,0.8980145193737119,82.48847926267281,-0.5373271889402652,-116.60000000003754,-0.5373271889402652,-1.0345305158291551,0.6493796625407232,0.4972033268888899,0.7656589135292019,5,reversal,True,True,long,True,-1.346938775510322,0.6372549019606529,-0.417567567567604,-1.2139534883726155
P5|reversal|MA1|BB1|TP30/SL30|TR5-3|short,121,-1.0041984167776226,-1.6275294723816143,0.38249253567522873,5,11,-13.090909090910332,-1.6761475515287085,-1.338289405363524,0.753930280246046,84.29752066115702,-1.1900826446282116,-144.00000000001359,-1.1900826446282116,-0.9963689094611328,1.0155658056064742,-0.1937137351670788,-0.19074464116227022,5,reversal,True,True,short,True,-3.5019607843138103,-1.0567567567566387,,
P5|reversal|MA1|BB1|TP20/SL10|TR0-0|both,333,-0.5617307459815778,0.15488383298122793,-0.959802114657242,5,11,-12.736363636355083,-1.629774594952865,-0.8233233518047761,0.939956285089824,34.83483483483483,-0.4207207207204374,-140.09999999990566,-0.4207207207204374,-0.16502363416035945,0.5572972134460976,-0.25569708656007795,-0.45881637372444756,5,reversal,True,True,both,False,-1.7247422680407591,2.5232558139539054,-1.8089887640447964,-0.47213114754100227
P5|reversal|MA1|BB1|TP20/SL10|TR0-0|long,215,0.11927838398633354,0.9642576706760065,-0.8402071183520833,6,11,2.209090909095877,-0.7257131467255594,-0.1926195161868152,1.0165441176470973,36.74418604651163,0.11302325581420815,24.30000000005475,0.11302325581420815,-0.25026223879468956,0.990547899400216,0.3632854946088977,0.36675207208946653,5,reversal,True,True,long,False,0.28695652173959313,3.355769230769643,-2.013513513513336,-0.33488372093025953
P5|reversal|MA1|BB1|TP20/SL10|TR0-0|short,120,-1.0148816051768084,-1.2005215616860234,-0.25382057212111353,4,11,-14.18181818181452,-1.637114535939029,-1.4295699159490893,0.8217753912944504,31.666666666666664,-1.2999999999996634,-155.9999999999596,-1.2999999999996634,-0.6303985401229877,1.6070015898339027,-0.6696014598766757,-0.4166775341808372,5,reversal,True,True,short,False,-3.5392156862740207,1.4138888888893146,,
P5|reversal|MA1|BB1|TP20/SL10|TR5-3|both,339,-1.995388289789745,-0.9160333597714957,-1.863292623361884,2,11,-27.54545454545143,-3.7867255438042795,-2.441092988425727,0.7737455197132754,63.421828908554566,-0.8938053097344122,-302.9999999999657,-0.8938053097344122,-0.9674620383727044,0.21401365878270198,0.0736567286382922,0.3441683538202545,5,reversal,True,True,both,True,-1.8219999999998782,0.6034090909092353,-1.3303370786515194,-0.8951612903226687
P5|reversal|MA1|BB1|TP20/SL10|TR5-3|long,219,-0.8925386820732406,0.1984033980884941,-1.3712052284590266,3,11,-10.290909090907247,-2.2837410993455847,-1.3996136696043602,0.8656220322887164,64.38356164383562,-0.516894977168857,-113.1999999999797,-0.516894977168857,-0.7408848137977555,0.3788199443356859,0.2239898366288985,0.5912831147834526,5,reversal,True,True,long,True,-0.96530612244887,1.6134615384615845,-1.4189189189187057,-1.0181818181818911
P5|reversal|MA1|BB1|TP20/SL10|TR5-3|short,121,-2.342952295320438,-2.0821880979743916,-1.2056180474083715,1,11,-18.236363636362316,-3.466547656786002,-2.9900190094392896,0.6048069345941763,61.15702479338842,-1.6578512396693015,-200.59999999998547,-1.6578512396693015,-0.5326110555776682,0.9563966547507003,-1.1252401840916333,-1.1765413215345726,5,reversal,True,True,short,True,-2.6450980392155525,-1.1243243243240295,,
P5|reversal|MA1|BB1|TP10/SL20|TR0-0|both,336,-0.8265866998835136,0.11841902799621641,-1.2405049859203259,2,11,-18.981818181826526,-1.8928385783412673,-1.0948855242944784,0.9087412587412175,67.26190476190477,-0.621428571428844,-208.8000000000916,-0.621428571428844,-0.8385733456007962,0.5976026042905042,0.21714477417195222,0.36335981907199766,5,reversal,True,True,both,False,-1.103030303030774,0.827906976743697,-2.260674157303352,0.49032258064508705
P5|reversal|MA1|BB1|TP10/SL20|TR0-0|long,217,-0.5012186474319433,0.5420409174750809,-1.1697331942937825,5,11,-9.41818181818607,-1.3433218921628847,-0.8277833979460782,0.9288461538461206,67.74193548387096,-0.47741935483892406,-103.60000000004652,-0.47741935483892406,-0.6918701576828328,0.9490688254415276,0.21445080284390872,0.22595916870848803,5,reversal,True,True,long,False,0.44999999999951407,1.5529411764700918,-2.5567567567567138,-0.34545454545457177
P5|reversal|MA1|BB1|TP10/SL20|TR0-0|short,120,-0.8180113689996805,-0.9712977818115817,-0.16787237063200747,4,11,-11.45454545454957,-1.4401883572652638,-1.0040331965323563,0.8522514071294035,65.83333333333333,-1.0500000000003762,-126.00000000004515,-1.0500000000003762,-0.8852945138126828,1.0232390742270299,-0.16470548618769343,-0.16096481295157186,5,reversal,True,True,short,False,-2.5647058823533997,-0.8000000000004744,,
P5|reversal|MA1|BB1|TP10/SL20|TR5-3|both,338,-2.506909719970387,-1.3816104190998786,-2.1307569960712507,3,11,-43.863636363639166,-3.9120414917999256,-2.735604976922182,0.694774797570826,77.51479289940828,-1.4275147928994993,-482.5000000000308,-1.4275147928994993,-1.1628237499133987,0.407741172974764,-0.2646910429861007,-0.6491643732100683,5,reversal,True,True,both,True,-2.1760000000002613,-0.3597701149426972,-1.6460674157302255,-1.4048387096774198
P5|reversal|MA1|BB1|TP10/SL20|TR5-3|long,218,-2.115734989449454,-1.2411431966622815,-1.7334202224572826,3,11,-30.42727272727385,-3.2257609639478524,-2.368193007765222,0.6781730769230577,77.06422018348624,-1.5353211009174872,-334.7000000000122,-1.5353211009174872,-0.8490621284781292,0.5624208250687192,-0.686258972439358,-1.220187699051698,5,reversal,True,True,long,True,-1.4816326530614923,-0.2156862745100792,-2.0689189189187367,-2.2272727272726955
P5|reversal|MA1|BB1|TP10/SL20|TR5-3|short,121,-1.4416508229153575,-1.6195611576563653,-0.3869777584034342,2,11,-15.327272727274442,-2.2658231004193383,-1.6993942210075619,0.6997863247862915,77.68595041322314,-1.3933884297522214,-168.60000000001878,-1.3933884297522214,-1.5093878399054275,0.6800819778217271,0.11599941015320603,0.17056680508539143,5,reversal,True,True,short,True,-2.843137254902215,-1.1108108108108357,,
P5|reversal|MA0|BB1|TP20/SL20|TR0-0|both,485,-0.5175614892667489,-0.0027839851342569073,-0.6992719312059115,4,11,-19.981818181817935,-1.430871644649956,-0.7990273985254492,0.9546776089242629,50.92783505154639,-0.45319587628865343,-219.7999999999969,-0.45319587628865343,-0.6345114422094441,0.8401714645447758,0.18131556592079068,0.21580781253863654,5,reversal,False,True,both,False,-1.2585034013605387,0.7283185840708001,-1.3930769230768472,0.6736842105262327
P5|reversal|MA0|BB1|TP20/SL20|TR0-0|long,298,-1.1993184030789734,-0.7044370774701029,-0.980204153535236,4,11,-36.49090909090803,-1.9123807408376037,-1.5778938532584963,0.8710361445783144,48.65771812080537,-1.3469798657717724,-401.39999999998815,-1.3469798657717724,-0.45740028080158296,0.9669179739256775,-0.8895795849701895,-0.9200155638419929,5,reversal,False,True,long,False,-1.3487499999999915,-1.4176470588235528,-1.867032967032815,-0.46101694915256214
P5|reversal|MA0|BB1|TP20/SL20|TR0-0|short,208,0.28063215564152394,0.14372842050218745,0.2519296667163697,6,11,7.227272727271967,-0.30682554952561214,0.009663397038452383,1.0398916152340771,52.88461538461539,0.38221153846149913,79.49999999999181,0.38221153846149913,-0.8186785674274585,0.7401009613957932,1.2008901058889576,1.6226030886706853,5,reversal,False,True,short,False,-0.9205479452054713,1.9625000000000195,-0.8000000000001017,1.9027027027025485
P5|reversal|MA0|BB1|TP20/SL20|TR5-3|both,506,-2.8465068452416036,-1.8944119523673506,-2.1209431475597755,1,11,-67.06363636363876,-4.397026810945342,-3.1260695954089615,0.7101603017444453,75.69169960474308,-1.4579051383399728,-737.7000000000262,-1.4579051383399728,-1.1234813416856793,0.4516034241077631,-0.33442379665429356,-0.74052537868821,5,reversal,False,True,both,True,-2.2668831168833474,-0.4157024793389338,-1.9283582089550757,-0.8237113402061816
P5|reversal|MA0|BB1|TP20/SL20|TR5-3|long,308,-2.5703460532484854,-1.2282061082648494,-2.3365877678971954,2,11,-48.890909090908984,-3.7437160603488766,-2.9087062353615694,0.6700613496932455,74.35064935064936,-1.7461038961038922,-537.7999999999988,-1.7461038961038922,-1.1998773388988244,0.4601755315998976,-0.5462265572050677,-1.1869960910481172,5,reversal,False,True,long,True,-2.0214285714287703,-0.17205882352956917,-2.158947368420811,-2.4786885245900727
P5|reversal|MA0|BB1|TP20/SL20|TR5-3|short,213,-1.5065093143955506,-1.5867155428080486,-0.5824912862586613,3,11,-22.145454545457383,-2.5572986639878175,-1.962466246056325,0.7560096153845831,77.46478873239437,-1.1436619718311323,-243.60000000003117,-1.1436619718311323,-1.4571118146448825,0.45809573124187336,0.3134498428137502,0.6842452820156264,5,reversal,False,True,short,True,-2.2173333333336025,-1.2406779661017278,-1.9809523809524368,2.137837837837655
P5|reversal|MA0|BB1|TP15/SL15|TR0-0|both,498,-1.423531671261473,-0.6497336049780013,-1.3297655306725102,5,11,-42.618181818182045,-2.635604249623599,-1.7553238564784728,0.8812352747447655,49.19678714859438,-0.9413654618473939,-468.80000000000217,-0.9413654618473939,-0.7057620518862306,0.6862072172237067,-0.23560340996116325,-0.343341492259991,5,reversal,False,True,both,False,-1.7236842105263408,1.0965517241379952,-2.491729323308335,-0.026804123711310517
P5|reversal|MA0|BB1|TP15/SL15|TR0-0|long,304,-1.1349519987523027,0.12497999816176338,-1.657749181640866,5,11,-27.127272727272803,-2.0630118749764272,-1.555089664728407,0.8763979786264643,49.01315789473684,-0.9815789473684234,-298.4000000000007,-0.9815789473684234,-0.41457835202815946,0.8195997124371842,-0.5670005953402639,-0.6918018475802235,5,reversal,False,True,long,False,-0.13780487804873842,0.6779411764706438,-3.3531914893617993,-0.29999999999998156
P5|reversal|MA0|BB1|TP15/SL15|TR0-0|short,211,-0.9226932662472337,-1.3408245468248048,0.030692104240297304,5,11,-18.090909090909296,-1.7059649900484253,-1.2035776479697937,0.8812153047215451,49.28909952606635,-0.943127962085318,-199.0000000000021,-0.943127962085318,-1.5614806605795344,0.9485075209323356,0.6183526984942164,0.6519217664045579,5,reversal,False,True,short,False,-3.1960000000000917,1.0333333333333858,-0.8000000000000002,0.4162162162162615
P5|reversal|MA0|BB1|TP15/SL15|TR5-3|both,507,-3.8149135912926555,-2.514192850376487,-2.8648325163265307,1,11,-76.34545454546539,-5.639175619698215,-4.118481992310753,0.6536907216494479,69.62524654832347,-1.6564102564104912,-839.8000000001191,-1.6564102564104912,-1.0582896067570995,0.3583596209884,-0.5981206496533917,-1.669051462895572,5,reversal,False,True,both,True,-2.111038961039232,-0.6859504132232768,-2.0111940298509507,-1.6551020408166686
P5|reversal|MA0|BB1|TP15/SL15|TR5-3|long,308,-3.229671896833447,-1.4623557370078493,-3.0203590901353827,2,11,-51.436363636369876,-4.630667096135128,-3.5551726592464106,0.6249502850324484,68.83116883116884,-1.83701298701321,-565.8000000000686,-1.83701298701321,-0.8778138029950044,0.4351046612650703,-0.9591991840182055,-2.2045251853412147,5,reversal,False,True,long,True,-1.7178571428573812,-0.2500000000001954,-2.5715789473685793,-2.6262295081970555
P5|reversal|MA0|BB1|TP15/SL15|TR5-3|short,213,-2.143314732250121,-2.1181140225968704,-0.9436284100785723,3,11,-27.54545454545953,-3.347307881203456,-2.6398840146811193,0.6906900775826421,70.89201877934272,-1.4225352112678626,-303.00000000005474,-1.4225352112678626,-1.4429085329027582,0.4535910110745877,0.02037332163489558,0.04491562032199405,5,reversal,False,True,short,True,-2.237333333333641,-1.5355932203390754,-1.014285714286027,-0.05405405405441026
P5|reversal|MA0|BB1|TP30/SL30|TR0-0|both,466,-0.3872861309713573,0.42956154665055984,-0.9065392091064169,5,11,-21.54545454545454,-0.9966510337133372,-0.6832454146708703,0.9641560798548097,50.858369098712444,-0.5085836909871243,-236.99999999999994,-0.5085836909871243,-0.13292588801585625,1.06431329337835,-0.37565780297126805,-0.35295791691077416,5,reversal,False,True,both,False,-0.4359154929577394,0.24476190476189888,-2.4992063492063883,1.2268817204301592
P5|reversal|MA0|BB1|TP30/SL30|TR0-0|long,289,-0.3566980522392864,0.3346412434169947,-0.7726578984653214,5,11,-15.918181818181905,-0.8275602697848604,-0.7298333036085872,0.9575576885786312,50.51903114186851,-0.6058823529411789,-175.1000000000007,-0.6058823529411789,0.715868830713297,1.1093894275230787,-1.321751183654476,-1.1914221921201602,5,reversal,False,True,long,False,0.7076923076923287,-0.4348484848484645,-2.551136363636409,0.4017543859649161
P5|reversal|MA0|BB1|TP30/SL30|TR0-0|short,205,-0.544829864317297,-0.20733130488888765,-0.5513225776412659,4,11,-19.890909090908863,-0.953464079871512,-0.769658680601863,0.9249270886944602,49.26829268292683,-1.067317073170719,-218.79999999999742,-1.067317073170719,-2.6344113916463923,1.4264422172388485,1.5670943184756732,1.0986034341503743,5,reversal,False,True,short,False,-1.7361111111111205,-0.011111111111108242,-3.6571428571428637,1.632432432432524
P5|reversal|MA0|BB1|TP30/SL30|TR5-3|both,503,-1.3400940605959029,-0.8473733356606874,-1.0364844480388786,5,11,-39.84545454546174,-2.5679687268059626,-1.653239136250369,0.8313841655766431,82.7037773359841,-0.8713717693838544,-438.3000000000788,-0.8713717693838544,-0.8903754099495418,0.44486264800095776,0.019003640565687374,0.04271799543315774,5,reversal,False,True,both,True,-2.182352941176597,0.08347107438014413,-1.0150375939851448,0.2135416666663259
P5|reversal|MA0|BB1|TP30/SL30|TR5-3|long,306,-1.4269374817775429,-0.8174267988598939,-1.1729635021835514,4,11,-35.24545454545897,-2.324502740991847,-1.784042001542429,0.7766833707735482,81.04575163398692,-1.266993464052446,-387.7000000000485,-1.266993464052446,-0.9183473174641185,0.6529498150432543,-0.3486461465883276,-0.5339555024841101,5,reversal,False,True,long,True,-1.8000000000001175,-0.22941176470597913,-1.2252631578948074,-1.7716666666670902
P5|reversal|MA0|BB1|TP30/SL30|TR5-3|short,213,-0.9765564963980359,-1.1970703606616506,-0.22360534864985038,3,11,-17.727272727275917,-1.830050750283108,-1.4673060733079017,0.8137891520244134,84.03755868544602,-0.9154929577466434,-195.00000000003504,-0.9154929577466434,-1.521179455128648,0.8913352535980914,0.6056864973820045,0.6795271419334126,5,reversal,False,True,short,True,-2.286666666666812,-0.9966101694914767,-2.3642857142861455,3.6378378378375955
P5|reversal|MA0|BB1|TP20/SL10|TR0-0|both,500,-0.2669328137306005,0.7317238436727368,-1.1080411979869096,5,11,-7.44545454544233,-1.5686675048604626,-0.5417395296709762,0.9762814943527746,35.6,-0.16379999999973058,-81.89999999986529,-0.16379999999973058,-0.3397075645348989,0.5228769657062247,0.17590756453516834,0.33642247808254183,5,reversal,False,True,both,False,-0.8157894736837341,2.535897435897853,-1.6940298507461482,-0.2845360824742559
P5|reversal|MA0|BB1|TP20/SL10|TR0-0|long,303,-0.5484234631101679,0.9430677125900531,-1.7937697299735642,7,11,-11.981818181810498,-1.5570008939565663,-0.8202561013448982,0.9379501906690254,34.65346534653465,-0.43498349834955585,-131.79999999991543,-0.43498349834955585,-0.37122687942566307,0.7946380506740057,-0.06375661892389278,-0.08023353383318974,5,reversal,False,True,long,False,0.25375000000046616,2.042028985507676,-2.6063829787232167,-0.8000000000000003
P5|reversal|MA0|BB1|TP20/SL10|TR0-0|short,212,0.18177694840376013,-0.6275502924745029,0.8687473098229987,5,11,3.4454545454595973,-0.6309026637633758,-0.09570781293825402,1.0263762265989687,36.79245283018868,0.1787735849059233,37.90000000005574,0.1787735849059233,-1.020280181626244,0.8748845671334141,1.1990537665321672,1.3705279662903453,5,reversal,False,True,short,False,-1.9559999999995137,2.3758620689659313,0.6285714285713809,0.5513513513512738
P5|reversal|MA0|BB1|TP20/SL10|TR5-3|both,512,-3.2479182367164707,-1.5172431206463108,-3.017807231530639,2,11,-55.381818181813244,-5.405394642816282,-3.6417102055510386,0.7092401680030653,62.109375,-1.1898437499998935,-609.1999999999455,-1.1898437499998935,-0.996768680453668,0.27455005856112974,-0.19307506954622555,-0.7032417714936913,5,reversal,False,True,both,True,-1.4429487179486455,-0.11788617886163955,-1.8429629629627537,-1.2326530612245257
P5|reversal|MA0|BB1|TP20/SL10|TR5-3|long,309,-2.239093931554425,-0.5223936407834202,-2.5516974539042545,4,11,-30.027272727269146,-3.9151187674075225,-2.7091888225990175,0.7363505747126612,62.45954692556634,-1.068932038834824,-330.2999999999606,-1.068932038834824,-0.8829510281273633,0.22586329170916877,-0.18598101070746076,-0.8234229179079612,5,reversal,False,True,long,True,-0.9869047619046734,0.5666666666667456,-1.9631578947365635,-1.639344262295083
P5|reversal|MA0|BB1|TP20/SL10|TR5-3|short,214,-2.7630688786173514,-2.341763601558703,-1.545922789133961,1,11,-29.590909090907473,-4.199181956464207,-3.365470210957047,0.6412037037037046,60.747663551401864,-1.5210280373830947,-325.49999999998226,-1.5210280373830947,-1.0793812876746345,0.32286082635869784,-0.4416467497084602,-1.3679168039351772,5,reversal,False,True,short,True,-2.1546666666665986,-1.3616666666664357,-1.4619047619047083,-0.5621621621622561
P5|reversal|MA0|BB1|TP10/SL20|TR0-0|both,500,-2.17555648773804,-0.17175690509361025,-2.7791154387170645,3,11,-62.75454545455613,-3.4324016731533487,-2.3983739793976633,0.8114913023293564,64.60000000000001,-1.3806000000002343,-690.3000000001172,-1.3806000000002343,-0.7810410863666268,0.5451178843787399,-0.5995589136336075,-1.0998701947137783,5,reversal,False,True,both,False,-1.063398692810926,0.5559322033893443,-3.882706766917205,-0.7999999999999999
P5|reversal|MA0|BB1|TP10/SL20|TR0-0|long,304,-1.9262855128173804,0.007877776426774544,-2.585834370970762,3,11,-43.95454545455069,-2.894814870823936,-2.2127796953673995,0.7868447736189796,63.81578947368421,-1.5904605263159783,-483.5000000000574,-1.5904605263159783,-0.4461451911135292,0.7100019105886154,-1.144315335202449,-1.611707402665682,5,reversal,False,True,long,False,-0.43780487804925206,0.8176470588230399,-4.204255319148819,-1.7999999999999436
P5|reversal|MA0|BB1|TP10/SL20|TR0-0|short,212,-1.1636585885796153,-0.311362956433745,-1.3196298500411805,3,11,-21.781818181824164,-1.9844416404903698,-1.352073091792491,0.842202318229671,65.56603773584906,-1.1301886792455933,-239.60000000006576,-1.1301886792455933,-1.5703413674118414,0.9236694864966671,0.4401526881662481,0.4765261758680347,5,reversal,False,True,short,False,-1.600000000000467,-0.11034482758668772,-3.6571428571428313,1.0918918918917833
P5|reversal|MA0|BB1|TP10/SL20|TR5-3|both,506,-3.830593800999877,-2.510145665936096,-2.889436019612502,1,11,-85.60909090909428,-5.46071818691229,-4.023145139028838,0.6300094295143596,75.69169960474308,-1.861067193675962,-941.7000000000368,-1.861067193675962,-1.3526871356632058,0.5742145336615135,-0.5083800580127562,-0.8853486427294693,5,reversal,False,True,both,True,-2.4974025974028584,-0.8479338842976906,-2.3507462686565814,-1.4381443298968488
P5|reversal|MA0|BB1|TP10/SL20|TR5-3|long,308,-3.5572319883657126,-1.8736169249371708,-3.087234059870639,2,11,-63.27272727272776,-4.810727057985208,-3.770735264115019,0.573006134969313,74.35064935064936,-2.2597402597402767,-696.0000000000052,-2.2597402597402767,-0.9559453393849481,0.6187256005070818,-1.3037949203553287,-2.107226400987437,5,reversal,False,True,long,True,-2.389285714285961,-0.7823529411767208,-2.7452631578944975,-2.9721311475408263
P5|reversal|MA0|BB1|TP10/SL20|TR5-3|short,213,-1.8585281969201017,-1.732655868276145,-0.9127638289091907,3,11,-26.409090909094086,-2.9444703530758107,-2.12142583546777,0.7090344551281689,77.46478873239437,-1.3638497652583799,-290.5000000000349,-1.3638497652583799,-1.5316595818967293,0.835791869813358,0.16780981663834948,0.20077943169729967,5,reversal,False,True,short,True,-2.2786666666669446,-1.42372881355941,-2.061904761904866,1.3783783783782562
P10|breakout|MA1|BB1|TP20/SL20|TR0-0|both,2725,-0.8746684473933415,-1.364706410814563,0.08463000810052088,5,11,-79.93636363636702,-3.0458027755235237,-1.1350194178543462,0.9677430005282599,50.93577981651376,-0.32267889908258174,-879.3000000000352,-0.32267889908258174,-0.6698037395032596,0.2455000778454272,0.3471248404206778,1.413950021796881,10,breakout,True,True,both,False,-1.265178571428575,0.3882936507936571,0.9197590361445122,-1.4238383838383424
P10|breakout|MA1|BB1|TP20/SL20|TR0-0|long,1507,0.36017744031856236,-0.9296818226169448,1.3864625826282855,4,11,24.445454545451245,-1.2619123724745258,0.07835187777094553,1.0183043463462758,52.222959522229594,0.17843397478431652,268.899999999965,0.17843397478431652,-0.12177167223716914,0.2990472488991323,0.30020564702148567,1.003873629089108,10,breakout,True,True,long,False,-0.7299568965517171,-0.42336769759449555,2.2661052631577947,-1.2476534296028603
P10|breakout|MA1|BB1|TP20/SL20|TR0-0|short,1321,-1.092051562245495,0.10086251495485153,-1.632611338684948,4,11,-70.85454545454515,-2.5817969619123593,-1.4408111269893438,0.9417257957187816,50.41635124905375,-0.5900075700227067,-779.3999999999955,-0.5900075700227067,-0.8570409777023901,0.411140928675114,0.2670334076796834,0.6494936141244523,10,breakout,True,True,short,False,-0.9138888888888863,1.0847656250000126,-0.7646739130435103,-1.5196506550217832
P10|breakout|MA1|BB1|TP20/SL20|TR5-3|both,3408,-1.540228075801927,-3.0880962389328475,0.8227850658883269,5,11,-92.34545454546786,-5.690229817138414,-1.7988006586709568,0.9288859641139336,79.69483568075117,-0.2980633802817326,-1015.8000000001448,-0.2980633802817326,-0.8955131806223149,0.13408424644004768,0.5974498003405823,4.455779229871845,10,breakout,True,True,both,True,-0.6303633217994348,-1.258050847457767,0.6830927835051982,-0.10278745644589254
P10|breakout|MA1|BB1|TP20/SL20|TR5-3|long,1881,-0.982506715599643,-3.0103380217035087,1.5104951893143783,5,11,-41.87272727273524,-4.239799153827607,-1.3099121375109701,0.9391408902923915,80.48910154173312,-0.24486975013295434,-460.6000000000871,-0.24486975013295434,-0.9500029826899951,0.1789555841745575,0.7051332325570407,3.9402695132957524,10,breakout,True,True,long,True,-0.7397350993378723,-1.2951530612246391,0.937323943662006,-0.12145110410086232
P10|breakout|MA1|BB1|TP20/SL20|TR5-3|short,1611,-1.1835191534034588,-1.4209378285984047,-0.2933642569199892,4,11,-49.76363636364258,-3.999583496545883,-1.4964966976918936,0.9218881547967186,78.89509621353197,-0.3397889509621773,-547.4000000000676,-0.3397889509621773,-1.0408138955708304,0.14586586612557306,0.7010249446086531,4.805956069291457,10,breakout,True,True,short,True,-0.39627749577001486,-1.267897727272854,0.30221130221136266,0.03869731800777979
P10|breakout|MA1|BB1|TP15/SL15|TR0-0|both,3068,-1.8658871210810102,-1.5809617106430036,-1.073452239924137,4,11,-141.70909090908825,-4.794706064161559,-2.1657494010059475,0.9341917507493597,50.880052151238594,-0.5080834419817367,-1558.7999999999683,-0.5080834419817367,-0.4432277639765781,0.26166784465510096,-0.06485567800515862,-0.24785497847717425,10,breakout,True,True,both,False,-0.824828934506353,-0.22352941176468577,0.42052401746729173,-1.8112359550562187
P10|breakout|MA1|BB1|TP15/SL15|TR0-0|long,1674,-0.12488637425632072,-1.066234900017607,0.8433524985959029,4,11,-6.845454545450304,-2.357180633102882,-0.43807184443297553,0.9939818255928299,52.389486260454,-0.04498207885301774,-75.2999999999517,-0.04498207885301774,-0.4290718726129411,0.32620527385897524,0.38408979375992336,1.1774481424416599,10,breakout,True,True,long,False,-0.4755725190839522,-0.39424242424241207,1.7901328273245738,-2.1822525597270146
P10|breakout|MA1|BB1|TP15/SL15|TR0-0|short,1455,-2.5483116791523446,-1.1041168907842829,-2.4871849392525025,2,11,-135.40000000000143,-4.543270693464386,-2.949593383022108,0.8718034790542375,49.20962199312714,-1.0236426116838588,-1489.4000000000146,-1.0236426116838588,-1.1281228677655102,0.37912729252923283,0.10448025608165135,0.2755809411257179,10,breakout,True,True,short,False,-1.0867172675521921,-0.2799295774647728,-1.3888324873096713,-1.1600000000000137
P10|breakout|MA1|BB1|TP15/SL15|TR5-3|both,3525,-2.9749670978144156,-3.433272583852702,-0.8674237650656321,3,11,-154.67272727278439,-7.898700170086537,-3.2162932423859933,0.8776015251249546,74.97872340425532,-0.4826666666668447,-1701.4000000006276,-0.4826666666668447,-1.0066598177175259,0.16415310077054568,0.5239931510506812,3.1921002319847886,10,breakout,True,True,both,True,-0.5413477537439454,-1.2474393530999348,0.1938816449346581,-0.5452054794522398
P10|breakout|MA1|BB1|TP15/SL15|TR5-3|long,1925,-1.5155252396487735,-3.2075220909828905,0.9971106286645779,5,11,-56.50000000003052,-5.3148342766846675,-1.8127885521273968,0.9141645719967525,76.1038961038961,-0.3228571428573169,-621.500000000335,-0.3228571428573169,-1.1014802557780157,0.2268170347129129,0.7786231129206987,3.4328246725657903,10,breakout,True,True,long,True,-0.5993548387098563,-1.3965260545907885,0.7512027491407601,-0.3884375000001844
P10|breakout|MA1|BB1|TP15/SL15|TR5-3|short,1649,-2.8528432641532477,-1.5853352381138843,-2.4229170102868838,2,11,-102.40000000002706,-6.1977935301921026,-3.165004496958663,0.8355812459858326,73.62037598544573,-0.6830806549425696,-1126.4000000002973,-0.6830806549425696,-1.121213452939551,0.17810429114425375,0.43813279799698135,2.4599788987797053,10,breakout,True,True,short,True,-0.5044628099175488,-1.1330555555557367,-0.5617224880384354,-0.6710526315791332
P10|breakout|MA1|BB1|TP30/SL30|TR0-0|both,2192,0.23667096251823905,0.05687565145690086,0.26843192964785234,7,11,28.772727272728208,-1.0751733206129652,0.018470542591298343,1.0102030618856805,51.09489051094891,0.14438868613139202,316.5000000000113,0.14438868613139202,-0.24059719102546948,0.5985996914075843,0.3849858771568615,0.6431441290114633,10,breakout,True,True,both,False,0.04306151645206385,-0.5823684210526437,1.3958748221906636,-1.1551219512195445
P10|breakout|MA1|BB1|TP30/SL30|TR0-0|long,1268,0.9783069564866679,0.10587768858332695,1.226040176755924,5,11,89.73636363636575,-0.027145794475998526,0.7259452359378357,1.0567504326279058,51.97160883280757,0.7784700315457601,987.1000000000238,0.7784700315457601,0.829376331952972,0.44427779781713694,-0.05090630040721189,-0.11458213905202783,10,breakout,True,True,long,False,1.131865284974073,-2.1362903225806367,3.8125615763547995,-2.052192982456224
P10|breakout|MA1|BB1|TP30/SL30|TR0-0|short,1144,-0.4761810686728175,0.36708669360062596,-1.0022724083350432,4,11,-42.24545454545568,-1.418236946349088,-0.787660902544832,0.9716547824548768,50.08741258741259,-0.4062062937063042,-464.700000000012,-0.4062062937063042,-1.1059558350656284,0.7388396276739329,0.6997495413593242,0.9470925964844701,10,breakout,True,True,short,False,-0.788664987405541,2.155092592592558,-1.6109090909091182,-0.42537313432833757
P10|breakout|MA1|BB1|TP30/SL30|TR5-3|both,3233,-1.2269465879919927,-2.5116967809677484,0.6409521069350154,4,11,-90.33636363639981,-4.440076913909015,-1.4782637039710589,0.934775616832158,84.16331580575317,-0.30736158366854194,-993.7000000003961,-0.30736158366854194,-0.9082992896903189,0.21777339661852094,0.600937706021777,2.7594633474650463,10,breakout,True,True,both,True,-0.4739410681400027,-1.7115384615385154,0.5148305084743832,0.26672694394188734
P10|breakout|MA1|BB1|TP30/SL30|TR5-3|long,1834,-0.517740179824521,-2.213497133915633,1.3735430258377777,4,11,-27.163636363656057,-3.091291085750363,-0.8457676757853639,0.9632345703316991,85.05997818974919,-0.16292257360971396,-298.8000000002154,-0.16292257360971396,-0.7426178142554718,0.1914456859394063,0.5796952406457578,3.0279880050639263,10,breakout,True,True,long,True,-0.3753424657534678,-1.7020833333333882,0.7922800718131121,0.4294498381874653
P10|breakout|MA1|BB1|TP30/SL30|TR5-3|short,1576,-1.135208983497893,-1.4041783992095351,-0.2680659314340162,4,11,-59.73636363638068,-3.3393451804291727,-1.4369502817410313,0.9145057833174798,83.50253807106598,-0.4169416243656006,-657.1000000001866,-0.4169416243656006,-0.8461382964783588,0.3590293114579152,0.4291966721127582,1.1954363012031342,10,breakout,True,True,short,True,-0.5294425087108489,-1.4659824046921281,0.24193548387076286,0.19069767441836694
P10|breakout|MA1|BB1|TP20/SL10|TR0-0|both,3219,-0.9086546522555434,-0.710263654326388,-0.5736965308010268,5,11,-67.99090909083495,-4.023932433363541,-1.2314374026453379,0.9667123616909878,35.3215284249767,-0.23233923578725746,-747.8999999991818,-0.23233923578725746,-0.5251934617610354,0.18356809472184996,0.29285422597377797,1.5953438227788055,10,breakout,True,True,both,False,-0.1528424976696177,-0.4343799058080099,0.48556375131717766,-1.371428571428539
P10|breakout|MA1|BB1|TP20/SL10|TR0-0|long,1741,0.1128820612507625,-0.6215983668343751,0.734560415311087,6,11,6.145454545492137,-2.21933568351341,-0.1781620022775706,1.0056396779710859,36.186099942561746,0.038828259621145916,67.60000000041504,0.038828259621145916,-0.17507569667143869,0.2532213865351774,0.2139039562925846,0.8447310048310993,10,breakout,True,True,long,False,-0.3543478260864891,0.24542772861402945,1.2994475138121266,-1.7120521172637921
P10|breakout|MA1|BB1|TP20/SL10|TR0-0|short,1514,-1.4595638542293539,-0.15208699170586873,-1.9611722082295016,4,11,-74.45454545450774,-3.6164086032023697,-1.9266156765515643,0.9236413474179186,34.34610303830912,-0.5409511228530938,-818.9999999995839,-0.5409511228530938,-0.738437690562822,0.2783239302692507,0.19748656770972828,0.7095565498758216,10,breakout,True,True,short,False,0.1193668528868709,-1.3798722044723661,-0.5794117647058425,-0.8390624999999978
P10|breakout|MA1|BB1|TP20/SL10|TR5-3|both,3709,-3.791590229876168,-3.8663415377328647,-1.5339363238373767,3,11,-172.16363636359995,-9.676904394754244,-4.167120220670542,0.8601091765957515,66.19034780264222,-0.5105958479373413,-1893.7999999995986,-0.5105958479373413,-1.035886982896682,0.05034381912064304,0.5252911349593407,10.434074016127823,10,breakout,True,True,both,True,-0.5166017147309777,-1.1575719649560656,0.017538759690010255,-0.5448739495797461
P10|breakout|MA1|BB1|TP20/SL10|TR5-3|long,2010,-2.069138936348294,-4.0460060991104285,1.0566744274417323,4,11,-66.68181818179984,-6.631477921336407,-2.5093774142679233,0.8951903292181306,67.76119402985074,-0.3649253731342279,-733.4999999997981,-0.3649253731342279,-0.9276003932771845,0.16373875770981447,0.5626750201429566,3.436419257193558,10,breakout,True,True,long,True,-0.8206948640482012,-1.0952494061756597,0.48888888888896515,-0.07376543209871032
P10|breakout|MA1|BB1|TP20/SL10|TR5-3|short,1718,-3.343629439214241,-1.2985585970847784,-3.39691272619254,2,11,-104.33636363634538,-7.317359506199298,-3.784452032119813,0.8258236838511134,64.43538998835857,-0.6680442374853311,-1147.6999999997988,-0.6680442374853311,-0.8758734412887211,0.20110604690535425,0.20782920380338998,1.0334309037519882,10,breakout,True,True,short,True,-0.18446909667184364,-1.2083333333331887,-0.6404651162789627,-1.0692307692306495
P10|breakout|MA1|BB1|TP10/SL20|TR0-0|both,3102,-3.136732819051801,-2.812430275595359,-1.6463772670671384,3,11,-223.3363636364402,-6.310847562161971,-3.3315390792376243,0.8852797377501956,66.44100580270793,-0.7919729206965961,-2456.700000000841,-0.7919729206965961,-0.9234811674798642,0.25050526717673416,0.1315082467832681,0.5249719826868456,10,breakout,True,True,both,False,-1.1331400966188252,-0.7228155339810537,0.032563256325530504,-1.6051851851851353
P10|breakout|MA1|BB1|TP10/SL20|TR0-0|long,1720,-1.120371941514554,-1.984339357792434,0.34109377526114854,4,11,-58.5909090909529,-3.542172627020193,-1.3561418714704347,0.9433541049596588,67.84883720930233,-0.3747093023258609,-644.5000000004808,-0.3747093023258609,-0.6760274621795157,0.31995699355097107,0.3013181598536548,0.9417458156158509,10,breakout,True,True,long,False,-0.7979742173117007,-0.9630057803472873,0.8669172932329482,-1.1344481605350982
P10|breakout|MA1|BB1|TP10/SL20|TR0-0|short,1495,-3.4660699754391096,-2.2904198379170397,-2.6029070913397296,1,11,-173.13636363640038,-5.666437663853237,-3.7167901082403496,0.8237161686844727,64.74916387959865,-1.2739130434785304,-1904.500000000403,-1.2739130434785304,-1.0253054411164222,0.24149900296508936,-0.24860760236210822,-1.0294353157145186,10,breakout,True,True,short,False,-1.3111111111115756,-0.7927215189878154,-1.0835051546392362,-2.094023904382387
P10|breakout|MA1|BB1|TP10/SL20|TR5-3|both,3408,-3.5896724264036957,-4.059748211024506,-1.0335094830251137,3,11,-203.9545454545786,-7.963026838450987,-3.7887934967200545,0.842937251909438,79.69483568075117,-0.6583039906104351,-2243.500000000363,-0.6583039906104351,-1.276483009268528,0.1428183570354112,0.6181790186580929,4.328428302146187,10,breakout,True,True,both,True,-0.8551903114188998,-1.3851694915256028,-0.016391752577330023,-0.4499999999999629
P10|breakout|MA1|BB1|TP10/SL20|TR5-3|long,1881,-2.3823421305354318,-3.605027786500751,0.2382773657748745,3,11,-96.11818181820053,-5.83527339264397,-2.642891534712339,0.8602988782156864,80.48910154173312,-0.5620946305157922,-1057.3000000002053,-0.5620946305157922,-1.1085113250755767,0.16620516316051667,0.5464166945597845,3.287603610918328,10,breakout,True,True,long,True,-0.9228476821194086,-1.417346938775692,0.3151408450703978,-0.3889589905362696
P10|breakout|MA1|BB1|TP10/SL20|TR5-3|short,1611,-2.748924912768915,-2.2417713439814553,-1.6616594099792987,2,11,-108.9090909091067,-5.742974795807969,-3.0059807218483305,0.8290500720615035,78.89509621353197,-0.7436374922409518,-1198.0000000001733,-0.7436374922409518,-1.2635772684639837,0.18391271935513553,0.5199397762230319,2.827100692361728,10,breakout,True,True,short,True,-0.6548223350256113,-1.4127840909092635,-0.49656019656018285,-0.4275862068964834
P5|breakout|MA1|BB1|TP20/SL20|TR0-0|both,3139,-2.615988820508987,-2.434027530199713,-1.316248799300743,3,11,-261.4636363636379,-4.895857569251297,-2.8475870617350245,0.9112306595431414,49.442497610704045,-0.916247212488058,-2876.100000000014,-0.916247212488058,-0.6151143667467498,0.29064342610531535,-0.30113284574130816,-1.036090338517383,5,breakout,True,True,both,False,-1.6840078973346662,-0.6190825688073412,0.3091375770020133,-1.8680395387149222
P5|breakout|MA1|BB1|TP20/SL20|TR0-0|long,1720,-0.6009692319272361,-1.0772682573501509,0.15973706463897278,4,11,-44.536363636364236,-2.2973252237284814,-0.8493803104058701,0.9714711654369578,50.98837209302326,-0.2848255813953519,-489.9000000000053,-0.2848255813953519,0.051410485576685615,0.29208749754041236,-0.3362360669720375,-1.1511484394347173,5,breakout,True,True,long,False,-0.9825335892514434,-0.13805031446539842,1.4521897810218325,-2.191891891891804
P5|breakout|MA1|BB1|TP20/SL20|TR0-0|short,1585,-1.9258297188047087,-1.2395237595837802,-1.4787550774700302,3,11,-134.32727272727428,-3.5980513858038856,-2.261861335959461,0.9097378757612936,49.716088328075706,-0.9322397476340797,-1477.6000000000163,-0.9322397476340797,-1.0260646868943255,0.33792618139071484,0.09382493926024582,0.2776492157965238,5,breakout,True,True,short,False,-1.768157423971394,0.3091216216216222,-0.6473094170403887,-1.0281690140844857
P5|breakout|MA1|BB1|TP20/SL20|TR5-3|both,4166,-2.431456631700612,-3.1877871954026267,-0.3234410427552219,4,11,-158.3000000000127,-7.110077261825291,-2.7198713361756637,0.9009921819473964,79.54872779644742,-0.4179788766202924,-1741.3000000001382,-0.4179788766202924,-0.93618761489849,0.11468538908486942,0.5182087382781976,4.518524481742945,5,breakout,True,True,both,True,-0.5126690391460487,-1.302888086642716,0.44180602006693864,-0.6358310626701664
P5|breakout|MA1|BB1|TP20/SL20|TR5-3|long,2256,-1.8331104345453297,-2.850633462394647,0.1570211261059924,3,11,-84.2272727272814,-5.464935332791973,-2.1570881715444687,0.8992989511439476,80.23049645390071,-0.41068262411351747,-926.5000000000954,-0.41068262411351747,-0.911627101712277,0.17402286340883155,0.5009444775987595,2.8786130039815037,5,breakout,True,True,long,True,-0.6902642559111257,-1.2423841059603817,0.6428152492668688,-0.7606965174128043
P5|breakout|MA1|BB1|TP20/SL20|TR5-3|short,2023,-1.5466541620697458,-1.6783341145456467,-0.5354718349921915,2,11,-73.0727272727335,-4.717185602772504,-1.928709387244936,0.9087741598665229,78.89273356401384,-0.39733069698470974,-803.8000000000678,-0.39733069698470974,-0.9950531723218287,0.22709493265950603,0.5977224753371189,2.6320379250087096,5,breakout,True,True,short,True,-0.41869918699201336,-1.0661904761906174,0.13662239089193665,-0.35207100591702206
P5|breakout|MA1|BB1|TP15/SL15|TR0-0|both,3632,-2.710835290784316,-1.7599275920191717,-2.0635506065861433,2,11,-220.1363636363624,-5.94579952403946,-2.9790135016022825,0.9145083390998607,50.38546255506608,-0.6667125550660746,-2421.499999999983,-0.6667125550660746,-0.6346478968199543,0.20468004917232804,-0.03206465824612037,-0.15665746796417807,5,breakout,True,True,both,False,-0.7432724252491656,-0.4909909909909836,-0.1596730245231381,-1.548865355521965
P5|breakout|MA1|BB1|TP15/SL15|TR0-0|long,1939,-0.9103921038178232,-1.0103368271586923,-0.30567630855631406,4,11,-53.609090909087854,-3.3165528069013686,-1.1633277177566153,0.9599932157394878,51.57297576070139,-0.304125838060838,-589.6999999999648,-0.304125838060838,-0.4440073017568351,0.2960251792442978,0.13988146369599713,0.47253231651811123,5,breakout,True,True,long,False,-0.5159663865546078,-0.3163487738419487,0.899029126213654,-2.01169916434545
P5|breakout|MA1|BB1|TP15/SL15|TR0-0|short,1786,-2.7893514765640464,-1.34150336351984,-2.5932662594901714,3,11,-161.26363636363783,-5.0562647424537515,-3.187684736025589,0.8754581069126784,49.38409854423293,-0.9932250839865704,-1773.9000000000146,-0.9932250839865704,-0.7924188571641304,0.2780742098813525,-0.20080622682243998,-0.7221317895971694,5,breakout,True,True,short,False,-1.143778801843331,-0.4435435435435359,-1.2582484725051086,-0.8482315112540215
P5|breakout|MA1|BB1|TP15/SL15|TR5-3|both,4341,-4.191318093451043,-4.112577326890872,-1.857005972228382,1,11,-238.4545454546146,-9.722233620489533,-4.4598068640533315,0.8490594267365266,74.56807187284036,-0.6042386546880351,-2623.0000000007603,-0.6042386546880351,-0.9824384410210577,0.1346032234796756,0.37819978633302265,2.809737958393908,5,breakout,True,True,both,True,-0.7232950708982371,-1.2190639269408299,0.01219709208385884,-0.6689008042897071
P5|breakout|MA1|BB1|TP15/SL15|TR5-3|long,2316,-2.944222252363885,-3.478604082333832,-0.7529272798659581,2,11,-117.2363636364024,-7.229473064179169,-3.233046285871363,0.8557704136981896,75.43177892918825,-0.5568221070813585,-1289.6000000004262,-0.5568221070813585,-1.0966471589516034,0.17579985469296744,0.5398250518702449,3.070679738689452,5,breakout,True,True,long,True,-0.8051075268819093,-1.3568669527898947,0.32861230329023733,-0.7076167076168811
P5|breakout|MA1|BB1|TP15/SL15|TR5-3|short,2096,-3.2406660929443283,-2.421293372280109,-2.161465345123564,2,11,-131.38181818185038,-7.031178367233045,-3.615901340991197,0.8348493851990332,73.52099236641222,-0.6895038167940618,-1445.2000000003536,-0.6895038167940618,-1.102900195555675,0.13077290858597151,0.41339637876161317,3.161177519347151,5,breakout,True,True,short,True,-0.744098573281656,-1.0336384439361255,-0.40422794117658184,-0.5811046511629354
P5|breakout|MA1|BB1|TP30/SL30|TR0-0|both,2491,-1.0522879677262764,-0.6671109163861959,-0.8138499037149693,4,11,-137.06363636363656,-2.4421652083948158,-1.2652659317490833,0.958215548682475,49.85949417904456,-0.6052589321557608,-1507.7,-0.6052589321557608,0.09076352940935854,0.38634064501019244,-0.6960224615651193,-1.8015771070288418,5,breakout,True,True,both,False,-0.6076523994811983,-1.372530120481923,0.3296296296296526,-1.4880808080808443
P5|breakout|MA1|BB1|TP30/SL30|TR0-0|long,1428,-0.3345809838855837,-1.012022004415685,0.42813356391109614,5,11,-32.636363636362034,-1.4027062140491604,-0.6053432278552234,0.9822772937081932,50.42016806722689,-0.2514005602240769,-358.9999999999818,-0.2514005602240769,0.7337496101513931,0.4909603563567479,-0.9851501703754699,-2.0065778379458963,5,breakout,True,True,long,False,-0.4230414746543892,-2.6582375478927025,2.3762527233116315,-2.0886861313869365
P5|breakout|MA1|BB1|TP30/SL30|TR0-0|short,1333,-0.8858656976182797,0.24551190060770092,-1.403606806923239,4,11,-83.81818181818306,-1.916345492728138,-1.1827319896957413,0.952204205200514,49.662415603900975,-0.6916729182295671,-922.000000000013,-0.6916729182295671,-0.8415894479278915,0.4749740129565848,0.14991652969832436,0.3156310147688597,5,breakout,True,True,short,False,-0.5210643015521014,1.23874999999997,-2.2283544303797824,-0.4214574898785196
P5|breakout|MA1|BB1|TP30/SL30|TR5-3|both,3926,-2.3467256795119233,-2.7608675069176174,-0.6338187716937204,3,11,-189.33636363641006,-5.917618686917751,-2.622342114285923,0.8900247651534496,83.85124808965868,-0.5304890473765941,-2082.700000000508,-0.5304890473765941,-0.8489497892476979,0.19498991159592102,0.31846074187110385,1.6332165047135991,5,breakout,True,True,both,True,-0.45701219512200936,-1.6807486631016204,0.10602409638532022,-0.49588068181841294
P5|breakout|MA1|BB1|TP30/SL30|TR5-3|long,2188,-1.7822965285356653,-2.6846688693712566,0.0971867369468446,2,11,-101.80909090911763,-4.622065054541443,-2.108764492454101,0.8891835462452349,84.55210237659963,-0.5118372943328581,-1119.9000000002934,-0.5118372943328581,-0.665018874075187,0.2605696177937027,0.15318157974232893,0.5878719899862053,5,breakout,True,True,long,True,-0.7655619596542351,-1.630751708428257,0.38490284005955383,-0.3373056994821005
P5|breakout|MA1|BB1|TP30/SL30|TR5-3|short,1962,-1.3609803163873897,-1.2366704944003486,-0.7159466171554463,2,11,-79.81818181820398,-3.843668309523284,-1.7133881966764162,0.9085483350172139,83.4862385321101,-0.447502548420103,-878.0000000002422,-0.447502548420103,-0.9706998828512095,0.24096984704331295,0.5231973344311065,2.171214950130523,5,breakout,True,True,short,True,-0.26426553672322317,-1.0211442786070313,-0.21586073500986386,-0.5038805970151488
P5|breakout|MA1|BB1|TP20/SL10|TR0-0|both,3828,-2.453305449669353,-2.4230013867216402,-1.0718487470216351,2,11,-194.1545454544582,-5.944262302505234,-2.7515615306564225,0.921373795683082,34.221525600835946,-0.5579153605013157,-2135.6999999990367,-0.5579153605013157,-0.560223568787412,0.24055510247366352,0.002308208286096236,0.009595341201914201,5,breakout,True,True,both,False,-0.7919874312642576,-0.7583911234392007,0.09947089947091331,-0.9907142857142708
P5|breakout|MA1|BB1|TP20/SL10|TR0-0|long,2015,-1.211183471676875,-1.7652667854609538,-0.03313487719268813,3,11,-69.59090909086477,-3.767059130921899,-1.5039622244977382,0.9459793232419779,34.78908188585608,-0.37990074441663074,-765.4999999995109,-0.37990074441663074,-0.33447065663228237,0.25435942571966863,-0.04543008778434837,-0.17860587495749894,5,breakout,True,True,long,False,-1.0425396825392097,0.023157894737301968,0.6398734177215202,-1.3991957104557222
P5|breakout|MA1|BB1|TP20/SL10|TR0-0|short,1861,-1.8304287893092135,-0.8089787803136047,-1.7725588913347319,4,11,-100.7818181817738,-4.293959101335311,-2.268022195164397,0.9162043265960507,34.12144008597528,-0.5957012358944171,-1108.5999999995104,-0.5957012358944171,-0.81994308640519,0.33509367232830367,0.22424185051077283,0.669191539645293,5,breakout,True,True,short,False,-0.4796992481198313,-0.9739612188360969,-0.6023715415019456,-0.40486322188452145
P5|breakout|MA1|BB1|TP20/SL10|TR5-3|both,4562,-4.499736087495835,-4.1418554546378905,-2.274340848495975,2,11,-225.50909090904315,-11.03925212676177,-4.8520593528013,0.8505824669614378,66.26479614204295,-0.5437527400261891,-2480.5999999994747,-0.5437527400261891,-0.9921409297331067,0.09414399170140338,0.44838818970691763,4.7627913540045235,5,breakout,True,True,both,True,-0.5162746344563375,-1.0819532908703564,-0.16082877247840152,-0.5776041666665414
P5|breakout|MA1|BB1|TP20/SL10|TR5-3|long,2414,-3.311398843448955,-3.9394443270667523,-0.8924654511914493,2,11,-116.82727272724902,-8.301460874006459,-3.7108088263182073,0.8494211661042598,67.2328086164043,-0.5323529411763626,-1285.0999999997393,-0.5323529411763626,-0.9492900341477531,0.11877295931156774,0.4169370929713906,3.510370503421342,5,breakout,True,True,long,True,-0.8300254452924897,-1.0464212678935294,0.006473829201172693,-0.3043583535107937
P5|breakout|MA1|BB1|TP20/SL10|TR5-3|short,2183,-3.1803674739764207,-1.7811049814004616,-2.7110769787661617,3,11,-111.03636363633929,-7.71356605024835,-3.6408395890096914,0.8507976839070883,65.2313330279432,-0.5595052679797214,-1221.3999999997318,-0.5595052679797214,-0.9657692484262004,0.1773264592267889,0.40626398044647893,2.291051105503065,5,breakout,True,True,short,True,-0.23316770186324973,-1.132543103448149,-0.3885098743266204,-0.8173669467785639
P5|breakout|MA1|BB1|TP10/SL20|TR0-0|both,3691,-3.9879408684986997,-3.5534199644486004,-2.1467633185513315,0,11,-309.60909090917846,-7.447014283643475,-4.183222141906117,0.8680932646500247,66.02546735302086,-0.9227038742890707,-3405.7000000009602,-0.9227038742890707,-0.802774124530722,0.128033949224741,-0.11992974975834869,-0.9367027298973116,5,breakout,True,True,both,False,-1.0843314191965308,-1.2539886039890715,-0.23634703196355,-1.3997037037036661
P5|breakout|MA1|BB1|TP10/SL20|TR0-0|long,2022,-1.7820448203013493,-1.6745562948707762,-0.8792334052701258,2,11,-102.30909090913939,-4.3823061968886226,-2.0174496860360325,0.9173781853153893,67.2106824925816,-0.5565776458954165,-1125.4000000005321,-0.5565776458954165,-0.5963773222472758,0.17014230686432266,0.039799676351859326,0.2339199290603069,5,breakout,True,True,long,False,-0.7467304625204051,-0.845685279188288,0.27770700636932477,-1.3361930294905866
P5|breakout|MA1|BB1|TP10/SL20|TR0-0|short,1821,-3.6623721317132056,-3.143577685604313,-2.063006910767196,1,11,-200.37272727277224,-6.122593023692817,-3.929730899591877,0.8317429539832878,65.07413509060956,-1.2103789126856086,-2204.1000000004933,-1.2103789126856086,-1.059466558707932,0.16150364952398763,-0.15091235397767666,-0.9344207045628534,5,breakout,True,True,short,False,-1.285498489426448,-1.4152777777782446,-0.8400817995910627,-1.3961290322580233
P5|breakout|MA1|BB1|TP10/SL20|TR5-3|both,4166,-4.488601486828061,-4.274825404409141,-2.100602296899655,1,11,-278.4454545454909,-9.390886244953093,-4.694152906153722,0.8258479033404152,79.54872779644742,-0.7352136341815646,-3062.900000000398,-0.7352136341815646,-1.1553919794239749,0.06972985193618682,0.42017834524241027,6.025802917621794,5,breakout,True,True,both,True,-0.7397153024913292,-1.466787003610267,-0.10326086956522255,-0.9280653950952902
P5|breakout|MA1|BB1|TP10/SL20|TR5-3|long,2256,-3.1748949930501,-3.5033593729378625,-1.0248191002384304,3,11,-139.69090909092967,-6.975213094131198,-3.414068507206702,0.832987337644666,80.23049645390071,-0.6811170212766959,-1536.6000000002261,-0.6811170212766959,-1.0874545190961462,0.14400711767947563,0.4063374978194503,2.8216487099190295,5,breakout,True,True,long,True,-0.9125173852575131,-1.3359823399559965,0.20058651026388125,-1.0251243781093893
P5|breakout|MA1|BB1|TP10/SL20|TR5-3|short,2023,-3.1814099537795872,-2.671778314751897,-1.846902317680582,2,11,-141.345454545473,-6.564734271133327,-3.4670233412854214,0.8235407610854235,78.89273356401384,-0.7685615422640641,-1554.8000000002019,-0.7685615422640641,-1.3138551501589761,0.17815508023011767,0.545293607894912,3.060780569325176,5,breakout,True,True,short,True,-0.657452574525985,-1.3076190476192415,-0.5470588235293661,-0.6866863905324488
P10|breakout|MA0|BB1|TP20/SL20|TR0-0|both,4114,-4.1440948781982865,-3.124612116898622,-2.763313060885864,3,11,-471.43636363635864,-6.757764603959959,-4.37372619914275,0.8800901786230405,48.68740884783666,-1.2605250364608511,-5185.799999999941,-1.2605250364608511,-0.7793470927851377,0.3363750500526346,-0.4811779436757134,-1.4304804818324683,10,breakout,False,True,both,False,-1.5442023346303573,-1.12954876273655,-0.22705707931802077,-2.6723833543504583
P10|breakout|MA0|BB1|TP20/SL20|TR0-0|long,2526,-0.9280822754135637,-2.3911587522737903,1.0213322430715137,4,11,-82.60909090909476,-2.991087155951846,-1.174500603819457,0.9641467745117355,50.95011876484561,-0.35973871733968327,-908.70000000004,-0.35973871733968327,-0.4873158580967039,0.28329108585032475,0.12757714075702065,0.4503394110481306,10,breakout,False,True,long,False,-1.1239951278928166,-0.8288100208768279,1.5425831202045241,-1.7909909909909347
P10|breakout|MA0|BB1|TP20/SL20|TR0-0|short,2632,-4.0293879362453975,-1.8099906819755318,-3.802454359515065,2,11,-380.3363636363584,-6.052629069900178,-4.289472722372343,0.8510232205363397,47.910334346504555,-1.5895516717325002,-4183.699999999941,-1.5895516717325002,-1.4937644421692513,0.33556586953053336,-0.09578722956324892,-0.28544985727320277,10,breakout,False,True,short,False,-1.2911318553092184,-1.3420600858369243,-1.4012515644555554,-2.6121568627449907
P10|breakout|MA0|BB1|TP20/SL20|TR5-3|both,5690,-4.583936601004141,-5.117310386493123,-1.5200282872389363,4,11,-355.50000000001444,-9.947857844467526,-4.8381136387128665,0.8471093282662919,78.27768014059754,-0.687258347978938,-3910.5000000001573,-0.687258347978938,-1.0170418995557982,0.11278092860897139,0.3297835515768601,2.924107432385752,10,breakout,False,True,both,True,-0.841994750656298,-1.6530176415971685,0.11955873583788065,-0.7048496605236507
P10|breakout|MA0|BB1|TP20/SL20|TR5-3|long,3207,-2.6180110408854556,-4.146044677612278,0.41006846809024333,4,11,-147.4272727272836,-6.76913479521972,-2.8821078355283043,0.8787686235226292,79.79420018709074,-0.5056750857499589,-1621.700000000118,-0.5056750857499589,-0.9234562444905535,0.18445729324435184,0.4177811587405946,2.2649207921920285,10,breakout,False,True,long,True,-0.7926940639270578,-1.4779610194904025,0.7144408251900677,-0.8127862595418774
P10|breakout|MA0|BB1|TP20/SL20|TR5-3|short,3265,-3.528678066863551,-3.3108957292386707,-1.7999623023088371,3,11,-213.02727272728637,-7.477962312801189,-3.8510802306973484,0.8449808814384444,77.61102603369065,-0.7177029096478252,-2343.3000000001493,-0.7177029096478252,-1.1491956492551938,0.19656991407665983,0.43149273960736856,2.195110791161519,10,breakout,False,True,short,True,-0.8381932021468389,-1.5684292379472557,-0.20804851157655893,-0.3500837520937347
P10|breakout|MA0|BB1|TP15/SL15|TR0-0|both,4888,-3.748594921860917,-2.5513291200644472,-2.745240752238885,3,11,-360.29090909090974,-7.409936273796496,-3.979098895231578,0.8970971594744805,49.89770867430442,-0.8108019639934543,-3963.2000000000044,-0.8108019639934543,-0.825031373541823,0.09282877523716136,0.01422940954836871,0.15328662380835087,10,breakout,False,True,both,False,-0.8227040816326526,-0.6752056404230268,-0.07638709677416827,-2.1547334058760037
P10|breakout|MA0|BB1|TP15/SL15|TR0-0|long,2840,-0.9597058809615822,-1.9136471771260295,0.5213091572610684,5,11,-70.05454545454027,-3.7817346760610104,-1.200571074819965,0.9642167242468184,51.65492957746479,-0.2713380281689932,-770.5999999999408,-0.2713380281689932,-0.4392058854978167,0.11471603288987427,0.16786785732882348,1.463333878447263,10,breakout,False,True,long,False,-0.3387062566277617,-0.9859964093357352,1.1837587006961292,-1.929707112970754
P10|breakout|MA0|BB1|TP15/SL15|TR0-0|short,2925,-4.216800088487709,-1.9334157611553482,-3.9578884325735886,2,11,-314.9090909090951,-7.038024321970501,-4.50683252921861,0.8533756613756647,48.717948717948715,-1.184273504273519,-3464.000000000043,-1.184273504273519,-1.140079270686884,0.16280272006770322,-0.04419423358663499,-0.27145881572652075,10,breakout,False,True,short,False,-1.0444329896907314,-0.9635859519408542,-1.118277066356242,-1.745945945945982
P10|breakout|MA0|BB1|TP15/SL15|TR5-3|both,6029,-6.28948430008821,-5.682152342179427,-3.3085291652925015,1,11,-428.60000000010353,-12.686577241588761,-6.527142014630345,0.8121051981332086,73.62746724166529,-0.7819870625312885,-4714.600000001138,-0.7819870625312885,-1.0900612567467622,0.08442085019691119,0.3080741942154738,3.649266662168082,10,breakout,False,True,both,True,-0.8495566502464964,-1.3436206896553795,-0.1795338260376844,-1.03296296296317
P10|breakout|MA0|BB1|TP15/SL15|TR5-3|long,3306,-3.5305106817311867,-4.692687683294348,-0.35804386258060444,3,11,-175.95454545460004,-8.335901116588268,-3.7771226212882643,0.8502931485233877,75.19661222020568,-0.5854506957049606,-1935.5000000005996,-0.5854506957049606,-1.0566009383629975,0.11078010263253185,0.47115024265803696,4.253022261776442,10,breakout,False,True,long,True,-0.779258605472376,-1.4414739884395333,0.4257112750262077,-0.8629699248122399
P10|breakout|MA0|BB1|TP15/SL15|TR5-3|short,3360,-5.442455317347466,-3.848498289081886,-3.8540491936018917,2,11,-279.1090909091528,-10.178527214481948,-5.782699852919883,0.7882051034415759,72.64880952380952,-0.9137500000002022,-3070.2000000006797,-0.9137500000002022,-1.1517576665503628,0.13331343641235213,0.2380076665501606,1.785323917493046,10,breakout,False,True,short,True,-0.8398783666379155,-1.4013452914800137,-0.628694714131792,-0.9513866231649903
P10|breakout|MA0|BB1|TP30/SL30|TR0-0|both,3044,-1.3561570975568058,-1.0285179142817253,-0.9115013845014737,4,11,-199.04545454545513,-2.8638107346436703,-1.606705395925782,0.9507502738595187,49.44152431011827,-0.7192838370565061,-2189.5000000000045,-0.7192838370565061,-1.1595131480259941,0.5816217649296649,0.44022931096948803,0.7568996511379258,10,breakout,False,True,both,False,-1.0007734806629836,-0.333601609657946,0.3603266090298078,-2.4843594009983963
P10|breakout|MA0|BB1|TP30/SL30|TR0-0|long,2038,0.04968116758355279,-0.7453863453040086,0.7384063320279242,6,11,5.836363636364894,-1.2113845175170495,-0.15475894573686474,1.0022340847560254,51.177625122669276,0.0315014720314105,64.2000000000146,0.0315014720314105,-0.0640577377607949,0.41341861072743286,0.0955592097922054,0.23114394783549705,10,breakout,False,True,long,False,-0.46566455696204584,-0.7369973190348602,1.8958146487295118,-1.744230769230804
P10|breakout|MA0|BB1|TP30/SL30|TR0-0|short,2145,-1.889107812797074,-0.39276087289288275,-2.157534475636051,2,11,-235.65454545454676,-3.142627743445205,-2.1700196400937584,0.918159746668393,48.81118881118881,-1.2084848484848547,-2592.2000000000135,-1.2084848484848547,-1.6318849373243558,0.5421567188546305,0.4234000888395011,0.7809551631749273,10,breakout,False,True,short,False,-0.7252212389380448,-0.5882352941176472,-1.3685240963855458,-2.2652680652681063
P10|breakout|MA0|BB1|TP30/SL30|TR5-3|both,5251,-3.0149048890788013,-3.5625440198103444,-0.88255721583433,4,11,-274.54545454551476,-7.2471473241753195,-3.28636021755291,0.883336874432595,83.62216720624643,-0.5751285469435651,-3020.0000000006603,-0.5751285469435651,-0.8437898858352136,0.1921770656701485,0.26866133889164856,1.397988557868696,10,breakout,False,True,both,True,-0.5767857142857541,-1.6366285119667445,-0.035119798234749165,-0.40309917355396385
P10|breakout|MA0|BB1|TP30/SL30|TR5-3|long,3078,-1.786557627841457,-2.8330861024986227,0.17863703440985096,4,11,-122.16363636366849,-5.074883408460784,-2.109003026479189,0.905074736514909,84.69785575048732,-0.4365821962314336,-1343.8000000003526,-0.4365821962314336,-0.6583137379538623,0.17901838024802005,0.2217315417224287,1.2385965140296316,10,breakout,False,True,long,True,-0.43314065510600624,-1.8020700636943179,0.549113082039741,-0.5054901960786912
P10|breakout|MA0|BB1|TP30/SL30|TR5-3|short,3100,-2.1936214188857197,-2.266727604059229,-0.9590323342190001,3,11,-162.4363636364031,-5.256854254973385,-2.4605909936389962,0.8862258672507506,83.06451612903226,-0.5763870967743331,-1786.8000000004326,-0.5763870967743331,-1.009744987486361,0.2556501471196617,0.433357890712028,1.6951208344471906,10,breakout,False,True,short,True,-0.7044676806084285,-1.4598984771574048,-0.1674630261663157,-0.06176470588260921
P10|breakout|MA0|BB1|TP20/SL10|TR0-0|both,5277,-3.0065321674388374,-1.5935384824066958,-2.629746070694449,2,11,-286.0818181816978,-6.982425740729288,-3.2749454378794236,0.9161166673775203,34.0913397763881,-0.5963426189120093,-3146.8999999986736,-0.5963426189120093,-0.7635680680182246,0.17985956159604083,0.16722544910621528,0.929755680611513,10,breakout,False,True,both,False,-0.2908769864621596,-0.7790202342913274,-0.1140794223826481,-1.7723643807573652
P10|breakout|MA0|BB1|TP20/SL10|TR0-0|long,2949,-0.48846832533426615,-1.631745334157021,0.8610872064779651,5,11,-34.48181818175207,-3.514622794234147,-0.7435816147911276,0.9814476052590735,35.70701932858596,-0.12861987114251294,-379.29999999927065,-0.12861987114251294,-0.4604493118149546,0.31585367246289603,0.33182944067244163,1.0505796500163294,10,breakout,False,True,long,False,-0.3806714140381902,-0.21775862068919036,0.8629213483145924,-1.3040322580644876
P10|breakout|MA0|BB1|TP20/SL10|TR0-0|short,3069,-4.5873929105757725,-1.8386601708652892,-4.644124941357608,1,11,-330.3363636362871,-7.645924360844234,-4.933107901566647,0.8382203661490528,32.16031280547409,-1.184001303355867,-3633.699999999156,-1.184001303355867,-1.0099541874508011,0.2254138497874685,-0.17404711590506583,-0.7721225473464305,10,breakout,False,True,short,False,-0.42589641434216086,-1.9277586206891744,-1.044988864142476,-1.9584327086881796
P10|breakout|MA0|BB1|TP20/SL10|TR5-3|both,6536,-7.208602413243153,-5.791035788156433,-4.433344276498401,1,11,-427.0727272726606,-15.08725772387745,-7.556794955197391,0.8093959078018125,65.07037943696452,-0.7187576499386882,-4697.799999999266,-0.7187576499386882,-1.007647536512498,0.06707741133292244,0.28888988657380976,4.306813289796993,10,breakout,False,True,both,True,-0.6672374943667035,-1.1576597382600682,-0.3312034078806243,-0.957368421052553
P10|breakout|MA0|BB1|TP20/SL10|TR5-3|long,3446,-4.137114652768813,-4.930164810076458,-0.9386948742112335,2,11,-174.69090909087686,-10.01306868855788,-4.510364427744989,0.8435433968409262,66.94718514219385,-0.5576320371444123,-1921.5999999996448,-0.5576320371444123,-0.943157277910769,0.060314810623125506,0.38552524076635664,6.3918834658255745,10,breakout,False,True,long,True,-0.7481139983234139,-1.0552957359008588,0.12794715447162697,-0.7154981549814928
P10|breakout|MA0|BB1|TP20/SL10|TR5-3|short,3536,-6.362783332173217,-4.001623097287106,-4.9711800236260855,2,11,-287.3909090908723,-11.947827324615513,-6.754225248816479,0.7743363147713411,63.2918552036199,-0.8940328054297493,-3161.2999999995936,-0.8940328054297493,-1.1497310788469757,0.15795998238895467,0.2556982734172264,1.6187534940818407,10,breakout,False,True,short,True,-0.6072667217174785,-1.4490331491711155,-0.6504158004156991,-1.1754303599373046
P10|breakout|MA0|BB1|TP10/SL20|TR0-0|both,4943,-5.877991903982731,-4.438919718749574,-3.8962304783813693,1,11,-527.3545454546537,-9.861115314632402,-6.0914874032726045,0.836357430194668,65.22354845235687,-1.1735585676716949,-5800.900000001187,-1.1735585676716949,-0.9364658933160166,0.21111669475312816,-0.23709267435567827,-1.1230408596199624,10,breakout,False,True,both,False,-1.2492528019929947,-1.3254835039822632,-0.6295114006515202,-1.8019501625134833
P10|breakout|MA0|BB1|TP10/SL20|TR0-0|long,2896,-1.9815733928530397,-2.5280963408669064,-0.27478499914910004,3,11,-135.4909090909821,-5.060033151107776,-2.1778942452093437,0.9233491051223603,67.40331491712708,-0.5146408839781773,-1490.4000000008014,-0.5146408839781773,-0.7750378760363728,0.1950308074495298,0.26039699205819544,1.3351582525011139,10,breakout,False,True,long,False,-0.6297019527240048,-1.1932173913048119,0.6910776361528389,-1.624742268041191
P10|breakout|MA0|BB1|TP10/SL20|TR0-0|short,2999,-5.274994020774226,-2.7561053300867497,-4.642749501358959,1,11,-373.8454545455216,-8.351888770638578,-5.4844553075237386,0.8121079204075206,64.48816272090697,-1.3712237412473274,-4112.300000000735,-1.3712237412473274,-1.2836428176706618,0.19147352360128733,-0.08758092357666558,-0.4574048773397971,10,breakout,False,True,short,False,-1.149000000000468,-1.404861111111574,-1.4514518002323207,-1.6092526690390958
P10|breakout|MA0|BB1|TP10/SL20|TR5-3|both,5690,-7.356149990656372,-6.388355235328542,-4.087653279223643,1,11,-542.9000000000444,-12.969321279566884,-7.531264603566094,0.7665137955436468,78.27768014059754,-1.0495430579965708,-5971.900000000487,-1.0495430579965708,-1.241981455317772,0.11417433485605999,0.19243839732120116,1.6854785934492982,10,breakout,False,True,both,True,-1.0881364829398408,-1.7401114206130048,-0.5175909361955574,-1.1221144519882968
P10|breakout|MA0|BB1|TP10/SL20|TR5-3|long,3207,-4.377089660026394,-5.112047589161368,-1.0520143837699432,2,11,-233.96363636366593,-8.741973207785081,-4.580798605090652,0.807608638772783,79.79420018709074,-0.80249454318688,-2573.600000000324,-0.80249454318688,-1.2287452682289755,0.12111560733494602,0.4262507250420955,3.519370743551624,10,breakout,False,True,long,True,-1.0243835616440313,-1.5760119940031925,0.166883821932679,-1.0580152671755296
P10|breakout|MA0|BB1|TP10/SL20|TR5-3|short,3265,-5.905444200923705,-4.486116918948844,-3.9128794316268953,1,11,-335.7272727273025,-10.087305208035547,-6.125218796176171,0.7556925682380237,77.61102603369065,-1.131087289433484,-3693.0000000003256,-1.131087289433484,-1.3951481733740096,0.11293366920960934,0.2640608839405256,2.3381944976074247,10,breakout,False,True,short,True,-1.1052772808589024,-1.720373250388994,-0.910363836824669,-0.8800670016750007
P10|breakout|MA1|BB0|TP20/SL20|TR0-0|both,4110,-1.457274257756823,-1.7618969739480244,-0.4037943280871477,3,11,-163.92727272727856,-4.118234793336184,-1.7424427607725241,0.956497718976999,50.802919708029194,-0.43873479318736297,-1803.200000000062,-0.43873479318736297,-0.5309334589348491,0.23076946899923176,0.09219866574748614,0.3995271391285867,10,breakout,True,False,both,False,-1.079079159935383,-0.2720965309200583,0.7113448534935454,-1.4051252847380042
P10|breakout|MA1|BB0|TP20/SL20|TR0-0|long,2261,0.4570620439666124,-0.8648317153473931,1.3084728807044477,5,11,38.49090909090301,-1.5081007711295238,0.12792736495342263,1.0191979831688887,52.41043785935426,0.18726227333035605,423.39999999993506,0.18726227333035605,-0.1588009273514997,0.21692502522492557,0.34606320068185575,1.5953124833016807,10,breakout,True,False,long,False,-0.23208137715179222,-0.820207253886011,2.1143042912872683,-1.5794432548179413
P10|breakout|MA1|BB0|TP20/SL20|TR0-0|short,2006,-2.0158934939337847,-1.1488013689559426,-1.6859912999585789,2,11,-160.29090909090914,-3.872621641963432,-2.362631047981212,0.9144708758585879,49.65104685942173,-0.8789631106679957,-1763.1999999999994,-0.8789631106679957,-0.97412617584169,0.2407482780328861,0.09516306517369433,0.39528035652531274,10,breakout,True,False,short,False,-1.1215267175572576,0.18479532163743342,-1.0065517241379471,-1.1841491841491565
P10|breakout|MA1|BB0|TP20/SL20|TR5-3|both,6220,-2.7947064048450025,-4.368896776602064,0.007326401918492986,4,11,-222.20000000001573,-8.55427909116258,-3.14316941590832,0.9063908665795932,79.69453376205787,-0.39295819935694076,-2444.2000000001717,-0.39295819935694076,-0.9822423496069789,0.13188638230736027,0.5892841502500381,4.468119755356665,10,breakout,True,False,both,True,-0.6420062695926078,-1.1904884318767495,0.5429324894515356,-0.6882542236523456
P10|breakout|MA1|BB0|TP20/SL20|TR5-3|long,3422,-2.6261728354084797,-4.3726460867819235,0.2552650674866274,4,11,-149.5181818181936,-7.128986104650707,-3.055730584801753,0.8841670833656015,79.8947983635301,-0.4806253652834976,-1644.7000000001287,-0.4806253652834976,-0.9174850167268136,0.1427833818884341,0.436859651443316,3.0595973121344247,10,breakout,True,False,long,True,-0.8272908366535323,-1.5953301127215762,0.6932624113475675,-0.9049327354259193
P10|breakout|MA1|BB0|TP20/SL20|TR5-3|short,2951,-1.5180768823563175,-1.817292666779208,-0.42944364347627073,3,11,-86.28181818182271,-5.398353128852152,-1.8624221930239306,0.9243051401682765,79.49847509318874,-0.32161978990174483,-949.100000000049,-0.32161978990174483,-0.8992082304932453,0.15219109275094972,0.5775884405915004,3.795152726425877,10,breakout,True,False,short,True,-0.3815195071869726,-0.8448105436574423,0.2351213282248513,-0.423850085178755
P10|breakout|MA1|BB0|TP15/SL15|TR0-0|both,4882,-2.4115242793442744,-2.0175055234478525,-1.4284174754839418,4,11,-226.99999999999557,-6.177217285621448,-2.739514443290674,0.9337621858213448,50.92175337976239,-0.5114707087259214,-2496.999999999948,-0.5114707087259214,-0.7138974564117844,0.1357253246549301,0.202426747685863,1.4914441958456575,10,breakout,True,False,both,False,-0.7515667574931854,-0.32989323843414564,0.23469910371322597,-1.4689791873141977
P10|breakout|MA1|BB0|TP15/SL15|TR0-0|long,2663,-0.7230642083021684,-0.8941176374213123,-0.1795417001949252,5,11,-48.89090909090396,-3.6197193947025657,-1.1084159083853518,0.973280337846234,51.93390912504694,-0.20195268494177318,-537.799999999942,-0.20195268494177318,-0.41923231191812854,0.20794067282088868,0.21727962697635536,1.0449116280560988,10,breakout,True,False,long,False,-0.26455026455024533,-0.4678723404255212,0.9196919691969844,-1.8066287878788252
P10|breakout|MA1|BB0|TP15/SL15|TR0-0|short,2327,-2.721113781526559,-2.0142983073243435,-1.8389532094487342,2,11,-177.6000000000007,-5.344483516900077,-3.095265806998078,0.893617948159446,49.763644177051994,-0.8395358831113047,-1953.600000000006,-0.8395358831113047,-0.9599851233086646,0.24468903945114368,0.12044924019735992,0.49225433418487735,10,breakout,True,False,short,False,-1.1152116402116528,-0.3572463768115776,-0.652409638554214,-1.0738336713996046
P10|breakout|MA1|BB0|TP15/SL15|TR5-3|both,6542,-4.605397256546811,-5.024335633860974,-1.771825589862336,3,11,-319.51818181829333,-11.493306717213422,-4.90284463578976,0.8640264000866165,74.9312136961174,-0.5372516050139446,-3514.700000001226,-0.5372516050139446,-0.9974028743133699,0.11754477958612718,0.4601512692994253,3.9146891160935327,10,breakout,True,False,both,True,-0.6849900596423337,-1.0517600000002019,0.11367305751750587,-0.8067026194147108
P10|breakout|MA1|BB0|TP15/SL15|TR5-3|long,3548,-3.7155121145757515,-4.841210331541272,-0.7340026254455491,4,11,-180.60909090915405,-9.142940558597466,-4.1246452969323855,0.8560612647075417,75.31003382187149,-0.5599492671929802,-1986.7000000006938,-0.5599492671929802,-0.9971278741987148,0.06858647507356913,0.43717860700573463,6.37412269017756,10,breakout,True,False,long,True,-0.8405197305103076,-1.323529411764929,0.37957264957249653,-1.013708513708747
P10|breakout|MA1|BB0|TP15/SL15|TR5-3|short,3074,-3.024335156769583,-2.406500499455129,-1.911490090464276,2,11,-150.00909090913987,-7.615023642836048,-3.362935954076195,0.8667070560199944,74.49577098243331,-0.5367924528303637,-1650.100000000538,-0.5367924528303637,-1.0721694724573043,0.14093896428954156,0.5353770196269406,3.7986444864677393,10,breakout,True,False,short,True,-0.4955401387514061,-0.8758675078866073,-0.27292682926844314,-0.6072013093291928
P10|breakout|MA1|BB0|TP30/SL30|TR0-0|both,3041,-0.9860870116694176,-0.6752224292734229,-0.7204802390111449,6,11,-140.81818181818429,-2.5361241967714956,-1.2195120236155144,0.9648808579137095,50.37816507727722,-0.5093719171325307,-1549.000000000026,-0.5093719171325307,0.0207698465389203,0.42646608974782724,-0.530141763671451,-1.2431041445403739,10,breakout,True,False,both,False,0.15236486486484893,-2.0700000000000043,0.4719726562500258,-1.8089368258860363
P10|breakout|MA1|BB0|TP30/SL30|TR0-0|long,1755,0.2360019610897585,-0.703078869512161,0.8918144713013801,5,11,25.318181818183515,-0.9577344086008299,-0.061843192019266,1.0113133660209044,51.62393162393163,0.15868945868946988,278.5000000000196,0.15868945868946988,0.6750424812682941,0.3232583921735507,-0.5163530225788242,-1.5973383370093763,10,breakout,True,False,long,False,0.3902240325865474,-1.9453074433656827,2.606187290969985,-2.438375350140141
P10|breakout|MA1|BB0|TP30/SL30|TR0-0|short,1586,-1.2812240448189793,-0.29339080249768107,-1.4530882969604841,3,11,-135.00000000000298,-2.3877069393685115,-1.6073213997459654,0.936130405797724,49.43253467843632,-0.9363177805800963,-1485.0000000000327,-0.9363177805800963,-1.0441648478619283,0.4172893523098826,0.10784706728183202,0.25844672691706705,10,breakout,True,False,short,False,-0.6689320388349644,0.01301115241633955,-1.6905660377358869,-1.0387692307692424
P10|breakout|MA1|BB0|TP30/SL30|TR5-3|both,5756,-1.950125507214695,-3.4746897111150714,0.3685239890841248,5,11,-189.40909090916128,-6.334827923491483,-2.248889020211765,0.9222438263426515,84.4683808200139,-0.3619701181377297,-2083.500000000772,-0.3619701181377297,-0.7594152999747112,0.13030008459868797,0.3974451818369815,3.0502296530433988,10,breakout,True,False,both,True,-0.5402044293015802,-1.5270793036750918,0.4155973451325509,-0.26418039895949325
P10|breakout|MA1|BB0|TP30/SL30|TR5-3|long,3275,-1.9154134081895304,-3.7618969963759565,0.7500799574878728,2,11,-133.76363636368,-5.432845535388019,-2.289059849771976,0.9015384203587778,84.67175572519085,-0.449282442748238,-1471.4000000004794,-0.449282442748238,-0.6710622262418319,0.08631793526080957,0.2217797834935939,2.56933605772064,10,breakout,True,False,long,True,-0.7565899581590603,-1.9162751677852905,0.6828754578752638,-0.5573692551508284
P10|breakout|MA1|BB0|TP30/SL30|TR5-3|short,2827,-0.7175426071585546,-1.002289768106601,-0.07890054945795115,5,11,-50.39090909093877,-3.7254587137437145,-1.0333666305395703,0.9576540512459839,84.5772904138663,-0.19607357622933333,-554.3000000003253,-0.19607357622933333,-0.8023834042459385,0.13337658135829566,0.6063098280166052,4.545849217621249,10,breakout,True,False,short,True,-0.19202586206899755,-0.8231707317073435,0.10651890482380331,0.026344086021259188
P10|breakout|MA1|BB0|TP20/SL10|TR0-0|both,5355,-2.101244033915615,-1.241048246443176,-1.706567023391742,2,11,-194.2090909089812,-6.27806105505698,-2.422805577246452,0.9432908959629928,34.75256769374416,-0.3989355742294658,-2136.299999998789,-0.3989355742294658,-0.6403344593303605,0.14462441228654654,0.2413988851008947,1.669143412818905,10,breakout,True,False,both,False,-0.219539514623056,-0.6059275521400354,0.08409750435287655,-1.2355475763015906
P10|breakout|MA1|BB0|TP20/SL10|TR0-0|long,2886,-0.5541003594737197,-0.46203916710606724,-0.3360159352497799,6,11,-37.49999999994445,-3.671854815500496,-0.9288990267322964,0.9794207887450717,35.585585585585584,-0.14293139293118057,-412.4999999993871,-0.14293139293118057,-0.3038775709023671,0.15345338030844216,0.16094617797118654,1.0488278436596432,10,breakout,True,False,long,False,-0.2161963190179381,0.0995884773667172,0.7532999999999762,-1.7743589743589192
P10|breakout|MA1|BB0|TP20/SL10|TR0-0|short,2520,-2.3196037865899983,-1.2639571123674929,-2.0063001870749515,3,11,-145.18181818176336,-5.246079024934821,-2.7628523977808213,0.9109080461694095,34.007936507936506,-0.6337301587299188,-1596.9999999993952,-0.6337301587299188,-0.9888588516876785,0.23661424895767846,0.35512869295775973,1.5008761920389635,10,breakout,True,False,short,False,-0.23535228677333145,-1.3107623318380888,-0.7452804377564625,-0.5191011235955215
P10|breakout|MA1|BB0|TP20/SL10|TR5-3|both,7119,-6.982295749705959,-6.5357254312416355,-3.5544619144456497,1,11,-436.1636363635655,-15.137103569549899,-7.423703806231578,0.8184178455995538,65.61314791403287,-0.6739429695180811,-4797.799999999219,-0.6739429695180811,-0.9933295335778368,0.0718143428078166,0.31938656405975574,4.447392422910153,10,breakout,True,False,both,True,-0.7570912375789027,-1.1261090909089626,-0.1801120448178489,-0.8554755043226754
P10|breakout|MA1|BB0|TP20/SL10|TR5-3|long,3834,-5.414900983353392,-5.902813845890096,-2.0614094721331866,1,11,-237.72727272723867,-11.744878280450978,-5.9852151300333265,0.8125206119786238,66.2754303599374,-0.6820552947312533,-2614.999999999625,-0.6820552947312533,-1.000530133871562,0.07194854087437828,0.3184748391403087,4.426425265473609,10,breakout,True,False,long,True,-0.9656028368792976,-1.189828080229113,0.01274586939424556,-0.9654002713703429
P10|breakout|MA1|BB0|TP20/SL10|TR5-3|short,3312,-4.667019466444677,-3.2875958038520308,-3.313841925620061,1,11,-201.61818181814476,-10.224652110470101,-5.133864918665772,0.823883488977852,64.79468599033817,-0.6696256038646109,-2217.7999999995914,-0.6696256038646109,-0.9625000371878409,0.09413244990946179,0.29287443332323004,3.1113015076620414,10,breakout,True,False,short,True,-0.5460346399269302,-1.0968069666181435,-0.45274599542324545,-0.7168711656440672
P10|breakout|MA1|BB0|TP10/SL20|TR0-0|both,5094,-3.9871098197386803,-3.475966417182677,-2.2474671207057018,2,11,-361.7727272728406,-8.088079729178196,-4.209242153937508,0.8867823073705636,66.50961915979585,-0.7812131919908214,-3979.500000001244,-0.7812131919908214,-0.9320139628075974,0.1286919462486161,0.150800770816776,1.171796489311371,10,breakout,True,False,both,False,-1.0714100064981937,-0.6696802646090745,-0.1538268506901703,-1.4022770398481612
P10|breakout|MA1|BB0|TP10/SL20|TR0-0|long,2835,-1.7462569257575666,-2.5350148277119504,-0.09582328730787666,2,11,-116.85454545461131,-4.8929536555863535,-2.0330359772049897,0.932034728170598,67.58377425044092,-0.45340388007080196,-1285.4000000007236,-0.45340388007080196,-0.6801273299320093,0.1998786224560149,0.22672344986120735,1.1343056454729163,10,breakout,True,False,long,False,-0.7951219512199812,-1.1828000000004697,0.6422057264049688,-1.1321678321678137
P10|breakout|MA1|BB0|TP10/SL20|TR0-0|short,2439,-4.113921524934566,-2.840587562271095,-2.9766261416294557,1,11,-264.20909090914483,-6.94016499729503,-4.3928478275544,0.8340148720115684,65.10865108651086,-1.1915949159494021,-2906.300000000592,-1.1915949159494021,-1.0769593142005018,0.19508171492171697,-0.1146356017489003,-0.5876286344668523,10,breakout,True,False,short,False,-1.213762626263093,-0.6791578947373155,-1.2309063893016672,-1.5911823647294092
P10|breakout|MA1|BB0|TP10/SL20|TR5-3|both,6220,-5.261633085112729,-5.629149662063968,-2.1007015011573267,3,11,-394.70909090914125,-11.364639049569915,-5.527164848363196,0.8337156797787637,79.69453376205787,-0.6980385852090921,-4341.800000000553,-0.6980385852090921,-1.1143085831210873,0.10069267559765992,0.41626999791199515,4.13406432435359,10,breakout,True,False,both,True,-0.8842737722050175,-1.2742073693232412,0.006276371308022427,-0.9446500402252114
P10|breakout|MA1|BB0|TP10/SL20|TR5-3|long,3422,-4.403329705908624,-5.197883444963474,-1.2755062395935897,2,11,-235.62727272730282,-9.218122932033936,-4.734898331784114,0.8174576903844396,79.8947983635301,-0.757422559906584,-2591.9000000003307,-0.757422559906584,-1.0849376716293628,0.11344326846405019,0.3275151117227788,2.8870387477117454,10,breakout,True,False,long,True,-1.0334661354583874,-1.71127214170712,0.22296099290778748,-1.110762331838524
P10|breakout|MA1|BB0|TP10/SL20|TR5-3|short,2951,-3.270428238988884,-2.710401164058624,-1.9682073968541827,1,11,-175.40000000002146,-7.405122009984195,-3.566432852965651,0.8461219444111918,79.49847509318874,-0.6538122670282058,-1929.4000000002354,-0.6538122670282058,-1.2001860956102939,0.15422258857655421,0.546373828582088,3.5427613660554966,10,breakout,True,False,short,True,-0.653285420944758,-0.8907742998354268,-0.39284802043418904,-0.7577512776830784
P5|reversal|MA1|BB0|TP20/SL20|TR0-0|both,4702,-3.7151498273635037,-3.268130691156281,-2.0840554360905204,2,11,-449.03636363636684,-6.549676373775378,-4.023321294137802,0.8990952195149823,49.23436835389196,-1.050489153551687,-4939.400000000032,-1.050489153551687,-0.4426280757896067,0.1556878905907201,-0.6078610777620802,-3.904356822201766,5,reversal,True,False,both,False,-1.7616024187452906,-0.9874045801526788,-0.27121307353867824,-1.3984031936127443
P5|reversal|MA1|BB0|TP20/SL20|TR0-0|long,2609,-1.134673695648986,-1.350081394934746,-0.3448982113301193,5,11,-101.10909090909317,-3.2893813658604163,-1.4730775799641869,0.9577328833758947,50.824070525105405,-0.426293599080116,-1112.2000000000226,-0.426293599080116,-0.007297730212933669,0.13116974080446123,-0.4189958688671823,-3.1943027888710427,5,reversal,True,False,long,False,-0.7253146853146888,-0.7026785714285667,0.9593126385808619,-2.1031249999999266
P5|reversal|MA1|BB0|TP20/SL20|TR0-0|short,2365,-3.923355066803697,-3.2727935711563787,-2.322671798036212,0,11,-335.890909090911,-5.9943354203387065,-4.364386426784623,0.8533355562435955,47.99154334038055,-1.5622832980972596,-3694.8000000000193,-1.5622832980972596,-0.7550789424667088,0.26570174249168643,-0.8072043556305508,-3.038009265806029,5,reversal,True,False,short,False,-2.547412587412615,-1.1022935779816607,-1.606749311294742,-0.4637295081967463
P5|reversal|MA1|BB0|TP20/SL20|TR5-3|both,7407,-8.388469355590916,-7.413890783786137,-4.635494373097105,0,11,-691.8636363636354,-15.003775537886428,-8.688200088381306,0.7697290787952831,78.41231267719725,-1.027474011070607,-7610.499999999987,-1.027474011070607,-0.9378200084453197,0.11200904703309598,-0.08965400262528744,-0.8004175109069256,5,reversal,True,False,both,True,-1.1724865350090985,-1.632864180154948,-0.435335073977265,-1.148972602739576
P5|reversal|MA1|BB0|TP20/SL20|TR5-3|long,4149,-5.783928459449889,-4.749138519937431,-3.5650959883580335,1,11,-346.7818181818178,-11.02962017303684,-6.07444170979026,0.7827206343058252,79.51313569534828,-0.9194022656061689,-3814.599999999995,-0.9194022656061689,-0.8819525227545757,0.0861257671474078,-0.03744974285159319,-0.4348262325198963,5,reversal,True,False,long,True,-1.1189054726369412,-1.1108998732574122,-0.21181277860316863,-1.6133663366335158
P5|reversal|MA1|BB0|TP20/SL20|TR5-3|short,3521,-6.18344050878357,-5.798837493548614,-3.004456283552299,1,11,-365.28181818181946,-10.701124238035346,-6.601961741025715,0.7571470015835172,77.22238000568021,-1.1411814825333748,-4018.1000000000126,-1.1411814825333748,-0.9698358918776643,0.16874511422355554,-0.17134559065571053,-1.015410676890531,5,reversal,True,False,short,True,-1.3098143236075455,-1.9449591280655223,-0.8080448065171963,-0.4682492581600872
P5|reversal|MA1|BB0|TP15/SL15|TR0-0|both,5751,-5.077700462196329,-3.734180870947709,-3.48460374971602,1,11,-499.30909090909444,-9.323843854310155,-5.345558313678175,0.8799908229818789,49.45226917057903,-0.9550339071465892,-5492.400000000034,-0.9550339071465892,-0.7193037807029039,0.1575401339636759,-0.2357301264436853,-1.4963179255518324,5,reversal,True,False,both,False,-1.2306183115339038,-1.0515473887814408,-0.46677454153181086,-1.2445385266723286
P5|reversal|MA1|BB0|TP15/SL15|TR0-0|long,3122,-2.3389554093752474,-1.6815849689453326,-1.63458958424542,3,11,-167.01818181818007,-5.575943554347286,-2.6674751737186524,0.9242588523393955,50.672645739910315,-0.5884689301729592,-1837.1999999999787,-0.5884689301729592,-0.4046635551426184,0.25987669807843217,-0.18380537503034078,-0.7072791688882677,5,reversal,True,False,long,False,-0.8033936651583711,-0.5552346570397022,0.18063279002879679,-1.572230889235599
P5|reversal|MA1|BB0|TP15/SL15|TR0-0|short,2787,-4.5243325239311405,-3.67726944101799,-2.7896729799552418,2,11,-315.6363636363678,-7.5004414786729,-4.921099170349006,0.8464097391796757,48.51094366702547,-1.2457839971295457,-3472.0000000000437,-1.2457839971295457,-0.9304738810661307,0.1627082936681534,-0.31531011606341497,-1.9378859488656173,5,reversal,True,False,short,False,-1.4459112149532953,-1.5146788990825946,-1.2897218863361701,-0.6121645796064329
P5|reversal|MA1|BB0|TP15/SL15|TR5-3|both,7781,-10.773182728242436,-8.604991606484088,-6.763151648651772,0,11,-756.2727272728557,-18.838560704438528,-11.04063039034802,0.742940044063855,73.61521655314228,-1.0691427837040752,-8319.00000000141,-1.0691427837040752,-1.0058394807609383,0.08470436383595113,-0.06330330294313691,-0.7473440573349662,5,reversal,True,False,both,True,-1.1446322907863262,-1.498121761658227,-0.6630004214076567,-1.1511348464621443
P5|reversal|MA1|BB0|TP15/SL15|TR5-3|long,4274,-7.303579394622658,-5.6727783402753404,-4.734473067227886,1,11,-371.08181818188837,-13.592575025650747,-7.563632661875447,0.7591472589200527,74.82452035563874,-0.9550538137577846,-4081.900000000772,-0.9550538137577846,-0.9749328411637812,0.15451775347278876,0.019879027405996563,0.12865206074522267,5,reversal,True,False,long,True,-1.129336530775572,-1.0998790810159056,-0.44541484716171387,-1.3959854014600752
P5|reversal|MA1|BB0|TP15/SL15|TR5-3|short,3643,-7.703977034195708,-6.475826169849065,-4.50641737867256,0,11,-389.1909090909689,-13.064447272736569,-8.053743431954244,0.7303057219712543,72.38539665111172,-1.1751578369477509,-4281.100000000656,-1.1751578369477509,-1.1005786271647737,0.15789278804799742,-0.07457920978297716,-0.472340825093962,5,reversal,True,False,short,True,-1.107385398981511,-1.8534460338103478,-0.9774577954321502,-0.822931785196087
P5|reversal|MA1|BB0|TP30/SL30|TR0-0|both,3439,-1.2735023230928881,-1.2794580759598735,-0.5913434116482544,4,11,-200.06363636363193,-2.8695999548261586,-1.5832791799937846,0.9563532438066124,50.01453911020646,-0.6399243966269116,-2200.699999999949,-0.6399243966269116,-0.15697483691830721,0.2227600629339848,-0.48294955970860437,-2.168025782304286,5,reversal,True,False,both,False,-1.2349307774227942,-1.2590493601462516,0.0071369975390045476,-0.49196185286102506
P5|reversal|MA1|BB0|TP30/SL30|TR0-0|long,1986,1.1770899567343753,-0.5763114795676052,1.96689923203699,6,11,136.2272727272805,-0.07135580806694643,0.8921733691296184,1.0549313587125884,52.467270896273924,0.7545317220544238,1498.5000000000855,0.7545317220544238,0.5605757239008788,0.4605753806904187,0.19395599815354492,0.4211167298234614,5,reversal,True,False,long,False,-0.3667889908257035,-0.3830409356724974,3.0059077809799546,-0.6338271604938277
P5|reversal|MA1|BB0|TP30/SL30|TR0-0|short,1851,-2.2111761773149747,-0.7475583318192389,-2.2999245596166227,3,11,-252.1363636363647,-3.416359580642031,-2.6807438094037845,0.8995861799302703,48.244192328471094,-1.4983792544570569,-2773.5000000000123,-1.4983792544570569,-0.6338186071699994,0.3957311960081388,-0.8645606472870575,-2.1847169391954546,5,reversal,True,False,short,False,-1.3914855072463697,-0.62857142857144,-3.239255499154033,0.28860103626948774
P5|reversal|MA1|BB0|TP30/SL30|TR5-3|both,6834,-5.525524644491891,-4.658908146832377,-3.2643873954968923,1,11,-551.1181818182666,-10.594715638991776,-5.831913734768699,0.8168843486455534,83.83084577114428,-0.8870793093358104,-6062.300000000928,-0.8870793093358104,-0.8340906316116751,0.06741265679901985,-0.05298867772413529,-0.7860345555303158,5,reversal,True,False,both,True,-0.8546088689586773,-1.7942649434572207,-0.48044667274405356,-0.7682437275988322
P5|reversal|MA1|BB0|TP30/SL30|TR5-3|long,3964,-3.7186817987217724,-3.2987191290459186,-2.074861262162991,3,11,-267.2000000000505,-7.897943272255546,-3.97092498757017,0.8356832183547908,84.78809283551968,-0.7414732593341458,-2939.2000000005537,-0.7414732593341458,-0.6625390670166216,0.12282935278487676,-0.07893419231752419,-0.6426329743491319,5,reversal,True,False,long,True,-0.9800000000000558,-1.1406166219839367,-0.019969512195308545,-1.2302835051549352
P5|reversal|MA1|BB0|TP30/SL30|TR5-3|short,3402,-4.502369293201157,-3.7983688979119448,-2.5918023615540973,0,11,-326.89090909094784,-8.073385520213034,-4.928768501922929,0.7937726899937264,82.8042328042328,-1.0569664902999483,-3595.800000000424,-1.0569664902999483,-0.7903797570058023,0.14069035713022837,-0.26658673329414595,-1.8948472285658007,5,reversal,True,False,short,True,-1.0217511520737474,-1.9835007173601547,-0.9971962616824745,-0.21978691019810934
P5|reversal|MA1|BB0|TP20/SL10|TR0-0|both,5915,-5.218233212621116,-4.427128987395873,-3.068792152981715,0,11,-489.25454545441846,-9.771128984823983,-5.5852650135422035,0.8740519022801407,33.01775147928994,-0.9098562975483686,-5381.7999999986005,-0.9098562975483686,-0.6098488408700173,0.13722993116881904,-0.30000745667835127,-2.1861663423068016,5,reversal,True,False,both,False,-1.344700460829016,-0.980714957666508,-0.47394034536888424,-0.9121991701244747
P5|reversal|MA1|BB0|TP20/SL10|TR0-0|long,3178,-2.122752115109628,-1.9654341053486089,-1.1006147394759904,3,11,-145.75454545448113,-5.5297115867670605,-2.550325193663315,0.9287187786205517,34.392699811202014,-0.5044996853364664,-1603.2999999992903,-0.5044996853364664,-0.3312269772930907,0.179667798667968,-0.1732727080433757,-0.9644060278357912,5,reversal,True,False,long,False,-1.098663697104201,-0.20456140350830765,0.21508903467666773,-1.1346811819595448
P5|reversal|MA1|BB0|TP20/SL10|TR0-0|short,2824,-4.975448466876135,-3.9129734374699896,-3.190751380555723,1,11,-314.98181818175357,-8.270944509130066,-5.491635191151522,0.832607844937147,32.01133144475921,-1.2269121813028636,-3464.7999999992867,-1.2269121813028636,-0.7564831008131607,0.14051922142544554,-0.4704290804897029,-3.3477916808647827,5,reversal,True,False,short,False,-1.4576701268738037,-1.4480300187612505,-1.3392731535755482,-0.502276707530665
P5|reversal|MA1|BB0|TP20/SL10|TR5-3|both,8246,-13.074930773302261,-10.4652239436694,-8.085804662565147,0,11,-788.0454545453525,-22.858992482192978,-13.39789382499586,0.7219861385948305,64.95270434149892,-1.051236963376046,-8668.499999998876,-1.051236963376046,-1.0239181530913413,0.0683502039633097,-0.027318810284704842,-0.399688789507776,5,reversal,True,False,both,True,-1.2573122529642842,-1.3438502673795336,-0.6974110032361163,-0.9620755925687406
P5|reversal|MA1|BB0|TP20/SL10|TR5-3|long,4502,-9.205397874424971,-8.354963774826317,-4.884722913249551,0,11,-403.17272727267607,-16.805103648199445,-9.61073624765245,0.7295908101483676,66.21501554864506,-0.9850955131051614,-4434.899999999437,-0.9850955131051614,-1.0075628529007807,0.07459242823764059,0.022467339795619323,0.3012013461211057,5,reversal,True,False,long,True,-1.4177272727271284,-1.1727069351229082,-0.49475890985312587,-0.9417736289380674
P5|reversal|MA1|BB0|TP20/SL10|TR5-3|short,3802,-9.069700743356794,-6.924384100148069,-5.929781740614739,0,11,-383.0909090908579,-15.516324907827578,-9.483304940615481,0.7176643998526244,63.624408206207264,-1.108364018937253,-4213.999999999436,-1.108364018937253,-0.9600386334874995,0.1265612358128627,-0.1483253854497535,-1.1719653691519885,5,reversal,True,False,short,True,-1.021862348177997,-1.5397783251229962,-0.9886124401912506,-0.9416901408449024
P5|reversal|MA1|BB0|TP10/SL20|TR0-0|both,6088,-6.084681413052502,-4.618146882404614,-4.025178533618549,0,11,-593.5454545455829,-10.661701683924312,-6.354052189294097,0.8490010106686475,65.57161629434954,-1.072437582129009,-6529.000000001408,-1.072437582129009,-0.9151154075246877,0.12866949831609736,-0.1573221746043214,-1.222684293194601,5,reversal,True,False,both,False,-1.2475336322874626,-1.1131192660555127,-0.5598670756646825,-1.5858505564387486
P5|reversal|MA1|BB0|TP10/SL20|TR0-0|long,3420,-2.624098608847992,-1.798911936977693,-1.9104771355769583,3,11,-193.10909090916482,-6.101870419698628,-2.8741219787044616,0.9085559310359305,67.10526315789474,-0.6211111111113483,-2124.200000000811,-0.6211111111113483,-0.5562664072755846,0.26868261222512946,-0.06484470383576368,-0.24134313455844414,5,reversal,True,False,long,False,-0.7635987590490739,-0.3208400646208275,0.09947089947080548,-1.857142857142797
P5|reversal|MA1|BB0|TP10/SL20|TR0-0|short,2950,-5.709174050304314,-4.415381542199836,-3.676588371937962,0,11,-399.05454545460947,-8.915883321001878,-6.110541361644966,0.7983591646990372,64.10169491525424,-1.4880000000002382,-4389.6000000007025,-1.4880000000002382,-1.2276262613040843,0.11185578823623472,-0.260373738696154,-2.3277627631236713,5,reversal,True,False,short,False,-1.4934054054058696,-1.9067474048447515,-1.4743023255814127,-1.0872231686541607
P5|reversal|MA1|BB0|TP10/SL20|TR5-3|both,7407,-10.621684042433706,-8.53454620311993,-6.594549543519252,0,11,-838.8818181818508,-17.51126595980011,-10.850037822869892,0.7207974535706128,78.41231267719725,-1.2458080194411174,-9227.700000000357,-1.2458080194411174,-1.1500535473055749,0.06112476973189449,-0.09575447213554256,-1.5665412328838357,5,reversal,True,False,both,True,-1.360682226212037,-1.6928219563689313,-0.783202785030395,-1.3635616438355078
P5|reversal|MA1|BB0|TP10/SL20|TR5-3|long,4149,-7.19479081958708,-5.358386790039048,-4.877145798798955,0,11,-415.14545454547135,-12.657042023236029,-7.448988642078829,0.7398867636504327,79.51313569534828,-1.1006507592191332,-4566.600000000184,-1.1006507592191332,-1.1496436945762887,0.10467807348761958,0.04899293535715543,0.4680343621622908,5,reversal,True,False,long,True,-1.2438640132671794,-1.1898605830166489,-0.5092124814263917,-1.7850247524751315
P5|reversal|MA1|BB0|TP10/SL20|TR5-3|short,3521,-7.997715606294704,-6.744030270960984,-4.580504158464273,0,11,-451.0454545454732,-12.728913094356894,-8.305030403276682,0.7001281322905288,77.22238000568021,-1.4091167282022734,-4961.500000000205,-1.4091167282022734,-1.1313727860863114,0.15912740592141128,-0.277743942115962,-1.745418650594557,5,reversal,True,False,short,True,-1.5673740053052334,-1.998092643051947,-1.2264765784113258,-0.7682492581601409
P5|breakout|MA0|BB1|TP20/SL20|TR0-0|both,4667,-5.029100001063849,-3.5923986525909544,-3.5452886749568493,1,11,-597.5545454545422,-7.865185850324935,-5.317965886374171,0.8670884668191273,48.296550246410966,-1.4084208270837715,-6573.099999999961,-1.4084208270837715,-0.9535243983996791,0.323683535310898,-0.4548964286840924,-1.4053740121417189,5,breakout,False,True,both,False,-1.895572733661294,-0.8864973262032151,-0.4726688102894117,-2.6329436769393193
P5|breakout|MA0|BB1|TP20/SL20|TR0-0|long,2934,-1.6989536051111729,-2.496927596874686,-0.0037451393952674314,5,11,-163.1636363636389,-3.9106794821351283,-1.9161593993043766,0.9396971417627844,50.23858214042263,-0.6117246080436352,-1794.8000000000254,-0.6117246080436352,-0.26708849079774183,0.2491198001457388,-0.3446361172458933,-1.3834151964005914,5,breakout,False,True,long,False,-1.1872454448017224,-0.6410447761193997,0.7443243243242657,-1.911111111111048
P5|breakout|MA0|BB1|TP20/SL20|TR0-0|short,3182,-4.009000315343122,-1.9064282439021019,-3.6858717588734655,1,11,-398.7636363636336,-6.333990224926178,-4.253641335565868,0.8695335342004509,48.49151477058454,-1.3785040854808193,-4386.399999999967,-1.3785040854808193,-1.3896573139908581,0.21347175716581623,0.01115322851003886,0.05224685765515802,5,breakout,False,True,short,False,-1.6167149758454207,-0.44675324675324773,-1.370223577235767,-1.8012820512819905
P5|breakout|MA0|BB1|TP20/SL20|TR5-3|both,6955,-5.596845374966499,-5.925941095238243,-2.354252664069541,3,11,-476.80909090910825,-11.563601355079177,-5.89378649841797,0.8334735632256808,78.1020848310568,-0.7541193386053467,-5244.900000000187,-0.7541193386053467,-0.9775232351374215,0.0799308974287329,0.2234038965320747,2.7949629457277596,5,breakout,False,True,both,True,-0.7616871704746635,-1.7807570977919376,-0.01696682464448611,-0.9358186010759508
P5|breakout|MA0|BB1|TP20/SL20|TR5-3|long,3929,-3.940869727143478,-4.49515139776449,-1.183222284993482,1,11,-247.18181818183064,-8.492890366165957,-4.194205419048558,0.8400814002728922,79.07864596589464,-0.6920335963349797,-2719.0000000001355,-0.6920335963349797,-0.9182308873964631,0.11341659551793434,0.22619729106148334,1.994393236973113,5,breakout,False,True,long,True,-0.8168174962293917,-1.5166875784192038,0.3029955947137106,-1.1490312965721592
P5|breakout|MA0|BB1|TP20/SL20|TR5-3|short,4198,-4.477810273218204,-4.384423611531818,-2.106756181518374,2,11,-304.345454545468,-8.999536108024063,-4.787507639060564,0.8278978429396784,77.58456407813244,-0.7974749880896014,-3347.8000000001466,-0.7974749880896014,-1.1612785204652547,0.14480902087073544,0.3638035323756533,2.5122988208062296,5,breakout,False,True,short,True,-0.9674418604652729,-1.4418546365916265,-0.25790774299828917,-0.666623207301022
P5|breakout|MA0|BB1|TP15/SL15|TR0-0|both,5770,-5.045948987078631,-3.4448464853285805,-3.6876858346948933,0,11,-507.92727272727626,-9.1625778464245,-5.328490791463474,0.8784241619792663,49.393414211438476,-0.968318890814564,-5587.200000000034,-0.968318890814564,-0.902291975940031,0.16635201621765885,-0.06602691487453305,-0.3969108182502693,5,breakout,False,True,both,False,-1.0222587719298322,-0.8186858316221756,-0.5216783216783113,-1.7568733153639178
P5|breakout|MA0|BB1|TP15/SL15|TR0-0|long,3380,-1.6163921078970038,-1.9601844898643728,-0.35920321789352616,4,11,-128.5545454545409,-4.691224933622986,-1.8231511868882138,0.9454040739425236,51.183431952662716,-0.41837278106507314,-1414.0999999999472,-0.41837278106507314,-0.5046703248240871,0.1280964329458739,0.086297543759014,0.6736920129187229,5,breakout,False,True,long,False,-0.5192028985507099,-0.6069551777434231,0.44517374517379116,-1.5335581787521357
P5|breakout|MA0|BB1|TP15/SL15|TR0-0|short,3672,-5.654650414539247,-3.303764900871501,-4.658925496411628,1,11,-459.8272727272802,-8.89755828300764,-5.979772158517424,0.8316071577195202,48.066448801742915,-1.3774782135076467,-5058.100000000079,-1.3774782135076467,-1.2581553454857803,0.16049345483503072,-0.11932286802186631,-0.743474979366086,5,breakout,False,True,short,False,-1.5154417836499046,-1.0131699846860682,-1.4237881508079238,-1.4051873198847489
P5|breakout|MA0|BB1|TP15/SL15|TR5-3|both,7434,-8.123979237250232,-7.803118681585939,-4.003353681095929,0,11,-601.5454545455829,-15.373097574441177,-8.447491153024401,0.7899565120781775,73.12348668280872,-0.8900995426421051,-6617.00000000141,-0.8900995426421051,-1.0496855435221648,0.08752420833909035,0.1595860008800597,1.823335553767984,5,breakout,False,True,both,True,-0.9792613636365726,-1.558725561187762,-0.21832437276001715,-1.1526897568166832
P5|breakout|MA0|BB1|TP15/SL15|TR5-3|long,4064,-5.461664488063844,-5.681825609239619,-2.1315867497915613,1,11,-297.454545454615,-10.843025736309254,-5.684506783009311,0.8020005688247326,74.18799212598425,-0.8051181102364084,-3272.000000000764,-0.8051181102364084,-1.0441358038471762,0.13148225216687728,0.23901769361076775,1.817870394457546,5,breakout,False,True,long,True,-0.9733237202597437,-1.4887951807231072,0.0027444253857810135,-1.012481644640444
P5|breakout|MA0|BB1|TP15/SL15|TR5-3|short,4377,-6.587863544573789,-5.67798709060296,-3.7008783121659783,1,11,-383.5181818182586,-12.014581204704392,-6.916698909977455,0.7779619892735915,72.49257482293808,-0.9638336760340059,-4218.700000000844,-0.9638336760340059,-1.1149868706666897,0.1184387124437121,0.15115319463268373,1.276214436259759,5,breakout,False,True,short,True,-1.1043682795701169,-1.369775678866802,-0.5198090692125752,-0.9704458598727663
P5|breakout|MA0|BB1|TP30/SL30|TR0-0|both,3402,-1.8188791010563838,-0.9626985397997379,-1.5653336656416963,3,11,-281.545454545454,-3.4162884161177107,-2.121027676011954,0.9381848665695303,49.47089947089947,-0.9103468547912968,-3096.999999999992,-0.9103468547912968,-1.0459011862465235,0.33560692804763054,0.13555433145522666,0.40390802491415884,5,breakout,False,True,both,False,-1.0229376257545197,-0.5628517823639895,-0.5235544217686842,-1.6659513590844348
P5|breakout|MA0|BB1|TP30/SL30|TR0-0|long,2349,-0.9554001258615452,-1.7653016499579854,0.2718335949950249,6,11,-121.26363636363472,-2.2978121233025934,-1.1734912067083985,0.9605700333435815,50.31928480204342,-0.5678586632609535,-1333.8999999999796,-0.5678586632609535,0.06451406370728732,0.3213223308078015,-0.6323727269682408,-1.9680323038192253,5,breakout,False,True,long,False,-1.1469760900140706,-1.6913875598086228,0.90689655172418,-1.1933638443936052
P5|breakout|MA0|BB1|TP30/SL30|TR0-0|short,2529,-3.123218320143843,-1.166979146154033,-3.0894638376358037,2,11,-416.99090909091296,-4.503883493691968,-3.396037187254923,0.8802913574060739,48.00316330565441,-1.8137208382760142,-4586.90000000004,-1.8137208382760142,-1.7321476551550483,0.3788249333541615,-0.08157318312096584,-0.21533213877636584,5,breakout,False,True,short,False,-1.1303571428571348,-1.629016786570739,-2.271340713407172,-2.281165048543726
P5|breakout|MA0|BB1|TP30/SL30|TR5-3|both,6353,-4.095376529167335,-4.934875297290834,-1.1697541555423445,3,11,-417.26363636371366,-8.68984455332607,-4.424435376160203,0.8567831356127632,83.26774752085629,-0.7224775696522662,-4589.900000000847,-0.7224775696522662,-0.8734506615999067,0.12454067185522216,0.15097309194764053,1.2122392604654157,5,breakout,False,True,both,True,-0.7409268292683535,-1.9359389038634691,-0.04230382293784044,-0.6923460898504614
P5|breakout|MA0|BB1|TP30/SL30|TR5-3|long,3740,-3.251137178365882,-3.7856514300366584,-0.9237960698443928,1,11,-247.3090909091352,-6.843414065308853,-3.5427036275445487,0.8502320511338048,83.9572192513369,-0.7273796791445145,-2720.4000000004844,-0.7273796791445145,-0.8378154199826193,0.12582256294416147,0.11043574083810481,0.8777101519312943,5,breakout,False,True,long,True,-0.7580385852090574,-1.7818424566088493,0.12120938628139194,-0.9031298904541037
P5|breakout|MA0|BB1|TP30/SL30|TR5-3|short,3946,-2.900937552388884,-3.567177364338448,-0.7598561801107174,3,11,-242.4000000000491,-6.371134690807857,-3.232503504726939,0.867612011439441,82.94475418144957,-0.6757222503802679,-2666.400000000537,-0.6757222503802679,-0.9722250703663725,0.14057329646745298,0.2965028199861046,2.10924000103216,5,breakout,False,True,short,True,-1.0368181818182487,-1.2724517906336779,-0.027390180878775604,-0.463058186739027
P5|breakout|MA0|BB1|TP20/SL10|TR0-0|both,6249,-4.8858642349869035,-3.121088778962944,-3.759540675170684,1,11,-487.0818181816776,-9.357968374527296,-5.184349261869381,0.8809778745335272,33.205312850056,-0.8574011841892221,-5357.899999998449,-0.8574011841892221,-0.7805601735292549,0.1299712763926177,-0.07684101065996718,-0.5912153268991955,5,breakout,False,True,both,False,-0.6894550958622953,-1.2178171641786328,-0.43531468531465256,-1.5208717518859607
P5|breakout|MA0|BB1|TP20/SL10|TR0-0|long,3505,-1.924734388073787,-2.666879198185809,-0.16157564197689875,3,11,-146.75454545446595,-5.2368108953586106,-2.158361360062436,0.9347016208301464,34.6077032810271,-0.46057061340916466,-1614.299999999122,-0.46057061340916466,-0.5108182923022916,0.14160952134398155,0.050247678893126924,0.35483263001130444,5,breakout,False,True,long,False,-0.7809688581310187,-0.44309309309262884,0.28512628624884206,-1.1745928338762002
P5|breakout|MA0|BB1|TP20/SL10|TR0-0|short,3861,-4.868397562269095,-2.436805533896059,-4.3932993319127345,1,11,-386.4818181817249,-8.348315571926076,-5.197551526456248,0.8489613494818581,32.375032375032376,-1.1010878010875345,-4251.299999998971,-1.1010878010875345,-1.002995176884483,0.13954029745421254,-0.09809262420305154,-0.7029698660004559,5,breakout,False,True,short,False,-0.7628346456688209,-1.4309899569579179,-1.1186046511627246,-1.3457025920872816
P5|breakout|MA0|BB1|TP20/SL10|TR5-3|both,8101,-9.028853595373885,-7.595666498305206,-5.377393674308269,1,11,-603.4272727271858,-17.627055758222102,-9.426909357746155,0.785620623724279,64.58461918281694,-0.8193679792617012,-6637.699999999042,-0.8193679792617012,-0.99255756952669,0.10225073791254294,0.1731895902649888,1.6937735003254575,5,breakout,False,True,both,True,-0.7495770503860522,-1.3414838709676165,-0.3962358845670256,-1.091533657182376
P5|breakout|MA0|BB1|TP20/SL10|TR5-3|long,4273,-6.175026709544931,-5.869050800352423,-2.9694840801239373,0,11,-290.02727272722564,-12.675735365358838,-6.500144958280467,0.7970572893474863,65.87877369529605,-0.746618300959392,-3190.2999999994818,-0.746618300959392,-0.9274714445635425,0.1029802185801498,0.1808531436041505,1.7561930446223706,5,breakout,False,True,long,True,-0.8093877551019033,-1.1693785310733236,-0.3149180327867744,-0.832951289398178
P5|breakout|MA0|BB1|TP20/SL10|TR5-3|short,4612,-7.016162548011193,-5.176901487637352,-4.7687240539625355,2,11,-361.5727272726774,-13.37560970696226,-7.418863125977357,0.7797412695072571,63.72506504770165,-0.8623807458801932,-3977.299999999451,-0.8623807458801932,-1.0693939719643013,0.06356428872711473,0.2070132260841081,3.2567535990661076,5,breakout,False,True,short,True,-0.6996803069052611,-1.373574561403379,-0.5268143621083838,-1.137484885126803
P5|breakout|MA0|BB1|TP10/SL20|TR0-0|both,5845,-6.65053963384314,-4.868703438624127,-4.574481967848545,0,11,-655.9545454546701,-10.934957515773053,-6.896095115058566,0.8288697887761182,65.02994011976048,-1.2344739093244428,-7215.500000001368,-1.2344739093244428,-0.906507805371563,0.1579185708528079,-0.32796610395287984,-2.0768051672565426,5,breakout,False,True,both,False,-1.2976099945686352,-1.4364891518742322,-0.8393972012917614,-1.5992932862190339
P5|breakout|MA0|BB1|TP10/SL20|TR0-0|long,3480,-3.5739159454360063,-3.4843687257174447,-1.5588075330155786,2,11,-274.0000000000837,-6.865356227637058,-3.755891276651068,0.8754540308017403,66.23563218390804,-0.8660919540232523,-3014.000000000918,-0.8660919540232523,-0.6293400476800894,0.10467146481436293,-0.2367519063431629,-2.2618572001743495,5,breakout,False,True,long,False,-1.0361329833775443,-1.339558823529875,-0.07717287488069718,-1.3737704918032463
P5|breakout|MA0|BB1|TP10/SL20|TR0-0|short,3746,-5.912032752266299,-3.381814315424433,-4.9340541205689314,1,11,-459.0181818182639,-9.425597342333308,-6.119298843326848,0.8150618450595013,64.62893753336893,-1.3478910838229847,-5049.200000000901,-1.3478910838229847,-1.2952998869262708,0.15236400547408835,-0.05259119689671388,-0.34516811718800444,5,breakout,False,True,short,False,-1.228304947283517,-1.2515283842799423,-1.4761353517364484,-1.4469416785205858
P5|breakout|MA0|BB1|TP10/SL20|TR5-3|both,6955,-8.623705380811026,-7.482664403250295,-4.934334625025282,0,11,-699.6000000000536,-14.856453086791012,-8.88880273058995,0.7556634355582561,78.1020848310568,-1.1064845434939736,-7695.600000000586,-1.1064845434939736,-1.1625228329462474,0.14207008773702068,0.05603828945227374,0.3944411546785528,5,breakout,False,True,both,True,-1.0424868189808902,-1.9216876971610826,-0.564312796208514,-1.3032282859337923
P5|breakout|MA0|BB1|TP10/SL20|TR5-3|long,3929,-5.919410282388575,-5.702098123985508,-2.7281267368155793,1,11,-355.00000000003496,-10.663953520844217,-6.104216229005206,0.770326542135202,79.07864596589464,-0.9938915754645923,-3905.000000000383,-0.9938915754645923,-1.1115667294166711,0.1752095693059589,0.11767515395207884,0.6716251539126219,5,breakout,False,True,long,True,-1.1205128205130264,-1.6255959849437236,-0.1700440528634421,-1.3868852459015744
P5|breakout|MA0|BB1|TP10/SL20|TR5-3|short,4198,-7.046394122067284,-5.655964074884966,-4.38849289698925,1,11,-451.7272727273058,-11.826250122194523,-7.278486092411856,0.7445559416832656,77.58456407813244,-1.1836588851835073,-4969.000000000364,-1.1836588851835073,-1.4457185962470127,0.13919173416183617,0.26205971106350545,1.8827246649489437,5,breakout,False,True,short,True,-1.1982381959128448,-1.6586466165415659,-0.8880560131795381,-1.130378096479672
P5|breakout|MA1|BB0|TP20/SL20|TR0-0|both,5215,-2.6212959046416415,-2.0735166547085226,-1.682825705298224,1,11,-341.9090909090917,-5.5358090502330715,-2.890123041044529,0.9296710940903877,50.009587727708535,-0.7211888782358588,-3761.0000000000036,-0.7211888782358588,-0.49694404272109577,0.1754073804972415,-0.22424483551476299,-1.2784230337348292,5,breakout,True,False,both,False,-1.0352624495289413,-0.42200725513905973,-0.17617165443254473,-1.3807250221042957
P5|breakout|MA1|BB0|TP20/SL20|TR0-0|long,2863,-0.6743222680709123,-1.06623185727072,-0.017059554514614023,5,11,-64.54545454545654,-2.870812727561831,-1.0422288538710878,0.975198672605011,51.17010129235068,-0.24799161718477805,-710.0000000000196,-0.24799161718477805,-0.11292773269607456,0.20671804439223107,-0.1350638844887035,-0.6533724953029766,5,breakout,True,False,long,False,-0.4853316326530595,-0.39466950959488045,0.8356504468718434,-1.634991708125984
P5|breakout|MA1|BB0|TP20/SL20|TR0-0|short,2662,-2.7538779035581933,-1.6463836833956103,-2.2215372510072133,1,11,-254.62727272727258,-4.9026078131865125,-3.1782677932444923,0.8989843981044001,49.248685199098425,-1.052178812922613,-2800.899999999996,-1.052178812922613,-0.8644234316442609,0.22635429677411859,-0.18775538127835212,-0.8294756669263286,5,breakout,True,False,short,False,-1.4510948905109615,-0.13812636165577113,-1.3543239951278796,-0.7728571428571398
P5|breakout|MA1|BB0|TP20/SL20|TR5-3|both,8357,-5.020035932168682,-5.743840425146984,-1.6377711392731626,3,11,-445.27272727274664,-12.028917903188482,-5.319558880365965,0.8637229943101901,79.21502931674046,-0.5860954888117998,-4898.000000000211,-0.5860954888117998,-0.9241460365250983,0.082895991523615,0.33805054771329845,4.07800837531446,5,breakout,True,False,both,True,-0.8570178926442703,-1.2383202099738844,0.246185958254314,-0.8937017231133627
P5|breakout|MA1|BB0|TP20/SL20|TR5-3|long,4651,-4.3662121203991475,-4.68097925483864,-1.6813382187258294,2,11,-279.4818181818322,-9.864023181405276,-4.7676406890318805,0.8436171078600825,79.55278434745216,-0.660997634917255,-3074.3000000001534,-0.660997634917255,-0.8877456943589526,0.10610267410505396,0.2267480594416975,2.1370626268777224,5,breakout,True,False,long,True,-1.0039068369648216,-1.2746107784432525,0.132926045016104,-0.9467741935482809
P5|breakout|MA1|BB0|TP20/SL20|TR5-3|short,4024,-2.656169384923697,-3.478401504927473,-0.48062075905154095,4,11,-169.66363636364568,-7.455658193535054,-3.0556740490943652,0.8934005803193966,78.95129224652088,-0.4637922465208998,-1866.3000000001007,-0.4637922465208998,-0.8623482288185247,0.05332822287531743,0.3985559822976249,7.473640800471781,5,breakout,True,False,short,True,-0.7271417740713988,-1.0883691529710602,0.38553791887132244,-0.6198717948716634
P5|breakout|MA1|BB0|TP15/SL15|TR0-0|both,6479,-3.4125068046814877,-2.3920349641785545,-2.4435611287572665,2,11,-373.43636363636045,-7.725054984576694,-3.6779745508548185,0.9186135898939661,50.4861861398364,-0.6340175953079116,-4107.799999999959,-0.6340175953079116,-0.658532513273275,0.17458214061932578,0.024514917965363425,0.14042053716604325,5,breakout,True,False,both,False,-1.0139473684210607,-0.18981651376144754,-0.10419776119400248,-1.3018587360594989
P5|breakout|MA1|BB0|TP15/SL15|TR0-0|long,3506,-1.2245641710803192,-1.3810049812014704,-0.44121377767739245,5,11,-94.98181818181278,-4.5585366983386875,-1.526837856436874,0.9608542525290404,51.59726183685112,-0.2980034227039183,-1044.7999999999374,-0.2980034227039183,-0.3744326662463548,0.15087925209653946,0.07642924354243652,0.5065590031791355,5,breakout,True,False,long,False,-0.8176288659793849,-0.08628762541803628,0.485315832649761,-1.1011126564673266
P5|breakout|MA1|BB0|TP15/SL15|TR0-0|short,3210,-3.0407596659857545,-1.7318229012529134,-2.523201744759338,1,11,-240.31818181818252,-6.062564815799664,-3.448594429909216,0.8955938924303135,49.90654205607476,-0.8235202492211852,-2643.5000000000045,-0.8235202492211852,-0.8731705027518271,0.19987834691427742,0.0496502535306419,0.24840236222253523,5,breakout,True,False,short,False,-0.9385365853658607,-0.3966898954703739,-0.7374999999999949,-1.1456221198156813
P5|breakout|MA1|BB0|TP15/SL15|TR5-3|both,8913,-7.0861234044164165,-7.112737352119915,-3.1861596475368597,1,11,-565.645454545611,-15.339606654677967,-7.433708632771509,0.8270807916025898,74.39694827779648,-0.6980926736229912,-6222.10000000172,-0.6980926736229912,-1.0193202612728265,0.05256490628859454,0.3212275876498353,6.111065544114454,5,breakout,True,False,both,True,-1.0151269782850718,-1.1013221153848152,-0.058047016275040705,-0.8324278438032592
P5|breakout|MA1|BB0|TP15/SL15|TR5-3|long,4875,-5.837376548825364,-5.36899696841862,-3.0580953917713147,2,11,-323.8181818182702,-12.412894774438993,-6.18598339158113,0.8148051867025321,74.95384615384614,-0.7306666666668659,-3562.0000000009713,-0.7306666666668659,-1.0136434890195178,0.08175120627960154,0.282976822352652,3.461439105679105,5,breakout,True,False,long,True,-1.0831676136365593,-1.056526674234024,-0.12645241038338875,-0.931301652892766
P5|breakout|MA1|BB0|TP15/SL15|TR5-3|short,4234,-4.21811248442706,-4.862116289322541,-1.4042479715057332,2,11,-239.80000000007104,-9.854399968617932,-4.674012262688282,0.8482208617197177,73.99622106754842,-0.6230042512991923,-2637.8000000007805,-0.6230042512991923,-1.0192538150038886,0.08890076544377253,0.3962495637046962,4.457212058036935,5,breakout,True,False,short,True,-0.9065000000002,-1.1204275534443875,0.044142614600876325,-0.5863636363638316
P5|breakout|MA1|BB0|TP30/SL30|TR0-0|both,3702,-0.3176200686977735,-0.08191181436436226,-0.3389279736852635,6,11,-51.63636363636267,-1.9754119742856793,-0.6032715633355193,0.9893514109380506,51.107509454349,-0.15343057806590724,-567.9999999999886,-0.15343057806590724,-0.22002182100085904,0.34300380763583205,0.0665912429349518,0.1941414102482847,5,breakout,True,False,both,False,-0.46106796116505866,0.8467032967032913,0.29794050343253153,-1.1607361963190468
P5|breakout|MA1|BB0|TP30/SL30|TR0-0|long,2123,0.6293510179561573,-0.45590849584651866,1.1318503601767098,6,11,76.65454545454851,-0.6416281551639909,0.32939901744806177,1.028388469540977,51.90767781441357,0.3971738106453291,843.2000000000337,0.3971738106453291,0.7819867326672052,0.26652987426888036,-0.3848129220218761,-1.4437890802202142,5,breakout,True,False,long,False,-0.19568221070812325,-0.3034090909091056,2.5625000000000937,-1.9629545454546087
P5|breakout|MA1|BB0|TP30/SL30|TR0-0|short,2026,-1.1373560712027448,0.15319235295616124,-1.6147913456377097,5,11,-137.1727272727295,-2.3758226849093944,-1.5498639199007975,0.9489560499039263,49.65449160908194,-0.744768015794681,-1508.9000000000237,-0.744768015794681,-0.9621208800131914,0.3699902496943805,0.2173528642185104,0.587455654299129,5,breakout,True,False,short,False,-0.4084278768233556,0.5729559748427577,-1.8812213740458228,-0.474541284403661
P5|breakout|MA1|BB0|TP30/SL30|TR5-3|both,7631,-3.830504818136029,-4.632314671829554,-1.1222855433248893,4,11,-421.2636363637401,-8.995483803579331,-4.1289053680115995,0.8742987814802063,83.96016249508584,-0.6072467566506534,-4633.9000000011365,-0.6072467566506534,-0.8532604793971679,0.10305084654796125,0.24601372274651445,2.3873042385150747,5,breakout,True,False,both,True,-0.9860434204696983,-1.2921032649962276,0.20204901566870437,-0.7714285714288281
P5|breakout|MA1|BB0|TP30/SL30|TR5-3|long,4370,-3.2305836323602235,-4.08084211084703,-0.7541145116136533,2,11,-257.1636363637005,-7.398134979379583,-3.5595438379673205,0.8613448879259734,84.43935926773455,-0.6473226544624038,-2828.8000000007046,-0.6473226544624038,-0.6899756668576031,0.1577655400036005,0.04265301239519936,0.27035696384790964,5,breakout,True,False,long,True,-1.1207961007311666,-1.4992327365729268,0.23911290322555098,-0.7278481012660863
P5|breakout|MA1|BB0|TP30/SL30|TR5-3|short,3816,-1.986971290951691,-2.235456142552143,-0.7160862714589364,2,11,-158.41818181822603,-5.612675131874879,-2.341971494415134,0.9059989966609057,83.75262054507337,-0.4566561844865001,-1742.6000000004842,-0.4566561844865001,-0.782111087118985,0.17033602543434448,0.32545490263248494,1.9106639467640425,5,breakout,True,False,short,True,-0.6442105263158291,-0.8762872628726694,0.12463636363614977,-0.5886944818306473
P5|breakout|MA1|BB0|TP20/SL10|TR0-0|both,7034,-4.0118964944291164,-2.686665000962061,-2.9786358772224633,1,11,-425.29090909076314,-8.796929568159426,-4.346486521217816,0.9068013387521191,33.82143872618709,-0.6650838783051447,-4678.199999998388,-0.6650838783051447,-0.5190726481720539,0.12338475049874757,-0.1460112301330908,-1.1833814919824546,5,breakout,True,False,both,False,-0.7582211538456824,-0.48817480719747636,-0.36392241379308077,-1.1500340831628957
P5|breakout|MA1|BB0|TP20/SL10|TR0-0|long,3776,-2.3166773789871042,-2.139519403885809,-1.2397706797908818,4,11,-172.5909090908334,-6.0324643405158636,-2.6703072161386228,0.9289712143546888,34.375,-0.5027807203387619,-1898.4999999991646,-0.5027807203387619,-0.35122456432860827,0.16286967271937644,-0.1515561560101536,-0.9305363821248909,5,breakout,True,False,long,False,-0.7851643192483541,-0.24714285714239173,0.12496183206107646,-1.3881971465628684
P5|breakout|MA1|BB0|TP20/SL10|TR0-0|short,3378,-2.7189973190895924,-1.264369509609837,-2.507856300977382,1,11,-201.22727272720093,-6.084494914974986,-3.2017215871464595,0.9080955623464042,33.89579632918887,-0.6552693901714645,-2213.499999999207,-0.6552693901714645,-0.7456477054793363,0.19512343961470693,0.09037831530787188,0.46318533276337265,5,breakout,True,False,short,False,-0.6068376068371392,-0.5695578231287847,-0.8097370983446597,-0.5746478873239568
P5|breakout|MA1|BB0|TP20/SL10|TR5-3|both,9771,-9.19291733917404,-8.243644806221045,-4.9735468536277025,0,11,-641.8999999999002,-19.379610269316373,-9.561597092926311,0.8050094583212717,65.6636987002354,-0.7226384198136221,-7060.899999998901,-0.7226384198136221,-0.9839859581292473,0.06994423639563409,0.2613475383156252,3.7365128534298857,5,breakout,True,False,both,True,-0.9029900332224505,-1.0581936181718568,-0.32922207446800505,-0.7331932773108205
P5|breakout|MA1|BB0|TP20/SL10|TR5-3|long,5308,-7.88999217546014,-7.290104663683595,-4.171772941893838,0,11,-384.7090909090415,-15.854497503494475,-8.39576985860068,0.781635233107166,66.16428033157497,-0.7972494348152704,-4231.799999999455,-0.7972494348152704,-1.0059078302381903,0.10530126473526287,0.20865839542291986,1.981537410281884,5,breakout,True,False,long,True,-1.1261010362692847,-1.1265495867767337,-0.3591709256103912,-0.7440579710143989
P5|breakout|MA1|BB0|TP20/SL10|TR5-3|short,4560,-5.120107193467325,-4.893181094180089,-2.5301641705442983,2,11,-252.72727272722267,-11.919372212630146,-5.516370103935101,0.8375485017063491,65.24122807017544,-0.6096491228068968,-2779.9999999994493,-0.6096491228068968,-0.9495775014088641,0.07172924443322197,0.33992837860196734,4.739048644495784,5,breakout,True,False,short,True,-0.6542857142855787,-1.0039301310042439,-0.2599524187151972,-0.6240318906604805
P5|breakout|MA1|BB0|TP10/SL20|TR0-0|both,6744,-5.431966508743053,-4.803617651888818,-3.028808695716341,1,11,-561.4090909092356,-10.220602532387359,-5.665905670216958,0.8690785359183009,66.11803084223014,-0.9157028469753244,-6175.500000001588,-0.9157028469753244,-0.817149144189969,0.1230360870417238,-0.09855370278535547,-0.8010146059987595,5,breakout,True,False,both,False,-1.2810240963860093,-0.8463581833766507,-0.32221198156689157,-1.3687632508833585
P5|breakout|MA1|BB0|TP10/SL20|TR0-0|long,3754,-2.4484026368835208,-2.5151103195662925,-1.0562327535659017,4,11,-188.4454545455371,-6.094061578265587,-2.7422282527668718,0.9180827352912907,67.28822589238146,-0.5521843367077532,-2072.9000000009055,-0.5521843367077532,-0.5850279476819095,0.11017431958634338,0.03284361097415622,0.29810586620793017,5,breakout,True,False,long,False,-0.9398113207551863,-0.6420807453420881,0.3734806629833205,-1.4513409961685453
P5|breakout|MA1|BB0|TP10/SL20|TR0-0|short,3317,-4.9266137891285116,-3.7541437085623377,-3.2465213785475004,0,11,-364.7090909091648,-8.31714959797499,-5.247466061035106,0.8318594455946454,65.0889357853482,-1.2094663852881549,-4011.8000000008096,-1.2094663852881549,-1.090930058852114,0.223024675237946,-0.11853632643604084,-0.5314942228234338,5,breakout,True,False,short,False,-1.351217228464887,-1.0155200000004698,-1.173831775700971,-1.215733736762454
P5|breakout|MA1|BB0|TP10/SL20|TR5-3|both,8357,-7.846800886539289,-7.223349018506764,-4.069718853359746,1,11,-659.6272727273373,-15.237275627791027,-8.124351073048148,0.798119165866732,79.21502931674046,-0.86824219217431,-7255.900000000708,-0.86824219217431,-1.1144151205915187,0.05450894949156628,0.24617292841720873,4.516192858482753,5,breakout,True,False,both,True,-1.0749105367795406,-1.3674540682416572,-0.212979127134727,-1.1332739156267815
P5|breakout|MA1|BB0|TP10/SL20|TR5-3|long,4651,-6.381478726550758,-5.720675625799122,-3.4187013425792077,1,11,-386.39090909094426,-12.216661770035321,-6.734013387086627,0.783796569475224,79.55278434745216,-0.9138464846270449,-4250.300000000386,-0.9138464846270449,-1.106811596800116,0.10169723343135048,0.1929651121730711,1.8974470166224329,5,breakout,True,False,long,True,-1.2142749812173368,-1.4079041916169563,-0.25234726688103964,-1.1463440860214353
P5|breakout|MA1|BB0|TP10/SL20|TR5-3|short,4024,-4.726456363607713,-4.568433278859114,-2.258707334221618,2,11,-286.0818181818532,-9.817083231746906,-5.101614813136209,0.8202552034544749,78.95129224652088,-0.7820328031810098,-3146.9000000003834,-0.7820328031810098,-1.1283462377424045,0.12380446435351741,0.34631343456139474,2.7972612810836464,5,breakout,True,False,short,True,-0.9644427596666367,-1.20353982300905,-0.16499118165783652,-0.9432051282050579
P10|breakout|MA0|BB0|TP20/SL20|TR0-0|both,5935,-3.38850077123892,-3.0574194453505963,-1.8968398408700862,2,11,-453.0818181818226,-6.5917842593252,-3.694221778308615,0.9185111305499435,49.7893850042123,-0.8397472620050619,-4983.900000000042,-0.8397472620050619,-0.9087225698184334,0.28529785005710007,0.06897530781337147,0.24176595722528793,10,breakout,False,False,both,False,-1.4978928356411885,-0.6761795166858529,0.3254854368931494,-1.9173234200742832
P10|breakout|MA0|BB0|TP20/SL20|TR0-0|long,3803,-0.8541592733515267,-2.9275999880752703,1.2866879710656016,5,11,-93.35454545455671,-3.3872663311881945,-1.1764421065232202,0.9729956452223631,51.32789902708388,-0.27002366552724694,-1026.9000000001201,-0.27002366552724694,-0.45520447663092867,0.2169952524339551,0.18518081110368173,0.8533864636510587,10,breakout,False,False,long,False,-1.263053297199643,-0.9406645569620338,1.6672131147539875,-1.4941251596423617
P10|breakout|MA0|BB0|TP20/SL20|TR0-0|short,3827,-5.288502332495085,-2.281263537625206,-5.078744902862143,2,11,-589.4090909090814,-7.789358767201614,-5.5778327068211855,0.8420442281033845,47.765874052782856,-1.694146851319544,-6483.4999999998945,-1.694146851319544,-1.2085773211518456,0.1692562998550591,-0.4855695301676983,-2.8688416950123026,10,breakout,False,False,short,False,-1.344170212765963,-1.1583072100313572,-1.791285956006738,-2.4612980769229784
P10|breakout|MA0|BB0|TP20/SL20|TR5-3|both,9920,-6.009354803682513,-6.458747623908213,-2.472893639508598,3,11,-602.0727272727369,-13.29303762266082,-6.37336066873649,0.8484235388896973,78.72983870967742,-0.6676209677419459,-6622.800000000103,-0.6676209677419459,-0.9260246562397467,0.0778254007853133,0.2584036884978008,3.320300131966234,10,breakout,False,False,both,True,-0.9067745197170196,-1.3379881656805994,0.10445859872619774,-0.9416862929815136
P10|breakout|MA0|BB0|TP20/SL20|TR5-3|long,5868,-4.52193622610299,-6.007104194402432,-0.7301704644662519,3,11,-345.71818181819725,-10.144459407456722,-4.880687621750482,0.8470550383076179,79.49897750511248,-0.648074301295189,-3802.900000000169,-0.648074301295189,-0.9124312379715501,0.08555830395051423,0.2643569366763612,3.089787016223015,10,breakout,False,False,long,True,-1.0221910112360884,-1.565145985401609,0.5545652173913643,-1.1184027777776722
P10|breakout|MA0|BB0|TP20/SL20|TR5-3|short,5753,-4.661760546343316,-3.838087690903871,-2.888216932538159,2,11,-368.9909090909135,-10.043750720717892,-4.983299171652756,0.843295999876451,78.2722058056666,-0.7055275508430464,-4058.900000000046,-0.7055275508430464,-1.0493777493602168,0.05542135600878333,0.34385019851717036,6.2042906070843165,10,breakout,False,False,short,True,-0.7001644736843391,-1.1672176308540971,-0.3218026796588491,-0.8199499165274371
P10|breakout|MA0|BB0|TP15/SL15|TR0-0|both,7550,-4.797449042237126,-3.2660609827931295,-3.5215264425442565,1,11,-547.3000000000004,-9.537827640128677,-5.120368949706934,0.8987330487234642,49.98675496688742,-0.7973907284768209,-6020.299999999997,-0.7973907284768209,-0.8054283879219829,0.1664896517089049,0.008037659445161993,0.04827723142345963,10,breakout,False,False,both,False,-0.8624419684308278,-0.8515254237288141,-0.11729264475740891,-1.7216867469879866
P10|breakout|MA0|BB0|TP15/SL15|TR0-0|long,4545,-1.813118272912378,-2.522966943124903,-0.19601815104067488,4,11,-164.49999999999386,-5.452859639769993,-2.1627979006933606,0.94803094879778,51.30913091309131,-0.3981298129812826,-1809.4999999999293,-0.3981298129812826,-0.5756308790539377,0.08710549821145054,0.17750106607265514,2.0377710904283832,10,breakout,False,False,long,False,-0.6262099776619414,-0.9572145545796807,0.6626746506986574,-1.3321507760532352
P10|breakout|MA0|BB0|TP15/SL15|TR0-0|short,4533,-5.52042279189115,-2.4317828312139356,-5.294274013009035,2,11,-498.1363636363704,-9.156504294038122,-5.824626240392305,0.8505812320537993,48.64328259430841,-1.2088021178027952,-5479.500000000071,-1.2088021178027952,-1.1674475171744196,0.11623874774789403,-0.04135460062837559,-0.3557729365604323,10,breakout,False,False,short,False,-0.9151104775481159,-0.8857861635220129,-1.043180160466823,-2.1381742738589717
P10|breakout|MA0|BB0|TP15/SL15|TR5-3|both,10861,-8.258538864241473,-7.563916971327096,-4.50199824783339,1,11,-739.9818181820054,-17.0009771655288,-8.635418672606306,0.8166137597130239,74.09999079274469,-0.7494521683088168,-8139.800000002059,-0.7494521683088168,-1.066845308457846,0.062409247865925534,0.3173931401490292,5.085674815868448,10,breakout,False,False,both,True,-0.8991424196020312,-1.2095962244364824,-0.1294083014426077,-1.072338568935653
P10|breakout|MA0|BB0|TP15/SL15|TR5-3|long,6146,-6.176518536544482,-7.020464647158926,-2.0555082456167546,2,11,-410.4545454546549,-12.879508533535944,-6.51149577589266,0.8153955604982872,74.76407419459812,-0.7346241457860726,-4515.000000001202,-0.7346241457860726,-1.0172324210361625,0.10497454876443489,0.2826082752500899,2.6921599433046275,10,breakout,False,False,long,True,-1.0422768572957568,-1.4350515463919746,0.23107403545344168,-1.1212908633698946
P10|breakout|MA0|BB0|TP15/SL15|TR5-3|short,6032,-6.535480209111902,-4.681107630988741,-4.596738097853664,2,11,-446.6909090910099,-13.00077415761456,-6.939087654704894,0.8055867690115954,73.45822281167109,-0.8145888594166293,-4913.600000001108,-0.8145888594166293,-1.1324027539613033,0.05217113194531291,0.317813894544674,6.091757696149176,10,breakout,False,False,short,True,-0.7025130890054212,-1.1688638334780517,-0.5274315666862357,-1.0531150159746756
P10|breakout|MA0|BB0|TP30/SL30|TR0-0|both,3971,-3.012752779994122,-2.2864913604755506,-2.0394339236151793,2,11,-502.209090909092,-4.736767157660793,-3.32534279904323,0.9074141733761498,48.803827751196174,-1.3911609166456842,-5524.300000000012,-1.3911609166456842,-0.9211175751211131,0.23278327072459537,-0.47004334152457106,-2.0192316228801372,10,breakout,False,False,both,False,-1.6150507848568731,-1.529642248722305,-0.525525946704046,-2.4318857142857775
P10|breakout|MA0|BB0|TP30/SL30|TR0-0|long,2840,-0.91109790235886,-2.408298127171917,0.8260826954712244,5,11,-124.74545454545112,-2.417261377663542,-1.1544060388348092,0.9665523469663855,50.774647887323944,-0.4831690140844932,-1372.1999999999607,-0.4831690140844932,-0.20602338316571872,0.3874456076113141,-0.2771456309187745,-0.7153149383404737,10,breakout,False,False,long,False,-1.799384236453197,-1.132334047109209,1.2800808897877216,-1.1333916083916453
P10|breakout|MA0|BB0|TP30/SL30|TR0-0|short,2886,-3.297886317192713,-1.080940066456043,-3.395430407117022,2,11,-476.8000000000057,-4.756896156551289,-3.5959965651670025,0.8800667718552058,48.094248094248094,-1.8173250173250386,-5244.800000000061,-1.8173250173250386,-1.5684867361554882,0.21901535099160557,-0.24883828116955042,-1.1361682185423063,10,breakout,False,False,short,False,-0.840322580645156,-1.472532188841187,-1.9880387931034706,-3.179967948718031
P10|breakout|MA0|BB0|TP30/SL30|TR5-3|both,8759,-3.368986155872303,-4.398801191821296,-0.7723590273595496,2,11,-401.6181818182935,-8.811505682456708,-3.7187501632067574,0.8945637490990219,84.1648590021692,-0.5043726452792815,-4417.800000001226,-0.5043726452792815,-0.7706084840295034,0.08632063309823552,0.26623583875022194,3.0842665211599805,10,breakout,False,False,both,True,-0.8801605504587674,-1.0784313725490562,-0.10066901408471125,-0.15434666666691077
P10|breakout|MA0|BB0|TP30/SL30|TR5-3|long,5515,-3.3389528032272864,-5.273544277408403,0.2564146421609159,3,11,-302.63636363643235,-7.827075322850947,-3.7135750234549048,0.8701075738716559,84.55122393472348,-0.6036264732548963,-3329.000000000753,-0.6036264732548963,-0.7153148260811608,0.07831777825693627,0.11168835282626455,1.4260919463247514,10,breakout,False,False,long,True,-1.0393993993994497,-1.8635542168675228,0.508445945945756,-0.598608534323079
P10|breakout|MA0|BB0|TP30/SL30|TR5-3|short,5383,-2.7114193916317166,-2.6766279572663985,-1.3106973844934888,2,11,-261.27272727278927,-6.855106302012267,-2.9686498787171987,0.8908427969159237,83.78227754040498,-0.5339030280513989,-2874.0000000006803,-0.5339030280513989,-0.9875334402117849,0.13559505562634644,0.453630412160386,3.345479007807159,10,breakout,False,False,short,True,-0.654914655679859,-1.0637931034482782,-0.2532781667729469,-0.2790594498671671
P10|breakout|MA0|BB0|TP20/SL10|TR0-0|both,8656,-4.784209735522224,-3.6243261513851075,-3.223420184537448,1,11,-556.8909090907359,-10.014745184897647,-5.08464653116847,0.9010325201019366,33.69916820702403,-0.7076940850275059,-6125.799999998091,-0.7076940850275059,-0.8175497884579361,0.16884321032250635,0.10985570343043027,0.6506373766561035,10,breakout,False,False,both,False,-0.7887278582926045,-0.7579139314364369,-0.10836224843857692,-1.4670140698279974
P10|breakout|MA0|BB0|TP20/SL10|TR0-0|long,4977,-1.7102687333254174,-2.740857617020708,0.06255810077358195,5,11,-154.72727272717574,-5.676069363058517,-2.0333748215612086,0.9512288775478319,35.001004621257785,-0.3419730761500763,-1701.99999999893,-0.3419730761500763,-0.40260485443611016,0.1528310418123546,0.06063177828603383,0.3967242359080252,10,breakout,False,False,long,False,-0.807482993196808,-0.5066429418737901,0.6608353510895657,-1.165612648221323
P10|breakout|MA0|BB0|TP20/SL10|TR0-0|short,4944,-6.076377867993401,-2.2782756329230334,-6.220692308588699,1,11,-542.3818181817031,-10.027099555020197,-6.422179606659986,0.8352924937194862,32.079288025889966,-1.206755663430164,-5966.19999999873,-1.206755663430164,-0.9594449131828426,0.07407768995729676,-0.2473107502473213,-3.3385321598160993,10,breakout,False,False,short,False,-0.5667332002656654,-1.344339622641035,-1.2863424383743527,-1.871428571428511
P10|breakout|MA0|BB0|TP20/SL10|TR5-3|both,12348,-11.82784745394105,-10.03260084562656,-7.028677155091662,0,11,-958.9181818180494,-22.482523118398298,-12.334122238102243,0.7750597638448661,64.82021379980564,-0.8542355037251816,-10548.099999998543,-0.8542355037251816,-1.0143821247394427,0.048743106130856195,0.16014662101426103,3.2855235073515816,10,breakout,False,False,both,True,-0.9522151898732776,-1.1852363960747982,-0.36599415980876876,-1.139104829210736
P10|breakout|MA0|BB0|TP20/SL10|TR5-3|long,6692,-8.506839676634268,-8.35958321881652,-3.98352678404952,1,11,-499.236363636298,-16.582741983990598,-8.997924694045551,0.7772477629860561,65.83980872683802,-0.8206216377763417,-5491.599999999278,-0.8206216377763417,-1.0030368839067199,0.06234930818860993,0.18241524613037818,2.9256979977799027,10,breakout,False,False,long,True,-1.025390624999853,-1.3098270440250412,-0.09034582132556439,-1.1917829457363573
P10|breakout|MA0|BB0|TP20/SL10|TR5-3|short,6533,-8.631143675875569,-5.864930267510676,-6.332708520220831,1,11,-523.1363636362875,-16.326770600168526,-9.053775732178657,0.7742386020801098,63.860401040869434,-0.8808357569262454,-5754.499999999161,-0.8808357569262454,-1.0844223595381568,0.09840384240326258,0.20358660261191142,2.0688887510876457,10,breakout,False,False,short,True,-0.7246035559825724,-1.2076069730584746,-0.645434782608581,-1.1370370370369223
P10|breakout|MA0|BB0|TP10/SL20|TR0-0|both,7778,-6.579797526486133,-4.978749504758028,-4.396556440126176,0,11,-725.3454545456091,-11.673661699891644,-6.827929128098076,0.8549303815649898,65.73669323733607,-1.0258164052457823,-7978.800000001695,-1.0258164052457823,-0.9247049094846134,0.14485045546647088,-0.10111149576116896,-0.6980405787165346,10,breakout,False,False,both,False,-1.2884615384620035,-0.8494820717136183,-0.6208672086721361,-1.4248826291079444
P10|breakout|MA0|BB0|TP10/SL20|TR0-0|long,4771,-2.5071648254351597,-3.5478012977598405,-0.19909665286110398,3,11,-219.95454545465608,-6.480416340465527,-2.7612558530487097,0.924379754589683,67.42821211486061,-0.5071263885980328,-2419.5000000012146,-0.5071263885980328,-0.7382471582628751,0.13898464076317676,0.2311207696648423,1.662923099960816,10,breakout,False,False,long,False,-0.9289029535869647,-1.0251781472688746,0.6130322580643986,-1.2388714733542074
P10|breakout|MA0|BB0|TP10/SL20|TR0-0|short,4730,-7.190852322488331,-3.931956872269948,-6.153719197352568,1,11,-640.4818181819127,-11.085630543258961,-7.4013462336815525,0.7983461943579074,64.18604651162791,-1.489492600423052,-7045.300000001036,-1.489492600423052,-1.2219910737236979,0.09797476407578887,-0.2675015266993541,-2.730310496001062,10,breakout,False,False,short,False,-1.2414733969991016,-1.2825986078890939,-1.6333096590909195,-1.830985915492897
P10|breakout|MA0|BB0|TP10/SL20|TR5-3|both,9920,-9.211839873349579,-8.048236336864768,-5.258127560517312,0,11,-877.9545454546061,-16.824900441617206,-9.522320374917406,0.7789681595136759,78.72983870967742,-0.97353830645168,-9657.500000000666,-0.97353830645168,-1.1639671136378478,0.08237615458903223,0.19042880718616773,2.3116981866439525,10,breakout,False,False,both,True,-1.153117627233096,-1.4376331360948578,-0.40515923566875783,-1.193782383419623
P10|breakout|MA0|BB0|TP10/SL20|TR5-3|long,5868,-6.59571938976122,-7.059523412210944,-2.482244857815247,2,11,-481.3636363636825,-12.473911942941825,-6.864133721737165,0.7870457881718675,79.49897750511248,-0.9023517382413953,-5295.0000000005075,-0.9023517382413953,-1.0763071783857792,0.09132764443368964,0.1739554401443839,1.9047402483996827,10,breakout,False,False,long,True,-1.2258426966294143,-1.6919708029199023,0.11576086956521395,-1.277430555555494
P10|breakout|MA0|BB0|TP10/SL20|TR5-3|short,5753,-7.329420902293728,-5.198832845040123,-5.211496763823444,1,11,-548.7272727273067,-13.022357641072833,-7.6248414332096415,0.7669651026766392,78.2722058056666,-1.0491917260560357,-6036.000000000373,-1.0491917260560357,-1.3354685235367734,0.09477855471057307,0.28627679748073764,3.0204807232495376,10,breakout,False,False,short,True,-0.967708333333538,-1.276308539945072,-0.8873325213154083,-1.1886477462436689
P5|reversal|MA0|BB0|TP20/SL20|TR0-0|both,6575,-5.727426583179416,-4.595197630522408,-3.655757063218001,1,11,-840.5545454545434,-8.948809034080847,-5.992373831107303,0.8677687250531619,48.456273764258555,-1.4062509505703376,-9246.09999999997,-1.4062509505703376,-0.8220987031019968,0.3248630966118434,-0.5841522474683407,-1.7981489850978798,5,reversal,False,False,both,False,-2.018625780806374,-1.4837809917355502,-1.1923011484474457,-0.971170568561865
P5|reversal|MA0|BB0|TP20/SL20|TR0-0|long,4325,-2.3403199790369955,-2.952455609205263,-0.5612628788843984,4,11,-271.4181818181883,-5.0583302292370025,-2.624710253877448,0.9325018142850329,50.10404624277457,-0.6903121387283395,-2985.6000000000686,-0.6903121387283395,-0.42258363617944716,0.1491533694032695,-0.26772850254889236,-1.794987961854408,5,reversal,False,False,long,False,-1.4964800000000094,-0.8128057553956834,-0.014137931034514512,-0.5694623655914097
P5|reversal|MA0|BB0|TP20/SL20|TR0-0|short,4269,-5.826394510131349,-4.043868996192499,-4.199088638304302,0,11,-670.8181818181788,-8.539931339174991,-6.159490006546833,0.8394787791772687,47.64581869290232,-1.7285078472710154,-7378.9999999999645,-1.7285078472710154,-1.3681491181569696,0.20058563873338395,-0.36035872911404576,-1.7965330488741036,5,reversal,False,False,short,False,-2.252274541101374,-1.2891184573002916,-2.1547142857142285,-0.679101123595519
P5|reversal|MA0|BB0|TP20/SL20|TR5-3|both,11403,-9.434019328378128,-7.582080556128245,-5.95065553846657,0,11,-989.2000000000063,-17.393252128435485,-9.83290691570493,0.7848629839060401,78.5845830044725,-0.9542401122511678,-10881.200000000066,-0.9542401122511678,-0.9397305079130934,0.09360532188984205,-0.014509604338074356,-0.1550083269319853,5,reversal,False,False,both,True,-1.124889020420377,-1.4258762886599325,-0.6640667761356311,-0.7767489711933118
P5|reversal|MA0|BB0|TP20/SL20|TR5-3|long,6995,-7.64171158008747,-5.549717477636909,-5.328018383303134,0,11,-597.7909090909164,-14.234855115712646,-8.01406866801934,0.7798014908279852,79.38527519656898,-0.9400571837026559,-6575.700000000078,-0.9400571837026559,-0.9000343144371525,0.05438476591318787,-0.04002286926550336,-0.7359205945538166,5,reversal,False,False,long,True,-1.0624764595104943,-1.1125288239816817,-0.49174825174814796,-1.274947368420943
P5|reversal|MA0|BB0|TP20/SL20|TR5-3|short,6663,-9.28858745113535,-8.373382129258214,-4.887862920148546,1,11,-752.1636363636436,-15.375683757008996,-9.659450382228636,0.736183916842031,77.24748611736455,-1.2417529641302834,-8273.800000000077,-1.2417529641302834,-1.039160092641407,0.09147527291043006,-0.20259287148887628,-2.214728254347482,5,reversal,False,False,short,True,-1.5386666666668039,-1.8181536074477647,-1.0331822759314022,-0.5024068322980243
P5|reversal|MA0|BB0|TP15/SL15|TR0-0|both,8547,-7.136033131799774,-5.061600056706095,-5.067418687169335,1,11,-892.1818181818285,-12.020019607176462,-7.3869282100159825,0.8576083897009144,48.78904878904879,-1.1482391482391607,-9814.000000000107,-1.1482391482391607,-0.8216738521414166,0.11712227849652974,-0.3265652960977441,-2.788242342018816,5,reversal,False,False,both,False,-1.3380453020134424,-1.301967930029171,-1.1964984552008389,-0.7201277955271532
P5|reversal|MA0|BB0|TP15/SL15|TR0-0|long,5294,-4.39130101683606,-3.7875085622063374,-2.4895011028190517,3,11,-418.65454545454753,-8.426287660960716,-4.682890945034348,0.8900009076621048,49.71666037023045,-0.8698904420098262,-4605.20000000002,-0.8698904420098262,-0.6109003288878194,0.12904828908659718,-0.2589901131220068,-2.0069240356081965,5,reversal,False,False,long,False,-1.403233988585946,-0.7229098805645998,-0.4335705812574022,-0.896846846846851
P5|reversal|MA0|BB0|TP15/SL15|TR0-0|short,5141,-7.177183241336245,-4.941736362652612,-5.208597630162141,0,11,-691.2545454545575,-11.08358981404752,-7.497857029853758,0.8202942392909931,47.7144524411593,-1.4790507683330343,-7603.800000000129,-1.4790507683330343,-1.1092912922832707,0.10896101003999391,-0.36975947604976356,-3.3935026475437784,5,reversal,False,False,short,False,-1.5638311688311979,-1.5429946524064446,-1.8366972477064596,-0.7272550921435472
P5|reversal|MA0|BB0|TP15/SL15|TR5-3|both,12427,-13.691491248348887,-9.630020024323398,-9.762748160818738,0,11,-1266.1727272729563,-23.334122813282132,-14.069885745008941,0.7339144920973866,73.30007242295002,-1.1207773396638383,-13927.900000002519,-1.1207773396638383,-1.0505605414244552,0.06786904175780599,-0.0702167982393831,-1.0345924507075728,5,reversal,False,False,both,True,-1.0939377682405453,-1.505626134301479,-0.9775729646699282,-1.0478563151798246
P5|reversal|MA0|BB0|TP15/SL15|TR5-3|long,7295,-10.435216441261453,-7.387124892771723,-7.394186803679114,0,11,-703.2000000001303,-18.33662673976698,-10.736872012191643,0.7383680813929497,74.29746401644962,-1.0603427004799768,-7735.200000001431,-1.0603427004799768,-1.0158947155214082,0.06476392186883288,-0.04444798495856861,-0.6863078034185395,5,reversal,False,False,long,True,-1.1352100089367552,-1.2136526090066206,-0.6872842870119774,-1.362156593406826
P5|reversal|MA0|BB0|TP15/SL15|TR5-3|short,6960,-11.502085324383854,-9.323155129951479,-7.093964183063106,0,11,-791.8545454546721,-18.918931498563023,-11.848780352287312,0.7122631069532315,72.44252873563218,-1.2514942528737631,-8710.400000001391,-1.2514942528737631,-1.1616964017562275,0.08102301794305557,-0.08979785111753569,-1.1083004977751783,5,reversal,False,False,short,True,-1.2670886075951433,-1.761224489796125,-1.1850490196080432,-0.8036676646708402
P5|reversal|MA0|BB0|TP30/SL30|TR0-0|both,4323,-1.8153184311387354,-2.086312722174457,-0.6969876586791338,3,11,-315.37272727272205,-3.6215025919780315,-2.0804387723479336,0.945813092578999,50.0115660421004,-0.8024751330094703,-3469.09999999994,-0.8024751330094703,-0.8534348139918564,0.40304363698687246,0.050959680982386124,0.1264371306376583,5,reversal,False,False,both,False,-1.973693379790929,-0.515865384615367,-0.472698612862537,-0.13647668393780474
P5|reversal|MA0|BB0|TP30/SL30|TR0-0|long,3192,-0.21323931827394224,-1.9547119377098954,1.309417678467684,5,11,-31.57272727271769,-1.7826762922491546,-0.46927303953956295,0.9923790255334483,51.253132832080205,-0.10880325814532978,-347.29999999989263,-0.10880325814532978,-0.1605976744697185,0.23571187718454503,0.051794416324388734,0.21973613270169462,5,reversal,False,False,long,False,-1.3576837416480974,-0.9518886679920165,1.1981081081081668,0.030543318649071498
P5|reversal|MA0|BB0|TP30/SL30|TR0-0|short,3121,-4.437661250016623,-2.2078994213446137,-3.932872317496585,0,11,-660.0272727272791,-5.973105048507932,-4.820758761861176,0.8492127611408686,47.29253444408844,-2.3262736302467375,-7260.300000000068,-2.3262736302467375,-1.706963313996327,0.2650633249536327,-0.6193103162504106,-2.336461735544689,5,reversal,False,False,short,False,-1.4971910112359474,-2.6958415841584045,-3.5796641791045505,-1.114678899082572
P5|reversal|MA0|BB0|TP30/SL30|TR5-3|both,10033,-4.661982352524093,-4.1409546491831595,-2.626561269632274,0,11,-553.6727272728615,-10.90106711029718,-4.961552035217919,0.8691896303614469,84.62075151998405,-0.6070367786306662,-6090.400000001474,-0.6070367786306662,-0.7255420758602552,0.09338094151467918,0.11850529722958902,1.2690522852670143,5,reversal,False,False,both,True,-0.7627971064416698,-0.9953012048193174,-0.43419610231446254,-0.36500457456566515
P5|reversal|MA0|BB0|TP30/SL30|TR5-3|long,6525,-4.495174546226032,-3.6227567683994284,-2.8324742711779836,1,11,-419.22727272736205,-9.652684785792994,-4.820748449314908,0.8437388814529616,84.91954022988506,-0.7067432950193072,-4611.5000000009795,-0.7067432950193072,-0.6891561939160018,0.1298186213506593,-0.017587101103305414,-0.1354744097597528,5,reversal,False,False,long,True,-0.9227085478888369,-0.8449533502968907,-0.25087633885122973,-0.968962962963258
P5|reversal|MA0|BB0|TP30/SL30|TR5-3|short,6195,-6.718025906183185,-5.917964394366973,-3.6923664227681474,0,11,-653.9636363637168,-11.455871065221494,-7.065640582633383,0.7744967116193379,82.88942695722356,-1.1611945117031284,-7193.600000000881,-1.1611945117031284,-0.9877855293419342,0.07534944536485183,-0.17340898236119417,-2.301396931610117,5,reversal,False,False,short,True,-1.31079787234047,-2.059621993127191,-1.0864539748956297,-0.205488297013965
P5|reversal|MA0|BB0|TP20/SL10|TR0-0|both,9240,-7.311945956786701,-6.624961185911201,-4.001736926768126,0,11,-887.8999999998105,-12.710505458091594,-7.646585167836535,0.8547808904147502,32.5,-1.0570238095235833,-9766.89999999791,-1.0570238095235833,-0.6747014779309244,0.12647464649367357,-0.38232233159265894,-3.0229167836557913,5,reversal,False,False,both,False,-1.7216885553466115,-0.9020174848683912,-0.7763047001620361,-0.7201198202696001
P5|reversal|MA0|BB0|TP20/SL10|TR0-0|long,5386,-3.717426460058381,-3.903655983366376,-1.4820259906034536,2,11,-338.9636363635248,-7.998748074700755,-4.075868761783302,0.9031477123368356,33.754177497215004,-0.6922762718155904,-3728.59999999877,-0.6922762718155904,-0.4971840869530359,0.056373475939395755,-0.19509218486255447,-3.46070881051025,5,reversal,False,False,long,False,-1.2451113861381389,-0.6869287991493689,-0.10731850117094828,-0.7910793933987519
P5|reversal|MA0|BB0|TP20/SL10|TR0-0|short,5298,-6.523055098688831,-4.662568807532621,-4.598561703025447,0,11,-587.7999999998808,-10.777596247475577,-6.89792675466964,0.8335281486707321,32.012080030200075,-1.2204228010567544,-6465.799999998685,-1.2204228010567544,-0.9768138836326756,0.08556147317810307,-0.24360891742407875,-2.8471800259561597,5,reversal,False,False,short,False,-1.4649529780559494,-1.105431309903682,-1.381186339125154,-0.7178082191780872
P5|reversal|MA0|BB0|TP20/SL10|TR5-3|both,13885,-17.199868990601505,-12.345122115483637,-11.983880657000489,0,11,-1397.6636363634725,-29.17294750582323,-17.624250065074214,0.7101644078884304,64.60208858480374,-1.1072596326970252,-15374.299999998195,-1.1072596326970252,-1.0424927330731157,0.05142996527857049,-0.06476689962390947,-1.2593222506198372,5,reversal,False,False,both,True,-1.2447639083682631,-1.2608628060628209,-0.9140094339621345,-1.0485325697922971
P5|reversal|MA0|BB0|TP20/SL10|TR5-3|long,7728,-13.22493979112848,-10.256698289095192,-8.52187350038036,0,11,-777.499999999915,-22.693490819737846,-13.581150112456802,0.7024896597546341,65.51501035196688,-1.1066899585920114,-8552.499999999063,-1.1066899585920114,-1.012973093312268,0.046584828304684134,-0.09371686527974332,-2.01174649967144,5,reversal,False,False,long,True,-1.317526205450606,-1.2745264532983607,-0.7284658843979651,-1.1798146922566919
P5|reversal|MA0|BB0|TP20/SL10|TR5-3|short,7334,-12.620832115874103,-9.76039577657304,-8.192021402736353,0,11,-763.6909090908182,-21.346707349325378,-12.966414666117535,0.7068538945517301,63.79874556858467,-1.1454322334331877,-8400.599999998998,-1.1454322334331877,-1.0802737579937092,0.08803089379941598,-0.0651584754394785,-0.7401773698668362,5,reversal,False,False,short,True,-1.2319574468083765,-1.3778688524588696,-1.0973201692523347,-0.8286432160802677
P5|reversal|MA0|BB0|TP10/SL20|TR0-0|both,8893,-7.7171765615276495,-6.043781978885542,-5.026733752225278,0,11,-940.2000000001734,-13.016687628144586,-7.955828472684725,0.8377661034656059,65.30979422017317,-1.1629596311707977,-10342.200000001903,-1.1629596311707977,-0.8935406324865223,0.15406993146154474,-0.26941899868427543,-1.74867994117023,5,reversal,False,False,both,False,-1.4702875399365674,-1.3135424091237722,-1.095977393617048,-0.7689585439838248
P5|reversal|MA0|BB0|TP10/SL20|TR0-0|long,5686,-4.625644451053151,-3.485689945476637,-3.08722653076825,1,11,-434.1727272728494,-9.067731999733587,-4.8804732022400925,0.8790145661810911,66.40872317973971,-0.8399402040100845,-4775.90000000134,-0.8399402040100845,-0.6883268536239927,0.10050003165857997,-0.1516133503860918,-1.508590075883306,5,reversal,False,False,long,False,-1.238041543027172,-0.4338742393513841,-0.5570403092214833,-1.0408637873754019
P5|reversal|MA0|BB0|TP10/SL20|TR0-0|short,5480,-7.909593390614336,-6.025831019692844,-5.193226308407493,0,11,-760.5090909092055,-12.120260166131544,-8.202398961160608,0.7940714556491166,64.03284671532846,-1.5265693430659228,-8365.600000001257,-1.5265693430659228,-1.274817195339133,0.13499416818669108,-0.2517521477267899,-1.8649112854907006,5,reversal,False,False,short,False,-1.840250447227652,-1.6444444444449076,-1.6981275599766015,-0.6708675799086853
P5|reversal|MA0|BB0|TP10/SL20|TR5-3|both,11403,-12.219661075148446,-8.932512462336886,-8.429138728706187,0,11,-1222.0727272727872,-20.503734756089962,-12.530778559889303,0.7342164577484096,78.5845830044725,-1.1788827501535262,-13442.800000000658,-1.1788827501535262,-1.1589215805112072,0.10913564904281588,-0.019961169642318977,-0.18290237715531293,5,reversal,False,False,both,True,-1.2989937851437372,-1.5383505154641077,-1.0106185002736123,-0.977901234567828
P5|reversal|MA0|BB0|TP10/SL20|TR5-3|long,6995,-9.602971014012958,-6.537295505928395,-7.047591375305183,0,11,-718.1545454545832,-16.486184673189904,-9.863923230773496,0.7354650968100377,79.38527519656898,-1.1293352394568137,-7899.700000000412,-1.1293352394568137,-1.1318946088606865,0.10465904288412495,0.002559369403872802,0.02445435514546461,5,reversal,False,False,long,True,-1.2171845574389888,-1.2058416602615112,-0.7929603729603222,-1.4348771929823743
P5|reversal|MA0|BB0|TP10/SL20|TR5-3|short,6663,-11.53494368423253,-9.51896682554455,-6.851817595271198,0,11,-893.4727272727647,-17.884572997605705,-11.821449912222825,0.6866207512275817,77.24748611736455,-1.4750412727000466,-9828.20000000041,-1.4750412727000466,-1.3422095690057216,0.05552107272906848,-0.13283170369432495,-2.3924556418878398,5,reversal,False,False,short,True,-1.7419523809525859,-1.8887509697441678,-1.3884692849948939,-0.7593167701862495
P10|reversal|MA0|BB1|TP20/SL20|TR0-0|both,582,-0.34230609433731374,-0.692739749013345,0.21588693370562095,7,11,-15.090909090911492,-1.3032360422587852,-0.5855252399142313,0.9714098722055684,51.03092783505154,-0.28522336769763934,-166.0000000000261,-0.28522336769763934,-0.9341693869343324,0.5930484449266623,0.648946019236693,1.0942546511810567,10,reversal,False,True,both,False,-2.3578651685393477,0.16390977443610885,0.8793749999999096,0.8216216216215296
P10|reversal|MA0|BB1|TP20/SL20|TR0-0|long,355,-0.8464277012177127,-1.5180157842747244,0.31543721558816185,4,11,-29.181818181819278,-1.5989836475416965,-1.1694821847515848,0.9117889530090636,49.29577464788733,-0.9042253521127094,-321.0000000000118,-0.9042253521127094,-0.770949893523168,0.9527829520902672,-0.13327545858954137,-0.13988018813430111,10,reversal,False,True,long,False,-2.8132653061224775,-1.4368421052631504,1.24196428571419,-1.0898550724637515
P10|reversal|MA0|BB1|TP20/SL20|TR0-0|short,246,0.3516956194099735,0.49478826342485277,0.00450786352007222,6,11,9.9545454545443,-0.2806380024295754,-0.018736340095319225,1.0461013809363373,53.2520325203252,0.4451219512194614,109.49999999998751,0.4451219512194614,-1.1219415340843715,1.2640884500873724,1.5670634853038328,1.239678667418818,10,reversal,False,True,short,False,-1.7523809523809655,1.939705882352961,0.42448979591826863,2.3111111111109346
P10|reversal|MA0|BB1|TP20/SL20|TR5-3|both,613,-2.486984620040677,-2.5418904377901272,-0.9579046948196168,2,11,-61.56363636363878,-4.293702885099147,-2.790300819080202,0.7570321469575082,78.14029363784665,-1.104730831973942,-677.2000000000264,-1.104730831973942,-1.0986035125649238,0.4009634917273859,-0.006127319409018117,-0.015281489550634866,10,reversal,False,True,both,True,-2.5405263157895726,-0.8897959183674665,-0.744444444444451,0.49912280701763895
P10|reversal|MA0|BB1|TP20/SL20|TR5-3|long,366,-2.5499006800381414,-2.676381876723856,-0.8860192595322904,2,11,-48.472727272727894,-3.962052783725387,-2.9258560766046977,0.6873827392119993,77.59562841530054,-1.4568306010929146,-533.2000000000068,-1.4568306010929146,-1.104761150117632,0.9005791567284557,-0.35206945097528264,-0.3909367081670526,10,reversal,False,True,long,True,-3.3352941176471416,-0.7864197530864954,-0.4557522123893967,-1.1114285714284344
P10|reversal|MA0|BB1|TP20/SL20|TR5-3|short,258,-1.0333699236740523,-1.4647145372590071,-0.08115937061344737,3,11,-16.70909090909299,-2.1983134347015527,-1.435662687300399,0.8393356643356437,78.68217054263566,-0.7124031007752823,-183.80000000002283,-0.7124031007752823,-1.4171768947283656,0.8283371338901347,0.7047737939530833,0.8508296502937653,10,reversal,False,True,short,True,-1.8000000000001326,-0.9616438356166068,-1.4102040816326378,2.5543478260869708
P10|reversal|MA0|BB1|TP15/SL15|TR0-0|both,595,-0.5115703608103519,-0.9466143270075152,0.23596422324693525,6,11,-16.872727272726312,-1.8284780453855711,-0.8393226206615888,0.9590359318442697,51.42857142857142,-0.3119327731092253,-185.59999999998905,-0.3119327731092253,-0.6822606739047027,0.5866686681827885,0.3703279007954774,0.6312385864112556,10,reversal,False,True,both,False,-1.7890109890110264,-0.0956834532373802,-0.0701863354037024,1.4566371681416783
P10|reversal|MA0|BB1|TP15/SL15|TR0-0|long,358,-1.7089476763137024,-2.074148395378128,-0.357358453225703,2,11,-44.63636363636436,-2.7156897126407733,-2.1035149163622116,0.831803233762678,47.76536312849162,-1.3715083798882897,-491.0000000000077,-1.3715083798882897,-0.7782067784814506,0.7023143738258923,-0.5933016014068391,-0.8447806616498523,10,reversal,False,True,long,False,-3.072727272727359,-1.4766233766233963,-0.6883928571428573,0.057142857142889115
P10|reversal|MA0|BB1|TP15/SL15|TR0-0|short,251,0.8543175808032819,0.6362516121364971,0.5685929864012138,7,11,18.563636363637748,0.01425339720312148,0.508251851381941,1.1153933092224273,55.37848605577689,0.8135458167331286,204.20000000001528,0.8135458167331286,-0.9551949669801486,0.670792423547453,1.7687407837132771,2.636793025120018,10,reversal,False,True,short,False,-0.45116279069766135,0.678873239436676,1.3428571428572234,2.866666666666805
P10|reversal|MA0|BB1|TP15/SL15|TR5-3|both,615,-2.7482037203123215,-3.241587567010592,-0.5707013603019494,1,11,-57.65454545455629,-4.886068509530248,-3.050821515632776,0.7537469907586799,73.4959349593496,-1.0312195121953156,-634.2000000001191,-1.0312195121953156,-1.1935253010372666,0.19806588341204676,0.16230578884195102,0.8194535376105023,10,reversal,False,True,both,True,-2.1536842105264973,-1.4297297297299234,-0.75987654321015,0.9539130434781585
P10|reversal|MA0|BB1|TP15/SL15|TR5-3|long,366,-3.0851212037865436,-3.253474259448136,-1.0624465028540953,1,11,-49.94545454546103,-4.745948051070328,-3.447778667498574,0.6590965500123778,72.1311475409836,-1.501092896175058,-549.4000000000713,-1.501092896175058,-0.7815086696263863,0.23032610021603123,-0.7195842265486717,-3.1241975002995646,10,reversal,False,True,long,True,-2.9725490196080044,-1.4370370370372019,-0.895575221239206,-0.40857142857159
P10|reversal|MA0|BB1|TP15/SL15|TR5-3|short,258,-0.757426754756967,-1.6645109343070552,0.5393195706349871,3,11,-10.481818181822826,-2.1170276169098226,-1.1334255326023865,0.8859770569619791,75.1937984496124,-0.4468992248063994,-115.30000000005104,-0.4468992248063994,-1.404792852795707,0.588011478044853,0.9578936279893076,1.6290389962697978,10,reversal,False,True,short,True,-1.3388888888891093,-1.3068493150687137,-0.4469387755104905,2.6630434782608465
P10|reversal|MA0|BB1|TP30/SL30|TR0-0|both,543,-0.8776466431107505,-0.4861507469269272,-0.7462931006863688,3,11,-53.33636363636235,-1.5276256569591173,-1.1536599022009024,0.9240478471377181,49.90791896869245,-1.0804788213627725,-586.6999999999855,-1.0804788213627725,-0.4219563896326388,0.9250526646939241,-0.6585224317301337,-0.7118756119123463,10,reversal,False,True,both,False,-2.705624999999978,-0.4724999999999758,-2.4554140127388924,2.7207547169812654
P10|reversal|MA0|BB1|TP30/SL30|TR0-0|long,342,-0.7789269567578397,-1.3907802257453885,0.2047969441327065,5,11,-37.34545454545341,-1.2990079353637154,-1.133362018805791,0.9159746369400729,48.53801169590643,-1.2011695906432371,-410.7999999999871,-1.2011695906432371,-0.3412872917854499,1.415992767996275,-0.8598822988577872,-0.6072646120040419,10,reversal,False,True,long,False,-5.0968085106382555,0.2887323943662116,-0.6366972477064118,1.7235294117648017
P10|reversal|MA0|BB1|TP30/SL30|TR0-0|short,238,-0.4079190220182374,0.888822120891577,-1.4260461192249412,5,11,-15.954545454545974,-0.8504520612536397,-0.6335532741896694,0.946999667804184,51.26050420168067,-0.737394957983217,-175.50000000000563,-0.737394957983217,-0.7453443245960795,1.340157268070914,0.007949366612862496,0.005931666978387687,10,reversal,False,True,short,False,-0.14000000000001017,1.1134328358208903,-5.8551020408164804,1.1428571428572165
P10|reversal|MA0|BB1|TP30/SL30|TR5-3|both,605,-1.1242971531112438,-1.8898227828583185,0.2893447032750235,5,11,-34.4818181818239,-2.5645196247090736,-1.468320437254013,0.8650946080523334,84.62809917355372,-0.6269421487604342,-379.3000000000627,-0.6269421487604342,-0.6655503099682731,0.4217364925164742,0.03860816120783894,0.09154569711875431,10,reversal,False,True,both,True,-2.7621621621621437,-0.47876712328773374,-0.1906832298139505,2.0557522123892835
P10|reversal|MA0|BB1|TP30/SL30|TR5-3|long,365,-1.5564052880931398,-2.516859424755089,0.53248768147073,4,11,-37.700000000003136,-2.6582349660931133,-1.923601349362131,0.7722804898138316,83.56164383561644,-1.1361643835617383,-414.7000000000345,-1.1361643835617383,-0.8561148151611814,0.8068004985566694,-0.28004956840055695,-0.3471112981481213,10,reversal,False,True,long,True,-4.669607843137203,-0.35000000000001863,0.8026548672564172,-0.015714285714479498
P10|reversal|MA0|BB1|TP30/SL30|TR5-3|short,258,-0.2927058074924356,-0.5950923487417937,0.12087404243049757,3,11,-5.672727272730269,-1.2633862208894655,-0.7250438351611632,0.9454783748361452,85.27131782945736,-0.24186046511640666,-62.40000000003292,-0.24186046511640666,-1.0198083164824863,1.5514673153875433,0.7779478513660796,0.5014271610174107,10,reversal,False,True,short,True,-0.8622222222222511,-0.7041095890412028,-2.2204081632657378,3.813043478260837
P10|reversal|MA0|BB1|TP20/SL10|TR0-0|both,607,-0.5888543906241063,-1.4683355029445624,0.6386234772493189,4,11,-18.9545454545327,-1.9600767017547085,-0.9312579984958799,0.9510091872459712,34.92586490939045,-0.3434925864907075,-208.49999999985945,-0.3434925864907075,-0.5396024511753613,0.6370615440003369,0.1961098646846538,0.307835038123962,10,reversal,False,True,both,False,-2.207486631015559,-0.16549295774601136,0.6209876543209651,1.0965517241378235
P10|reversal|MA0|BB1|TP20/SL10|TR0-0|long,362,-1.3159393211091361,-1.7619690369336378,-0.14309658197440095,3,11,-32.04545454544686,-2.4066008740355223,-1.8065011518066454,0.8651646712313298,32.87292817679558,-0.9737569060771137,-352.4999999999152,-0.9737569060771137,-0.23085109372048312,0.6890027723427637,-0.7429058123566306,-1.0782334152743456,10,reversal,False,True,long,False,-3.3575757575752663,-0.03924050632864768,-0.0017699115044106245,-0.2366197183098912
P10|reversal|MA0|BB1|TP20/SL10|TR0-0|short,252,0.9109191643948512,0.417243566975701,0.8745788190565685,8,11,18.918181818187044,0.028453842845066274,0.5867234145594676,1.1251202501202915,38.88888888888889,0.825793650793879,208.10000000005752,0.825793650793879,-0.8996626379180326,0.9197315262675932,1.7254562887119116,1.8760434316240835,10,reversal,False,True,short,False,-0.6876404494377298,0.35507246376856527,2.0571428571427535,3.199999999999773
P10|reversal|MA0|BB1|TP20/SL10|TR5-3|both,621,-3.8583722547831822,-3.692892425298525,-1.7756089645722282,1,11,-70.14545454544711,-6.341761100703265,-4.3153382779129235,0.6920498084291353,62.64090177133655,-1.2425120772945542,-771.5999999999182,-1.2425120772945542,-1.0169249239961449,0.21939290029400868,-0.22558715329840928,-1.0282336073596716,10,reversal,False,True,both,True,-2.1518324607327735,-1.2218543046356116,-0.990740740740678,-0.13333333333325947
P10|reversal|MA0|BB1|TP20/SL10|TR5-3|long,367,-4.066231856608415,-3.5295591830607718,-2.181577482190081,0,11,-54.09090909090389,-6.096068902012574,-4.6209526576001565,0.6120239958268299,61.30790190735694,-1.6212534059943946,-594.9999999999428,-1.6212534059943946,-0.8468845449597611,0.24177183060143714,-0.7743688610346335,-3.202891168538104,10,reversal,False,True,long,True,-2.6637254901958385,-1.2975308641973453,-1.2796460176990287,-1.0366197183097479
P10|reversal|MA0|BB1|TP20/SL10|TR5-3|short,258,-1.359625294561691,-2.119389798846184,0.0019510470731289422,2,11,-16.58181818181604,-2.897437997685721,-1.9308812069577552,0.814407814407829,64.72868217054264,-0.706976744185955,-182.3999999999764,-0.706976744185955,-1.2399618930496035,0.3947831862781075,0.5329851488636485,1.3500705384352,10,reversal,False,True,short,True,-1.533333333333172,-1.1849315068492066,-0.32448979591835947,1.2608695652174073
P10|reversal|MA0|BB1|TP10/SL20|TR0-0|both,603,-0.8314478801201765,-0.3685008411455597,-0.8148199711171912,2,11,-26.18181818183461,-2.229714696864227,-1.0525507681073234,0.928741092636534,67.66169154228857,-0.4776119402988065,-288.0000000001803,-0.4776119402988065,-1.2593709091813061,0.44713474315258595,0.7817589688824996,1.7483744684445652,10,reversal,False,True,both,False,-1.8869565217395938,0.4027586206891745,-0.8621118012423123,1.2353982300883797
P10|reversal|MA0|BB1|TP10/SL20|TR0-0|long,360,-1.132255266008385,-1.3879714425916223,-0.19119987161342447,3,11,-27.60000000000887,-2.2127389956443744,-1.3877171933634482,0.8786764705881942,66.38888888888889,-0.8433333333336034,-303.6000000000972,-0.8433333333336034,-0.5385476712482092,0.9065383371577305,-0.30478566208539415,-0.33620824359286183,10,reversal,False,True,long,False,-2.6181818181822747,-0.11139240506376316,-0.44285714285723926,0.1999999999999428
P10|reversal|MA0|BB1|TP10/SL20|TR0-0|short,257,-0.1590748343699786,0.5525240542435523,-0.7557791059301497,4,11,-3.2363636363715047,-1.0808536374640103,-0.41003911281132294,0.9786057692307172,68.8715953307393,-0.13852140077854663,-35.60000000008648,-0.13852140077854663,-1.5299471699834093,0.559242976773785,1.3914257692048626,2.4880522903154803,10,reversal,False,True,short,False,-0.9123595505622709,0.569863013698143,-1.8204081632653364,2.0260869565215787
P10|reversal|MA0|BB1|TP10/SL20|TR5-3|both,613,-3.2484966300795026,-2.9577843379881945,-1.6073136276108935,1,11,-77.16363636364079,-5.129490049633799,-3.45290717404362,0.6954649827783953,78.14029363784665,-1.384665579119166,-848.8000000000487,-1.384665579119166,-1.3629177237095118,0.44124770743723274,-0.021747855409654182,-0.04928718051809437,10,reversal,False,True,both,True,-2.681578947368565,-1.1068027210886051,-1.0370370370370636,-0.07543859649115903
P10|reversal|MA0|BB1|TP10/SL20|TR5-3|long,366,-3.139242623945609,-3.1018759370131628,-1.2883112120233287,1,11,-57.28181818181991,-4.610749599004507,-3.3653779746260724,0.6305698874296274,77.59562841530054,-1.721584699453604,-630.100000000019,-1.721584699453604,-1.0466664140946365,0.40928367907795554,-0.6749182853589675,-1.6490232077649423,10,reversal,False,True,long,True,-3.531372549019735,-1.124691358024838,-0.7044247787610708,-1.417142857142759
P10|reversal|MA0|BB1|TP10/SL20|TR5-3|short,258,-1.510053763849224,-1.6108879218473917,-0.5660462257595942,3,11,-23.400000000003157,-2.7264744995781127,-1.7868240342918096,0.7749999999999686,78.68217054263566,-0.9976744186047855,-257.40000000003465,-0.9976744186047855,-1.3089485506507104,0.472103831812939,0.3112741320459249,0.6593340512628175,10,reversal,False,True,short,True,-1.875555555555733,-1.0082191780824077,-1.8040816326531286,1.595652173913052
P5|breakout|MA0|BB0|TP20/SL20|TR0-0|both,7230,-3.872657658360328,-1.934326099169496,-3.4120804460236696,1,11,-583.1545454545411,-7.328118518122509,-4.174556809231659,0.9143717946322003,49.72337482710927,-0.8872337482710853,-6414.699999999946,-0.8872337482710853,-0.9461987850582055,0.1570592221782264,0.058965036787120284,0.3754318655685714,5,breakout,False,False,both,False,-0.9193135245901658,-0.4748312439730003,-0.4433423388653172,-1.8055151515150938
P5|breakout|MA0|BB0|TP20/SL20|TR0-0|long,5020,-2.203845646907499,-3.3211663362277712,-0.13269698611638756,4,11,-285.10000000000923,-5.015717349628378,-2.4873322150286192,0.9387379960774779,50.278884462151396,-0.624721115537868,-3136.100000000097,-0.624721115537868,-0.4622096946700457,0.15520765315084623,-0.16251142086782233,-1.0470580384968362,5,breakout,False,False,long,False,-1.4372141372141467,-0.9642401021711384,0.5964306612053207,-1.2225806451612677
P5|breakout|MA0|BB0|TP20/SL20|TR0-0|short,5044,-5.4633398623396605,-2.385613745424721,-5.178100241279752,1,11,-698.681818181808,-8.33468092631547,-5.788697626646119,0.8572291059055176,48.07692307692308,-1.5236915146708734,-7685.499999999885,-1.5236915146708734,-1.25268160106946,0.12531321564258752,-0.27100991360141347,-2.162660276585474,5,breakout,False,False,short,False,-1.2387466307277684,-1.013390663390675,-1.8817354368931614,-1.749726775956227
P5|breakout|MA0|BB0|TP20/SL20|TR5-3|both,13107,-7.82590205214844,-7.001934657115859,-4.374211976558285,1,11,-881.7909090909161,-16.439374741912157,-8.213051652699717,0.833317867502504,78.55344472419318,-0.740039673456937,-9699.700000000073,-0.740039673456937,-0.9511443347229088,0.06217517460537253,0.21110466126597183,3.395320762761965,5,breakout,False,False,both,True,-0.8276706618031525,-1.5728090952156815,-0.06503366612483512,-1.0251841459135764
P5|breakout|MA0|BB0|TP20/SL20|TR5-3|long,8283,-7.8094490334528786,-7.1729559213073815,-4.054650808017891,0,11,-683.909090909106,-14.719101850147256,-8.10222830852579,0.7937796734684844,78.72751418568151,-0.9082458046601669,-7523.000000000163,-0.9082458046601669,-0.9131521065680971,0.09816104170306165,0.004906301907930177,0.04998217034790442,5,breakout,False,False,long,True,-1.2335600000001308,-1.4255578093307602,-0.21763573353862808,-1.0342706502635184
P5|breakout|MA0|BB0|TP20/SL20|TR5-3|short,8008,-6.496613208613988,-6.018300384183114,-3.3755075502735457,2,11,-590.7818181818247,-13.056032683599046,-6.816971683959462,0.8214302397471953,78.05944055944056,-0.8115134865134951,-6498.600000000069,-0.8115134865134951,-1.0997333396783968,0.08628979927180216,0.28821985316490173,3.3401381808415724,5,breakout,False,False,short,True,-0.8578356713428232,-1.6264586160109888,-0.1384042992971467,-1.0037654320985996
P5|breakout|MA0|BB0|TP15/SL15|TR0-0|both,9691,-6.194335628121269,-4.750640738334577,-4.104532235638899,0,11,-814.6272727272773,-11.451913602520188,-6.496552217215931,0.8836837398152404,49.57176761944072,-0.9246620575792021,-8960.900000000047,-0.9246620575792021,-0.7883029256167199,0.14310602243465018,-0.13635913196248217,-0.9528539026004375,5,breakout,False,False,both,False,-1.2853159851301292,-0.8012328767123298,-0.5719308700834234,-1.1048970251716368
P5|breakout|MA0|BB0|TP15/SL15|TR0-0|long,6276,-2.760857263256809,-3.4009685951769293,-0.6918747100080798,3,11,-294.55454545454,-7.014393479602635,-2.9990217487414794,0.9331703896211077,50.92415551306565,-0.5162683237730937,-3240.0999999999362,-0.5162683237730937,-0.5894019024094241,0.14260427025389447,0.07313357863633041,0.5128428377784372,5,breakout,False,False,long,False,-1.211026200873379,-0.3613984674329331,0.17445783132533738,-0.7593962264150937
P5|breakout|MA0|BB0|TP15/SL15|TR0-0|short,6272,-6.84979560771178,-4.024968342433469,-5.591091516785507,0,11,-742.445454545465,-11.059201769806897,-7.201414753203098,0.8400788747618418,48.325892857142854,-1.3021205357143035,-8166.900000000112,-1.3021205357143035,-1.1583008382523485,0.12022139835147289,-0.143819697461955,-1.1962903396073583,5,breakout,False,False,short,False,-1.2253668763102874,-1.1749532710280495,-1.2853609288238432,-1.5425742574257706
P5|breakout|MA0|BB0|TP15/SL15|TR5-3|both,14537,-11.299505122095722,-9.961846241871022,-6.4523848205987555,0,11,-1182.7090909093515,-21.399120399329888,-11.713134799170586,0.7857481637626824,73.52273508977093,-0.8949439361630918,-13009.800000002864,-0.8949439361630918,-1.0385573742012977,0.06882661191038454,0.14361343803820592,2.0865975245911756,5,breakout,False,False,both,True,-1.077375985164783,-1.4372160264355665,-0.37359743040703325,-1.0018518518520563
P5|breakout|MA0|BB0|TP15/SL15|TR5-3|long,8808,-10.010014180899542,-8.98831594670153,-5.378781635968607,0,11,-776.5909090910703,-18.230382882975206,-10.359185415884038,0.7640923250264708,73.92143505903725,-0.9698569482290842,-8542.500000001774,-0.9698569482290842,-1.0716846210886184,0.06897991338199772,0.1018276728595342,1.4761931099511796,5,breakout,False,False,long,True,-1.2899478778855282,-1.3897515527952327,-0.4064173083976971,-0.9702521008405599
P5|breakout|MA0|BB0|TP15/SL15|TR5-3|short,8545,-9.19618310058836,-8.22724738507232,-5.053867664654916,1,11,-753.9636363637836,-16.901569313563954,-9.589229130896962,0.7733821893964495,72.87302516091282,-0.9705792861324304,-8293.600000001617,-0.9705792861324304,-1.1468915620460387,0.10434895364749551,0.17631227591360832,1.6896410529348898,5,breakout,False,False,short,True,-1.0479614529283043,-1.5518402994387623,-0.4431666010241858,-1.0870381231673358
P5|breakout|MA0|BB0|TP30/SL30|TR0-0|both,4681,-3.2460104336643147,-2.736640384387813,-1.9896070438400357,4,11,-586.3181818181854,-5.126009553201763,-3.577240413506637,0.9089377792085311,49.07071138645588,-1.3778038880581147,-6449.5000000000355,-1.3778038880581147,-1.109391187054671,0.34492163675452925,-0.2684127010034436,-0.7781845857192924,5,breakout,False,False,both,False,-3.3481632653061104,1.048343373493958,-0.8068610634648395,-1.565580057526401
P5|breakout|MA0|BB0|TP30/SL30|TR0-0|long,3613,-1.0249777003533231,-2.6984320277873657,0.8382724138337387,5,11,-164.4727272727219,-2.6571256533872094,-1.286639466997351,0.9655916759698989,50.456684195959035,-0.5007473014115528,-1809.19999999994,-0.5007473014115528,-0.21639954414603121,0.2625019354899152,-0.28434775726552153,-1.0832215645756471,5,breakout,False,False,long,False,-2.20079760717846,-0.9181978798586697,1.244724409448875,-0.8564599483204229
P5|breakout|MA0|BB0|TP30/SL30|TR0-0|short,3649,-4.0417064819335495,-1.254997220417685,-4.190677989243771,2,11,-662.5545454545551,-5.664979875477644,-4.377551682135806,0.8701095712676616,47.65689229926007,-1.997286927925488,-7288.100000000105,-1.997286927925488,-1.6027830319648477,0.22275926850031558,-0.39450389596064017,-1.770987571545564,5,breakout,False,False,short,False,-0.9374162679425864,-1.6474358974358787,-3.1567675159236326,-1.8006234413965452
P5|breakout|MA0|BB0|TP30/SL30|TR5-3|both,11362,-5.057156263160986,-5.529166117703672,-2.1048682927402917,1,11,-694.5818181819756,-11.242392561079944,-5.447136853851622,0.8631694317888473,83.7528604118993,-0.6724520330929172,-7640.400000001726,-0.6724520330929172,-0.7495086337266499,0.07701345756223915,0.07705660063373265,1.0005602017213502,5,breakout,False,False,both,True,-1.1025076452599862,-1.2797242963814406,-0.07277691107667403,-0.6097005988026324
P5|breakout|MA0|BB0|TP30/SL30|TR5-3|long,7602,-5.17817582261056,-5.319728177684874,-2.270775832666752,1,11,-543.1090909091944,-10.510473849615133,-5.444329949608929,0.8356505807331638,84.17521704814523,-0.7858721389109621,-5974.200000001134,-0.7858721389109621,-0.7426348109182268,0.06944167073530741,-0.043237327992735275,-0.6226423923114422,5,breakout,False,False,long,True,-1.1528074866310591,-1.3487082066869638,-0.11947840260821778,-0.8307304785896907
P5|breakout|MA0|BB0|TP30/SL30|TR5-3|short,7318,-4.590184192947198,-4.4583073098476795,-2.273854863862962,2,11,-506.5909090909992,-9.537534537011885,-4.930900772897776,0.8491717641963701,83.26045367586772,-0.7614785460509685,-5572.500000000988,-0.7614785460509685,-0.9017456077922471,0.1190360049781975,0.14026706174127856,1.1783582771193448,5,breakout,False,False,short,True,-0.909504685408351,-1.4994548286604732,-0.17869925796617647,-0.7986684420774414
P5|breakout|MA0|BB0|TP20/SL10|TR0-0|both,10945,-7.173818329148082,-5.924478926675643,-4.5019091315931465,1,11,-930.6363636361458,-13.081662900684176,-7.494445196386162,0.8707708932171678,32.910004568296024,-0.935312928277533,-10236.999999997599,-0.935312928277533,-0.8332198998516148,0.11066652880336568,-0.10209302842591816,-0.9225285145368473,5,breakout,False,False,both,False,-1.1855461085672148,-1.026867469879045,-0.5416909620990964,-1.1667481662591481
P5|breakout|MA0|BB0|TP20/SL10|TR0-0|long,6754,-4.111599551871701,-4.6860548243726745,-1.4285849542174796,3,11,-423.9545454544083,-8.808639120954165,-4.403166195808575,0.9032844104051181,33.80219129404797,-0.6904797157237912,-4663.499999998486,-0.6904797157237912,-0.5165906110059403,0.10365767170645303,-0.1738891047178509,-1.6775324185390297,5,breakout,False,False,long,False,-1.275624375623901,-0.6304812834219888,0.13699683401176033,-1.2016913319238673
P5|breakout|MA0|BB0|TP20/SL10|TR0-0|short,6708,-6.579410651512709,-3.1494580761396165,-5.979916653902905,0,11,-686.6818181816677,-11.183959733998003,-6.959931545001159,0.8458123252158907,32.3345259391771,-1.1260435301130503,-7553.499999998341,-1.1260435301130503,-0.9409025746111295,0.08853322873759573,-0.18514095550192078,-2.091203022208321,5,breakout,False,False,short,False,-0.7910089910085186,-1.1068444444439722,-1.324297752808924,-1.3121107266435696
P5|breakout|MA0|BB0|TP20/SL10|TR5-3|both,16897,-16.21570313909272,-13.906038723062583,-9.57899237106449,0,11,-1518.7818181816253,-28.97612900282595,-16.664780639576687,0.743648209468706,64.27176421850032,-0.9887317275254707,-16706.599999997878,-0.9887317275254707,-0.9860587293517021,0.05107274983485184,-0.002672998173768537,-0.052337071773341126,5,breakout,False,False,both,True,-1.1477139507618679,-1.3859487179485799,-0.5576980848665881,-1.0794784580497712
P5|breakout|MA0|BB0|TP20/SL10|TR5-3|long,9663,-13.02614677815925,-11.306847062593862,-7.403827612814221,0,11,-881.1363636362586,-23.201606607874076,-13.430333626326501,0.733928659664783,65.06260995550036,-1.0030528821275844,-9692.499999998847,-1.0030528821275844,-0.9593988865556643,0.06786027825863652,-0.04365399557192007,-0.6432923160960404,5,breakout,False,False,long,True,-1.2369521240726726,-1.3558937465410896,-0.5759340289463887,-0.9705575820739079
P5|breakout|MA0|BB0|TP20/SL10|TR5-3|short,9333,-11.27868440475853,-8.569854671964091,-7.460552655986312,0,11,-807.7363636362545,-20.683378179798094,-11.662642789455393,0.7559501083586005,63.87013821922211,-0.9520090003213114,-8885.0999999988,-0.9520090003213114,-1.0734441920435502,0.05031012931136676,0.12143519172223882,2.4137324507890403,5,breakout,False,False,short,True,-0.8762292302474114,-1.4103428892634942,-0.6480957562566866,-1.085119047618908
P5|breakout|MA0|BB0|TP10/SL20|TR0-0|both,9975,-7.980494232451773,-6.038768587718573,-5.334601728401016,0,11,-1011.9636363638284,-13.646472066671338,-8.259711296222818,0.8436215032373654,65.45363408521303,-1.115949874686928,-11131.600000002109,-1.115949874686928,-0.9303688576693023,0.08436158053252732,-0.18558101701762575,-2.199828593136318,5,breakout,False,False,both,False,-1.4877500000004646,-1.1300327868857138,-0.7989455184534653,-1.124776386404276
P5|breakout|MA0|BB0|TP10/SL20|TR0-0|long,6640,-4.811024315836042,-4.52999920824587,-2.402015810124475,0,11,-499.00000000014387,-9.461374744639615,-5.050315994146645,0.8807268081111489,66.38554216867469,-0.8266566265062616,-5489.000000001577,-0.8266566265062616,-0.7305714626818116,0.09902926345741969,-0.09608516382444998,-0.9702704076534346,5,breakout,False,False,long,False,-1.3607601438114574,-0.8261883408076455,-0.21386046511635437,-1.02142857142856
P5|breakout|MA0|BB0|TP10/SL20|TR0-0|short,6482,-7.7680101686453105,-4.844420169499103,-6.103176760941707,0,11,-816.2727272728588,-12.307565929647794,-8.034792562537579,0.8106918318553504,64.51712434433817,-1.385220610922777,-8979.00000000144,-1.385220610922777,-1.195545598689383,0.12012809209234235,-0.1896750122333939,-1.5789396878757627,5,breakout,False,False,short,False,-1.3455193482693055,-1.5148148148152785,-1.3290417690417928,-1.4188287620459232
P5|breakout|MA0|BB0|TP10/SL20|TR5-3|both,13107,-11.418526083169272,-9.079714136865999,-7.294290474099216,0,11,-1223.0272727273505,-20.39775834529778,-11.745724107578559,0.7688150424107254,78.55344472419318,-1.0264209964141948,-13453.30000000085,-1.0264209964141948,-1.111121143051689,0.11282661587639173,0.08470014663749414,0.7507106898454545,5,breakout,False,False,both,True,-1.0817613340283438,-1.7493604926577129,-0.4932203389830248,-1.2221325850577855
P5|breakout|MA0|BB0|TP10/SL20|TR5-3|long,8283,-10.385881974759124,-8.634686331892665,-6.167230301189422,0,11,-866.900000000055,-17.606021243863186,-10.653582409946873,0.7386020986611774,78.72751418568151,-1.1512616201859958,-9535.900000000604,-1.1512616201859958,-1.0804036313550942,0.07670779049542194,-0.07085798883090155,-0.9237391453105469,5,breakout,False,False,long,True,-1.4629200000001972,-1.56382691007456,-0.5824027724297066,-1.2028119507907966
P5|breakout|MA0|BB0|TP10/SL20|TR5-3|short,8008,-9.491603207761788,-7.539148658125172,-5.9956551226172365,0,11,-822.8090909091396,-16.35682960604549,-9.797827719704935,0.7512976574843524,78.05944055944056,-1.1302322677323344,-9050.900000000534,-1.1302322677323344,-1.2667309873435397,0.08473266553769195,0.1364987196112053,1.6109338558514492,5,breakout,False,False,short,True,-1.1000801603208554,-1.7762550881955816,-0.6418768085985552,-1.318086419752969
P10|reversal|MA1|BB1|TP20/SL20|TR0-0|both,452,-0.11301551743762107,-0.7717986447604618,0.603551142884989,7,11,-4.4000000000020485,-0.9583317984082155,-0.3867785174290516,0.9891338511966176,51.32743362831859,-0.10707964601774823,-48.4000000000222,-0.10707964601774823,-0.4559748949270591,0.7276696821387817,0.3488952489093109,0.479469266719799,10,reversal,True,True,both,False,-3.1392307692307995,0.47326732673270305,2.0145038167937823,0.5333333333332575
P10|reversal|MA1|BB1|TP20/SL20|TR0-0|long,287,-0.1556466241716891,-0.7784304795702406,0.5507248577749695,4,11,-4.8545454545465025,-0.8270971663886719,-0.5011735762875972,0.9811160619562866,50.87108013937283,-0.1860627177700742,-53.40000000001129,-0.1860627177700742,0.17705445455955365,0.8993705676555585,-0.3631171723296278,-0.40374589228129454,10,reversal,True,True,long,False,-3.2878378378378685,0.10526315789477118,2.5886597938143074,-1.1389830508474386
P10|reversal|MA1|BB1|TP20/SL20|TR0-0|short,173,0.2499394787468735,0.19267532458545591,0.15978851581348608,6,11,5.963636363635376,-0.2778029837448132,-0.19536840383352394,1.0393285371702576,53.179190751445084,0.37919075144502473,65.59999999998928,0.37919075144502473,-1.6272259550668842,1.2231094051755418,2.0064167065119087,1.6404229237563144,10,reversal,True,True,short,False,-2.179310344827606,1.2800000000000131,0.37647058823522656,3.716129032257806
P10|reversal|MA1|BB1|TP20/SL20|TR5-3|both,473,-1.7321748566025854,-2.1328569440302156,-0.2861233537693802,4,11,-36.981818181820444,-3.347398108003518,-2.068871579707794,0.8004317111459822,79.28118393234672,-0.8600422832981494,-406.8000000000246,-0.8600422832981494,-0.8374686462161103,0.4487191682510566,-0.022573637082039077,-0.0503068259152442,10,reversal,True,True,both,True,-2.278417266187147,-0.7927272727274057,-0.20454545454551817,0.26195652173925815
P10|reversal|MA1|BB1|TP20/SL20|TR5-3|long,297,-1.4823638268221622,-2.0454629654603877,0.0478592447694749,4,11,-24.854545454545754,-2.7790386711805954,-1.8889780214669338,0.7845208070617855,79.46127946127946,-0.9205387205387315,-273.4000000000033,-0.9205387205387315,-0.9197237122833807,0.7488601672293551,-0.0008150082553508575,-0.0010883316953100046,10,reversal,True,True,long,True,-2.437179487179544,-0.7442622950820271,-0.0622448979592282,-0.5299999999998479
P10|reversal|MA1|BB1|TP20/SL20|TR5-3|short,180,-0.9748980971185057,-1.4211889145191934,-0.09145319143807695,5,11,-12.91818181818371,-1.9668334288382652,-1.4376588649642548,0.820217611336005,78.88888888888889,-0.7894444444445596,-142.10000000002074,-0.7894444444445596,-0.8975567619181968,0.5949130078084589,0.10811231747363714,0.18172794350538982,10,reversal,True,True,short,True,-2.014516129032396,-1.0038461538463623,-0.6147058823530601,1.746875000000081
P10|reversal|MA1|BB1|TP15/SL15|TR0-0|both,459,-0.3336702832376798,-1.1797205222510034,0.6860873115940286,7,11,-9.709090909090042,-1.4856111168599018,-0.7043653965544939,0.9692414031449834,51.633986928104584,-0.23267973856207008,-106.79999999999016,-0.23267973856207008,-0.6072757524782537,0.6623996237622932,0.37459601391618363,0.5655136272399365,10,reversal,True,True,both,False,-2.367164179104537,0.15048543689324442,0.5549618320611165,1.342857142857224
P10|reversal|MA1|BB1|TP15/SL15|TR0-0|long,289,-0.8105730625251011,-1.0884707612167217,-0.0677355751419829,4,11,-19.16363636363631,-1.7068699843312412,-1.2262355173600048,0.9065437134243699,49.82698961937716,-0.7294117647058799,-210.79999999999927,-0.7294117647058799,-0.2134352498347228,0.6741344843326346,-0.515976514871157,-0.765391070866153,10,reversal,True,True,long,False,-3.000000000000084,-0.13508771929821295,0.10206185567013226,0.20000000000003765
P10|reversal|MA1|BB1|TP15/SL15|TR0-0|short,176,0.49181981288480797,0.03760913323841948,0.6588845018001085,6,11,9.018181818182635,-0.2066433102827699,0.0715264922564407,1.078481012658232,54.54545454545454,0.5636363636364151,99.20000000000906,0.5636363636364151,-0.8249589700648798,1.4630852842783495,1.388595333701295,0.9490870755262939,10,reversal,True,True,short,False,-1.300000000000019,0.08235294117650366,1.8470588235295116,3.554838709677584
P10|reversal|MA1|BB1|TP15/SL15|TR5-3|both,474,-2.0178363906125174,-2.5275927899003996,-0.28168817951296304,2,11,-36.363636363645405,-3.9357827851493004,-2.334765436383387,0.7890295358649341,74.68354430379746,-0.8438818565402938,-400.00000000009925,-0.8438818565402938,-1.1910045067438906,0.3070577487272844,0.3471226502035968,1.130480020915858,10,reversal,True,True,both,True,-1.9899280575541383,-1.0045045045047125,-0.6075757575760878,0.7423913043477456
P10|reversal|MA1|BB1|TP15/SL15|TR5-3|long,297,-1.917858683222029,-2.1916660938680272,-0.4701078996783694,1,11,-27.354545454550454,-3.4439144409949725,-2.2941569624173246,0.7494170552964323,74.41077441077442,-1.0131313131314985,-300.90000000005506,-1.0131313131314985,-0.8054860596402355,0.3994156037443393,-0.20764525349126306,-0.5198726628220915,10,reversal,True,True,long,True,-2.107692307692431,-0.9393442622952347,-0.8326530612247908,0.0399999999998895
P10|reversal|MA1|BB1|TP15/SL15|TR5-3|short,180,-0.8301437916564582,-1.6038730258170513,0.3168279160905469,5,11,-9.536363636367597,-1.9720014047533256,-1.2209973770979565,0.8524613220815195,75.0,-0.5827777777780198,-104.90000000004355,-0.5827777777780198,-1.2259019064046552,0.775237700480801,0.6431241286266355,0.8295831436316514,10,reversal,True,True,short,True,-1.7822580645163726,-1.1865384615387222,0.04117647058782084,2.0593749999999744
P10|reversal|MA1|BB1|TP30/SL30|TR0-0|both,422,-0.8024784193071705,-1.0027267611931157,-0.15532047825256978,4,11,-42.69090909090815,-1.3793202338706811,-1.1196117978764906,0.9213110358926259,49.5260663507109,-1.1127962085307814,-469.59999999998973,-1.1127962085307814,0.5820553868700722,1.0745370633439124,-1.6948515954008536,-1.5772853754588505,10,reversal,True,True,both,False,-3.0547008547008345,-0.5150537634408144,-1.9015748031496431,2.084705882353039
P10|reversal|MA1|BB1|TP30/SL30|TR0-0|long,276,-0.3353134170834933,-1.217862954921192,0.6254932230395388,5,11,-14.527272727271457,-0.7995782734457976,-0.719946701658225,0.9585645387128601,48.91304347826087,-0.5789855072463258,-159.7999999999859,-0.5789855072463258,-0.02687242696127353,0.9722196597364253,-0.5521130802850522,-0.5678892365072451,10,reversal,True,True,long,False,-5.852857142857093,1.2981481481481665,0.985106382978781,1.5034482758621395
P10|reversal|MA1|BB1|TP30/SL30|TR0-0|short,166,-0.29768758870022877,1.5650762338915194,-1.9121718260699658,6,11,-9.627272727273592,-0.6711325206853286,-0.568467485860293,0.9532223154732945,52.40963855421686,-0.637951807228973,-105.90000000000953,-0.637951807228973,-1.2745754104987301,1.5024406718765309,0.6366236032697571,0.42372628429621895,10,reversal,True,True,short,False,3.074545454545402,-0.5979591836734616,-8.967647058823827,2.1142857142858236
P10|reversal|MA1|BB1|TP30/SL30|TR5-3|both,466,-0.56486049103224,-1.4420079497605105,0.6466141314953054,4,11,-14.890909090914363,-1.8550199531819298,-0.9181108484811633,0.9193500738552162,85.62231759656652,-0.3515021459228709,-163.80000000005782,-0.3515021459228709,-0.9143637462397282,0.624530743646854,0.5628616003168573,0.9012552320965194,10,reversal,True,True,both,True,-2.1674074074073997,-0.7064220183487112,0.4297709923661116,1.642857142857032
P10|reversal|MA1|BB1|TP30/SL30|TR5-3|long,297,-0.7511377116538425,-1.4062568097960615,0.515364368765526,5,11,-16.018181818184487,-1.7681953264027361,-1.1533309333910473,0.8703553822382257,84.84848484848484,-0.5932659932660923,-176.2000000000294,-0.5932659932660923,-0.9715990552537521,0.8633629025265219,0.3783330619876598,0.4382086152653955,10,reversal,True,True,long,True,-2.8999999999999524,-0.7278688524590443,0.8112244897956946,0.24833333333317556
P10|reversal|MA1|BB1|TP30/SL30|TR5-3|short,180,-0.20123176078672408,-0.8586617058428828,0.45741037081482516,5,11,-3.181818181820736,-1.0324230386484667,-0.6925434007420195,0.9542064634305538,86.11111111111111,-0.1944444444445999,-35.00000000002798,-0.1944444444445999,-1.0310260496507881,1.0319183258697435,0.8365816052061883,0.8107052508260115,10,reversal,True,True,short,True,-1.3000000000000262,-0.9153846153847566,-0.3117647058828646,3.2437499999999453
P10|reversal|MA1|BB1|TP20/SL10|TR0-0|both,466,-0.33555417226483975,-1.217265193089908,0.7258046236642314,4,11,-9.618181818172538,-1.5187286057608593,-0.7174447596597627,0.9673527324343807,35.407725321888414,-0.22703862660922214,-105.79999999989752,-0.22703862660922214,-0.5316890916559776,0.4956692904847914,0.3046504650467554,0.6146244500013118,10,reversal,True,True,both,False,-2.4176470588230403,0.29158878504717284,0.7166666666666524,1.0681318681317618
P10|reversal|MA1|BB1|TP20/SL10|TR0-0|long,292,-0.6223511978600087,-1.4492177736339187,0.5082104606330208,4,11,-13.936363636358124,-1.577264178339107,-1.1341027071280354,0.9257087472740745,34.24657534246575,-0.524999999999792,-153.29999999993925,-0.524999999999792,0.005115482035704189,0.9893011485376182,-0.5301154820354962,-0.5358484449544118,10,reversal,True,True,long,False,-3.5999999999995005,1.06610169491571,0.42653061224489647,0.19999999999994234
P10|reversal|MA1|BB1|TP20/SL10|TR0-0|short,176,0.2932264256691284,-0.10314484025469377,0.5288822748023405,7,11,5.081818181822035,-0.44568192982186405,-0.14727943552054845,1.04705387205391,37.5,0.317613636363878,55.90000000004253,0.317613636363878,-0.8576134634021251,1.098874989580555,1.175227099766003,1.0694820711267548,10,reversal,True,True,short,False,-0.9639344262290329,-0.4659999999995709,1.5529411764705376,2.7483870967739916
P10|reversal|MA1|BB1|TP20/SL10|TR5-3|both,476,-2.7225070276257615,-2.5744757792132633,-1.2998280645188636,1,11,-43.26363636363192,-4.903079087116524,-3.199045713094766,0.7407952069716905,64.28571428571429,-0.9997899159662835,-475.899999999951,-0.9997899159662835,-1.0816676393428377,0.3468638360454016,0.08187772337655419,0.2360514843808539,10,reversal,True,True,both,True,-1.9535714285712324,-0.6928571428570373,-0.9719696969696789,0.038043478260947665
P10|reversal|MA1|BB1|TP20/SL10|TR5-3|long,297,-2.8611056552292755,-2.880308096251339,-1.1077256474904,1,11,-34.67272727272343,-4.663016135473651,-3.4355771565532573,0.6789562289562475,62.96296296296296,-1.2841750841749417,-381.3999999999577,-1.2841750841749417,-1.1183814785060464,0.3237850546743683,-0.16579360566889534,-0.5120483582407301,10,reversal,True,True,long,True,-2.25897435897413,-0.8098360655735847,-1.2663265306121805,-0.5283333333332209
P10|reversal|MA1|BB1|TP20/SL10|TR5-3|short,180,-0.968627366126821,-1.834097045994193,0.17349178394121728,4,11,-9.572727272726626,-2.2908294118893173,-1.620595767449508,0.8401639344262328,66.11111111111111,-0.5849999999999608,-105.29999999999293,-0.5849999999999608,-1.2530867641774477,0.6923695943811543,0.6680867641774869,0.9649279367541095,10,reversal,True,True,short,True,-1.569354838709523,-0.7499999999999802,-0.12352941176482014,1.100000000000012
P10|reversal|MA1|BB1|TP10/SL20|TR0-0|both,467,-0.12931146981220817,-0.47203921935133913,0.30741286809493923,4,11,-3.5636363636492376,-1.3654428612619685,-0.37599315531626154,0.9869402985074156,68.95074946466809,-0.08394004282685504,-39.2000000001413,-0.08394004282685504,-0.42710161089795096,0.9197087555570284,0.34316156807109593,0.3731198229848944,10,reversal,True,True,both,False,-1.6888888888893547,0.24954128440319281,0.49770992366399364,1.0478260869564167
P10|reversal|MA1|BB1|TP10/SL20|TR0-0|long,292,-0.12319061830414268,-0.7639381326011877,0.6197406486626812,6,11,-2.6545454545527347,-1.112398628608615,-0.40016206913285335,0.9844548551958686,68.83561643835617,-0.10000000000027356,-29.200000000079882,-0.10000000000027356,-0.965168149776731,0.6044445464667754,0.8651681497764575,1.431344123846791,10,reversal,True,True,long,False,-1.6000000000004666,-0.06000000000046969,0.8494845360823363,0.19999999999994275
P10|reversal|MA1|BB1|TP10/SL20|TR0-0|short,180,0.03226801884847912,0.13685510865754252,-0.09076424397833038,6,11,0.5454545454487203,-0.7441406755400567,-0.2686402716524892,1.0052447552446995,69.44444444444444,0.033333333332978006,5.9999999999360405,0.033333333332978006,-1.155827225445722,0.8346677774091095,1.1891605587787,1.4247112335760352,10,reversal,True,True,short,False,-1.4451612903230484,0.5461538461533597,-0.5058823529412777,2.637499999999804
P10|reversal|MA1|BB1|TP10/SL20|TR5-3|both,473,-2.3589083891949594,-2.4559930803792427,-0.8335263247222882,3,11,-48.409090909094765,-4.037215040685022,-2.5675800216383946,0.7387656985871032,79.28118393234672,-1.1257928118394127,-532.5000000000422,-1.1257928118394127,-1.2308686140912055,0.3656062180948298,0.1050758022517928,0.28740157319900556,10,reversal,True,True,both,True,-2.37625899280589,-1.0645454545456323,-0.47196969696977803,-0.2478260869564494
P10|reversal|MA1|BB1|TP10/SL20|TR5-3|long,297,-2.0683077569581307,-2.50996271306858,-0.30856906674704265,3,11,-33.063636363637755,-3.4291071916964078,-2.314995742723041,0.7133511979823297,79.46127946127946,-1.2245791245791757,-363.7000000000152,-1.2245791245791757,-0.9509929373069582,0.35331774865491394,-0.2735861872722175,-0.7743346840450679,10,reversal,True,True,long,True,-2.7025641025642058,-1.1967213114755568,-0.2724489795918844,-0.8866666666665595
P10|reversal|MA1|BB1|TP10/SL20|TR5-3|short,180,-1.249896498450906,-1.3427337490796927,-0.48038071130037385,4,11,-16.054545454547984,-2.2735390047630437,-1.5313685845903973,0.7765688259108944,78.88888888888889,-0.9811111111112654,-176.60000000002776,-0.9811111111112654,-1.0556235812691874,0.7671742982910539,0.07451247015792206,0.09712586868969013,10,reversal,True,True,short,True,-1.9000000000001638,-1.0307692307694585,-1.0470588235295888,0.9500000000000066
P10|reversal|MA0|BB0|TP20/SL20|TR0-0|both,5186,-3.5907931421391885,-3.774316886714912,-1.5475732733236807,2,11,-468.92727272728007,-6.459835485056653,-3.8492420112073282,0.9042696529120678,49.40223679136136,-0.9946394138064167,-5158.200000000077,-0.9946394138064167,-0.8425646907251387,0.20059598411255022,-0.152074723081278,-0.758114494435502,10,reversal,False,False,both,False,-2.0509420795534004,-1.368130489335018,-0.19046275395035944,-0.66832770270271
P10|reversal|MA0|BB0|TP20/SL20|TR0-0|long,3197,-1.3943159357401709,-2.853543718427009,0.598142956389633,5,11,-141.6272727272806,-3.69395838787384,-1.691376952085291,0.9517864603481585,50.67250547388177,-0.48730059430718925,-1557.900000000084,-0.48730059430718925,-0.3733590742656219,0.16174721191230937,-0.11394152004156732,-0.7044419418081858,10,reversal,False,False,long,False,-1.777956989247329,-0.3238698010849866,0.6599232981782723,-0.6163934426229637
P10|reversal|MA0|BB0|TP20/SL20|TR0-0|short,3158,-4.419734602291223,-3.30276240281916,-2.9700848150821044,0,11,-447.4181818181805,-6.709095641309934,-4.735377826792355,0.8536901498891116,48.0050664977834,-1.5584547181760557,-4921.599999999984,-1.5584547181760557,-1.2578807729885035,0.2242320418066152,-0.3005739451875522,-1.3404593864724144,10,reversal,False,False,short,False,-2.008947368421066,-1.494075403949741,-1.5268749999999742,-1.0348769898697403
P10|reversal|MA0|BB0|TP20/SL20|TR5-3|both,8533,-8.215717363386124,-7.650892020060555,-4.266003231800304,2,11,-742.827272727277,-15.11066370957498,-8.526631758612103,0.7831880597014871,78.68276104535333,-0.9575881870385615,-8171.100000000046,-0.9575881870385615,-0.9672207936757822,0.10050500356479768,0.009632606637220653,0.09584206054985422,10,reversal,False,False,both,True,-1.1065025009620548,-1.6449673202615855,-0.41782558586234714,-0.9388672959465575
P10|reversal|MA0|BB0|TP20/SL20|TR5-3|long,4878,-5.637423978499451,-5.425318378352617,-2.6646612832214687,2,11,-368.78181818182776,-11.125479180703302,-5.896443944497073,0.8014429477641076,79.74579745797458,-0.8316113161131825,-4056.600000000104,-0.8316113161131825,-0.939395450286284,0.09566771382620112,0.10778413417310151,1.1266510911812129,10,reversal,False,False,long,True,-1.0846052631580587,-1.2166309012876855,0.02781186094078981,-1.3711157455681644
P10|reversal|MA0|BB0|TP20/SL20|TR5-3|short,4722,-7.714915109430314,-6.3900355375196005,-4.617563371780708,0,11,-514.3363636363648,-12.98247201847701,-7.985113522927044,0.7423504820368911,77.53070732740365,-1.198157560355784,-5657.700000000012,-1.198157560355784,-1.1435683614141843,0.11078900871161054,-0.05458919894159964,-0.49273117953151935,10,reversal,False,False,short,True,-1.3010659560294444,-1.6420997920999352,-1.1217191097465937,-0.6940376569036252
P10|reversal|MA0|BB0|TP15/SL15|TR0-0|both,6552,-4.910470360409837,-4.865589261620322,-2.295472853046248,1,11,-534.6454545454574,-9.227703965680403,-5.163162447925459,0.8867743264525055,49.64896214896215,-0.897603785103789,-5881.100000000026,-0.897603785103789,-0.863799154041596,0.1372747463548318,-0.033804631062193,-0.24625527972066907,10,reversal,False,False,both,False,-1.5332628239027246,-1.2327913279132956,-0.2791408114558286,-0.7074708704592152
P10|reversal|MA0|BB0|TP15/SL15|TR0-0|long,3773,-2.18864766518295,-2.9419778133838705,-0.28443423342844454,3,11,-178.8636363636331,-5.552697831801565,-2.450161052306842,0.9324806621871152,50.91439173071826,-0.5214683275907663,-1967.4999999999613,-0.5214683275907663,-0.4800047986497888,0.13720142621737993,-0.041463528940977545,-0.30220916854962815,10,reversal,False,False,long,False,-1.2631718061674186,-0.48435672514618544,0.3065601345669031,-0.7411764705882332
P10|reversal|MA0|BB0|TP15/SL15|TR0-0|short,3697,-5.458882699100669,-3.831516645905903,-3.894352332891022,0,11,-443.8181818181886,-8.799882540746257,-5.829737264500183,0.8378611756891428,48.25534216932648,-1.3205301595888754,-4882.000000000073,-1.3205301595888754,-1.201145396450139,0.17033694325500034,-0.11938476313873636,-0.700874166562994,10,reversal,False,False,short,False,-1.4262599469496249,-1.4115879828326414,-1.3422680412371346,-1.0625000000000098
P10|reversal|MA0|BB0|TP15/SL15|TR5-3|both,9157,-10.475033705608299,-8.70961426901234,-6.237902893475066,0,11,-827.2272727274329,-18.769010031223193,-10.787563447234986,0.758451990358747,73.92159004040624,-0.9937206508683809,-9099.500000001764,-0.9937206508683809,-1.074253793372868,0.059397613970520007,0.08053314250448707,1.355831272018047,10,reversal,False,False,both,True,-1.0690205819732375,-1.4653958944283738,-0.5984637893198417,-1.0275263157896595
P10|reversal|MA0|BB0|TP15/SL15|TR5-3|long,5041,-7.7662303051831,-6.813099033659694,-4.2079420838295,0,11,-440.1727272728176,-14.235002156478105,-8.025715071868403,0.7598823686937661,74.62804999008134,-0.9605038682803003,-4841.900000000994,-0.9605038682803003,-1.0705681971565348,0.10972688513935504,0.11006432887623452,1.0030753058965534,10,reversal,False,False,long,True,-1.1159898477159556,-1.3748723186927478,-0.2978116710876948,-1.3169734151331318
P10|reversal|MA0|BB0|TP15/SL15|TR5-3|short,4872,-8.778756404370672,-6.886210401948031,-5.6258695961570355,0,11,-503.7454545455397,-15.013736194746782,-9.094934747817325,0.7335244104181543,72.94745484400657,-1.1373563218392726,-5541.200000000937,-1.1373563218392726,-1.1817572197770263,0.09081165710520232,0.0444008979377537,0.48893390290540256,10,reversal,False,False,short,True,-1.1264516129034234,-1.5082917082919258,-1.079113448535116,-0.8576767676769425
P10|reversal|MA0|BB0|TP30/SL30|TR0-0|both,3623,-2.71795268103771,-2.342898066694015,-1.6173613293505387,2,11,-442.3818181818179,-4.332770162290912,-2.99399325074886,0.9106492991417849,48.79933756555341,-1.3431410433342523,-4866.199999999996,-1.3431410433342523,-0.861437822002892,0.4978578457521389,-0.48170322133136034,-0.9675517327714843,10,reversal,False,False,both,False,-2.4229607250755185,-1.2050000000000076,-0.22769953051640474,-1.886868686868731
P10|reversal|MA0|BB0|TP30/SL30|TR0-0|long,2449,-0.1834977544176892,-2.082419499134668,1.582964293548393,7,11,-23.69090909090187,-1.5655195627040195,-0.45635025804431145,0.9925084158145467,51.16374030216415,-0.10641077991013423,-260.59999999991874,-0.10641077991013423,-0.09420150593955327,0.3759889300553955,-0.012209273970580956,-0.03247242935791256,10,reversal,False,False,long,False,-1.9718270571827066,-0.5303827751196187,1.5671497584541878,0.15905349794241527
P10|reversal|MA0|BB0|TP30/SL30|TR0-0|short,2465,-3.6539563336848135,-1.9034025584289291,-3.1686191226223315,1,11,-488.01818181818675,-5.010265896582442,-3.986066461222292,0.8572598529044202,47.2210953346856,-2.1777687626775064,-5368.2000000000535,-2.1777687626775064,-1.82457426572164,0.21551413653962093,-0.35319449695586647,-1.6388460758393633,10,reversal,False,False,short,False,-1.9583218707015129,-1.7589327146171525,-2.463753213367655,-2.4000000000000496
P10|reversal|MA0|BB0|TP30/SL30|TR5-3|both,7682,-5.503994128426206,-5.919258874322654,-2.165251441202892,2,11,-594.8818181819139,-10.75876077414735,-5.796109487385319,0.822647615227393,84.04061442332726,-0.8518224420725135,-6543.7000000010485,-0.8518224420725135,-0.7944466199229587,0.10013055588203418,-0.05737582214955472,-0.5730101230752213,10,reversal,False,False,both,True,-1.2312880765883896,-1.6720666161999052,-0.41550515463936566,-0.30390720390744463
P10|reversal|MA0|BB0|TP30/SL30|TR5-3|long,4676,-3.898100903407209,-4.773707909937071,-0.9305689493734776,2,11,-305.93636363642366,-8.294553009347052,-4.1629097725446105,0.840943571904555,84.88023952095809,-0.7196963216425705,-3365.3000000006596,-0.7196963216425705,-0.7285522071807667,0.09731298774537682,0.008855885538196273,0.09100414799068793,10,reversal,False,False,long,True,-1.1660234321158607,-1.3113142857143347,0.11530398322833087,-0.7519042437434639
P10|reversal|MA0|BB0|TP30/SL30|TR5-3|short,4507,-5.742697435499195,-4.530050914702956,-3.646190190630296,2,11,-475.7181818182362,-9.806049945701714,-6.051486187789432,0.7722727035354092,83.0929664965609,-1.1610605724429994,-5232.900000000598,-1.1610605724429994,-0.8934507457826577,0.17939782159682555,-0.2676098266603417,-1.4917116845585883,10,reversal,False,False,short,True,-1.202899575671894,-1.811633109619732,-1.3881008668244899,-0.16225806451636554
P10|reversal|MA0|BB0|TP20/SL10|TR0-0|both,7080,-4.999031900774803,-5.02586932606588,-2.2624025373867065,0,11,-526.7545454544023,-9.769164420531167,-5.30681910777745,0.8861735753280399,33.347457627118644,-0.8184039548020365,-5794.299999998419,-0.8184039548020365,-0.7490440442345705,0.08288750081802687,-0.06935991056746604,-0.8367957759969189,10,reversal,False,False,both,False,-1.4995656370651593,-0.7172442941669029,-0.2054521276595615,-0.8764818355640491
P10|reversal|MA0|BB0|TP20/SL10|TR0-0|long,3899,-1.9703786842328108,-3.8317982194915903,0.6971041781741314,5,11,-156.28181818174178,-5.536474314632296,-2.2892402549409794,0.9374954551404453,34.64991023339318,-0.44090792510878607,-1719.0999999991568,-0.44090792510878607,-0.4288011172108396,0.1443959969657018,-0.012106807897946492,-0.083844484281806,10,reversal,False,False,long,False,-1.4299219427575462,-0.3790299572035271,0.3737349397590256,-0.33750000000002645
P10|reversal|MA0|BB0|TP20/SL10|TR0-0|short,3850,-5.293540417506256,-3.2821181681879903,-4.161901267543655,0,11,-414.3818181817302,-8.852758351261224,-5.6498275368223245,0.8380912801168168,32.20779220779221,-1.1839480519477998,-4558.199999999029,-1.1839480519477998,-0.976585617467949,0.13489964004281943,-0.2073624344798508,-1.5371607693988691,10,reversal,False,False,short,False,-1.115852613538516,-1.4128388017113669,-0.8530503978779386,-1.5285546415980784
P10|reversal|MA0|BB0|TP20/SL10|TR5-3|both,10011,-13.399661392806504,-10.775117715917903,-8.23269591592104,0,11,-939.1727272726163,-23.393793672764172,-13.783713620658343,0.7264127708820681,65.04844670862052,-1.0319548496652462,-10330.89999999878,-1.0319548496652462,-1.0237027140634551,0.042039438973914794,-0.008252135601791055,-0.1962950934457392,10,reversal,False,False,both,True,-1.1861685214625173,-1.3075975359341694,-0.699999999999881,-1.0031777557099033
P10|reversal|MA0|BB0|TP20/SL10|TR5-3|long,5287,-9.293976486857451,-8.13998543142615,-5.0344145796794,0,11,-460.0636363635822,-16.90276681359753,-9.715895487521147,0.7384461924893961,66.08662757707584,-0.9571968980517125,-5060.699999999404,-0.9571968980517125,-1.04673872186147,0.050505834964865784,0.08954182380975761,1.7729005742019133,10,reversal,False,False,long,True,-1.1908650937687995,-1.2676864244740622,-0.43996175908210855,-1.0558390578997847
P10|reversal|MA0|BB0|TP20/SL10|TR5-3|short,5114,-10.43421022046574,-7.770675022807194,-7.028707033740649,0,11,-521.0636363635753,-17.785885076114205,-10.84012787582856,0.7121701358375159,63.92256550645288,-1.120786077434362,-5731.699999999328,-1.120786077434362,-1.1269063262731476,0.10107924808844604,0.00612024883878548,0.06054901430835892,10,reversal,False,False,short,True,-1.1073915699448886,-1.41060037523439,-1.0485177151119427,-0.9388132295718565
P10|reversal|MA0|BB0|TP10/SL20|TR0-0|both,6827,-6.098005327180302,-4.898370416356478,-3.8466145322258902,0,11,-647.290909091051,-10.759913220863004,-6.352909914008473,0.8528586366660666,65.72432986670572,-1.0429471217228001,-7120.200000001557,-1.0429471217228001,-0.8626695119280278,0.2102537889846768,-0.18027760979477236,-0.8574285898263213,10,reversal,False,False,both,False,-1.3292867981795267,-1.2410499139419475,-0.6285127737226818,-1.117914438502655
P10|reversal|MA0|BB0|TP10/SL20|TR0-0|long,4035,-2.9813182762667796,-2.542263099342789,-1.7126744695660188,3,11,-239.97272727281805,-6.668378585363428,-3.1882466723009686,0.9039424462525638,66.96406443618339,-0.6542007434946704,-2639.700000000995,-0.6542007434946704,-0.7854135357201562,0.08924898723746255,0.13121279222548576,1.4701880243903627,10,reversal,False,False,long,False,-0.8827727645615867,-0.3844086021510078,-0.03809523809532101,-1.5142857142856736
P10|reversal|MA0|BB0|TP10/SL20|TR0-0|short,3927,-6.534991141820562,-4.71838977668181,-4.527684308512763,0,11,-518.9909090909932,-10.202448029092382,-6.818949228006055,0.8025579038745181,64.29844665138783,-1.45375604787393,-5708.900000000923,-1.45375604787393,-1.2686727331403933,0.11173178836681336,-0.18508331473353667,-1.656496485368261,10,reversal,False,False,short,False,-1.7342431761791215,-1.47242744063371,-1.4333333333333576,-1.0582035928143554
P10|reversal|MA0|BB0|TP10/SL20|TR5-3|both,8533,-10.523810119559053,-8.864784552232157,-6.244001564553765,0,11,-914.8090909091333,-17.658698345509396,-10.83156104521667,0.7329910447761019,78.68276104535333,-1.1792921598500485,-10062.900000000463,-1.1792921598500485,-1.1543510043090106,0.06982744130525477,-0.02494115554103793,-0.35718272178993643,10,reversal,False,False,both,True,-1.2744132358601483,-1.7447058823531265,-0.7398002305032013,-1.1968906163241646
P10|reversal|MA0|BB0|TP10/SL20|TR5-3|long,4878,-7.339899799378886,-6.445179067603923,-4.029901295074298,1,11,-460.1090909091199,-13.06519349209702,-7.571119925493279,0.752271125381764,79.74579745797458,-1.037556375563821,-5061.200000000319,-1.037556375563821,-1.1280369629951186,0.1194415236846743,0.0904805874312975,0.7575304185683892,10,reversal,False,False,long,True,-1.2511184210528448,-1.3383047210302086,-0.282481254260353,-1.5618352450468214
P10|reversal|MA0|BB0|TP10/SL20|TR5-3|short,4722,-9.524679203539426,-7.365304317685002,-6.164394447499218,0,11,-610.8636363636601,-14.996941451194562,-9.807739390078373,0.6939965116649569,77.53070732740365,-1.4230199068191995,-6719.50000000026,-1.4230199068191995,-1.340979448664838,0.08860338050281998,-0.08204045815436145,-0.925929210474654,10,reversal,False,False,short,True,-1.4917388407730099,-1.7323284823286649,-1.4222563315425092,-1.004916317991534
P10|reversal|MA1|BB0|TP20/SL20|TR0-0|both,3764,-1.9448679122502113,-2.4760798841207867,-0.4285612673831278,3,11,-211.30000000000555,-4.46787016560604,-2.208076501817103,0.9392593947629719,50.23910733262487,-0.6175079702444363,-2324.300000000058,-0.6175079702444363,-0.54986663322679,0.2205195114547768,-0.0676413370176463,-0.30673629091327775,10,reversal,True,False,both,False,-1.6227022058823652,-0.3439749608763601,0.42699999999994703,-1.0172043010752534
P10|reversal|MA1|BB0|TP20/SL20|TR0-0|long,2098,-0.36428910097804734,-1.275919688554312,0.6222316220942198,5,11,-29.436363636367727,-2.2687288085142576,-0.6539400481963095,0.9844609315762674,51.525262154432795,-0.15433746425168882,-323.80000000004316,-0.15433746425168882,-0.0784677330831428,0.34686556627039733,-0.07586973116854602,-0.21872949795599528,10,reversal,True,False,long,False,-0.9947368421052737,-0.12860962566843503,1.453757225433434,-1.5706546275394555
P10|reversal|MA1|BB0|TP20/SL20|TR0-0|short,1883,-2.0749784397903643,-1.7910571558228527,-1.169343996625062,2,11,-160.80909090909347,-3.8739720272070937,-2.4619120918723514,0.9086613929279542,49.283058948486456,-0.939405204460981,-1768.9000000000271,-0.939405204460981,-1.0038881560201711,0.3508892470927035,0.06448295155919015,0.18377009866635785,10,reversal,True,False,short,False,-1.5434707903780192,-0.9501424501424506,-0.8320224719101245,-0.22307692307695562
P10|reversal|MA1|BB0|TP20/SL20|TR5-3|both,5692,-6.76283166849814,-5.926948895329984,-3.788053200306139,1,11,-484.1181818181825,-12.592517577828685,-7.027941356124846,0.7858771305533063,78.84750527055516,-0.9355762473647236,-5325.300000000007,-0.9355762473647236,-0.9671393115949936,0.1278497073262349,0.03156306423027,0.24687631196315787,10,reversal,True,False,both,True,-0.9222031963471699,-1.5660427807488038,-0.33630916716585313,-1.2107919930372484
P10|reversal|MA1|BB0|TP20/SL20|TR5-3|long,3127,-4.612235404438844,-4.253003385895707,-2.3729117626123077,2,11,-240.59090909090654,-9.109500727993263,-4.879021553042686,0.7972139425471414,79.7889350815478,-0.8463383434601763,-2646.4999999999714,-0.8463383434601763,-0.8515391862438436,0.15003817760622717,0.005200842783667281,0.03466346277090095,10,reversal,True,False,long,True,-0.8224119530417776,-1.5598305084747095,0.03238578680216158,-1.6056910569103677
P10|reversal|MA1|BB0|TP20/SL20|TR5-3|short,2736,-5.331305657088625,-4.338545059969224,-3.2517080043715034,1,11,-262.7454545454588,-9.545362960087905,-5.689182985103873,0.7696556231220982,77.77777777777779,-1.056359649122824,-2890.2000000000467,-1.056359649122824,-1.0147018449432597,0.1599522718138894,-0.04165780417956433,-0.2604389653685868,10,reversal,True,False,short,True,-0.9951576576577732,-1.6049916805325868,-0.9477888730384234,-0.6913919413918029
P10|reversal|MA1|BB0|TP15/SL15|TR0-0|both,4502,-3.6449813446654438,-3.075780054426151,-2.132754160051054,1,11,-321.54545454545496,-7.360242442248576,-3.9579117295479818,0.9001307307652164,50.0,-0.7856508218569528,-3537.0000000000014,-0.7856508218569528,-0.6765434764991612,0.180552058060812,-0.10910734535779154,-0.6042985415377704,10,reversal,True,False,both,False,-1.2273402674591547,-0.6659806295399482,-0.3248169838945662,-0.9244813278008346
P10|reversal|MA1|BB0|TP15/SL15|TR0-0|long,2447,-1.4458892643968202,-1.5624712690327442,-0.5221445604651951,4,11,-92.84545454545213,-4.250993689128587,-1.7042891196166274,0.9455591210993758,51.24642419288925,-0.417368205966478,-1021.2999999999716,-0.417368205966478,-0.43714728220249477,0.19201883345033435,0.019779076236016768,0.10300591812069634,10,reversal,True,False,long,False,-0.8678014184397235,-0.1995525727069168,0.3702907711757687,-1.2166666666666826
P10|reversal|MA1|BB0|TP15/SL15|TR0-0|short,2173,-3.4080610451793216,-2.9112566167609284,-1.9650432333442422,2,11,-212.52727272727498,-6.0126375103925875,-3.8471027861338882,0.8656791882605782,48.91854578923148,-1.0758398527381605,-2337.800000000023,-1.0758398527381605,-0.9877120772256112,0.24942975448453045,-0.08812777551254936,-0.3533170118163068,10,reversal,True,False,short,False,-1.3336734693877763,-1.2617370892018944,-1.015672913117555,-0.6101265822784734
P10|reversal|MA1|BB0|TP15/SL15|TR5-3|both,5930,-8.50207381651435,-6.945598050077677,-5.153309339408574,0,11,-529.4545454546441,-15.400968660947369,-8.752198888110158,0.7600359286864654,74.03035413153457,-0.9821247892076024,-5824.000000001082,-0.9821247892076024,-0.995277785968638,0.0971106803481601,0.013152996761035651,0.13544335920497805,10,reversal,True,False,both,True,-0.9076128330616379,-1.5855462184876121,-0.5910517141198571,-1.0600847457628797
P10|reversal|MA1|BB0|TP15/SL15|TR5-3|long,3201,-5.952793491796112,-5.120370564024017,-3.3562085881787693,1,11,-263.83636363641415,-11.32115016882999,-6.264755556067184,0.7709066797176827,74.88284910965324,-0.9066541705718696,-2902.2000000005546,-0.9066541705718696,-0.9873780625795956,0.21698331530740902,0.080723892007726,0.3720281068309847,10,reversal,True,False,long,True,-0.8648648648650681,-1.5238016528927742,-0.33666997026772016,-1.2937600000001614
P10|reversal|MA1|BB0|TP15/SL15|TR5-3|short,2803,-6.267425853314633,-5.073284127006403,-3.872321844637162,1,11,-270.000000000049,-11.143508781546915,-6.596871514307286,0.7499852684922149,73.10024973242955,-1.0595790224761108,-2970.0000000005384,-1.0595790224761108,-1.100989174652179,0.15184085552750434,0.04141015217606814,0.27272075115888117,10,reversal,True,False,short,True,-0.9163736263738026,-1.5704545454547638,-0.9686192468621294,-0.8467857142858871
P10|reversal|MA1|BB0|TP30/SL30|TR0-0|both,2860,-0.8771947583220737,-1.9680784244092153,0.4877747730229984,4,11,-124.2454545454462,-2.3492709191576626,-1.1520862491058148,0.9670223341826908,49.93006993006993,-0.4778671328671002,-1366.6999999999066,-0.4778671328671002,-0.3363114320639312,0.4242060546949729,-0.14155570080316898,-0.33369561616690074,10,reversal,True,False,both,False,-2.1705882352941095,-1.1079331941544965,0.8550935550936206,0.18673300165841988
P10|reversal|MA1|BB0|TP30/SL30|TR0-0|long,1670,0.4662634432743016,-1.5232672401659475,1.9136555641339574,6,11,49.01818181818825,-0.692111864560381,0.16580635445929373,1.023206269824535,51.67664670658682,0.3228742514970486,539.2000000000712,0.3228742514970486,0.9464650197885313,0.4125517378103701,-0.6235907682914826,-1.511545610257778,10,reversal,True,False,long,False,-1.9293750000000083,-0.5016611295681226,2.7698046181173472,0.17453987730065457
P10|reversal|MA1|BB0|TP30/SL30|TR0-0|short,1529,-1.3509746202855295,-1.3599563347666712,-0.6131117221246591,3,11,-140.72727272727067,-2.434319968857986,-1.7448159545667206,0.9304600954152195,48.855461085676914,-1.01242642249835,-1547.999999999977,-1.01242642249835,-0.8804626577438495,0.461428735440453,-0.13196376475450045,-0.2859894814061277,10,reversal,True,False,short,False,-1.995397489539743,-0.5864768683274042,-1.4261744966443037,0.6442724458205091
P10|reversal|MA1|BB0|TP30/SL30|TR5-3|both,5329,-4.6382665999256805,-4.914036513943108,-1.8620453361871652,2,11,-403.2454545455155,-9.184302723035374,-4.942457876682817,0.8240436985056737,84.16213173203228,-0.8323700506662915,-4435.700000000667,-0.8323700506662915,-0.8289650102880991,0.17097799813882647,-0.0034050403781924476,-0.01991507922222664,10,reversal,True,False,both,True,-1.0581896551724606,-1.7155533399801042,-0.4200992555833063,-0.2929357798167497
P10|reversal|MA1|BB0|TP30/SL30|TR5-3|long,3042,-3.3103161827933496,-3.6999509496785694,-1.0851331005211926,2,11,-209.50000000003376,-6.9315300901153725,-3.543354379095778,0.8327296746049353,84.71400394477317,-0.7575608152532446,-2304.50000000037,-0.7575608152532446,-0.8344476529080733,0.1865381073687468,0.07688683765482873,0.41217764423244385,10,reversal,True,False,long,True,-0.9296703296704097,-1.6845884413310335,0.038016528925477265,-0.8994940978079926
P10|reversal|MA1|BB0|TP30/SL30|TR5-3|short,2664,-3.4536959748290332,-2.946883398206289,-1.979034109983108,2,11,-222.21818181821357,-6.594165705279428,-3.8129252397824893,0.8141225495414411,83.48348348348348,-0.9175675675676982,-2444.400000000348,-0.9175675675676982,-0.7718657341635696,0.25177313914279603,-0.14570183340412857,-0.5787028509085399,10,reversal,True,False,short,True,-0.9403690888120212,-1.6210434782609149,-1.3000000000002492,0.37593984962382027
P10|reversal|MA1|BB0|TP20/SL10|TR0-0|both,4680,-3.0517360930938677,-3.2435367808442623,-1.2074038712870148,2,11,-259.50909090899387,-7.020572138990854,-3.34214759812853,0.9142497529266085,34.05982905982906,-0.6099572649570363,-2854.59999999893,-0.6099572649570363,-0.5341217038808753,0.10233969391080618,-0.07583556107616096,-0.741018056417632,10,reversal,True,False,both,False,-1.0602313810552038,-0.7504018369685311,0.09164926931106689,-0.8760364004044442
P10|reversal|MA1|BB0|TP20/SL10|TR0-0|long,2506,-1.0254970816564266,-2.1585548152004956,0.5408514037405784,4,11,-63.27272727267969,-3.9999611397897294,-1.337015636484854,0.9602952753659842,35.15562649640862,-0.27773343974440357,-695.9999999994753,-0.27773343974440357,-0.3616171845364392,0.17537157171231071,0.08388374479203564,0.47832008331226683,10,reversal,True,False,long,False,-1.2132768361577164,0.0028571428576062495,0.5477163461538265,-0.5753424657534365
P10|reversal|MA1|BB0|TP20/SL10|TR0-0|short,2213,-3.3188196227189946,-2.4509272351732223,-2.259111671942531,2,11,-194.9090909090406,-6.0786710118565885,-3.7549724544980765,0.866121327546938,32.85133303208315,-0.9688206055126277,-2143.999999999445,-0.9688206055126277,-0.8077882140064698,0.2388666078801249,-0.1610323915061579,-0.6741519584310082,10,reversal,True,False,short,False,-0.87880986937544,-1.5176334106723801,-0.5213114754098054,-1.1726708074533951
P10|reversal|MA1|BB0|TP20/SL10|TR5-3|both,6239,-10.249532034450514,-8.27076965593283,-6.289407969610371,0,11,-555.6454545453826,-18.43493397010481,-10.590096328386595,0.7378738624375136,65.34701073890047,-0.9796602019553146,-6112.099999999207,-0.9796602019553146,-0.9450626926543885,0.04821011274626688,-0.03459750930092609,-0.7176400827563948,10,reversal,True,False,both,True,-0.940647482014265,-1.5153013910354118,-0.7138124649072353,-0.8616584564859103
P10|reversal|MA1|BB0|TP20/SL10|TR5-3|long,3338,-7.155366095772369,-6.374140440181114,-3.8503266766957513,0,11,-277.98181818177875,-13.444047577151814,-7.5814681922162945,0.747777026246785,66.32714200119833,-0.9160575194726084,-3057.799999999567,-0.9160575194726084,-0.9812123384922824,0.12709249666395767,0.06515481901967402,0.5126566928018447,10,reversal,True,False,long,True,-1.0269192422730697,-1.432919254658254,-0.4759312320915537,-0.9420807453414681
P10|reversal|MA1|BB0|TP20/SL10|TR5-3|short,2924,-7.443990983319867,-5.405888252412565,-5.1365018296142875,0,11,-274.3272727272402,-13.197576460170183,-7.84365843606517,0.7314633538604101,64.36388508891929,-1.0320109439123262,-3017.5999999996416,-1.0320109439123262,-1.0313540800559138,0.11788308458722313,-0.000656863856412393,-0.005572163798669277,10,reversal,True,False,short,True,-0.8046121593290045,-1.5556060606059225,-1.060461956521643,-0.7714285714284551
P10|reversal|MA1|BB0|TP10/SL20|TR0-0|both,4732,-4.756936656185983,-3.1964942164974977,-3.5237199446779166,1,11,-412.8545454546476,-8.74294726828778,-5.010244888063831,0.8633976429821506,65.93406593406593,-0.9597210481828238,-4541.400000001122,-0.9597210481828238,-0.9289542752217184,0.1831336059023093,-0.030766772961105415,-0.16800178650726524,10,reversal,True,False,both,False,-1.0408863473914634,-0.7361079865021593,-0.5980501392758282,-1.559523809523765
P10|reversal|MA1|BB0|TP10/SL20|TR0-0|long,2626,-2.1989613644646018,-1.2203396878621555,-1.8559033238341343,3,11,-141.8636363636941,-5.223852707536227,-2.4558263852944564,0.9122333395199876,67.13632901751714,-0.5942498095965857,-1560.500000000634,-0.5942498095965857,-0.6997304821561222,0.2027289622122116,0.10548067255953653,0.5203039141941742,10,reversal,True,False,long,False,-0.3388961892251825,-0.4733606557381782,0.040236686390440854,-2.078195488721732
P10|reversal|MA1|BB0|TP10/SL20|TR0-0|short,2317,-4.364937094299997,-2.8718842021266124,-3.288262445197874,0,11,-263.95454545459785,-7.255151974069087,-4.687452074774412,0.8264121388941659,64.86836426413466,-1.2531290461806541,-2903.5000000005757,-1.2531290461806541,-1.1194040127444331,0.2806647491980274,-0.133725033436221,-0.47645824357468275,10,reversal,True,False,short,False,-1.3631868131872793,-1.204791666667134,-1.4688417618271046,-0.87177419354838
P10|reversal|MA1|BB0|TP10/SL20|TR5-3|both,5692,-8.593375923285398,-6.897290810834058,-5.367299139406109,1,11,-596.4363636363879,-14.592136665732122,-8.871625758170763,0.7361994025001553,78.84750527055516,-1.152635277582619,-6560.800000000267,-1.152635277582619,-1.1650263107285705,0.11311306161882377,0.01239103314595158,0.10954555529323166,10,reversal,True,False,both,True,-1.1089041095892378,-1.640552584670409,-0.6394248052725446,-1.4883376849432952
P10|reversal|MA1|BB0|TP10/SL20|TR5-3|long,3127,-5.844579619041793,-4.99555741194917,-3.3613131695414173,2,11,-295.6272727272827,-10.493440068580044,-6.117272393640085,0.7508256262116078,79.7889350815478,-1.0399424368404566,-3251.900000000108,-1.0399424368404566,-1.103359609137272,0.15847211472866882,0.06341717229681532,0.40017874693851524,10,reversal,True,False,long,True,-1.0070437566704284,-1.661694915254404,-0.1989847715735231,-1.8404878048778825
P10|reversal|MA1|BB0|TP10/SL20|TR5-3|short,2736,-6.810999570178758,-5.02242644088935,-4.626792239599402,0,11,-323.53636363637963,-11.196364417307542,-7.195933630987754,0.7163612888828484,77.77777777777779,-1.3007675438597135,-3558.900000000176,-1.3007675438597135,-1.2249364776743514,0.14068212144529016,-0.07583106618536206,-0.5390241873403365,10,reversal,True,False,short,True,-1.1851351351353223,-1.6603993344427717,-1.3503566333808183,-1.0293040293039375
P20|breakout|MA1|BB1|TP20/SL20|TR0-0|both,2094,-0.3793602516593533,-0.39614774764964283,-0.15259959181166255,4,11,-31.72727272727301,-2.198530465474466,-0.5705978086854359,0.9832172809109788,51.43266475644699,-0.16666666666666718,-349.0000000000011,-0.16666666666666718,-0.4846719181187056,0.45607867119012685,0.3180052514520384,0.6972596429958257,20,breakout,True,True,both,False,-0.5722058823529382,0.6057692307692513,0.8277429467084068,-2.055555555555488
P20|breakout|MA1|BB1|TP20/SL20|TR0-0|long,1164,0.45364650126931966,0.14736487331923176,0.47921304414683014,7,11,28.06363636363668,-0.9166487967249843,0.20187447539099368,1.027374787173667,52.57731958762887,0.265206185567014,308.70000000000425,0.265206185567014,-0.14522138164596904,0.38950962420705654,0.410427567212983,1.053703276391463,20,breakout,True,True,long,False,-0.33931623931622606,1.2929515418502537,2.235026737967815,-3.3094339622640137
P20|breakout|MA1|BB1|TP20/SL20|TR0-0|short,990,-0.6519992853947489,-0.04583190041148174,-0.8619297342387092,4,11,-36.83636363636452,-1.9307903445408652,-0.9425690370793294,0.9592722886722265,50.60606060606061,-0.40929292929293853,-405.20000000000914,-0.40929292929293853,-0.9841030791421987,0.35037827982435854,0.5748101498492602,1.6405416172983305,20,breakout,True,True,short,False,-0.4532951289398219,-0.044651162790693415,-0.7874538745387695,-0.15483870967745608
P20|breakout|MA1|BB1|TP20/SL20|TR5-3|both,2451,-1.057887104496641,-1.807771739360391,0.229102120413747,5,11,-53.218181818191255,-4.6084433125069815,-1.2897329560677606,0.9435018433802274,79.43696450428396,-0.238841289269728,-585.4000000001033,-0.238841289269728,-0.9310591223849427,0.1975910814210153,0.6922178331152147,3.5032848048454075,20,breakout,True,True,both,True,-0.522222222222341,-0.6845124282984205,0.3998603351955794,-0.2188295165393556
P20|breakout|MA1|BB1|TP20/SL20|TR5-3|long,1355,0.0730153084127306,-1.0316508454213862,1.0441439969141542,5,11,2.636363636358406,-2.668458899013532,-0.2185836751286611,1.0055053534816505,81.1070110701107,0.021402214022097975,28.99999999994276,0.021402214022097975,-0.9794266618023897,0.21284878048166775,1.0008288758244877,4.702065351559236,20,breakout,True,True,long,True,-0.6167058823530657,0.28152173913031087,0.7438967136150767,-0.45394736842102085
P20|breakout|MA1|BB1|TP20/SL20|TR5-3|short,1133,-1.543106146316536,-1.1815743500858689,-1.005925537235249,5,11,-53.66363636364051,-3.9376490444498025,-1.8608816644041914,0.8865745633418419,77.49338040600176,-0.5210061782877718,-590.3000000000455,-0.5210061782877718,-1.063135082459309,0.32974449013618606,0.5421289041715373,1.6440878328175716,20,breakout,True,True,short,True,-0.3172749391728651,-1.654198473282589,-0.23754266211598918,0.25808383233547944
P20|breakout|MA1|BB1|TP15/SL15|TR0-0|both,2292,-1.5177931259223727,-1.294077603492545,-0.8676794536091847,3,11,-98.10909090908864,-4.082951900243149,-1.70711867313663,0.9388465156340349,51.00349040139616,-0.47085514834204784,-1079.1999999999737,-0.47085514834204784,-0.7330383667399799,0.38706747434550703,0.26218321839793207,0.6773579176118015,20,breakout,True,True,both,False,-0.6034346103038215,-0.10149253731340654,0.17947214076249565,-1.8156250000000387
P20|breakout|MA1|BB1|TP15/SL15|TR0-0|long,1257,-0.4087047387168399,-0.4579422356025422,-0.131395396760954,7,11,-19.172727272724618,-2.357418903429639,-0.6632907755980586,0.9777395452914269,52.02863961813843,-0.1677804295942481,-210.89999999996985,-0.1677804295942481,-0.31747541650271904,0.378973752458462,0.14969498690847094,0.39500093591541935,20,breakout,True,True,long,False,-0.5982142857142756,1.0187755102041525,1.0421052631579608,-2.9040723981901246
P20|breakout|MA1|BB1|TP15/SL15|TR0-0|short,1058,-1.4638276890710702,-1.016972027543081,-1.051703392048681,3,11,-63.38181818181795,-3.246527661822603,-1.7543696007338896,0.9154693922089289,50.2835538752363,-0.6589792060491462,-697.1999999999966,-0.6589792060491462,-1.0214221197491948,0.20599270746723022,0.36244291370004866,1.7594939071214786,20,breakout,True,True,short,False,-0.6235294117646992,-0.7991489361702149,-0.8774647887324043,-0.16363636363633952
P20|breakout|MA1|BB1|TP15/SL15|TR5-3|both,2519,-2.615170010406792,-2.2954790888159176,-1.4542093291013014,4,11,-114.4000000000404,-6.790860674390473,-2.8300277747274807,0.8754601955583312,74.47399761810242,-0.4995633187774689,-1258.4000000004442,-0.4995633187774689,-0.926082322027083,0.24126944109441611,0.42651900324961406,1.7678119587581924,20,breakout,True,True,both,True,-0.4530249110322025,-0.8981684981686888,-0.008356164383706352,-0.9500000000002189
P20|breakout|MA1|BB1|TP15/SL15|TR5-3|long,1377,-0.6302901126021634,-1.6645274430957053,0.6996211911122917,4,11,-19.76363636365759,-3.835323811576592,-0.91100299824012,0.9572131470182592,76.5432098765432,-0.15787944807569604,-217.40000000023343,-0.15787944807569604,-1.0009215142150862,0.2586145366654509,0.8430420661393903,3.259840212423816,20,breakout,True,True,long,True,-0.608314087759993,-0.18297872340442373,0.6155092592591429,-0.7317391304350377
P20|breakout|MA1|BB1|TP15/SL15|TR5-3|short,1155,-3.2041603725619203,-1.3499927984984006,-3.1265421967321405,4,11,-94.40000000001932,-6.071547401341503,-3.492391736660264,0.7949406583857946,72.03463203463204,-0.899047619047803,-1038.4000000002125,-0.899047619047803,-1.1173925396808833,0.12627164866144436,0.2183449206330803,1.7291682095519316,20,breakout,True,True,short,True,-0.30697115384632423,-1.634074074074288,-0.9127516778525347,-1.154970760234084
P20|breakout|MA1|BB1|TP30/SL30|TR0-0|both,1769,0.575060483676223,0.7418660766040716,0.09225678748539645,5,11,62.9181818181818,-0.6013683409994022,0.3595436066119904,1.0278953350584015,51.44149236856982,0.3912379875635948,692.0999999999992,0.3912379875635948,-0.184405292486661,0.5210917043459449,0.5756432800502558,1.1046870929806532,20,breakout,True,True,both,False,0.340463458110506,0.20149253731342537,1.598941798941847,-1.5457516339869872
P20|breakout|MA1|BB1|TP30/SL30|TR0-0|long,1009,1.291459460055623,0.2910497751857876,1.4849453404440147,7,11,106.42727272727406,0.4017540906369585,1.0154810432542725,1.0858907858342928,52.72547076313181,1.1602576808721645,1170.700000000014,1.1602576808721645,0.379633677445152,0.7113469339470657,0.7806240034270125,1.09738858238349,20,breakout,True,True,long,False,0.7130718954248351,-0.06785714285714176,4.321515151515269,-2.6005649717515484
P20|breakout|MA1|BB1|TP30/SL30|TR0-0|short,893,-0.026382750852026557,1.2491681484524921,-1.2712850636449053,3,11,-2.081818181819722,-0.8515115994613505,-0.29928154404430907,0.9981910103483669,50.61590145576707,-0.025643896976502704,-22.900000000016917,-0.025643896976502704,-0.7780689873807838,0.40827427579689834,0.7524250904042811,1.8429402365251768,20,breakout,True,True,short,False,-0.14677419354839535,2.7727272727272245,-1.8880952380952793,-0.13958333333329895
P20|breakout|MA1|BB1|TP30/SL30|TR5-3|both,2353,-0.779677035186746,-1.7006765752866175,0.5007234514840572,5,11,-47.990909090935745,-3.567291549749845,-1.0231005822867951,0.952169973724718,84.23289417764556,-0.2243518912028441,-527.9000000002922,-0.2243518912028441,-0.7339421087355634,0.13146666437975743,0.5095902175327194,3.8761934056583813,20,breakout,True,True,both,True,-0.6026785714286023,-1.0271805273834311,0.5867816091952046,0.11210526315763511
P20|breakout|MA1|BB1|TP30/SL30|TR5-3|long,1328,0.019043427741921595,-1.0136589330009316,0.9590858403007134,5,11,0.8272727272581438,-2.2157839980836527,-0.23608334146165977,1.0015951479455616,85.69277108433735,0.0068524096384336985,9.099999999839952,0.0068524096384336985,-0.7197552450353316,0.2983648876512722,0.7266076546737653,2.435298806081437,20,breakout,True,True,long,True,-0.5685851318945139,-0.17867647058829364,0.7992805755393975,-0.17342342342369618
P20|breakout|MA1|BB1|TP30/SL30|TR5-3|short,1116,-1.1371652184893917,-1.1831452342190563,-0.44854091197900686,3,11,-49.52727272728499,-3.0170291853918725,-1.431072403173927,0.9043488947802499,82.52688172043011,-0.48817204301087325,-544.8000000001346,-0.48817204301087325,-0.8409184726676647,0.2837186627965545,0.3527464296567915,1.2432965324869536,20,breakout,True,True,short,True,-0.62691358024695,-1.6751937984496712,0.1576388888886559,0.5812121212118947
P20|breakout|MA1|BB1|TP20/SL10|TR0-0|both,2399,-0.4116154769281811,-0.49735996037093966,-0.09260021507531196,7,11,-26.899999999943816,-3.073881164681947,-0.6584289484563182,0.9822289753584295,35.68153397248854,-0.12334305960791177,-295.8999999993803,-0.12334305960791177,-0.4626023097995294,0.2456818952800086,0.3392592501916176,1.3808882815925732,20,breakout,True,True,both,False,-0.3576059850369385,0.2548902195613397,0.6730878186968786,-1.5692307692307255
P20|breakout|MA1|BB1|TP20/SL10|TR0-0|long,1308,0.2580710088478518,-0.03469426416110252,0.38837195080904413,6,11,12.081818181847087,-1.7785681446385093,-0.05747096856867606,1.0148216715366274,36.46788990825688,0.10160550458739954,132.9000000003186,0.10160550458739954,-0.2202683193964165,0.3327634339832014,0.32187382398381603,0.9672752205101505,20,breakout,True,True,long,False,-0.569660194174289,1.2247104247108744,1.2581113801452608,-2.0946428571427833
P20|breakout|MA1|BB1|TP20/SL10|TR0-0|short,1108,-0.842561794998943,-0.3097657479321314,-0.8817513397220081,3,11,-37.009090909063154,-2.677953438279527,-1.2013419255506277,0.94772794391447,34.83754512635379,-0.3674187725629009,-407.0999999996942,-0.3674187725629009,-0.643945251850167,0.3768143641220308,0.27652647928726615,0.7338533389818267,20,breakout,True,True,short,False,-0.15555555555508765,-0.8234126984122243,-0.049146757679175083,-0.7401197604790456
P20|breakout|MA1|BB1|TP20/SL10|TR5-3|both,2630,-3.1418014727013044,-3.56306993324156,-1.0030466077044073,4,11,-118.90909090906443,-8.159006279720456,-3.467674140679294,0.8657483911361322,65.66539923954373,-0.4973384030417143,-1307.9999999997085,-0.4973384030417143,-0.9948920071214259,0.1051351259602432,0.4975536040797116,4.732515413239351,20,breakout,True,True,both,True,-0.6524663677128514,-0.9775127768312181,0.14605087014734014,-0.6467821782177797
P20|breakout|MA1|BB1|TP20/SL10|TR5-3|long,1428,-0.983331130209143,-2.8838222587593085,1.4135234223788544,4,11,-26.91818181816886,-4.781455901570171,-1.39884439887724,0.9397435897436157,68.13725490196079,-0.20735294117637074,-296.0999999998574,-0.20735294117637074,-0.8973821749059627,0.14647963457231336,0.690029233729592,4.710752015079214,20,breakout,True,True,long,True,-0.8730263157893116,-0.5294314381269775,0.64058956916108,-0.09568965517241977
P20|breakout|MA1|BB1|TP20/SL10|TR5-3|short,1206,-3.5038371191663784,-1.9524918466777756,-2.9553676787626073,3,11,-90.56363636362303,-6.891796872538347,-3.8839837983626686,0.7941607950906243,62.76948590381426,-0.8260364842453178,-996.1999999998533,-0.8260364842453178,-0.9919373221416887,0.15007955072482954,0.1659008378963709,1.105419339910936,20,breakout,True,True,short,True,-0.403196347031824,-1.475086505190167,-0.5666666666665795,-1.271098265895854
P20|breakout|MA1|BB1|TP10/SL20|TR0-0|both,2304,-1.674817695717065,-1.3752856351081262,-1.003689155840547,4,11,-102.57272727278504,-4.407742456518534,-1.8473785850712139,0.9268093332208531,67.40451388888889,-0.489713541666942,-1128.3000000006343,-0.489713541666942,-0.7563933019728558,0.38677371474495614,0.26667976030591384,0.689498148760616,20,breakout,True,True,both,False,-0.5602631578952096,-0.3646186440682684,-0.04934687953565007,-1.2960835509138102
P20|breakout|MA1|BB1|TP10/SL20|TR0-0|long,1275,0.3600008426928799,0.41676270604617355,0.10956542516920624,6,11,16.199999999968263,-1.7048845773441843,0.13811224917609838,1.022324672396038,69.56862745098039,0.13976470588207945,178.1999999996513,0.13976470588207945,-0.6111028648597006,0.23018149109075794,0.75086757074178,3.2620675415023768,20,breakout,True,True,long,False,-0.07139240506376614,1.190322580644677,0.5401960784312547,-1.38035714285711
P20|breakout|MA1|BB1|TP10/SL20|TR0-0|short,1077,-2.7925327364788584,-2.0306311424172185,-1.9145961863912113,2,11,-116.34545454548255,-4.69094952175968,-3.066156284907829,0.8340206987782635,64.9025069637883,-1.1883008356548814,-1279.8000000003074,-1.1883008356548814,-1.256841169484431,0.3497047338333217,0.0685403338295496,0.19599486995282625,20,breakout,True,True,short,False,-0.9891472868221753,-1.984232365145688,-0.9384615384615936,-0.9226993865030609
P20|breakout|MA1|BB1|TP10/SL20|TR5-3|both,2451,-2.8787619065733194,-2.6459386531347775,-1.4515670455388765,4,11,-137.790909090932,-6.605410925289753,-3.0578437120343103,0.8537166792132073,79.43696450428396,-0.6184006527948802,-1515.7000000002513,-0.6184006527948802,-1.3104803829041078,0.2153392356384691,0.6920797301092276,3.2139044612898755,20,breakout,True,True,both,True,-0.7673992673994778,-0.8135755258128092,-0.30251396648043555,-0.6236641221373728
P20|breakout|MA1|BB1|TP10/SL20|TR5-3|long,1355,-1.0809608298069566,-1.5767727237216842,0.0065311134688461935,4,11,-37.35454545455833,-3.949011032995318,-1.28785863631774,0.9219948363580854,81.1070110701107,-0.3032472324724291,-410.9000000001414,-0.3032472324724291,-1.0783855889130651,0.21303266699894277,0.775138356440636,3.638589176769227,20,breakout,True,True,long,True,-0.8849411764708032,0.20471014492735962,0.20633802816902216,-0.7859649122807219
P20|breakout|MA1|BB1|TP10/SL20|TR5-3|short,1133,-3.0324462452230474,-1.8279867185534298,-2.4475884336333977,4,11,-99.30000000001019,-5.5803723952334225,-3.2901806620301524,0.7901158657263945,77.49338040600176,-0.9640776699030115,-1092.300000000112,-0.9640776699030115,-1.2572865983510741,0.29113809067221696,0.2932089284480627,1.0071129056698294,20,breakout,True,True,short,True,-0.539172749391938,-1.8309160305345387,-1.1723549488054348,-0.28443113772445516
P20|breakout|MA0|BB1|TP20/SL20|TR0-0|both,3128,-2.075815324827707,-2.2775353019068034,-0.7770849510750745,4,11,-208.9090909090909,-4.32761622212693,-2.322049207867806,0.9283205549698357,50.0,-0.7346547314577998,-2297.9999999999977,-0.7346547314577998,-0.798235836933723,0.21951376345139845,0.06358110547592322,0.2896451888767349,20,breakout,False,True,both,False,-1.4132796780684138,-0.499999999999994,1.1073961499492748,-2.862374581939685
P20|breakout|MA0|BB1|TP20/SL20|TR0-0|long,1791,0.1244211414332495,-1.5418381199126556,1.634777938213609,5,11,9.572727272724158,-1.5694589921238808,-0.08031722703080649,1.0060056805867637,52.14963707426019,0.05879396984922799,105.29999999996733,0.05879396984922799,-0.30428328109274416,0.38478005497937856,0.36307725094197213,0.9435968581100973,20,breakout,False,True,long,False,-0.8675302245250417,0.017045454545464075,2.3868852459015244,-2.2790996784565074
P20|breakout|MA0|BB1|TP20/SL20|TR0-0|short,1822,-2.715978098232054,-1.3109284390502438,-2.4829592922113815,3,11,-208.55454545454256,-4.442717435188725,-2.9997669767690796,0.8801973993420014,48.6827661909989,-1.259110867178906,-2294.0999999999667,-1.259110867178906,-1.2986283384947643,0.3972279454205879,0.039517471315858366,0.0994831098149879,20,breakout,False,True,short,False,-1.2001642036124789,-0.7117647058823496,-0.542264150943418,-3.013994169096083
P20|breakout|MA0|BB1|TP20/SL20|TR5-3|both,3916,-3.0140842638952945,-3.7465245409252663,-0.7167122972603843,3,11,-193.40000000001191,-7.452057090485043,-3.2364742415561434,0.878765429284573,78.29417773237998,-0.5432584269663254,-2127.40000000013,-0.5432584269663254,-1.0692909969411242,0.18826579337133464,0.5260325699747987,2.7940953083136795,20,breakout,False,True,both,True,-0.943164362519325,-0.9544155844157107,0.3633741258741727,-0.828857142857037
P20|breakout|MA0|BB1|TP20/SL20|TR5-3|long,2119,-1.2781105457077293,-2.684154922314056,0.8984485549487887,4,11,-59.98181818182857,-4.570830488305137,-1.5184323868376985,0.9251791708246256,79.84898537045775,-0.3113732892874535,-659.800000000114,-0.3113732892874535,-0.8928213208939347,0.21549045124775418,0.5814480316064812,2.6982542764179254,20,breakout,False,True,long,True,-0.8773876404495663,-0.7959459459460834,0.8314516129032524,-0.5749271137025601
P20|breakout|MA0|BB1|TP20/SL20|TR5-3|short,2097,-3.092573230359738,-2.3032937349320344,-2.1059718737033255,2,11,-147.69090909091452,-6.296591066690695,-3.3720504177506476,0.8367826715961976,76.91940867906533,-0.7747257987601618,-1624.6000000000593,-0.7747257987601618,-1.2876797209870465,0.15745535559325932,0.5129539222268847,3.257773737159845,20,breakout,False,True,short,True,-0.7635724331928224,-1.173333333333463,-0.3729493891796933,-0.9460317460315935
P20|breakout|MA0|BB1|TP15/SL15|TR0-0|both,3567,-2.7121560711142605,-2.4846264108372256,-1.414568062727766,1,11,-222.0818181818171,-5.849145373807461,-2.939119956276739,0.9123031856462867,50.35043453882815,-0.6848612279226202,-2442.899999999986,-0.6848612279226202,-0.7663308260747831,0.25727480306170936,0.08146959815216293,0.31666372758867417,20,breakout,False,True,both,False,-1.0660668380462814,-0.38838612368022435,0.3089898053753864,-1.9372340425532355
P20|breakout|MA0|BB1|TP15/SL15|TR0-0|long,1958,-0.21799013336939807,-1.4228607114913383,1.0807775202485466,4,11,-13.154545454540568,-2.573115839859088,-0.4131021136666425,0.9901107162383852,52.29826353421859,-0.07390194075584489,-144.69999999994428,-0.07390194075584489,-0.3686228494697457,0.25819295058300606,0.29472090871390083,1.1414754277698664,20,breakout,False,True,long,False,-0.22588055130166154,-0.502798982188279,1.3061643835617212,-1.7146341463414982
P20|breakout|MA0|BB1|TP15/SL15|TR0-0|short,1958,-3.055075600196789,-1.5325100064127382,-2.766865778718698,3,11,-183.2909090909107,-5.418673067359976,-3.298175840252409,0.8710020025976217,49.23391215526047,-1.0297242083759017,-2016.2000000000157,-1.0297242083759017,-1.1398941536331013,0.2646831329308285,0.11016994525719959,0.4162333430063753,20,breakout,False,True,short,False,-0.94886535552194,-0.7335958005249271,-0.6166064981949422,-2.121270718232095
P20|breakout|MA0|BB1|TP15/SL15|TR5-3|both,4093,-4.997647846201809,-4.642124907584684,-2.5553558453084335,1,11,-277.90000000007,-10.299275055499443,-5.23461924499697,0.8217675731143794,73.39359882726606,-0.7468604935257193,-3056.900000000769,-0.7468604935257193,-1.1324762853826336,0.14720569326822627,0.3856157918569143,2.619571181627306,20,breakout,False,True,both,True,-0.8758948137328407,-1.066384522370198,-0.07694915254253473,-1.2344490934451406
P20|breakout|MA0|BB1|TP15/SL15|TR5-3|long,2162,-2.1057698911329976,-3.574343991507248,0.5913402454281724,4,11,-85.40000000003596,-5.979678843340108,-2.3413670372385558,0.8879679431371885,75.34690101757631,-0.434505087881774,-939.4000000003954,-0.434505087881774,-1.0094717326919396,0.16111280540861908,0.5749666448101656,3.568720955183656,20,breakout,False,True,long,True,-0.8433884297522558,-1.044685466377644,0.6328571428570076,-0.7078260869567489
P20|breakout|MA0|BB1|TP15/SL15|TR5-3|short,2146,-4.8072481281665285,-2.485891409399282,-4.221071415676189,2,11,-193.64545454549307,-8.662577962879,-5.0616442493029385,0.7757600640053536,71.85461323392359,-0.9925908667289948,-2130.100000000423,-0.9925908667289948,-1.2228376488254575,0.15640402714877225,0.23024678209646277,1.4721282200582402,20,breakout,False,True,short,True,-0.730123796423853,-1.0649553571430437,-0.8654109589043029,-1.5937984496126243
P20|breakout|MA0|BB1|TP30/SL30|TR0-0|both,2453,-0.4031732097117766,-0.378532610770032,-0.2062256070499443,5,11,-52.47272727272693,-1.773821319512472,-0.6115211885627247,0.9836266002501965,50.38728088055442,-0.23530370974316955,-577.1999999999949,-0.23530370974316955,-0.9873904468192428,0.5792957969516185,0.7520867370760733,1.298277565681848,20,breakout,False,True,both,False,-1.037433862433857,0.5603365384615224,1.9924784217016676,-3.493404255319244
P20|breakout|MA0|BB1|TP30/SL30|TR0-0|long,1529,0.34126612757863467,-1.2773813484595307,1.6187793979114045,5,11,34.772727272730926,-0.7504619388920303,0.1077842646710229,1.0178571428571443,51.798561151079134,0.2501635055592158,382.5000000000409,0.2501635055592158,0.11320275813491294,0.396249866719584,0.13696074742430286,0.34564238105151596,20,breakout,False,True,long,False,-1.2329875518672095,-0.9607973421926987,3.4324380165290336,-1.5087786259542533
P20|breakout|MA0|BB1|TP30/SL30|TR0-0|short,1568,-0.6751093259851868,0.7777128768258394,-1.625319736449798,4,11,-70.22727272727565,-1.7729123884174647,-0.9129915878877559,0.9656486512926766,49.87244897959184,-0.4926658163265506,-772.5000000000314,-0.4926658163265506,-1.7596891295631494,0.6097231513790515,1.267023313236599,2.0780305133090122,20,breakout,False,True,short,False,-0.12500000000000583,1.857291666666664,-0.631210191082809,-3.1448504983389527
P20|breakout|MA0|BB1|TP30/SL30|TR5-3|both,3670,-1.729905694070657,-2.9455450660083935,0.2472958621472455,4,11,-134.37272727276917,-5.181285958835704,-1.9556042234578843,0.9179476077072712,83.62397820163487,-0.4027520435968552,-1478.1000000004585,-0.4027520435968552,-0.8046673967394437,0.1600255770739094,0.40191535314258847,2.5115694659045653,20,breakout,False,True,both,True,-0.8132292522596852,-1.5276445698166878,0.7164055299537171,-0.2770864946891859
P20|breakout|MA0|BB1|TP30/SL30|TR5-3|long,2063,-1.2422725338692069,-2.6468829244847716,0.8610925752455023,5,11,-70.78181818184053,-3.8868713995950945,-1.4635528724677054,0.91950874073459,84.48860882210373,-0.37741153659730725,-778.6000000002449,-0.37741153659730725,-0.8536790743860303,0.26991715875550676,0.47626753778872305,1.7644952250706307,20,breakout,False,True,long,True,-0.9757225433526349,-1.397222222222268,0.8064356435641595,0.034534534534286045
P20|breakout|MA0|BB1|TP30/SL30|TR5-3|short,2019,-1.2411784305413291,-1.2695600240033613,-0.5722393991450283,4,11,-73.58181818184256,-3.7281171149601766,-1.5129878897839137,0.9203526760674001,82.96186230807331,-0.4008915304607565,-809.4000000002674,-0.4008915304607565,-0.9757255953320613,0.3351782523402453,0.5748340648713048,1.7150100308052825,20,breakout,False,True,short,True,-0.5479472140762972,-1.157108433734984,0.29444444444422285,-0.32912087912112903
P20|breakout|MA0|BB1|TP20/SL10|TR0-0|both,3792,-1.2982385767966234,-1.1684644198607703,-0.6820096708065579,5,11,-107.58181818173195,-4.594532793785606,-1.592751650860303,0.9554585317199272,35.073839662447256,-0.3120780590714788,-1183.3999999990476,-0.3120780590714788,-0.6789969514728206,0.2213789521128124,0.3669188924013418,1.6574244701201937,20,breakout,False,True,both,False,-0.3520547945200787,-0.286556927297201,0.5847502191060393,-1.7691629955946584
P20|breakout|MA0|BB1|TP20/SL10|TR0-0|long,2027,-0.22232685545099937,-1.5569117209192358,1.198554842900396,7,11,-13.17272727268147,-2.7071951325563215,-0.4933175175126563,0.9896519217859895,35.9151455352738,-0.07148495313245912,-144.89999999949464,-0.07148495313245912,-0.5759807310645897,0.2717985179153016,0.5044957779321306,1.856138811210673,20,breakout,False,True,long,False,-0.46398809523762885,-0.08014354066939396,1.0211920529801157,-1.2504504504504248
P20|breakout|MA0|BB1|TP20/SL10|TR0-0|short,2044,-2.0792777439813555,-0.45645026103981134,-2.4667860924295306,2,11,-123.84545454540458,-4.563066188964724,-2.4090688559530866,0.9065522492489114,33.9041095890411,-0.6664872798431745,-1362.2999999994486,-0.6664872798431745,-0.9705575305021481,0.29004852787388863,0.30407025065897364,1.0483426786816223,20,breakout,False,True,short,False,-0.34084919472866654,-0.5314496314491629,-0.1229166666666509,-2.228571428571348
P20|breakout|MA0|BB1|TP20/SL10|TR5-3|both,4350,-5.343128799579458,-5.481895241677355,-2.241616475475387,1,11,-261.4090909090458,-11.700477829307813,-5.659960342650137,0.8270115806888462,64.59770114942529,-0.6610344827585066,-2875.499999999504,-0.6610344827585066,-1.0434622375884879,0.052186188615287565,0.38242775482998126,7.328141122725177,20,breakout,False,True,both,True,-0.7568010936430501,-1.1937772925762782,0.055483346872541334,-1.0041891891891197
P20|breakout|MA0|BB1|TP20/SL10|TR5-3|long,2247,-2.720932723860535,-4.338677463518721,0.5439816963129656,4,11,-95.22727272725247,-7.365146018877856,-3.0751427879094084,0.8707093397845159,66.57765910102358,-0.46617712505553055,-1047.4999999997772,-0.46617712505553055,-1.0516872210155792,0.12308942135935827,0.5855100959600487,4.756786484929993,20,breakout,False,True,long,True,-0.9208168642949704,-1.0573469387753847,0.47925696594433337,-0.39801136363635
P20|breakout|MA0|BB1|TP20/SL10|TR5-3|short,2229,-4.752278290929958,-2.9985891970673584,-3.688651065277496,2,11,-170.43636363633865,-9.218196834679894,-5.094957492750591,0.7901241478131601,62.85329744279946,-0.8410946612829633,-1874.799999999725,-0.8410946612829633,-1.0904234248197793,0.16539145421155743,0.249328763536816,1.5075069309076374,20,breakout,False,True,short,True,-0.5132450331124558,-1.3407484407482868,-0.3904682274246573,-1.5415189873416435
P20|breakout|MA0|BB1|TP10/SL20|TR0-0|both,3558,-3.7156250240173487,-3.1382414670399412,-2.138570479927488,4,11,-279.5181818182638,-7.133912027812117,-3.902169613763613,0.8757134541691208,66.21697582911749,-0.8641652613830524,-3074.7000000009,-0.8641652613830524,-0.9191083533623674,0.2796215626602843,0.05494309197931502,0.19649089811455656,20,breakout,False,True,both,False,-1.246034482759086,-0.5320241691847601,-0.03987049028685474,-1.883969465648793
P20|breakout|MA0|BB1|TP10/SL20|TR0-0|long,1992,-0.36277481074798507,-1.3087997994304503,0.7704288728898819,5,11,-20.581818181870673,-2.9170086944631564,-0.5579249232479757,0.9823254797257811,68.72489959839358,-0.11365461847418476,-226.40000000057603,-0.11365461847418476,-0.5989400563487842,0.3462171306480931,0.48528543787459943,1.401679451753819,20,breakout,False,True,long,False,-0.43453453453500673,-0.3348258706472388,1.0158516020234742,-1.2229607250755048
P20|breakout|MA0|BB1|TP10/SL20|TR0-0|short,1974,-4.453259823890055,-2.8814328720086135,-3.404725516328823,1,11,-249.61818181822562,-7.013215027325897,-4.660445109101891,0.8096314373665018,64.387031408308,-1.390982776089402,-2745.8000000004795,-1.390982776089402,-1.3592503776055298,0.2806909889051603,-0.031732398483872215,-0.11305100533381902,20,breakout,False,True,short,False,-1.2914414414419062,-1.0384810126586899,-1.2251356238698317,-2.2166666666665864
P20|breakout|MA0|BB1|TP10/SL20|TR5-3|both,3916,-5.598360391593029,-4.906602595966391,-3.0927853431417707,0,11,-340.40000000003295,-10.263598672559018,-5.783046198167269,0.7866171257935225,78.29417773237998,-0.956179775280991,-3744.4000000003607,-0.956179775280991,-1.2905710513896973,0.1526500572499144,0.33439127610870634,2.1905741938979446,20,breakout,False,True,both,True,-1.2151305683565847,-1.0944155844157628,-0.385052447552439,-1.2558571428570866
P20|breakout|MA0|BB1|TP10/SL20|TR5-3|long,2119,-2.8623723671713095,-3.4844268091123274,-0.4974005885014292,3,11,-127.72727272729472,-6.325019688794706,-3.036687774551519,0.8406740451782343,79.84898537045775,-0.6630486078339981,-1405.000000000242,-0.6630486078339981,-1.1254826021657105,0.22836044910919526,0.4624339943317124,2.025017887885612,20,breakout,False,True,long,True,-1.1511235955058337,-0.8914414414416316,0.2127419354838611,-0.9373177842565527
P20|breakout|MA0|BB1|TP10/SL20|TR5-3|short,2097,-5.155182135738696,-3.2541070803152925,-3.9999595999736863,1,11,-232.48181818183502,-8.541432111277604,-5.385356176451545,0.7430778813695319,76.91940867906533,-1.2195040534097208,-2557.3000000001844,-1.2195040534097208,-1.4413544713495918,0.1585892671119348,0.22185041793987104,1.3988993201115276,20,breakout,False,True,short,True,-1.0583684950775802,-1.342068965517422,-1.2031413612565205,-1.4063492063491014
P20|reversal|MA0|BB1|TP20/SL20|TR0-0|both,480,1.8361862077689008,1.3034647763114935,1.291151639659906,7,11,72.09999999999867,0.9484841438944449,1.5867648972315849,1.1867743682735559,56.041666666666664,1.6522916666666372,793.0999999999858,1.6522916666666372,-0.4217559231422349,0.8284569269363501,2.074047589808872,2.5035068479404727,20,reversal,False,True,both,False,1.219565217391319,2.029245283018917,1.670802919707981,1.826262626262477
P20|reversal|MA0|BB1|TP20/SL20|TR0-0|long,285,1.1802255492155649,0.08252260555122687,1.5620949669422817,6,11,36.86363636363422,0.5176563838703392,0.860135907121136,1.1580711807585797,55.43859649122807,1.4228070175437777,405.49999999997664,1.4228070175437777,-0.39940687357167204,1.1628178590650122,1.8222138911154497,1.5670673415530774,20,reversal,False,True,long,False,0.15250000000000083,-0.43846153846153413,3.1842105263156357,1.9586206896550156
P20|reversal|MA0|BB1|TP20/SL20|TR0-0|short,204,1.0094072479042568,1.6993871631768356,-0.20440459550774173,8,11,25.490909090909785,0.4225795262692369,0.6114804034670838,1.1535092521624946,55.392156862745104,1.3745098039216073,280.4000000000079,1.3745098039216073,-1.1057351250164982,1.3070970768102772,2.4802449289381054,1.8975215941808035,20,reversal,False,True,short,False,2.191803278688553,2.6672413793104104,-1.2651162790696087,1.104761904761796
P20|reversal|MA0|BB1|TP20/SL20|TR5-3|both,501,-0.5208189295742567,-0.8408623031444454,0.10190633640903585,6,11,-11.063636363638079,-2.232486715924846,-0.8015072988179758,0.9370864350702955,81.437125748503,-0.2429141716567241,-121.70000000001878,-0.2429141716567241,-1.1332934522315348,0.3759373912840142,0.8903792805748106,2.368424373893004,20,reversal,False,True,both,True,-0.2482758620690753,-1.371929824561529,0.7535211267605751,-0.36299999999990307
P20|reversal|MA0|BB1|TP20/SL20|TR5-3|long,295,0.3722441339873985,-0.7490296616190758,1.3533541977605894,6,11,5.972727272725166,-0.9671284972486436,0.014475509679557583,1.0644623233908737,83.38983050847457,0.22271186440670102,65.6999999999768,0.22271186440670102,-0.9253304262310118,0.5637065845844244,1.1480422906377128,2.0365954949489766,20,reversal,False,True,long,True,-0.42439024390258645,-0.816071428571531,2.072727272727195,-1.0172413793103043
P20|reversal|MA0|BB1|TP20/SL20|TR5-3|short,211,-1.2150718218664813,-0.45653783770585155,-1.2210909332121889,3,11,-17.045454545454138,-2.312571840588784,-1.6314718142340514,0.7996794871794891,78.67298578199052,-0.8886255924170403,-187.4999999999955,-0.8886255924170403,-1.249254654965444,0.5576178244218958,0.36062906254840366,0.6467315906235277,20,reversal,False,True,short,True,0.0718749999999444,-1.9704918032788026,-2.283720930232339,0.6116279069768746
P20|reversal|MA0|BB1|TP15/SL15|TR0-0|both,493,1.2622890632698416,0.6299844866151325,1.1663410835267025,7,11,39.16363636363887,0.1067601903022754,0.9849126612746348,1.1253382211748308,55.375253549695735,0.8738336713996507,430.8000000000278,0.8738336713996507,-1.1186804842202211,0.7409983808415949,1.992514155619872,2.6889588521865027,20,reversal,False,True,both,False,0.5027972027972419,0.5309090909091285,1.8607142857143832,0.4000000000000453
P20|reversal|MA0|BB1|TP15/SL15|TR0-0|long,289,0.6415437593384383,-0.23668088887843325,1.1594983671855053,5,11,15.336363636364865,-0.23847695056926246,0.27016015422515827,1.0818653855486036,54.325259515570934,0.5837370242215005,168.70000000001366,0.5837370242215005,-0.3525075188342143,0.7900222275437888,0.9362445430557148,1.1850863310093656,20,reversal,False,True,long,False,-0.9851851851851925,0.2830188679245508,2.2670103092784624,0.23448275862072857
P20|reversal|MA0|BB1|TP15/SL15|TR0-0|short,207,1.1286323531320512,1.5503690440323232,0.04442945618196571,7,11,22.245454545455768,0.36609619647936614,0.7539541599601651,1.1737926136363663,56.52173913043478,1.1821256038648005,244.7000000000137,1.1821256038648005,-0.5260211476284494,0.8801866101500612,1.70814675149325,1.9406643225372762,20,reversal,False,True,short,False,2.6333333333334394,0.2000000000000292,0.9441860465116939,0.6285714285714821
P20|reversal|MA0|BB1|TP15/SL15|TR5-3|both,504,-1.2472047892868032,-1.0417040416598782,-0.7222729683443164,6,11,-23.02727272728092,-3.22800445497423,-1.5235399838002526,0.8664029535864551,76.19047619047619,-0.5025793650795437,-253.30000000009005,-0.5025793650795437,-1.0324856972920213,0.34957991704990454,0.5299063322124776,1.5158374562370254,20,reversal,False,True,both,True,-0.2582191780823595,-1.5304347826088718,0.024647887323777984,-0.4267326732675424
P20|reversal|MA0|BB1|TP15/SL15|TR5-3|long,295,-0.40415518727465105,-1.3940106201312157,0.8937554230651251,6,11,-5.65454545455037,-1.9446906292003223,-0.7442389078305796,0.9394352482959577,77.96610169491525,-0.21084745762730206,-62.200000000054104,-0.21084745762730206,-0.798495888518248,0.5683060347576824,0.587648430890946,1.0340351763843418,20,reversal,False,True,long,True,-0.8487804878050937,-0.9928571428572776,1.036363636363505,-0.6827586206899288
P20|reversal|MA0|BB1|TP15/SL15|TR5-3|short,211,-1.3542004969797108,-0.18997086826243145,-1.6342136855237765,3,11,-16.345454545457645,-2.633035627505017,-1.7092557755885056,0.7930955120828223,73.93364928909952,-0.8521327014219625,-179.8000000000341,-0.8521327014219625,-1.2350256160822963,0.6639137853153976,0.3828929146603338,0.5767208380504367,20,reversal,False,True,short,True,0.49843749999989395,-1.7885245901641114,-2.3046511627909423,-0.08139534883734775
P20|reversal|MA0|BB1|TP30/SL30|TR0-0|both,447,0.383356503713561,0.3138134669115328,0.2301069104123748,5,11,20.490909090908925,-0.22504833278242015,0.08665898035559245,1.0382325502501895,51.23042505592841,0.5042505592841126,225.3999999999983,0.5042505592841126,-0.8954569632142233,0.8978421892925057,1.399707522498336,1.558968312239033,20,reversal,False,True,both,False,-0.22015503875971973,1.621276595744677,-1.2259541984733533,2.8172043010753947
P20|reversal|MA0|BB1|TP30/SL30|TR0-0|long,272,0.6964685509918932,0.2339377034931428,0.7222859246606874,6,11,29.536363636364243,0.23026543018727633,0.32849770423365016,1.0932789756251617,51.83823529411765,1.1944852941176722,324.90000000000686,1.1944852941176722,0.2155615166389408,1.6196815830191733,0.9789237774787314,0.6043927323381457,20,reversal,False,True,long,False,-1.9368421052631637,2.8938775510203247,1.472043010752733,3.5814814814816107
P20|reversal|MA0|BB1|TP30/SL30|TR0-0|short,198,-0.3900057119979635,0.777781129275228,-1.2732105871871036,5,11,-13.845454545455528,-0.796256736475711,-0.8023794605277541,0.9441715542521957,48.98989898989899,-0.7691919191919739,-152.30000000001084,-0.7691919191919739,-1.6641005251476435,1.3694485273428296,0.8949086059556696,0.6534810093900206,20,reversal,False,True,short,False,0.7016666666666135,1.223214285714302,-7.159523809524096,0.9450000000000894
P20|reversal|MA0|BB1|TP30/SL30|TR5-3|both,497,0.7791060987176043,-0.6454994593741553,1.7707763181372027,7,11,19.31818181817703,-0.67850990354306,0.4559066674618549,1.1153449492481928,87.32394366197182,0.4275653923540191,212.49999999994748,0.4275653923540191,-0.8148943780482855,0.47596810735380396,1.2424597704023046,2.61038450099082,20,reversal,False,True,both,True,-0.6406896551724663,-0.6363636363636946,1.8683098591547704,1.1009999999998399
P20|reversal|MA0|BB1|TP30/SL30|TR5-3|long,294,1.7792706014573723,-0.12933725859760645,2.788046162899313,7,11,32.41818181817851,0.6068917732817161,1.372063103081618,1.4007642166778609,89.45578231292517,1.212925170067904,356.59999999996376,1.212925170067904,-0.42019643234584614,0.7306947442376495,1.63312160241375,2.2350257960560853,20,reversal,False,True,long,True,-1.2585365853659458,0.9581818181817645,3.563636363636242,0.9362068965514877
P20|reversal|MA0|BB1|TP30/SL30|TR5-3|short,211,-0.762175549007381,-0.20710772103485917,-0.813146840919804,5,11,-13.245454545455887,-1.6457027368957462,-1.2110261963710343,0.8518254856096684,84.36018957345972,-0.6905213270142877,-145.7000000000147,-0.6905213270142877,-1.1379585635174254,0.9962458405111511,0.4474372365031377,0.4491233170655627,20,reversal,False,True,short,True,0.251562500000003,-2.191803278688531,-2.0348837209304773,1.381395348837116
P20|reversal|MA0|BB1|TP20/SL10|TR0-0|both,493,0.28114102089221366,0.40449002552007113,-0.022277826055847407,5,11,8.07272727273752,-0.9665835056426046,-0.08549604083235346,1.0264742710631796,36.511156186612574,0.18012170385418472,88.80000000011306,0.18012170385418472,-0.5232843068402205,0.6314300727015779,0.7034060106944052,1.1139887710524743,20,reversal,False,True,both,False,-0.3744680851059136,1.320000000000434,-0.1617021276595406,0.1900990099009336
P20|reversal|MA0|BB1|TP20/SL10|TR0-0|long,290,0.021666537188515057,-0.5551153578065902,0.6022497978296997,4,11,0.4727272727325504,-0.9465242349751117,-0.4275179209107325,1.0026109660574705,35.86206896551724,0.017931034482959247,5.200000000058182,0.017931034482959247,0.05143233794127498,0.5109086499255419,-0.033501303458315736,-0.0655720028682194,20,reversal,False,True,long,False,-1.7999999999995169,2.543396226415534,0.22040816326529122,-0.12203389830512387
P20|reversal|MA0|BB1|TP20/SL10|TR0-0|short,205,0.30422800235770636,0.8265308260876796,-0.45373019212958365,5,11,5.636363636368705,-0.5013426804494088,-0.10626733642841943,1.0447912151423635,37.073170731707314,0.3024390243905169,62.00000000005596,0.3024390243905169,-1.2180608802534805,1.0281288750983664,1.5204999046439973,1.4789001082170008,20,reversal,False,True,short,False,1.2967741935488408,-0.006896551723708273,-1.0325581395347392,0.6285714285713471
P20|reversal|MA0|BB1|TP20/SL10|TR5-3|both,507,-2.5620592064724756,-1.4803462705833204,-2.1373639018932504,2,11,-41.099999999995255,-4.854307613417281,-2.9699340460414536,0.7621527777777929,65.28599605522683,-0.8917159763312581,-452.09999999994784,-0.8917159763312581,-1.167433101571313,0.3500088167078414,0.275717125240055,0.7877433712482762,20,reversal,False,True,both,True,-0.806164383561508,-0.8282051282049595,-1.1901408450703541,-0.6715686274509524
P20|reversal|MA0|BB1|TP20/SL10|TR5-3|long,296,-1.5750009833086183,-1.9102266008458444,-0.29800310433901156,3,11,-19.08181818181607,-3.3634907565431686,-2.1092065233793917,0.8016817838246525,66.8918918918919,-0.7091216216215432,-209.89999999997679,-0.7091216216215432,-0.8842506989922366,0.3796513130470487,0.1751290773706934,0.4612892708446667,20,reversal,False,True,long,True,-1.1304878048779283,-0.30714285714271206,-0.6878787878787838,-0.5406779661016134
P20|reversal|MA0|BB1|TP20/SL10|TR5-3|short,211,-2.131632902160699,-0.842793665071399,-2.136352594146788,3,11,-22.01818181817919,-3.627966126462953,-2.7797428656757632,0.7124881291548153,63.03317535545023,-1.1478672985780622,-242.19999999997114,-1.1478672985780622,-1.403267660959814,0.49809267109855426,0.2554003623817518,0.5127567161718335,20,reversal,False,True,short,True,-0.3906249999998441,-1.3065573770489898,-2.34651162790676,-0.8511627906977207
P20|reversal|MA0|BB1|TP10/SL20|TR0-0|both,490,0.974879754096488,0.8262811199854169,0.5504343336970329,8,11,27.15454545453196,-0.30485819269369957,0.7417180578545403,1.1025755494505005,71.42857142857143,0.6095918367343914,298.6999999998518,0.6095918367343914,-1.0824952184877756,0.5714282196936773,1.6920870552221672,2.961154169335977,20,reversal,False,True,both,False,1.1063380281685191,-0.34545454545502396,1.2143884892084877,0.10909090909085728
P20|reversal|MA0|BB1|TP10/SL20|TR0-0|long,291,1.0009782409445924,-0.004500287277174733,1.4847414965545462,7,11,21.963636363628208,0.03658306601450849,0.7067584967363905,1.1433998100664262,72.16494845360825,0.8302405498278709,241.59999999991044,0.8302405498278709,-0.6335508087101361,0.825797866366727,1.463791358538007,1.7725782763017632,20,reversal,False,True,long,False,0.35121951219463987,-0.800000000000474,2.395876288659583,0.40689655172406874
P20|reversal|MA0|BB1|TP10/SL20|TR0-0|short,208,0.09943486835440128,1.2852514155216088,-1.0430978487882943,5,11,1.809090909085335,-0.7338656043628902,-0.178679370763781,1.0151862026861567,69.71153846153845,0.0956730769227829,19.899999999938842,0.0956730769227829,-1.728655489887832,0.9031809606829581,1.8243285668106148,2.019892630853415,20,reversal,False,True,short,False,1.998412698412187,-0.3000000000004791,-1.2651162790697745,-0.8000000000000005
P20|reversal|MA0|BB1|TP10/SL20|TR5-3|both,501,-1.1375721840174164,-1.0644666911293328,-0.5370495676540306,4,11,-23.272727272731867,-2.913878907166435,-1.388253345807435,0.8676592224979042,81.437125748503,-0.5109780439122764,-256.0000000000505,-0.5109780439122764,-1.2504748781311432,0.4406639759438465,0.7394968342188668,1.6781422457666482,20,reversal,False,True,both,True,-0.35172413793119717,-1.5280701754387693,0.37957746478868,-0.8469999999999973
P20|reversal|MA0|BB1|TP10/SL20|TR5-3|long,295,-0.12543978394913438,-0.9018611983955724,0.8334146739531049,6,11,-1.9181818181855617,-1.5322700920795935,-0.41169620722372574,0.9792974882260194,83.38983050847457,-0.07152542372895329,-21.10000000004122,-0.07152542372895329,-1.541890807464963,0.2732590593311567,1.4703653837360098,5.38084771035571,20,reversal,False,True,long,True,-0.4182926829270171,-1.135714285714468,1.5646464646463432,-1.3465517241379927
P20|reversal|MA0|BB1|TP10/SL20|TR5-3|short,211,-1.5481608291245352,-0.60981950614526,-1.531422631078666,3,11,-21.263636363637367,-2.669559087732659,-1.8369365936644948,0.7501068376068221,78.67298578199052,-1.108530805687256,-233.900000000011,-1.108530805687256,-1.1910442473722924,0.28397969699357956,0.08251344168503638,0.2905610596763962,20,reversal,False,True,short,True,-0.1703125000001242,-1.9508196721313074,-2.3488372093022196,-0.06976744186041593
P20|reversal|MA1|BB1|TP20/SL20|TR0-0|both,427,1.9596729510524002,1.2758815467023006,1.4865890379652302,7,11,72.66363636363484,1.1240594756455486,1.6977490378653237,1.214767444984818,56.674473067915685,1.8718969555034741,799.2999999999835,1.8718969555034741,-0.6419664359994777,0.6953545682142225,2.5138633915029516,3.6152252482628247,20,reversal,True,True,both,False,1.4629310344827708,2.0855670103093287,1.9079999999999344,2.1213483146065757
P20|reversal|MA1|BB1|TP20/SL20|TR0-0|long,260,1.3679446446149404,0.31858460186110155,1.574612741258261,6,11,40.49999999999788,0.7313452840577038,1.034267077514797,1.1941261057126609,56.15384615384615,1.7134615384614498,445.4999999999769,1.7134615384614498,-0.19734058535229654,0.8778311022442065,1.9108021238137463,2.1767309439466347,20,reversal,True,True,long,False,0.014492753623184801,0.425000000000017,3.627777777777603,1.841509433962114
P20|reversal|MA1|BB1|TP20/SL20|TR0-0|short,175,1.0286758055956982,1.4529847481108198,0.05152741820045755,5,11,24.309090909091267,0.49102902344638505,0.6043817243044498,1.17233823150297,56.00000000000001,1.5280000000000236,267.4000000000041,1.5280000000000236,-0.8093682610634824,1.5669392902780568,2.337368261063506,1.4916776135268999,20,reversal,True,True,short,False,2.9260000000000277,1.8622641509434523,-1.9111111111109298,2.5333333333331436
P20|reversal|MA1|BB1|TP20/SL20|TR5-3|both,446,-0.41533522289743996,-0.4527328764998183,-0.14528773223666583,6,11,-8.227272727274055,-2.0516058711352687,-0.7158571030514805,0.9462844254510825,81.83856502242153,-0.20291479820631061,-90.50000000001454,-0.20291479820631061,-1.1181162052332292,0.49895512111075746,0.9152014070269185,1.834235922841171,20,reversal,True,True,both,True,0.23252032520314475,-1.363461538461674,0.4676923076923481,-0.4280898876403657
P20|reversal|MA1|BB1|TP20/SL20|TR5-3|long,270,0.8666558913471852,-0.055813815242129486,1.2889764304780746,7,11,12.69999999999821,-0.4754304359564096,0.4867645503616925,1.1638133208254964,84.81481481481481,0.5174074074073347,139.69999999998038,0.5174074074073347,-0.7237373625821015,0.6185736426086138,1.2411447699894362,2.0064624233831734,20,reversal,True,True,long,True,0.21408450704209134,-0.1461538461539492,1.827659574468038,-0.7490566037735564
P20|reversal|MA1|BB1|TP20/SL20|TR5-3|short,180,-1.5899616706914916,-0.46467316770701506,-1.6819219020868899,3,11,-21.245454545453956,-2.576289505528886,-2.0443315056282207,0.7259615384615415,77.22222222222223,-1.2983333333332971,-233.69999999999348,-1.2983333333332971,-1.0392591279547363,0.8626539855184482,-0.25907420537856085,-0.3003222725770627,20,reversal,True,True,short,True,0.3622641509433687,-2.6090909090910466,-3.0833333333330657,0.04444444444460783
P20|reversal|MA1|BB1|TP15/SL15|TR0-0|both,439,1.469947939354736,0.7521337325273485,1.3357683607431905,8,11,43.0909090909116,0.3815527544057795,1.1800939265610877,1.15744892874938,56.03644646924829,1.0797266514807016,474.00000000002797,1.0797266514807016,-0.5961981178736442,0.5742390479358682,1.6759247693543458,2.918514119474361,20,reversal,True,True,both,False,0.7396694214876496,0.5009900990099366,2.3445312500001156,0.3797752808989206
P20|reversal|MA1|BB1|TP15/SL15|TR0-0|long,264,0.9361979698924845,0.23121539539288383,1.0917282992648019,7,11,21.24545454545593,0.09053793618582046,0.5527802996798148,1.1270453927697777,55.3030303030303,0.8852272727273311,233.70000000001542,0.8852272727273311,-0.3607618054028481,1.0909914072896485,1.2459890781301792,1.1420704781035733,20,reversal,True,True,long,False,-0.8000000000000004,0.9836734693878028,2.5967391304349063,0.0490566037736163
P20|reversal|MA1|BB1|TP15/SL15|TR0-0|short,178,0.9404125229778734,1.0781237967727175,0.23632153499302694,8,11,17.536363636364612,0.24702510148557172,0.5398616539612069,1.1583223900197004,56.17977528089888,1.0837078651686007,192.90000000001095,1.0837078651686007,-1.4376079405810123,0.9323617441212196,2.5213158057496132,2.704224858695841,20,reversal,True,True,short,False,2.4942307692308674,-0.5407407407407397,1.7000000000000943,0.8666666666667293
P20|reversal|MA1|BB1|TP15/SL15|TR5-3|both,448,-1.2761425738886605,-0.7781811326600264,-1.0195048014200023,4,11,-22.436363636370626,-3.1278499556262185,-1.5548177991198922,0.854016325564848,76.11607142857143,-0.5508928571430286,-246.8000000000768,-0.5508928571430286,-0.8794826215990117,0.3960218742242182,0.3285897644559831,0.8297263000930685,20,reversal,True,True,both,True,0.012903225806287591,-1.6323809523811372,-0.1523076923078354,-0.6426966292136903
P20|reversal|MA1|BB1|TP15/SL15|TR5-3|long,270,0.0035000183516329603,-0.7214772379037131,0.737070888962271,6,11,0.045454545450335164,-1.5172550824543802,-0.35541173898572326,1.0005650994574524,79.25925925925927,0.0018518518516802162,0.4999999999536584,0.0018518518516802162,-1.1516335127149344,0.6145413589666128,1.1534853645666145,1.8769857353559858,20,reversal,True,True,long,True,-0.24225352112698006,-0.5288461538462805,0.7893617021275383,-0.5471698113209956
P20|reversal|MA1|BB1|TP15/SL15|TR5-3|short,180,-1.8206817393520311,-0.4775527874123179,-2.0078667081827306,2,11,-21.436363636366284,-2.940528710221907,-2.1990949266718975,0.7073715562173983,71.66666666666667,-1.3100000000001617,-235.80000000002912,-1.3100000000001617,-1.2772562871812527,0.4961587907186212,-0.03274371281890898,-0.06599442241360672,20,reversal,True,True,short,True,0.3547169811319851,-2.4072727272729346,-2.6111111111113114,-0.7833333333334911
P20|reversal|MA1|BB1|TP30/SL30|TR0-0|both,397,0.43630093225755956,0.2877864555042172,0.3275214708820975,6,11,22.045454545454508,-0.13523744515476321,0.12311522681422626,1.0466507637259037,51.385390428211586,0.6108312342569262,242.49999999999972,0.6108312342569262,0.5528894359295304,1.0212208579604318,0.057941798327395766,0.056737774082597885,20,reversal,True,True,both,False,-0.08611111111113744,1.3712643678160874,-0.6512605042017363,2.5301204819278253
P20|reversal|MA1|BB1|TP30/SL30|TR0-0|long,247,0.7337171850701668,0.013563418061129396,0.9673636053901082,6,11,29.627272727273347,0.2891983265948515,0.34814019606909513,1.1038294889766793,51.821862348178136,1.3194331983805947,325.9000000000069,1.3194331983805947,0.10645638918043018,1.6792713858175903,1.2129768092001645,0.7223232762997388,20,reversal,True,True,long,False,-3.0830769230769155,4.177777777777671,2.623863636363722,2.191836734693952
P20|reversal|MA1|BB1|TP30/SL30|TR0-0|short,169,-0.27920690538384046,0.7596057388992397,-1.090561019424766,5,11,-9.26363636363716,-0.650246446115798,-0.7194284583346415,0.9559160718148355,49.70414201183432,-0.6029585798817083,-101.9000000000087,-0.6029585798817083,-1.9039342818578902,1.7700650560147184,1.3009757019761818,0.7349875065639192,20,reversal,True,True,short,False,2.997959183673391,-0.7803921568627075,-8.902857142857506,3.0176470588237017
P20|reversal|MA1|BB1|TP30/SL30|TR5-3|both,442,0.760787245365766,-0.41672190403977016,1.4912759247522358,8,11,17.645454545450185,-0.6255728017007601,0.415046367168509,1.121624161914876,87.55656108597285,0.4391402714931044,194.09999999995216,0.4391402714931044,-1.161993810733177,0.45854238512105494,1.6011340822262814,3.4917908009825154,20,reversal,True,True,both,True,-0.29024390243908554,-0.6880000000000759,1.7715384615383332,0.7674157303368988
P20|reversal|MA1|BB1|TP30/SL30|TR5-3|long,269,2.1038010680905157,0.5243045275275139,2.5088294118480903,8,11,35.109090909087904,0.9339741226033875,1.6742580999248886,1.524870888828435,90.33457249070632,1.4356877323418844,386.1999999999669,1.4356877323418844,-0.7150177869551233,0.5859370786203254,2.1507055192970075,3.670540059286158,20,reversal,True,True,long,True,-0.6394366197184242,1.5176470588234499,3.4106382978722474,0.6339622641507114
P20|reversal|MA1|BB1|TP30/SL30|TR5-3|short,180,-1.0790128879842298,-0.33549292053374946,-1.0946380139595147,3,11,-17.918181818182905,-1.86991043730408,-1.5600740896299758,0.7787630486025259,83.33333333333334,-1.0950000000000664,-197.10000000001193,-1.0950000000000664,-0.8135872719952729,0.9116120819768291,-0.28141272800479344,-0.30869789197456715,20,reversal,True,True,short,True,0.29245283018869367,-2.8545454545454723,-2.5083333333335562,0.9638888888887845
P20|reversal|MA1|BB1|TP20/SL10|TR0-0|both,438,0.27859211394863254,0.48172825049534285,-0.10596655212242488,5,11,7.527272727281811,-0.9003893372622374,-0.11184759116863126,1.02782071097376,36.5296803652968,0.1890410958906399,82.80000000010027,0.1890410958906399,-0.9159407811646172,0.5321414267022562,1.104981877055257,2.0764815923145874,20,reversal,True,True,both,False,0.04033613445424689,0.914851485148951,-0.3348837209301826,0.32359550561791306
P20|reversal|MA1|BB1|TP20/SL10|TR0-0|long,264,0.2007777529509822,-0.27523571939118135,0.5693256376762762,4,11,4.181818181822839,-0.7227011075360589,-0.2644675540387964,1.025595370576482,36.36363636363637,0.17424242424261888,46.00000000005139,0.17424242424261888,-0.028571412881134746,0.7361391963394415,0.20281383712375362,0.27551017271227335,20,reversal,True,True,long,False,-1.6695652173908229,3.0204081632657407,0.16774193548386196,-0.0452830188679676
P20|reversal|MA1|BB1|TP20/SL10|TR0-0|short,176,0.0806069922794935,0.4714436151834486,-0.39440531887323266,6,11,1.3818181818227127,-0.6672840930443354,-0.37304558096533325,1.0126603364984594,36.36363636363637,0.08636363636392051,15.20000000005001,0.08636363636392051,-1.0087154607328075,0.6459592202660015,1.095079097096728,1.6952758978280114,20,reversal,True,True,short,False,2.1411764705886815,-1.252830188678807,-1.6333333333331288,0.8666666666665713
P20|reversal|MA1|BB1|TP20/SL10|TR5-3|both,450,-2.2773991991828706,-0.7950629205899817,-2.394980682122682,3,11,-34.16363636363238,-4.462399866935764,-2.711610311328605,0.7740500240500388,65.77777777777779,-0.8351111111110137,-375.7999999999561,-0.8351111111110137,-1.0512642301839277,0.42792720261306805,0.216153119072914,0.5051165659790031,20,reversal,True,True,both,True,-0.23709677419343947,-0.8233644859811547,-1.5823076923075914,-0.5910112359550483
P20|reversal|MA1|BB1|TP20/SL10|TR5-3|long,270,-1.2579730611011581,-1.3253596732190622,-0.43859663780868924,4,11,-14.245454545452839,-3.009172796694437,-1.8221686891443512,0.8312876830318809,68.14814814814815,-0.5803703703703008,-156.69999999998123,-0.5803703703703008,-0.9018671637147964,0.4307645495492364,0.32149679334449555,0.746339952256792,20,reversal,True,True,long,True,-0.6957746478872467,0.01730769230782308,-1.0797872340425134,-0.12641509433957074
P20|reversal|MA1|BB1|TP20/SL10|TR5-3|short,180,-2.0354635732403383,-0.4397892027108752,-2.367937248484257,3,11,-19.91818181817954,-3.3840204435555523,-2.726949991001975,0.7016612200435918,62.22222222222222,-1.2172222222220834,-219.099999999975,-1.2172222222220834,-1.0681290356327235,0.506957916966456,-0.14909318658935988,-0.2940938125229534,20,reversal,True,True,short,True,0.3773584905661893,-1.6181818181816425,-2.894444444444182,-1.2750000000000579
P20|reversal|MA1|BB1|TP10/SL20|TR0-0|both,436,1.4097185455068595,1.0169700129373054,0.975320228948954,8,11,36.536363636351375,0.1867912459780013,1.163993345539763,1.1610176282050773,72.47706422018348,0.9217889908253796,401.8999999998655,0.9217889908253796,-1.3427765258994548,0.3552121010240276,2.2645655167248346,6.375248788530581,20,reversal,True,True,both,False,1.6224999999994998,-0.10000000000048029,1.4047244094486595,0.43595505617970454
P20|reversal|MA1|BB1|TP10/SL20|TR0-0|long,266,1.6640634359458504,0.74400700958816,1.621199146622752,8,11,33.781818181810486,0.7147484635307271,1.3573387349905737,1.2589186176142164,74.06015037593986,1.3969924812026902,371.59999999991555,1.3969924812026902,-1.0340823209101466,0.9445050252193687,2.4310748021128368,2.573914100190415,20,reversal,True,True,long,False,1.0929577464783844,0.19999999999951604,2.6782608695649883,0.7094339622640645
P20|reversal|MA1|BB1|TP10/SL20|TR0-0|short,178,0.07454540785092222,0.9905555496281843,-0.8133780827976519,6,11,1.2636363636314654,-0.6913447251810144,-0.22483780986528076,1.0123753561253084,69.66292134831461,0.07808988764014697,13.89999999994616,0.07808988764014697,-0.6524989687171109,1.0907176784668784,0.7305888563572579,0.669823979917681,20,reversal,True,True,short,False,2.205769230768716,-0.8000000000004742,-1.6333333333333258,0.03333333333328535
P20|reversal|MA1|BB1|TP10/SL20|TR5-3|both,446,-0.980888494929159,-0.692271606088702,-0.6935081281543725,6,11,-18.70909090909449,-2.6800362217607754,-1.237279968929259,0.8778490028489774,81.83856502242153,-0.46143497757856344,-205.8000000000393,-0.46143497757856344,-1.3457582157858006,0.7331294163622819,0.8843232382072371,1.2062307397173675,20,reversal,True,True,both,True,0.12357723577220385,-1.5519230769232513,0.15846153846152344,-0.9011235955056218
P20|reversal|MA1|BB1|TP10/SL20|TR5-3|long,270,0.41785535931116813,-0.2573923756318578,0.8750313857737569,7,11,5.827272727269508,-0.9949038464133656,0.11194101051653123,1.0751641651031496,84.81481481481481,0.23740740740727634,64.09999999996461,0.23740740740727634,-1.0572733848148,0.4800548846694454,1.2946807922220762,2.6969432737124697,20,reversal,True,True,long,True,0.15211267605614057,-0.4942307692309492,1.3989361702126675,-0.9905660377359012
P20|reversal|MA1|BB1|TP10/SL20|TR5-3|short,180,-1.8930648726052197,-0.5770793315100476,-1.992095497747341,3,11,-24.772727272727636,-2.901257200282948,-2.205828725207306,0.6804643527204404,77.22222222222223,-1.513888888888911,-272.500000000004,-1.513888888888911,-0.8744112638895223,0.7795110097069966,-0.6394776249993888,-0.8203573997495639,20,reversal,True,True,short,True,0.19245283018859152,-2.6200000000001635,-3.0805555555553528,-0.7694444444443778
P20|breakout|MA1|BB0|TP20/SL20|TR0-0|both,3325,-1.1280643337764364,-1.058494136402453,-0.5856191474420818,3,11,-117.30909090909208,-3.443634836151703,-1.3761825414855517,0.9614057125766398,50.88721804511278,-0.3880902255639129,-1290.4000000000106,-0.3880902255639129,-0.6069146140798699,0.1455314283607802,0.21882438851595698,1.5036229011198845,20,breakout,True,False,both,False,-0.7205231388329945,-0.1572695035460942,0.6590027700830541,-1.7532163742689535
P20|breakout|MA1|BB0|TP20/SL20|TR0-0|long,1840,-0.081518579544182,-0.10895080327706819,-0.012344022294718694,5,11,-6.172727272726785,-1.8536115297805775,-0.3628099760723533,0.9962583759478046,51.79347826086956,-0.036902173913039946,-67.8999999999935,-0.036902173913039946,-0.3599431643753308,0.31493096752707916,0.32304099046229084,1.0257517480700413,20,breakout,True,False,long,False,0.22224334600762008,-0.27746031746031286,1.560064935064863,-2.763446475195714
P20|breakout|MA1|BB0|TP20/SL20|TR0-0|short,1602,-1.4595502583569364,-1.3907386982518122,-0.7382736086356684,3,11,-105.36363636363868,-3.0821924322257535,-1.8052163770981084,0.9291140169539178,49.87515605493134,-0.723470661672924,-1159.000000000024,-0.723470661672924,-0.8739550115928957,0.5013207146171834,0.15048434991997173,0.30017580668870625,20,breakout,True,False,short,False,-1.0687128712871288,-0.9584158415841693,-0.5776150627615267,-0.16708860759497254
P20|breakout|MA1|BB0|TP20/SL20|TR5-3|both,4891,-3.0571993345235273,-3.6543170942030594,-0.8961680890791454,3,11,-207.50000000001057,-8.293038367585089,-3.3044880123620164,0.8894635653508758,79.61562052749949,-0.4666734819055644,-2282.5000000001155,-0.4666734819055644,-0.8985311095661805,0.10287007243678453,0.43185762766061614,4.198088106975916,20,breakout,True,False,both,True,-0.7773447820344762,-0.9263724434877485,0.09906417112305674,-0.41302521008392024
P20|breakout|MA1|BB0|TP20/SL20|TR5-3|long,2712,-2.306877910318406,-2.891295291847179,-0.541015038168919,2,11,-113.93636363637083,-6.353989659143293,-2.5801240096378417,0.8866171508182688,80.27286135693215,-0.46213126843660707,-1253.3000000000784,-0.46213126843660707,-0.9256070970596639,0.14842661100278254,0.46347582862305686,3.122592542481268,20,breakout,True,False,long,True,-0.8236907730674715,-0.8941176470589701,0.30000000000003757,-0.7948766603414181
P20|breakout|MA1|BB0|TP20/SL20|TR5-3|short,2276,-1.9190238894467535,-2.053375784743293,-0.7492789783194533,3,11,-90.11818181818523,-5.499894054415634,-2.254501150607827,0.8997937852536184,78.95430579964851,-0.43554481546574564,-991.300000000037,-0.43554481546574564,-1.1182680974059198,0.18110019625037468,0.6827232819401742,3.7698649481102464,20,breakout,True,False,short,True,-0.6301861702128774,-0.8056250000001038,-0.25433715220939224,0.057043879907702974
P20|breakout|MA1|BB0|TP15/SL15|TR0-0|both,3931,-2.013636921707177,-1.9801930305264084,-0.9690162537345262,2,11,-169.06363636363278,-5.386162975698846,-2.2651893171307997,0.9385805863527859,51.03027219537013,-0.4730857288221717,-1859.699999999957,-0.4730857288221717,-0.6518337623314212,0.1776760130754907,0.1787480335092495,1.0060335687142155,20,breakout,True,False,both,False,-0.5013605442176763,-0.8492063492063525,0.35103338632754366,-1.3970149253731567
P20|breakout|MA1|BB0|TP15/SL15|TR0-0|long,2127,-0.8562982562878202,-0.876077304134322,-0.3715133342504968,4,11,-51.818181818178324,-3.409217909792699,-1.1249059630480265,0.9646914528538013,51.71603196991067,-0.2679830747531547,-569.99999999996,-0.2679830747531547,-0.32442051059073784,0.17743205634733442,0.05643743583758315,0.3180791396967373,20,breakout,True,False,long,False,-0.44983713355047406,0.07217630853997521,0.8619915848527941,-2.1386727688787692
P20|breakout|MA1|BB0|TP15/SL15|TR0-0|short,1863,-1.734679872002439,-1.731729396153997,-0.8010096669662227,2,11,-97.75454545454444,-4.151556098745983,-2.036508502263719,0.9255791098284328,50.617283950617285,-0.5771873322597895,-1075.2999999999877,-0.5771873322597895,-0.9029953728929103,0.2329084439340321,0.32580804063312085,1.3988674482124024,20,breakout,True,False,short,False,-0.3593481989708255,-1.6374301675977985,-0.23999999999998234,-0.3967741935483719
P20|breakout|MA1|BB0|TP15/SL15|TR5-3|both,5130,-4.851940786041749,-4.471766346060595,-2.6228790426977686,2,11,-290.5272727273586,-10.989167895766357,-5.131584730455782,0.843277836353342,74.77582846003898,-0.6229629629631468,-3195.8000000009433,-0.6229629629631468,-1.0405728868838102,0.10752450191357793,0.41760992392066343,3.8838582508042165,20,breakout,True,False,both,True,-0.7093789607099407,-1.0261569416500884,-0.1584881486228448,-0.8114343029089346
P20|breakout|MA1|BB0|TP15/SL15|TR5-3|long,2803,-3.163304049927969,-3.8038602509680923,-0.9226871503452684,2,11,-137.3818181818645,-7.861038436056073,-3.466745711453892,0.8590968848774878,75.70460221191581,-0.5391366393152014,-1511.2000000005096,-0.5391366393152014,-0.9916531067015262,0.12550531371786186,0.4525164673863248,3.6055562428503203,20,breakout,True,False,long,True,-0.9053012048194666,-0.9121330724072496,0.13514689880288694,-0.7696132596686929
P20|breakout|MA1|BB0|TP15/SL15|TR5-3|short,2368,-3.695582136582302,-2.448229784593445,-2.7689029929722486,2,11,-150.63636363640364,-7.945962458004674,-4.113565158980591,0.8305829908185205,73.77533783783784,-0.6997466216218073,-1657.0000000004397,-0.6997466216218073,-1.0499348431126085,0.12471919359599243,0.3501882214908012,2.8078133877707634,20,breakout,True,False,short,True,-0.49363636363653596,-1.0500000000001706,-0.5832037325040662,-0.8283516483518836
P20|breakout|MA1|BB0|TP30/SL30|TR0-0|both,2539,0.08761018993277825,-0.5828858259412605,0.606462452033488,6,11,11.463636363638408,-1.3235223119295978,-0.15740076719038956,1.0035048709646042,51.00433241433635,0.04966522252856412,126.1000000000243,0.04966522252856412,-0.0791614485054376,0.4600419888967982,0.12882667103400172,0.2800324190905573,20,breakout,True,False,both,False,-0.3836218375499424,-0.9887058823529428,1.333175355450281,-0.5603082851637885
P20|breakout|MA1|BB0|TP30/SL30|TR0-0|long,1452,0.47923984884097,-0.9113022048356021,1.4536459369687373,4,11,46.354545454547456,-0.614062014018734,0.20745473051078153,1.0253433202284332,51.652892561983464,0.3511707988980874,509.9000000000229,0.3511707988980874,0.8233065044648333,0.49450085571375463,-0.47213570556674594,-0.9547722721030943,20,breakout,True,False,long,False,-0.6610978520286414,-1.018631178707231,2.948240165631555,-1.2864111498258393
P20|breakout|MA1|BB0|TP30/SL30|TR0-0|short,1298,-0.4120783779308953,0.3039905567802728,-0.8070790382055868,4,11,-39.67272727272778,-1.3969066737629905,-0.725285644270443,0.9765556588214434,50.154083204930664,-0.33620955315870943,-436.4000000000048,-0.33620955315870943,-0.9538991294522278,0.6147892823361856,0.6176895762935184,1.004717541506761,20,breakout,True,False,short,False,-0.4236585365853714,0.46448979591833095,-1.042159383033425,0.11377952755908725
P20|breakout|MA1|BB0|TP30/SL30|TR5-3|both,4611,-2.025762890843814,-3.56906307432365,0.4757612427519474,4,11,-169.46363636369276,-6.064629698452983,-2.268550413257894,0.9122867279622536,84.75384949034917,-0.4042723921059682,-1864.1000000006195,-0.4042723921059682,-0.7339675886492989,0.15823329484377205,0.3296951965433307,2.083601917465269,20,breakout,True,False,both,True,-1.032319660537523,-1.0200000000000546,0.3234146341461294,0.003969128996461158
P20|breakout|MA1|BB0|TP30/SL30|TR5-3|long,2619,-1.5715911133883698,-3.1265961812586522,0.7536900302651628,3,11,-93.52727272730452,-4.828524014690998,-1.8283785171684042,0.9106145251396354,85.41428025964109,-0.39282168766718173,-1028.800000000349,-0.39282168766718173,-0.7641799924345489,0.22045176206207967,0.3713583047673672,1.6845331663204939,20,breakout,True,False,long,True,-1.1071243523316456,-1.2983333333333973,0.7719257540601087,-0.42831683168336887
P20|breakout|MA1|BB0|TP30/SL30|TR5-3|short,2205,-1.194664416244578,-1.6749032903210317,-0.08628493486431565,5,11,-71.17272727275204,-3.9375031009619264,-1.501403618984371,0.9253485134542152,84.17233560090703,-0.355056689342527,-782.900000000272,-0.355056689342527,-0.9183791598895201,0.24487985200149562,0.5633224705469931,2.3004035078539355,20,breakout,True,False,short,True,-0.675885558583137,-0.7532327586207231,-0.3064080944352735,0.5903381642509267
P20|breakout|MA1|BB0|TP20/SL10|TR0-0|both,4336,-1.3837739442960981,-1.3361277322574923,-0.6738715506052743,4,11,-120.37272727263908,-4.951743748227855,-1.6408933951523146,0.9564149744731154,35.07841328413284,-0.305373616235938,-1324.0999999990272,-0.305373616235938,-0.4964124160574698,0.1567517428953396,0.19103879982153177,1.218734773169859,20,breakout,True,False,both,False,-0.4913043478256181,-0.43656618610700176,0.45014513788097676,-1.0941176470588068
P20|breakout|MA1|BB0|TP20/SL10|TR0-0|long,2351,-0.7264912509594418,-0.7056769868407072,-0.3420276514585768,4,11,-45.09090909086185,-3.460411410189514,-0.9904206017403054,0.9697171360714391,35.43173117822203,-0.21097405359399357,-495.99999999947886,-0.21097405359399357,-0.1261512491107173,0.12065081599526327,-0.08482280448327628,-0.703043769605391,20,breakout,True,False,long,False,-0.47107558139488126,0.22734177215236084,0.8489873417721339,-1.950627615062696
P20|breakout|MA1|BB0|TP20/SL10|TR0-0|short,2016,-1.2150942030013505,-1.4161418609362793,-0.38501994410112994,3,11,-71.4545454545036,-3.6938413209451824,-1.5662139549128606,0.9446174659320205,34.77182539682539,-0.3898809523807232,-785.999999999538,-0.3898809523807232,-0.780304754345772,0.25946228668986493,0.3904238019650488,1.5047420068093442,20,breakout,True,False,short,False,-0.4273734177210507,-1.2090206185562258,-0.052971137521224225,-0.03832923832928182
P20|breakout|MA1|BB0|TP20/SL10|TR5-3|both,5538,-6.032876812256826,-6.1807837080446095,-2.7272428728239837,2,11,-326.05454545449015,-13.209411399105887,-6.350933480589309,0.8242267712831074,65.87215601300109,-0.6476345250992038,-3586.599999999391,-0.6476345250992038,-0.9656828203985283,0.09596481126571009,0.31804829529932443,3.314217900337482,20,breakout,True,False,both,True,-0.8789687137889663,-0.9168819188190569,-0.23649373881923644,-0.6460513796383619
P20|breakout|MA1|BB0|TP20/SL10|TR5-3|long,3013,-4.688179336821706,-5.781678755385961,-1.2814481034731666,2,11,-181.2181818181533,-10.213361641616238,-5.09035570056342,0.8165858505930284,66.57816130102887,-0.6615997344837992,-1993.3999999996868,-0.6615997344837992,-0.9436314536377051,0.0724770485141336,0.2820317191539059,3.891324563236146,20,breakout,True,False,long,True,-1.2370985603542222,-0.8733212341196711,-0.04873609706768423,-0.6085964912279742
P20|breakout|MA1|BB0|TP20/SL10|TR5-3|short,2538,-3.8900014530327804,-3.2207924565217394,-2.376487306038455,2,11,-143.5454545454278,-8.762046281892573,-4.255733942358315,0.8351705707962976,65.05122143420016,-0.6221434200156444,-1578.9999999997056,-0.6221434200156444,-0.9975433518426493,0.10427386341219386,0.37539993182700493,3.600134487614136,20,breakout,True,False,short,True,-0.5214457831324006,-0.9324022346367207,-0.48272859216243813,-0.6491701244812742
P20|breakout|MA1|BB0|TP10/SL20|TR0-0|both,4060,-2.983670429285628,-2.064439240590678,-2.15713119011361,4,11,-239.84545454554456,-6.642827810162163,-3.1908910493692932,0.9044699918529542,66.92118226600985,-0.6498275862071398,-2638.3000000009874,-0.6498275862071398,-0.9239546968807192,0.13350193545012368,0.2741271106735794,2.053356827744219,20,breakout,True,False,both,False,-0.7707317073175414,-0.2478968792406389,-0.3095461658842619,-1.3644171779140786
P20|breakout|MA1|BB0|TP10/SL20|TR0-0|long,2244,-1.7246356709705064,-0.7773547636736525,-1.6191016811622194,5,11,-100.41818181823061,-4.542750847326831,-1.9559994595559134,0.926525073667789,67.51336898395722,-0.49224598930505153,-1104.6000000005356,-0.49224598930505153,-0.7573094983443878,0.16272111383366403,0.26506350903933623,1.628943551297763,20,breakout,True,False,long,False,-0.5207575757580468,0.09845758354707693,-0.0194857916103669,-1.721052631578895
P20|breakout|MA1|BB0|TP10/SL20|TR0-0|short,1917,-2.6471917145579074,-2.1363451321459723,-1.6406961999388578,1,11,-149.10000000004496,-5.165226358675185,-2.9096200642561825,0.8765747053776644,66.09285341679708,-0.8555555555558126,-1640.1000000004929,-0.8555555555558126,-1.1654672077104942,0.2259597182495503,0.3099116521546815,1.3715349556792003,20,breakout,True,False,short,False,-0.9733224222590575,-0.9561855670107766,-0.7268738574040704,-0.7460916442048553
P20|breakout|MA1|BB0|TP10/SL20|TR5-3|both,4891,-5.335701928777595,-4.749029466166906,-2.923568474827025,1,11,-344.481818181855,-10.825507393753663,-5.575288125597847,0.8164925687553343,79.61562052749949,-0.7747495399714587,-3789.3000000004045,-0.7747495399714587,-1.1114511120621713,0.0350324501581511,0.3367015720907126,9.611133979230718,20,breakout,True,False,both,True,-0.997159841479729,-1.0737351991390462,-0.4043449197860823,-0.7113445378150638
P20|breakout|MA1|BB0|TP10/SL20|TR5-3|long,2712,-3.907629890838197,-3.6670222977669384,-1.9446374470120253,2,11,-183.8636363636563,-8.164409204981384,-4.127770137342116,0.817029591901331,80.27286135693215,-0.7457595870207296,-2022.5000000002187,-0.7457595870207296,-1.1582295505025961,0.13288764338789474,0.4124699634818665,3.1039000539567096,20,breakout,True,False,long,True,-1.0668329177059415,-1.0219066937121652,-0.15325842696629216,-0.9994307400378675
P20|breakout|MA1|BB0|TP10/SL20|TR5-3|short,2276,-3.5868953840886717,-2.797437739351795,-2.3121245931866334,2,11,-160.23636363638096,-7.3646212314266934,-3.925765343840585,0.8218264157046459,78.95430579964851,-0.7744288224956898,-1762.60000000019,-0.7744288224956898,-1.148083844479694,0.1640450463978984,0.37365502198400413,2.277758641231309,20,breakout,True,False,short,True,-0.8335106382980684,-0.9631250000001661,-0.8425531914893255,-0.366512702078487
P20|breakout|MA0|BB0|TP20/SL20|TR0-0|both,4647,-2.6499216530092453,-2.693622791580018,-1.242501549101688,2,11,-325.80909090909057,-5.3674123107202725,-2.9212438261700613,0.9249800094614887,50.01075962986873,-0.7712287497310076,-3583.8999999999924,-0.7712287497310076,-0.9271503933723592,0.15663947768022682,0.15592164364135153,0.9954172852878077,20,breakout,False,False,both,False,-1.224032140248359,-0.9926863572433237,0.4735764555341968,-1.9348605577688598
P20|breakout|MA0|BB0|TP20/SL20|TR0-0|long,2687,-0.38938805393637155,-1.6668025424451203,0.99233731691922,4,11,-35.390909090914,-2.5418367579258163,-0.666734722506457,0.9853849908022649,51.61890584294753,-0.1448827688872541,-389.3000000000518,-0.1448827688872541,-0.561316497447575,0.21526986242255097,0.41643372856032085,1.9344729627917325,20,breakout,False,False,long,False,-0.5734161490683182,-1.2474248927038707,1.7158494868870289,-1.5792207792207351
P20|breakout|MA0|BB0|TP20/SL20|TR0-0|short,2689,-3.2808740219544563,-1.933805529108475,-2.660522484307814,1,11,-307.7181818181774,-5.365994487325348,-3.5603252571455806,0.8802945160183745,48.67980661956118,-1.2587950911119186,-3384.899999999949,-1.2587950911119186,-1.3934260024378482,0.18453930615948844,0.13463091132592964,0.7295514117169956,20,breakout,False,False,short,False,-1.276287425149701,-0.7379310344827531,-0.7823030303030322,-2.356460176991062
P20|breakout|MA0|BB0|TP20/SL20|TR5-3|both,7234,-4.867591222805342,-5.817889787849321,-1.537687485788168,2,11,-406.4636363636469,-11.138095874326753,-5.194137925029949,0.8584293001415294,78.91899364113907,-0.6180674592203641,-4471.100000000114,-0.6180674592203641,-0.967699830422775,0.1118450239707791,0.34963237120241086,3.1260431514034694,20,breakout,False,False,both,True,-1.0964991023340658,-0.9645210727970452,0.0790613718412221,-0.6360942760941556
P20|breakout|MA0|BB0|TP20/SL20|TR5-3|long,4023,-2.9808332628096106,-4.314563714207274,-0.08623037628806844,3,11,-178.25454545456225,-7.912856389064234,-3.249186951952148,0.881711348664353,80.06462838677604,-0.48739746457871813,-1960.800000000183,-0.48739746457871813,-0.9461847892920623,0.12524458577583075,0.45878732471334416,3.663130999806295,20,breakout,False,False,long,True,-1.0041029766694896,-1.179524438573461,0.5018297533810868,-0.588250652741416
P20|breakout|MA0|BB0|TP20/SL20|TR5-3|short,3850,-4.249795505650512,-3.74469814459155,-2.4383637631632973,1,11,-266.28181818181923,-8.772211114784104,-4.595890384167175,0.8340763483314697,77.81818181818181,-0.7608051948051973,-2929.1000000000095,-0.7608051948051973,-1.15068651023955,0.1447727269322084,0.3898813154343528,2.693057758157166,20,breakout,False,False,short,True,-0.9542139384118037,-0.8742363877823022,-0.4396279069766429,-0.7876903553297967
P20|breakout|MA0|BB0|TP15/SL15|TR0-0|both,5750,-3.23528029458062,-3.2999824273624068,-1.461738850616918,2,11,-327.58181818181544,-7.280281672153375,-3.4973615529378796,0.9194700767217737,50.55652173913043,-0.6266782608695591,-3603.399999999965,-0.6266782608695591,-0.821287887566155,0.1471822838426692,0.19460962669659587,1.3222354050751395,20,breakout,False,False,both,False,-0.8894736842105287,-0.9359325605900999,0.3977528089888074,-1.5855973813420918
P20|breakout|MA0|BB0|TP15/SL15|TR0-0|long,3184,-1.509019293325123,-2.9661146220673884,0.6529755590471735,2,11,-112.79090909090496,-4.592565371771304,-1.7892976746892577,0.9490624987170205,51.287688442211056,-0.3896670854271205,-1240.6999999999516,-0.3896670854271205,-0.4548481547393156,0.13314641925767762,0.06518106931219514,0.4895442902302204,20,breakout,False,False,long,False,-0.7584631360332258,-1.2920494699646814,0.9672833495618935,-1.2299363057325003
P20|breakout|MA0|BB0|TP15/SL15|TR0-0|short,3121,-3.4378770510446963,-2.138388657354721,-2.6941025829379335,2,11,-256.0727272727283,-6.469971950037606,-3.7199430942605543,0.8861429760952023,49.69561038128805,-0.9025312399871864,-2816.800000000009,-0.9025312399871864,-1.2179153851810547,0.27488920389691374,0.31538414519386826,1.1473136839238711,20,breakout,False,False,short,False,-0.7330569948186497,-1.0382826475849773,-0.4614240170031753,-1.6689024390244231
P20|breakout|MA0|BB0|TP15/SL15|TR5-3|both,7791,-7.254127897330934,-7.1376542881317,-3.6034754065248356,1,11,-538.1000000001359,-14.696567875874457,-7.619767901499601,0.8139478597606954,74.0983185727121,-0.759735592350339,-5919.100000001492,-0.759735592350339,-1.0929259786808363,0.070130420580793,0.33319038633049725,4.751010810588949,20,breakout,False,False,both,True,-0.9977111943406092,-1.0826297577856494,-0.1278931750743569,-1.0451388888891031
P20|breakout|MA0|BB0|TP15/SL15|TR5-3|long,4202,-4.9683433219187885,-6.22425817059314,-1.054046740055502,3,11,-265.50909090916616,-10.654014885730268,-5.23892938358902,0.8241174557673574,74.89290813898144,-0.6950499762020057,-2920.600000000828,-0.6950499762020057,-1.0259475825692959,0.062105099827848446,0.33089760636729015,5.328026318040195,20,breakout,False,False,long,True,-1.1221109399077547,-1.493680297397986,0.27037605525692465,-0.7695214105795468
P20|breakout|MA0|BB0|TP15/SL15|TR5-3|short,4014,-5.756920027513439,-3.7087014693298035,-4.406081486149459,2,11,-308.96363636370376,-11.18762272306339,-6.22636351929457,0.8001117482722767,73.11908320876931,-0.8466865969109965,-3398.60000000074,-0.8466865969109965,-1.133206411984221,0.10120950869060315,0.28651981507322444,2.8309574740562544,20,breakout,False,False,short,True,-0.740408805031637,-0.8405095541402849,-0.6304347826088721,-1.3090361445785248
P20|breakout|MA0|BB0|TP30/SL30|TR0-0|both,3271,0.2727759881984269,-0.6433992070403804,0.8468573950072538,5,11,41.300000000007486,-1.298027496457028,0.010872671479756199,1.0097665109499734,51.02415163558545,0.13888719046165823,454.3000000000841,0.13888719046165823,-0.6333121948695043,0.3707617954071301,0.7721993853311625,2.0827372045796073,20,breakout,False,False,both,False,-0.9356687898089189,0.01120000000000141,1.4521585903084357,-0.45835734870315636
P20|breakout|MA0|BB0|TP30/SL30|TR0-0|long,2088,0.8473846014470319,-1.7117735996323633,2.6508739579558216,6,11,99.76363636364539,-0.4430140970745706,0.6488562136992152,1.0378812199036946,52.20306513409961,0.5255747126437255,1097.4000000000988,0.5255747126437255,0.082222533478565,0.39065023185719816,0.44335217916516045,1.1349082709036442,20,breakout,False,False,long,False,-1.1274636510500722,-1.484675324675324,3.1030701754387167,0.6110000000000295
P20|breakout|MA0|BB0|TP30/SL30|TR0-0|short,2099,-1.672592107645196,-0.21288645463198747,-1.9910069672543902,3,11,-203.99090909091262,-2.9272362232313816,-1.9818443409300623,0.9272259663096984,48.832777513101476,-1.0690328727965879,-2243.900000000038,-1.0690328727965879,-1.7154813524059336,0.3709073367260879,0.6464484796093457,1.7428840456902117,20,breakout,False,False,short,False,-0.8482972136222889,0.3107142857142869,-0.9659476117103475,-2.686590909090964
P20|breakout|MA0|BB0|TP30/SL30|TR5-3|both,6530,-2.906389983454467,-5.5853258183685695,0.8927868884269662,3,11,-297.01818181826343,-7.599069145605145,-3.180915689248016,0.8946981661133573,84.30321592649311,-0.5003369065851294,-3267.2000000008948,-0.5003369065851294,-0.7700278326232723,0.16031054900204567,0.26969092603814293,1.682303053149057,20,breakout,False,False,both,True,-1.359507042253564,-1.3527655838455002,0.4255277368677125,0.08016105417253608
P20|breakout|MA0|BB0|TP30/SL30|TR5-3|long,3851,-1.992392301365841,-4.552069137664315,1.582197017128927,4,11,-146.5727272727762,-5.843848770277096,-2.249384236854562,0.906623191595304,85.14671513892496,-0.4186704752013859,-1612.300000000537,-0.4186704752013859,-0.7073362801663526,0.1848367345672695,0.28866580496496674,1.5617339574883566,20,breakout,False,False,long,True,-1.2754844144903572,-1.6965517241379777,0.9262376237621452,0.012517193947497583
P20|breakout|MA0|BB0|TP30/SL30|TR5-3|short,3649,-2.23042673027707,-2.831657887288274,-0.5197020069818375,5,11,-170.94545454549626,-5.748355275441967,-2.517123991121186,0.8944917322679767,83.77637708961359,-0.5153192655523313,-1880.4000000004569,-0.5153192655523313,-1.0214542365224148,0.2193961054276591,0.5061349709700835,2.306946014303659,20,breakout,False,False,short,True,-1.0814310051107783,-0.7085106382978928,-0.09794921875021104,-0.014745308311223483
P20|breakout|MA0|BB0|TP20/SL10|TR0-0|both,6502,-2.797103969729584,-2.5512725990322247,-1.5118568764618372,3,11,-302.7545454544129,-7.037795754101177,-3.070501629177349,0.927679996525506,34.37403875730544,-0.5121962473082954,-3330.299999998537,-0.5121962473082954,-0.6599246909660407,0.15474052129679064,0.1477284436577453,0.9546849294529889,20,breakout,False,False,both,False,-0.596434108526662,-0.7682815356485226,0.2771853986551355,-1.375125808770636
P20|breakout|MA0|BB0|TP20/SL10|TR0-0|long,3549,-1.6278397620866656,-2.637551087513088,0.1915011397844564,3,11,-125.68181818174615,-4.923866771164442,-1.9168002605623469,0.9446067177126569,34.82671174978867,-0.3895463510845886,-1382.499999999205,-0.3895463510845886,-0.44402697031221583,0.12881745474152564,0.0544806192276272,0.4229288595784125,20,breakout,False,False,long,False,-0.8786443825436313,-0.7541533546321173,0.7665202108962877,-1.1813559322033682
P20|breakout|MA0|BB0|TP20/SL10|TR0-0|short,3413,-2.9586212578135047,-1.2497329838536424,-2.825624183118982,2,11,-226.25454545447027,-6.152479664699615,-3.275778243825523,0.8981010636991469,33.6653970114269,-0.729211837093223,-2488.7999999991703,-0.729211837093223,-0.9499245067808217,0.18338580883554537,0.22071266968759873,1.203542799135166,20,breakout,False,False,short,False,-0.3252399232241014,-0.8869067103104945,-0.3690499510283849,-1.6660351826792468
P20|breakout|MA0|BB0|TP20/SL10|TR5-3|both,8655,-8.69468125539019,-8.883378104318806,-4.0976482847663,1,11,-601.9454545453626,-17.33724804569136,-9.059292478619941,0.7967636388191662,65.11842865395725,-0.765037550548699,-6621.39999999899,-0.765037550548699,-1.027670832623174,0.09977524698986336,0.262633282074475,2.6322488793353442,20,breakout,False,False,both,True,-0.9648758799554026,-1.1374018126886762,-0.1945306439099211,-0.947939640162404
P20|breakout|MA0|BB0|TP20/SL10|TR5-3|long,4569,-6.740753689727675,-8.055721895178381,-1.9157035881504934,2,11,-328.2181818181391,-13.336669020890787,-7.069552959444545,0.786323875809351,65.72554169402494,-0.7901947909826068,-3610.3999999995303,-0.7901947909826068,-0.9700731337950141,0.06315451360861216,0.17987834281240733,2.8482262396503986,20,breakout,False,False,long,True,-1.2887561489808772,-1.304185520361862,0.03556187766719757,-0.7869158878503916
P20|breakout|MA0|BB0|TP20/SL10|TR5-3|short,4316,-5.76634896152465,-4.0162742839956405,-4.170519105151073,2,11,-284.09999999995,-11.943866556943874,-6.165081980718262,0.8106424619933947,64.57367933271547,-0.7240732159405584,-3125.09999999945,-0.7240732159405584,-1.0796342607184233,0.06930885712007125,0.3555610447778649,5.130095337770293,20,breakout,False,False,short,True,-0.584784198975743,-0.9302570093456363,-0.4345228215766496,-1.1326576576575242
P20|breakout|MA0|BB0|TP10/SL20|TR0-0|both,5841,-4.617882826844423,-3.673903254654584,-2.9384825251914246,2,11,-451.57272727284925,-8.908679886421455,-4.837600228063372,0.8776445724222681,66.34137990070194,-0.8504194487247625,-4967.300000001338,-0.8504194487247625,-0.9855711988228588,0.18268123093439473,0.13515175009809632,0.7398228564960382,20,breakout,False,False,both,False,-1.122367672168935,-0.4120408163270057,-0.2873667377399326,-1.6713355048859444
P20|breakout|MA0|BB0|TP10/SL20|TR0-0|long,3312,-1.8602105459482474,-2.457987802266147,-0.25193654750054795,3,11,-132.70909090916777,-5.243013616460208,-2.087690260897072,0.9337917146666513,67.69323671497585,-0.44076086956547217,-1459.8000000008437,-0.44076086956547217,-0.7289988071400896,0.16316387937585644,0.2882379375746174,1.7665548200815109,20,breakout,False,False,long,False,-0.6745365853663223,-0.6743243243247952,0.45409523809513963,-1.3116279069767154
P20|breakout|MA0|BB0|TP10/SL20|TR0-0|short,3224,-4.800407273168009,-3.253204885511975,-3.5308186821108585,0,11,-351.4000000000671,-8.028707458617806,-5.058517758251638,0.8330396171322582,65.07444168734492,-1.198945409429509,-3865.4000000007363,-1.198945409429509,-1.2177521740040962,0.11965612438134117,0.018806764574587298,0.15717343906819675,20,breakout,False,False,short,False,-1.1127093596063742,-0.9728333333337987,-0.9850951374207465,-1.8407239819003935
P20|breakout|MA0|BB0|TP10/SL20|TR5-3|both,7234,-7.737048355921535,-7.131946174445517,-4.094268802299584,0,11,-614.5181818182299,-14.290452174339888,-8.071584343546283,0.7859642012405552,78.91899364113907,-0.9344346143213335,-6759.700000000526,-0.9344346143213335,-1.1966856414528677,0.109953002523053,0.26225102713153425,2.38511928836641,20,breakout,False,False,both,True,-1.3218132854580154,-1.0881992337166457,-0.47396209386279065,-0.9052525252524596
P20|breakout|MA0|BB0|TP10/SL20|TR5-3|long,4023,-4.959367302186948,-5.2450748964703084,-1.8290171543808742,1,11,-281.3727272727627,-10.158020528441455,-5.163768705538664,0.8132827393161095,80.06462838677604,-0.7693512304251524,-3095.1000000003883,-0.7693512304251524,-1.1843817819804792,0.07712894753687378,0.41503055155532675,5.380995914107464,20,breakout,False,False,long,True,-1.2226065969430917,-1.284412153236657,0.002545743834518123,-0.7915143603132716
P20|breakout|MA0|BB0|TP10/SL20|TR5-3|short,3850,-6.462921024946031,-4.8171609197286225,-4.411591083415666,0,11,-387.44545454547716,-11.192197179914261,-6.8151146584916695,0.7585777163476329,77.81818181818181,-1.1069870129870771,-4261.900000000247,-1.1069870129870771,-1.3243947919697465,0.08793420110853994,0.2174077789826694,2.472391586458108,20,breakout,False,False,short,True,-1.1998379254459157,-1.000000000000162,-1.0525581395348338,-1.1380710659897453
P20|reversal|MA0|BB0|TP20/SL20|TR0-0|both,3873,-1.5122568307750002,-1.9806150206050424,-0.3162962624640608,3,11,-174.30000000000484,-3.9418738045310215,-1.7550115064320424,0.951001538469399,50.65840433772269,-0.4950426026336305,-1917.3000000000509,-0.4950426026336305,-0.7744079371191791,0.36457705915394306,0.2793653344855486,0.7662723900781324,20,reversal,False,False,both,False,-1.3587051618547739,-0.40124999999999683,0.23650159744406368,-0.481622911694527
P20|reversal|MA0|BB0|TP20/SL20|TR0-0|long,2191,0.06420283493918398,-1.2615599137944873,1.1968368870351023,4,11,5.363636363629976,-1.848453671929674,-0.18850361482546066,1.0027433311479645,51.89411227749886,0.02692834322224149,58.999999999931106,0.02692834322224149,-0.2930952384258154,0.12979078986975218,0.3200235816480569,2.4656879118249253,20,reversal,False,False,long,False,-0.7655864197530863,-0.6112440191387485,0.9789473684209912,0.3197278911563956
P20|reversal|MA0|BB0|TP20/SL20|TR0-0|short,2118,-1.9008062035404032,-1.4540274117165597,-1.2547516617166827,3,11,-159.79090909090854,-3.744144039922889,-2.2244862591833643,0.9188807509657039,49.905571293673276,-0.8298866855524044,-1757.6999999999925,-0.8298866855524044,-1.2292893862601535,0.24892850585966253,0.3994027007077491,1.6044875990736023,20,reversal,False,False,short,False,-1.3071975497702994,-0.2721052631578869,-0.5439873417721461,-1.008609271523165
P20|reversal|MA0|BB0|TP20/SL20|TR5-3|both,5898,-5.826812924027156,-5.391167068159602,-2.995707009717653,0,11,-439.5727272727356,-11.478277227862252,-6.107838961808447,0.8111955829926404,78.99287894201424,-0.8198202780603749,-4835.300000000091,-0.8198202780603749,-0.9989731519528668,0.13693317532606256,0.1791528738924919,1.3083233735425812,20,reversal,False,False,both,True,-1.070240700218965,-1.3449236298294023,-0.30626076967251004,-0.6980263157893561
P20|reversal|MA0|BB0|TP20/SL20|TR5-3|long,3219,-3.929727438867305,-4.193149351970135,-1.4221445728558044,2,11,-208.02727272728092,-8.398687165049818,-4.1839829287640065,0.8288289636084729,79.93165579372476,-0.7108729419074524,-2288.3000000000893,-0.7108729419074524,-0.8817635769169474,0.15683462915384574,0.17089063500949497,1.089623101297744,20,reversal,False,False,long,True,-0.9545824847252058,-1.4051482059283469,0.12303719008272138,-0.9065286624202891
P20|reversal|MA0|BB0|TP20/SL20|TR5-3|short,3050,-4.542248414055271,-3.8816395666703363,-2.651299387796345,2,11,-246.23636363636678,-8.704379780399316,-4.937561297032643,0.8014150078815144,78.29508196721311,-0.8880655737705027,-2708.600000000033,-0.8880655737705027,-1.2528870110798753,0.16678465794961653,0.36482143730937266,2.1873800731694426,20,reversal,False,False,short,True,-1.0840122199594058,-1.1290322580646341,-0.8496368038739883,-0.38954983922815006
P20|reversal|MA0|BB0|TP15/SL15|TR0-0|both,4667,-2.1913519671888597,-3.1738725251099935,-0.14358800421067472,3,11,-204.82727272726805,-5.7798780642849374,-2.4166229735925637,0.9373043456483728,50.974930362116986,-0.4827726590957673,-2253.099999999946,-0.4827726590957673,-0.9347657572733518,0.13555066707366834,0.4519930981775845,3.3344955649088597,20,reversal,False,False,both,False,-1.0551428571428665,-0.86634499396864,0.4152719665272415,-0.6505976095617474
P20|reversal|MA0|BB0|TP15/SL15|TR0-0|long,2533,-0.9205417076752336,-2.226913705316286,0.809598327131889,4,11,-62.36363636363205,-3.650968366430289,-1.2210004317931216,0.9643120974706368,51.63837347019344,-0.2708251085668973,-685.9999999999508,-0.2708251085668973,-0.3981830873085074,0.18781512212809695,0.1273579787416101,0.6781028987364882,20,reversal,False,False,long,False,-0.866844919786098,-0.9052845528455342,0.7948849104859927,-0.4183953033267955
P20|reversal|MA0|BB0|TP15/SL15|TR0-0|short,2438,-2.890733830309202,-3.3077612727130594,-0.9800084176692231,2,11,-195.0545454545464,-5.529082616811255,-3.2217144293756705,0.888628200070597,49.794913863822806,-0.8800656275635804,-2145.600000000009,-0.8800656275635804,-1.1842086215947272,0.1868548988740265,0.30414299403114675,1.6276961207005514,20,reversal,False,False,short,False,-1.5704095112285628,-1.1131004366812345,0.04365192582028742,-0.9149425287356365
P20|reversal|MA0|BB0|TP15/SL15|TR5-3|both,6218,-7.251372654524312,-6.42934378903142,-3.958467315241506,0,11,-471.3363636364709,-14.044674426699316,-7.581078579188632,0.7929581739331439,74.44515921518173,-0.8338211643617204,-5184.700000001178,-0.8338211643617204,-1.1128565184152808,0.0893784806495834,0.2790353540535604,3.1219523091642642,20,reversal,False,False,both,True,-0.9511954261956325,-1.3726600985223478,-0.32779005524879556,-0.8605055292260987
P20|reversal|MA0|BB0|TP15/SL15|TR5-3|long,3299,-5.456927645730025,-5.5115636401131125,-2.2355165227869307,1,11,-247.33636363642128,-10.751589618244099,-5.73558411245351,0.7903202188739904,75.02273416186723,-0.8247044558959181,-2720.7000000006337,-0.8247044558959181,-1.0859912138868917,0.11769266468989302,0.26128675799097356,2.2200768304416836,20,reversal,False,False,long,True,-0.984845463609382,-1.6488687782807336,-0.02214357937327399,-0.9593167701865357
P20|reversal|MA0|BB0|TP15/SL15|TR5-3|short,3127,-5.217008737960225,-4.310324008229561,-3.1805528025596863,0,11,-244.56363636368988,-10.091625229567617,-5.620256321556041,0.7909663783926204,73.87272145826671,-0.8603133994245564,-2690.200000000588,-0.8603133994245564,-1.2303797905969998,0.09610398251209083,0.37006639117244333,3.8506873648642532,20,reversal,False,False,short,True,-0.9226095617531912,-1.157031250000184,-0.6817319098459742,-0.7010937500001718
P20|reversal|MA0|BB0|TP30/SL30|TR0-0|both,2810,0.03467332972899168,-0.9332125452046841,0.8295591382153436,5,11,4.854545454553602,-1.4253998244689772,-0.21401450969315633,1.0013382117081013,51.17437722419928,0.019003558718893608,53.40000000009104,0.019003558718893608,-0.7792192021407576,0.29005653139382226,0.7982227608596512,2.751955824004079,20,reversal,False,False,both,False,-1.1474264705882387,-0.5984581497797353,1.239451476793318,0.14594594594599294
P20|reversal|MA0|BB0|TP30/SL30|TR0-0|long,1732,1.8097233555353185,-0.7544677698811052,3.1107448437454814,6,11,197.52727272728217,0.6574991402112671,1.5392890384133133,1.0940024140899818,53.34872979214781,1.254503464203294,2172.8000000001052,1.254503464203294,-0.2223194304278703,0.44454266348928406,1.4768228946311643,3.322117348736234,20,reversal,False,False,long,False,-0.09525691699605898,-0.9569321533923211,3.563357400722173,1.7156156156156865
P20|reversal|MA0|BB0|TP30/SL30|TR0-0|short,1725,-1.9148809629273857,-1.0470444572835158,-1.6220264913667382,4,11,-211.60909090909183,-3.05752093480509,-2.2660343834071655,0.9086700122024433,48.81159420289855,-1.3493913043478318,-2327.70000000001,-1.3493913043478318,-1.9048180353262267,0.31830676868176117,0.5554267309783949,1.744941627470395,20,reversal,False,False,short,False,-1.9560975609756057,-0.32668810289388867,-1.4523076923077247,-1.186426592797771
P20|reversal|MA0|BB0|TP30/SL30|TR5-3|both,5396,-3.61250578770181,-5.013321808200207,-0.3017771839531961,3,11,-321.6545454546115,-8.07093131115347,-3.8584038461808574,0.8593725780103939,84.54410674573758,-0.6557079318014685,-3538.200000000724,-0.6557079318014685,-0.8451071017439897,0.19105244179628791,0.18939916994252126,0.9913465023622704,20,reversal,False,False,both,True,-1.3908218356329312,-1.574745417515294,0.23335407591764706,-0.04236842105286577
P20|reversal|MA0|BB0|TP30/SL30|TR5-3|long,3108,-1.9040687192303234,-3.9795203098018885,1.2866377690447328,2,11,-123.45454545458198,-5.451630502806099,-2.1384283235682826,0.9000831414213218,85.52123552123551,-0.43693693693706587,-1358.0000000004006,-0.43693693693706587,-0.7269957322512784,0.1669275934962264,0.2900587953142126,1.7376324024030796,20,reversal,False,False,long,True,-0.9809873949580544,-1.9143089430894393,0.9715665236049702,-0.25008210180650264
P20|reversal|MA0|BB0|TP30/SL30|TR5-3|short,2956,-3.4822725956910237,-3.053277650136687,-1.9315651625688366,2,11,-233.56363636367252,-6.755726966762136,-3.8004656385157722,0.8217331270251823,83.69418132611636,-0.8691474966171845,-2569.2000000003973,-0.8691474966171845,-1.0459310938734805,0.15340539938033906,0.176783597256296,1.1523948829075774,20,reversal,False,False,short,True,-1.4521511017838913,-0.951170568561908,-0.8905118601750324,0.16026490066204208
P20|reversal|MA0|BB0|TP20/SL10|TR0-0|both,5045,-2.0873102992084664,-2.493048191253209,-0.5989616063531344,2,11,-194.29090909080685,-5.950306177347965,-2.3328668867495175,0.9398280318259656,34.72745292368682,-0.4236273538154356,-2137.1999999988725,-0.4236273538154356,-0.6771361464455941,0.12973739352114935,0.25350879263015846,1.9540148429822766,20,reversal,False,False,both,False,-0.8445838837511799,-0.6193231441043365,0.20443285528031374,-0.5594819611471
P20|reversal|MA0|BB0|TP20/SL10|TR0-0|long,2680,-1.082692382244657,-2.3546194735378725,0.713851352121739,4,11,-71.4636363635825,-4.018174561225168,-1.3637901627993132,0.9580426672075529,35.1865671641791,-0.29332089552216617,-786.0999999994053,-0.29332089552216617,-0.4235067608239248,0.14265989282685904,0.13018586530175863,0.9125610760114641,20,reversal,False,False,long,False,-0.9913857677897886,-0.4903474903470242,0.5302439024390105,-0.31940850277267085
P20|reversal|MA0|BB0|TP20/SL10|TR0-0|short,2569,-2.383426344938377,-1.6213946410215452,-1.7497165144445574,3,11,-154.77272727267174,-5.248822951205719,-2.6869202697949257,0.9069265252569713,33.94316854807318,-0.6627092253792868,-1702.4999999993877,-0.6627092253792868,-1.0308206554852477,0.18369965986858297,0.3681114301059609,2.0038764925819916,20,reversal,False,False,short,False,-0.8455808080803384,-0.8652719665267293,-0.19024390243900324,-0.8534759358288742
P20|reversal|MA0|BB0|TP20/SL10|TR5-3|both,6692,-9.370360954740798,-8.254834524308933,-5.182508880693383,0,11,-540.0272727272027,-17.375372202620103,-9.763875109282115,0.7611267492359846,65.55588762701734,-0.887671846981355,-5940.299999999228,-0.887671846981355,-1.0601215411221117,0.09405089034114875,0.17244969414075662,1.8335785393974857,20,reversal,False,False,both,True,-1.0363245823387826,-1.298152254249668,-0.5072402938089273,-0.7817638266067722
P20|reversal|MA0|BB0|TP20/SL10|TR5-3|long,3486,-7.46792607176359,-7.367235363853247,-3.265732298512778,1,11,-297.1272727272377,-13.675119862357272,-7.7790276505650375,0.7458100341419195,65.80608146873207,-0.9375788869763667,-3268.3999999996145,-0.9375788869763667,-0.9769780417224885,0.08765516570219893,0.03939915474612177,0.44947898313234713,20,reversal,False,False,long,True,-1.2693308550184659,-1.4259259259257793,-0.3455072463767246,-0.8083209509657338
P20|reversal|MA0|BB0|TP20/SL10|TR5-3|short,3292,-6.079598770253187,-4.628056444054624,-4.049469745468365,0,11,-251.03636363632657,-11.737638403592904,-6.4702525985744215,0.7763088612927219,65.24908869987848,-0.8388213851760609,-2761.399999999592,-0.8388213851760609,-1.0942174027891418,0.12128248877801522,0.25539601761308095,2.105794663238939,20,reversal,False,False,short,True,-0.7550943396225238,-1.2547584187406988,-0.7099428571427473,-0.716320474777323
P20|reversal|MA0|BB0|TP10/SL20|TR0-0|both,4859,-4.242422144761262,-3.636719801026022,-2.4794804633778926,2,11,-379.71818181828877,-8.164295102314739,-4.494993582479538,0.8763367321561428,66.28935995060712,-0.85962132125976,-4176.900000001174,-0.85962132125976,-0.9594400469235213,0.16669798545655568,0.09981872566376127,0.598799831865849,20,reversal,False,False,both,False,-1.3171758316365834,-0.596535796767218,-0.3554739652871138,-1.1620352250489032
P20|reversal|MA0|BB0|TP10/SL20|TR0-0|long,2691,-1.8957975206073172,-2.292933779093496,-0.46198012412861206,4,11,-123.91818181824588,-4.922964089719894,-2.116147161601713,0.9244300793896787,67.40988480118915,-0.5065403195840592,-1363.1000000007034,-0.5065403195840592,-0.7319774821648318,0.1911256461957452,0.22543716258077262,1.17952335057058,20,reversal,False,False,long,False,-0.9178351783522551,-0.6750000000004689,0.3272727272726302,-1.0079395085066043
P20|reversal|MA0|BB0|TP10/SL20|TR0-0|short,2587,-3.9382311078165815,-2.897458744009624,-2.6956274994515628,0,11,-255.6818181818756,-6.879939864284114,-4.279462524116092,0.8468862793773821,65.44259760340162,-1.0871666022422228,-2812.5000000006303,-1.0871666022422228,-1.2753629560422186,0.28039782334841323,0.18819635379999577,0.67117622937518,20,reversal,False,False,short,False,-1.4808877928487985,-0.477075098814704,-1.1206849315068779,-1.0222222222222095
P20|reversal|MA0|BB0|TP10/SL20|TR5-3|both,5898,-8.007369134703799,-6.634037523868868,-4.788969661131164,0,11,-578.9545454545805,-13.869804498993313,-8.288657294298462,0.7513285773971791,78.99287894201424,-1.0797728043405195,-6368.500000000384,-1.0797728043405195,-1.1909356566000624,0.16490891886820158,0.11116285225954292,0.6740863564109982,20,reversal,False,False,both,True,-1.2801422319476943,-1.5036837376461647,-0.6794945433658295,-0.9636513157893976
P20|reversal|MA0|BB0|TP10/SL20|TR5-3|long,3219,-5.6012791102465345,-5.297285730884553,-2.670182712537984,1,11,-283.345454545476,-10.28088330635608,-5.823028966233176,0.7668549201480878,79.93165579372476,-0.9682510096303932,-3116.8000000002357,-0.9682510096303932,-1.164754833438371,0.16212687848752044,0.19650382380797782,1.2120372984489645,20,reversal,False,False,long,True,-1.2043788187374853,-1.5750390015602227,-0.2197314049586448,-1.1334394904457867
P20|reversal|MA0|BB0|TP10/SL20|TR5-3|short,3050,-6.10473282774889,-4.654583968863427,-4.034923355902235,0,11,-318.13636363638193,-10.434924490995506,-6.510488266710214,0.7434290113273754,78.29508196721311,-1.1473770491803934,-3499.5000000002,-1.1473770491803934,-1.3760059123029085,0.12892308907734304,0.22862886312251507,1.7733740694450544,20,reversal,False,False,short,True,-1.2663951120165016,-1.2551612903227463,-1.2467312348667556,-0.7200964630224327
P20|reversal|MA1|BB0|TP20/SL20|TR0-0|both,3030,-0.7908571725752896,-1.3007083234678607,0.11532118761310202,2,11,-80.46363636364178,-2.955906288290603,-1.0601388847087259,0.9708377675785533,51.25412541254125,-0.2921122112211411,-885.1000000000575,-0.2921122112211411,-0.5204609575375885,0.19616221947816842,0.22834874631644736,1.1640811718173951,20,reversal,True,False,both,False,-1.1268888888888946,-0.12504638218922773,0.25940082644624524,-0.08764044943824051
P20|reversal|MA1|BB0|TP20/SL20|TR0-0|long,1663,-0.08360897355531385,-0.9442670552349024,0.7826637875368314,4,11,-6.200000000002962,-1.721935796562262,-0.3710588605554752,0.9958584588851822,52.07456404088996,-0.041010222489495575,-68.20000000003114,-0.041010222489495575,-0.02685362255917311,0.308095685648226,-0.014156599930322464,-0.045948712006587546,20,reversal,True,False,long,False,-0.8460416666666707,-0.03627450980390177,0.8241758241757735,-0.30513595166165586
P20|reversal|MA1|BB0|TP20/SL20|TR0-0|short,1487,-0.46676195562082246,-0.6668484571007897,-0.03131550312687992,4,11,-32.263636363639094,-2.043910228881491,-0.8100894303703222,0.9759375148314107,51.10961667787491,-0.23866845998656966,-354.9000000000291,-0.23866845998656966,-0.7582895713164584,0.3584439856956933,0.5196211113298888,1.4496577765738532,20,reversal,True,False,short,False,-0.601089324618737,-0.39999999999998465,-0.27175925925928335,0.4987012987012246
P20|reversal|MA1|BB0|TP20/SL20|TR5-3|both,4446,-4.181564033120741,-4.385624077666325,-1.6937815037187411,2,11,-270.54545454545985,-9.204084561436673,-4.488875933721848,0.8397320250526359,79.77957714799821,-0.669365721997314,-2976.000000000058,-0.669365721997314,-0.9698801599339892,0.03993500002872669,0.3005144379366752,7.525089212983706,20,reversal,True,False,both,True,-0.8860907759884142,-1.2499429874573569,-0.10922844175484225,-0.5959137343925998
P20|reversal|MA1|BB0|TP20/SL20|TR5-3|long,2436,-3.22020389592252,-3.6462391412092865,-0.9865947677068183,3,11,-147.30000000000226,-7.180488798044904,-3.5045859653062577,0.835760985251629,80.41871921182266,-0.6651477832512417,-1620.3000000000247,-0.6651477832512417,-0.9060869387484438,0.14889905788765684,0.24093915549720213,1.6181375417364212,20,reversal,True,False,long,True,-0.8346314325453394,-1.4141949152543336,0.13865110246440693,-0.9696202531644255
P20|reversal|MA1|BB0|TP20/SL20|TR5-3|short,2106,-2.6797897243527666,-2.8188828750705537,-1.1130778993780097,4,11,-118.7181818181852,-6.225732233453777,-3.076597589912367,0.8547434457137074,79.24976258309592,-0.6200854700854876,-1305.900000000037,-0.6200854700854876,-0.9786820578985435,0.26779807770523734,0.3585965878130558,1.339055869578569,20,reversal,True,False,short,True,-0.8177842565598763,-1.0484444444445662,-0.4467741935483154,-0.05776699029113261
P20|reversal|MA1|BB0|TP15/SL15|TR0-0|both,3527,-1.1886626177872945,-1.9442727783778029,0.13963840902820118,1,11,-97.24545454544892,-4.316015515982783,-1.4391611015235901,0.9601164776328678,51.5735752764389,-0.30328891409127745,-1069.6999999999355,-0.30328891409127745,-0.6632197157038213,0.1723309167102345,0.35993080161254387,2.088602605287296,20,reversal,True,False,both,False,-0.6979127134724824,-0.6082956259426783,0.28436632747460067,-0.3267489711933979
P20|reversal|MA1|BB0|TP15/SL15|TR0-0|long,1897,-0.06189010927275811,-0.7709558911015895,0.6615034495164782,5,11,-3.6636363636314924,-2.406153451000756,-0.3501884276871616,0.9971476901952772,52.50395361096468,-0.021244069583523865,-40.299999999944774,-0.021244069583523865,-0.3457197683396015,0.28539219524071446,0.3244756987560776,1.1369466445373466,20,reversal,True,False,long,False,-0.43078324225863646,0.09512893982811138,0.5385113268608904,-0.4456692913385693
P20|reversal|MA1|BB0|TP15/SL15|TR0-0|short,1695,-1.4215297817514485,-1.9986761092550327,-0.16364155848574974,3,11,-79.536363636362,-3.6493572198579365,-1.79867423858435,0.9330686373512077,50.85545722713864,-0.5161651917404015,-874.8999999999807,-0.5161651917404015,-1.003282097091923,0.3414270378235595,0.4871169053515214,1.4267086416373698,20,reversal,True,False,short,False,-0.7990566037735832,-1.3292035398230289,0.0860759493671222,-0.11818181818179233
P20|reversal|MA1|BB0|TP15/SL15|TR5-3|both,4591,-5.299586947721879,-5.1183004174595235,-2.5093408225986327,1,11,-293.76363636371,-11.283933271027173,-5.636549248146838,0.8192466466040537,75.2994990198214,-0.7038553692007865,-3231.400000000811,-0.7038553692007865,-0.9803750307051212,0.12713158851325626,0.2765196615043347,2.175066517598822,20,reversal,True,False,both,True,-0.7092973740243109,-1.4493520518360377,-0.2320768662233792,-0.6377630121817864
P20|reversal|MA1|BB0|TP15/SL15|TR5-3|long,2479,-4.03802330953818,-4.31530581717183,-1.4153259377818788,1,11,-157.30909090912976,-8.728139195212279,-4.356385573394396,0.816022540003151,75.91770875352964,-0.6980233965310317,-1730.4000000004276,-0.6980233965310317,-1.007447868156643,0.13058771395305235,0.30942447162561126,2.3694761341549526,20,reversal,True,False,long,True,-0.8317373461014179,-1.453333333333507,-0.047515923567042484,-0.8022774327123792
P20|reversal|MA1|BB0|TP15/SL15|TR5-3|short,2154,-3.482298512712585,-3.2371342223558885,-1.8195055896821308,3,11,-133.71818181821675,-7.628678462326966,-3.9458858543723156,0.8286303476558475,74.69823584029712,-0.6828690807801228,-1470.9000000003844,-0.6828690807801228,-1.0581284505257709,0.14396797395205002,0.3752593697456481,2.606547549739305,20,reversal,True,False,short,True,-0.5950000000001702,-1.2868250539958686,-0.5140597539544891,-0.39360189573477156
P20|reversal|MA1|BB0|TP30/SL30|TR0-0|both,2339,0.3082067313349589,-0.7238122553110652,1.0339599472597245,5,11,40.00000000000584,-1.0037098183428192,0.06340021820183081,1.0133445751269266,51.474989311671656,0.18811457887989108,440.00000000006526,0.18811457887989108,-0.3451986966438729,0.30317706686515217,0.533313275523764,1.7590818495548421,20,reversal,True,False,both,False,-0.9408823529411892,-0.4146699266503893,1.2993531694696714,0.5136268343816083
P20|reversal|MA1|BB0|TP30/SL30|TR0-0|long,1358,1.1163941239605004,-0.8527267537557387,2.3086403010135395,7,11,109.77272727273318,0.11239519374391192,0.831722886659104,1.0655220875906886,53.09278350515464,0.889175257732007,1207.5000000000655,0.889175257732007,0.9388333244623602,0.4263944123074983,-0.04965806673035322,-0.11646040683699636,20,reversal,True,False,long,False,-0.8319899244332627,-0.4007782101167441,3.2044943820226,0.8293436293436943
P20|reversal|MA1|BB0|TP30/SL30|TR0-0|short,1228,-0.5957856566146746,-0.15553788298833027,-0.6529897487619885,3,11,-55.25454545454427,-1.56602520153336,-0.9586059449827613,0.9652212723589806,49.8371335504886,-0.49495114006513563,-607.7999999999865,-0.49495114006513563,-0.7812849190131071,0.5363845245056577,0.2863337789479715,0.5338218495618647,20,reversal,True,False,short,False,-0.7068062827225222,-0.5573839662447315,-0.8599447513812152,0.42753036437254266
P20|reversal|MA1|BB0|TP30/SL30|TR5-3|both,4219,-2.726971228598279,-4.383365645751911,0.32840868852149446,3,11,-211.7818181818666,-6.732206151884147,-2.9664564431232825,0.876952330648329,85.0912538516236,-0.5521687603698818,-2329.6000000005315,-0.5521687603698818,-0.8163377208534417,0.21874792674711502,0.26416896048355987,1.2076409793312195,20,reversal,True,False,both,True,-1.2403387220939641,-1.3859259259259604,0.32398729150098354,-0.004347826087171392
P20|reversal|MA1|BB0|TP30/SL30|TR5-3|long,2383,-1.912736945706898,-3.8446197028253537,1.0954498094147926,4,11,-107.38181818184343,-5.080655202541743,-2.1604978935564088,0.8849002182725032,85.69030633655058,-0.4956777171633561,-1181.2000000002777,-0.4956777171633561,-0.693953015945466,0.23485116456490493,0.19827529878210987,0.8442593808271845,20,reversal,True,False,long,True,-1.2123769338959753,-1.7388768898488136,0.9154569892471293,-0.4197849462367785
P20|reversal|MA1|BB0|TP30/SL30|TR5-3|short,2068,-2.0770896482674135,-2.4480318001655785,-0.5824669310682898,3,11,-116.20909090911356,-4.835890674267236,-2.4143906923304472,0.8674045183909473,84.38104448742747,-0.6181334622825184,-1278.300000000248,-0.6181334622825184,-0.8701499161686443,0.17834993897518284,0.2520164538861259,1.413044800207045,20,reversal,True,False,short,True,-1.1053097345133003,-1.0214932126697311,-0.435714285714514,0.39925373134307135
P20|reversal|MA1|BB0|TP20/SL10|TR0-0|both,3731,-1.7191954022190294,-2.065759586921926,-0.46990439047973565,2,11,-135.25454545446837,-5.127360299076597,-1.9692672201360142,0.9433048422192115,34.81640310908604,-0.3987670865717365,-1487.799999999149,-0.3987670865717365,-0.5578461979560077,0.2014494877151,0.15907911138427117,0.7896724543139512,20,reversal,True,False,both,False,-0.8546916890075728,-0.4687763713075488,0.07155399473223042,-0.36692913385829257
P20|reversal|MA1|BB0|TP20/SL10|TR0-0|long,1997,-0.8291966054235113,-1.6364785462770708,0.4148861707626745,3,11,-46.709090909051184,-3.4017240271248106,-1.1230161618257437,0.9631309289743258,35.35302954431647,-0.25728592889312035,-513.7999999995614,-0.25728592889312035,-0.23838125047714448,0.15703019764476642,-0.018904678415975873,-0.12038880864648735,20,reversal,True,False,long,False,-0.9768041237108682,-0.007547169810858071,0.38065015479876063,-0.473366834170873
P20|reversal|MA1|BB0|TP20/SL10|TR0-0|short,1769,-1.5987093989725452,-1.3623833947029302,-0.9372039297255439,2,11,-85.19999999996175,-4.0222388439972105,-1.9636077600272908,0.925150346215618,34.31317128321085,-0.5297908422835373,-937.1999999995776,-0.5297908422835373,-0.7876891411135652,0.2801128289720955,0.2578982988300279,0.9206943494034664,20,reversal,True,False,short,False,-0.6743169398902451,-0.9718309859150206,-0.2789579158316419,-0.22622950819675397
P20|reversal|MA1|BB0|TP20/SL10|TR5-3|both,4851,-7.577688728409309,-6.653464334689943,-4.197054357411479,0,11,-364.57272727267406,-14.670655776658682,-7.899232635612461,0.7737131958786369,66.15130900845186,-0.826695526695406,-4010.2999999994145,-0.826695526695406,-0.9863063470136865,0.06984946395516194,0.15961082031828044,2.2850686502152473,20,reversal,True,False,both,True,-0.8974137931033106,-1.2665322580643672,-0.611111111111011,-0.5726012793176023
P20|reversal|MA1|BB0|TP20/SL10|TR5-3|long,2610,-6.076039357503795,-6.249237901483967,-2.4918845766911004,1,11,-208.29999999997128,-11.555074600092889,-6.456572873357604,0.7570768219503612,66.51340996168582,-0.8778927203063922,-2291.2999999996837,-0.8778927203063922,-0.9491655844614598,0.12362889306340628,0.07127286415506762,0.5765065300593889,20,reversal,True,False,long,True,-1.2222506393860468,-1.2837301587300098,-0.4412621359222385,-0.649799999999891
P20|reversal|MA1|BB0|TP20/SL10|TR5-3|short,2257,-4.600072190753249,-3.261625156911942,-3.258730351548974,1,11,-153.49090909088437,-9.454907808798158,-5.06355852179126,0.7973887582201538,65.79530350022154,-0.7480726628266408,-1688.3999999997282,-0.7480726628266408,-1.0468852775056976,0.12081511028055948,0.29881261467905684,2.4733049863146066,20,reversal,True,False,short,True,-0.5081521739129109,-1.241260162601474,-0.8655932203388702,-0.43963553530744104
P20|reversal|MA1|BB0|TP10/SL20|TR0-0|both,3742,-2.370761214407414,-1.902888468373224,-1.4826400335854644,2,11,-186.663636363724,-5.843753547832922,-2.6427145006311497,0.9185017305432557,67.26349545697488,-0.5487172634957139,-2053.3000000009615,-0.5487172634957139,-0.9607140328256367,0.1518632372527891,0.4119967693299228,2.7129460479241567,20,reversal,True,False,both,False,-0.7541850220269045,-0.3945147679329662,-0.3442594215601074,-0.6940397350993438
P20|reversal|MA1|BB0|TP10/SL20|TR0-0|long,2046,-1.0759968568666727,-1.0628803989147562,-0.4821791773149331,4,11,-61.44545454550254,-3.722141781780343,-1.3393707456710073,0.9498676041921231,68.03519061583577,-0.3303519061586151,-675.9000000005265,-0.3303519061586151,-0.5157260139392124,0.24766914503021226,0.18537410778059726,0.7484747757254306,20,reversal,True,False,long,False,-0.4946843853825356,-0.06384615384663299,0.29589041095880253,-1.3793450881611762
P20|reversal|MA1|BB0|TP10/SL20|TR0-0|short,1806,-1.9105970815441158,-1.4406395648039698,-1.2768426623473497,3,11,-103.09090909095347,-4.393105300570105,-2.2594065735522664,0.9072946216164987,66.88815060908084,-0.6279069767444558,-1134.0000000004873,-0.6279069767444558,-1.054667265647097,0.25817854946279234,0.42676028890264117,1.6529657083852514,20,reversal,True,False,short,False,-0.8353765323997696,-0.6106666666671384,-1.0631578947368823,0.26557377049174236
P20|reversal|MA1|BB0|TP10/SL20|TR5-3|both,4446,-6.0072921446864225,-5.445558444051002,-3.16808619925262,1,11,-372.627272727297,-11.232483847868137,-6.317928066999033,0.7792599453925467,79.77957714799821,-0.9219298245614636,-4098.900000000267,-0.9219298245614636,-1.1469741796399373,0.1055502244253019,0.22504435507847376,2.132106836378525,20,reversal,True,False,both,True,-1.101390922401362,-1.4082098061575252,-0.43540090771553885,-0.8896708286037613
P20|reversal|MA1|BB0|TP10/SL20|TR5-3|long,2436,-4.585693095384211,-4.540628957636949,-2.013298482475905,2,11,-200.96363636364813,-8.73072307473035,-4.829317561582398,0.7759262074907334,80.41871921182266,-0.9074712643678688,-2210.6000000001286,-0.9074712643678688,-1.0447072269921596,0.1377297161173517,0.13723596262429072,0.996415054739238,20,reversal,True,False,long,True,-1.0798331015300946,-1.5654661016950626,-0.1389105058365436,-1.2409282700420807
P20|reversal|MA1|BB0|TP10/SL20|TR5-3|short,2106,-3.986456805069908,-3.488181363129977,-2.246911052970152,2,11,-168.98181818183176,-7.701697699798264,-4.388215905821655,0.7932438294606211,79.24976258309592,-0.8826210826211534,-1858.8000000001489,-0.8826210826211534,-1.2614988002103196,0.17466349489856478,0.3788777175891662,2.1691866283174863,20,reversal,True,False,short,True,-1.0104956268223442,-1.1975555555557327,-0.8362007168458222,-0.3885922330096415
