n,e1,e1_pf,e1_n,e2,e2_pf,e2_n,e3,e3_pf,e3_n,e4,e4_pf,e4_n,total,design,oos,win_years,worst_year,ex20,rsi,dev,tov,atr,tp,stop,hold,rsi_exit
3269,-756924.1289526457,0.8749010335446049,723,-260370.20217170677,0.9584907917053267,801,-248645.85193610913,0.9598480643568222,857,709095.2072475603,1.1259153762968792,888,-556844.9758129017,-1017294.3311243525,460449.35531145113,11,-428587.4174852967,-1550223.3079729015,35.0,-1.5,2000000000.0,3.0,3.0,2.0,2,50.0
3269,-756924.1289526457,0.8749010335446049,723,-260370.20217170677,0.9584907917053267,801,-248645.85193610913,0.9598480643568222,857,709095.2072475603,1.1259153762968792,888,-556844.9758129017,-1017294.3311243525,460449.35531145113,11,-428587.4174852967,-1550223.3079729015,35.0,-1.5,2000000000.0,3.0,3.0,2.0,2,0.0
2898,-363700.3573214611,0.9424503565305172,660,83313.12747789329,1.012743744779162,734,-709394.2875940797,0.8916818391812841,738,917326.6080082397,1.1563619863633974,766,-72454.90942940803,-280387.2298435678,207932.3204141599,11,-440255.4791701999,-1288041.5735694077,35.0,-1.5,2000000000.0,3.0,3.0,2.0,3,50.0
2896,-343655.3573214611,0.9454536288151725,659,91713.12747789329,1.0140286257983433,734,-709394.2875940797,0.8916818391812841,738,923381.6079802394,1.1574692408381981,765,-37954.909457408416,-251942.2298435678,213987.3203861597,11,-440255.4791701999,-1253541.5735974081,35.0,-1.5,2000000000.0,3.0,3.0,2.0,3,0.0
2579,70443.23071192257,1.0110210762568625,610,92801.71765308356,1.0133806181602587,680,-530629.8515819076,0.9172299184169143,634,1275857.3743080301,1.2244144998430864,655,908472.471091129,163244.94836500613,745227.5227261225,14,-532569.81252806,-282789.19304887054,35.0,-1.5,2000000000.0,3.0,3.0,2.0,5,50.0
2577,44613.230711922486,1.0069798873897742,609,101201.71765308356,1.0145917723865883,680,-515669.8515819073,0.9195634479324355,634,1294622.3743080301,1.2283380632319414,654,924767.471091129,145814.94836500604,778952.5227261228,14,-532569.81252806,-266494.19304887054,35.0,-1.5,2000000000.0,3.0,3.0,2.0,5,0.0
3162,-343078.75079314876,0.9401787504073843,691,103369.41669754972,1.0163733930382295,779,-358360.13512794574,0.9421830674325065,834,620884.2236017401,1.108491834204971,858,22814.754378195736,-239709.33409559904,262524.08847379434,12,-403686.2657336599,-983763.5777818041,35.0,-1.5,2000000000.0,3.0,3.0,3.0,2,50.0
3162,-343078.75079314876,0.9401787504073843,691,103369.41669754972,1.0163733930382295,779,-358360.13512794574,0.9421830674325065,834,620884.2236017401,1.108491834204971,858,22814.754378195736,-239709.33409559904,262524.08847379434,12,-403686.2657336599,-983763.5777818041,35.0,-1.5,2000000000.0,3.0,3.0,3.0,2,0.0
2705,-122276.68481067679,0.9802455893042593,608,472221.5868307359,1.0747252703288401,683,-1156939.25924781,0.8277872845967992,697,530015.3508537196,1.087560041430357,717,-276979.0063740309,349944.9020200591,-626923.9083940905,12,-474069.5156103701,-1392540.671814031,35.0,-1.5,2000000000.0,3.0,3.0,3.0,3,50.0
2704,-122276.68481067679,0.9802455893042593,608,480621.5868307359,1.0760545028083948,683,-1156939.25924781,0.8277872845967992,697,536070.3508257194,1.0886013287593945,716,-262524.006402031,358344.9020200591,-620868.9084220907,12,-474069.5156103701,-1378085.6718420312,35.0,-1.5,2000000000.0,3.0,3.0,3.0,3,0.0
2308,199816.609431763,1.0309714981478988,544,443270.3994581611,1.0640569311691315,606,-1191777.2824598195,0.8249494589673656,569,864210.1162369903,1.1472197799509023,589,315519.8426670949,643087.008889924,-327567.16622282914,16,-739639.18204837,-870125.156672905,35.0,-1.5,2000000000.0,3.0,3.0,3.0,5,50.0
2306,173466.60943176306,1.0268872582114994,543,451670.3994581611,1.065270813761965,606,-1160517.2824598195,0.829334179207799,568,867465.1162369903,1.1477742751769322,589,332084.8426670949,625137.0088899242,-293052.16622282914,16,-739639.18204837,-853560.156672905,35.0,-1.5,2000000000.0,3.0,3.0,3.0,5,0.0
3132,-381970.81858479953,0.9321287957411796,683,452498.9627754999,1.0746673259054613,772,-428043.39293692424,0.9314493778864054,824,392728.5735638998,1.0675597716319298,853,35213.324817675864,70528.14419070038,-35314.81937302445,12,-498155.3922566798,-973715.007342324,35.0,-1.5,2000000000.0,3.0,3.0,4.0,2,50.0
3132,-381970.81858479953,0.9321287957411796,683,452498.9627754999,1.0746673259054613,772,-428043.39293692424,0.9314493778864054,824,392728.5735638998,1.0675597716319298,853,35213.324817675864,70528.14419070038,-35314.81937302445,12,-498155.3922566798,-973715.007342324,35.0,-1.5,2000000000.0,3.0,3.0,4.0,2,0.0
2628,-70724.41763387591,0.9884393243354905,589,756903.2724530662,1.1235668298232202,665,-1145393.5630418784,0.8273051259159468,678,1048092.4412140194,1.1846760304188562,696,588877.7329913313,686178.8548191902,-97301.12182785897,16,-582677.3772410665,-517150.5991686685,35.0,-1.5,2000000000.0,3.0,3.0,4.0,3,50.0
2627,-70724.41763387591,0.9884393243354905,589,765303.2724530662,1.124938156131734,665,-1145393.5630418784,0.8273051259159468,678,1054147.4411860195,1.1858346182200887,695,603332.7329633313,694578.8548191902,-91246.12185585895,16,-582677.3772410665,-502695.5991966685,35.0,-1.5,2000000000.0,3.0,3.0,4.0,3,0.0
2183,157928.01766255696,1.0243933234871774,517,127826.6230391456,1.018492043941633,571,-1098826.894445402,0.8326771398794607,539,1263622.2062067701,1.2298544840761816,556,450549.9524630701,285754.64070170256,164795.31176136807,16,-776759.558797475,-760085.0468769297,35.0,-1.5,2000000000.0,3.0,3.0,4.0,5,50.0
2181,126578.01766255702,1.0195359622797462,517,136226.6230391456,1.019707230304353,571,-1088458.894445402,0.8340474378292383,537,1266877.2062067701,1.2304465727099463,556,441222.95246307034,262804.6407017026,178418.31176136807,15,-776759.558797475,-769412.0468769295,35.0,-1.5,2000000000.0,3.0,3.0,4.0,5,0.0
3225,-623498.9298421603,0.8948728719796254,714,-410149.6498100964,0.9343476431443251,791,11416.102196257649,1.0018931617614801,842,653780.55465016,1.11626287479999,878,-368451.9228058392,-1033648.5796522568,665196.6568464177,11,-464023.7502170396,-1504253.586024239,35.0,-1.5,2000000000.0,3.0,5.0,2.0,2,50.0
3224,-623498.9298421603,0.8948728719796254,714,-410149.6498100964,0.9343476431443251,791,32616.102196257503,1.0054161776731956,841,653780.55465016,1.11626287479999,878,-347251.9228058392,-1033648.5796522568,686396.6568464176,11,-464023.7502170396,-1483053.586024239,35.0,-1.5,2000000000.0,3.0,5.0,2.0,2,0.0
2796,-247758.99613623414,0.9600767727406156,640,153092.15910681002,1.023559360171452,709,-603678.063318687,0.9047471386972099,706,1037190.0638681396,1.1800951788113696,741,338845.1635200286,-94666.83702942412,433512.0005494526,10,-531004.8328372,-998554.8325499715,35.0,-1.5,2000000000.0,3.0,5.0,2.0,3,50.0
2793,-221903.99613623408,0.964052667640017,638,161492.15910681002,1.0248520365997864,709,-620908.7297980471,0.9022339969122251,706,1043890.0638401395,1.1813467187292317,740,362569.49701266864,-60411.83702942406,422981.33404209244,10,-524704.8328372,-974830.4990573315,35.0,-1.5,2000000000.0,3.0,5.0,2.0,3,0.0
2412,899.5595833625412,1.000143083649272,572,-123040.70388060278,0.9826889877885804,644,-531389.263751748,0.9141355333177583,588,1174088.0014272192,1.2021913190355524,608,520557.5933782308,-122141.14429724024,642698.7376754712,14,-695692.6456507,-839625.736591769,35.0,-1.5,2000000000.0,3.0,5.0,2.0,5,50.0
2399,118220.55968536244,1.0190070774825857,570,4299.295995398948,1.0006095022712216,642,-559774.7638412078,0.9095671632787209,585,1355715.0014132194,1.2371190254393474,602,918460.0932527732,122519.8556807614,795940.2375720115,15,-689392.6456507,-454789.90397922695,35.0,-1.5,2000000000.0,3.0,5.0,2.0,5,0.0
3121,-568576.3399721561,0.9001901842901996,683,88114.30221774007,1.0141941358220108,767,-138625.64788153884,0.977082823626416,822,396491.57151033974,1.0685122292308467,849,-222596.11412561487,-480462.037754416,257865.9236288009,11,-476150.5662839999,-1375137.7778426148,35.0,-1.5,2000000000.0,3.0,5.0,3.0,2,50.0
3120,-568576.3399721561,0.9001901842901996,683,88114.30221774007,1.0141941358220108,767,-117425.64788153901,0.9805611928127229,821,396491.57151033974,1.0685122292308467,849,-201396.11412561487,-480462.037754416,279065.9236288007,11,-476150.5662839999,-1353937.7778426148,35.0,-1.5,2000000000.0,3.0,5.0,3.0,2,0.0
2620,-258313.77231377235,0.9581029790619622,593,279826.78841628286,1.0435459763192798,661,-796263.5977063869,0.8759405340102442,670,762044.0405707796,1.1279329823940054,696,-12706.54103309696,21513.016102510504,-34219.55713560735,12,-522598.815768,-1282223.2040430969,35.0,-1.5,2000000000.0,3.0,5.0,3.0,3,50.0
2618,-286318.7723137724,0.9535607654102,593,288226.78841628286,1.044853164252044,661,-795063.5975623867,0.8758935303902683,669,768744.0405427796,1.129118481872788,695,-24411.54091709724,1908.0161025104462,-26319.557019607048,12,-516298.815768,-1293928.2039270974,35.0,-1.5,2000000000.0,3.0,5.0,3.0,3,0.0
2147,248352.15670441644,1.0394367173642278,510,57001.71980886976,1.0081441642961304,565,-1007002.2458976967,0.8419976449316953,524,793105.0100049797,1.1344192870680077,548,91456.64062056883,305353.8765132862,-213897.23589271703,14,-740928.9821179999,-1230876.690189431,35.0,-1.5,2000000000.0,3.0,5.0,3.0,5,50.0
2141,291452.1567044165,1.0466070987625364,508,84351.71980886965,1.0120518164555046,566,-939132.2458976968,0.8524463193920065,523,998895.5099909795,1.1718527180466767,544,435567.1406065696,375803.87651328614,59763.26409328263,14,-734628.9821179999,-900866.1902034304,35.0,-1.5,2000000000.0,3.0,5.0,3.0,5,0.0
3093,-648758.4624940514,0.8837474476242259,676,171487.0285256901,1.027997912105146,761,-242849.17168198712,0.9603893293837493,813,207410.9214724996,1.0349814098174217,843,-512709.6841778489,-477271.43396836135,-35438.25020948751,12,-518763.29262151977,-1649051.3485548487,35.0,-1.5,2000000000.0,3.0,5.0,4.0,2,50.0
3092,-648758.4624940514,0.8837474476242259,676,171487.0285256901,1.027997912105146,761,-221649.17168198712,0.9637988028071375,812,207410.9214724996,1.0349814098174217,843,-491509.68417784874,-477271.43396836135,-14238.250209487509,12,-518763.29262151977,-1627851.3485548485,35.0,-1.5,2000000000.0,3.0,5.0,4.0,2,0.0
2544,-298978.8920241453,0.9513162750347514,572,754097.2073992629,1.1241465115981546,639,-798648.3659422155,0.8765816116714402,656,1176597.2960357994,1.2066214772167982,677,833067.2454687016,455118.31537511764,377948.9300935839,14,-658378.9085033687,-425432.7520492986,35.0,-1.5,2000000000.0,3.0,5.0,4.0,3,50.0
2541,-327978.8920241452,0.9466028036587928,572,762497.2073992629,1.125529397898743,639,-812648.3659422153,0.8742257140981622,655,1164597.2960077995,1.204614775449365,675,786467.2454407014,434518.3153751177,351948.93006558414,14,-658378.9085033687,-472032.7520772988,35.0,-1.5,2000000000.0,3.0,5.0,4.0,3,0.0
2036,-21429.508608052798,0.9966335085082134,485,171300.1309578754,1.025118669373828,532,-1269456.0221305522,0.8028975352960682,497,1193717.4342052196,1.214758184706067,522,74132.03442448971,149870.6223498226,-75738.5879253326,14,-795422.4587915249,-1236551.2963375105,35.0,-1.5,2000000000.0,3.0,5.0,4.0,5,50.0
2029,27840.491391947202,1.0044061785942733,483,171150.13095787528,1.0250981461694837,531,-1177713.0221305524,0.8161527231846869,496,1347535.9341912195,1.2443454768816682,519,368813.5344104895,198990.6223498225,169822.91206066706,14,-789122.4587915249,-958569.7963515106,35.0,-1.5,2000000000.0,3.0,5.0,4.0,5,0.0
3219,-678467.0498111588,0.88598603234058,713,-474442.2928863465,0.9241077039681158,789,-73988.56450402495,0.9877475922199302,841,598083.5549616602,1.1060526612231583,876,-628814.3522398702,-1152909.3426975054,524094.99045763526,12,-511271.7502170397,-2096347.68267987,35.0,-1.5,2000000000.0,3.0,0.0,2.0,2,50.0
3218,-678467.0498111588,0.88598603234058,713,-474442.2928863465,0.9241077039681158,789,-57788.56450402501,0.9904172781876993,840,598083.5549616602,1.1060526612231583,876,-612614.3522398702,-1152909.3426975054,540294.9904576351,12,-511271.7502170397,-2080147.68267987,35.0,-1.5,2000000000.0,3.0,0.0,2.0,2,0.0
2773,-356953.1108937245,0.9417847657762508,634,91812.04087185982,1.0141621171786073,705,-774063.3415557197,0.8778789506723229,701,847743.5637532396,1.1483064852570006,733,-191460.84782434482,-265141.07002186467,73680.22219751985,10,-519749.8328372,-1879437.5114543445,35.0,-1.5,2000000000.0,3.0,0.0,2.0,3,50.0
2769,-386280.2028364444,0.9366854443824144,632,14156.707916860178,1.0021896600181528,704,-847744.0080650797,0.8665353236671711,701,877043.5637252395,1.1535074982081044,732,-342823.9392594244,-372123.49491958425,29299.555660159793,9,-522749.8328372,-1996883.9369294243,35.0,-1.5,2000000000.0,3.0,0.0,2.0,3,0.0
2350,-277508.88099031243,0.9543452240555108,552,-346350.7752169026,0.9513997403019993,630,-608772.297100098,0.9001543264011941,577,966849.3118543196,1.168180141388102,591,-265782.6414529934,-623859.656207215,358077.01475422166,12,-701392.6456507,-2145702.6398409936,35.0,-1.5,2000000000.0,3.0,0.0,2.0,5,50.0
2313,-252267.9165949708,0.9583377179680959,547,-407424.77471090114,0.9416583723468283,620,-881983.3639789576,0.8559011651780678,567,1262150.3122763196,1.22705608767447,579,-279525.74300851044,-659692.6913058719,380166.94829736196,12,-791592.6456507,-2340995.7411135104,35.0,-1.5,2000000000.0,3.0,0.0,2.0,5,0.0
3115,-533906.8901543128,0.905788664518572,682,-25643.007023960017,0.9958740809672343,765,-239387.6478535711,0.960439934443858,821,353794.57185083994,1.0611343507629691,847,-445142.9731810044,-559549.8971782728,114406.92399726884,11,-495095.5662839998,-1912026.3043410042,35.0,-1.5,2000000000.0,3.0,0.0,3.0,2,50.0
3114,-533906.8901543128,0.905788664518572,682,-25643.007023960017,0.9958740809672343,765,-223187.64785357105,0.9630670218694328,820,353794.57185083994,1.0611343507629691,847,-428942.97318100434,-559549.8971782728,130606.9239972689,11,-495095.5662839998,-1895826.3043410042,35.0,-1.5,2000000000.0,3.0,0.0,3.0,2,0.0
2597,-417273.0997950914,0.9319519139201641,590,87072.76597946248,1.0134820623431269,655,-993081.0420223195,0.8451427395758595,666,772635.5407618795,1.1327710389191665,686,-550645.8350760688,-330200.3338156289,-220445.50126043998,11,-522043.3530011911,-2218555.8328710683,35.0,-1.5,2000000000.0,3.0,0.0,3.0,3,50.0
2591,-466280.1917378112,0.9236366478834638,589,138309.43220446276,1.0215112051381778,654,-994245.0418783193,0.8440202748759698,664,805385.5407338795,1.1385476577294042,684,-516830.26067778876,-327970.75953334844,-188859.5011444398,11,-522043.3530011911,-2184673.5917227888,35.0,-1.5,2000000000.0,3.0,0.0,3.0,3,0.0
2099,-59946.05925070701,0.9901696806610621,497,-269915.37359835056,0.9616450268546743,555,-1138439.0570469045,0.8185277728837695,515,399953.1538080797,1.0689713626469826,532,-1068347.3360878823,-329861.4328490576,-738485.9032388248,13,-763905.982118,-2894167.335337882,35.0,-1.5,2000000000.0,3.0,0.0,3.0,5,50.0
2072,-33120.26142936511,0.9945168834134221,491,-295596.92173835076,0.9575041667778093,549,-987754.8241933049,0.8390135768257563,506,630414.65401508,1.1107440448922998,526,-686057.3533459408,-328717.1831677159,-357340.1701782249,13,-773805.982118,-2704250.6839009407,35.0,-1.5,2000000000.0,3.0,0.0,3.0,5,0.0
3087,-561335.2355552427,0.898699564420332,675,9361.719283990227,1.001525352883503,759,-360902.67165401933,0.941261167719559,812,147458.9218129997,1.0248700547616034,841,-765417.2661122725,-551973.5162712525,-213443.74984101963,12,-537708.2926215196,-2232300.597272272,35.0,-1.5,2000000000.0,3.0,0.0,4.0,2,50.0
3086,-561335.2355552427,0.898699564420332,675,9361.719283990227,1.001525352883503,759,-344702.6716540194,0.9438228303186562,811,147458.9218129997,1.0248700547616034,841,-749217.2661122725,-551973.5162712525,-197243.7498410197,12,-537708.2926215196,-2216100.597272272,35.0,-1.5,2000000000.0,3.0,0.0,4.0,2,0.0
2519,-307348.5527433445,0.9491034333268055,567,594039.1849703526,1.0963057314693512,636,-892555.850223023,0.8595696100563028,650,1109340.7965821796,1.2000190444059098,666,503475.5785861644,286690.63222700806,216784.94635915663,15,-710866.4082893688,-1172834.4206638355,35.0,-1.5,2000000000.0,3.0,0.0,4.0,3,50.0
2513,-343215.64486206457,0.9429608031984802,566,633905.8511953529,1.1030596420342176,635,-893005.8502230229,0.8589127826936143,649,1127590.7965541794,1.2035389685835558,663,525275.1526644446,290690.2063332883,234584.94633115653,15,-710866.4082893688,-1153634.8457555554,35.0,-1.5,2000000000.0,3.0,0.0,4.0,3,0.0
1992,-195567.86531089077,0.9680987600155648,474,-222037.7957698349,0.9678767594379744,522,-1200593.3400686774,0.8083125252121259,490,727662.5775688197,1.1329384302911254,506,-890536.4235805828,-417605.66108072567,-472930.7624998577,10,-860045.9584288998,-2819781.4235805827,35.0,-1.5,2000000000.0,3.0,0.0,4.0,5,50.0
1970,-223296.20472027097,0.9632720545028658,472,-315445.6776394349,0.9540651085449301,516,-1017950.0070950773,0.8328040517410041,482,823638.5776748197,1.151136740188112,500,-733053.3117799636,-538741.8823597059,-194311.42942025757,11,-869945.9584288999,-2811106.642334963,35.0,-1.5,2000000000.0,3.0,0.0,4.0,5,0.0
4968,-2155182.1587733445,0.8226864333962379,1252,286404.17625679,1.0255535761889567,1342,-479601.7718149953,0.9464838691584099,1172,676170.1284413917,1.0794507995019764,1202,-1672209.6258901581,-1868777.9825165544,196568.35662639642,10,-603379.4298075207,-2823862.956640158,35.0,-1.5,2000000000.0,4.5,3.0,2.0,2,50.0
4968,-2155182.1587733445,0.8226864333962379,1252,286404.17625679,1.0255535761889567,1342,-479601.7718149953,0.9464838691584099,1172,676170.1284413917,1.0794507995019764,1202,-1672209.6258901581,-1868777.9825165544,196568.35662639642,10,-603379.4298075207,-2823862.956640158,35.0,-1.5,2000000000.0,4.5,3.0,2.0,2,0.0
4375,-1754114.0507529778,0.8599096465454911,1149,241920.9899802974,1.0210476959086165,1204,-1029269.5457280751,0.8875243692383312,994,1008074.6518881017,1.1177660168656056,1028,-1533387.954612654,-1512193.0607726804,-21194.893839973374,11,-644462.9136653374,-2829229.6178426538,35.0,-1.5,2000000000.0,4.5,3.0,2.0,3,50.0
4373,-1734444.0507529776,0.8612683938700698,1148,250320.98998029743,1.021778515692575,1204,-1029269.5457280751,0.8875243692383312,994,1014129.6518601017,1.1185121441448596,1027,-1499262.954640654,-1484123.0607726802,-15139.893867973355,11,-644462.9136653374,-2795104.617870654,35.0,-1.5,2000000000.0,4.5,3.0,2.0,3,0.0
3912,-1666941.6779770674,0.8680109233830772,1077,127527.86301452294,1.010886341491355,1095,-1145098.7604686646,0.8748394494762046,862,803060.9094644721,1.0973540721692951,878,-1881451.6659667366,-1539413.8149625445,-342037.8510041925,12,-745703.3975075368,-3166193.329196736,35.0,-1.5,2000000000.0,4.5,3.0,2.0,5,50.0
3908,-1673621.6779770674,0.8672807556806971,1075,135927.86301452294,1.0116034025818945,1095,-1118138.7604686646,0.8776256993038393,861,821825.9094644721,1.0998166106841814,877,-1834006.6659667369,-1537693.8149625445,-296312.8510041925,12,-745703.3975075368,-3118748.3291967367,35.0,-1.5,2000000000.0,4.5,3.0,2.0,5,0.0
4727,-1887754.5343543482,0.8478690511714337,1184,126995.47043604654,1.0109979130309266,1276,-694049.0069786693,0.9246692772957074,1124,208449.82862669148,1.023406967800812,1143,-2246358.242270279,-1760759.0639183016,-485599.17835197784,9,-800627.6615299734,-3398011.573020279,35.0,-1.5,2000000000.0,4.5,3.0,3.0,2,50.0
4727,-1887754.5343543482,0.8478690511714337,1184,126995.47043604654,1.0109979130309266,1276,-694049.0069786693,0.9246692772957074,1124,208449.82862669148,1.023406967800812,1143,-2246358.242270279,-1760759.0639183016,-485599.17835197784,9,-800627.6615299734,-3398011.573020279,35.0,-1.5,2000000000.0,4.5,3.0,3.0,2,0.0
4039,-1354147.923532991,0.8953235702198057,1045,-115798.67623606953,0.9904426098382748,1117,-608825.9831163709,0.9335606986110355,934,604830.6424327593,1.0676142747405668,943,-1473941.940452672,-1469946.5997690605,-3995.3406836115755,11,-757229.2599145633,-2752450.2705226718,35.0,-1.5,2000000000.0,4.5,3.0,3.0,3,50.0
4038,-1354147.923532991,0.8953235702198057,1045,-107398.67623606953,0.9911358999514954,1117,-608825.9831163709,0.9335606986110355,934,610885.6424047593,1.0683125484910736,942,-1459486.9404806728,-1461546.5997690605,2059.659288388444,11,-757229.2599145633,-2737995.270550673,35.0,-1.5,2000000000.0,4.5,3.0,3.0,3,0.0
3466,-1186068.0391038414,0.9086894811990872,945,-509082.3404302979,0.9592140352304829,969,-1081437.5107258065,0.8863018668134363,771,50212.14894401815,1.0057095632689257,781,-2726375.7413159274,-1695150.3795341393,-1031225.3617817883,10,-732694.9488710331,-4038700.738905927,35.0,-1.5,2000000000.0,4.5,3.0,3.0,5,50.0
3465,-1212418.0391038414,0.906660902659679,944,-500682.3404302979,0.9598870149763024,969,-1058427.5107258065,0.8887210487066803,771,50212.14894401815,1.0057095632689257,781,-2721315.7413159274,-1713100.3795341393,-1008215.3617817883,10,-732694.9488710331,-4033640.738905927,35.0,-1.5,2000000000.0,4.5,3.0,3.0,5,0.0
4636,-1794557.4176073952,0.8536473197568438,1146,-57399.1086499315,0.9950138263771244,1251,2005.3195903545711,1.0002276516370103,1111,260148.08372924972,1.0293264359479153,1128,-1589803.1229377228,-1851956.5262573268,262153.4033196043,7,-876043.8925153798,-2741456.453687723,35.0,-1.5,2000000000.0,4.5,3.0,4.0,2,50.0
4636,-1794557.4176073952,0.8536473197568438,1146,-57399.1086499315,0.9950138263771244,1251,2005.3195903545711,1.0002276516370103,1111,260148.08372924972,1.0293264359479153,1128,-1589803.1229377228,-1851956.5262573268,262153.4033196043,7,-876043.8925153798,-2741456.453687723,35.0,-1.5,2000000000.0,4.5,3.0,4.0,2,0.0
3849,-1597247.788663985,0.8764705531747595,983,263824.6373976368,1.0221686241535863,1072,-564524.7617932614,0.935733447646334,889,992080.6313044296,1.1134682445849018,905,-905867.2817551801,-1333423.151266348,427555.8695111682,10,-610999.0548869566,-2333358.94582518,35.0,-1.5,2000000000.0,4.5,3.0,4.0,3,50.0
3848,-1597247.788663985,0.8764705531747595,983,272224.6373976368,1.0228744583195193,1072,-564524.7617932614,0.935733447646334,889,998135.6312764296,1.1141973506260343,904,-891412.2817831801,-1325023.151266348,433610.86948316824,10,-610999.0548869566,-2318903.94585318,35.0,-1.5,2000000000.0,4.5,3.0,4.0,3,0.0
3190,-1343494.9244096673,0.8952814280879966,858,466109.18693216017,1.039113482999059,906,-928392.7577775314,0.8974118323725477,718,785991.5517210638,1.0976782814600496,708,-1019786.9435339745,-877385.7374775071,-142401.2060564676,13,-681489.96131628,-2474041.9411239745,35.0,-1.5,2000000000.0,4.5,3.0,4.0,5,50.0
3189,-1365844.9244096673,0.8935808338206196,858,474509.18693216017,1.039818367747962,906,-861122.7577775313,0.90442531440018,717,785991.5517210638,1.0976782814600496,708,-966466.9435339745,-891335.7374775071,-75131.20605646749,13,-681489.96131628,-2420721.9411239745,35.0,-1.5,2000000000.0,4.5,3.0,4.0,5,0.0
4846,-2079530.3518105254,0.8286994335933603,1225,357465.4715635036,1.0322920282983896,1305,-385624.9946707295,0.9567560127087342,1149,830153.6997356019,1.0984397197315767,1167,-1277536.1751821497,-1722064.8802470218,444528.7050648724,11,-746280.2087514976,-2566411.17166165,35.0,-1.5,2000000000.0,4.5,5.0,2.0,2,50.0
4845,-2079530.3518105254,0.8286994335933603,1225,357465.4715635036,1.0322920282983896,1305,-364424.99467072956,0.9590957673244271,1148,830153.6997356019,1.0984397197315767,1167,-1256336.1751821495,-1722064.8802470218,465728.70506487234,11,-746280.2087514976,-2545211.17166165,35.0,-1.5,2000000000.0,4.5,5.0,2.0,2,0.0
4144,-1683119.6992490012,0.8643946745180721,1092,218813.89057218417,1.0193149244349078,1136,-977179.9813984352,0.890922474416488,945,1627943.626011642,1.1974961442346133,971,-813542.1640636097,-1464305.808676817,650763.6446132067,12,-661689.4976908203,-2274992.16031111,35.0,-1.5,2000000000.0,4.5,5.0,2.0,3,50.0
4140,-1657639.699249001,0.866097140346987,1090,227213.89057218417,1.0200564009692767,1136,-955539.9813984352,0.8930330834934679,944,1638393.6259836417,1.1988314400677331,970,-747572.1640916101,-1430425.8086768168,682853.6445852065,12,-665689.4976908203,-2209022.1603391105,35.0,-1.5,2000000000.0,4.5,5.0,2.0,3,0.0
3544,-1548599.4640115597,0.8743625846526537,982,115183.21025440784,1.0099336279400226,1001,-940173.4777080354,0.8923952155297405,778,1481802.9021651414,1.1914983295145565,783,-891786.8293000457,-1433416.2537571518,541629.424457106,12,-696976.8312484969,-2321436.825547546,35.0,-1.5,2000000000.0,4.5,5.0,2.0,5,50.0
3526,-1454853.46432326,0.8810255588339309,977,338221.8766016895,1.029447703873445,996,-995013.9781803752,0.8866398782433125,775,1609659.4021511413,1.2097202955029716,778,-501986.16375080403,-1116631.5877215704,614645.4239707661,13,-655156.8312484969,-1941436.1599983042,35.0,-1.5,2000000000.0,4.5,5.0,2.0,5,0.0
4617,-1838506.570190251,0.8515640156378593,1158,398673.0968655201,1.0350262082612487,1244,-611103.1237486692,0.933563087321679,1104,292373.23305236176,1.0326649846084146,1111,-1758563.3640210386,-1439833.473324731,-318729.8906963074,10,-670515.3403126954,-3112768.361183039,35.0,-1.5,2000000000.0,4.5,5.0,3.0,2,50.0
4616,-1838506.570190251,0.8515640156378593,1158,398673.0968655201,1.0350262082612487,1244,-589903.1237486694,0.9358106511937644,1103,292373.23305236176,1.0326649846084146,1111,-1737363.3640210386,-1439833.473324731,-297529.89069630764,10,-670515.3403126954,-3091568.361183039,35.0,-1.5,2000000000.0,4.5,5.0,3.0,2,0.0
3836,-1341922.6029485748,0.896770891813894,1000,-224230.70136590267,0.981439491681408,1056,-740986.9828849309,0.9180759285325888,885,1026909.3373738797,1.1176058698870446,895,-1280230.9498255285,-1566153.3043144774,285922.3544889488,11,-866969.521956467,-2800210.9475955283,35.0,-1.5,2000000000.0,4.5,5.0,3.0,3,50.0
3835,-1369927.6029485748,0.8946166119953456,1000,-215830.70136590267,0.9821347946391495,1056,-720086.9828849309,0.9202066790830551,885,1033609.3373458798,1.1184111519745223,894,-1272235.9498535288,-1585758.3043144774,313522.35446094885,11,-866969.521956467,-2792215.9476235285,35.0,-1.5,2000000000.0,4.5,5.0,3.0,3,0.0
3131,-1675534.7292363427,0.8715222157122838,857,-233623.95192821207,0.9811839336001446,889,-824554.7285601345,0.9081915306265681,687,863762.5124179081,1.1043473577629854,698,-1869950.8973067817,-1909158.6811645548,39207.783857773524,13,-829451.8965814671,-3402300.895076782,35.0,-1.5,2000000000.0,4.5,5.0,3.0,5,50.0
3123,-1660549.7295118924,0.8722355325178863,854,-124129.28528795694,0.9899572321074328,888,-808815.5620705846,0.9102953555811284,687,931288.012403908,1.112589731007495,694,-1662206.5644665267,-1784679.0147998494,122472.45033332333,13,-829451.8965814671,-3203956.562236527,35.0,-1.5,2000000000.0,4.5,5.0,3.0,5,0.0
4534,-1743312.935005216,0.8583745902396756,1123,222329.44738942228,1.0196001243301913,1224,117010.10100906325,1.0134135771708963,1088,501129.93251828104,1.0568366869484833,1099,-902843.4540884496,-1520983.4876157937,618140.0335273442,10,-884255.8928971502,-2241648.4519104497,35.0,-1.5,2000000000.0,4.5,5.0,4.0,2,50.0
4533,-1743312.935005216,0.8583745902396756,1123,222329.44738942228,1.0196001243301913,1224,138210.1010090633,1.0158587691732412,1087,501129.93251828104,1.0568366869484833,1099,-881643.4540884496,-1520983.4876157937,639340.0335273443,10,-884255.8928971502,-2220448.4519104497,35.0,-1.5,2000000000.0,4.5,5.0,4.0,2,0.0
3668,-1297409.2089984252,0.900271245151559,943,-71580.38054960826,0.993983515901733,1010,-518281.1489616112,0.9405310157763641,851,1406454.1930303697,1.1643449711044451,864,-480816.5454792746,-1368989.5895480334,888173.0440687585,11,-672405.7415979689,-2172546.5439092745,35.0,-1.5,2000000000.0,4.5,5.0,4.0,3,50.0
3667,-1326409.2089984252,0.8980499209030712,943,-63180.380549608264,0.9946895538696425,1010,-498981.1489616112,0.9425444757232875,851,1366204.1930023693,1.159168393303638,863,-522366.54550727457,-1389589.5895480334,867223.044040758,11,-672405.7415979689,-2214096.5439372743,35.0,-1.5,2000000000.0,4.5,5.0,4.0,3,0.0
2899,-1786452.7430713437,0.8625129479467918,780,463521.58652230806,1.0385222793380224,826,-331546.0916036614,0.9612650616277384,644,1401440.801690094,1.1805455623401402,649,-253036.44646260352,-1322931.1565490356,1069894.7100864325,15,-768067.5087502401,-1981066.4448926037,35.0,-1.5,2000000000.0,4.5,5.0,4.0,5,50.0
2891,-1759072.743071344,0.8645077283804122,779,497596.5865223078,1.0415305514895703,824,-142893.42517207153,0.9830811843590976,641,1464919.6351060937,1.1869159463141414,647,60550.05338498624,-1261476.156549036,1322026.2099340223,15,-769567.5087502401,-1674129.9450450137,35.0,-1.5,2000000000.0,4.5,5.0,4.0,5,0.0
4819,-2014690.0309540755,0.8313683676229394,1212,204458.25127630075,1.0184729722716328,1298,-475952.9111960121,0.9466308294316852,1146,909320.7000841021,1.1077009678731484,1163,-1376863.990789685,-1810231.7796777748,433367.78888809,11,-807750.4862707229,-3384580.655826685,35.0,-1.5,2000000000.0,4.5,0.0,2.0,2,50.0
4818,-2014690.0309540755,0.8313683676229394,1212,204458.25127630075,1.0184729722716328,1298,-459752.91119601217,0.9483999098185961,1145,909320.7000841021,1.1077009678731484,1163,-1360663.990789685,-1810231.7796777748,449567.78888808994,11,-807750.4862707229,-3368380.655826685,35.0,-1.5,2000000000.0,4.5,0.0,2.0,2,0.0
4052,-1877900.0022511824,0.8455206135046042,1057,132680.96386532456,1.011849598297803,1118,-765953.8427458181,0.9132247367218961,932,1898631.2924268122,1.2387942587250471,945,-612541.5887048634,-1745219.0383858578,1132677.4496809943,12,-703234.3307259205,-2825108.2544768634,35.0,-1.5,2000000000.0,4.5,0.0,2.0,3,50.0
4044,-1875256.0941939023,0.8447083353804157,1053,104328.96413532482,1.0093479396004257,1116,-797763.842775818,0.9093587021746031,931,1899225.292440812,1.2389348996571459,944,-669465.6803935831,-1770927.1300585775,1101461.4496649941,11,-746984.3307259205,-2827582.346165583,35.0,-1.5,2000000000.0,4.5,0.0,2.0,3,0.0
3361,-2129382.793003202,0.8217780954423584,924,416332.48849250964,1.0368201474208174,954,-627710.2288254182,0.925076424824421,745,764840.3795487719,1.1008535237007184,738,-1575920.1537873377,-1713050.3045106924,137130.15072335373,13,-753508.6797696884,-4226610.153787337,35.0,-1.5,2000000000.0,4.5,0.0,2.0,5,50.0
3301,-1942376.3284975598,0.8347983974486856,908,567624.8215247917,1.0513682585330544,938,-694045.0621543579,0.9159318174282924,731,776961.379885772,1.1037190692793064,724,-1291835.1892413544,-1374751.506972768,82916.3177314141,13,-802416.6797696884,-4062770.1892413544,35.0,-1.5,2000000000.0,4.5,0.0,2.0,5,0.0
4589,-1676817.9268593795,0.8624189104078581,1146,227359.06587771716,1.019891350684349,1237,-715600.8734407017,0.9221919173829296,1100,328213.23340086173,1.0366958453844293,1106,-1836846.501021502,-1449458.8609816623,-387387.64003984,9,-708545.3403126954,-3991704.831778752,35.0,-1.5,2000000000.0,4.5,0.0,3.0,2,50.0
4588,-1676817.9268593795,0.8624189104078581,1146,227359.06587771716,1.019891350684349,1237,-699400.8734407016,0.9238854981639343,1099,328213.23340086173,1.0366958453844293,1106,-1820646.5010215016,-1449458.8609816623,-371187.6400398399,9,-708545.3403126954,-3975504.8317787517,35.0,-1.5,2000000000.0,4.5,0.0,3.0,2,0.0
3754,-1693103.1795610152,0.8662058684010032,965,-459874.192632362,0.9617971264071843,1042,-788949.3000132304,0.9126999213724823,874,907533.5037201499,1.1056877980474447,873,-2034393.1684864578,-2152977.3721933775,118584.20370691945,10,-927969.5219524669,-4326033.168486457,35.0,-1.5,2000000000.0,4.5,0.0,3.0,3,50.0
3747,-1725250.2717447353,0.8630614631877751,963,-454722.1931493617,0.9620894680650346,1041,-687329.0500132303,0.9232183987004011,871,860460.5036921498,1.100083212085248,872,-2006841.011215177,-2179972.464894097,173131.45367891947,8,-927969.5219524669,-4263031.011215176,35.0,-1.5,2000000000.0,4.5,0.0,3.0,3,0.0
2966,-2020233.3148163967,0.8397142974330917,807,-480186.9605950995,0.9612090132866279,850,-304818.4248159419,0.9631406731287757,652,122437.85650095809,1.015330392209196,657,-2682800.84372648,-2500420.275411496,-182380.5683149838,11,-869356.896717467,-5287100.84372648,35.0,-1.5,2000000000.0,4.5,0.0,3.0,5,50.0
2925,-1804465.266474089,0.8544755483953301,796,-547844.9605684442,0.9548242921208514,838,-328988.925014662,0.9608970898420679,643,143860.85670695815,1.017901008632114,648,-2537438.2953502373,-2352310.227042533,-185128.06830770383,9,-886856.8967174671,-5480083.295350237,35.0,-1.5,2000000000.0,4.5,0.0,3.0,5,0.0
4512,-1234209.376186972,0.8970928025047341,1113,24961.832727969217,1.0021958936074074,1218,-146403.78236936903,0.9833798666507533,1086,509122.43286678125,1.0572241005076242,1095,-846528.8929615899,-1209247.5434590029,362718.6504974122,11,-748242.5597233002,-3019237.2237188397,35.0,-1.5,2000000000.0,4.5,0.0,4.0,2,50.0
4511,-1234209.376186972,0.8970928025047341,1113,24961.832727969217,1.0021958936074074,1218,-130203.78236936918,0.9852051599579007,1085,509122.43286678125,1.0572241005076242,1095,-830328.8929615901,-1209247.5434590029,378918.6504974121,11,-748242.5597233002,-3003037.22371884,35.0,-1.5,2000000000.0,4.5,0.0,4.0,2,0.0
3583,-1362519.1292635319,0.8909262089483914,911,-131400.88780271768,0.9888580644316967,996,-473924.8989138376,0.9450956320601023,839,1294259.35835246,1.1585066086958884,837,-673585.5576276267,-1493920.0170662496,820334.4594386223,10,-670274.740639969,-3101885.5576276267,35.0,-1.5,2000000000.0,4.5,0.0,4.0,3,50.0
3578,-1374486.2213822517,0.8893035881314483,909,-74207.55522771744,0.9936809154161419,995,-276224.8989138376,0.9677588907955847,839,1181867.3583244598,1.1441420181723865,835,-543051.3171993466,-1448693.776609969,905642.4594106221,9,-670274.740639969,-2935901.3171993466,35.0,-1.5,2000000000.0,4.5,0.0,4.0,3,0.0
2733,-2300734.7110283305,0.8154761685896154,732,526449.3563560683,1.0452315887613486,783,-207272.55996871163,0.9748743434241266,610,892487.0464142838,1.1201062396324621,608,-1089070.8682266907,-1774285.3546722622,685214.4864455722,13,-804929.4424362261,-3888454.200097691,35.0,-1.5,2000000000.0,4.5,0.0,4.0,5,50.0
2697,-1979175.3232060345,0.8384465540059588,726,345132.68919104896,1.0300384537812342,774,310335.9062447283,1.037733737359576,601,893366.3799782839,1.1203432214967535,596,-430340.3477919735,-1634042.6340149855,1203702.2862230123,13,-655329.4426762102,-3557718.6796219735,35.0,-1.5,2000000000.0,4.5,0.0,4.0,5,0.0
4494,-1753382.2297846456,0.8096309619457799,1082,-339421.517766678,0.9634002294719083,1188,-710048.1582863883,0.910754793336014,1091,432257.0091075203,1.0578421789371923,1133,-2370594.896730191,-2092803.7475513236,-277791.149178868,10,-495899.5162577997,-3583389.896070191,35.0,-1.5,800000000.0,3.0,3.0,2.0,2,50.0
4494,-1753382.2297846456,0.8096309619457799,1082,-339421.517766678,0.9634002294719083,1188,-710048.1582863883,0.910754793336014,1091,432257.0091075203,1.0578421789371923,1133,-2370594.896730191,-2092803.7475513236,-277791.149178868,10,-495899.5162577997,-3583389.896070191,35.0,-1.5,800000000.0,3.0,3.0,2.0,2,0.0
3894,-998994.4387085808,0.8931758654295466,970,131055.31744113407,1.0140721147205272,1057,-683981.5906600374,0.9135387352171613,909,880923.5754743596,1.1182666157587373,958,-670997.1364531247,-867939.1212674468,196941.9848143222,13,-651984.7002898896,-1965850.4672131245,35.0,-1.5,800000000.0,3.0,3.0,2.0,3,50.0
3892,-992507.7719085808,0.8936500123945587,969,139455.31744113407,1.01497406792594,1057,-683981.5906600374,0.9135387352171613,909,886978.5754463596,1.1191242973701294,957,-650055.4696811248,-853052.4544674468,202996.98478632222,13,-651984.7002898896,-1944908.8004411245,35.0,-1.5,800000000.0,3.0,3.0,2.0,3,0.0
3354,-888198.1175045285,0.9061027677072359,871,668797.6312596959,1.0724970023993625,937,130535.2277604841,1.0177323576121409,752,1634195.74150331,1.2311117758222996,794,1545330.4830189613,-219400.48624483263,1764730.969263794,14,-594034.4790982001,124658.63493603934,35.0,-1.5,800000000.0,3.0,3.0,2.0,5,50.0
3348,-802689.6175045285,0.9144861597284312,869,682977.6312596959,1.0740341003883112,937,164781.2277604842,1.0225518128065811,748,1639760.74150331,1.231974573861319,794,1684829.9830189615,-119711.98624483263,1804541.9692637941,14,-574714.4790982001,264158.13493603957,35.0,-1.5,800000000.0,3.0,3.0,2.0,5,0.0
4325,-1507028.3888763858,0.8357061087673952,1039,-243125.7995902579,0.9737781300497128,1140,-978576.7212131597,0.8793765197189976,1057,-63104.9237414106,0.9917830766703456,1089,-2791835.8334212136,-1750154.1884666437,-1041681.6449545703,10,-538578.8992872898,-3960230.8327612136,35.0,-1.5,800000000.0,3.0,3.0,3.0,2,50.0
4325,-1507028.3888763858,0.8357061087673952,1039,-243125.7995902579,0.9737781300497128,1140,-978576.7212131597,0.8793765197189976,1057,-63104.9237414106,0.9917830766703456,1089,-2791835.8334212136,-1750154.1884666437,-1041681.6449545703,10,-538578.8992872898,-3960230.8327612136,35.0,-1.5,800000000.0,3.0,3.0,3.0,2,0.0
3602,-1421052.5046683587,0.8520143563132397,894,95863.87386426463,1.0105114590453517,971,-850869.7885843548,0.8922225881895997,846,302407.8169665397,1.0394117007137311,891,-1873650.6024219096,-1325188.630804094,-548461.9716178151,11,-643401.1805387666,-3219470.6003619093,35.0,-1.5,800000000.0,3.0,3.0,3.0,3,50.0
3602,-1421052.5046683587,0.8520143563132397,894,104263.87386426463,1.0114325177551842,971,-850869.7885843548,0.8922225881895997,846,305662.8169665397,1.0398359129153536,891,-1861995.6024219096,-1316788.630804094,-545206.9716178151,11,-643401.1805387666,-3207815.6003619093,35.0,-1.5,800000000.0,3.0,3.0,3.0,3,0.0
2964,-852066.2648946065,0.9113289586292014,768,962918.0588405429,1.1078023468163518,830,-572490.3653988766,0.924499667218559,668,1422022.8504943303,1.2032804125223149,698,960384.2790413899,110851.79394593637,849532.4850954537,13,-789586.649569,-583174.237061532,35.0,-1.5,800000000.0,3.0,3.0,3.0,5,50.0
2961,-797602.0148946068,0.9163175303984754,767,972148.0588405429,1.10883568049618,830,-555514.3653988766,0.9266586746790122,666,1491389.5170313301,1.214133173733746,698,1110421.1955783898,174546.04394593614,935875.1516324535,14,-789586.649569,-433137.3205245321,35.0,-1.5,800000000.0,3.0,3.0,3.0,5,0.0
4280,-1622510.7233889436,0.821909339094505,1023,1373.0844642122684,1.0001498899516097,1131,-1062441.5564671662,0.8706184337034292,1044,-160750.49070500067,0.9791556052698215,1082,-2844329.6860968983,-1621137.6389247314,-1223192.0471721669,9,-710658.2512040761,-4010524.6854368984,35.0,-1.5,800000000.0,3.0,3.0,4.0,2,50.0
4280,-1622510.7233889436,0.821909339094505,1023,1373.0844642122684,1.0001498899516097,1131,-1062441.5564671662,0.8706184337034292,1044,-160750.49070500067,0.9791556052698215,1082,-2844329.6860968983,-1621137.6389247314,-1223192.0471721669,9,-710658.2512040761,-4010524.6854368984,35.0,-1.5,800000000.0,3.0,3.0,4.0,2,0.0
3494,-632414.6975579492,0.9295044674021913,860,169353.9095564972,1.0189051668464029,940,-644050.6066970517,0.916405343510064,826,888768.3731709595,1.1242937010127583,868,-218343.02152754425,-463060.788001452,244717.76647390786,13,-716112.0970486169,-1528463.0203075442,35.0,-1.5,800000000.0,3.0,3.0,4.0,3,50.0
3493,-626573.0307579492,0.9300474481993006,859,177753.9095564972,1.019842868266616,940,-644050.6066970517,0.916405343510064,826,892023.3731709595,1.1247489107265705,868,-200846.354727544,-448819.121201452,247972.76647390786,13,-716112.0970486169,-1510966.353507544,35.0,-1.5,800000000.0,3.0,3.0,4.0,3,0.0
2768,-159611.0340121009,0.9820994136265196,710,482413.6916159594,1.0538222285304357,773,-695969.7979070476,0.9048876084421652,625,1429360.7080152296,1.2122841371683697,660,1056193.5677120406,322802.6576038585,733390.910108182,14,-794471.2923428098,-570604.9475508812,35.0,-1.5,800000000.0,3.0,3.0,4.0,5,50.0
2765,-199857.5340121009,0.9776432281137932,710,491643.6916159594,1.0548520068679283,773,-728278.7979070477,0.9003598665598909,622,1502687.3745522294,1.224325788454515,660,1066194.7342490405,291786.1576038585,774408.5766451817,14,-794471.2923428098,-560603.7810138813,35.0,-1.5,800000000.0,3.0,3.0,4.0,5,0.0
4427,-1749554.9107169602,0.8070426032166121,1063,-528066.2824684007,0.9433386496923418,1170,-634274.3040335939,0.9191750963324715,1078,420632.25652512023,1.0569329490165338,1116,-2491263.2406938346,-2277621.193185361,-213642.04750847362,11,-608705.1162577996,-3782644.7535508345,35.0,-1.5,800000000.0,3.0,5.0,2.0,2,50.0
4426,-1749554.9107169602,0.8070426032166121,1063,-528066.2824684007,0.9433386496923418,1170,-619074.3040375939,0.9210898943055323,1077,420632.25652512023,1.0569329490165338,1116,-2476063.2406978346,-2277621.193185361,-198442.04751247365,11,-608705.1162577996,-3767444.7535548345,35.0,-1.5,800000000.0,3.0,5.0,2.0,2,0.0
3741,-846811.7468506002,0.9068418206560213,932,-101851.68150162749,0.9890186419943173,1017,-562089.6578480797,0.9262655481523636,876,1123387.6307220794,1.1595649852541703,916,-387365.45547822816,-948663.4283522277,561297.9728739997,11,-517166.7006700296,-1701065.451088228,35.0,-1.5,800000000.0,3.0,5.0,2.0,3,50.0
3737,-822515.0800506,0.9091887290015661,930,-93451.68150162749,0.989924306052954,1017,-535885.6578480797,0.9294813787405218,875,1130087.6306940794,1.1605805117210606,915,-321764.7887062278,-915966.7615522274,594201.9728459998,11,-517166.7006700296,-1635464.7843162278,35.0,-1.5,800000000.0,3.0,5.0,2.0,3,0.0
3102,-431666.0492507581,0.9521802451983622,806,444723.24309100746,1.047969042077728,875,-169711.82023792004,0.9767831020730946,696,1474243.6342769593,1.2149187022208776,725,1317589.0078792884,13057.193840249383,1304531.8140390394,15,-562308.54979104,-194144.32275071135,35.0,-1.5,800000000.0,3.0,5.0,2.0,5,50.0
3090,-367288.882978758,0.9589447933864105,802,486311.2430910075,1.0525903408496828,874,-231700.8207649201,0.968218778374152,692,1641081.467652959,1.2408877800177704,722,1528403.0070002882,119022.3601122495,1409380.646888039,15,-566058.54979104,4803.009108288446,35.0,-1.5,800000000.0,3.0,5.0,2.0,5,0.0
4263,-1404163.5683060787,0.8437822354473595,1025,-464026.7488255406,0.9503281069051676,1123,-1005330.0139506254,0.8751851675237724,1044,-209655.34297691062,0.9722435806948716,1071,-3083175.674059155,-1868190.3171316192,-1214985.356927536,10,-585090.8995639998,-4364710.519716155,35.0,-1.5,800000000.0,3.0,5.0,3.0,2,50.0
4262,-1404163.5683060787,0.8437822354473595,1025,-464026.7488255406,0.9503281069051676,1123,-990130.0139546252,0.8770387093090227,1043,-209655.34297691062,0.9722435806948716,1071,-3067975.674063155,-1868190.3171316192,-1199785.3569315358,10,-585090.8995639998,-4349510.519720155,35.0,-1.5,800000000.0,3.0,5.0,3.0,2,0.0
3479,-1307617.0001593276,0.8608596064037162,865,158267.38654265332,1.0174661850915565,939,-840786.1055539211,0.8901739055512087,821,551853.2739476396,1.0754333454882392,854,-1438282.4452229561,-1149349.6136166742,-288932.83160628146,10,-560362.883664765,-2866232.4413929563,35.0,-1.5,800000000.0,3.0,5.0,3.0,3,50.0
3478,-1215505.3349766596,0.870229539533079,865,166667.38654265332,1.0183931982809071,939,-808586.1055539211,0.8941157989978225,820,559044.0739476397,1.0760838877419474,854,-1298379.980040288,-1048837.9484340064,-249542.0316062814,10,-560362.883664765,-2726329.976210288,35.0,-1.5,800000000.0,3.0,5.0,3.0,3,0.0
2759,-483589.18273383717,0.9478589064556054,709,722655.0683100088,1.0786213784407077,778,-172064.40016853873,0.9767425164160748,633,874019.3437714397,1.1273631798927668,639,941020.8291790731,239065.88557617168,701954.943602901,13,-730927.649365,-608979.1689509266,35.0,-1.5,800000000.0,3.0,5.0,3.0,5,50.0
2751,-523907.75924209727,0.9430082775458483,707,882841.0683100088,1.0968569247015583,778,-263927.73311353876,0.9643515196125083,629,1175794.8435734396,1.1740394544428543,637,1270800.4195278129,358933.3090679116,911867.1104599009,13,-759712.649365,-290599.57860218687,35.0,-1.5,800000000.0,3.0,5.0,3.0,5,0.0
4216,-1601521.7076772805,0.8213190390483494,1011,-352989.51451127056,0.961974384398243,1111,-1181115.3825125322,0.8557254129509086,1030,-252650.40994050077,0.9668431846843817,1064,-3388277.014641584,-1954511.222188551,-1433765.792453033,11,-723073.084344906,-4665511.860298583,35.0,-1.5,800000000.0,3.0,5.0,4.0,2,50.0
4216,-1601521.7076772805,0.8213190390483494,1011,-352989.51451127056,0.961974384398243,1111,-1152915.3826645324,0.8589081100730079,1030,-252650.40994050077,0.9668431846843817,1064,-3360077.014793584,-1954511.222188551,-1405565.7926050331,11,-723073.084344906,-4637311.860450584,35.0,-1.5,800000000.0,3.0,5.0,4.0,2,0.0
3369,-586646.5695251023,0.9326062409376606,829,-23263.310053384164,0.9974103051533644,908,-526211.1944932081,0.9291376769643498,800,1001382.0970144996,1.1454702279315183,832,-134738.97705719538,-609909.8795784864,475170.9025212915,12,-446201.2736348892,-1541338.9740671953,35.0,-1.5,800000000.0,3.0,5.0,4.0,3,50.0
3366,-489688.23754243425,0.9434581670226063,828,-14863.310053384164,0.9983454015202108,908,-530811.1944932083,0.9284382310664495,799,896440.0970144994,1.1292447266867887,831,-138922.645074527,-504551.5475958184,365628.90252129105,12,-446201.2736348892,-1545522.642084527,35.0,-1.5,800000000.0,3.0,5.0,4.0,3,0.0
2582,-248417.4368654131,0.9716289998596774,659,418159.3220803691,1.0450781291981275,730,-418135.0252594772,0.9405981330861088,589,1312128.8676654994,1.208228331292707,604,1063735.7276209784,169741.885214956,893993.8424060222,15,-577615.6255083999,-510787.6030090214,35.0,-1.5,800000000.0,3.0,5.0,4.0,5,50.0
2580,-349786.3219686132,0.9601688036970023,659,491363.3220803691,1.053027376153585,730,-509292.0252594772,0.927863636973947,588,1431031.3675514997,1.2282388712025785,603,1063316.3424037786,141577.00011175591,921739.3422920225,14,-576215.6255083999,-485366.9882262212,35.0,-1.5,800000000.0,3.0,5.0,4.0,5,0.0
4419,-1653711.3190700384,0.8179608708402819,1062,-535424.3420194011,0.9425192189566134,1167,-717453.9707198763,0.9085851281894043,1077,344285.5900066203,1.0465738421583533,1113,-2562304.041802696,-2189135.6610894394,-373168.3807132561,10,-657286.6165377997,-4242220.706252696,35.0,-1.5,800000000.0,3.0,0.0,2.0,2,50.0
4416,-1653711.3190700384,0.8179608708402819,1062,-539424.342019401,0.9420897967093799,1166,-729953.9707238765,0.9069663537525445,1076,354725.5900066203,1.048091132217962,1112,-2568364.041806696,-2193135.6610894394,-375228.3807172562,10,-657286.6165377997,-4251080.706256696,35.0,-1.5,800000000.0,3.0,0.0,2.0,2,0.0
3709,-765139.3063010816,0.9152290927676541,925,90701.503515699,1.0098251990363905,1008,-609823.8250418801,0.9187133195665433,867,1037592.9631956794,1.1488202706413686,909,-246668.6646315828,-674437.8027853826,427769.1381537992,11,-502092.2010636797,-2144035.329291583,35.0,-1.5,800000000.0,3.0,0.0,2.0,3,50.0
3697,-861939.2771438013,0.9041556031115997,922,42174.83676849934,1.0045870742593375,1006,-599114.49155124,0.9196377998839113,864,1031202.9631676794,1.1482772146564184,905,-387675.9687588626,-819764.440375302,432088.4716164394,11,-480996.20109367964,-2227860.8144188626,35.0,-1.5,800000000.0,3.0,0.0,2.0,3,0.0
3032,-704498.6136879505,0.9204083939878095,789,305012.57899393316,1.0331207914957956,851,-152209.59779581276,0.9790690252656239,684,1087282.445870459,1.1598598818751775,708,535586.8133806288,-399486.0346940174,935072.8480746463,11,-563260.3125752,-1676513.1866193712,35.0,-1.5,800000000.0,3.0,0.0,2.0,5,50.0
2973,-759896.9297767277,0.9132509924109493,776,256886.38378171332,1.028431689109425,842,-73613.57671574841,0.98961833954886,667,1146586.4449856593,1.175864973488702,688,569962.3222748967,-503010.54599501437,1072972.868269911,13,-601958.3125752,-1785328.5847501033,35.0,-1.5,800000000.0,3.0,0.0,2.0,5,0.0
4257,-1403738.4065434553,0.8445600010771175,1024,-522735.64113999065,0.9438200415202811,1121,-1082479.513814658,0.8656161670542983,1044,-174213.0094664106,0.9768655990356434,1068,-3183166.5709645147,-1926474.047683446,-1256692.5232810685,9,-568690.8995639997,-4861999.902124515,35.0,-1.5,800000000.0,3.0,0.0,3.0,2,50.0
4255,-1403738.4065434553,0.8445600010771175,1024,-522735.64113999065,0.9438200415202811,1121,-1094979.5138186577,0.8640272247377832,1043,-159913.00946641064,0.9786909774992054,1067,-3181366.5709685143,-1926474.047683446,-1254892.5232850683,9,-565890.8995639997,-4862999.902128514,35.0,-1.5,800000000.0,3.0,0.0,3.0,2,0.0
3448,-1216823.882739515,0.8696614660710836,859,21383.583952482557,1.0023654062551604,928,-950987.4390006212,0.8745025109150961,814,442659.1071812395,1.0612528173331377,847,-1703768.6306064143,-1195440.2987870325,-508328.3318193817,10,-608123.5250928714,-3529146.4059926067,35.0,-1.5,800000000.0,3.0,0.0,3.0,3,50.0
3440,-1361533.854448918,0.8537499043173604,858,73513.58374908264,1.0081979603915379,926,-826553.4390006212,0.8896170976141552,811,382654.40718123957,1.0525023995771383,845,-1731919.3025192167,-1288020.2706998354,-443899.03181938163,10,-616685.4835347651,-3507337.4826992163,35.0,-1.5,800000000.0,3.0,0.0,3.0,3,0.0
2700,-662031.7236272186,0.9271970543303605,698,80355.44778724434,1.0088209570932127,756,-86122.96089910605,0.9881501083082942,623,556118.4888406398,1.0816208727216325,623,-111680.74789844034,-581676.2758399743,469995.5279415338,12,-633559.6493650001,-2319994.08026344,35.0,-1.5,800000000.0,3.0,0.0,3.0,5,50.0
2659,-906207.9074512445,0.9010255999414504,694,-100554.70101924578,0.9887180020571689,747,-104185.79373029422,0.9855057541857712,607,258808.15507264028,1.0382827850987402,611,-852140.2471281444,-1006762.6084704903,154622.36134234606,10,-802749.31567,-3143264.486518144,35.0,-1.5,800000000.0,3.0,0.0,3.0,5,0.0
4211,-1467555.4351879316,0.8366210359160254,1011,-486642.40682572045,0.9473261570490704,1109,-1213066.382609815,0.8520320328469462,1030,-221734.0764300009,0.970830081119658,1061,-3388998.301053468,-1954197.842013652,-1434800.459039816,11,-709563.084344906,-5080864.965503468,35.0,-1.5,800000000.0,3.0,0.0,4.0,2,50.0
4210,-1467555.4351879316,0.8366210359160254,1011,-486642.40682572045,0.9473261570490704,1109,-1212566.382761815,0.8518182824029188,1030,-220644.07643000095,0.9709245530624253,1060,-3387408.3012054684,-1954197.842013652,-1433210.459191816,11,-709563.084344906,-5082074.965655468,35.0,-1.5,800000000.0,3.0,0.0,4.0,2,0.0
3342,-467758.48564095027,0.9462778683077532,825,-283415.87694406323,0.9689024842395371,899,-622696.0281731584,0.915294673344285,793,825193.7639650996,1.1212424827693774,825,-548676.6267930726,-751174.3625850135,202497.73579194117,11,-552380.4400608892,-2379054.4029992647,35.0,-1.5,800000000.0,3.0,0.0,4.0,3,50.0
3334,-567455.1238503532,0.9346654273750241,823,-152315.87809406314,0.9832405885558158,899,-535534.0283981585,0.9263051120526598,790,784246.2639650996,1.1149046158889455,822,-471058.7663774751,-719771.0019444163,248712.2355669411,12,-552380.4400608892,-2254726.9465574753,35.0,-1.5,800000000.0,3.0,0.0,4.0,3,0.0
2535,-516365.6472412895,0.9403641545770142,651,-70016.93196109508,0.9924867907948389,715,-381541.01010833704,0.9452205018107547,579,761835.0136703998,1.1206007710071912,590,-206088.5756403217,-586382.5792023846,380294.00356206275,14,-601306.49023934,-2478393.5756403217,35.0,-1.5,800000000.0,3.0,0.0,4.0,5,50.0
2501,-703384.7634829173,0.9183268919666778,646,-177586.7469056152,0.980507962304025,706,-105979.01095133752,0.9844189091844653,569,638890.6788803999,1.1048429012649328,580,-348059.8424594699,-880971.5103885325,532911.6679290624,12,-541103.1474505572,-2744500.74948447,35.0,-1.5,800000000.0,3.0,0.0,4.0,5,0.0
6441,-3087236.6045032083,0.8116335238687679,1719,-214693.3292069913,0.9862637610568181,1839,-642327.4457233087,0.941731458014358,1429,446390.5752462122,1.0422438264118392,1454,-3497866.804187297,-3301929.9337102,-195936.87047709653,11,-1086516.1529738165,-4878341.802617297,35.0,-1.5,800000000.0,4.5,3.0,2.0,2,50.0
6441,-3087236.6045032083,0.8116335238687679,1719,-214693.3292069913,0.9862637610568181,1839,-642327.4457233087,0.941731458014358,1429,446390.5752462122,1.0422438264118392,1454,-3497866.804187297,-3301929.9337102,-195936.87047709653,11,-1086516.1529738165,-4878341.802617297,35.0,-1.5,800000000.0,4.5,3.0,2.0,2,0.0
5494,-2484048.5516720265,0.848051255762557,1530,-333954.67141107266,0.9783429977234824,1605,-1041745.7074345116,0.9040693638834193,1169,939653.5266575016,1.0955583410357972,1190,-2920095.403860109,-2818003.2230830994,-102092.18077701004,14,-978153.4936663439,-4324703.734270109,35.0,-1.5,800000000.0,4.5,3.0,2.0,3,50.0
5491,-2462129.3848720267,0.8490713868275842,1528,-337504.6714585727,0.9781297283395406,1605,-1041745.7074345116,0.9040693638834193,1169,945708.5266295015,1.0962014991049585,1189,-2895671.2371356087,-2799634.0563305994,-96037.18080501014,14,-978153.4936663439,-4300279.567545609,35.0,-1.5,800000000.0,4.5,3.0,2.0,3,0.0
4790,-2210515.6585487262,0.8627738122554529,1392,-243316.06534810225,0.9840703326152914,1419,-500564.6875927119,0.9511593274500257,985,1470864.0066151721,1.158091821678068,994,-1483532.4048743683,-2453831.7238968285,970299.3190224603,14,-993868.6601452437,-3004579.25204729,35.0,-1.5,800000000.0,4.5,3.0,2.0,5,50.0
4787,-2191438.211692528,0.8638933664529711,1392,-225782.06534810227,0.9852182666307617,1419,-450320.68759271177,0.9558824660787747,982,1470864.0066151721,1.158091821678068,994,-1396676.95801817,-2417220.27704063,1020543.3190224604,14,-993868.6601452437,-2917723.805191092,35.0,-1.5,800000000.0,4.5,3.0,2.0,5,0.0
6085,-2375551.8147776043,0.8567230330016873,1620,-71612.25201549495,0.995397113639777,1727,-752313.9027447598,0.9329655439658048,1361,-180410.75690661045,0.983755339236391,1377,-3379888.7264444698,-2447164.066793099,-932724.6596513703,10,-1064262.0088445432,-4772963.725784469,35.0,-1.5,800000000.0,4.5,3.0,3.0,2,50.0
6085,-2375551.8147776043,0.8567230330016873,1620,-71612.25201549495,0.995397113639777,1727,-752313.9027447598,0.9329655439658048,1361,-180410.75690661045,0.983755339236391,1377,-3379888.7264444698,-2447164.066793099,-932724.6596513703,10,-1064262.0088445432,-4772963.725784469,35.0,-1.5,800000000.0,4.5,3.0,3.0,2,0.0
4992,-2305251.7867139913,0.8636198019437302,1390,27528.33527665236,1.001820420796114,1446,-1178319.309501985,0.891228867219319,1071,485208.86912203947,1.048722715402269,1085,-2970833.8918172847,-2277723.451437339,-693110.4403799456,9,-894253.3243803935,-4369108.891157284,35.0,-1.5,800000000.0,4.5,3.0,3.0,3,50.0
4992,-2305251.7867139913,0.8636198019437302,1390,15628.335229152406,1.0010321003931648,1446,-1178319.309501985,0.891228867219319,1071,488463.86912203947,1.0490495693588369,1085,-2979478.891864784,-2289623.451484839,-689855.4403799456,9,-894253.3243803935,-4377753.891204784,35.0,-1.5,800000000.0,4.5,3.0,3.0,3,0.0
4152,-1874463.6710483476,0.8884513044617048,1214,-522156.82785525767,0.9658677662290076,1220,-684367.1085234729,0.9338826559258602,858,947138.9796856786,1.1009058757065895,860,-2133848.627741399,-2396620.498903605,262771.8711622057,10,-962339.1568447739,-3742212.1430043215,35.0,-1.5,800000000.0,4.5,3.0,3.0,5,50.0
4152,-1875245.1710483476,0.8883343420851061,1214,-494132.3277602576,0.9676996656460596,1220,-699251.1085234729,0.9326044822844471,858,947138.9796856786,1.1009058757065895,860,-2121489.6276463997,-2369377.498808605,247887.8711622057,10,-962339.1568447739,-3729853.142909322,35.0,-1.5,800000000.0,4.5,3.0,3.0,5,0.0
5951,-2611142.3543989556,0.8435806204014878,1572,-188356.9569780385,0.9879966190642095,1693,-715350.5373475465,0.9350533177849611,1329,-281086.6390169263,0.9746784570431326,1357,-3795936.487741467,-2799499.311376994,-996437.1763644728,10,-1118572.5746416359,-5181531.486581467,35.0,-1.5,800000000.0,4.5,3.0,4.0,2,50.0
5951,-2611142.3543989556,0.8435806204014878,1572,-188356.9569780385,0.9879966190642095,1693,-715350.5373475465,0.9350533177849611,1329,-281086.6390169263,0.9746784570431326,1357,-3795936.487741467,-2799499.311376994,-996437.1763644728,10,-1118572.5746416359,-5181531.486581467,35.0,-1.5,800000000.0,4.5,3.0,4.0,2,0.0
4742,-2306215.322623927,0.8619682278441942,1298,-580090.4672465739,0.9621930020083066,1383,-1412797.6858010322,0.8680129772046724,1023,767851.2584304897,1.0816179194704203,1038,-3531252.217241043,-2886305.789870501,-644946.4273705425,10,-1042510.279692105,-4924427.216581043,35.0,-1.5,800000000.0,4.5,3.0,4.0,3,50.0
4741,-2279736.1558239274,0.8633337411255674,1297,-571690.4672465739,0.9627404662420107,1383,-1412797.6858010322,0.8680129772046724,1023,771106.2584304897,1.081963906176777,1038,-3493118.0504410425,-2851426.6230705013,-641691.4273705425,10,-1042510.279692105,-4886293.049781042,35.0,-1.5,800000000.0,4.5,3.0,4.0,3,0.0
3800,-1203877.415793432,0.9244996953393174,1091,401128.57972559705,1.0275427597980153,1130,-695253.0406348876,0.9290021645168532,787,1618742.0164301042,1.1887664239582754,792,120740.13972738106,-802748.8360678349,923488.9757952165,14,-662202.7067310498,-1497593.375535541,35.0,-1.5,800000000.0,4.5,3.0,4.0,5,50.0
3799,-1201441.415793432,0.9246022646840752,1091,437457.0798205973,1.0300371897701286,1130,-704818.0406348876,0.928025406046619,786,1618742.0164301042,1.1887664239582754,792,149939.63982238108,-763984.3359728346,913923.9757952165,14,-662202.7067310498,-1468393.875440541,35.0,-1.5,800000000.0,4.5,3.0,4.0,5,0.0
6272,-2804662.4785444476,0.8286710617185755,1677,699023.3673260213,1.046151071234097,1784,-693336.4337338743,0.9356590443252817,1394,525545.4122555009,1.0498853646448547,1417,-2273430.1326967995,-2105639.1112184264,-167791.02147837344,13,-910787.1545211342,-3721805.1305187996,35.0,-1.5,800000000.0,4.5,5.0,2.0,2,50.0
6272,-2804662.4785444476,0.8286710617185755,1677,699023.3673260213,1.046151071234097,1784,-674386.4337378743,0.9374222318646062,1394,525545.4122555009,1.0498853646448547,1417,-2254480.1327007995,-2105639.1112184264,-148841.02148237335,13,-910787.1545211342,-3702855.1305227997,35.0,-1.5,800000000.0,4.5,5.0,2.0,2,0.0
5198,-1979118.069943309,0.8777773846466428,1455,398147.60503402737,1.0266698476116345,1510,-993286.5754150281,0.9068788930672722,1109,1317929.2660923416,1.1357887403268723,1124,-1256327.7742319682,-1580970.4649092816,324642.6906773135,14,-861849.4937231202,-2914627.7718219683,35.0,-1.5,800000000.0,4.5,5.0,2.0,3,50.0
5194,-1939388.903143309,0.8798743518276068,1452,358167.60498652747,1.0239464478540703,1510,-994256.5754150281,0.9067422293967884,1108,1369671.2660643416,1.1410987657149172,1124,-1205806.6075074682,-1581221.2981567816,375414.6906493135,14,-861849.4937231202,-2864106.605097468,35.0,-1.5,800000000.0,4.5,5.0,2.0,3,0.0
4314,-1198727.7331578005,0.9228159396217467,1270,133795.15840420118,1.009053646733522,1285,-616975.8610198023,0.9360826976757151,880,1283850.6688895016,1.144610906179179,879,-398057.76688390004,-1064932.5747535992,666874.8078696993,13,-668519.4612227452,-2046277.7644738997,35.0,-1.5,800000000.0,4.5,5.0,2.0,5,50.0
4292,-1094193.7338914,0.9292673252977429,1265,257725.82543253622,1.0174913102685963,1284,-728257.5287096823,0.9244466367587284,871,1510376.1688255016,1.1724269620699543,872,-54349.26834304503,-836467.9084588639,782118.6401158193,14,-734866.7153272541,-1712769.2659330447,35.0,-1.5,800000000.0,4.5,5.0,2.0,5,0.0
5951,-2152881.6084408094,0.8708104520560384,1587,509063.2928577303,1.0330541425971644,1693,-1058481.350305206,0.9052754064155666,1333,-2136.019896161859,0.9998043122336913,1338,-2704435.6857844465,-1643818.3155830791,-1060617.370201368,9,-750662.2295789963,-4222810.684516447,35.0,-1.5,800000000.0,4.5,5.0,3.0,2,50.0
5951,-2152881.6084408094,0.8708104520560384,1587,509063.2928577303,1.0330541425971644,1693,-1038481.3503052059,0.9070069728567173,1333,-2136.019896161859,0.9998043122336913,1338,-2684435.6857844465,-1643818.3155830791,-1040617.3702013678,9,-750662.2295789963,-4202810.684516447,35.0,-1.5,800000000.0,4.5,5.0,3.0,2,0.0
4728,-1636705.3592839437,0.9033659709423053,1328,427902.35661686934,1.0284903425210425,1370,-665136.2934182915,0.9362786062499917,1017,1276874.6076040196,1.1354883580851935,1013,-597064.6884813465,-1208803.0026670743,611738.3141857281,12,-820581.7672558493,-2219294.6869813465,35.0,-1.5,800000000.0,4.5,5.0,3.0,3,50.0
4727,-1544593.6941012756,0.9086358643800897,1328,414232.35656936944,1.0275397063650604,1370,-654411.2934182915,0.9371258304118105,1016,1281650.6076040196,1.1356113074332117,1013,-503122.02334617823,-1130361.337531906,627239.3141857281,12,-820581.7672558493,-2125352.021846178,35.0,-1.5,800000000.0,4.5,5.0,3.0,3,0.0
3756,-995768.7893049764,0.9390700262327651,1103,-424317.95131635026,0.9722628947121879,1115,-70083.27617765544,0.9928753467538822,773,1060305.7778716097,1.1185792556286818,765,-429864.23892737227,-1420086.7406213265,990222.5016939542,12,-960458.9861107802,-2165864.237427372,35.0,-1.5,800000000.0,4.5,5.0,3.0,5,50.0
3743,-1076582.290796776,0.9341724205362864,1100,-283051.2842880152,0.9814565820312643,1114,-270795.4425521885,0.9724906920787866,770,1182949.6116521098,1.1342487522395066,759,-447479.4059848699,-1359633.5750847913,912154.1690999212,13,-960458.9861107802,-2191879.40448487,35.0,-1.5,800000000.0,4.5,5.0,3.0,5,0.0
5816,-2183609.098081517,0.8683804240571181,1542,203507.56593114635,1.013103995953026,1659,-670923.1550684924,0.9378836171071764,1298,-170223.99138023658,0.9845137700284432,1317,-2821248.6785990996,-1980101.5321503708,-841147.146448729,10,-1164751.0749849062,-4332423.677331099,35.0,-1.5,800000000.0,4.5,5.0,4.0,2,50.0
5816,-2183609.098081517,0.8683804240571181,1542,203507.56593114635,1.013103995953026,1659,-650923.1550684924,0.9396962042462562,1298,-170223.99138023658,0.9845137700284432,1317,-2801248.6785990996,-1980101.5321503708,-821147.146448729,10,-1164751.0749849062,-4312423.677331099,35.0,-1.5,800000000.0,4.5,5.0,4.0,2,0.0
4504,-1576257.220823491,0.9046175556099857,1235,-151713.9103290044,0.9899860089706448,1313,-1198265.3677182624,0.8844669276461768,978,1451420.3306018095,1.1615875404321452,978,-1474816.1682689479,-1727971.1311524953,253154.96288354718,12,-910855.8730838893,-3086246.1667689476,35.0,-1.5,800000000.0,4.5,5.0,4.0,3,50.0
4502,-1458661.388840823,0.9114276750438391,1234,-159807.24369850452,0.9894492837244653,1312,-1221315.3677182624,0.8818789345710039,978,1366766.8306018095,1.1514144579885304,978,-1473017.1696557798,-1618468.6325393275,145451.46288354718,11,-910855.8730838893,-3084447.16815578,35.0,-1.5,800000000.0,4.5,5.0,4.0,3,0.0
3435,-884726.2077974973,0.9443000854949172,994,-499310.6279264819,0.9669458674918391,1029,-290172.44506875717,0.9683888269927505,710,943476.1024806501,1.1106796577467626,702,-730733.1783120862,-1384036.8357239792,653303.6574118929,12,-667593.1672511302,-2442608.1768120863,35.0,-1.5,800000000.0,4.5,5.0,4.0,5,50.0
3428,-1013238.2602969474,0.9364887583480338,993,-621842.6276214819,0.9589642437423403,1027,-312290.55603120744,0.965572470097741,706,1228070.2695771502,1.1445805640422906,702,-719301.1743724868,-1635080.8879184294,915779.7135459428,11,-759564.2851178752,-2465276.172872487,35.0,-1.5,800000000.0,4.5,5.0,4.0,5,0.0
6234,-2981210.658520775,0.8170986916252736,1657,475433.8020721687,1.0314327115926396,1773,-934940.183572557,0.9136112557772706,1390,320114.7457740011,1.0303802840421856,1414,-3120602.2942471616,-2505776.856448606,-614825.4377985559,11,-998000.4614314347,-5214602.294247162,35.0,-1.5,800000000.0,4.5,0.0,2.0,2,50.0
6231,-2981210.658520775,0.8170986916252736,1657,464233.8020721687,1.0306922375912053,1772,-926512.1835765569,0.9142380306874192,1389,330554.7457740011,1.0314192121035843,1413,-3112934.294251162,-2516976.856448606,-595957.4378025557,11,-998000.4614314347,-5206934.294251163,35.0,-1.5,800000000.0,4.5,0.0,2.0,2,0.0
5083,-2176448.0014807256,0.8617181267544674,1411,672570.0165020748,1.045444974769081,1485,-1026197.3261443984,0.9023457095744568,1091,1107279.432369012,1.117304837679977,1096,-1422795.878754037,-1503877.9849786507,81082.1062246135,12,-961006.3270106203,-3701875.044942787,35.0,-1.5,800000000.0,4.5,0.0,2.0,3,50.0
5067,-2224183.8058448453,0.8578368881385121,1405,553548.0166245752,1.037423440557459,1482,-851284.4262628986,0.9178426565158205,1088,1340776.0987250118,1.143366010907828,1092,-1181144.116758157,-1670635.78922027,489491.6724621132,11,-1012756.3270106203,-3526997.318760967,35.0,-1.5,800000000.0,4.5,0.0,2.0,3,0.0
4067,-1921201.1874404678,0.8708413159753781,1185,-441128.65798388794,0.9691302677703344,1214,-21861.778220042528,0.9976168856005401,842,785815.7131023913,1.0928675397830352,826,-1598375.9105420066,-2362329.845424356,763953.9348823489,14,-831143.1768556406,-4279576.990882447,35.0,-1.5,800000000.0,4.5,0.0,2.0,5,50.0
3987,-2100901.0167397135,0.85700854111597,1161,-727875.0383720078,0.9485375995029756,1202,112174.38816893764,1.0125494889193674,816,1430624.7119627914,1.176289932739909,808,-1285976.9549799922,-2828776.055111721,1542799.1001317292,13,-762970.5656136142,-4214491.948251992,35.0,-1.5,800000000.0,4.5,0.0,2.0,5,0.0
5915,-2158589.7715695165,0.8692322164462478,1569,252697.2430536777,1.0164175413512633,1681,-1215975.767215338,0.8914560531684596,1330,-136597.1863356619,0.9875426172735701,1335,-3258465.482066839,-1905892.5285158388,-1352572.953551,9,-734065.8217370221,-5480478.813937839,35.0,-1.5,800000000.0,4.5,0.0,3.0,2,50.0
5912,-2158589.7715695165,0.8692322164462478,1569,280707.2430536776,1.0182681995489786,1680,-1276875.767215338,0.8859485556508422,1329,-120959.18633566191,0.988936465488869,1334,-3275717.482066839,-1877882.528515839,-1397834.953551,9,-734065.8217370221,-5493050.813937839,35.0,-1.5,800000000.0,4.5,0.0,3.0,2,0.0
4627,-2061099.1773666942,0.8753455005037806,1288,1054327.0297514447,1.0717107482726909,1345,-722971.0435937713,0.9303865199103177,1004,1320982.17400359,1.1433641500562366,990,-408761.0172054311,-1006772.1476152495,598011.1304098186,11,-1024951.3893902905,-2764780.1823141812,35.0,-1.5,800000000.0,4.5,0.0,3.0,3,50.0
4615,-1989781.149421297,0.8786624244193991,1284,883317.0301673447,1.0599785863408102,1343,-540157.7102806212,0.9474870117223086,1001,1025498.5069795502,1.1104431907317414,987,-621123.322555023,-1106464.1192539523,485340.79669892904,11,-970885.9353854905,-2983002.487663773,35.0,-1.5,800000000.0,4.5,0.0,3.0,3,0.0
3524,-2046448.1880103229,0.8680112680711145,1021,-926772.4742628443,0.9367744335476978,1049,-99044.72116005103,0.9894001421580709,734,1162254.5897680898,1.1387814128659213,720,-1910010.793665128,-2973220.662273167,1063209.8686080389,12,-1184966.1073345302,-4600861.874005568,35.0,-1.5,800000000.0,4.5,0.0,3.0,5,50.0
3464,-2176723.8852451467,0.8584470148987997,1006,-979320.6404343589,0.9322069195834949,1036,89494.7954857488,1.0097366919890307,719,1151020.75730544,1.1427179377697074,703,-1915528.9728883172,-3156044.5256795054,1240515.552791189,11,-1043127.9263297301,-5032653.966160317,35.0,-1.5,800000000.0,4.5,0.0,3.0,5,0.0
5781,-2140685.8901735367,0.8700699832397315,1523,74118.14789129375,1.0048098618990753,1649,-1006615.9053007746,0.9078600922500135,1295,-163056.65782773658,0.9851677979835816,1314,-3236240.3054107544,-2066567.742282243,-1169672.5631285112,10,-1079903.8544669764,-5479353.637281755,35.0,-1.5,800000000.0,4.5,0.0,4.0,2,50.0
5779,-2140685.8901735367,0.8700699832397315,1523,51618.147891293745,1.0033488658253935,1649,-1067515.9053007746,0.9022230021772166,1294,-157622.6578277368,0.9856335866160615,1313,-3314206.3054107544,-2089067.742282243,-1225138.5631285114,9,-1079903.8544669764,-5552639.637281755,35.0,-1.5,800000000.0,4.5,0.0,4.0,2,0.0
4413,-1925390.0056121007,0.8812751000042338,1200,385242.4865382825,1.0257343172125333,1289,-1185071.6189043322,0.8862912427988769,966,1373782.2302178598,1.155474520268858,958,-1351436.9077602907,-1540147.5190738183,188710.61131352768,10,-1002462.0407679854,-3734166.072869041,35.0,-1.5,800000000.0,4.5,0.0,4.0,3,50.0
4405,-1857155.810187104,0.8846459553224241,1198,276948.4865637828,1.0185245884377974,1287,-1094373.2858943322,0.8940987232772591,964,1297588.1964758597,1.1450909671951268,956,-1376992.4130417933,-1580207.323623321,203214.9105815275,10,-927028.7075179855,-3800821.5781505434,35.0,-1.5,800000000.0,4.5,0.0,4.0,3,0.0
3261,-1462910.2348867469,0.9021068906575284,925,-750509.8252761854,0.9480614323054856,973,16595.6399779426,1.001845455632874,685,1222735.41452394,1.1496393187608094,678,-974089.0056610496,-2213420.060162932,1239331.0545018828,12,-710860.698841716,-3754560.0846514897,35.0,-1.5,800000000.0,4.5,0.0,4.0,5,50.0
3195,-1499874.0333672687,0.8974694912781568,909,-1254461.8716372633,0.9131687522866012,963,540956.3046176224,1.0631734165479614,667,1808461.28103758,1.235862311062261,656,-404918.3193493285,-2754335.905004532,2349417.585655202,14,-706351.912927197,-3562076.6431013285,35.0,-1.5,800000000.0,4.5,0.0,4.0,5,0.0
3243,-685287.1291326457,0.885810141802656,714,-276339.62928807543,0.9560233184845671,796,-140840.33537910914,0.9770577861981702,850,776993.7402101503,1.1384899777011825,883,-325473.3535896803,-961626.7584207212,636153.4048310411,11,-428587.4174852967,-1318851.6857496803,35.0,-3.0,2000000000.0,3.0,3.0,2.0,2,50.0
3243,-685287.1291326457,0.885810141802656,714,-276339.62928807543,0.9560233184845671,796,-140840.33537910914,0.9770577861981702,850,776993.7402101503,1.1384899777011825,883,-325473.3535896803,-961626.7584207212,636153.4048310411,11,-428587.4174852967,-1318851.6857496803,35.0,-3.0,2000000000.0,3.0,3.0,2.0,2,0.0
2888,-374858.99418116116,0.9406442358746746,655,115911.41322733558,1.0176852451798182,731,-642748.3376734797,0.9019969067824726,738,950703.6076297396,1.161649201717087,764,49007.68900243408,-258947.58095382559,307955.2699562599,11,-379925.4791701999,-1166578.9751375658,35.0,-3.0,2000000000.0,3.0,3.0,2.0,3,50.0
2887,-354813.99418116116,0.9436439613610363,654,124311.41322733558,1.0189668796226587,731,-642748.3376734797,0.9019969067824726,738,950703.6076297396,1.161649201717087,764,77452.6890024342,-230502.58095382559,307955.2699562599,11,-379925.4791701999,-1138133.9751375655,35.0,-3.0,2000000000.0,3.0,3.0,2.0,3,0.0
2575,59659.77623732253,1.0092974988220047,608,152697.50894491392,1.0220433584447208,679,-420694.73509841756,0.9341616895142959,633,1166116.0406773302,1.2028852764864495,655,957778.5907611488,212357.28518223646,745421.3055789126,15,-554192.4788220602,-230233.0733788507,35.0,-3.0,2000000000.0,3.0,3.0,2.0,5,50.0
2575,60179.776237322585,1.009378536661775,608,161097.50894491392,1.0232559794770815,679,-409684.73509841756,0.9358847436387504,633,1166116.0406773302,1.2028852764864495,655,977708.5907611488,221277.28518223652,756431.3055789126,15,-554192.4788220602,-210303.0733788507,35.0,-3.0,2000000000.0,3.0,3.0,2.0,5,0.0
3137,-343522.0842131489,0.9401877673044309,684,128221.98978580107,1.0204057484357378,774,-451268.8181127856,0.9278857416336851,826,695631.55656433,1.122197448707077,853,29062.644024196547,-215300.09442734785,244362.73845154443,12,-391058.2657336599,-977515.6881358033,35.0,-3.0,2000000000.0,3.0,3.0,3.0,2,50.0
3137,-343522.0842131489,0.9401877673044309,684,128221.98978580107,1.0204057484357378,774,-451268.8181127856,0.9278857416336851,826,695631.55656433,1.122197448707077,853,29062.644024196547,-215300.09442734785,244362.73845154443,12,-391058.2657336599,-977515.6881358033,35.0,-3.0,2000000000.0,3.0,3.0,3.0,2,0.0
2694,-226930.32029127766,0.9635993347776856,605,479784.53944093804,1.075425578084538,681,-1021600.2091658101,0.8465269667426003,694,563776.3504752194,1.093462198328884,714,-204969.63954093028,252854.21914966038,-457823.8586905907,12,-413739.5156103701,-1338881.3049809304,35.0,-3.0,2000000000.0,3.0,3.0,3.0,3,50.0
2694,-226930.32029127766,0.9635993347776856,605,488184.53944093804,1.0767461184601168,681,-1021600.2091658101,0.8465269667426003,694,563776.3504752194,1.093462198328884,714,-196569.63954093028,261254.21914966038,-457823.8586905907,12,-413739.5156103701,-1330481.3049809304,35.0,-3.0,2000000000.0,3.0,3.0,3.0,3,0.0
2299,169300.15519056303,1.0261389530429714,542,507985.8577124013,1.0740384866822785,605,-886920.8999939698,0.8675941035707446,569,1025292.7156668906,1.1800265035803486,583,815657.8285758848,677286.0129029644,138371.81567292078,16,-709790.68204837,-365337.17076411506,35.0,-3.0,2000000000.0,3.0,3.0,3.0,5,50.0
2299,169300.15519056303,1.0261389530429714,542,516385.8577124013,1.0752627792067433,605,-875910.8999939698,0.8692377551294078,569,1025292.7156668906,1.1800265035803486,583,835067.8285758848,685686.0129029644,149381.81567292078,16,-709790.68204837,-345927.17076411506,35.0,-3.0,2000000000.0,3.0,3.0,3.0,5,0.0
3104,-355204.1520047996,0.936624376440593,675,463778.86929537106,1.0767320061240637,767,-571803.3927817642,0.9102721915479545,814,474357.4065264898,1.0821257187153162,848,11128.73103529698,108574.71729057148,-97445.98625527433,12,-485527.3922566798,-997799.601124703,35.0,-3.0,2000000000.0,3.0,3.0,4.0,2,50.0
3104,-355204.1520047996,0.936624376440593,675,463778.86929537106,1.0767320061240637,767,-571803.3927817642,0.9102721915479545,814,474357.4065264898,1.0821257187153162,848,11128.73103529698,108574.71729057148,-97445.98625527433,12,-485527.3922566798,-997799.601124703,35.0,-3.0,2000000000.0,3.0,3.0,4.0,2,0.0
2610,-181154.41690947674,0.9704977289203353,584,723884.2247512683,1.1173586916379457,662,-1168993.5631198783,0.8250740227051239,673,1104190.5744355193,1.19624099639335,691,477926.8191574322,542729.8078417915,-64802.98868435901,15,-582677.3772410665,-646451.5130025676,35.0,-3.0,2000000000.0,3.0,3.0,4.0,3,50.0
2610,-181154.41690947674,0.9704977289203353,584,732284.2247512683,1.118720529589446,662,-1168993.5631198783,0.8250740227051239,673,1104190.5744355193,1.19624099639335,691,486326.8191574322,551129.8078417915,-64802.98868435901,15,-582677.3772410665,-638051.5130025676,35.0,-3.0,2000000000.0,3.0,3.0,4.0,3,0.0
2176,190418.3511925568,1.0293523095452963,514,295161.7475642158,1.043350922358376,570,-894151.3954153925,0.8611857928211845,537,1169316.5063266698,1.2105987292887987,555,760745.2096680505,485580.0987567726,275165.11091127736,15,-747555.5590535149,-454639.78967194934,35.0,-3.0,2000000000.0,3.0,3.0,4.0,5,50.0
2176,190418.3511925568,1.0293523095452963,514,303561.7475642158,1.0445846450572536,570,-883141.3954153925,0.8628950608812412,537,1169316.5063266698,1.2105987292887987,555,780155.2096680505,493980.0987567726,286175.11091127736,15,-747555.5590535149,-435229.78967194934,35.0,-3.0,2000000000.0,3.0,3.0,4.0,5,0.0
3198,-535758.9298941601,0.9089092848069187,705,-426119.0769264651,0.931913354581399,786,125335.11846925775,1.0209422046625505,835,693649.7540838101,1.1233528993327153,872,-142893.13426755788,-961878.0068206252,818984.8725530679,11,-464023.7502170396,-1278694.7974859576,35.0,-3.0,2000000000.0,3.0,5.0,2.0,2,50.0
3197,-535758.9298941601,0.9089092848069187,705,-426119.0769264651,0.931913354581399,786,146535.1184692577,1.02451809896337,834,693649.7540838101,1.1233528993327153,872,-121693.13426755765,-961878.0068206252,840184.8725530679,11,-464023.7502170396,-1257494.7974859574,35.0,-3.0,2000000000.0,3.0,5.0,2.0,2,0.0
2780,-233749.29977483425,0.9621865599076113,635,155523.77842290702,1.0238727220377282,706,-495349.11356868705,0.9213960434834182,701,1026079.3969696397,1.1771438131998062,738,452504.76204902504,-78225.52135192722,530730.2834009526,11,-503904.83283719997,-884895.2340209751,35.0,-3.0,2000000000.0,3.0,5.0,2.0,3,50.0
2778,-207894.2997748342,0.9661894020147828,633,163923.77842290702,1.0251621124264545,706,-512579.780048047,0.9188335097574503,701,1026079.3969696397,1.1771438131998062,738,469529.0955696653,-43970.521351927164,513499.6169215927,11,-497604.83283719997,-867870.9005003348,35.0,-3.0,2000000000.0,3.0,5.0,2.0,3,0.0
2405,14527.620042762515,1.0023104271941874,570,-26896.41286877927,0.9962113810318266,643,-375080.5486533479,0.9388900898201981,584,1168935.3346065194,1.2000330934602115,608,781485.9931271548,-12368.792826016754,793854.7859531716,16,-710344.6456507,-578697.3368428451,35.0,-3.0,2000000000.0,3.0,5.0,2.0,5,50.0
2389,46086.61991476262,1.00739432528582,565,100443.58700722229,1.014256634848096,641,-382111.88226105785,0.9377572095351486,580,1333737.3345425194,1.231779467436039,603,1098155.6592034462,146530.2069219849,951625.4522814616,16,-704044.6456507,-275094.3380285539,35.0,-3.0,2000000000.0,3.0,5.0,2.0,5,0.0
3095,-511799.6732641559,0.9098444905801503,675,112966.87530599127,1.0182848692049733,762,-258214.83094893885,0.9579042633173586,814,502558.57094398997,1.0874956240021425,844,-154489.05796311377,-398832.79795816465,244343.73999505112,11,-464100.56655199983,-1307030.7216801136,35.0,-3.0,2000000000.0,3.0,5.0,3.0,2,50.0
3094,-511799.6732641559,0.9098444905801503,675,112966.87530599127,1.0182848692049733,762,-237014.83094893908,0.961308691923122,813,502558.57094398997,1.0874956240021425,844,-133289.05796311388,-398832.79795816465,265543.7399950509,11,-464100.56655199983,-1285830.7216801136,35.0,-3.0,2000000000.0,3.0,5.0,3.0,2,0.0
2602,-281804.07405444037,0.9541924867548991,589,257223.07459313996,1.0397709999009632,659,-645972.0477393869,0.8976083835815228,663,729246.3736722794,1.122891528458495,691,58693.32647159166,-24580.99946130041,83274.3259328925,12,-495498.815768,-1210823.3365384084,35.0,-3.0,2000000000.0,3.0,5.0,3.0,3,50.0
2601,-221092.4088717724,0.9639072470978186,589,265623.0745931399,1.0410697807342788,659,-644772.0475953869,0.8976021996758552,662,729246.3736722794,1.122891528458495,691,129004.9917982599,44530.66572136752,84474.32607689255,12,-489198.815768,-1140511.67121174,35.0,-3.0,2000000000.0,3.0,5.0,3.0,3,0.0
2134,211330.21718341636,1.0333259548645821,507,165795.67778310308,1.0238890111798826,564,-709277.0301966969,0.8871320181057979,520,829090.9596048798,1.1436947653331337,543,496939.8243747019,377125.89496651944,119813.92940818297,13,-746328.9821179999,-825393.5064352979,35.0,-3.0,2000000000.0,3.0,5.0,3.0,5,50.0
2128,147153.55200074846,1.0233324106660835,504,193145.67778310308,1.0278297921731276,565,-639541.863714947,0.8978791551737489,519,1018056.4595408798,1.1791695772739803,540,718813.825609784,340299.22978385154,378514.5958259328,13,-740028.9821179999,-617619.505200216,35.0,-3.0,2000000000.0,3.0,5.0,3.0,5,0.0
3064,-575291.7957860514,0.8962963990048672,668,182766.9350455614,1.029917987500443,756,-436444.17138938693,0.9304432954635355,802,326749.4209061495,1.0556400980507799,838,-502219.61122372746,-392524.86074049,-109694.75048323744,12,-506713.29288951965,-1638561.2756007272,35.0,-3.0,2000000000.0,3.0,5.0,4.0,2,50.0
3063,-575291.7957860514,0.8962963990048672,668,182766.9350455614,1.029917987500443,756,-415244.171389387,0.9337353708460584,801,326749.4209061495,1.0556400980507799,838,-481019.6112237273,-392524.86074049,-88494.7504832375,12,-506713.29288951965,-1617361.275600727,35.0,-3.0,2000000000.0,3.0,5.0,4.0,2,0.0
2522,-334515.5574708131,0.9456243139811729,568,670111.4932641201,1.1095502945909541,636,-791576.6998902154,0.8768469422144165,647,1135419.4292572993,1.2013806385703032,671,679438.6651603903,335595.93579330697,343842.72936708387,14,-658378.9085033687,-579061.3323576099,35.0,-3.0,2000000000.0,3.0,5.0,4.0,3,50.0
2520,-274798.89228814514,0.9551471965211774,568,678511.4932641201,1.1109235324533306,636,-805576.6998902154,0.8744754926686974,646,1116719.4292572993,1.198063962948742,670,714855.3303430584,403712.6009759749,311142.72936708387,14,-658378.9085033687,-543644.6671749417,35.0,-3.0,2000000000.0,3.0,5.0,4.0,3,0.0
2023,-19801.508268052712,0.9969013682197673,481,374913.75520293845,1.0558258336834387,531,-1021579.0227618322,0.8391356580565912,494,1059106.76773512,1.1899834023942002,517,392639.99190817325,355112.24693488574,37527.744973287685,13,-734577.792514805,-918043.3388538267,35.0,-3.0,2000000000.0,3.0,5.0,4.0,5,50.0
2017,14838.491731947346,1.0023381829127178,479,374763.75520293845,1.0558068221374362,530,-981166.8562800824,0.8452309401656329,493,1196100.26767112,1.216246574065448,515,604535.6583259229,389602.2469348858,214933.41139103752,14,-728277.792514805,-722847.6724360771,35.0,-3.0,2000000000.0,3.0,5.0,4.0,5,0.0
3191,-590727.0498631587,0.8999010253370073,704,-490411.7200027152,0.9216933500579023,784,-14625.798231024935,0.99757289578945,833,658137.0878081603,1.117084595283694,870,-437627.48028873815,-1081138.769865874,643511.2895771354,12,-511271.7502170397,-1905160.8107287379,35.0,-3.0,2000000000.0,3.0,0.0,2.0,2,50.0
3190,-590727.0498631587,0.8999010253370073,704,-490411.7200027152,0.9216933500579023,784,1574.2017689750646,1.0002615896859655,832,658137.0878081603,1.117084595283694,870,-421427.48028873815,-1081138.769865874,659711.2895771354,12,-511271.7502170397,-1888960.8107287379,35.0,-3.0,2000000000.0,3.0,0.0,2.0,2,0.0
2755,-342943.41453232453,0.9438476110205027,629,94243.6601879569,1.0145001566789087,702,-679207.6418057197,0.8924532084325731,694,908946.8968547396,1.1585828024345142,730,-18960.499295347952,-248699.75434436763,229739.25504901994,10,-498849.8328372,-1707137.1629253477,35.0,-3.0,2000000000.0,3.0,0.0,2.0,3,50.0
2751,-372270.5064750445,0.9387383497461279,627,16588.327232957294,1.0025592104072485,701,-752888.3083150797,0.8810376030446796,694,949096.8968547396,1.1660962961537287,729,-159473.5907024276,-355682.1792420872,196208.58853965998,10,-501849.8328372,-1816333.5883724275,35.0,-3.0,2000000000.0,3.0,0.0,2.0,3,0.0
2342,-414834.8203309125,0.9326882084250492,551,-245006.4842050795,0.965579945283451,629,-374364.8321620977,0.9374219512673438,572,985608.6448528199,1.1709588163826932,590,-48597.491845269804,-659841.304535992,611243.8126907222,12,-716044.6456507,-1911667.49023327,35.0,-3.0,2000000000.0,3.0,0.0,2.0,5,50.0
2306,-320649.1892995707,0.9472953484094121,543,-306080.48369907786,0.956117760217458,619,-591378.8323869577,0.9018920384433562,565,1257309.6452248197,1.225459636265774,579,39201.139839213225,-626729.6729986486,665930.812837862,14,-806244.6456507,-2022268.858265787,35.0,-3.0,2000000000.0,3.0,0.0,2.0,5,0.0
3088,-477130.22344631277,0.9155129364514191,674,-790.4339357088465,0.9998722111181003,760,-331856.41440057114,0.9456529961456616,812,520244.40469734016,1.0910036563838144,842,-289532.6670852527,-477920.6573820216,188387.990296769,12,-483045.5665519997,-1756415.9982452525,35.0,-3.0,2000000000.0,3.0,0.0,3.0,2,50.0
3087,-477130.22344631277,0.9155129364514191,674,-790.4339357088465,0.9998722111181003,760,-315656.4144005712,0.9482365029252237,811,520244.40469734016,1.0910036563838144,842,-273332.66708525264,-477920.6573820216,204587.99029676896,12,-483045.5665519997,-1740215.9982452525,35.0,-3.0,2000000000.0,3.0,0.0,3.0,2,0.0
2578,-397510.0689864083,0.9350315164346998,586,64469.052156319725,1.0099182975380685,653,-980130.7420553197,0.8473781310736819,657,713140.8738633796,1.1225055912310455,682,-600030.8850220288,-333041.01683008857,-266989.8681919401,10,-522043.3530011911,-2269540.8828170286,35.0,-3.0,2000000000.0,3.0,0.0,3.0,3,50.0
2573,-383933.82829581125,0.9367103392025193,585,115705.71838132001,1.0178799865517194,652,-981294.7419113196,0.8462708097727809,655,744190.8738633796,1.127915267504692,681,-505331.9779624316,-268228.10991449124,-237103.86804793996,11,-522043.3530011911,-2173941.9763824316,35.0,-3.0,2000000000.0,3.0,0.0,3.0,3,0.0
2088,-154993.9985717071,0.9749478298592644,496,-190121.41562411748,0.972755959849034,554,-879287.6913459045,0.8589379937326762,512,457099.10340797994,1.0807053283293768,526,-767304.0021337492,-345115.4141958246,-422188.58793792455,14,-769305.982118,-2583790.6673037494,35.0,-3.0,2000000000.0,3.0,0.0,3.0,5,50.0
2064,-168321.53275366122,0.9725153377213315,490,-227802.96376411757,0.9669710267959124,548,-766250.5250353046,0.8753671287023932,505,671560.6035649802,1.120838358962757,521,-490814.41798810323,-396124.4965177788,-94689.92147032439,14,-779205.982118,-2495674.414383103,35.0,-3.0,2000000000.0,3.0,0.0,3.0,5,0.0
3058,-487868.5688472427,0.9114280018348222,667,20641.625803861418,1.0033720707651979,754,-548066.0047010193,0.912838573823758,801,317208.2546594998,1.0541731371391723,836,-698084.6930849008,-467226.94304338127,-230857.75004151947,12,-525658.2928895196,-2164968.024244901,35.0,-3.0,2000000000.0,3.0,0.0,4.0,2,50.0
3057,-487868.5688472427,0.9114280018348222,667,20641.625803861418,1.0033720707651979,754,-531866.0047010193,0.9153044834038475,800,317208.2546594998,1.0541731371391723,836,-681884.693084901,-467226.94304338127,-214657.75004151947,12,-525658.2928895196,-2148768.024244901,35.0,-3.0,2000000000.0,3.0,0.0,4.0,2,0.0
2497,-299631.8856406615,0.9504689322963836,563,506253.47083520977,1.0815099325620994,633,-934689.184011023,0.8532821977349925,640,1015236.9298036795,1.1838341531480405,661,287169.33098720433,206621.58519454824,80547.74579265644,15,-710866.4082893688,-1389140.6682627955,35.0,-3.0,2000000000.0,3.0,0.0,4.0,3,50.0
2492,-272915.6451260648,0.9545263570138587,562,546120.1370602099,1.0881757367912792,632,-935139.184011023,0.8526007391861934,639,1031786.9298036795,1.1869477344189945,659,369852.2377268018,273204.4919341451,96647.74579265644,15,-710866.4082893688,-1309057.7606931983,35.0,-3.0,2000000000.0,3.0,0.0,4.0,3,0.0
1979,-209007.8649708908,0.966168218861865,470,-13224.171524771606,0.9980576118293533,521,-957499.6745295573,0.8444068624209977,487,548988.5777387199,1.0995474753043488,501,-630743.1332865001,-222232.0364956624,-408511.0967908375,12,-792274.6255547799,-2544388.1332865003,35.0,-3.0,2000000000.0,3.0,0.0,4.0,5,50.0
1960,-217516.2043802708,0.9643334539252666,467,-106632.05339437176,0.984233901256399,515,-823373.0077850777,0.8641103940625271,481,635064.57779472,1.115660053240882,497,-512456.6877650003,-324148.25777464255,-188308.42999035772,12,-851812.6252408999,-2590510.0183200003,35.0,-3.0,2000000000.0,3.0,0.0,4.0,5,0.0
4943,-2076441.159153344,0.8284019578931093,1243,257594.74914042122,1.0229135738232547,1338,-279896.65510599536,0.9685180961506816,1165,720729.161773192,1.0848192999360922,1197,-1378013.903345726,-1818846.410012923,440832.50666719663,11,-571706.0965855207,-2529667.2340957257,35.0,-3.0,2000000000.0,4.5,3.0,2.0,2,50.0
4943,-2076441.159153344,0.8284019578931093,1243,257594.74914042122,1.0229135738232547,1338,-279896.65510599536,0.9685180961506816,1165,720729.161773192,1.0848192999360922,1197,-1378013.903345726,-1818846.410012923,440832.50666719663,11,-571706.0965855207,-2529667.2340957257,35.0,-3.0,2000000000.0,4.5,3.0,2.0,2,0.0
4370,-1775886.687612678,0.8584808581758623,1147,259987.27514773942,1.0225733906908654,1203,-948454.929383475,0.8966865831908074,993,953796.1513336017,1.110710869108756,1027,-1510558.1905148115,-1515899.4124649386,5341.221950126695,11,-632664.4141703375,-2806399.8537448114,35.0,-3.0,2000000000.0,4.5,3.0,2.0,3,50.0
4369,-1756216.687612678,0.8598344468101564,1146,268387.27514773945,1.023302720546319,1203,-948454.929383475,0.8966865831908074,993,953796.1513336017,1.110710869108756,1027,-1482488.1905148113,-1487829.4124649386,5341.221950126695,11,-632664.4141703375,-2778329.8537448114,35.0,-3.0,2000000000.0,4.5,3.0,2.0,3,0.0
3904,-1727831.1324516675,0.8638023441602467,1077,128605.32136368644,1.0109496626415053,1097,-1005551.3776911746,0.8888594087151163,855,879701.4087889723,1.1078831537651892,875,-1725075.7799901827,-1599225.811087981,-125849.96890220232,12,-749369.0643495369,-3009817.4432201823,35.0,-3.0,2000000000.0,4.5,3.0,2.0,5,50.0
3902,-1708161.1324516672,0.8651492884471057,1076,137005.32136368644,1.0116648520692317,1097,-982541.3776911746,0.8912584087084963,854,879701.4087889723,1.1078831537651892,875,-1673995.779990183,-1571155.8110879809,-102839.96890220232,12,-749369.0643495369,-2958737.443220183,35.0,-3.0,2000000000.0,4.5,3.0,2.0,5,0.0
4704,-1842761.534606348,0.8512748511464434,1177,101364.04352429765,1.0087755006787025,1273,-572207.2899515094,0.9376170047337079,1117,395241.1615787518,1.0449534326366052,1137,-1918363.6194548076,-1741397.4910820504,-176966.12837275764,9,-800627.6615299734,-3070016.9502048073,35.0,-3.0,2000000000.0,4.5,3.0,3.0,2,50.0
4704,-1842761.534606348,0.8512748511464434,1177,101364.04352429765,1.0087755006787025,1273,-572207.2899515094,0.9376170047337079,1117,395241.1615787518,1.0449534326366052,1137,-1918363.6194548076,-1741397.4910820504,-176966.12837275764,9,-800627.6615299734,-3070016.9502048073,35.0,-3.0,2000000000.0,4.5,3.0,3.0,2,0.0
4031,-1481480.5587655916,0.8862785939894589,1044,-45292.89084886748,0.9962489126463439,1116,-506100.4328349309,0.9445933161950512,933,556777.9278942592,1.062201996631698,938,-1476095.954555131,-1526773.4496144592,50677.49505932833,10,-757229.2599145633,-2754604.2846251307,35.0,-3.0,2000000000.0,4.5,3.0,3.0,3,50.0
4031,-1481480.5587655916,0.8862785939894589,1044,-36892.89084886748,0.9969445876889428,1116,-506100.4328349309,0.9445933161950512,933,556777.9278942592,1.062201996631698,938,-1467695.954555131,-1518373.4496144592,50677.49505932833,10,-757229.2599145633,-2746204.2846251307,35.0,-3.0,2000000000.0,4.5,3.0,3.0,3,0.0
3458,-1238015.4936298416,0.90501340943977,944,-575163.8818834877,0.9539649402752867,968,-843772.6276710071,0.9098541923935963,767,232392.81930071823,1.0269683018611866,779,-2424559.1838836176,-1813179.3755133292,-611379.8083702888,9,-732694.9488710331,-3736884.1814736174,35.0,-3.0,2000000000.0,4.5,3.0,3.0,5,50.0
3458,-1238015.4936298416,0.90501340943977,944,-566763.8818834877,0.9546372608327273,968,-832762.6276710071,0.9110304634756365,767,232392.81930071823,1.0269683018611866,779,-2405149.1838836176,-1804779.3755133292,-600369.8083702888,9,-732694.9488710331,-3717474.1814736174,35.0,-3.0,2000000000.0,4.5,3.0,3.0,5,0.0
4610,-1725995.7508993952,0.8587557435504646,1138,-156303.20213006035,0.9864823909995767,1248,-158644.68010248584,0.9823282614433244,1101,380963.91658832994,1.0432745564370611,1123,-1659979.7165436107,-1882298.9530294556,222319.2364858441,8,-832732.8922053798,-2811633.0472936104,35.0,-3.0,2000000000.0,4.5,3.0,4.0,2,50.0
4610,-1725995.7508993952,0.8587557435504646,1138,-156303.20213006035,0.9864823909995767,1248,-158644.68010248584,0.9823282614433244,1101,380963.91658832994,1.0432745564370611,1123,-1659979.7165436107,-1882298.9530294556,222319.2364858441,8,-832732.8922053798,-2811633.0472936104,35.0,-3.0,2000000000.0,4.5,3.0,4.0,2,0.0
3834,-1604054.7879775863,0.8758716786428591,979,273167.25676683884,1.0230126076838084,1069,-355374.7618000211,0.9592977251167052,885,840647.5838563292,1.0949375820368337,901,-845614.7091544392,-1330887.5312107475,485272.8220563081,10,-610999.0548869566,-2273106.373224439,35.0,-3.0,2000000000.0,4.5,3.0,4.0,3,50.0
3834,-1604054.7879775863,0.8758716786428591,979,281567.25676683884,1.0237202543718922,1069,-355374.7618000211,0.9592977251167052,885,840647.5838563292,1.0949375820368337,901,-837214.7091544392,-1322487.5312107475,485272.8220563081,10,-610999.0548869566,-2264706.373224439,35.0,-3.0,2000000000.0,4.5,3.0,4.0,3,0.0
3187,-1315509.5912156675,0.8979622635341191,857,464697.6455292301,1.039077840351671,905,-786914.5910624814,0.9122043844523395,714,503727.742461764,1.060719907113311,711,-1133998.7942871542,-850811.9456864374,-283186.8486007174,12,-681489.96131628,-2588253.7918771543,35.0,-3.0,2000000000.0,4.5,3.0,4.0,5,50.0
3187,-1315509.5912156675,0.8979622635341191,857,473097.6455292301,1.0397842219357227,905,-775904.5910624814,0.9134327639209101,714,503727.742461764,1.060719907113311,711,-1114588.7942871542,-842411.9456864374,-272176.8486007174,12,-681489.96131628,-2568843.7918771543,35.0,-3.0,2000000000.0,4.5,3.0,4.0,5,0.0
4821,-2001590.3520625252,0.8342045803966187,1216,328656.04444713506,1.029598514926169,1301,-213172.37797772972,0.9759254109225038,1142,849071.7330674022,1.1005422063205652,1162,-1037034.9525257178,-1672934.30761539,635899.3550896724,12,-746280.2087514976,-2325909.9490052178,35.0,-3.0,2000000000.0,4.5,5.0,2.0,2,50.0
4820,-2001590.3520625252,0.8342045803966187,1216,328656.04444713506,1.029598514926169,1301,-191972.3779777296,0.9782995335399788,1141,849071.7330674022,1.1005422063205652,1162,-1015834.9525257179,-1672934.30761539,657099.3550896726,12,-746280.2087514976,-2304709.949005218,35.0,-3.0,2000000000.0,4.5,5.0,2.0,2,0.0
4131,-1663870.003037601,0.8659207353495297,1089,269905.50988828146,1.0238572631111698,1134,-889739.6987294352,0.9000546812209957,940,1510918.959117942,1.182580492058453,968,-772785.2327608131,-1393964.4931493197,621179.2603885068,12,-690774.3315658203,-2234235.2290083133,35.0,-3.0,2000000000.0,4.5,5.0,2.0,3,50.0
4128,-1638390.003037601,0.867627522226271,1087,278305.50988828146,1.0245997489174683,1134,-868099.6987294352,0.9022049558855185,939,1514668.959117942,1.1830336446521692,968,-713515.2327608133,-1360084.4931493197,646569.2603885068,12,-694774.3315658203,-2174965.2290083133,35.0,-3.0,2000000000.0,4.5,5.0,2.0,3,0.0
3538,-1559847.4035521601,0.8735265605075543,980,229294.16818223093,1.0198373230876567,1000,-570386.3625378027,0.9336292800306332,773,1693499.6632436416,1.2198937174688582,785,-207439.93466408958,-1330553.235369929,1123113.300705839,12,-715820.8314774969,-1668889.9309115899,35.0,-3.0,2000000000.0,4.5,5.0,2.0,5,50.0
3518,-1513563.4038638598,0.8767539320247306,974,452332.8345295127,1.0395086627400616,995,-535632.6965283927,0.9376898339437497,768,1804531.1631796418,1.2362331387009038,781,207667.89731690218,-1061230.5693343473,1268898.4666512492,14,-674000.8314774969,-1263382.098930598,35.0,-3.0,2000000000.0,4.5,5.0,2.0,5,0.0
4594,-1789192.5704422512,0.8554640324398667,1151,364425.66995377146,1.032007307329945,1241,-571175.9068040695,0.9378756589409527,1097,438174.56628336175,1.049435701901008,1105,-1557768.2410091874,-1424766.9004884798,-133001.34052070777,8,-670515.3403126954,-2911973.238171187,35.0,-3.0,2000000000.0,4.5,5.0,3.0,2,50.0
4593,-1789192.5704422512,0.8554640324398667,1151,364425.66995377146,1.032007307329945,1241,-549975.9068040692,0.9401280930727963,1096,438174.56628336175,1.049435701901008,1105,-1536568.2410091874,-1424766.9004884798,-111801.34052070742,8,-670515.3403126954,-2890773.238171187,35.0,-3.0,2000000000.0,4.5,5.0,3.0,2,0.0
3818,-1347070.2378892426,0.8959435903564938,995,-57966.58241204545,0.9951594104049305,1053,-622936.7664734912,0.930328333734201,881,929244.5037953795,1.1060742093271927,889,-1098729.0829793992,-1405036.820301288,306307.73732188833,11,-863666.6886514669,-2618709.080749399,35.0,-3.0,2000000000.0,4.5,5.0,3.0,3,50.0
3818,-1286358.5727065746,0.9004314931219877,995,-49566.58241204545,0.9958608654658749,1053,-602036.7664734912,0.9325118889705134,881,929244.5037953795,1.1060742093271927,889,-1008717.4177967313,-1335925.15511862,327207.73732188833,12,-863666.6886514669,-2528697.4155667312,35.0,-3.0,2000000000.0,4.5,5.0,3.0,3,0.0
3123,-1770170.6687573427,0.8646719977421854,854,-201086.993661409,0.9837854163311369,888,-580586.8451036345,0.9351337718942753,684,1076792.179016408,1.1316189784781674,697,-1475052.3285059785,-1971257.6624187517,496205.3339127735,13,-829451.8965814671,-3007402.3262759787,35.0,-3.0,2000000000.0,4.5,5.0,3.0,5,50.0
3114,-1762872.334215561,0.8646956348641278,851,-91592.32702115388,0.9925809049961414,887,-521223.5796232047,0.9418153654921744,682,1127492.678952408,1.137921473836535,694,-1248195.5619075117,-1854464.6612367148,606269.0993292034,14,-829451.8965814671,-2789945.559677512,35.0,-3.0,2000000000.0,4.5,5.0,3.0,5,0.0
4511,-1667454.268249216,0.8644169514518655,1117,114369.35390929342,1.010037202180862,1221,-97124.89876633658,0.9891188391692645,1079,566314.7657492813,1.0644444326191418,1094,-1083895.047356978,-1553084.9143399226,469189.86698294466,10,-846955.8925871501,-2422700.045178978,35.0,-3.0,2000000000.0,4.5,5.0,4.0,2,50.0
4510,-1667454.268249216,0.8644169514518655,1117,114369.35390929342,1.010037202180862,1221,-75924.89876633682,0.9914861101398614,1078,566314.7657492813,1.0644444326191418,1094,-1062695.047356978,-1553084.9143399226,490389.8669829444,10,-846955.8925871501,-2401500.045178978,35.0,-3.0,2000000000.0,4.5,5.0,4.0,2,0.0
3649,-1325932.688722157,0.8978601094127179,939,-55222.76157640622,0.9953589716637713,1008,-357570.48283661157,0.9585944310027795,845,1219946.1931846696,1.1409844210568063,857,-518779.73995050567,-1381155.450298563,862375.710348058,10,-672405.7415979689,-2210509.7383805057,35.0,-3.0,2000000000.0,4.5,5.0,4.0,3,50.0
3649,-1266216.0235394891,0.9022701411142626,939,-46822.76157640622,0.9960649240086279,1008,-338270.48283661157,0.9606904783774173,845,1172996.1931846696,1.1351174690540715,857,-478313.07476783765,-1313038.7851158953,834725.710348058,10,-672405.7415979689,-2170043.0731978375,35.0,-3.0,2000000000.0,4.5,5.0,4.0,3,0.0
2890,-1871824.7427313437,0.8564207951359587,776,529628.545119378,1.0441088546613608,826,-352502.75795016123,0.958761816596087,640,1216005.6018599938,1.1532250167044082,648,-478693.35370213387,-1342196.1976119657,863502.8439098325,15,-789167.5085202402,-2188423.352132134,35.0,-3.0,2000000000.0,4.5,5.0,4.0,5,50.0
2884,-1962784.7427313437,0.849999627843282,776,563703.5451193778,1.0471473570436483,824,-267062.59146357153,0.9685340579760551,637,1262659.4352259939,1.1576129639276205,647,-403484.3538495437,-1399081.197611966,995596.8437624223,15,-790667.5085202402,-2121914.352279544,35.0,-3.0,2000000000.0,4.5,5.0,4.0,5,0.0
4794,-1936750.0312060758,0.836977711026475,1203,175648.82415993215,1.0158213754793803,1294,-311906.54450301244,0.9648427784370331,1139,999498.2334159024,1.1185260229520566,1158,-1073509.5181332538,-1761101.2070461437,687591.6889128899,11,-807750.4862707229,-3081226.183170254,35.0,-3.0,2000000000.0,4.5,0.0,2.0,2,50.0
4793,-1936750.0312060758,0.836977711026475,1203,175648.82415993215,1.0158213754793803,1294,-295706.54450301226,0.9666379606253696,1138,999498.2334159024,1.1185260229520566,1158,-1057309.5181332538,-1761101.2070461437,703791.6889128902,11,-807750.4862707229,-3065026.183170254,35.0,-3.0,2000000000.0,4.5,0.0,2.0,2,0.0
4038,-1834930.3060397822,0.8489447849482412,1054,183772.58318142168,1.016435140675766,1116,-713170.8100768181,0.9191019822000941,926,1828424.625533112,1.2291662374104513,942,-535903.9074020667,-1651157.7228583605,1115253.815456294,13,-763445.1646009205,-2748470.573174067,35.0,-3.0,2000000000.0,4.5,0.0,2.0,3,50.0
4031,-1832286.3979825021,0.8481547825336014,1050,155420.58345142193,1.0139450214333956,1114,-744980.8101068181,0.9152481020296371,925,1822318.6255751122,1.2283835933090037,942,-599527.9990627872,-1676865.8145310802,1077337.815468294,13,-807195.1646009205,-2757644.664834787,35.0,-3.0,2000000000.0,4.5,0.0,2.0,3,0.0
3353,-2254464.7323438013,0.812735784089973,924,535643.4464203329,1.047525572713473,953,-126858.14191476797,0.9844743701040369,739,972953.1406272722,1.1299720568113112,737,-872726.2872109648,-1718821.2859234684,846094.9987125043,15,-753508.6797696884,-3523416.2872109646,35.0,-3.0,2000000000.0,4.5,0.0,2.0,5,50.0
3291,-2011813.6012021597,0.8295981341310313,905,686935.7794526147,1.0623718632139836,937,-131512.30858970806,0.9836176944161797,725,971574.1409142724,1.1314144496456706,724,-484815.9894249805,-1324877.821749545,840061.8323245643,14,-802416.6797696884,-3255750.9894249802,35.0,-3.0,2000000000.0,4.5,0.0,2.0,5,0.0
4565,-1618003.9271113796,0.8671684551280395,1139,193111.6389659684,1.016889819207322,1234,-660153.2398357017,0.9279531141290585,1092,494367.0666318621,1.0558444355294025,1100,-1590678.4613492507,-1424892.2881454113,-165786.17320383957,8,-708545.3403126954,-3745536.792106501,35.0,-3.0,2000000000.0,4.5,0.0,3.0,2,50.0
4564,-1618003.9271113796,0.8671684551280395,1139,193111.6389659684,1.016889819207322,1234,-643953.2398357014,0.9296581768734401,1091,494367.0666318621,1.0558444355294025,1100,-1574478.4613492507,-1424892.2881454113,-149586.17320383934,8,-708545.3403126954,-3729336.792106501,35.0,-3.0,2000000000.0,4.5,0.0,3.0,2,0.0
3737,-1667373.4819523322,0.8679665094686779,961,-289810.07367850514,0.9757109743150222,1039,-739876.3338882307,0.9182062174058112,869,825071.6701416498,1.0954947037425171,868,-1871988.219377418,-1957183.5556308373,85195.33625341905,10,-924666.6886474668,-4163628.219377418,35.0,-3.0,2000000000.0,4.5,0.0,3.0,3,50.0
3731,-1647337.2415027348,0.8686998109337427,959,-284658.07419550477,0.9760563306111054,1038,-638256.0838882306,0.9287673360016474,866,750098.6701416499,1.0866835784574527,868,-1820152.7294448204,-1931995.3156982395,111842.58625341929,9,-924666.6886474668,-4076342.7294448204,35.0,-3.0,2000000000.0,4.5,0.0,3.0,3,0.0
2958,-2138475.254137397,0.8313786809969076,805,-340475.0023282964,0.9724294911154129,850,109060.20865505774,1.0133099965747943,649,403790.523099458,1.0517601398634533,654,-1966099.5247111772,-2478950.256465693,512850.7317545158,12,-869356.896717467,-4574174.524711177,35.0,-3.0,2000000000.0,4.5,0.0,3.0,5,50.0
2919,-2003250.5377983847,0.8399104715288042,795,-420133.00230164116,0.9652707995299804,838,18047.375162337965,1.0021579376338536,641,391863.5232554581,1.0500308116009538,645,-2013472.6416822302,-2423383.540100026,409910.89841779607,11,-886856.8967174671,-4959492.64168223,35.0,-3.0,2000000000.0,4.5,0.0,3.0,5,0.0
4489,-1148850.7094309716,0.9041225875700998,1107,-82998.26075215917,0.9927314270800709,1215,-353787.1154843691,0.9607406211982005,1077,577143.7660977811,1.0649885551450464,1090,-1008492.3195697187,-1231848.9701831308,223356.65061341203,11,-710942.5594133001,-3181200.6503269686,35.0,-3.0,2000000000.0,4.5,0.0,4.0,2,50.0
4488,-1148850.7094309716,0.9041225875700998,1107,-82998.26075215917,0.9927314270800709,1215,-337587.1154843689,0.9625041987904964,1076,577143.7660977811,1.0649885551450464,1090,-992292.3195697191,-1231848.9701831308,239556.65061341226,11,-710942.5594133001,-3165000.650326969,35.0,-3.0,2000000000.0,4.5,0.0,4.0,2,0.0
3566,-1404317.2764379128,0.887684122298117,908,-115043.26882951567,0.9902462769340376,994,-416944.23278883786,0.9517763950488466,833,1133705.3585067599,1.1369955941673766,831,-802599.4195495063,-1519360.5452674285,716761.125717922,10,-670274.740639969,-3230899.419549506,35.0,-3.0,2000000000.0,4.5,0.0,4.0,3,50.0
3562,-1364101.035923316,0.8900098906945966,906,-57849.93625451549,0.9950744405228752,993,-219244.23278883786,0.9744521539659662,833,1014613.3585067596,1.122061984382525,830,-626581.8464599089,-1421950.9721778315,795369.1257179218,8,-670274.740639969,-3019431.846459909,35.0,-3.0,2000000000.0,4.5,0.0,4.0,3,0.0
2727,-2332574.7106883307,0.8139052078175707,728,649456.3142291314,1.0559937747097434,783,-242855.55975371198,0.970785283085245,609,715951.8465841839,1.094519647222782,607,-1210022.1096287277,-1683118.3964591993,473096.2868304719,13,-804929.4424362261,-4009405.441499728,35.0,-3.0,2000000000.0,4.5,0.0,4.0,5,50.0
2690,-1963803.3228660345,0.8398226263084059,721,468139.6470641121,1.0408875457042313,774,116670.90650172862,1.0140267611259164,599,684431.1800981839,1.0904457796487543,596,-694561.58920201,-1495663.6758019223,801102.0865999125,13,-655329.4426762102,-3801939.92103201,35.0,-3.0,2000000000.0,4.5,0.0,4.0,5,0.0
4446,-1676563.1224613327,0.817682856305734,1065,-293096.6118822134,0.9684203133718702,1176,-446556.5416248881,0.9431975469881357,1084,658029.0423362802,1.090458999616944,1121,-1758187.2336321538,-1969659.734343546,211472.50071139215,10,-512119.5162577997,-3033815.565289654,35.0,-3.0,800000000.0,3.0,3.0,2.0,2,50.0
4446,-1676563.1224613327,0.817682856305734,1065,-293096.6118822134,0.9684203133718702,1176,-446556.5416248881,0.9431975469881357,1084,658029.0423362802,1.090458999616944,1121,-1758187.2336321538,-1969659.734343546,211472.50071139215,10,-512119.5162577997,-3033815.565289654,35.0,-3.0,800000000.0,3.0,3.0,2.0,2,0.0
3863,-1043242.8406120283,0.8886527267714629,961,55600.93685657618,1.0059825405783103,1049,-596905.8071620375,0.9249580527305299,905,1052558.7751551196,1.1434973138351074,948,-531988.93576237,-987641.903755452,455652.96799308213,12,-516517.74993128964,-1950342.2665223698,35.0,-3.0,800000000.0,3.0,3.0,2.0,3,50.0
3862,-1023422.8406120283,0.8905426787898981,960,64000.93685657618,1.0068863624147557,1049,-596905.8071620375,0.9249580527305299,905,1052558.7751551196,1.1434973138351074,948,-503768.93576236954,-959421.903755452,455652.96799308213,12,-516517.74993128964,-1922122.2665223693,35.0,-3.0,800000000.0,3.0,3.0,2.0,3,0.0
3342,-1009389.8047529093,0.8935244042402701,865,495830.4401085093,1.0534075359035444,934,-15464.482648635574,0.9979305622326051,754,1406440.0425521499,1.2002843380993038,789,877416.1952591145,-513559.3646444,1390975.5599035143,13,-574714.4790982001,-414622.3200038073,35.0,-3.0,800000000.0,3.0,3.0,2.0,5,50.0
3338,-989344.8047529093,0.8954234678029137,864,505060.4401085093,1.0544017297176271,934,-21808.482648635574,0.9970745734002288,752,1432654.70908915,1.204520718922223,788,926561.8617961142,-484284.3646444,1410846.2264405144,13,-574714.4790982001,-365476.65346680756,35.0,-3.0,800000000.0,3.0,3.0,2.0,5,0.0
4279,-1469694.4587301665,0.8398895519433295,1023,-79116.5608533666,0.9913998018639052,1127,-783511.5042244995,0.9033487550200218,1051,65876.74285258952,1.0088086957157534,1078,-2266445.7809554436,-1548811.019583533,-717634.7613719099,10,-526038.9759166683,-3501124.1126129436,35.0,-3.0,800000000.0,3.0,3.0,3.0,2,50.0
4279,-1469694.4587301665,0.8398895519433295,1023,-79116.5608533666,0.9913998018639052,1127,-783511.5042244995,0.9033487550200218,1051,65876.74285258952,1.0088086957157534,1078,-2266445.7809554436,-1548811.019583533,-717634.7613719099,10,-526038.9759166683,-3501124.1126129436,35.0,-3.0,800000000.0,3.0,3.0,3.0,2,0.0
3576,-1307095.4739005987,0.8632662544037943,883,127606.49285797664,1.0140612794615114,964,-933194.1219273547,0.8828812317007846,844,619733.9530784597,1.0816253537059515,885,-1492949.1498915171,-1179488.9810426221,-313460.168848895,10,-631501.1805387666,-2963269.1478315173,35.0,-3.0,800000000.0,3.0,3.0,3.0,3,50.0
3576,-1307095.4739005987,0.8632662544037943,883,136006.49285797664,1.0149868965271582,964,-933194.1219273547,0.8828812317007846,844,619733.9530784597,1.0816253537059515,885,-1484549.1498915171,-1171088.9810426221,-313460.168848895,10,-631501.1805387666,-2954869.1478315173,35.0,-3.0,800000000.0,3.0,3.0,3.0,3,0.0
2939,-1028067.3424682986,0.8927861404546992,759,840785.7334897828,1.0944602872342166,823,-503612.28162377625,0.9327228189304255,667,1305610.4504165302,1.1887541403855617,690,614716.5598142381,-187281.60897851584,801998.168792754,12,-813068.649729,-866721.9562886838,35.0,-3.0,800000000.0,3.0,3.0,3.0,5,50.0
2938,-1028067.3424682986,0.8927861404546992,759,850015.7334897828,1.095497255889183,823,-506886.28162377625,0.9322854477644333,666,1374977.1169535303,1.1996658874963435,690,690039.2263512382,-178051.60897851584,868090.835329754,12,-813068.649729,-791399.2897516837,35.0,-3.0,800000000.0,3.0,3.0,3.0,5,0.0
4230,-1524123.9286104434,0.8315281606611035,1005,167836.78988270348,1.0184690448953766,1118,-1038833.9728901666,0.8747872221235623,1036,49216.008988999296,1.0065936604977836,1071,-2345905.102628907,-1356287.13872774,-989617.9639011673,10,-677299.8984970683,-3576783.434286407,35.0,-3.0,800000000.0,3.0,3.0,4.0,2,50.0
4230,-1524123.9286104434,0.8315281606611035,1005,167836.78988270348,1.0184690448953766,1118,-1038833.9728901666,0.8747872221235623,1036,49216.008988999296,1.0065936604977836,1071,-2345905.102628907,-1356287.13872774,-989617.9639011673,10,-677299.8984970683,-3576783.434286407,35.0,-3.0,800000000.0,3.0,3.0,4.0,2,0.0
3459,-714611.697045449,0.9202814148369178,846,283847.5291003294,1.0320969562098297,933,-936840.7725560018,0.8811781214829973,819,1049663.4100970195,1.145969278934935,861,-317941.53040410194,-430764.16794511967,112822.63754101773,13,-704212.0970486169,-1752561.5291841016,35.0,-3.0,800000000.0,3.0,3.0,4.0,3,50.0
3459,-714611.697045449,0.9202814148369178,846,292247.5291003294,1.0330468127508294,933,-936840.7725560018,0.8811781214829973,819,1049663.4100970195,1.145969278934935,861,-309541.53040410194,-422364.16794511967,112822.63754101773,13,-704212.0970486169,-1744161.5291841016,35.0,-3.0,800000000.0,3.0,3.0,4.0,3,0.0
2753,-543914.881554942,0.940502586642952,705,340455.63389700954,1.0380261851546664,767,-708002.5468958772,0.9037805738239831,627,1254552.5075679296,1.1868913263625256,654,343090.7130141198,-203459.24765793246,546549.9606720523,14,-791071.2923428098,-1169787.802248802,35.0,-3.0,800000000.0,3.0,3.0,4.0,5,50.0
2752,-543914.881554942,0.940502586642952,705,349685.63389700954,1.039057102707594,767,-731961.5468958772,0.9005244821024795,626,1331911.1741049297,1.1994422992219216,654,405720.3795511199,-194229.24765793246,599949.6272090524,14,-791071.2923428098,-1107158.135711802,35.0,-3.0,800000000.0,3.0,3.0,4.0,5,0.0
4377,-1622958.136292147,0.8207915934433968,1046,-489120.3765839363,0.9475732546596299,1159,-311953.575877765,0.9598017894804103,1069,593115.7899818802,1.0826061490626946,1103,-1830916.2987719683,-2112078.512876083,281162.2141041152,11,-622525.1162577996,-3174001.143946468,35.0,-3.0,800000000.0,3.0,5.0,2.0,2,50.0
4376,-1622958.136292147,0.8207915934433968,1046,-489120.3765839363,0.9475732546596299,1159,-298553.5758817649,0.9615265249425832,1068,593115.7899818802,1.0826061490626946,1103,-1817516.2987759684,-2112078.512876083,294562.21410011535,11,-622525.1162577996,-3160601.143950468,35.0,-3.0,800000000.0,3.0,5.0,2.0,2,0.0
3707,-768252.7715234177,0.9151425385541377,921,-188342.97855253023,0.9796638129780165,1010,-374418.37446487974,0.9509164219010657,868,1051129.9971763396,1.150720616116516,908,-279884.1273644881,-956595.750075948,676711.6227114599,11,-400834.3888520003,-1593584.122974488,35.0,-3.0,800000000.0,3.0,5.0,2.0,3,50.0
3705,-728727.7715234177,0.9193343110890814,920,-179942.97855253023,0.9805707964626014,1010,-381045.0409442396,0.9500134853405189,867,1051129.9971763396,1.150720616116516,908,-238585.79384384817,-908670.750075948,670084.9562321,11,-400834.3888520003,-1552285.789453848,35.0,-3.0,800000000.0,3.0,5.0,2.0,3,0.0
3082,-605811.8486122865,0.9331620377155582,798,491462.5802630806,1.052944518680344,871,-3142.697412172449,0.9995631281996075,692,1281925.9358110991,1.1890774720678083,721,1164433.9700497205,-114349.2683492059,1278783.2383989268,14,-548653.54979104,-277382.69289777917,35.0,-3.0,800000000.0,3.0,5.0,2.0,5,50.0
3074,-591911.8487402864,0.9345225813136624,796,525712.5802630805,1.0567516035277724,870,-120266.69751217263,0.983266151575458,690,1416224.9356970992,1.2107175368081824,718,1229758.969707721,-66199.26847720589,1295958.2381849266,15,-562003.54979104,-223924.36050177878,35.0,-3.0,800000000.0,3.0,5.0,2.0,5,0.0
4215,-1352732.6378603592,0.8494182226687533,1007,-312014.5100886495,0.966336307055278,1111,-795056.1296964721,0.9016849159334979,1037,-196980.1761549106,0.9733992674942049,1060,-2656783.453800391,-1664747.1479490087,-992036.3058513827,10,-563240.8995639998,-3989951.6317748907,35.0,-3.0,800000000.0,3.0,5.0,3.0,2,50.0
4214,-1352732.6378603592,0.8494182226687533,1007,-312014.5100886495,0.966336307055278,1111,-781656.1297004719,0.903337152436905,1036,-196980.1761549106,0.9733992674942049,1060,-2643383.4538043914,-1664747.1479490087,-978636.3058553825,10,-563240.8995639998,-3976551.631778891,35.0,-3.0,800000000.0,3.0,5.0,3.0,2,0.0
3449,-1057453.9697983277,0.8860926415122217,854,46232.75555912021,1.0051025155064537,932,-971268.6885039213,0.8747543708072175,816,642059.5100595595,1.0881964436512312,847,-1340430.3926835689,-1011221.2142392074,-329209.1784443618,10,-531049.3160110002,-2766080.388293569,35.0,-3.0,800000000.0,3.0,5.0,3.0,3,50.0
3448,-1045453.9697983277,0.887385263546743,854,54632.75555912021,1.0060295883087529,932,-939068.6885039211,0.8786075943500019,815,645350.3100595595,1.0882610118422116,847,-1284539.592683569,-990821.2142392074,-293718.3784443616,10,-524749.3160110002,-2710189.588293569,35.0,-3.0,800000000.0,3.0,5.0,3.0,3,0.0
2737,-901163.1386178164,0.9039219980274895,703,834890.4412194919,1.091730982884487,773,-162800.8991752385,0.9778409294988528,628,771247.8767906398,1.1136527540995154,633,542174.2802170763,-66272.6973983245,608446.9776154014,11,-740312.649525,-1049409.0502304235,35.0,-3.0,800000000.0,3.0,5.0,3.0,5,50.0
2729,-878025.1386178164,0.9061924622246371,702,1015906.4412194915,1.1128666573091637,772,-186499.2323634887,0.974561247382673,624,1029524.2100516396,1.1545383259954785,631,980906.2802898267,137881.30260167515,843024.977688151,13,-718312.6495249999,-622077.050157673,35.0,-3.0,800000000.0,3.0,5.0,3.0,5,0.0
4165,-1517969.9126292802,0.8295311679524161,991,-147305.60909277946,0.9839942402038897,1099,-1122257.0210034803,0.8647653495386097,1022,-139685.41001850076,0.9810774168397978,1053,-2927217.9527440406,-1665275.5217220597,-1261942.431021981,10,-652193.084244906,-4256086.13071854,35.0,-3.0,800000000.0,3.0,5.0,4.0,2,50.0
4165,-1517969.9126292802,0.8295311679524161,991,-147305.60909277946,0.9839942402038897,1099,-1088457.0211554803,0.8685976489065316,1022,-139685.41001850076,0.9810774168397978,1053,-2893417.952896041,-1665275.5217220597,-1228142.4311739812,10,-652193.084244906,-4222286.130870541,35.0,-3.0,800000000.0,3.0,5.0,4.0,2,0.0
3329,-511526.5689895025,0.9408693311090951,815,-130442.6064762972,0.9853370691465659,899,-669991.5266764584,0.9108259924912712,791,1077331.1674205596,1.1567421422383417,824,-234629.53472169815,-641969.1754657996,407339.64074410114,12,-453092.16588415974,-1638929.5311716981,35.0,-3.0,800000000.0,3.0,5.0,4.0,3,50.0
3327,-499526.5689895025,0.9422564888242703,815,-122042.6064762972,0.9862813052554268,899,-674591.5266764584,0.9101144481044247,790,968489.1674205596,1.1398439210358937,823,-327671.53472169815,-621569.1754657996,293897.64074410114,12,-453092.16588415974,-1731971.5311716981,35.0,-3.0,800000000.0,3.0,5.0,4.0,3,0.0
2566,-214697.5660432441,0.9755654606181176,652,168665.03015466232,1.0180405036070304,726,-383132.1075726071,0.945902785088145,588,1228846.8673128996,1.194893476265898,600,799682.223851711,-46032.53588858177,845714.7597402924,15,-553315.6255083999,-773359.6235412108,35.0,-3.0,800000000.0,3.0,5.0,4.0,5,50.0
2562,-177283.5660432441,0.9798265820892873,652,243677.36363466235,1.0261553561252554,726,-392570.44109085685,0.9440638541217599,585,1271950.2006578995,1.2035200688362226,599,945773.5571584607,66393.79759141826,879379.7595670426,15,-524915.6255083999,-601428.2902344611,35.0,-3.0,800000000.0,3.0,5.0,4.0,5,0.0
4368,-1565114.5446452254,0.8275086195003677,1045,-458228.43665743613,0.9508588850427483,1156,-413386.4925640477,0.9468037095550731,1067,516769.12346338027,1.0719324194447382,1100,-1919960.3504033294,-2023342.9813026616,103382.63089933258,11,-671106.6165377997,-3649960.3469983293,35.0,-3.0,800000000.0,3.0,0.0,2.0,2,50.0
4365,-1565114.5446452254,0.8275086195003677,1045,-462228.4366574362,0.9504299189548671,1155,-427686.49256804766,0.9449606930994067,1066,527209.1234633803,1.0735508718494235,1099,-1927820.3504073292,-2027342.9813026616,99522.63089533261,11,-671106.6165377997,-3660620.347002329,35.0,-3.0,800000000.0,3.0,0.0,2.0,2,0.0
3675,-654945.2307138987,0.9271805598541912,913,-4813.543535203848,0.9994778118666657,1001,-537152.79165868,0.9292722073290689,860,956459.8296499397,1.1381733230466833,901,-240451.73625784274,-659758.7742491025,419307.0379912597,12,-440127.8887365004,-2137818.400917843,35.0,-3.0,800000000.0,3.0,0.0,2.0,3,50.0
3667,-732141.8683566184,0.9184204292910777,912,-53340.21028240357,0.9941900167245133,999,-526443.4581680399,0.9302510503091191,857,948569.8296499394,1.137326325679252,899,-363355.70715712244,-785482.0786390221,422126.3714818995,11,-476517.8887365004,-2203540.5528171225,35.0,-3.0,800000000.0,3.0,0.0,2.0,3,0.0
3006,-799815.3046624104,0.9095247249129395,776,336400.83338275645,1.0364064256322343,846,101208.05270211748,1.014195347536103,680,866426.7474045993,1.128555942834268,704,504220.32882706274,-463414.47127965395,967634.8001067168,12,-543940.3125752,-1655213.0033179373,35.0,-3.0,800000000.0,3.0,0.0,2.0,5,50.0
2952,-654822.4546111876,0.9250837025250039,766,167496.94150653644,1.0183784715061217,838,104229.40730540128,1.0149399808036101,665,851220.9130297994,1.13175761343883,683,468124.80723055,-487325.5131046511,955450.3203352006,14,-601958.3125752,-1843166.09875945,35.0,-3.0,800000000.0,3.0,0.0,2.0,5,0.0
4207,-1375107.476097736,0.847643909980959,1006,-353473.4025755996,0.9617096772958735,1109,-869296.8795605042,0.8920513993344478,1035,-78053.34264441062,0.9893878147530327,1057,-2675931.100878251,-1728580.8786733355,-947350.2222049148,10,-546840.8995639997,-4407097.76418325,35.0,-3.0,800000000.0,3.0,0.0,3.0,2,50.0
4205,-1375107.476097736,0.847643909980959,1006,-353473.4025755996,0.9617096772958735,1109,-883596.8795645043,0.8902701861514128,1034,-42553.342644410615,0.9941927850099231,1056,-2654731.1008822503,-1728580.8786733355,-926150.2222089148,10,-544040.8995639997,-4388697.76418725,35.0,-3.0,800000000.0,3.0,0.0,3.0,2,0.0
3419,-1063209.2523785152,0.8850699791499579,848,2763.5361861996353,1.0003064171562175,921,-1107791.0219506214,0.8566355922132771,810,441370.3435511594,1.0611003670357553,840,-1726866.3945917776,-1060445.7161923156,-666420.678399462,9,-611623.5250928714,-3557844.1699779695,35.0,-3.0,800000000.0,3.0,0.0,3.0,3,50.0
3412,-1215897.556771235,0.8685647898204305,848,54893.53598279983,1.0061360716270311,919,-983357.021950621,0.8712447893521629,807,377465.6435511594,1.051812233314434,838,-1766895.3991878973,-1161004.0207884354,-605891.3783994616,9,-611623.5250928714,-3547563.5793678975,35.0,-3.0,800000000.0,3.0,0.0,3.0,3,0.0
2679,-870896.5192379038,0.9055097077076099,694,305580.07039647724,1.033990906892941,750,-11322.376624106313,0.9984357021699002,617,224509.35550983984,1.0329946811032331,618,-352129.469955693,-565316.4488414265,213186.97888573352,11,-633559.6493650001,-2525596.134465693,35.0,-3.0,800000000.0,3.0,0.0,3.0,5,50.0
2641,-1161524.4528485918,0.8746789834453206,690,54564.92218255729,1.0061583972833665,741,-14831.876180294319,0.9979285886906266,603,204346.68814484024,1.0306597301053269,607,-917444.7187014888,-1106959.5306660347,189514.81196454592,11,-802749.31567,-3217568.957056489,35.0,-3.0,800000000.0,3.0,0.0,3.0,5,0.0
4158,-1381403.6401399318,0.845206609222237,991,-263708.50157972926,0.9712081407782029,1097,-1141299.2711007628,0.8619231257505355,1020,-113269.07650800081,0.9846175824604795,1050,-2899680.4893284244,-1645112.1417196612,-1254568.3476087635,10,-636083.084244906,-4641630.485923424,35.0,-3.0,800000000.0,3.0,0.0,4.0,2,50.0
4157,-1381403.6401399318,0.845206609222237,991,-263708.50157972926,0.9712081407782029,1097,-1135199.2712527628,0.862408095271596,1020,-90979.07650800087,0.9876208028411343,1049,-2871290.4894804247,-1645112.1417196612,-1226178.3477607637,10,-636083.084244906,-4616040.486075425,35.0,-3.0,800000000.0,3.0,0.0,4.0,2,0.0
3304,-490544.6851053507,0.9435652858395467,811,-312263.923549726,0.9653303088140408,890,-711879.3608431586,0.9048931610236489,786,872165.5014751593,1.1279899378273908,817,-642522.4680230758,-802808.6086550767,160286.14063200075,11,-573480.4400608892,-2472900.244229268,35.0,-3.0,800000000.0,3.0,0.0,4.0,3,50.0
3298,-644466.3227480705,0.9260487943893435,811,-217163.92469972582,0.9758207781786742,890,-582117.3610681588,0.9214611233231785,783,880265.5014751594,1.129144496155871,814,-563482.1070407957,-861630.2474477963,298148.14040700067,12,-573480.4400608892,-2340900.2872207956,35.0,-3.0,800000000.0,3.0,0.0,4.0,3,0.0
2519,-371250.39082592045,0.9571918212734277,643,-125799.97391455178,0.9864568339528924,711,-255393.67652621702,0.9635973669011972,578,695635.3466163999,1.1102627300907986,587,-56808.69465028943,-497050.3647404722,440241.6700901829,15,-573167.1474505572,-2281933.6946502896,35.0,-3.0,800000000.0,3.0,0.0,4.0,5,50.0
2485,-640269.0070175482,0.9262865357552463,640,-221076.45537907188,0.975637000417409,701,-20005.677400217275,0.9970796070925051,568,462602.0118953998,1.0759263968367405,576,-418749.12790143746,-861345.4623966201,442596.3344951825,12,-541903.1474505572,-2814190.034926438,35.0,-3.0,800000000.0,3.0,0.0,4.0,5,0.0
6412,-2883843.605066009,0.8235220982174366,1705,-342545.6728823602,0.9781723889652004,1831,-408888.3957898088,0.9626563129661393,1424,656030.608456772,1.0626664568455795,1452,-2979247.0652814056,-3226389.2779483693,247142.21266696323,10,-994336.8201053166,-4359722.063711406,35.0,-3.0,800000000.0,4.5,3.0,2.0,2,50.0
6412,-2883843.605066009,0.8235220982174366,1705,-342545.6728823602,0.9781723889652004,1831,-408888.3957898088,0.9626563129661393,1424,656030.608456772,1.0626664568455795,1452,-2979247.0652814056,-3226389.2779483693,247142.21266696323,10,-994336.8201053166,-4359722.063711406,35.0,-3.0,800000000.0,4.5,3.0,2.0,2,0.0
5495,-2447878.2011779263,0.850392950536637,1523,-282850.66746421484,0.9816954310545858,1605,-1088347.0913464117,0.9018149008208437,1174,975814.0602717617,1.0992613624929097,1193,-2843261.899716792,-2730728.868642141,-112533.03107465,14,-1116790.993816344,-4247870.230126793,35.0,-3.0,800000000.0,4.5,3.0,2.0,3,50.0
5493,-2432328.2011779263,0.8512066404373735,1522,-299340.0008337148,0.9806237953518511,1604,-1088347.0913464117,0.9018149008208437,1174,975814.0602717617,1.0992613624929097,1193,-2844201.2330862912,-2731668.202011641,-112533.03107465,14,-1116790.993816344,-4248809.563496292,35.0,-3.0,800000000.0,4.5,3.0,2.0,3,0.0
4799,-2413676.6786986077,0.8521533100018225,1396,-383117.1903328318,0.9750631898458054,1419,-575644.670729982,0.9443963322959488,989,1140392.6422088922,1.1223512914610119,995,-2232045.897552529,-2796793.8690314395,564747.9714789102,12,-1057178.6601452436,-3573872.744725451,35.0,-3.0,800000000.0,4.5,3.0,2.0,5,50.0
4796,-2394006.6786986077,0.8531859566201069,1395,-373887.1903328318,0.975663963613026,1419,-550976.670729982,0.9466760397896318,987,1140392.6422088922,1.1223512914610119,995,-2178477.8975525293,-2767893.8690314395,589415.9714789102,12,-1057178.6601452436,-3520304.744725451,35.0,-3.0,800000000.0,4.5,3.0,2.0,5,0.0
6055,-2289775.1480574044,0.8620770301465165,1607,-103415.01242110386,0.9933505792081828,1718,-774651.3522735997,0.9314580966956414,1357,-99355.92404341034,0.9908970957244081,1373,-3267197.436795518,-2393190.160478508,-874007.27631701,10,-1064262.0088445432,-4537192.436135517,35.0,-3.0,800000000.0,4.5,3.0,3.0,2,50.0
6055,-2289775.1480574044,0.8620770301465165,1607,-103415.01242110386,0.9933505792081828,1718,-774651.3522735997,0.9314580966956414,1357,-99355.92404341034,0.9908970957244081,1373,-3267197.436795518,-2393190.160478508,-874007.27631701,10,-1064262.0088445432,-4537192.436135517,35.0,-3.0,800000000.0,4.5,3.0,3.0,2,0.0
4985,-2336595.102555531,0.8623260754630082,1384,94572.03207583749,1.0062511484340249,1444,-1172166.7260038848,0.892869091447621,1074,412367.9717451595,1.0413013222426062,1083,-3001821.8247384187,-2242023.070479694,-759798.7542587253,10,-894253.3243803935,-4401030.156898418,35.0,-3.0,800000000.0,4.5,3.0,3.0,3,50.0
4984,-2336595.102555531,0.8623260754630082,1384,78082.69870633754,1.0051624485941104,1443,-1172166.7260038848,0.892869091447621,1074,412367.9717451595,1.0413013222426062,1083,-3018311.1581079187,-2258512.4038491934,-759798.7542587253,10,-894253.3243803935,-4417519.490267918,35.0,-3.0,800000000.0,4.5,3.0,3.0,3,0.0
4152,-2251180.6656726394,0.8677769901530334,1211,-500436.65255954757,0.9675994411537946,1227,-392513.44065471285,0.9615053026281101,856,932230.6170178787,1.1000070027853754,858,-2211900.141869021,-2751617.318232187,539717.1763631658,9,-962339.1568447739,-3762343.657131943,35.0,-3.0,800000000.0,4.5,3.0,3.0,5,50.0
4153,-2251180.6656726394,0.8677769901530334,1211,-496236.6524645474,0.9679233918778886,1228,-419397.44065471273,0.958967479548968,856,1001597.2835548787,1.1078023385502933,858,-2165217.475237021,-2747417.3181371866,582199.8429001659,9,-962339.1568447739,-3715660.9904999435,35.0,-3.0,800000000.0,4.5,3.0,3.0,5,0.0
5921,-2355153.540642145,0.858288349012833,1560,-287925.05070204753,0.9817558893330999,1686,-667151.2871565464,0.9396589665445335,1323,-176669.47293432616,0.9837445999991417,1352,-3486899.3514350653,-2643078.5913441926,-843820.7600908725,10,-1057178.2415611357,-4748994.350275065,35.0,-3.0,800000000.0,4.5,3.0,4.0,2,50.0
5921,-2355153.540642145,0.858288349012833,1560,-287925.05070204753,0.9817558893330999,1686,-667151.2871565464,0.9396589665445335,1323,-176669.47293432616,0.9837445999991417,1352,-3486899.3514350653,-2643078.5913441926,-843820.7600908725,10,-1057178.2415611357,-4748994.350275065,35.0,-3.0,800000000.0,4.5,3.0,4.0,2,0.0
4728,-2424996.3224007273,0.8557278228185259,1291,-746507.5608008028,0.9518949534034143,1381,-1594582.5186675019,0.8534889103292851,1020,651044.7284643698,1.0681911371242157,1036,-4115041.673404663,-3171503.88320153,-943537.7902031321,9,-1042429.279690105,-5508216.6727446625,35.0,-3.0,800000000.0,4.5,3.0,4.0,3,50.0
4728,-2424996.3224007273,0.8557278228185259,1291,-738107.5608008028,0.9524362505216617,1381,-1594582.5186675019,0.8534889103292851,1020,651044.7284643698,1.0681911371242157,1036,-4106641.673404663,-3163103.88320153,-943537.7902031321,9,-1042429.279690105,-5499816.6727446625,35.0,-3.0,800000000.0,4.5,3.0,4.0,3,0.0
3803,-1480287.9302777634,0.9088278418460097,1095,-77577.40667825332,0.994796499432364,1130,-355973.78970171744,0.9629748570412867,786,1392655.116251104,1.1613408335545174,792,-521184.0104066306,-1557865.3369560167,1036681.3265493866,14,-767926.4236771239,-2033197.5256695526,35.0,-3.0,800000000.0,4.5,3.0,4.0,5,50.0
3802,-1480287.9302777634,0.9088278418460097,1095,-137203.40658325318,0.9908176597787981,1130,-377538.78970171756,0.9607318626664096,785,1465981.782788104,1.170518544813653,792,-529048.3437746307,-1617491.3368610167,1088442.9930863865,14,-767926.4236771239,-2041061.8590375527,35.0,-3.0,800000000.0,4.5,3.0,4.0,5,0.0
6242,-2557481.3507319475,0.8430413922008262,1663,487901.0236506524,1.032050839359501,1777,-545170.6055980453,0.9493191609900361,1390,690900.2786570608,1.0664844116474845,1412,-1923850.6540222797,-2069580.3270812952,145729.67305901553,12,-841271.7225122092,-3372225.65184428,35.0,-3.0,800000000.0,4.5,5.0,2.0,2,50.0
6242,-2557481.3507319475,0.8430413922008262,1663,487901.0236506524,1.032050839359501,1777,-529120.6056020451,0.9508281347344072,1390,690900.2786570608,1.0664844116474845,1412,-1907800.6540262797,-2069580.3270812952,161779.67305501574,12,-841271.7225122092,-3356175.65184828,35.0,-3.0,800000000.0,4.5,5.0,2.0,2,0.0
5187,-1900288.040461409,0.8826971838729459,1447,285775.69279854,1.0189831679820953,1510,-896736.6257763887,0.9163440588121057,1107,1215858.9664106017,1.1256258888041133,1123,-1295390.0070286563,-1614512.347662869,319122.34063421306,11,-906864.4938731204,-2842990.004010656,35.0,-3.0,800000000.0,4.5,5.0,2.0,3,50.0
5186,-1865258.0404614091,0.8847526246141674,1446,245795.6927510401,1.0162968204980978,1510,-864886.6257763887,0.9191346475828538,1106,1260900.9664106017,1.1302225953359792,1124,-1223448.007076156,-1619462.3477103692,396014.34063421306,11,-906864.4938731204,-2771048.004058156,35.0,-3.0,800000000.0,4.5,5.0,2.0,3,0.0
4319,-1454960.116819669,0.9073756675297521,1268,133391.78167396443,1.008949350991116,1286,-201101.67879658984,0.9788310962165957,879,955972.0688686616,1.1066778811329483,886,-566697.945073633,-1321568.3351457047,754870.3900720718,13,-737002.0483852541,-2098281.2749811327,35.0,-3.0,800000000.0,4.5,5.0,2.0,5,50.0
4303,-1352590.783953269,0.9136541225425722,1264,217108.44870229965,1.0145847498836817,1285,-107746.01214146975,0.9886454184987643,874,1227184.4021946618,1.1391187773397486,880,-16043.945197778055,-1135482.3352509693,1119438.3900531922,13,-812388.7150672541,-1718127.2751052778,35.0,-3.0,800000000.0,4.5,5.0,2.0,5,0.0
5920,-2120949.2749773096,0.8731858997022804,1574,300099.4643752493,1.0193676606954953,1686,-1001884.7989527124,0.9109991346634632,1328,-70011.68703296175,0.9935043403073971,1332,-2892746.2965877345,-1820849.8106020603,-1071896.4859856742,9,-727175.9887438219,-4296621.295319734,35.0,-3.0,800000000.0,4.5,5.0,3.0,2,50.0
5920,-2120949.2749773096,0.8731858997022804,1574,300099.4643752493,1.0193676606954953,1686,-982884.7989527124,0.912632641878844,1328,-70011.68703296175,0.9935043403073971,1332,-2873746.2965877345,-1820849.8106020603,-1052896.4859856742,9,-727175.9887438219,-4277621.295319734,35.0,-3.0,800000000.0,4.5,5.0,3.0,2,0.0
4714,-1331998.9776488175,0.9210427636303654,1321,344615.1373680546,1.0229914628177228,1365,-737303.2919450719,0.9305363817532392,1016,1543043.0769750793,1.1662759681916013,1012,-181644.05525075528,-987383.8402807629,805739.7850300074,13,-820581.7672558493,-1803874.053750755,35.0,-3.0,800000000.0,4.5,5.0,3.0,3,50.0
4713,-1319998.9776488175,0.9217540906301114,1321,330945.1373205547,1.022046987720777,1365,-726578.291945072,0.9313532795733723,1015,1543919.0769750793,1.1658935286258099,1012,-171713.05529825506,-989053.8403282628,817340.7850300072,13,-820581.7672558493,-1793943.0537982548,35.0,-3.0,800000000.0,4.5,5.0,3.0,3,0.0
3752,-1307893.2811913278,0.9212300316860874,1101,-398208.9105100399,0.9742740491424878,1118,150377.55915530428,1.0152319247290582,772,876846.8781260096,1.0983613920437945,761,-678877.7544200534,-1706102.1917013677,1027224.4372813138,11,-960458.9861107802,-2407341.0852375533,35.0,-3.0,800000000.0,4.5,5.0,3.0,5,50.0
3736,-1270590.1152868776,0.9232546445379526,1099,-249492.24348170497,0.9838467000416119,1117,-217647.10775139567,0.9781202742824067,767,1024342.2455675097,1.1176141947493048,753,-713387.220952468,-1520082.3587685826,806695.137816114,11,-960458.9861107802,-2450250.5517699677,35.0,-3.0,800000000.0,4.5,5.0,3.0,5,0.0
5785,-2070373.7649990171,0.8750261395522289,1529,87780.40413026526,1.0056242949213647,1653,-589046.4604879402,0.9457362050481881,1292,-178490.32529763668,0.983445334485831,1311,-2750130.1466543283,-1982593.3608687518,-767536.7857855769,10,-1136717.741634906,-4145805.145386328,35.0,-3.0,800000000.0,4.5,5.0,4.0,2,50.0
5785,-2070373.7649990171,0.8750261395522289,1529,87780.40413026526,1.0056242949213647,1653,-570046.4604879402,0.9474526268123721,1292,-178490.32529763668,0.983445334485831,1311,-2731130.1466543283,-1982593.3608687518,-748536.7857855769,10,-1136717.741634906,-4126805.145386328,35.0,-3.0,800000000.0,4.5,5.0,4.0,2,0.0
4482,-1664251.054203391,0.8999840447552249,1227,-466350.1772086593,0.9694489435835517,1308,-1347184.6999281123,0.8717294524034191,973,1606005.7003309894,1.1801707911854888,974,-1871780.2310091725,-2130601.2314120503,258821.0004028771,12,-885733.5424726652,-3482310.2295091725,35.0,-3.0,800000000.0,4.5,5.0,4.0,3,50.0
4481,-1652251.054203391,0.9007052048589881,1227,-474443.5105781591,0.968911375525089,1307,-1370234.6999281123,0.8691348033167658,973,1497732.2004149894,1.167160370451665,974,-1999197.064294673,-2126694.5647815503,127497.50048687705,11,-885733.5424726652,-3609727.0627946733,35.0,-3.0,800000000.0,4.5,5.0,4.0,3,0.0
3424,-1102436.2817286286,0.9316026444117482,990,-796579.5716693776,0.9477798315205448,1025,-40644.11249680695,0.9955521654016337,709,924644.40239365,1.108518271648431,700,-1015015.5635011634,-1899015.8533980062,884000.289896843,10,-667593.1672511302,-2679770.5620011636,35.0,-3.0,800000000.0,4.5,5.0,4.0,5,50.0
3417,-1120662.2817286286,0.9306335801202681,990,-906053.2378843778,0.940809010878169,1023,-173823.2235572573,0.9809237668944495,705,1246602.3361291504,1.1486705515102131,699,-953936.4070411138,-2026715.5196130064,1072779.112571893,10,-667593.1672511302,-2653791.4055411136,35.0,-3.0,800000000.0,4.5,5.0,4.0,5,0.0
6202,-2729779.5311427745,0.8315460388464883,1642,311248.4583967997,1.0204996107901285,1766,-805402.6054367279,0.9255167376767075,1385,522769.612175561,1.0502964100227627,1409,-2701164.066007142,-2418531.0727459746,-282632.99326116685,11,-996262.0000314347,-4806230.731757142,35.0,-3.0,800000000.0,4.5,0.0,2.0,2,50.0
6199,-2729779.5311427745,0.8315460388464883,1642,300048.4583967997,1.0197619504591118,1765,-799874.6054407279,0.9259164405193302,1384,533209.612175561,1.0513806438707307,1408,-2696396.0660111415,-2429731.0727459746,-266664.9932651669,11,-996262.0000314347,-4801462.731761141,35.0,-3.0,800000000.0,4.5,0.0,2.0,2,0.0
5070,-2120799.0930928756,0.8653799028583431,1401,512904.3542665876,1.0343653024640749,1484,-859801.2933893988,0.9183953781497242,1087,882803.6328592717,1.0934591313320343,1098,-1584892.399356415,-1607894.738826288,23002.33946987288,11,-987032.3271606204,-3785895.6013592253,35.0,-3.0,800000000.0,4.5,0.0,2.0,3,50.0
5057,-2158234.064256995,0.8624721517345479,1398,393882.35438908765,1.0264051319017213,1481,-769137.0600438989,0.9263548114394773,1083,1043685.4660032718,1.1110763410213782,1095,-1489803.3039085346,-1764351.7098679072,274548.4059593729,12,-1038782.3271606204,-3730606.5059113447,35.0,-3.0,800000000.0,4.5,0.0,2.0,3,0.0
4068,-2027091.1595190081,0.8646766511517365,1178,-471366.7017538247,0.9674917064248876,1219,475804.77642598766,1.0529377961879358,838,379165.41330955137,1.044138617486538,833,-1643487.6715372938,-2498457.861272833,854970.189735539,13,-871723.1768556406,-4249042.084022733,35.0,-3.0,800000000.0,4.5,0.0,2.0,5,50.0
3991,-1923027.3226782535,0.8693157355611271,1154,-792159.0818419447,0.9448998081310643,1207,834946.2091231876,1.094981157690239,818,1008760.5785399516,1.124908414335031,812,-871479.6168570591,-2715186.4045201982,1843706.7876631392,14,-762970.5656136142,-3844554.6101290593,35.0,-3.0,800000000.0,4.5,0.0,2.0,5,0.0
5882,-2108696.4385405164,0.8724713929946092,1555,101198.74793119682,1.006546625207181,1675,-1133330.4661598448,0.8992357975611042,1323,-199430.3534724618,0.9815873263327095,1329,-3340258.510241626,-2007497.6906093196,-1332760.8196323067,9,-810527.9887358219,-5482438.507862626,35.0,-3.0,800000000.0,4.5,0.0,3.0,2,50.0
5879,-2108696.4385405164,0.8724713929946092,1555,129208.74793119676,1.0083727017190314,1674,-1195230.4661598448,0.893666101101819,1322,-162592.3534724618,0.9849419844484585,1328,-3337310.5102416268,-1979487.6906093196,-1357822.8196323067,9,-810527.9887358219,-5474810.507862627,35.0,-3.0,800000000.0,4.5,0.0,3.0,2,0.0
4616,-1820706.4626310682,0.8894287022274749,1280,648849.0605026302,1.0436211552907668,1344,-803166.7926921118,0.9245726777864144,1003,1416163.2436326495,1.1550733988034882,989,-558860.9511879005,-1171857.402128438,612996.4509405377,12,-1024951.3893902905,-2868980.116296651,35.0,-3.0,800000000.0,4.5,0.0,3.0,3,50.0
4604,-1798766.7673189882,0.8900632216771964,1277,477839.06091853016,1.0320711308023685,1342,-620353.4593789617,0.9411925422054962,1000,1127602.5766086099,1.1231203542972443,985,-813678.5891708091,-1320927.706400458,507249.11722964817,12,-970885.9353854905,-3129557.7542795595,35.0,-3.0,800000000.0,4.5,0.0,3.0,3,0.0
3521,-2246259.099014814,0.8573855411763031,1021,-1004620.7723997112,0.9328935816276246,1054,266410.13055577624,1.0287011312314567,729,863781.2897069897,1.1014840231551655,717,-2120688.4511517594,-3250879.8714145254,1130191.4202627658,12,-1184966.1073345302,-4848572.8636372,35.0,-3.0,800000000.0,4.5,0.0,3.0,5,50.0
3465,-2353547.295749638,0.8489225321265993,1006,-1087493.938271226,0.9262714797846691,1039,456110.54701057624,1.0498189727260643,717,1086257.12329348,1.1332695469710277,703,-1898673.563716808,-3441041.234020864,1542367.6703040563,10,-1043127.9263297301,-5033498.556988808,35.0,-3.0,800000000.0,4.5,0.0,3.0,5,0.0
5749,-1971560.2498055366,0.8799439011893208,1509,3586.8194504129206,1.0002320681146506,1644,-971545.4607202229,0.9116627185040065,1288,-175822.99174513668,0.9836949389652647,1308,-3115341.8828204833,-1967973.4303551237,-1147368.4524653596,10,-1050265.8548793762,-5278621.880441483,35.0,-3.0,800000000.0,4.5,0.0,4.0,2,50.0
5747,-1971560.2498055366,0.8799439011893208,1509,-18913.18054958708,0.9987766291023729,1644,-1033445.4607202227,0.9059746477383022,1287,-149188.9917451368,0.9861350124431548,1307,-3173107.882820483,-1990473.4303551237,-1182634.4524653596,9,-1050265.8548793762,-5331707.880441483,35.0,-3.0,800000000.0,4.5,0.0,4.0,2,0.0
4394,-1913421.005891501,0.8827304565942432,1190,-109365.19686937245,0.9927650429881225,1287,-1320898.951600932,0.8757069823496358,963,1526086.1002910393,1.1739477078663643,954,-1817599.054070766,-2022786.2027608734,205187.14869010728,12,-1053820.5408179855,-4156768.219179516,35.0,-3.0,800000000.0,4.5,0.0,4.0,3,50.0
4388,-1920049.3098998212,0.8818858298538574,1190,-222659.19684387196,0.9852558680151088,1285,-1230200.6185909323,0.8832739039105768,961,1420766.7668755199,1.1599263367412338,952,-1952142.3584591052,-2142708.5067436933,190566.14828458754,11,-988787.2075679855,-4336471.523567855,35.0,-3.0,800000000.0,4.5,0.0,4.0,3,0.0
3250,-1369946.5092918181,0.9085459085429233,917,-1335861.0185416932,0.9096930518743115,974,321012.9727319424,1.0360468725219925,682,1157399.5479674398,1.141000585802625,677,-1227395.0071341288,-2705807.527833511,1478412.5206993823,11,-710860.698841716,-4007866.086124569,35.0,-3.0,800000000.0,4.5,0.0,4.0,5,50.0
3189,-1487078.9741723402,0.8989915252834488,904,-1644977.0098716754,0.8882229659494876,963,605761.6375656227,1.0700630915568832,667,1927930.74813308,1.2539777955473013,655,-598363.5983453123,-3132055.9840440154,2533692.3856987027,14,-685613.245217717,-3780321.9220973123,35.0,-3.0,800000000.0,4.5,0.0,4.0,5,0.0
2881,-503970.6104503308,0.9060824658451053,611,-381697.09289553604,0.9339824689232594,695,21837.378582882113,1.0038669318577085,771,1062001.5394560103,1.2038541116488546,804,198171.2146930257,-885667.7033458669,1083838.9180388926,12,-368889.41767529666,-752307.1181269742,35.0,-5.0,2000000000.0,3.0,3.0,2.0,2,50.0
2881,-503970.6104503308,0.9060824658451053,611,-381697.09289553604,0.9339824689232594,695,21837.378582882113,1.0038669318577085,771,1062001.5394560103,1.2038541116488546,804,198171.2146930257,-885667.7033458669,1083838.9180388926,12,-368889.41767529666,-752307.1181269742,35.0,-5.0,2000000000.0,3.0,3.0,2.0,2,0.0
2593,-203284.5864627447,0.9645135389743215,567,-175722.04654464097,0.9710987652294035,649,-51588.129277889755,0.9910781767415356,675,1061791.70662688,1.1960370699604106,702,631196.9443416047,-379006.63300738565,1010203.5773489902,12,-349727.24973060004,-473464.7212983951,35.0,-5.0,2000000000.0,3.0,3.0,2.0,3,50.0
2593,-203284.5864627447,0.9645135389743215,567,-175722.04654464097,0.9710987652294035,649,-51588.129277889755,0.9910781767415356,675,1061791.70662688,1.1960370699604106,702,631196.9443416047,-379006.63300738565,1010203.5773489902,12,-349727.24973060004,-473464.7212983951,35.0,-5.0,2000000000.0,3.0,3.0,2.0,3,0.0
2382,310866.27236555703,1.054165482483152,537,-119459.77201227832,0.9815712690044824,614,-146384.4853941279,0.9760504641354371,611,1036672.8401220802,1.18249782901902,620,1081694.855081231,191406.5003532787,890288.3547279523,16,-527913.0794554498,29549.856521231355,35.0,-5.0,2000000000.0,3.0,3.0,2.0,5,50.0
2382,310866.27236555703,1.054165482483152,537,-119459.77201227832,0.9815712690044824,614,-146384.4853941279,0.9760504641354371,611,1036672.8401220802,1.18249782901902,620,1081694.855081231,191406.5003532787,890288.3547279523,16,-527913.0794554498,29549.856521231355,35.0,-5.0,2000000000.0,3.0,3.0,2.0,5,0.0
2776,-259135.62802630354,0.9499595507633315,582,106496.6255221703,1.0185220133907273,674,-148133.85957078933,0.9741960063477136,744,633805.5898333802,1.1169101226080185,776,333032.7277584578,-152639.00250413324,485671.73026259086,16,-318783.76538029005,-613245.605061542,35.0,-5.0,2000000000.0,3.0,3.0,3.0,2,50.0
2776,-259135.62802630354,0.9499595507633315,582,106496.6255221703,1.0185220133907273,674,-148133.85957078933,0.9741960063477136,744,633805.5898333802,1.1169101226080185,776,333032.7277584578,-152639.00250413324,485671.73026259086,16,-318783.76538029005,-613245.605061542,35.0,-5.0,2000000000.0,3.0,3.0,3.0,2,0.0
2419,-43993.70947834145,0.9924269166659136,529,505151.42885471135,1.0867812622639854,599,-321794.61855645,0.9454355419202841,631,1015620.1499146299,1.1827399998783545,660,1154983.2507345497,461157.7193763699,693825.5313581799,12,-350626.68283756013,35654.918994549895,35.0,-5.0,2000000000.0,3.0,3.0,3.0,3,50.0
2419,-43993.70947834145,0.9924269166659136,529,505151.42885471135,1.0867812622639854,599,-321794.61855645,0.9454355419202841,631,1015620.1499146299,1.1827399998783545,660,1154983.2507345497,461157.7193763699,693825.5313581799,12,-350626.68283756013,35654.918994549895,35.0,-5.0,2000000000.0,3.0,3.0,3.0,3,0.0
2132,43179.975581025996,1.0069942488338304,484,255806.0448693839,1.0391181722848641,545,-566447.5759283595,0.9131692209792496,552,1062322.9835123103,1.1926309774573132,551,794861.4280343606,298986.0204504099,495875.4075839508,14,-684601.5156706001,-238100.2377056392,35.0,-5.0,2000000000.0,3.0,3.0,3.0,5,50.0
2132,43179.975581025996,1.0069942488338304,484,255806.0448693839,1.0391181722848641,545,-566447.5759283595,0.9131692209792496,552,1062322.9835123103,1.1926309774573132,551,794861.4280343606,298986.0204504099,495875.4075839508,14,-684601.5156706001,-238100.2377056392,35.0,-5.0,2000000000.0,3.0,3.0,3.0,5,0.0
2747,-151176.69569930434,0.9696553272498617,573,322893.6352543565,1.0576360327728904,668,-348467.03546775616,0.9413631906376134,734,630974.2393331099,1.1164548614149084,772,454224.14342040574,171716.93955505214,282507.2038653538,13,-422517.09859579004,-491604.18939959415,35.0,-5.0,2000000000.0,3.0,3.0,4.0,2,50.0
2747,-151176.69569930434,0.9696553272498617,573,322893.6352543565,1.0576360327728904,668,-348467.03546775616,0.9413631906376134,734,630974.2393331099,1.1164548614149084,772,454224.14342040574,171716.93955505214,282507.2038653538,13,-422517.09859579004,-491604.18939959415,35.0,-5.0,2000000000.0,3.0,3.0,4.0,2,0.0
2338,2492.00940610189,1.0004377341189123,506,432868.0574274667,1.0748454033941899,580,-562818.9721514434,0.907406771487152,617,971576.9067695796,1.179596542040686,635,844118.0014517047,435360.06683356856,408757.93461813626,16,-463521.39267675,-253143.66418829514,35.0,-5.0,2000000000.0,3.0,3.0,4.0,3,50.0
2338,2492.00940610189,1.0004377341189123,506,432868.0574274667,1.0748454033941899,580,-562818.9721514434,0.907406771487152,617,971576.9067695796,1.179596542040686,635,844118.0014517047,435360.06683356856,408757.93461813626,16,-463521.39267675,-253143.66418829514,35.0,-5.0,2000000000.0,3.0,3.0,4.0,3,0.0
2018,265077.1674042132,1.043692586786275,460,-5532.018476901227,0.9991617444158228,513,-1319426.763986378,0.8063593817304578,521,1417718.3396350602,1.2620479869768504,524,357836.7245759937,259545.148927312,98291.57564868219,12,-863264.0594275101,-770981.6082440062,35.0,-5.0,2000000000.0,3.0,3.0,4.0,5,50.0
2018,265077.1674042132,1.043692586786275,460,-5532.018476901227,0.9991617444158228,513,-1319426.763986378,0.8063593817304578,521,1417718.3396350602,1.2620479869768504,524,357836.7245759937,259545.148927312,98291.57564868219,12,-863264.0594275101,-770981.6082440062,35.0,-5.0,2000000000.0,3.0,3.0,4.0,5,0.0
2836,-313934.6900602412,0.9400918650950899,601,-464134.35495174094,0.9193745636639162,686,267579.290848596,1.0483998880196364,757,907106.8539255105,1.1715689603915254,792,396617.0997621245,-778069.0450119821,1174686.1447741066,12,-391584.8958604521,-706840.5641162754,35.0,-5.0,2000000000.0,3.0,5.0,2.0,2,50.0
2836,-313934.6900602412,0.9400918650950899,601,-464134.35495174094,0.9193745636639162,686,267579.290848596,1.0483998880196364,757,907106.8539255105,1.1715689603915254,792,396617.0997621245,-778069.0450119821,1174686.1447741066,12,-391584.8958604521,-706840.5641162754,35.0,-5.0,2000000000.0,3.0,5.0,2.0,2,0.0
2494,-287070.3476790132,0.9491089268442603,547,-144224.44413333814,0.9762029364647294,627,-30426.77638788968,0.9946152206068296,642,910135.7296859802,1.1647638658620016,678,448414.1614857393,-431294.7918123513,879708.9532980906,12,-332925.24973060004,-810335.8360842608,35.0,-5.0,2000000000.0,3.0,5.0,2.0,3,50.0
2494,-287070.3476790132,0.9491089268442603,547,-144224.44413333814,0.9762029364647294,627,-24126.77638788968,0.9957301632397427,642,910135.7296859802,1.1647638658620016,678,454714.1614857393,-431294.7918123513,886008.9532980906,12,-332925.24973060004,-804035.8360842608,35.0,-5.0,2000000000.0,3.0,5.0,2.0,3,0.0
2193,-16961.66157352063,0.9969433462465863,494,-138425.1745363792,0.9791443929793586,583,-203045.75162322813,0.964943907305933,550,1211099.5337892594,1.2169009426817616,566,852666.946056132,-155386.83610989983,1008053.7821660312,17,-594626.09954456,-514833.05151386815,35.0,-5.0,2000000000.0,3.0,5.0,2.0,5,50.0
2191,-16961.66157352063,0.9969433462465863,494,-134025.1745803793,0.9798073119193602,583,-172145.75162322813,0.970278829389192,550,1254282.5337892598,1.2260985077230442,564,931149.9460121319,-150986.83615389993,1082136.7821660317,16,-588326.09954456,-439383.3854578682,35.0,-5.0,2000000000.0,3.0,5.0,2.0,5,0.0
2734,-422189.94033281377,0.9180259186088618,573,48612.663239415066,1.0084788858422515,663,39313.91919581432,1.006938137054055,733,768063.5048425603,1.1415493114810469,765,433800.14694497606,-373577.27709339873,807377.4240383746,12,-301282.58261823375,-754041.5174320239,35.0,-5.0,2000000000.0,3.0,5.0,3.0,2,50.0
2734,-422189.94033281377,0.9180259186088618,573,48612.663239415066,1.0084788858422515,663,39313.91919581432,1.006938137054055,733,768063.5048425603,1.1415493114810469,765,433800.14694497606,-373577.27709339873,807377.4240383746,12,-301282.58261823375,-754041.5174320239,35.0,-5.0,2000000000.0,3.0,5.0,3.0,2,0.0
2333,-266792.86398868007,0.9536778294859583,514,449114.40054351394,1.07658320810791,579,-230475.81508265014,0.9598583796550987,601,1022194.3728072698,1.1823132437113517,639,974040.0942794537,182321.53655483387,791718.5577246196,12,-384767.9825768101,-300926.5693905464,35.0,-5.0,2000000000.0,3.0,5.0,3.0,3,50.0
2333,-266792.86398868007,0.9536778294859583,514,449114.40054351394,1.07658320810791,579,-224175.81508265008,0.9609556410232044,601,1022194.3728072698,1.1823132437113517,639,980340.0942794537,182321.53655483387,798018.5577246197,12,-378467.9825768101,-294626.5693905464,35.0,-5.0,2000000000.0,3.0,5.0,3.0,3,0.0
1962,310833.1123945145,1.0540242299466769,443,439408.95991856785,1.0676703097014002,510,-719516.1970121494,0.8848491131076304,500,1165616.8271466596,1.211129463848046,509,1196342.7024475927,750242.0723130824,446100.6301345102,13,-679032.4822472101,-220340.62902240735,35.0,-5.0,2000000000.0,3.0,5.0,3.0,5,50.0
1961,310833.1123945145,1.0540242299466769,443,443808.95987456787,1.0683479230112514,510,-688616.1970121494,0.8897943282671359,500,1174616.8271466596,1.2129308875193732,508,1240642.7024035929,754642.0722690823,486000.6301345102,13,-672732.4822472101,-177240.62906640721,35.0,-5.0,2000000000.0,3.0,5.0,3.0,5,0.0
2706,-402045.0627360593,0.9187493396648587,565,102660.6727388014,1.018072850898831,658,-135982.14984467236,0.9768353566809616,724,535757.6544182501,1.0961491710234352,759,100391.11457631958,-299384.3899972579,399775.5045735777,12,-366356.6261263999,-1065050.55046068,35.0,-5.0,2000000000.0,3.0,5.0,4.0,2,50.0
2706,-402045.0627360593,0.9187493396648587,565,102660.6727388014,1.018072850898831,658,-135982.14984467236,0.9768353566809616,724,535757.6544182501,1.0961491710234352,759,100391.11457631958,-299384.3899972579,399775.5045735777,12,-366356.6261263999,-1065050.55046068,35.0,-5.0,2000000000.0,3.0,5.0,4.0,2,0.0
2252,-477548.34578939056,0.9175155829723135,491,661890.0289331193,1.117169812144656,558,-758326.7325598234,0.8758778301795276,587,972009.6965461996,1.1757032758154062,616,398024.64713010506,184341.6831437287,213682.96398637618,13,-632733.6258884001,-851175.3517078949,35.0,-5.0,2000000000.0,3.0,5.0,4.0,3,50.0
2252,-477548.34578939056,0.9175155829723135,491,661890.0289331193,1.117169812144656,558,-752026.7325598234,0.8769090079506572,587,972009.6965461996,1.1757032758154062,616,404324.64713010506,184341.6831437287,219982.96398637618,13,-626433.6258884001,-844875.3517078949,35.0,-5.0,2000000000.0,3.0,5.0,4.0,3,0.0
1861,253472.9720848275,1.043747751567847,422,424653.59434799786,1.0658674912185393,480,-1358583.889526088,0.7936274346529193,477,1332958.9341070799,1.2396227080069815,482,652501.611013817,678126.5664328253,-25624.955419008154,12,-902838.9590425201,-783971.7210681828,35.0,-5.0,2000000000.0,3.0,5.0,4.0,5,50.0
1860,259472.9720848275,1.0447833117194802,422,429053.5943039979,1.0665499697429668,480,-1327683.889526088,0.7983212281818924,477,1341958.9341070799,1.2414333198814829,481,702801.610969817,688526.5663888254,14275.044580991846,12,-896538.9590425201,-736171.7211121828,35.0,-5.0,2000000000.0,3.0,5.0,4.0,5,0.0
2830,-394171.5783896899,0.9248996744609902,600,-598716.6648695112,0.8959990427984945,684,178692.95736494593,1.032094812606704,757,1112100.3542057606,1.213024382024858,789,297905.0683115055,-992888.2432592011,1290793.3115707065,12,-403018.5836493499,-1138581.5961384943,35.0,-5.0,2000000000.0,3.0,0.0,2.0,2,50.0
2830,-394171.5783896899,0.9248996744609902,600,-598716.6648695112,0.8959990427984945,684,178692.95736494593,1.032094812606704,757,1112100.3542057606,1.213024382024858,789,297905.0683115055,-992888.2432592011,1290793.3115707065,12,-403018.5836493499,-1138581.5961384943,35.0,-5.0,2000000000.0,3.0,0.0,2.0,2,0.0
2467,-617850.3462501041,0.8905244142938554,544,-299207.56247855845,0.9503614226400006,621,-169812.1301193899,0.9697721078651315,633,858558.2295710804,1.1577468408225802,669,-228311.8092769722,-917057.9087286626,688746.0994516904,10,-310735.0284611913,-1862038.4737269718,35.0,-5.0,2000000000.0,3.0,0.0,2.0,3,50.0
2465,-674140.3460741038,0.8801830159175691,543,-331040.89555855846,0.945080268134317,621,-153812.1301493899,0.9726202334549291,633,877708.2295710803,1.1617870472697764,668,-281285.1422109719,-1005181.2416326622,723896.0994216905,9,-310735.0284611913,-1922495.141460972,35.0,-5.0,2000000000.0,3.0,0.0,2.0,3,0.0
2133,-453874.3957794347,0.916572434805274,477,-531461.3292971994,0.9195521788392916,569,-107064.11890653818,0.9811724971550411,538,941128.3447708597,1.1704554898873467,549,-151271.49921231263,-985335.7250766341,834064.2258643215,14,-660710.4334506202,-2089641.4992123125,35.0,-5.0,2000000000.0,3.0,0.0,2.0,5,50.0
2118,-475881.0626547729,0.9130394848860868,475,-588824.6624611996,0.9106188706809372,566,-4046.6182425781153,0.9992699592768631,531,1109936.3449918597,1.2042720718887536,546,41184.00163330929,-1064705.7251159726,1105889.7267492816,13,-695079.09928816,-2114685.9964716905,35.0,-5.0,2000000000.0,3.0,0.0,2.0,5,0.0
2727,-411100.8288151226,0.9197195341581954,572,-129203.31293956477,0.9774694820725894,661,-50374.74755958535,0.991144538315257,732,866853.5051518106,1.1612136541459253,762,276174.61583753745,-540304.1417546874,816478.7575922252,12,-310810.36013745924,-1182242.0493324625,35.0,-5.0,2000000000.0,3.0,0.0,3.0,2,50.0
2727,-411100.8288151226,0.9197195341581954,572,-129203.31293956477,0.9774694820725894,661,-50374.74755958535,0.991144538315257,732,866853.5051518106,1.1612136541459253,762,276174.61583753745,-540304.1417546874,816478.7575922252,12,-310810.36013745924,-1182242.0493324625,35.0,-5.0,2000000000.0,3.0,0.0,3.0,2,0.0
2301,-546841.6966001508,0.9047063012103629,510,157460.04463266395,1.026892742942912,571,-316303.31476010004,0.9443304561763387,593,1006177.3730423698,1.1845226113765257,627,300492.4063147829,-389381.65196748683,689874.0582822699,11,-409205.17115437303,-1328264.2588552167,35.0,-5.0,2000000000.0,3.0,0.0,3.0,3,50.0
2298,-569276.6964241507,0.9003458280852017,509,161626.71155266394,1.0276043717416317,571,-246217.31476010004,0.9564619064754016,592,1016227.3730423698,1.1864836655205022,626,362360.07341078296,-407649.9848714868,770010.0582822699,11,-409205.17115437303,-1281963.2592142168,35.0,-5.0,2000000000.0,3.0,0.0,3.0,3,0.0
1915,-562760.22153718,0.9018386646128704,432,-113132.7649486523,0.9824609198711385,497,-589297.0643476744,0.9025297095141297,489,887574.1380652599,1.159731880125589,497,-377615.9127682473,-675892.9864858324,298277.07371758553,11,-669245.8156498101,-2369985.9127682475,35.0,-5.0,2000000000.0,3.0,0.0,3.0,5,50.0
1901,-438893.55507651804,0.9234445225331738,430,-138336.09811265266,0.9784455220418892,494,-538520.8969550743,0.9100913531829014,483,1023979.4721652594,1.187645201296118,494,-91771.0779789855,-577229.6531891706,485458.57521018514,13,-742881.4819408102,-2296441.076083985,35.0,-5.0,2000000000.0,3.0,0.0,3.0,5,0.0
2699,-339802.1740974026,0.9307783848893316,564,-121492.30353593858,0.9786281016029174,656,-234859.8166000719,0.9602042803698567,723,521620.6547275001,1.0939831544694558,756,-174533.63950591325,-461294.4776333412,286760.8381274282,12,-371396.6261263998,-1608750.3046759132,35.0,-5.0,2000000000.0,3.0,0.0,4.0,2,50.0
2699,-339802.1740974026,0.9307783848893316,564,-121492.30353593858,0.9786281016029174,656,-234859.8166000719,0.9602042803698567,723,521620.6547275001,1.0939831544694558,756,-174533.63950591325,-461294.4776333412,286760.8381274282,12,-371396.6261263998,-1608750.3046759132,35.0,-5.0,2000000000.0,3.0,0.0,4.0,2,0.0
2227,-656158.3449287418,0.88621120547603,488,427873.67331745895,1.075555569271636,553,-847555.7321396235,0.8589735182990158,579,929085.1967812999,1.1714383938937316,607,-146755.2069696061,-228284.67161128286,81529.4646416764,14,-538883.498960278,-1773845.206219606,35.0,-5.0,2000000000.0,3.0,0.0,4.0,3,50.0
2224,-664458.3449287418,0.8843204800903454,487,432040.34023745905,1.0762913352482268,553,-754855.7321396235,0.873869179044288,579,906935.1967813,1.1674577950871756,605,-80338.540049606,-232418.00469128275,152079.46464167652,14,-538883.498960278,-1726828.5400496058,35.0,-5.0,2000000000.0,3.0,0.0,4.0,3,0.0
1818,-519649.35957240674,0.9099798034310559,412,-124575.29703731218,0.9808580992438345,469,-1259219.708348338,0.8022243582619496,465,989164.2450256799,1.176832362646069,472,-914280.1199323769,-644224.6566097189,-270055.4633226581,12,-883237.2924451203,-2937275.119932377,35.0,-5.0,2000000000.0,3.0,0.0,4.0,5,50.0
1805,-450982.6929997446,0.9215270988811086,412,-191770.29648131249,0.9704434023630593,465,-1141187.7071647379,0.8185158485794136,459,934663.5791256798,1.1682653430287475,469,-849277.1175201153,-642752.989481057,-206524.12803905807,11,-928203.9587611203,-3050247.115625115,35.0,-5.0,2000000000.0,3.0,0.0,4.0,5,0.0
4697,-1957393.8547188668,0.8333468920034033,1164,-75655.61311234631,0.9931740496914013,1266,-339033.98508405476,0.9616009998109911,1118,1098936.827979702,1.1311641957345657,1149,-1273146.6249355655,-2033049.467831213,759902.8428956473,11,-597862.9888567912,-2389399.9563455656,35.0,-5.0,2000000000.0,4.5,3.0,2.0,2,50.0
4697,-1957393.8547188668,0.8333468920034033,1164,-75655.61311234631,0.9931740496914013,1266,-339033.98508405476,0.9616009998109911,1118,1098936.827979702,1.1311641957345657,1149,-1273146.6249355655,-2033049.467831213,759902.8428956473,11,-597862.9888567912,-2389399.9563455656,35.0,-5.0,2000000000.0,4.5,3.0,2.0,2,0.0
4187,-1688598.2191006662,0.8620835838821267,1085,-259932.4783097284,0.9771160754507252,1145,-685472.807066177,0.923582460880143,966,1103971.650386562,1.1317065020714843,991,-1530031.8540900098,-1948530.6974103947,418498.8433203851,10,-456225.0256922713,-2761556.8515400095,35.0,-5.0,2000000000.0,4.5,3.0,2.0,3,50.0
4187,-1688598.2191006662,0.8620835838821267,1085,-259932.4783097284,0.9771160754507252,1145,-685472.807066177,0.923582460880143,966,1103971.650386562,1.1317065020714843,991,-1530031.8540900098,-1948530.6974103947,418498.8433203851,10,-456225.0256922713,-2761556.8515400095,35.0,-5.0,2000000000.0,4.5,3.0,2.0,3,0.0
3832,-1415048.6665070779,0.8847904250883711,1032,-263606.86081398226,0.977620551233682,1065,-544102.5245676255,0.9394304831634156,858,951734.9305714921,1.113494752814609,877,-1271023.1213171938,-1678655.5273210602,407632.4060038666,13,-459990.02564096136,-2476598.1187671935,35.0,-5.0,2000000000.0,4.5,3.0,2.0,5,50.0
3832,-1415048.6665070779,0.8847904250883711,1032,-263606.86081398226,0.977620551233682,1065,-544102.5245676255,0.9394304831634156,858,951734.9305714921,1.113494752814609,877,-1271023.1213171938,-1678655.5273210602,407632.4060038666,13,-459990.02564096136,-2476598.1187671935,35.0,-5.0,2000000000.0,4.5,3.0,2.0,5,0.0
4441,-1776254.4152388356,0.8533840231340538,1094,-303289.9033087172,0.9735976979228951,1198,-674943.5730007897,0.9261041284437718,1063,723943.7601673722,1.083620731265997,1086,-2030544.1313809706,-2079544.318547553,49000.187166582444,7,-676128.1456790641,-3153930.7955909707,35.0,-5.0,2000000000.0,4.5,3.0,3.0,2,50.0
4441,-1776254.4152388356,0.8533840231340538,1094,-303289.9033087172,0.9735976979228951,1198,-674943.5730007897,0.9261041284437718,1063,723943.7601673722,1.083620731265997,1086,-2030544.1313809706,-2079544.318547553,49000.187166582444,7,-676128.1456790641,-3153930.7955909707,35.0,-5.0,2000000000.0,4.5,3.0,3.0,2,0.0
3846,-1292531.9460346755,0.8992765009705094,988,-510731.82948252896,0.9575853815401171,1057,-555474.7998871707,0.9388953789308391,894,583467.3601881899,1.0656117624461146,907,-1775271.2152161854,-1803263.7755172043,27992.560301019228,8,-837624.1882592769,-3005062.8788461853,35.0,-5.0,2000000000.0,4.5,3.0,3.0,3,50.0
3846,-1292531.9460346755,0.8992765009705094,988,-510731.82948252896,0.9575853815401171,1057,-555474.7998871707,0.9388953789308391,894,583467.3601881899,1.0656117624461146,907,-1775271.2152161854,-1803263.7755172043,27992.560301019228,8,-837624.1882592769,-3005062.8788461853,35.0,-5.0,2000000000.0,4.5,3.0,3.0,3,0.0
3389,-1500467.9368701167,0.8855817720437812,910,-503721.8027292349,0.9595634361090559,941,-976295.5444301699,0.899411826014726,767,702134.8068248781,1.081793362363916,771,-2278350.477204644,-2004189.7395993518,-274160.73760529177,12,-791389.8951409503,-3519575.474634644,35.0,-5.0,2000000000.0,4.5,3.0,3.0,5,50.0
3389,-1500467.9368701167,0.8855817720437812,910,-503721.8027292349,0.9595634361090559,941,-976295.5444301699,0.899411826014726,767,702134.8068248781,1.081793362363916,771,-2278350.477204644,-2004189.7395993518,-274160.73760529177,12,-791389.8951409503,-3519575.474634644,35.0,-5.0,2000000000.0,4.5,3.0,3.0,5,0.0
4345,-1519062.3891039917,0.8720976912161508,1056,-427484.45137533854,0.9624641040782883,1175,-249013.50263850583,0.972365497024913,1046,995240.9817550804,1.1175676692812881,1068,-1200319.361362756,-1946546.8404793302,746227.4791165746,10,-665624.4232080884,-2323706.025572756,35.0,-5.0,2000000000.0,4.5,3.0,4.0,2,50.0
4345,-1519062.3891039917,0.8720976912161508,1056,-427484.45137533854,0.9624641040782883,1175,-249013.50263850583,0.972365497024913,1046,995240.9817550804,1.1175676692812881,1068,-1200319.361362756,-1946546.8404793302,746227.4791165746,10,-665624.4232080884,-2323706.025572756,35.0,-5.0,2000000000.0,4.5,3.0,4.0,2,0.0
3649,-1558620.8124954994,0.878332476208674,922,-711263.0046130528,0.9412085736668816,1008,-737264.5453558078,0.9192632411767213,852,907821.3494102106,1.1034365825512462,867,-2099327.013054149,-2269883.817108552,170556.80405440286,10,-643080.92626508,-3487502.010584149,35.0,-5.0,2000000000.0,4.5,3.0,4.0,3,50.0
3649,-1558620.8124954994,0.878332476208674,922,-711263.0046130528,0.9412085736668816,1008,-737264.5453558078,0.9192632411767213,852,907821.3494102106,1.1034365825512462,867,-2099327.013054149,-2269883.817108552,170556.80405440286,10,-643080.92626508,-3487502.010584149,35.0,-5.0,2000000000.0,4.5,3.0,4.0,3,0.0
3122,-1333498.6908988613,0.895687157602797,828,-1180.0129977966426,0.999902073639766,871,-891877.8752807768,0.9040500401863395,709,1034182.830513654,1.121905033528826,714,-1192373.7486637807,-1334678.703896658,142304.95523287728,10,-927453.5915565805,-2652835.4132937808,35.0,-5.0,2000000000.0,4.5,3.0,4.0,5,50.0
3122,-1333498.6908988613,0.895687157602797,828,-1180.0129977966426,0.999902073639766,871,-891877.8752807768,0.9040500401863395,709,1034182.830513654,1.121905033528826,714,-1192373.7486637807,-1334678.703896658,142304.95523287728,10,-927453.5915565805,-2652835.4132937808,35.0,-5.0,2000000000.0,4.5,3.0,4.0,5,0.0
4565,-1795763.3174045172,0.8465948824925605,1136,193715.43380174926,1.0178918012614857,1229,-510548.672319171,0.9420663953734125,1088,1163023.6332918121,1.1401723841005507,1112,-949572.9226301267,-1602047.883602768,652474.9609726411,12,-722087.7550455522,-2220847.9197696266,35.0,-5.0,2000000000.0,4.5,5.0,2.0,2,50.0
4565,-1795763.3174045172,0.8465948824925605,1136,193715.43380174926,1.0178918012614857,1229,-510548.672319171,0.9420663953734125,1088,1163023.6332918121,1.1401723841005507,1112,-949572.9226301267,-1602047.883602768,652474.9609726411,12,-722087.7550455522,-2220847.9197696266,35.0,-5.0,2000000000.0,4.5,5.0,2.0,2,0.0
3947,-1886566.775208139,0.8458701040804696,1030,-91170.40769509872,0.9918092582829638,1078,-939516.4092892804,0.8921870541889245,908,1097251.6252982523,1.1321533933708292,931,-1820001.966894266,-1977737.1829032379,157735.2160089719,9,-694899.8245497516,-3236935.297361766,35.0,-5.0,2000000000.0,4.5,5.0,2.0,3,50.0
3947,-1886566.775208139,0.8458701040804696,1030,-91170.40769509872,0.9918092582829638,1078,-933216.4092892804,0.8929100022416612,908,1097251.6252982523,1.1321533933708292,931,-1813701.966894266,-1977737.1829032379,164035.2160089719,9,-694899.8245497516,-3230635.297361766,35.0,-5.0,2000000000.0,4.5,5.0,2.0,3,0.0
3438,-1773562.174507042,0.8537069105601758,939,-108240.96634541592,0.9906698511240482,971,-390436.5965451755,0.953899539676931,758,1503129.4310128223,1.1913997257492404,770,-769110.306384811,-1881803.1408524578,1112692.834467647,10,-678265.0044944319,-2154760.3035243107,35.0,-5.0,2000000000.0,4.5,5.0,2.0,5,50.0
3434,-1773562.174507042,0.8537069105601758,939,-84240.9663894159,0.9927263130563407,970,-409216.59654517524,0.9516821075700843,757,1554372.4310128223,1.1988465592877906,768,-712647.3064288107,-1857803.1408964577,1145155.8344676471,10,-678265.0044944319,-2098297.3035683106,35.0,-5.0,2000000000.0,4.5,5.0,2.0,5,0.0
4331,-1746378.3313872956,0.8563007051160723,1069,122761.12321955533,1.0108878516775168,1167,-548944.2742572359,0.93948644869164,1039,804804.9991491023,1.092674332539466,1056,-1367756.483275874,-1623617.2081677404,255860.72489186632,8,-673965.3416014954,-2702361.481097874,35.0,-5.0,2000000000.0,4.5,5.0,3.0,2,50.0
4331,-1746378.3313872956,0.8563007051160723,1069,122761.12321955533,1.0108878516775168,1167,-548944.2742572359,0.93948644869164,1039,804804.9991491023,1.092674332539466,1056,-1367756.483275874,-1623617.2081677404,255860.72489186632,8,-673965.3416014954,-2702361.481097874,35.0,-5.0,2000000000.0,4.5,5.0,3.0,2,0.0
3638,-1336129.4751660228,0.8958582091225872,938,-532881.286961609,0.9557460569144185,1001,-757486.6495052609,0.9150544754325288,841,288660.80295837007,1.0321698273542783,858,-2337836.6086745225,-1869010.7621276318,-468825.8465468908,7,-931547.6883504669,-3829386.6064965227,35.0,-5.0,2000000000.0,4.5,5.0,3.0,3,50.0
3638,-1336129.4751660228,0.8958582091225872,938,-532881.286961609,0.9557460569144185,1001,-751186.6495052609,0.9157609655140697,841,288660.80295837007,1.0321698273542783,858,-2331536.6086745225,-1869010.7621276318,-462525.8465468908,7,-931547.6883504669,-3823086.6064965227,35.0,-5.0,2000000000.0,4.5,5.0,3.0,3,0.0
3034,-1891911.2779622776,0.854752930355048,817,-474712.7683636986,0.9619375971716434,864,-398695.446906637,0.9557741571829804,676,758894.041370238,1.0919865660021495,677,-2006425.4518623753,-2366624.046325976,360198.59446360095,13,-747545.8972755672,-3512475.4490823755,35.0,-5.0,2000000000.0,4.5,5.0,3.0,5,50.0
3031,-1891911.2779622776,0.854752930355048,817,-475912.7684076986,0.9618413813373271,863,-417475.446906637,0.9536909597586114,675,660770.041370238,1.079588439296392,676,-2124529.451906375,-2367824.0463699764,243294.59446360095,12,-747545.8972755672,-3630579.449126375,35.0,-5.0,2000000000.0,4.5,5.0,3.0,5,0.0
4243,-1556072.4729172997,0.8702814768939535,1034,-2707.575341446005,0.999759261584846,1149,-254950.20970860205,0.97158830436244,1020,876067.4991180118,1.1011881943160433,1040,-937662.7588493363,-1558780.0482587458,621117.2894094097,10,-747291.2804850404,-2223921.0901313364,35.0,-5.0,2000000000.0,4.5,5.0,4.0,2,50.0
4243,-1556072.4729172997,0.8702814768939535,1034,-2707.575341446005,0.999759261584846,1149,-254950.20970860205,0.97158830436244,1020,876067.4991180118,1.1011881943160433,1040,-937662.7588493363,-1558780.0482587458,621117.2894094097,10,-747291.2804850404,-2223921.0901313364,35.0,-5.0,2000000000.0,4.5,5.0,4.0,2,0.0
3459,-1126399.8986492571,0.9117422260651618,880,-435265.7262714571,0.9639907704220025,959,-1067222.6917718775,0.8825789185709754,805,759446.5261507704,1.0871225308648007,815,-1869441.7905418212,-1561665.6249207142,-307776.1656211071,8,-705720.32488877,-3552221.789631821,35.0,-5.0,2000000000.0,4.5,5.0,4.0,3,50.0
3459,-1126399.8986492571,0.9117422260651618,880,-435265.7262714571,0.9639907704220025,959,-1067222.6917718775,0.8825789185709754,805,759446.5261507704,1.0871225308648007,815,-1869441.7905418212,-1561665.6249207142,-307776.1656211071,8,-705720.32488877,-3552221.789631821,35.0,-5.0,2000000000.0,4.5,5.0,4.0,3,0.0
2796,-2088066.9081016057,0.8381870588269982,739,128492.17412986164,1.0104396371886228,800,-512026.6270727772,0.9409568197077598,623,1439680.764192434,1.1797764599460252,634,-1031920.596852087,-1959574.733971744,927654.1371196569,10,-926734.3482491602,-2718850.595942087,35.0,-5.0,2000000000.0,4.5,5.0,4.0,5,50.0
2792,-2082066.9081016057,0.8386520236436289,739,120292.17408586165,1.0097734096460835,799,-537106.627072777,0.9380647768267186,622,1337904.0976224344,1.166107613976637,632,-1160977.2634660867,-1961774.7340157442,800797.4705496574,10,-926734.3482491602,-2847907.2625560868,35.0,-5.0,2000000000.0,4.5,5.0,4.0,5,0.0
4535,-1788187.1673430663,0.8440308488237859,1121,13808.879709606204,1.0012772877071405,1222,-564006.255783421,0.9357497225790924,1084,1548336.633609062,1.1880499093357875,1108,-790047.9098078187,-1774378.28763346,984330.3778256411,12,-800958.0323907775,-2795044.5748448186,35.0,-5.0,2000000000.0,4.5,0.0,2.0,2,50.0
4534,-1788187.1673430663,0.8440308488237859,1121,13808.879709606204,1.0012772877071405,1222,-564006.255783421,0.9357497225790924,1084,1559076.633609062,1.1897096017556863,1107,-779307.9098078189,-1774378.28763346,995070.3778256411,12,-800958.0323907775,-2779624.574844819,35.0,-5.0,2000000000.0,4.5,0.0,2.0,2,0.0
3859,-2072100.4815463244,0.8268172403827643,993,-239060.6677600983,0.9782349119497933,1061,-746027.7423091305,0.9132195516609081,894,1465681.2922522528,1.179661286782405,911,-1591507.5993633003,-2311161.1493064226,719653.5499431223,9,-727261.4902720912,-3855787.5993633,35.0,-5.0,2000000000.0,4.5,0.0,2.0,3,50.0
3854,-2082725.8148917241,0.8252196206464553,991,-251760.66761509824,0.9770786505803609,1061,-727027.7423391305,0.915429695362449,894,1321596.2922522528,1.1625799642391892,908,-1739917.9325937002,-2334486.4825068223,594568.5499131223,9,-727261.4902720912,-3918787.9325937005,35.0,-5.0,2000000000.0,4.5,0.0,2.0,3,0.0
3252,-2131220.8868827983,0.8168231237611141,877,296460.8117855863,1.0263784103223919,924,-25711.26438065825,0.9968474670102095,720,983148.7413323725,1.1269037228718455,731,-877322.5981454977,-1834760.075097212,957437.4769517143,12,-833487.892494143,-3530527.598145498,35.0,-5.0,2000000000.0,4.5,0.0,2.0,5,50.0
3209,-1842183.7205181206,0.8396022894038856,868,357963.811924053,1.0322671290083612,916,-152108.45045245838,0.9810042761870473,709,1160308.7415523727,1.1531081232256317,716,-476019.61749415286,-1484219.9085940677,1008200.2910999143,11,-807767.892494143,-3357369.617494153,35.0,-5.0,2000000000.0,4.5,0.0,2.0,5,0.0
4300,-1660961.0956871244,0.8606542057501276,1056,-153789.90815552755,0.9864200291124374,1160,-640671.8570180358,0.9293874305372033,1034,1045745.9994663524,1.1213007672402457,1050,-1409676.8613943353,-1814751.0038426518,405074.14244831656,10,-729395.3414274954,-3556915.1921515856,35.0,-5.0,2000000000.0,4.5,0.0,3.0,2,50.0
4300,-1660961.0956871244,0.8606542057501276,1056,-153789.90815552755,0.9864200291124374,1160,-640671.8570180358,0.9293874305372033,1034,1016035.9994663522,1.1177230712961674,1050,-1439386.8613943353,-1814751.0038426518,375364.1424483163,10,-729395.3414274954,-3581945.1921515856,35.0,-5.0,2000000000.0,4.5,0.0,3.0,2,0.0
3542,-1734196.7065155176,0.8613117319320848,899,-640434.3013889684,0.9459995680656713,983,-680007.1498115603,0.9228713508762795,827,645904.4699090202,1.0737899062917373,833,-2408733.6878070263,-2374631.007904486,-34102.679902540054,9,-992547.688346467,-4781063.686592026,35.0,-5.0,2000000000.0,4.5,0.0,3.0,3,50.0
3538,-1703471.7065155176,0.8632293787127785,898,-653134.3012439683,0.9449287236773423,983,-531146.8998115603,0.9393679762368761,825,598712.9699090202,1.0684793437060152,832,-2289039.937662027,-2356606.007759486,67566.07009745995,10,-992547.688346467,-4637509.936447026,35.0,-5.0,2000000000.0,4.5,0.0,3.0,3,0.0
2854,-2181677.4685305376,0.8233676085483892,754,-487662.19443758664,0.9600580617358596,823,30037.71774336751,1.0035109639512254,638,358720.8524462781,1.0449434035620475,639,-2280581.0927784787,-2669339.6629681243,388758.57018964563,11,-878819.170508515,-4916086.091428479,35.0,-5.0,2000000000.0,4.5,0.0,3.0,5,50.0
2829,-1865918.8849673595,0.8476115326451644,748,-571030.5281253867,0.9529328115329461,817,-5805.947884032095,0.9993241770317239,628,228603.35266627825,1.0281647403352656,636,-2214152.0083105005,-2436949.4130927464,222797.40478224616,10,-812419.170508515,-5230010.3391605,35.0,-5.0,2000000000.0,4.5,0.0,3.0,5,0.0
4218,-1121807.542915978,0.9035960586897092,1022,-287779.5240047389,0.9744908143709017,1144,-420394.9265824018,0.953348116347559,1017,974921.4994352618,1.111978243876611,1035,-855060.4940678568,-1409587.0669207168,554526.57285286,10,-637993.5016974127,-3019948.824825107,35.0,-5.0,2000000000.0,4.5,0.0,4.0,2,50.0
4218,-1121807.542915978,0.9035960586897092,1022,-287779.5240047389,0.9744908143709017,1144,-420394.9265824018,0.953348116347559,1017,945211.4994352618,1.1084458402396302,1035,-884770.4940678568,-1409587.0669207168,524816.57285286,10,-637993.5016974127,-3044978.824825107,35.0,-5.0,2000000000.0,4.5,0.0,4.0,2,0.0
3366,-1401860.3808429143,0.8868949490106848,842,-464128.7570446463,0.9609832334623275,942,-857075.5314663434,0.9041901958572468,792,989150.6923115803,1.117598503260338,790,-1733913.977042324,-1865989.1378875608,132075.16084523685,7,-743220.32488477,-4223463.975827323,35.0,-5.0,2000000000.0,4.5,0.0,4.0,3,50.0
3366,-1396860.3808429143,0.8869078303237992,842,-476828.7568996462,0.9599156139238912,942,-636675.5314663433,0.9282553897756015,791,891328.6923115804,1.105507103245842,791,-1619035.9768973237,-1873689.1377425606,254653.1608452371,7,-743220.32488477,-4093135.975682324,35.0,-5.0,2000000000.0,4.5,0.0,4.0,3,0.0
2629,-2594208.3002848574,0.7904910466669305,688,200100.23855514557,1.016846778156202,757,-574551.6348859272,0.9330362908822978,591,851860.6763699446,1.1100305452157146,593,-2116799.020245694,-2394108.061729712,277309.0414840174,10,-890019.7726591205,-4909132.350766694,35.0,-5.0,2000000000.0,4.5,0.0,4.0,5,50.0
2607,-2242417.5435365792,0.8164061404059165,685,78356.90516614565,1.0066378920709094,752,-550826.6334370468,0.9359791881105614,583,966780.0098269446,1.1256078482460852,587,-1748107.2619805366,-2164060.638370434,415953.3763898978,10,-778334.1974293343,-4875485.592460536,35.0,-5.0,2000000000.0,4.5,0.0,4.0,5,0.0
3975,-1158051.8030116367,0.8596501191268135,931,-550139.6113246243,0.9357369935351,1029,-582545.456562969,0.9236824809151147,995,578727.5604837006,1.0828590191357508,1020,-1712009.3104155294,-1708191.4143362609,-3817.896079268423,11,-404725.47094941005,-2735770.975553029,35.0,-5.0,800000000.0,3.0,3.0,2.0,2,50.0
3975,-1158051.8030116367,0.8596501191268135,931,-550139.6113246243,0.9357369935351,1029,-582545.456562969,0.9236824809151147,995,578727.5604837006,1.0828590191357508,1020,-1712009.3104155294,-1708191.4143362609,-3817.896079268423,11,-404725.47094941005,-2735770.975553029,35.0,-5.0,800000000.0,3.0,3.0,2.0,2,0.0
3503,-781109.6537069491,0.908868857204879,854,-341964.94539165276,0.9606089713910655,928,-540777.8095976247,0.9282575258808952,845,314116.1935917399,1.0432668796114968,876,-1349736.2151044868,-1123074.5990986018,-226661.61600588477,10,-433638.6377671461,-2542747.8796819868,35.0,-5.0,800000000.0,3.0,3.0,2.0,3,50.0
3503,-781109.6537069491,0.908868857204879,854,-341964.94539165276,0.9606089713910655,928,-540777.8095976247,0.9282575258808952,845,314116.1935917399,1.0432668796114968,876,-1349736.2151044868,-1123074.5990986018,-226661.61600588477,10,-433638.6377671461,-2542747.8796819868,35.0,-5.0,800000000.0,3.0,3.0,2.0,3,0.0
3128,-190708.2159363003,0.9779878229782032,793,-99679.75040449898,0.9889782881110228,858,-301682.31184762286,0.9593825023705423,728,426838.96138266014,1.0595765732849607,749,-165231.316805762,-290387.96634079923,125156.64953503729,14,-488367.57971713494,-1348111.4987061839,35.0,-5.0,800000000.0,3.0,3.0,2.0,5,50.0
3128,-190708.2159363003,0.9779878229782032,793,-99679.75040449898,0.9889782881110228,858,-301682.31184762286,0.9593825023705423,728,426838.96138266014,1.0595765732849607,749,-165231.316805762,-290387.96634079923,125156.64953503729,14,-488367.57971713494,-1348111.4987061839,35.0,-5.0,800000000.0,3.0,3.0,2.0,5,0.0
3815,-842604.0960671683,0.8979537967646011,898,-309577.13983328803,0.9632716698030481,986,-686650.0263410156,0.910718877614886,951,22404.354515330197,1.0030919011490809,980,-1816426.9077261416,-1152181.2359004563,-664245.6718256854,9,-412920.2142160784,-2821988.572863641,35.0,-5.0,800000000.0,3.0,3.0,3.0,2,50.0
3815,-842604.0960671683,0.8979537967646011,898,-309577.13983328803,0.9632716698030481,986,-686650.0263410156,0.910718877614886,951,22404.354515330197,1.0030919011490809,980,-1816426.9077261416,-1152181.2359004563,-664245.6718256854,9,-412920.2142160784,-2821988.572863641,35.0,-5.0,800000000.0,3.0,3.0,3.0,2,0.0
3232,-876182.5738169675,0.9007635841718421,784,236470.1691282067,1.0286090963278993,848,-838840.86185796,0.8918740992754,785,373177.5316778298,1.0516454279797696,815,-1105375.7348688913,-639712.4046887609,-465663.3301801302,9,-538812.4830935999,-2294754.0666263914,35.0,-5.0,800000000.0,3.0,3.0,3.0,3,50.0
3232,-876182.5738169675,0.9007635841718421,784,236470.1691282067,1.0286090963278993,848,-838840.86185796,0.8918740992754,785,373177.5316778298,1.0516454279797696,815,-1105375.7348688913,-639712.4046887609,-465663.3301801302,9,-538812.4830935999,-2294754.0666263914,35.0,-5.0,800000000.0,3.0,3.0,3.0,3,0.0
2769,-415230.6296624105,0.9535353968930037,696,478753.9300019047,1.054657822754247,757,-638965.40588555,0.9171702301205312,654,715353.6310818509,1.103509060074428,662,139911.5255357953,63523.30033949425,76388.22519630089,14,-751476.9832224001,-1093968.6563646265,35.0,-5.0,800000000.0,3.0,3.0,3.0,5,50.0
2769,-415230.6296624105,0.9535353968930037,696,478753.9300019047,1.054657822754247,757,-638965.40588555,0.9171702301205312,654,715353.6310818509,1.103509060074428,662,139911.5255357953,63523.30033949425,76388.22519630089,14,-751476.9832224001,-1093968.6563646265,35.0,-5.0,800000000.0,3.0,3.0,3.0,5,0.0
3764,-786637.2640308677,0.9009660610118888,877,-152674.02914427163,0.9818413105179083,979,-838049.1660638326,0.8917376370619003,935,97555.26896715992,1.0136055492610703,973,-1679805.1902718118,-939311.2931751393,-740493.8970966727,11,-510477.9035014784,-2683166.8554093116,35.0,-5.0,800000000.0,3.0,3.0,4.0,2,50.0
3764,-786637.2640308677,0.9009660610118888,877,-152674.02914427163,0.9818413105179083,979,-838049.1660638326,0.8917376370619003,935,97555.26896715992,1.0136055492610703,973,-1679805.1902718118,-939311.2931751393,-740493.8970966727,11,-510477.9035014784,-2683166.8554093116,35.0,-5.0,800000000.0,3.0,3.0,4.0,2,0.0
3128,-57004.43177879532,0.9931245492250395,756,141434.69237009634,1.0169671872191755,825,-1269083.178542778,0.8395118595259355,760,187074.98193909964,1.026114659688618,787,-997577.9360123768,84430.26059130102,-1082008.1966036782,10,-693364.1253855997,-2165289.6005898765,35.0,-5.0,800000000.0,3.0,3.0,4.0,3,50.0
3128,-57004.43177879532,0.9931245492250395,756,141434.69237009634,1.0169671872191755,825,-1269083.178542778,0.8395118595259355,760,187074.98193909964,1.026114659688618,787,-997577.9360123768,84430.26059130102,-1082008.1966036782,10,-693364.1253855997,-2165289.6005898765,35.0,-5.0,800000000.0,3.0,3.0,4.0,3,0.0
2591,507435.74533145066,1.0616586104245946,654,241495.47228409175,1.0277818098389577,700,-888512.9948362086,0.8842492398680154,609,630950.4151249002,1.090991627550902,628,491368.63790423423,748931.2176155425,-257562.57971130847,15,-977406.4594171202,-828051.5439961876,35.0,-5.0,800000000.0,3.0,3.0,4.0,5,50.0
2591,507435.74533145066,1.0616586104245946,654,241495.47228409175,1.0277818098389577,700,-888512.9948362086,0.8842492398680154,609,630950.4151249002,1.090991627550902,628,491368.63790423423,748931.2176155425,-257562.57971130847,15,-977406.4594171202,-828051.5439961876,35.0,-5.0,800000000.0,3.0,3.0,4.0,5,0.0
3894,-1131899.5945304763,0.8605891489503341,913,-436993.7255901328,0.9479900703011107,1012,-607567.6011111242,0.9192994501400944,976,395149.20763560035,1.0571834071550157,993,-1781311.713596133,-1568893.3201206091,-212418.3934755238,10,-501507.40457510995,-2910556.5583456326,35.0,-5.0,800000000.0,3.0,5.0,2.0,2,50.0
3894,-1131899.5945304763,0.8605891489503341,913,-436993.7255901328,0.9479900703011107,1012,-607567.6011111242,0.9192994501400944,976,395149.20763560035,1.0571834071550157,993,-1781311.713596133,-1568893.3201206091,-212418.3934755238,10,-501507.40457510995,-2910556.5583456326,35.0,-5.0,800000000.0,3.0,5.0,2.0,2,0.0
3352,-760529.5590366819,0.9087917448592209,813,-381534.66010112595,0.9558644674681105,894,-299057.93626901484,0.9591466957576649,810,352174.9490869002,1.0490573372942937,835,-1088947.2063199226,-1142064.2191378078,53117.01281788538,10,-393795.9518843949,-2382747.2018424226,35.0,-5.0,800000000.0,3.0,5.0,2.0,3,50.0
3352,-760529.5590366819,0.9087917448592209,813,-381534.66010112595,0.9558644674681105,894,-292757.93626901484,0.9600073176824253,810,352174.9490869002,1.0490573372942937,835,-1082647.2063199226,-1142064.2191378078,59417.01281788538,10,-393795.9518843949,-2376447.2018424226,35.0,-5.0,800000000.0,3.0,5.0,2.0,3,0.0
2882,-480053.8610471563,0.9432419399387245,727,-109675.62584675557,0.9879542608251844,805,-489452.747275633,0.9322822890951571,671,185546.05473027984,1.0263573114808495,679,-893636.1794392649,-589729.4868939118,-303906.69254535314,13,-561478.8000364501,-2205721.360649687,35.0,-5.0,800000000.0,3.0,5.0,2.0,5,50.0
2881,-486053.8610471563,0.9425325437896658,727,-96875.62589075559,0.9893600924283071,805,-480152.747275633,0.9335689806397862,671,271133.05473027984,1.038719572001406,678,-791949.179483265,-582929.4869379118,-209019.69254535314,13,-561478.8000364501,-2104034.3606936866,35.0,-5.0,800000000.0,3.0,5.0,2.0,5,0.0
3738,-806087.9978965241,0.899697887472824,881,-424089.9374496561,0.9494360715671634,968,-726309.337086816,0.9036580439963251,934,-131293.39743509004,0.9817245531791996,955,-2087780.6698680865,-1230177.93534618,-857602.734521906,8,-355663.73273540003,-3244565.514617586,35.0,-5.0,800000000.0,3.0,5.0,3.0,2,50.0
3738,-806087.9978965241,0.899697887472824,881,-424089.9374496561,0.9494360715671634,968,-726309.337086816,0.9036580439963251,934,-131293.39743509004,0.9817245531791996,955,-2087780.6698680865,-1230177.93534618,-857602.734521906,8,-355663.73273540003,-3244565.514617586,35.0,-5.0,800000000.0,3.0,5.0,3.0,2,0.0
3106,-938982.0189597377,0.891517110934382,753,387012.2473934642,1.046886334681224,823,-810671.2382206804,0.8927458455133738,753,660913.8876715299,1.0945005244550818,777,-701727.1221154243,-551969.7715662735,-149757.3505491505,10,-432916.64967020997,-2005377.117637924,35.0,-5.0,800000000.0,3.0,5.0,3.0,3,50.0
3106,-938982.0189597377,0.891517110934382,753,387012.2473934642,1.046886334681224,823,-804371.2382206804,0.8935793537734532,753,660913.8876715299,1.0945005244550818,777,-695427.1221154241,-551969.7715662735,-143457.3505491505,10,-426616.64967020997,-1999077.117637924,35.0,-5.0,800000000.0,3.0,5.0,3.0,3,0.0
2551,-521229.18537484284,0.9398076651539757,634,375355.8037427029,1.0423549916320631,706,-798679.03174724,0.8934747644234532,601,274558.09130001045,1.0398180733367282,610,-669994.3220793696,-145873.38163213996,-524120.94044722954,10,-554874.8163022099,-1989229.5032897913,35.0,-5.0,800000000.0,3.0,5.0,3.0,5,50.0
2551,-521229.18537484284,0.9398076651539757,634,388155.8036987029,1.0437993382643012,706,-789379.03174724,0.8947151684549633,601,348348.09130001045,1.0505520962758592,610,-574104.3221233696,-133073.38167613995,-441030.94044722954,10,-548574.8163022099,-1893339.5033337912,35.0,-5.0,800000000.0,3.0,5.0,3.0,5,0.0
3688,-908502.2209098684,0.8834760364106575,861,-376001.1098700402,0.9554474921879241,961,-841405.7700273024,0.889103321089884,918,-190370.98260600047,0.9735203167486643,948,-2316280.083413211,-1284503.3307799087,-1031776.7526333029,7,-462849.8982498783,-3450464.9281627107,35.0,-5.0,800000000.0,3.0,5.0,4.0,2,50.0
3688,-908502.2209098684,0.8834760364106575,861,-376001.1098700402,0.9554474921879241,961,-841405.7700273024,0.889103321089884,918,-190370.98260600047,0.9735203167486643,948,-2316280.083413211,-1284503.3307799087,-1031776.7526333029,7,-462849.8982498783,-3450464.9281627107,35.0,-5.0,800000000.0,3.0,5.0,4.0,2,0.0
2998,-392621.366180419,0.9524141462887996,721,137064.43059753848,1.0165712751794052,796,-828078.352980158,0.8895053846362945,729,204968.93824055998,1.0286886986165975,752,-878666.3503224785,-255556.9355828805,-623109.4147395979,9,-550204.6257017998,-2189666.3458449785,35.0,-5.0,800000000.0,3.0,5.0,4.0,3,50.0
2998,-392621.366180419,0.9524141462887996,721,137064.43059753848,1.0165712751794052,796,-821778.352980158,0.8903460249866745,729,204968.93824055998,1.0286886986165975,752,-872366.3503224785,-255556.9355828805,-616809.4147395979,9,-543904.6257017998,-2183366.3458449785,35.0,-5.0,800000000.0,3.0,5.0,4.0,3,0.0
2392,417525.3535795257,1.0514677290144385,599,227432.8420564258,1.0257388770163898,661,-1236414.511851768,0.8356088505206068,561,582839.1753505203,1.0891411496127064,571,-8617.140865296125,644958.1956359516,-653575.3365012477,14,-841976.9590783999,-1337242.3220757178,35.0,-5.0,800000000.0,3.0,5.0,4.0,5,50.0
2392,420775.3535795257,1.0518683516780993,599,240232.84201242583,1.0271874700238832,661,-1230114.511851768,0.8364464856597876,561,656629.1753505203,1.100495053598316,571,87522.85909070412,661008.1955919515,-573485.3365012477,14,-835676.9590783999,-1241102.3221197175,35.0,-5.0,800000000.0,3.0,5.0,4.0,5,0.0
3887,-1195281.8814185164,0.8534498498208,912,-469142.8690666327,0.944027744266785,1010,-681337.9347805344,0.9095201119531251,974,524098.04111710045,1.076406354585806,991,-1821664.6441485828,-1664424.7504851492,-157239.8936634339,12,-486605.57158010994,-3374614.6407435825,35.0,-5.0,800000000.0,3.0,0.0,2.0,2,50.0
3887,-1195281.8814185164,0.8534498498208,912,-469142.8690666327,0.944027744266785,1010,-678537.9347805344,0.9098919445982763,974,524098.04111710045,1.076406354585806,991,-1818864.6441485828,-1664424.7504851492,-154439.8936634339,12,-486605.57158010994,-3374614.6407435825,35.0,-5.0,800000000.0,3.0,0.0,2.0,2,0.0
3316,-843078.7350872435,0.8986880845937866,806,-411884.98988716974,0.9520108710986771,886,-287959.2898526899,0.9601220117814799,801,517141.2820220002,1.0737453266796844,823,-1025781.7328051028,-1254963.7249744132,229181.99216931028,10,-463751.137399476,-2910648.3962101024,35.0,-5.0,800000000.0,3.0,0.0,2.0,3,50.0
3312,-972533.2806112433,0.8831316633258252,805,-505501.6560046699,0.9411035004298515,885,-253919.2898826899,0.9647411127613401,800,385605.7820220001,1.0548469566898062,822,-1346348.4444766028,-1478034.9366159132,131686.49213931023,10,-538251.137399476,-3203399.9556441028,35.0,-5.0,800000000.0,3.0,0.0,2.0,3,0.0
2805,-670980.4968241507,0.918627348362226,706,-260612.0197397361,0.9706348801006577,778,-393477.88359191804,0.945498524410178,656,245.36536178010283,1.000034679765192,665,-1324825.0347940247,-931592.5165638868,-393232.51823013794,10,-563597.4327226199,-3483991.6981990244,35.0,-5.0,800000000.0,3.0,0.0,2.0,5,50.0
2776,-565666.6829023766,0.9307421725192885,700,-349224.0191867359,0.9604022923433684,772,-281577.21729423816,0.9603534187970393,644,-2669.9676782203023,0.9996168587893346,660,-1199137.8870615708,-914890.7020891125,-284247.18497245846,9,-637497.4327226199,-3517828.7930515707,35.0,-5.0,800000000.0,3.0,0.0,2.0,5,0.0
3731,-949169.8409088529,0.8829315655994308,880,-524710.4968116061,0.9372686763006673,966,-798079.0040338559,0.8941400062844443,932,-136872.06392458998,0.9809480280473075,953,-2408831.4056789046,-1473880.3377204589,-934951.0679584459,6,-357070.43132045935,-3930131.4029939044,35.0,-5.0,800000000.0,3.0,0.0,3.0,2,50.0
3731,-949169.8409088529,0.8829315655994308,880,-524710.4968116061,0.9372686763006673,966,-795279.0040338559,0.8945114080891596,932,-136872.06392458998,0.9809480280473075,953,-2406031.4056789046,-1473880.3377204589,-932151.0679584459,6,-357070.43132045935,-3930131.4029939044,35.0,-5.0,800000000.0,3.0,0.0,3.0,2,0.0
3066,-1099167.571361545,0.872712211983801,744,46586.93023750011,1.0056288923804861,812,-820329.7383769803,0.8904384272310027,746,693098.2208336298,1.0999771551987034,764,-1179812.1586673954,-1052580.641124045,-127231.51754335046,11,-569390.6586703733,-3055528.822072395,35.0,-5.0,800000000.0,3.0,0.0,3.0,3,50.0
3062,-1156422.1168855447,0.8658442207385116,743,-21429.73588000005,0.9974107399565542,811,-685104.7383769803,0.9077903639742123,745,670210.7208336298,1.0966757080576934,763,-1192745.8703088958,-1177851.8527655448,-14894.017543350463,11,-569390.6586703733,-3053047.3814763958,35.0,-5.0,800000000.0,3.0,0.0,3.0,3,0.0
2480,-821099.1546604162,0.9039594391254403,620,247035.22148153663,1.0292005836386868,680,-462041.53209901485,0.9362494184403384,586,72425.40161551043,1.0105291818158229,594,-963680.0636623842,-574063.9331788796,-389616.1304835044,11,-541668.14970481,-3115026.727067384,35.0,-5.0,800000000.0,3.0,0.0,3.0,5,50.0
2458,-635064.7959021222,0.9252323007817544,618,165540.22156253655,1.019701994573796,675,-284883.36552884476,0.9599462087631445,577,413677.0685755103,1.0622993999202877,588,-340730.8712929202,-469524.5743395856,128793.70304666553,10,-595548.81602081,-2660541.77633792,35.0,-5.0,800000000.0,3.0,0.0,3.0,5,0.0
3681,-832882.2867960117,0.8929029732002477,860,-562075.6692319899,0.9332407426358563,959,-891148.9373074723,0.8825369481097708,916,-179694.6490955004,0.9750053431207178,946,-2465801.542430974,-1394957.9560280016,-1070843.5864029727,7,-434782.3982498783,-4006601.5390259735,35.0,-5.0,800000000.0,3.0,0.0,4.0,2,50.0
3681,-832882.2867960117,0.8929029732002477,860,-562075.6692319899,0.9332407426358563,959,-888348.9373074723,0.8829060183420558,916,-179694.6490955004,0.9750053431207178,946,-2463001.542430974,-1394957.9560280016,-1068043.5864029727,7,-434782.3982498783,-4006601.5390259735,35.0,-5.0,800000000.0,3.0,0.0,4.0,2,0.0
2966,-353625.95211788674,0.9567181237520654,714,-121474.72014114057,0.985414088033269,788,-909804.3944235584,0.877355375612035,721,238588.60489265993,1.0338135671427184,743,-1146316.461789926,-475100.6722590273,-671215.7895308984,10,-462444.8465562781,-3025033.125194926,35.0,-5.0,800000000.0,3.0,0.0,4.0,3,50.0
2962,-381280.49764188664,0.9532458055260533,713,-179091.38625864068,0.9784958451360644,787,-760284.3944535584,0.8968881736941549,721,236453.10489265996,1.0336825375054655,741,-1084203.173461426,-560371.8839005274,-523831.28956089844,11,-462444.8465562781,-2944654.684628926,35.0,-5.0,800000000.0,3.0,0.0,4.0,3,0.0
2330,-231720.75603555515,0.9711878056990715,581,104782.65827879065,1.0121773200541244,642,-946644.8308943383,0.8716978916642302,550,216813.15280312047,1.0332703432670343,557,-856769.7758479825,-126938.0977567645,-729831.6780912179,10,-803352.6260291201,-3038841.439252983,35.0,-5.0,800000000.0,3.0,0.0,4.0,5,50.0
2309,-172056.15773851098,0.9784641504279729,579,96084.9920797905,1.0113160787501776,635,-947464.1648813381,0.8718809284134076,543,346761.81976312026,1.0541171246226997,552,-676673.5107769379,-75971.16565872048,-600702.3451182179,10,-863932.6260291201,-3024234.416766938,35.0,-5.0,800000000.0,3.0,0.0,4.0,5,0.0
6160,-3123799.73230406,0.8080538240756026,1617,-1231402.6382598227,0.9221368039711313,1749,-562544.823631114,0.949442295043075,1384,855889.4708145522,1.0809909530365154,1410,-4061857.723380445,-4355202.370563882,293344.6471834382,10,-1045081.2358550985,-5261586.055290445,35.0,-5.0,800000000.0,4.5,3.0,2.0,2,50.0
6160,-3123799.73230406,0.8080538240756026,1617,-1231402.6382598227,0.9221368039711313,1749,-562544.823631114,0.949442295043075,1384,855889.4708145522,1.0809909530365154,1410,-4061857.723380445,-4355202.370563882,293344.6471834382,10,-1045081.2358550985,-5261586.055290445,35.0,-5.0,800000000.0,4.5,3.0,2.0,2,0.0
5356,-2836524.881002651,0.8276641368320894,1470,-1033738.80244386,0.934420380498692,1552,-425873.92931771034,0.9604402649898389,1158,622652.6918095918,1.0607580654642461,1176,-3673484.9209546293,-3870263.683446511,196778.7624918815,10,-1211026.4885053872,-5003343.252864629,35.0,-5.0,800000000.0,4.5,3.0,2.0,3,50.0
5356,-2836524.881002651,0.8276641368320894,1470,-1033738.80244386,0.934420380498692,1552,-425873.92931771034,0.9604402649898389,1158,622652.6918095918,1.0607580654642461,1176,-3673484.9209546293,-3870263.683446511,196778.7624918815,10,-1211026.4885053872,-5003343.252864629,35.0,-5.0,800000000.0,4.5,3.0,2.0,3,0.0
4822,-2287092.124706841,0.8600292672987047,1374,-1422403.8014958487,0.9119103353591055,1421,-663913.697321268,0.9376625034910128,998,-49553.99492078798,0.9952178857713475,1029,-4422963.618444745,-3709495.9262026898,-713467.692242056,8,-966171.9700944228,-5691890.467117667,35.0,-5.0,800000000.0,4.5,3.0,2.0,5,50.0
4822,-2287092.124706841,0.8600292672987047,1374,-1422403.8014958487,0.9119103353591055,1421,-663913.697321268,0.9376625034910128,998,-49553.99492078798,0.9952178857713475,1029,-4422963.618444745,-3709495.9262026898,-713467.692242056,8,-966171.9700944228,-5691890.467117667,35.0,-5.0,800000000.0,4.5,3.0,2.0,5,0.0
5775,-2405803.295922699,0.8550289844251985,1518,-1147773.5754270402,0.9279348083695256,1638,-872276.9999468958,0.9224823578500468,1296,214014.29304449022,1.0194933383166713,1323,-4211839.578252144,-3553576.871349739,-658262.7069024055,8,-990283.0091293433,-5333701.243872144,35.0,-5.0,800000000.0,4.5,3.0,3.0,2,50.0
5775,-2405803.295922699,0.8550289844251985,1518,-1147773.5754270402,0.9279348083695256,1638,-872276.9999468958,0.9224823578500468,1296,214014.29304449022,1.0194933383166713,1323,-4211839.578252144,-3553576.871349739,-658262.7069024055,8,-990283.0091293433,-5333701.243872144,35.0,-5.0,800000000.0,4.5,3.0,3.0,2,0.0
4835,-2443979.6470081885,0.8570853425945313,1323,-679711.2225824539,0.9564852375332741,1391,-338197.87389426073,0.9683846524195299,1055,704125.9688608377,1.0696089304650038,1066,-2757762.774624066,-3123690.8695906424,365928.094966577,9,-900476.4958569666,-4024671.1074440656,35.0,-5.0,800000000.0,4.5,3.0,3.0,3,50.0
4835,-2443979.6470081885,0.8570853425945313,1323,-679711.2225824539,0.9564852375332741,1391,-338197.87389426073,0.9683846524195299,1055,704125.9688608377,1.0696089304650038,1066,-2757762.774624066,-3123690.8695906424,365928.094966577,9,-900476.4958569666,-4024671.1074440656,35.0,-5.0,800000000.0,4.5,3.0,3.0,3,0.0
4142,-2388201.633317046,0.8604687957419236,1183,-300720.4879384941,0.9807157639828507,1209,-619218.3462796296,0.9427794145251155,871,385214.1143911387,1.0385230024552634,879,-2922926.3531440306,-2688922.12125554,-234004.2318884909,13,-961031.1583027437,-4153153.2022269526,35.0,-5.0,800000000.0,4.5,3.0,3.0,5,50.0
4142,-2388201.633317046,0.8604687957419236,1183,-300720.4879384941,0.9807157639828507,1209,-619218.3462796296,0.9427794145251155,871,385214.1143911387,1.0385230024552634,879,-2922926.3531440306,-2688922.12125554,-234004.2318884909,13,-961031.1583027437,-4153153.2022269526,35.0,-5.0,800000000.0,4.5,3.0,3.0,5,0.0
5624,-2171696.509833734,0.8668750919270761,1460,-1203535.4658609522,0.924464653119608,1601,-999772.8577065925,0.9105702094809274,1265,405208.7813008545,1.0376122564104187,1298,-3969796.0521004247,-3375231.975694686,-594564.076405738,9,-730195.5056942658,-5083357.717220425,35.0,-5.0,800000000.0,4.5,3.0,4.0,2,50.0
5624,-2171696.509833734,0.8668750919270761,1460,-1203535.4658609522,0.924464653119608,1601,-999772.8577065925,0.9105702094809274,1265,405208.7813008545,1.0376122564104187,1298,-3969796.0521004247,-3375231.975694686,-594564.076405738,9,-730195.5056942658,-5083357.717220425,35.0,-5.0,800000000.0,4.5,3.0,4.0,2,0.0
4564,-2235103.155458317,0.8654167776162801,1224,-1452467.9956217716,0.9092153885436515,1324,-1440216.6590046487,0.8695267731594202,1002,927929.4915898399,1.0944922879825323,1014,-4199858.318494897,-3687571.1510800887,-512287.16741480876,8,-1080313.313327125,-5513399.984134898,35.0,-5.0,800000000.0,4.5,3.0,4.0,3,50.0
4564,-2235103.155458317,0.8654167776162801,1224,-1452467.9956217716,0.9092153885436515,1324,-1440216.6590046487,0.8695267731594202,1002,927929.4915898399,1.0944922879825323,1014,-4199858.318494897,-3687571.1510800887,-512287.16741480876,8,-1080313.313327125,-5513399.984134898,35.0,-5.0,800000000.0,4.5,3.0,4.0,3,0.0
3799,-1495856.587539272,0.9084661622313586,1073,-368905.3520423012,0.9762579479250454,1113,-963974.6841812683,0.9091891630743733,798,931503.5402588345,1.0972506515995517,815,-1897233.0835040058,-1864761.939581573,-32471.14392243384,12,-910832.6344356447,-3202779.933086928,35.0,-5.0,800000000.0,4.5,3.0,4.0,5,50.0
3799,-1495856.587539272,0.9084661622313586,1073,-368905.3520423012,0.9762579479250454,1113,-963974.6841812683,0.9091891630743733,798,931503.5402588345,1.0972506515995517,815,-1897233.0835040058,-1864761.939581573,-32471.14392243384,12,-910832.6344356447,-3202779.933086928,35.0,-5.0,800000000.0,4.5,3.0,4.0,5,0.0
5967,-2565777.074835858,0.8409667816043954,1573,-731729.1214776187,0.9525990321224933,1693,-781374.9451967245,0.9284545605156481,1338,961348.9404817211,1.0916281669814694,1363,-3117532.2010284807,-3297506.1963134767,179973.99528499658,11,-835384.7159107317,-4402807.199510481,35.0,-5.0,800000000.0,4.5,5.0,2.0,2,50.0
5967,-2565777.074835858,0.8409667816043954,1573,-731729.1214776187,0.9525990321224933,1693,-781374.9451967245,0.9284545605156481,1338,961348.9404817211,1.0916281669814694,1363,-3117532.2010284807,-3297506.1963134767,179973.99528499658,11,-835384.7159107317,-4402807.199510481,35.0,-5.0,800000000.0,4.5,5.0,2.0,2,0.0
5032,-2058673.3593017182,0.8722117937391991,1387,-725416.4219720673,0.9529440427154211,1460,-580781.6975293402,0.9450052299379976,1083,501838.2634413422,1.0486574861188627,1102,-2863033.2153617833,-2784089.7812737855,-78943.43408799794,12,-836565.8619212173,-4346883.213241783,35.0,-5.0,800000000.0,4.5,5.0,2.0,3,50.0
5032,-2058673.3593017182,0.8722117937391991,1387,-725416.4219720673,0.9529440427154211,1460,-574481.6975293402,0.9456017829162758,1083,501838.2634413422,1.0486574861188627,1102,-2856733.2153617833,-2784089.7812737855,-72643.43408799794,12,-836565.8619212173,-4340583.213241783,35.0,-5.0,800000000.0,4.5,5.0,2.0,3,0.0
4276,-1854062.6755076083,0.8820243498735912,1235,-325606.33814501093,0.9786789562043254,1261,-510693.0253751782,0.94894246758604,885,11396.167199321964,1.0011539521057875,895,-2678965.871828476,-2179669.0136526194,-499296.85817585624,10,-775224.7167908271,-4159799.203235976,35.0,-5.0,800000000.0,4.5,5.0,2.0,5,50.0
4272,-1828138.6755076088,0.8835299639113778,1234,-359976.3381890111,0.9764134993963873,1260,-489543.0253751782,0.9510569801344774,885,76761.16719932214,1.0078188646397164,893,-2600896.8718724763,-2188115.01369662,-412781.85817585606,9,-775224.7167908271,-4081730.2032799763,35.0,-5.0,800000000.0,4.5,5.0,2.0,5,0.0
5623,-2342264.0514011118,0.8595573111202417,1482,-663259.9300552772,0.9578658043373774,1601,-714180.3816871761,0.9354433879529991,1262,-3770.1265716410708,0.9996588944217166,1278,-3723474.4897152064,-3005523.9814563887,-717950.5082588171,9,-765741.5080474452,-5019329.489107206,35.0,-5.0,800000000.0,4.5,5.0,3.0,2,50.0
5623,-2342264.0514011118,0.8595573111202417,1482,-663259.9300552772,0.9578658043373774,1601,-714180.3816871761,0.9354433879529991,1262,-3770.1265716410708,0.9996588944217166,1278,-3723474.4897152064,-3005523.9814563887,-717950.5082588171,9,-765741.5080474452,-5019329.489107206,35.0,-5.0,800000000.0,4.5,5.0,3.0,2,0.0
4546,-1585520.161692428,0.9061425861218071,1253,-712846.8531435756,0.9544992131264141,1315,-430938.8391159711,0.9590476518971354,991,943382.8727823579,1.094155453533721,987,-1785922.981169617,-2298367.0148360035,512444.03366638673,10,-808643.3896382331,-3304852.981169617,35.0,-5.0,800000000.0,4.5,5.0,3.0,3,50.0
4546,-1585520.161692428,0.9061425861218071,1253,-712846.8531435756,0.9544992131264141,1315,-424638.8391159711,0.9596463442628022,991,943382.8727823579,1.094155453533721,987,-1779622.9811696168,-2298367.0148360035,518744.03366638673,10,-808643.3896382331,-3298552.981169617,35.0,-5.0,800000000.0,4.5,5.0,3.0,3,0.0
3695,-1609039.5695239156,0.9029432681744758,1061,-469147.1384545852,0.9697425641329017,1088,-967824.4801422098,0.9080715362430981,776,-407066.92387445155,0.9590200017439205,770,-3453078.111995162,-2078186.707978501,-1374891.4040166615,9,-889738.3214446632,-4937361.443099662,35.0,-5.0,800000000.0,4.5,5.0,3.0,5,50.0
3692,-1572479.5695239156,0.9050106980802475,1060,-461947.13849858544,0.9702069249251885,1087,-980024.4801422098,0.9069480776005029,776,-359148.92387445143,0.9638368093237414,769,-3373600.1120391623,-2034426.708022501,-1339173.4040166612,9,-889738.3214446632,-4857883.443143662,35.0,-5.0,800000000.0,4.5,5.0,3.0,5,0.0
5476,-1939621.8008646201,0.8811850431136852,1430,-752309.5048404483,0.9519751554111991,1565,-999393.5197122624,0.9089636171794437,1228,51129.27274266421,1.0047087668198393,1253,-3640195.552674666,-2691931.3057050686,-948264.2469695982,8,-813820.1722574363,-4891870.552066666,35.0,-5.0,800000000.0,4.5,5.0,4.0,2,50.0
5476,-1939621.8008646201,0.8811850431136852,1430,-752309.5048404483,0.9519751554111991,1565,-999393.5197122624,0.9089636171794437,1228,51129.27274266421,1.0047087668198393,1253,-3640195.552674666,-2691931.3057050686,-948264.2469695982,8,-813820.1722574363,-4891870.552066666,35.0,-5.0,800000000.0,4.5,5.0,4.0,2,0.0
4297,-1405280.997083694,0.9146359880235957,1163,-1364036.7283642883,0.9137394815489931,1245,-1490763.3594686117,0.862334919066543,944,933684.0961740699,1.0952483608537713,945,-3326396.9887425243,-2769317.7254479825,-557079.2632945417,9,-1005536.576501215,-4842726.988742525,35.0,-5.0,800000000.0,4.5,5.0,4.0,3,50.0
4297,-1405280.997083694,0.9146359880235957,1163,-1364036.7283642883,0.9137394815489931,1245,-1490763.3594686117,0.862334919066543,944,933684.0961740699,1.0952483608537713,945,-3326396.9887425243,-2769317.7254479825,-557079.2632945417,9,-1005536.576501215,-4842726.988742525,35.0,-5.0,800000000.0,4.5,5.0,4.0,3,0.0
3372,-1649299.8112046511,0.8982445264547855,957,-704039.8541570492,0.9544784902187444,1000,-1098816.1585106484,0.8922616103010017,711,359904.83448759484,1.0388478863941892,704,-3092250.9893847536,-2353339.6653617006,-738911.3240230535,11,-885630.0535152002,-4543255.988776754,35.0,-5.0,800000000.0,4.5,5.0,4.0,5,50.0
3370,-1654549.810730651,0.8979155830433173,956,-703839.8542010493,0.9544914217309302,999,-1098816.1585106484,0.8922616103010017,711,401286.83448759484,1.043086892793057,704,-3055918.988954754,-2358389.6649317006,-697529.3240230535,11,-889630.0535152,-4506923.988346754,35.0,-5.0,800000000.0,4.5,5.0,4.0,5,0.0
5918,-2927903.8562859353,0.8172641320740515,1550,-1024444.6868578715,0.9333619186988802,1681,-993147.8617869746,0.9089619684980592,1330,978362.9408256412,1.0934185835031767,1357,-3967133.4641051404,-3952348.543143807,-14784.920961333439,10,-959007.4932559571,-5988180.12985514,35.0,-5.0,800000000.0,4.5,0.0,2.0,2,50.0
5917,-2927903.8562859353,0.8172641320740515,1550,-1024444.6868578715,0.9333619186988802,1681,-993147.8617869746,0.9089619684980592,1330,989102.9408256412,1.0945833499019373,1356,-3956393.464105141,-3952348.543143807,-4044.9209613334388,10,-959007.4932559571,-5972760.129855141,35.0,-5.0,800000000.0,4.5,0.0,2.0,2,0.0
4901,-2303248.6738170353,0.8535462075362916,1339,-515357.0538415797,0.965865117699681,1424,-714501.6146748505,0.9318478728962308,1063,843090.7634844924,1.0841958324373806,1075,-2690016.578848973,-2818605.727658615,128589.14880964195,10,-796857.5593561805,-5053525.745037723,35.0,-5.0,800000000.0,4.5,0.0,2.0,3,50.0
4888,-2345928.552862435,0.8503769008135562,1337,-614015.3869215797,0.9593304432200596,1424,-646392.1147048502,0.9379531847586856,1060,994222.7634044923,1.1005328825842857,1067,-2612113.291084373,-2959943.9397840146,347830.64869964204,10,-796857.5593561805,-4986062.456283123,35.0,-5.0,800000000.0,4.5,0.0,2.0,3,0.0
4011,-2289263.017576295,0.8461683981374353,1140,-733688.9882372183,0.950048213842238,1195,88463.2250138621,1.0092972743013096,840,-252713.52140882786,0.9733119906685916,836,-3187202.30220848,-3022952.0058135134,-164250.29639496576,10,-912660.7465316429,-5961311.714693921,35.0,-5.0,800000000.0,4.5,0.0,2.0,5,50.0
3951,-2076738.341298366,0.8580471011768831,1122,-928686.9870632184,0.9363029306055471,1187,292843.87115244224,1.031571280875521,821,266725.1446831722,1.0288031619430242,821,-2445856.312525971,-3005425.3283615843,559569.0158356144,12,-895381.7465316429,-5549011.305797971,35.0,-5.0,800000000.0,4.5,0.0,2.0,5,0.0
5584,-2075527.2190051377,0.8731542242110124,1463,-1019335.8969457297,0.9350636009017788,1590,-889158.1313849761,0.9198140074476322,1257,-35928.45998214086,0.9967739134556475,1274,-4019949.707317984,-3094863.1159508675,-925086.5913671169,8,-736088.0078734452,-6129729.7040289845,35.0,-5.0,800000000.0,4.5,0.0,3.0,2,50.0
5584,-2075527.2190051377,0.8731542242110124,1463,-1019335.8969457297,0.9350636009017788,1590,-889158.1313849761,0.9198140074476322,1257,-17628.45998214092,0.9984138389543177,1274,-4001649.7073179847,-3094863.1159508675,-906786.591367117,8,-736088.0078734452,-6106749.7040289845,35.0,-5.0,800000000.0,4.5,0.0,3.0,2,0.0
4432,-1818055.8164772186,0.8889126361414375,1208,-287033.0219362682,0.9811431311964419,1284,-622975.0045329711,0.9410980821981092,979,800149.7070052281,1.0802404239482997,961,-1927914.1359412293,-2105088.8384134867,177174.70247225708,10,-1014684.3896750904,-4214413.301049979,35.0,-5.0,800000000.0,4.5,0.0,3.0,3,50.0
4426,-1788618.3622964188,0.890181281735756,1206,-344166.3550162682,0.9773897102174482,1284,-527709.6714929711,0.9499618600158125,977,975707.7070052279,1.0980076418755493,959,-1684786.6818004297,-2132784.717312687,447998.0355122568,10,-960618.9356702904,-4031225.84690918,35.0,-5.0,800000000.0,4.5,0.0,3.0,3,0.0
3442,-2679269.394861878,0.8302626140891156,977,-1093175.1403837525,0.9261077821593912,1020,373910.47043974034,1.039399116852381,723,340718.35448067077,1.037261358569169,722,-3057815.71032522,-3772444.5352456304,714628.8249204111,12,-1148579.10791008,-5817500.12146066,35.0,-5.0,800000000.0,4.5,0.0,3.0,5,50.0
3407,-2444564.1241804534,0.8433378471917755,969,-1271837.3067047524,0.9139285761102357,1013,28629.30402212034,1.002985994475511,717,690408.3546871605,1.0777691538210936,708,-2997363.772175925,-3716401.430885206,719037.6587092808,12,-1006740.9269052801,-6220888.765447925,35.0,-5.0,800000000.0,4.5,0.0,3.0,5,0.0
5443,-1820472.773727014,0.8871966887113921,1412,-911113.3399667009,0.9413459622059143,1557,-1351998.7698379126,0.8779261678878865,1225,84124.93933216459,1.0076828190665,1249,-3999459.9441994634,-2731586.113693715,-1267873.830505748,8,-707330.2555587692,-6131739.940910463,35.0,-5.0,800000000.0,4.5,0.0,4.0,2,50.0
5443,-1820472.773727014,0.8871966887113921,1412,-911113.3399667009,0.9413459622059143,1557,-1351998.7698379126,0.8779261678878865,1225,72364.93933216436,1.0066045513936595,1249,-4011219.9441994634,-2731586.113693715,-1279633.8305057483,8,-707330.2555587692,-6138819.940910463,35.0,-5.0,800000000.0,4.5,0.0,4.0,2,0.0
4196,-1418093.5856368076,0.9101965479615136,1122,-898194.7097525905,0.9415813448904686,1221,-1252811.482814412,0.8824195847664683,931,1298964.09519922,1.135796234523769,922,-2270135.6830045898,-2316288.295389398,46152.61238480802,9,-999381.5769982153,-4573564.848113339,35.0,-5.0,800000000.0,4.5,0.0,4.0,3,50.0
4193,-1406548.1311608078,0.910624883789615,1121,-944494.7096075906,0.9385699892303516,1221,-952833.1501804121,0.9097662838381645,930,1344984.0952032201,1.1411498358965775,921,-1958891.89574559,-2351042.8407683983,392150.94502280804,10,-938881.5769982153,-4282021.06085434,35.0,-5.0,800000000.0,4.5,0.0,4.0,3,0.0
3154,-1650955.4525212068,0.8906124788146224,884,-925537.1421828179,0.9365191302796146,939,547113.701497702,1.0582485753205595,670,477658.2122490808,1.0542944378200432,661,-1551720.6809572414,-2576492.5947040245,1024771.9137467828,12,-840208.38656095,-4394691.759947682,35.0,-5.0,800000000.0,4.5,0.0,4.0,5,50.0
3118,-1280914.5652562666,0.913436673855507,876,-997481.354697877,0.9309431395024023,934,846819.587997302,1.0920765457370525,658,1058805.5463524007,1.123454279613417,650,-372770.7856044411,-2278395.9199541435,1905625.1343497026,13,-825708.38656095,-3538649.109356441,35.0,-5.0,800000000.0,4.5,0.0,4.0,5,0.0
4781,-1903226.659539308,0.7946507215065788,1116,719591.7551498294,1.0780745105443827,1274,-250045.46084699422,0.9693236492708039,1174,1204164.03849794,1.1590631896791905,1217,-229516.32673853298,-1183634.9043894785,954118.5776509458,16,-848364.1475606496,-1386169.6589500331,40.0,-1.5,2000000000.0,3.0,3.0,2.0,2,50.0
4780,-1903226.659539308,0.7946507215065788,1116,713591.7551498294,1.0774235205074434,1274,-253581.79433601443,0.9688402246093515,1173,1212450.03849794,1.1601577229384015,1217,-230766.66022755275,-1189634.9043894785,958868.2441619255,16,-848364.1475606496,-1387419.9924390528,40.0,-1.5,2000000000.0,3.0,3.0,2.0,2,0.0
4114,-1576287.7590663852,0.8346096240669986,996,1057503.8049494198,1.112173897983844,1129,-516668.40245022957,0.9361642415166082,969,1358009.7630056404,1.1776867551516488,1020,322557.4064384457,-518783.9541169654,841341.3605554109,15,-582216.2518105848,-942995.9248815542,40.0,-1.5,2000000000.0,3.0,3.0,2.0,3,50.0
4102,-1597667.7581759861,0.8320632754724974,995,1013188.6527680561,1.1075325159280005,1127,-429962.4026052495,0.9463179336264227,963,1433144.4629776399,1.1881805213616572,1017,418702.95496446104,-584479.10540793,1003182.0603723903,15,-582216.2518105848,-846850.3763555388,40.0,-1.5,2000000000.0,3.0,3.0,2.0,3,0.0
3582,-1684612.228189323,0.8276418603077866,895,272094.8709744569,1.0258820518676732,1021,-704503.8140210181,0.9148577540661113,825,1242858.3587529603,1.16717914531108,841,-874162.8124829241,-1412517.3572148662,538354.5447319422,13,-624023.1458487199,-2142516.143802924,40.0,-1.5,2000000000.0,3.0,3.0,2.0,5,50.0
3567,-1704055.2272989238,0.8250977193541631,892,115168.53821681702,1.0109354688876437,1017,-552012.2471032884,0.9323628710955807,819,1483111.0587529598,1.201559834868957,839,-657787.8774324354,-1588886.6890821068,931098.8116496714,13,-624023.1458487199,-1926141.2087524352,40.0,-1.5,2000000000.0,3.0,3.0,2.0,5,0.0
4613,-1523069.0403620931,0.8318139952263388,1076,299796.62335390935,1.0316140356113113,1232,-655745.1998105724,0.9220259213054629,1134,1042592.9384978,1.1380238058739696,1171,-836424.6783209562,-1223272.417008184,386847.7386872276,10,-732135.8065180796,-1934111.343442456,40.0,-1.5,2000000000.0,3.0,3.0,3.0,2,50.0
4612,-1523069.0403620931,0.8318139952263388,1076,293796.62335390935,1.0309813259712033,1232,-649297.2000661026,0.9225813468829752,1133,1050878.9384978,1.1391207490943214,1171,-827690.6785764863,-1229272.417008184,401581.73843169736,10,-732135.8065180796,-1925377.343697986,40.0,-1.5,2000000000.0,3.0,3.0,3.0,2,0.0
3821,-1195880.2150674919,0.8755113326625477,925,331798.9443327821,1.0346364233884922,1054,-135044.13414099097,0.9827972284956429,907,1288698.9720435496,1.1744712665064192,935,289573.5671678488,-864081.2707347097,1153654.8379025587,13,-682485.1303215335,-935376.4321721513,40.0,-1.5,2000000000.0,3.0,3.0,3.0,3,50.0
3809,-1200890.2150674919,0.8750968097979083,925,286475.61119778216,1.0299959682152224,1051,-25816.73446252111,0.996659651688578,902,1262306.1722805994,1.1706646381843588,931,322074.83394836844,-914414.6038697097,1236489.4378180783,13,-682485.1303215335,-902875.1653916317,40.0,-1.5,2000000000.0,3.0,3.0,3.0,3,0.0
3135,-1608380.884076985,0.8409179952173922,797,783562.9486197946,1.0786171435306704,893,-241203.51417958754,0.9692855029009335,720,1300617.6357644303,1.1890204046621624,725,234596.18612765218,-824817.9354571905,1059414.1215848427,12,-567323.6160732702,-1000073.8132123479,40.0,-1.5,2000000000.0,3.0,3.0,3.0,5,50.0
3124,-1671035.884076985,0.8349296422465219,796,703196.2826266345,1.0705249283300682,890,-325109.76383167785,0.9584668822105682,714,1417782.63576443,1.2072008133119339,724,124833.27048240171,-967839.6014503506,1092672.8719327522,12,-567323.6160732702,-1109836.7288575983,40.0,-1.5,2000000000.0,3.0,3.0,3.0,5,0.0
4574,-1785753.9220378026,0.8064366205229729,1067,560905.5212046893,1.0594323332116369,1219,-668535.8861723118,0.9197140100664766,1122,1004019.4382939197,1.1324070655100116,1166,-889364.8487115052,-1224848.4008331134,335483.5521216078,12,-714903.3061188196,-1987051.513833005,40.0,-1.5,2000000000.0,3.0,3.0,4.0,2,50.0
4573,-1785753.9220378026,0.8064366205229729,1067,554905.5212046893,1.0587965862171984,1219,-664890.8864583117,0.9199016473364213,1121,1012305.4382939197,1.1334997982828752,1166,-883433.8489975051,-1230848.4008331134,347414.55183560797,12,-714903.3061188196,-1981120.514119005,40.0,-1.5,2000000000.0,3.0,3.0,4.0,2,0.0
3713,-989875.6507702719,0.8925510680470771,893,405921.3782659718,1.0422515972771342,1031,-215580.29225342814,0.9723318789259227,880,1479029.3625684902,1.2063363363145696,909,679494.7978107621,-583954.2725043001,1263449.070315062,12,-671311.4395250602,-599971.8672207381,40.0,-1.5,2000000000.0,3.0,3.0,4.0,3,50.0
3704,-1023795.6507702719,0.8890851130255887,893,318178.04513097194,1.0331185577924678,1030,-175679.19270546816,0.9772710552014315,876,1450575.06280554,1.2020239062039604,905,569278.2644607723,-705617.6056393,1274895.8701000717,12,-671311.4395250602,-710188.4005707279,40.0,-1.5,2000000000.0,3.0,3.0,4.0,3,0.0
2932,-1816560.3529549593,0.8187233684839228,737,115476.74575677048,1.0111869028988663,844,-596099.9102627928,0.9241586627849935,673,1406608.2921856903,1.2134569859080298,678,-890575.2252752908,-1701083.6071981888,810508.3819228974,13,-836930.7245102201,-2087978.5574867907,40.0,-1.5,2000000000.0,3.0,3.0,4.0,5,50.0
2921,-1868120.3529549593,0.8135483672658497,736,71275.57990809053,1.0069132410509603,842,-404722.0098772929,0.9478263115781732,669,1401398.4919206402,1.213809789821271,674,-800168.2910035216,-1796844.7730468689,996676.4820433473,12,-836930.7245102201,-1997571.6232150216,40.0,-1.5,2000000000.0,3.0,3.0,4.0,5,0.0
4730,-1894135.1632828447,0.7930768729896008,1106,235674.15447472164,1.0256043408472995,1254,-289159.511404671,0.9643994875998643,1161,1421572.8850001302,1.1872654014530044,1209,-526047.6352126638,-1658461.008808123,1132413.3735954592,12,-809356.9409441322,-1742572.4662714386,40.0,-1.5,2000000000.0,3.0,5.0,2.0,2,50.0
4725,-1932615.1633748447,0.7892226967081791,1106,222774.15447472152,1.0241957490081874,1254,-212390.844673691,0.9738059836621786,1159,1456036.38500013,1.192652853535936,1206,-466195.4685736846,-1709841.0089001232,1243645.5403264388,12,-809356.9409441322,-1691397.8001306844,40.0,-1.5,2000000000.0,3.0,5.0,2.0,2,0.0
3982,-1371826.3032745686,0.8517167747108219,962,1159233.1609270587,1.1258674031651317,1091,-575616.4480709282,0.9288002709186245,946,1890640.15993638,1.2542960577603317,983,1102430.5695179421,-212593.14234750997,1315023.711865452,14,-681825.0839339704,-262252.7592620577,40.0,-1.5,2000000000.0,3.0,5.0,2.0,3,50.0
3962,-1441036.301634403,0.8442732198605571,960,1026114.383465172,1.1113865204184175,1087,-459995.78137544845,0.9420106509750241,935,1942336.75993753,1.2623148422595794,980,1067419.060392851,-414921.9181692309,1482340.9785620815,14,-698201.7504039705,-300564.26838714886,40.0,-1.5,2000000000.0,3.0,5.0,2.0,3,0.0
3340,-1490049.3865331335,0.8402894810116157,836,985713.0296841069,1.0990640612816203,953,-720766.7099645851,0.9127922242459486,781,1883900.3673604997,1.2746328603472632,770,658797.3005468885,-504336.3568490265,1163133.6573959147,13,-821330.9124941597,-776586.0287611114,40.0,-1.5,2000000000.0,3.0,5.0,2.0,5,50.0
3279,-1842906.2871540156,0.8021465226935428,829,548602.0299587961,1.0551255297792916,938,-651528.5434940453,0.9182631804955342,759,1764806.5346851496,1.2568898525117913,753,-181026.26600411558,-1294304.2571952194,1113277.9911911043,12,-800039.9124941599,-1624834.5953121155,40.0,-1.5,2000000000.0,3.0,5.0,2.0,5,0.0
4566,-1626470.9432467967,0.8200068430676735,1067,178011.71522828814,1.0188369543930622,1215,-680381.1504184692,0.9189889278147236,1123,1438575.28474409,1.1927899189609308,1161,-690265.0936928878,-1448459.2280185085,758194.1343256207,12,-706734.9331020622,-1855792.4252498876,40.0,-1.5,2000000000.0,3.0,5.0,3.0,2,50.0
4562,-1611610.9433387967,0.8210739305881296,1066,165111.71522828809,1.017466903696218,1215,-590358.1506739995,0.9294982468920593,1122,1435641.78474409,1.1922267380241642,1159,-601215.5940404179,-1446499.2281105085,845283.6340700905,12,-706734.9331020622,-1775348.9255974176,40.0,-1.5,2000000000.0,3.0,5.0,3.0,2,0.0
3700,-965127.2292905669,0.8955612613028168,897,634954.6300016516,1.0680482574415364,1020,-2435.7351880279602,0.9996820182085766,879,1983417.3696562399,1.274691961074853,904,1650809.0351792967,-330172.5992889153,1980981.6344682118,12,-739595.6294733194,303325.705559297,40.0,-1.5,2000000000.0,3.0,5.0,3.0,3,50.0
3679,-1025010.561180401,0.8889850363646257,894,539787.5190297653,1.058028568324515,1016,240628.76492047182,1.0326064122424887,870,1990318.5367082397,1.2754393374225619,899,1745724.2594780752,-485223.04215063574,2230947.3016287116,13,-742145.6294733194,395740.9292980756,40.0,-1.5,2000000000.0,3.0,5.0,3.0,3,0.0
2952,-1239697.7306064097,0.8702470440062746,747,933734.6825693357,1.093245576196291,851,-402495.5768127722,0.9495290089172848,681,2281428.87760471,1.3562343051713628,673,1572970.252754864,-305963.04803707404,1878933.3007919379,15,-745145.1832236098,145703.5893058644,40.0,-1.5,2000000000.0,3.0,5.0,3.0,5,50.0
2902,-1502046.312212214,0.8418967356997102,740,592634.1678089446,1.0587622805945636,843,-180066.47802146,0.976426812764943,663,2270550.2098757094,1.3596748533243055,656,1181071.5874509797,-909412.1444032695,2090483.7318542493,12,-723854.18322361,-250620.07660001982,40.0,-1.5,2000000000.0,3.0,5.0,3.0,5,0.0
4526,-1914177.0470192858,0.7929133705359885,1058,281418.1132023484,1.0298428240857556,1201,-607142.9367802084,0.9262726720727096,1111,1418132.7845545497,1.1896097741509186,1156,-821769.0860425965,-1632758.9338169375,810989.8477743414,12,-690415.7661328022,-2003002.4175995963,40.0,-1.5,2000000000.0,3.0,5.0,4.0,2,50.0
4521,-1889597.0471112859,0.7947090683911092,1057,268518.1132023483,1.0284667003228942,1201,-503872.93706620863,0.9385968465953721,1109,1384054.2845545497,1.18494217370464,1154,-740897.5864205962,-1621078.9339089375,880181.3474883412,12,-690415.7661328022,-1930710.9179775962,40.0,-1.5,2000000000.0,3.0,5.0,4.0,2,0.0
3600,-609375.8996365395,0.931860839186032,867,613925.7764172852,1.065648056171872,993,-259179.74060919462,0.9663534985527323,855,1892423.3609233005,1.263921651546175,885,1637793.4970948515,4549.87678074569,1633243.6203141059,15,-664955.7249250592,282760.16630685166,40.0,-1.5,2000000000.0,3.0,5.0,4.0,3,50.0
3580,-656525.8982763736,0.9265228947613211,864,533886.9988953986,1.0572426538867683,990,-221173.11386469495,0.9708393381039124,847,1871432.8611840503,1.2608839784506243,879,1527620.8479383802,-122638.89938097505,1650259.7473193554,14,-621963.7649250596,170420.8499203804,40.0,-1.5,2000000000.0,3.0,5.0,4.0,3,0.0
2750,-1720672.7767988946,0.8215133260429791,691,468099.1824528549,1.04709305334962,791,-170636.52833870973,0.9776955315329275,638,2053571.73392875,1.3312369189471844,630,630361.6112440003,-1252573.5943460397,1882935.2055900404,13,-1015039.2249249598,-766605.0522279995,40.0,-1.5,2000000000.0,3.0,5.0,4.0,5,50.0
2711,-1946036.108415429,0.7961385964920474,685,152409.1839755841,1.0152069690595062,782,21289.471469149925,1.00284816440023,623,1916496.3337328997,1.303263641162345,621,144158.88076220523,-1793626.924439845,1937785.8052020497,11,-993748.22492496,-1256199.4499397946,40.0,-1.5,2000000000.0,3.0,5.0,4.0,5,0.0
4724,-1912664.936781002,0.7916353271566614,1106,304883.1784124462,1.0331206802496287,1252,-401086.51145520346,0.950619347586996,1160,1348364.7184194801,1.1776941713459177,1206,-660503.5514042793,-1607781.7583685557,947278.2069642767,13,-758140.9690210801,-2283003.5483482787,40.0,-1.5,2000000000.0,3.0,0.0,2.0,2,50.0
4719,-2005244.936871002,0.7819103675687429,1106,291983.1784124462,1.0317100006876987,1252,-326767.8447242234,0.9596999471585923,1158,1401960.7184194801,1.18557404538615,1203,-638068.884763299,-1713261.7584585557,1075192.8736952567,13,-758140.9690210801,-2260568.8817072986,40.0,-1.5,2000000000.0,3.0,0.0,2.0,2,0.0
3954,-1551170.3471841505,0.8320192854021731,956,1197063.138561584,1.129885036149787,1088,-730829.2523991608,0.9098364029690313,939,1686556.12675778,1.23035558326981,971,601619.6657360527,-354107.2086225664,955726.8743586193,12,-697856.273600112,-1232904.4027857971,40.0,-1.5,2000000000.0,3.0,0.0,2.0,3,50.0
3908,-1761622.0604974332,0.8096511622300782,953,1132984.027296497,1.1235639561878763,1077,-808626.668946681,0.8981655055562279,923,2151974.65935404,1.3044939076172433,955,714709.9572064227,-628638.0332009362,1343347.9904073589,11,-776520.939883612,-1385665.038454077,40.0,-1.5,2000000000.0,3.0,0.0,2.0,3,0.0
3276,-1642739.6834536802,0.8221178951692971,824,1229910.6966271577,1.1251816717723802,935,-827869.5702536877,0.8998826529365848,768,1389036.5109976002,1.2035176923266409,749,148337.95391738997,-412828.9868265225,561166.9407439125,13,-783067.9127865597,-1826108.7100176099,40.0,-1.5,2000000000.0,3.0,0.0,2.0,5,50.0
3146,-1901005.1664208886,0.7903912470390981,805,598909.5524828627,1.0611504172159654,904,-793933.4226196776,0.8975112034151616,720,1457403.5744717196,1.2195548923651145,717,-638625.462085984,-1302095.613938026,663470.151852042,11,-774565.7659865598,-3120588.9719760837,40.0,-1.5,2000000000.0,3.0,0.0,2.0,5,0.0
4558,-1767663.7167449542,0.804990514727468,1067,198950.7392380128,1.0210501537103418,1213,-823788.1504690018,0.9017910778572096,1120,1382074.6181344402,1.1853794944841622,1158,-1010426.5098415025,-1568712.9775069414,558286.4676654383,12,-655518.9611790102,-2617826.506785502,40.0,-1.5,2000000000.0,3.0,0.0,3.0,2,50.0
4553,-1767003.716834954,0.8044342018490327,1066,186050.7392380128,1.019679636143052,1213,-715185.1507245316,0.9144839252007834,1119,1416223.6181344402,1.1898835115226214,1155,-879914.5101870324,-1580952.9775969412,701038.4674099085,12,-655518.9611790102,-2502514.5071310317,40.0,-1.5,2000000000.0,3.0,0.0,3.0,2,0.0
3675,-1129818.9774361697,0.8777934335752129,892,694707.1076019516,1.0750271822775566,1015,-196161.51275936025,0.9745265274079401,874,1881576.0358076894,1.2637604366141806,894,1250302.653214111,-435111.8698342182,1685414.5230483292,11,-742516.6319332347,-596621.4161277388,40.0,-1.5,2000000000.0,3.0,0.0,3.0,3,50.0
3630,-1326594.0245676525,0.8565133486764244,887,745043.6619534651,1.0809917554987825,1004,6825.52191513963,1.0009321354480738,858,2284129.70172269,1.325798403982473,881,1709404.8610236417,-581550.3626141874,2290955.2236378295,13,-767116.6319332347,-399770.134636858,40.0,-1.5,2000000000.0,3.0,0.0,3.0,3,0.0
2892,-1550775.5962879548,0.8376582608732501,737,973642.6244926561,1.0994012260012327,835,-488084.61041130224,0.9380647256670297,667,2079570.56083206,1.3356552593386863,653,1014352.9786254587,-577132.9717952987,1591485.9504207578,11,-692053.8504480099,-983043.6853095412,40.0,-1.5,2000000000.0,3.0,0.0,3.0,5,50.0
2786,-1630532.0488416478,0.828239114166127,724,494277.07792237855,1.0512669669665131,803,-127462.0543658227,0.9827985772082577,634,1800931.29177514,1.2908984661934015,625,537214.2664900478,-1136254.9709192691,1673469.2374093174,9,-636622.5169740099,-2005149.2434000522,40.0,-1.5,2000000000.0,3.0,0.0,3.0,5,0.0
4518,-2034481.8205174431,0.7802547110762799,1058,302677.1372120731,1.0320920523816677,1199,-750749.9368307409,0.9087176206971826,1108,1288027.1179449002,1.1722947768382441,1153,-1194527.502191211,-1731804.6833053702,537277.1811141593,12,-663999.7942097503,-2801927.4991352106,40.0,-1.5,2000000000.0,3.0,0.0,4.0,2,50.0
4512,-2024101.8206074433,0.7804538874210122,1057,289777.1372120731,1.0307155066226805,1199,-633899.937116741,0.9226524769954899,1106,1291031.1179449,1.1726759151426922,1150,-1077193.5025672112,-1734324.6833953704,657131.180828159,12,-663999.7942097503,-2699793.4995112107,40.0,-1.5,2000000000.0,3.0,0.0,4.0,2,0.0
3572,-710507.1042505344,0.9201195109936369,861,585636.9204887854,1.0628338408909692,989,-440953.85193052737,0.9425831095725548,848,1467977.3605358002,1.203784919170169,874,902153.3248435238,-124870.18376174907,1027023.5086052729,10,-636346.7251845592,-937414.0785783262,40.0,-1.5,2000000000.0,3.0,0.0,4.0,3,50.0
3531,-808892.1517374174,0.9086041945431907,856,606254.8085636985,1.0653177405290544,980,-432711.2911780276,0.9423470205621218,834,1825583.3597428007,1.2613397298728204,861,1190234.7253910545,-202637.3431737189,1392872.068564773,11,-608145.7651845594,-840190.2702694454,40.0,-1.5,2000000000.0,3.0,0.0,4.0,3,0.0
2704,-1849162.1431641397,0.8052291009222193,681,576704.9584280256,1.0584325013034448,783,-557535.1239771922,0.9265302630568711,621,1933173.3765951,1.3158765232269958,619,103181.0678817936,-1272457.184736114,1375638.2526179077,12,-972976.8918569598,-1817822.2636882062,40.0,-1.5,2000000000.0,3.0,0.0,4.0,5,50.0
2611,-2275248.487995303,0.757588088867591,669,280987.01617731754,1.028768983385689,756,-416963.8295919826,0.9431004329727735,595,1579244.2407485,1.26179197487515,591,-831981.060661468,-1994261.4718179852,1162280.4111565175,11,-946689.26518296,-3306944.5705515677,40.0,-1.5,2000000000.0,3.0,0.0,4.0,5,0.0
6675,-2742243.839457797,0.8292402560893802,1749,693597.7313160577,1.0438850465117977,1945,-960427.743862005,0.9161496671308902,1491,1059346.5860499726,1.103806831326547,1490,-1949727.265953771,-2048646.1081417392,98918.84218796762,15,-1293938.367058123,-3188927.8184282267,40.0,-1.5,2000000000.0,4.5,3.0,2.0,2,50.0
6671,-2742243.839457797,0.8292402560893802,1749,692097.7313160577,1.0438026106718923,1944,-951121.0776190248,0.9166875967198513,1489,1053584.5860499723,1.1031850966700902,1489,-1947682.5997107914,-2050146.1081417392,102463.50843094755,15,-1293938.367058123,-3186883.1521852473,40.0,-1.5,2000000000.0,4.5,3.0,2.0,2,0.0
5729,-1840341.0603045258,0.8862712461777097,1561,497683.24965830694,1.0316100402739214,1703,-707494.601672853,0.9342988587609253,1229,1408859.2135799439,1.1404463275836851,1236,-641293.1987391277,-1342657.8106462187,701364.6119070909,14,-1026286.5320709492,-2019701.5291491277,40.0,-1.5,2000000000.0,4.5,3.0,2.0,3,50.0
5721,-1861721.0594141267,0.8848275934558182,1560,399770.76415494306,1.0253651017602878,1702,-721810.9349605029,0.9327662199836415,1225,1440193.9135519436,1.1434119018378595,1234,-743567.3166677426,-1461950.2952591837,718382.9785914407,14,-1026286.5320709492,-2121975.6470777425,40.0,-1.5,2000000000.0,4.5,3.0,2.0,3,0.0
4994,-2342126.248549467,0.8567330630866121,1422,323966.67517191736,1.0201418061181917,1507,-736879.6009415124,0.9302862225529785,1035,974006.9859594442,1.1015976745505751,1030,-1781032.1883596182,-2018159.5733775496,237127.3850179318,14,-1203587.68431193,-3174490.518769618,40.0,-1.5,2000000000.0,4.5,3.0,2.0,5,50.0
4978,-2381336.2476590676,0.8542343823190989,1420,203340.34241427731,1.0126618487945866,1502,-700033.3668826823,0.9335254177987372,1030,1299046.6856943937,1.1372153173529347,1026,-1578982.5864330793,-2177995.9052447905,599013.3188117114,13,-1211287.68431193,-2972440.916843079,40.0,-1.5,2000000000.0,4.5,3.0,2.0,5,0.0
6337,-1943946.309780494,0.8778151789098952,1656,308002.2501140872,1.019169833601215,1841,-480855.53277127584,0.9575223384649924,1422,1033675.1023364125,1.1010101578563865,1418,-1083124.49010127,-1635944.0596664068,552819.5695651367,14,-879554.2231740694,-2409775.043075726,40.0,-1.5,2000000000.0,4.5,3.0,3.0,2,50.0
6334,-1943946.309780494,0.8778151789098952,1656,336450.2501140872,1.0209765124038055,1841,-494849.19984480605,0.9562302941158076,1421,999697.6026316127,1.0976898954248064,1416,-1102647.6568795997,-1607496.0596664068,504848.40278680663,14,-879554.2231740694,-2429298.2098540557,40.0,-1.5,2000000000.0,4.5,3.0,3.0,2,0.0
5210,-1124514.3605675218,0.9315013582457762,1415,275270.2030964319,1.0172804505820812,1556,-278268.7426756253,0.9732005606657068,1124,1609403.5708933224,1.168865241349231,1115,481890.67074660666,-849244.1574710899,1331134.828217697,13,-822384.8951395997,-898667.6605033932,40.0,-1.5,2000000000.0,4.5,3.0,3.0,3,50.0
5202,-1130044.3605675218,0.9311989954129255,1415,178232.86996143206,1.011189014547121,1554,-65949.50950215521,0.9935661508720398,1122,1488802.5711605218,1.1554203416568176,1111,471041.57105227665,-951811.4906060897,1422853.0616583666,13,-822384.8951395997,-909516.7601977232,40.0,-1.5,2000000000.0,4.5,3.0,3.0,3,0.0
4288,-2301049.667399963,0.8653351805255511,1242,219063.44804404792,1.013663640744781,1306,-524318.9179298158,0.9483283233079952,883,925419.7923564885,1.1040689340235719,857,-1680885.3449292418,-2081986.219355915,401100.8744266727,13,-852553.1784057801,-3090565.8979036976,40.0,-1.5,2000000000.0,4.5,3.0,3.0,5,50.0
4278,-2353214.667399963,0.8623157969615689,1241,123765.2820508884,1.0077134663687826,1303,-651190.9166622262,0.9359723826853331,877,1216446.2923866382,1.1379249429257177,857,-1664194.0096246628,-2229449.3853490744,565255.375724412,11,-888703.17804578,-3073874.562599119,40.0,-1.5,2000000000.0,4.5,3.0,3.0,5,0.0
6208,-2724367.9659122885,0.8345457254659685,1612,128738.28824094945,1.0079290519754371,1805,-458547.1197261148,0.9590777957428768,1393,904514.0517217523,1.0885729604135854,1398,-2149662.7456757016,-2595629.677671339,445966.9319956375,11,-1162253.6385272394,-3478313.2981501576,40.0,-1.5,2000000000.0,4.5,3.0,4.0,2,50.0
6203,-2724367.9659122885,0.8345457254659685,1612,127238.28824094945,1.0078388388570356,1804,-475343.7868301149,0.957512458878506,1392,903816.5520169521,1.0887940285829154,1395,-2168656.9124845015,-2597129.677671339,428472.7651868372,11,-1162253.6385272394,-3497307.4649589574,40.0,-1.5,2000000000.0,4.5,3.0,4.0,2,0.0
4987,-1534387.3196906326,0.9070768128103763,1349,-200324.96472238092,0.987596335807408,1496,-657064.0800283719,0.9387039872129019,1078,1648927.9800186122,1.1797179601170613,1064,-742848.384422773,-1734712.2844130136,991863.8999902403,15,-1035574.8338760198,-2061140.048492773,40.0,-1.5,2000000000.0,4.5,3.0,4.0,3,50.0
4978,-1559787.3196906326,0.9055924349449849,1349,-358207.29785738094,0.9778202104100457,1493,-433029.1807846122,0.958973493686234,1076,1628728.680550862,1.1778339427569602,1060,-722295.1177817634,-1917994.6175480136,1195699.49976625,14,-1035574.8338760198,-2040586.7818517634,40.0,-1.5,2000000000.0,4.5,3.0,4.0,3,0.0
3950,-3066024.2010544324,0.819377969385383,1119,367109.7224927145,1.0231947358291031,1218,214274.06202245422,1.0224583005744277,818,1246273.1260425337,1.1444329495382823,795,-1238367.2904967302,-2698914.478561718,1460547.1880649878,14,-1319157.6504209002,-2714872.2889267304,40.0,-1.5,2000000000.0,4.5,3.0,4.0,5,50.0
3943,-2986620.2010544324,0.8234575016847501,1118,149928.7232640345,1.0094714056854968,1215,297354.2958525038,1.0312266018067933,816,1453562.1260726838,1.1701167100619005,794,-1085775.05586521,-2836691.477790398,1750916.4219251876,14,-1326857.6504209002,-2450530.05429521,40.0,-1.5,2000000000.0,4.5,3.0,4.0,5,0.0
6525,-2418977.8331963522,0.8476620991795487,1711,202112.88833613135,1.0129708697335162,1890,-613536.860398823,0.9454639827524612,1464,1412936.1745233203,1.139483353617725,1460,-1417465.6307357238,-2216864.944860221,799399.3141244972,14,-987419.3786375877,-2774040.628557724,40.0,-1.5,2000000000.0,4.5,5.0,2.0,2,50.0
6519,-2510561.165146187,0.8420455348865541,1710,206312.88816513133,1.0132526577454657,1889,-544685.1941558428,0.9514210495740901,1462,1498911.0076183204,1.1479332120417758,1458,-1350022.4635185783,-2304248.2769810557,954225.8134624776,14,-987419.3786375877,-2707097.4613405783,40.0,-1.5,2000000000.0,4.5,5.0,2.0,2,0.0
5423,-1486748.636665091,0.9063184403549026,1482,318939.0151062093,1.0206644001387741,1612,-501565.5168412074,0.9520185064924884,1168,2324832.408315214,1.2456138325764956,1161,655457.2699151252,-1167809.6215588816,1823266.8914740065,15,-860418.1111991317,-930092.7269548747,40.0,-1.5,2000000000.0,4.5,5.0,2.0,3,50.0
5406,-1593305.3019043587,0.8995522949939735,1479,91893.57094832277,1.0059131203982086,1612,-515272.8498827276,0.9503550459502772,1159,2372983.3418273637,1.2518397468099447,1156,356298.7609886003,-1501411.730956036,1857710.4919446362,14,-917930.7775316319,-1229251.2358813996,40.0,-1.5,2000000000.0,4.5,5.0,2.0,3,0.0
4488,-1770056.7906317501,0.8872998395880679,1289,753510.6080533755,1.049767072604198,1347,-709711.2104880449,0.9299976841969132,940,1880790.3134744738,1.2164311773518086,912,154532.92040805414,-1016546.1825783746,1171079.102986429,15,-1097681.28918486,-1493367.0764619457,40.0,-1.5,2000000000.0,4.5,5.0,2.0,5,50.0
4420,-1987192.0016119978,0.8727791046214612,1278,411936.48264103464,1.027182944297496,1336,-653107.2437371053,0.9340281099920641,918,1853862.0997419034,1.2181951114973864,888,-374500.66296616476,-1575255.518970963,1200754.856004798,16,-1029693.95613751,-2022400.6598361647,40.0,-1.5,2000000000.0,4.5,5.0,2.0,5,0.0
6211,-1252745.6175051478,0.9195965500537778,1622,631451.2068595606,1.039964918869094,1802,-262423.3781935839,0.9764627187616692,1397,1244008.4906805612,1.1226862471695391,1390,360290.70184138976,-621294.4106455873,981585.1124869772,13,-765581.8302409395,-1119784.2959806102,40.0,-1.5,2000000000.0,4.5,5.0,3.0,2,50.0
6203,-1294738.949709082,0.9167655994496393,1620,652999.2068595606,1.0413940646189148,1802,-271192.045267114,0.9757053701380325,1396,1142202.3243295609,1.11257659145194,1385,229270.53621292545,-641739.7428495215,871010.2790624469,13,-765581.8302409395,-1251304.4616090744,40.0,-1.5,2000000000.0,4.5,5.0,3.0,2,0.0
4948,-1107266.8763490282,0.9318704431532657,1344,77052.8630573496,1.004900139309821,1481,-97246.67053510761,0.9904857416873102,1068,2383394.57621985,1.2556331082519945,1055,1255933.8923930638,-1030214.0132916786,2286147.9056847426,14,-830601.7956504195,-280407.77131693624,40.0,-1.5,2000000000.0,4.5,5.0,3.0,3,50.0
4926,-1041042.376381028,0.9356584013945488,1339,604.7521532631363,1.0000384154835789,1478,-117261.3368196077,0.9884854592062117,1062,2337910.7433538497,1.2507888469918282,1047,1180211.782306476,-1040437.6242277648,2220649.406534242,13,-830601.7956504195,-356129.88140352396,40.0,-1.5,2000000000.0,4.5,5.0,3.0,3,0.0
3867,-2345627.3143754015,0.8575140660580163,1112,-83069.00640050462,0.9947123830331889,1184,-938266.7177833416,0.9054684554546796,795,1918489.4464217382,1.2342787659994712,776,-1448473.5921375086,-2428696.320775906,980222.7286383966,13,-964485.2493376398,-3067948.5899175084,40.0,-1.5,2000000000.0,4.5,5.0,3.0,5,50.0
3823,-2594445.3146789717,0.8422523260950859,1106,-384010.0229753958,0.975587815443178,1175,-902587.5501525123,0.9065691864508814,780,2496575.0318074576,1.318901390269406,762,-1384467.855999421,-2978455.3376543676,1593987.4816549453,12,-908038.5823879199,-3003942.853779421,40.0,-1.5,2000000000.0,4.5,5.0,3.0,5,0.0
6095,-1629155.093528694,0.8980554744944225,1583,251490.03778586275,1.0155916077916105,1770,21875.504633116885,1.0020072679017815,1369,1076139.0407876808,1.104956720347168,1373,-279650.5103220334,-1377665.0557428312,1098014.5454207975,11,-711757.3057266523,-1773825.5081440331,40.0,-1.5,2000000000.0,4.5,5.0,4.0,2,50.0
6084,-1754378.4258173283,0.8905355237343483,1581,243090.0377858628,1.0150725156715255,1769,16413.837529116936,1.0015034551746804,1367,991785.8744366807,1.0971242781299344,1367,-503088.6760656679,-1511288.3880314655,1008199.7119657976,10,-711757.3057266523,-1997263.6738876677,40.0,-1.5,2000000000.0,4.5,5.0,4.0,2,0.0
4750,-1860900.3196459652,0.8874617362095779,1283,166952.05218587746,1.0105475475676733,1421,-571931.7391634574,0.9449043602501588,1030,1767059.6029521711,1.1905184317856194,1016,-498820.40367137454,-1693948.2674600878,1195127.8637887137,13,-944181.5482691595,-1960402.0673813745,40.0,-1.5,2000000000.0,4.5,5.0,4.0,3,50.0
4728,-1767294.319742965,0.8925146377047045,1278,106423.4257543502,1.00672447288737,1418,-446585.2381366249,0.9566080854430101,1023,1489487.9369109203,1.157927006782789,1009,-617968.1952143197,-1660870.893988615,1042902.6987742954,13,-929190.5482691597,-2079549.8589243197,40.0,-1.5,2000000000.0,4.5,5.0,4.0,3,0.0
3578,-2726567.1253676005,0.8327155836465138,1011,-61337.17597145459,0.996085093607462,1093,-838596.4214973684,0.9138558056153958,743,1812474.5480139842,1.2188947535082986,731,-1814026.1748224397,-2787904.301339055,973878.1265166159,9,-1116630.1817209197,-3437156.1726024393,40.0,-1.5,2000000000.0,4.5,5.0,4.0,5,50.0
3535,-2774657.7909746007,0.8284652975580833,1004,-483831.35901514546,0.9694304714655708,1086,-925979.4199929291,0.9031804822177532,731,2213170.967215274,1.2823531542021864,714,-1971297.6027674018,-3258489.149989746,1287191.547222345,10,-1165058.5150092,-3604627.6005474017,40.0,-1.5,2000000000.0,4.5,5.0,4.0,5,0.0
6501,-2589923.9452864802,0.8362701828138925,1699,203227.25306040735,1.0130436615902771,1885,-703690.3606593551,0.9373555632209103,1462,1189052.6743291907,1.1176843452629706,1455,-1901334.3785562376,-2386696.692226073,485362.3136698357,11,-993615.8390368265,-3850984.3773872377,40.0,-1.5,2000000000.0,4.5,0.0,2.0,2,50.0
6491,-2717026.166212011,0.8283997104482866,1697,185427.25288940733,1.0119122202213535,1884,-632288.6944163752,0.9435221260810731,1460,1290047.3407691908,1.1280594313199348,1450,-1873840.266969788,-2531598.913322604,657758.6463528156,11,-973449.7679696456,-3823490.265800788,40.0,-1.5,2000000000.0,4.5,0.0,2.0,2,0.0
5323,-2067386.1170138435,0.8684164703351336,1443,5723.915485186037,1.0003709826915825,1592,-505748.72980271105,0.9513296208367387,1151,2345001.3743500137,1.2562459616575412,1137,-222409.55698135472,-2061662.2015286575,1839252.6445473027,14,-976873.1111991318,-2586448.441158495,40.0,-1.5,2000000000.0,4.5,0.0,2.0,3,50.0
5272,-2157219.721209801,0.8616871629572086,1434,-180602.3061570304,0.9883015330847437,1583,-530245.3970461314,0.9482264027143504,1135,2937227.1440998935,1.3282212186411713,1120,69159.71968693146,-2337822.027366831,2406981.747053762,13,-1045238.444345532,-2547720.8290142086,40.0,-1.5,2000000000.0,4.5,0.0,2.0,3,0.0
4286,-2040497.845666564,0.8656531299196137,1220,-158973.54730419,0.9894462477178134,1301,12299.326287201606,1.0012844299505228,899,1745763.456560674,1.2103697580546484,866,-441408.6101228772,-2199471.392970754,1758062.7828478755,13,-1096903.60126644,-3147847.494135017,40.0,-1.5,2000000000.0,4.5,0.0,2.0,5,50.0
4110,-2170510.4377033627,0.8525693157498686,1181,-318316.66054784885,0.9785027821807094,1268,294246.12738566194,1.0328966711530274,845,2294219.6258057537,1.298418768330012,816,99638.65494020423,-2488827.0982512115,2588465.7531914157,14,-974377.3827132582,-3159558.189889396,40.0,-1.5,2000000000.0,4.5,0.0,2.0,5,0.0
6189,-1274306.0957239016,0.9179078834004605,1613,837834.5875192366,1.0528369302944347,1794,-230277.12884011684,0.9793332670953733,1395,810250.8236021111,1.079480895566371,1387,143502.1865573295,-436471.50820466504,579973.6947619943,16,-688743.9680951197,-2069256.1412289205,40.0,-1.5,2000000000.0,4.5,0.0,3.0,2,50.0
6180,-1304418.3169035325,0.9158302422555166,1611,837382.5875192366,1.0528916405982534,1794,-236495.79591364646,0.9788005940560673,1394,740633.4905291112,1.0727725959248018,1381,37101.96523116855,-467035.7293842959,504137.6946154648,16,-688743.9680951197,-2175656.3625550815,40.0,-1.5,2000000000.0,4.5,0.0,3.0,2,0.0
4866,-1675263.152415738,0.8964628835549074,1317,-119662.6198305983,0.992337009649097,1457,-56131.79955861138,0.9944270069335951,1054,2651268.9910638193,1.295693149010908,1038,800211.4192588716,-1794925.7722463363,2595137.1915052077,14,-823073.1637875049,-1619360.7967892685,40.0,-1.5,2000000000.0,4.5,0.0,3.0,3,50.0
4824,-1780700.0899577774,0.8896944074420337,1312,-94920.34229794506,0.993900321876271,1449,-223626.96567111148,0.977857777742458,1044,3301218.728304819,1.3753245769595628,1019,1201971.3303779857,-1875620.4322557226,3077591.762633708,13,-811098.1635138049,-1452950.883499154,40.0,-1.5,2000000000.0,4.5,0.0,3.0,3,0.0
3692,-2197897.8937180853,0.8604208605611046,1052,-777977.5745408002,0.9499078128739598,1140,-228337.96923689247,0.9755298975540893,762,1395895.6064165381,1.175990189618515,738,-1808317.8310792397,-2975875.4682588857,1167557.6371796457,12,-823780.1770528668,-4393990.0469623795,40.0,-1.5,2000000000.0,4.5,0.0,3.0,5,50.0
3565,-2023162.6224126585,0.8676067304343795,1025,-1064217.5055446743,0.9301789480491723,1106,-35478.39487009251,0.9961200847750958,729,1681571.2657309058,1.2259010763290041,705,-1441287.2570965197,-3087380.127957333,1646092.8708608132,11,-810568.5107701666,-4530109.09882812,40.0,-1.5,2000000000.0,4.5,0.0,3.0,5,0.0
6075,-1867584.2616961726,0.8834698042053384,1574,385642.4177007391,1.0239203004161632,1764,-57371.04601341562,0.9947388203000994,1367,881133.7737092309,1.0856934702902303,1370,-658179.1162996182,-1481941.8439954335,823762.7276958153,11,-682367.3341097502,-2832037.444085868,40.0,-1.5,2000000000.0,4.5,0.0,4.0,2,50.0
6063,-1987926.4829605035,0.876316829408658,1572,355242.4177007391,1.0220371354516848,1763,-65282.71311741549,0.9940238414609607,1365,836690.4406362307,1.0819493286299529,1363,-861276.33774095,-1632684.0652597644,771407.7275188153,10,-682367.3341097502,-3035134.6655272003,40.0,-1.5,2000000000.0,4.5,0.0,4.0,2,0.0
4672,-2085250.8959333426,0.8718745917593245,1256,-149702.1390684112,0.9904716940217946,1400,-797806.2908990283,0.922653959992179,1016,2163240.7663755696,1.2423481651246318,1000,-869518.5595252127,-2234953.035001754,1365434.4754765413,13,-987275.7654935597,-3251790.775573353,40.0,-1.5,2000000000.0,4.5,0.0,4.0,3,50.0
4629,-2049816.832978163,0.8725359232383714,1247,41703.54656781035,1.0026654188092718,1395,-682997.4675455278,0.9333660632329386,1006,3011257.00333373,1.3457401857786286,981,320146.2493778493,-2008113.2864103527,2328259.535788202,14,-892309.0991435596,-2354575.96449929,40.0,-1.5,2000000000.0,4.5,0.0,4.0,3,0.0
3428,-2820579.813370249,0.8251048346447082,969,-541115.3157340189,0.9644793724966635,1049,-245308.78213702212,0.9733358851851102,711,1036971.356579534,1.1262978691243803,699,-2570032.5546617555,-3361695.129104268,791662.5744425119,10,-871831.006271913,-5170004.769194895,40.0,-1.5,2000000000.0,4.5,0.0,4.0,5,50.0
3316,-2792913.8294632025,0.8209468554681325,945,-1000695.8142073066,0.933620864494779,1017,-228134.94619104202,0.9753409978267642,688,1121734.8452835344,1.149000090771724,666,-2900009.7445780165,-3793609.643670509,893599.8990924924,9,-812503.5068953128,-5984064.919914616,40.0,-1.5,2000000000.0,4.5,0.0,4.0,5,0.0
6145,-2130297.511543368,0.8302338140819971,1550,-488853.41809053347,0.9626066527368298,1738,-314100.70601503906,0.9677405000613644,1402,1225463.2650317608,1.1366810455237042,1455,-1707788.3706171801,-2619150.9296339015,911362.5590167218,12,-789844.8699003456,-2842316.70282868,40.0,-1.5,800000000.0,3.0,3.0,2.0,2,50.0
6143,-2133637.511543368,0.8299676451277108,1550,-438343.41809053323,0.9663771974820722,1737,-353055.705971039,0.9638136115360578,1402,1181612.2650317608,1.1317461215067006,1454,-1743424.3705731798,-2571980.9296339015,828556.5590607218,12,-792157.3925633121,-2877952.70278468,40.0,-1.5,800000000.0,3.0,3.0,2.0,2,0.0
5131,-1644016.7935788308,0.8690251985915309,1333,195904.456022137,1.0152976315118516,1498,-97598.3614304745,0.9893245870681838,1128,1257962.6044655598,1.1424892761426926,1172,-287748.09452160844,-1448112.3375566937,1160364.2430350853,14,-694859.917317071,-1488076.4258416083,40.0,-1.5,800000000.0,3.0,3.0,2.0,3,50.0
5122,-1655216.7926884317,0.868146367730087,1333,116576.122887137,1.009103188963062,1497,-155764.36152549455,0.9829893494019941,1123,1299648.9710055594,1.1474754518194963,1169,-394756.0603212293,-1538640.6698012948,1143884.6094800648,14,-694859.917317071,-1595084.3916412292,40.0,-1.5,800000000.0,3.0,3.0,2.0,3,0.0
4307,-1828681.054044266,0.8560630659900212,1168,368796.15691812924,1.0284853530989801,1280,-220746.8631725856,0.9756528757390281,928,1559581.9845454302,1.1919329423328167,931,-121049.77575329249,-1459884.8971261368,1338835.1213728446,13,-587385.6305938542,-1472426.6246762143,40.0,-1.5,800000000.0,3.0,3.0,2.0,5,50.0
4280,-1825037.054044266,0.8562996683108399,1167,224100.00616512925,1.017353692415647,1271,-77718.19605381577,0.9912779881768767,919,1760737.1850960497,1.2201886239579753,923,82081.94116309681,-1600937.0478791366,1683018.989042234,13,-587385.6305938542,-1269294.907759825,40.0,-1.5,800000000.0,3.0,3.0,2.0,5,0.0
5908,-2221913.5085621313,0.828687182241937,1494,-436636.53661922534,0.9665233970280893,1668,-321019.7301878669,0.9671295463864005,1347,1211208.4641292703,1.1360402510049938,1399,-1768361.3112399539,-2658550.045181357,890188.7339414035,11,-911356.6204575803,-2964989.643451454,40.0,-1.5,800000000.0,3.0,3.0,3.0,2,50.0
5907,-2225253.5085621313,0.8284296633020202,1494,-428731.53661922534,0.9671290139444598,1668,-364074.7301438669,0.9628123650351064,1347,1143847.4641292703,1.1282136597300794,1398,-1874212.311195954,-2653985.045181357,779772.7339854033,11,-924856.6204575803,-3070840.643407454,40.0,-1.5,800000000.0,3.0,3.0,3.0,2,0.0
4744,-953443.8101050282,0.9237572499894072,1251,-194580.22569826298,0.9844986727225025,1371,226860.42669208508,1.0257112903989694,1046,1088067.4378837594,1.1271108011962923,1076,166903.82877255336,-1148024.0358032912,1314927.8645758445,14,-572220.049013216,-1074421.1705674469,40.0,-1.5,800000000.0,3.0,3.0,3.0,3,50.0
4732,-977055.0601050283,0.9218139933336159,1250,-290492.0585343279,0.9768126826245805,1369,237304.09352008507,1.0270013357366972,1042,985420.2378637595,1.1149478167580238,1071,-44822.787255512085,-1267547.1186393562,1222724.3313838446,14,-567420.049013216,-1286147.7865955122,40.0,-1.5,800000000.0,3.0,3.0,3.0,3,0.0
3747,-1877865.05233582,0.8560932946357546,1035,890616.5730276447,1.0725425082499078,1109,-365417.40288123157,0.9585899746097307,802,1672705.0228197204,1.2207094237528364,801,320039.1406303134,-987248.4793081753,1307287.6199384888,15,-607751.08340854,-1171554.3754726085,40.0,-1.5,800000000.0,3.0,3.0,3.0,5,50.0
3730,-1858461.0522708201,0.8576851566152681,1034,797008.1058631367,1.0646572733738808,1104,-330537.90354764205,0.9620542320666641,795,1659986.8232772201,1.2199004946182657,797,267995.97332189465,-1061452.9464076834,1329448.919729578,15,-588000.1035982773,-1263797.5427810273,40.0,-1.5,800000000.0,3.0,3.0,3.0,5,0.0
5844,-2415639.008941333,0.8134126388268643,1473,-327187.05958918884,0.9746732901005746,1649,112157.6855280035,1.0119647280490984,1332,999496.4978685302,1.110935491643672,1390,-1631171.8851339878,-2742826.068530522,1111654.1833965336,11,-996785.2560957777,-2813700.217345488,40.0,-1.5,800000000.0,3.0,3.0,4.0,2,50.0
5843,-2418979.008941333,0.8131546525201309,1473,-326362.05958918884,0.9747506372009684,1649,73202.68557200348,1.0077925541079336,1332,921741.4978685302,1.102061794323505,1389,-1750396.8850899877,-2745341.068530522,994944.1834405337,11,-1010285.2560957777,-2932925.217301488,40.0,-1.5,800000000.0,3.0,3.0,4.0,2,0.0
4593,-1199640.3243115686,0.9029555125584998,1204,-1124652.110164106,0.913691527211437,1329,370906.4170255447,1.0422648127189034,1013,981643.3953437301,1.1143224230362971,1047,-971742.6221063994,-2324292.4344756743,1352549.812369275,13,-777133.4211546952,-2199087.621446399,40.0,-1.5,800000000.0,3.0,3.0,4.0,3,50.0
4585,-1251170.3243115684,0.8989336836018438,1203,-1159620.4432991054,0.9107127852937589,1328,224511.0852035445,1.0254116581410093,1010,1025761.7953237301,1.1196775332887368,1044,-1160517.8870833998,-2410790.767610674,1250272.8805272747,13,-777133.4211546952,-2387862.8864233997,40.0,-1.5,800000000.0,3.0,3.0,4.0,3,0.0
3480,-2065684.1649117663,0.8386131587614503,952,357135.10281711235,1.0285028448951419,1045,-583832.1648184496,0.9313189163270333,737,1127427.7821024805,1.1524308556464071,746,-1164953.4448106233,-1708549.062094654,543595.6172840309,12,-914268.4328430201,-2456016.9609135455,40.0,-1.5,800000000.0,3.0,3.0,4.0,5,50.0
3467,-2088826.6648467663,0.8370765020870115,951,194891.81899707753,1.0154953265758138,1038,-455608.16498794995,0.9460443481197283,733,1352023.1822560804,1.1861225884752014,745,-997519.8285815582,-1893934.8458496886,896415.0172681306,13,-914268.4328430201,-2334483.34468448,40.0,-1.5,800000000.0,3.0,3.0,4.0,5,0.0
6079,-1823820.538109311,0.8536132997820209,1535,-242693.13789505436,0.981165257609352,1716,73886.49626339259,1.0076077859911554,1387,1185079.2774883104,1.1320697464687604,1441,-807547.9022526629,-2066513.6760043653,1258965.7737517029,14,-884620.5578168347,-2020307.7472796626,40.0,-1.5,800000000.0,3.0,5.0,2.0,2,50.0
6070,-1935583.8700591451,0.844900197271071,1535,-178008.13789505436,0.9861295374707404,1714,103019.82944939265,1.0105858338554008,1387,1275268.2774883104,1.1429681280103972,1434,-735303.9010164967,-2113592.0079541993,1378288.106937703,13,-898120.5578168347,-2075412.2319184965,40.0,-1.5,800000000.0,3.0,5.0,2.0,2,0.0
4949,-980200.7628609852,0.9191825695078326,1298,407578.07003752765,1.0327171091533915,1441,288528.81987289584,1.0321334919282699,1095,1813975.1713316895,1.221021455491344,1115,1529881.2983811272,-572622.6928234575,2102503.9912045854,14,-545423.3011910999,237389.63622112712,40.0,-1.5,800000000.0,3.0,5.0,2.0,3,50.0
4913,-1034306.5948256531,0.914384784903821,1293,436084.6333301005,1.0353186979858624,1432,199657.4867969756,1.0223005144124684,1086,1952428.4381444387,1.242206806760951,1102,1553863.9634458623,-598221.9614955527,2152085.924941414,15,-549539.3011910999,258372.30128586222,40.0,-1.5,800000000.0,3.0,5.0,2.0,3,0.0
3996,-1133841.183722205,0.9077634223932926,1096,-18144.606834859587,0.9985463246148322,1181,197103.98767293437,1.022787751048074,856,1990558.7643349003,1.2551979801345308,863,1035676.9614507694,-1151985.7905570646,2187662.7520078346,14,-604160.9290579902,-444999.8866701523,40.0,-1.5,800000000.0,3.0,5.0,2.0,5,50.0
3902,-1294468.8126832051,0.892942578958595,1075,-382697.2952080455,0.9692227735213613,1163,206171.3222329839,1.024674327098201,830,2600081.99609885,1.3510434017215913,834,1129087.210440583,-1677166.1078912506,2806253.318331834,14,-622094.2624979902,-351589.6376803387,40.0,-1.5,800000000.0,3.0,5.0,2.0,5,0.0
5849,-2077814.7413570224,0.8395987951616118,1481,-489527.44907926035,0.9625031850181284,1648,-22559.04842023531,0.997705430821204,1336,1110755.1438727002,1.1251233713285882,1384,-1479146.0949838178,-2567342.1904362827,1088196.095452465,12,-1074328.24808291,-2720805.9406188177,40.0,-1.5,800000000.0,3.0,5.0,3.0,2,50.0
5842,-2139148.0733068567,0.8345990961518303,1480,-524747.4490792603,0.9598131612157397,1647,9540.95162376466,1.0009682808336378,1336,971668.1438727004,1.1095130835729747,1379,-1682686.4268896524,-2663895.522386117,981209.0954964651,12,-1087828.24808291,-2932846.272524652,40.0,-1.5,800000000.0,3.0,5.0,3.0,2,0.0
4592,-867895.2428159488,0.9300679728604636,1214,140778.7525705392,1.0114247922782342,1331,195618.2689858454,1.0222489474910437,1015,1216773.3696128894,1.1460869294938025,1032,685275.1483533251,-727116.4902454095,1412391.6385987347,15,-662314.4906251319,-632916.5152066747,40.0,-1.5,800000000.0,3.0,5.0,3.0,3,50.0
4562,-949203.9928479486,0.9234380677551791,1208,123704.74645604589,1.0100794280127083,1325,-25703.739137654993,0.9970829382776513,1007,1293680.8368148892,1.1575611103145589,1022,442477.85128533177,-825499.2463919027,1267977.0976772343,15,-656314.4905651318,-877880.4795046683,40.0,-1.5,800000000.0,3.0,5.0,3.0,3,0.0
3503,-1102221.7691461758,0.9115161248478655,964,741909.542088713,1.0618097868481706,1044,-92967.4205600599,0.9893344421024254,747,1865759.38574372,1.2471228398137197,748,1412479.7381261976,-360312.2270574628,1772791.9651836602,15,-551638.1884508999,-212136.92653280217,40.0,-1.5,800000000.0,3.0,5.0,3.0,5,50.0
3441,-1373252.1803404756,0.8883312465544245,948,539650.8480696242,1.0454056284616888,1029,13807.775352958182,1.001613485420341,736,2444523.15250194,1.338726788755266,728,1624729.5955840466,-833601.3322708515,2458330.927854898,16,-578238.1884508999,-10287.069074953208,40.0,-1.5,800000000.0,3.0,5.0,3.0,5,0.0
5782,-1910388.000728413,0.8500732673833516,1459,-232720.80515652947,0.9818722893236557,1629,355937.15784757514,1.0378472343334832,1321,977550.0103363101,1.1092383187619785,1373,-809621.6377010571,-2143108.8058849424,1333487.1681838853,13,-1002928.7546799504,-2034018.150586057,40.0,-1.5,800000000.0,3.0,5.0,4.0,2,50.0
5776,-2028936.0011932128,0.8410023439134813,1458,-275020.8051565294,0.9785933523701925,1628,392137.15789157513,1.0416172134684152,1321,875163.01033631,1.098049515297852,1369,-1036656.638121857,-2303956.806349742,1267300.1682278852,12,-1016428.7546799504,-2269633.151006857,40.0,-1.5,800000000.0,3.0,5.0,4.0,2,0.0
4459,-857177.0778882445,0.9299632894301401,1168,-784563.2414985257,0.9382184626099822,1289,536302.7830210553,1.0620366773697854,990,972422.4678750001,1.113887747429958,1012,-133015.06849071465,-1641740.3193867703,1508725.2508960553,11,-684715.9930943402,-1448873.3987407149,40.0,-1.5,800000000.0,3.0,5.0,4.0,3,50.0
4429,-921532.0779202445,0.92430306552187,1162,-885084.3680480525,0.9300003892502791,1285,274751.03336155467,1.031950773671851,979,1227651.8007657498,1.146486293531356,1003,-304213.61184099235,-1806616.445968297,1502402.8341273044,11,-673758.4481298301,-1622571.942650992,40.0,-1.5,800000000.0,3.0,5.0,4.0,3,0.0
3266,-1778917.5285655598,0.8574788382033183,891,-52444.5435217605,0.9958032434678524,984,-267797.44987760973,0.967974444872483,691,2000199.39526451,1.2808983339813589,700,-98960.1267004204,-1831362.0720873203,1732401.9453869003,13,-775162.9327310198,-1701076.7906994203,40.0,-1.5,800000000.0,3.0,5.0,4.0,5,50.0
3214,-2081940.9350732008,0.8319209338473982,882,-489532.8525525448,0.9611152892871379,971,-188661.8369817218,0.9768043249953535,674,2630428.46534855,1.380108573620216,687,-129707.15925891697,-2571473.787625746,2441766.6283668284,14,-779057.9998977797,-1757023.823257917,40.0,-1.5,800000000.0,3.0,5.0,4.0,5,0.0
6067,-1770947.4134574179,0.8581485653190287,1535,-279880.96456757665,0.9783522327687613,1710,-56956.85736670726,0.9941399355221676,1385,1286625.7773496606,1.1441401435468206,1437,-821159.4580420414,-2050828.3780249944,1229668.9199829535,13,-925621.2525587826,-2537226.121596041,40.0,-1.5,800000000.0,3.0,0.0,2.0,2,50.0
6055,-1910302.967470949,0.8470108084070734,1534,-198295.96456757662,0.98458301527486,1707,-110873.52418070711,0.988625082021992,1384,1398309.7773496609,1.1575910107765734,1430,-821162.6788695722,-2108598.9320385256,1287436.2531689538,12,-939121.2525587826,-2638829.342423572,40.0,-1.5,800000000.0,3.0,0.0,2.0,2,0.0
4917,-1098078.7695061257,0.9093168958800185,1292,487859.83401380834,1.0393549681616217,1429,13664.985852296115,1.0015166023849327,1087,1850403.5373190395,1.227577097062937,1109,1253849.587679018,-610218.9354923174,1864068.5231713355,16,-505393.08937051974,-643783.7438909819,40.0,-1.5,800000000.0,3.0,0.0,2.0,3,50.0
4850,-1150991.5703332825,0.9040038264576917,1283,1023236.6457590214,1.0849568688935312,1410,-62765.846556624165,0.992940524316398,1069,2260117.469691039,1.2871489375523189,1088,2069596.6985601538,-127754.92457426107,2197351.6231344147,15,-573961.0890840199,-30478.297920346027,40.0,-1.5,800000000.0,3.0,0.0,2.0,3,0.0
3927,-1325577.313551658,0.890635072633166,1080,238357.60522020014,1.0193619128225722,1159,89077.30503203464,1.0103553153842986,846,1872432.831455481,1.247298478084615,842,874290.4281560576,-1087219.7083314578,1961510.1364875156,14,-600082.4106456056,-1203192.9034139423,40.0,-1.5,800000000.0,3.0,0.0,2.0,5,50.0
3749,-1227475.5792204333,0.8964154397928015,1046,-267697.84560941986,0.9780011415078956,1116,-82305.0599468219,0.9900961251213461,803,2282115.8266377,1.3287901027003857,784,704637.3418610261,-1495173.4248298532,2199810.766690878,13,-578362.6097116058,-2044072.0770210738,40.0,-1.5,800000000.0,3.0,0.0,2.0,5,0.0
5838,-2096984.5884911814,0.8384706813650994,1481,-651355.8410607856,0.9504460656519742,1643,-129655.38204733514,0.9867716607455075,1332,1250383.6437340504,1.141296193539004,1382,-1627612.1678652521,-2748340.429551967,1120728.2616867153,12,-1095182.24808291,-3408612.1654992523,40.0,-1.5,800000000.0,3.0,0.0,3.0,2,50.0
5828,-2147840.1425047126,0.8342116995669506,1480,-684109.1742607858,0.9479365085101061,1641,-180605.3820033351,0.9816292436786949,1331,1182241.6437340504,1.1338615866280597,1376,-1830313.055034783,-2831949.3167654984,1001636.2617307154,12,-1108682.24808291,-3626513.052668783,40.0,-1.5,800000000.0,3.0,0.0,3.0,2,0.0
4559,-1031558.1830404624,0.9166144131631483,1208,234228.59956682008,1.0190690095422477,1320,55266.36862834566,1.0062681917666874,1009,1323577.7022622393,1.1616064543116134,1022,581514.4874169426,-797329.5834736424,1378844.070890585,15,-638262.0187393299,-1306118.8441530573,40.0,-1.5,800000000.0,3.0,0.0,3.0,3,50.0
4509,-1154942.234439902,0.9062366883879687,1199,412133.1165846052,1.0337750276746138,1307,-265510.7389981549,0.9698686294589529,994,1746594.8364366393,1.2220897428312056,1009,738274.9795831876,-742809.1178552968,1481084.0974384844,15,-603073.8641644497,-1265625.0168973124,40.0,-1.5,800000000.0,3.0,0.0,3.0,3,0.0
3438,-1543138.4079662566,0.8744636680966104,945,971361.2313283772,1.0823237187361858,1023,-417088.82154201996,0.9527796853891236,736,1509784.6866563205,1.2047306798102042,734,520918.6884764214,-571777.1766378795,1092695.8651143005,14,-599643.0597811406,-1598381.3106435784,40.0,-1.5,800000000.0,3.0,0.0,3.0,5,50.0
3301,-1736791.8165850008,0.8576703943036855,923,523576.0070497615,1.04507205906999,983,-470956.74141759856,0.9448328563776814,707,1647760.28715416,1.241478337577205,688,-36412.26379867783,-1213215.8095352394,1176803.5457365615,12,-582093.8878996306,-2621446.684830778,40.0,-1.5,800000000.0,3.0,0.0,3.0,5,0.0
5770,-1889796.54300452,0.8518636648971603,1458,-403850.6971380547,0.968741378511323,1624,258650.28420647516,1.0275752476335165,1317,1033503.5101976602,1.1158521538417046,1371,-1001493.4457384392,-2293647.2401425745,1292153.7944041353,13,-998599.4494218983,-2750493.4433724387,40.0,-1.5,800000000.0,3.0,0.0,4.0,2,50.0
5761,-2029211.20985532,0.8410845556375557,1457,-514050.69713805465,0.9602412837811867,1622,249166.95104447505,1.0265153051138773,1316,1002061.5101976602,1.1127822136633128,1366,-1292033.4457512393,-2543261.9069933747,1251228.4612421351,12,-1012099.4494218983,-3058333.4433852388,40.0,-1.5,800000000.0,3.0,0.0,4.0,2,0.0
4431,-1099609.3517845103,0.9103362112191764,1163,-675974.077918435,0.9464373346577551,1282,335401.32200365525,1.0386407746197073,985,1025897.4674240996,1.1212733752052528,1001,-414284.6402751899,-1775583.4297029453,1361298.789427755,13,-720999.2810944801,-2301917.97184519,40.0,-1.5,800000000.0,3.0,0.0,4.0,3,50.0
4377,-1157261.1414968297,0.9047777835161542,1155,-481187.1146103439,0.961247960274687,1270,443349.7815901552,1.0524450906379428,965,1630008.1343660997,1.2030989373095755,987,434909.65984908096,-1638448.2561071736,2073357.915956255,14,-662972.61475208,-1588390.3366314191,40.0,-1.5,800000000.0,3.0,0.0,4.0,3,0.0
3215,-2297440.243354801,0.8140220188498645,875,-92233.23735993949,0.9926356988509957,969,-496678.28366731625,0.9411714073486734,684,1281060.0628173603,1.1795527139915467,687,-1605291.7015646969,-2389673.4807147407,784381.7791500441,10,-647097.2666365199,-3712791.7006846964,40.0,-1.5,800000000.0,3.0,0.0,4.0,5,50.0
3089,-2531206.49195366,0.7924444467411655,857,-42382.64084012591,0.9965216642274906,934,-99207.06382609793,0.9874421629832354,651,1425226.841701,1.2181204172422462,647,-1247569.354918883,-2573589.1327937855,1326019.7778749021,11,-803228.3342012797,-3730103.775950983,40.0,-1.5,800000000.0,3.0,0.0,4.0,5,0.0
8089,-3690194.829989448,0.820691965365931,2274,-502225.685848414,0.9750119770212057,2439,36974.33726053435,1.0029590982644965,1694,1218040.3416850525,1.1084384144664894,1682,-2937405.836892275,-4192420.515837862,1255014.6789455868,12,-1097368.5983170373,-4160931.389366731,40.0,-1.5,800000000.0,4.5,3.0,2.0,2,50.0
8084,-3680944.829989448,0.8210319422797666,2273,-451715.685848414,0.9774845442144009,2438,13649.837286534137,1.0010941475585817,1693,1223232.3416850527,1.109096446860183,1680,-2895778.3368662754,-4132660.515837862,1236882.1789715867,12,-1097368.5983170373,-4119303.8893407313,40.0,-1.5,800000000.0,4.5,3.0,2.0,2,0.0
6728,-3500274.205563192,0.8288102761270174,1963,545124.0809263987,1.0291391793871418,2050,-515506.10826535744,0.9573291196391259,1370,1318097.4682211417,1.1234581510436032,1345,-2152558.7646810096,-2955150.124636793,802591.3599557843,14,-1131156.0125599317,-3523858.7622710094,40.0,-1.5,800000000.0,4.5,3.0,2.0,3,50.0
6712,-3469786.45487023,0.8300432324931576,1962,478078.7477913988,1.0255718676709522,2048,-406453.60805237753,0.9660557386857843,1362,1440708.1680811415,1.1359148673366022,1340,-1957453.1470500678,-2991707.7070788313,1034254.560028764,13,-1131156.0125599317,-3328753.1446400676,40.0,-1.5,800000000.0,4.5,3.0,2.0,3,0.0
5693,-3091395.1416732175,0.8442017468151323,1731,559070.7534745035,1.03004748160869,1765,-422706.0053543279,0.9629934574413213,1115,1256584.5887925816,1.1261076590838304,1082,-1698445.80476046,-2532324.388198714,833878.5834382537,13,-934412.8739575151,-3279164.319953382,40.0,-1.5,800000000.0,4.5,3.0,2.0,5,50.0
5667,-3078515.141673218,0.8447175913674586,1729,424153.845083564,1.022794901374595,1758,-397847.005234588,0.9648499895000369,1105,1571522.2886084514,1.1600208974755508,1075,-1480686.0132157907,-2654361.296589654,1173675.2833738634,12,-934412.8739575151,-3061404.5284087127,40.0,-1.5,800000000.0,4.5,3.0,2.0,5,0.0
7658,-2982073.46170976,0.8562384379212135,2151,-687526.1383551799,0.9659959163044037,2302,-111349.50355550327,0.9910936568598036,1613,1503294.853094452,1.1356734168151632,1592,-2277654.2505259914,-3669599.60006494,1391945.3495389489,13,-1082781.8474119662,-3613029.8035004474,40.0,-1.5,800000000.0,4.5,3.0,3.0,2,50.0
7655,-2990613.46170976,0.8558628695176953,2151,-679621.1383551799,0.9663865873317813,2302,-156770.66997450322,0.9874522026515431,1613,1418745.353389652,1.1282804490919764,1589,-2408259.9166497914,-3670234.60006494,1261974.6834151489,13,-1082781.8474119662,-3743635.4696242474,40.0,-1.5,800000000.0,4.5,3.0,3.0,2,0.0
6091,-2608181.794224189,0.8727673737165749,1772,-363189.52575966873,0.9807364146215628,1856,114341.97660828204,1.0097841592229324,1248,1210953.8152005016,1.1151426600533203,1215,-1646075.528175075,-2971371.3199838577,1325295.7918087835,14,-986135.6355059762,-3056925.527515075,40.0,-1.5,800000000.0,4.5,3.0,3.0,3,50.0
6080,-2607682.2942241896,0.8727638064517181,1771,-567908.358595734,0.9699212180248074,1855,248931.9100942818,1.021536392988269,1244,1168730.1151805012,1.1114096513337346,1210,-1757928.6275451407,-3175590.6528199236,1417662.0252747831,15,-986135.6355059762,-3168778.6268851403,40.0,-1.5,800000000.0,4.5,3.0,3.0,3,0.0
4849,-3004644.6630140194,0.8514034451783838,1479,808640.9579069477,1.0451684358264528,1504,-160585.155579421,0.9852814112761294,954,855410.7893395522,1.089989973583452,912,-1501178.0713469412,-2196003.7051070714,694825.6337601312,14,-1205154.0452910757,-3008546.587449863,40.0,-1.5,800000000.0,4.5,3.0,3.0,5,50.0
4829,-2983300.6629490196,0.8523422295822376,1477,635903.4426310237,1.0354814371684349,1499,-243051.0726775713,0.977697208875787,947,879066.5895858516,1.0933574781902597,906,-1711381.7034097156,-2347397.220317996,636015.5169082803,13,-1205154.0452910757,-3200750.2195126377,40.0,-1.5,800000000.0,4.5,3.0,3.0,5,0.0
7489,-3756382.2829544996,0.8227704052480699,2080,-475635.04484574986,0.9763544916201293,2254,223132.076240938,1.0182013188094652,1584,1273179.0361752422,1.115425310763744,1571,-2735706.215384069,-4232017.32780025,1496311.11241618,13,-1124933.6339577541,-4078981.767858525,40.0,-1.5,800000000.0,4.5,3.0,4.0,2,50.0
7483,-3707815.4236859,0.8246323568856366,2079,-474810.04484574986,0.9764035994224052,2254,232667.576266938,1.019057154429886,1583,1187430.2029624423,1.1077453322212496,1567,-2762527.6893022694,-4182625.4685316496,1420097.7792293802,13,-1124933.6339577541,-4105803.2417767253,40.0,-1.5,800000000.0,4.5,3.0,4.0,2,0.0
5800,-3370695.9019334572,0.8376305459056889,1676,-805759.2048548493,0.9573249061130394,1769,467262.9916606814,1.0408986092523322,1194,1316879.789534372,1.1308466506411563,1161,-2392312.3255932517,-4176455.1067883065,1784142.7811950534,11,-1098813.5746134694,-3820212.3249332514,40.0,-1.5,800000000.0,4.5,3.0,4.0,3,50.0
5792,-3313604.402055332,0.8400429919672618,1675,-1017634.5379898491,0.9461685123282078,1768,388848.3266826814,1.0340048355248705,1191,1297963.889514372,1.1282696668882135,1158,-2644426.7238481273,-4331238.940045181,1686812.2161970534,12,-1098813.5746134694,-4072326.7231881274,40.0,-1.5,800000000.0,4.5,3.0,4.0,3,0.0
4419,-3869714.1108922977,0.806936821681525,1320,150673.50000259047,1.008469514159231,1382,122690.92680336739,1.0118520916198503,877,633937.748354912,1.069723654493915,840,-2962411.9357314277,-3719040.610889707,756628.6751582795,11,-1030493.9541252124,-4405110.45183435,40.0,-1.5,800000000.0,4.5,3.0,4.0,5,50.0
4401,-3867469.1108272974,0.8068833497869891,1318,166461.00110788038,1.0093959245383293,1377,217083.92689636725,1.0210701628618497,873,760720.3819980116,1.0853063110406405,833,-2723203.800825038,-3701008.109719417,977804.3088943788,13,-1030493.9541252124,-4165902.31692796,40.0,-1.5,800000000.0,4.5,3.0,4.0,5,0.0
7904,-3052957.266121533,0.8500557737054364,2220,-245360.4069204766,0.9875321326640158,2370,-252135.91299578757,0.9799156540906069,1660,867711.4356310505,1.076283538120752,1654,-2682742.1504067457,-3298317.6730420096,615575.5226352629,13,-927086.400838302,-4019042.148836746,40.0,-1.5,800000000.0,4.5,5.0,2.0,2,50.0
7889,-3119624.5980713665,0.8465974894769006,2217,-148391.65692047653,0.9924320168488956,2367,-201107.57982778753,0.9839494428657306,1657,1026133.7687260505,1.0905795650092995,1648,-2442990.06609358,-3268016.254991843,825026.188898263,13,-876443.7857601662,-3891915.0645235796,40.0,-1.5,800000000.0,4.5,5.0,2.0,2,0.0
6358,-2954939.793457245,0.8524797881893841,1857,539236.339237315,1.0294415650231596,1930,-499299.35851983353,0.9579299009173926,1299,1928647.4150296717,1.1895544269137521,1272,-986355.397710091,-2415703.45421993,1429348.0565098382,12,-1010646.2606178597,-2526755.394580091,40.0,-1.5,800000000.0,4.5,5.0,2.0,3,50.0
6318,-3022485.639095856,0.8487013931012787,1852,496954.6443320432,1.027216096788306,1924,-534603.0252923537,0.9543699625413066,1285,2214507.4146461217,1.2223412189130725,1257,-845626.6054100443,-2525530.9947638125,1679904.389353768,13,-984363.9271323597,-2396126.602280044,40.0,-1.5,800000000.0,4.5,5.0,2.0,3,0.0
5112,-2326093.830399927,0.8767586358169682,1557,-310859.68934317655,0.9827073180022385,1574,-429151.24561821716,0.9603664146929229,1005,2163161.8656133497,1.2345149036324317,976,-902942.8997479705,-2636953.5197431035,1734010.6199951326,12,-713125.1244964196,-2585192.8981179707,40.0,-1.5,800000000.0,4.5,5.0,2.0,5,50.0
5004,-2533763.8971236334,0.8641729619459682,1535,-364757.3310326284,0.9793953969096538,1545,-426129.67756259773,0.9595066181605866,976,2207000.7698978,1.2482140698582627,948,-1117650.1358210596,-2898521.228156262,1780871.0923352023,12,-760217.7553381987,-2795500.133531059,40.0,-1.5,800000000.0,4.5,5.0,2.0,5,0.0
7492,-2157543.9641783396,0.8950183823852538,2105,-3488.7494450777303,0.9998236546784882,2246,-414642.9931672644,0.9669730907285579,1578,1035475.3189151206,1.092931740255965,1563,-1540200.3878755616,-2161032.7136234175,620832.3257478562,11,-747919.6138372072,-2944375.3872155612,40.0,-1.5,800000000.0,4.5,5.0,3.0,2,50.0
7482,-2221368.2961281734,0.8917692690639257,2103,-23164.999445077614,0.998829049221746,2244,-359394.65958626446,0.9713490760392344,1577,968332.6529367205,1.0871787237254105,1558,-1635595.3022227958,-2244533.295573251,608937.993350456,11,-761419.6138372072,-3039770.3015627954,40.0,-1.5,800000000.0,4.5,5.0,3.0,2,0.0
5769,-2029371.8048632375,0.9000434519568804,1678,-542236.1997519825,0.9709572180752919,1755,-408511.9063033546,0.9647596959159667,1184,1889569.5301360497,1.1908418210969214,1152,-1090550.3807825265,-2571608.0046152202,1481057.6238326952,14,-841546.5000801794,-2607842.0454025264,40.0,-1.5,800000000.0,4.5,5.0,3.0,3,50.0
5731,-2120926.440045834,0.8953772769561998,1672,-584102.260140153,0.9685934133651849,1747,-303575.6560180549,0.9734334796677675,1171,1940837.9974110497,1.197783174895193,1141,-1067766.3587929923,-2705028.700185987,1637262.3413929949,13,-888873.7500801797,-2585058.0234129922,40.0,-1.5,800000000.0,4.5,5.0,3.0,3,0.0
4359,-2705527.169080792,0.860081923122536,1320,513572.44803969783,1.0299689750003531,1340,-401935.0283261797,0.9625745168395008,857,1040791.6521739777,1.1123852742036118,842,-1553098.0971932963,-2191954.721041094,638856.623847798,13,-849400.67660815,-3191873.095813296,40.0,-1.5,800000000.0,4.5,5.0,3.0,5,50.0
4278,-2851533.1115807407,0.8508256531823131,1304,226262.20988838526,1.013266104461502,1322,-391451.1006507218,0.962375651690847,834,1871622.6525098775,1.2114103366428581,818,-1145099.3498331995,-2625270.9016923555,1480171.5518591558,11,-794513.6538264678,-2891874.3491132,40.0,-1.5,800000000.0,4.5,5.0,3.0,5,0.0
7330,-2414897.126235048,0.8835159532275011,2041,45998.69120158197,1.0023446193319479,2198,-254897.0200473239,0.9794396686834297,1551,862013.2687345404,1.0770549656970123,1540,-1761782.1863462497,-2368898.4350334657,607116.2486872165,12,-842781.0256524781,-3165957.1856862493,40.0,-1.5,800000000.0,4.5,5.0,4.0,2,50.0
7322,-2377590.2669664477,0.8850415068514246,2040,57117.44120158185,1.0029099340771281,2197,-163192.02002132387,0.9867806499300376,1549,634778.2689505401,1.0567417061680466,1536,-1848886.5768356503,-2320472.8257648656,471586.24892921624,13,-842781.0256524781,-3253061.57617565,40.0,-1.5,800000000.0,4.5,5.0,4.0,2,0.0
5515,-2984273.376272318,0.8545222619783548,1595,-447584.554878779,0.97591890581526,1675,-76143.00852126512,0.9934337846030985,1141,2318047.5791325504,1.2543859696348918,1104,-1189953.3605398112,-3431857.9311510967,2241904.570611285,13,-949569.5162543196,-2712678.3591598114,40.0,-1.5,800000000.0,4.5,5.0,4.0,3,50.0
5490,-2980049.285404193,0.8542629527913747,1592,-555430.6443269516,0.9700036853151899,1669,-216328.5901802656,0.9813007092367222,1130,2414121.5791723,1.2618051905790952,1099,-1337686.9407391106,-3535479.9297311446,2197792.9889920345,13,-1013963.5157378198,-2860411.939359111,40.0,-1.5,800000000.0,4.5,5.0,4.0,3,0.0
4004,-3515273.7999223783,0.8211477863010905,1203,430851.6626113012,1.0249569132601508,1243,-409988.0474930285,0.95984044890965,786,1803375.0593488296,1.2140984069039709,772,-1691035.125455276,-3084422.137311077,1393387.011855801,13,-991306.9497319204,-3327565.124075276,40.0,-1.5,800000000.0,4.5,5.0,4.0,5,50.0
3938,-3979581.887383378,0.7953808681719107,1187,89522.39481760038,1.0051546753248528,1227,-516228.06482773914,0.9489140035992513,769,2134638.659347079,1.262222367031326,755,-2271648.8980464377,-3890059.4925657776,1618410.59451934,11,-1120668.16899975,-3944203.896666438,40.0,-1.5,800000000.0,4.5,5.0,4.0,5,0.0
7859,-3459522.1339854207,0.8294827087774238,2201,-502228.27652077534,0.9744779238204998,2359,-489898.0795018875,0.9610503529679754,1653,763434.1020450505,1.0672264811580952,1646,-3688214.3879630323,-3961750.410506196,273536.022543163,11,-1091207.0786654383,-5619464.387963032,40.0,-1.5,800000000.0,4.5,0.0,2.0,2,50.0
7842,-3556313.225354311,0.8245860226473589,2198,-392203.2765207752,0.9799811416524269,2355,-532019.7463338873,0.9576461518401069,1649,942550.7684850506,1.0832939918443447,1640,-3537985.479723923,-3948516.501875086,410531.0221511633,12,-1107707.0786654383,-5558835.479723923,40.0,-1.5,800000000.0,4.5,0.0,2.0,2,0.0
6251,-3354006.118775891,0.829058139035527,1812,203549.01382306183,1.01110954512259,1902,-1042445.1259009535,0.912197151323999,1285,1642798.6811461416,1.1619922082996963,1252,-2550103.5497076414,-3150457.1049528294,600353.5552451881,14,-1161627.5937921596,-4673803.546543641,40.0,-1.5,800000000.0,4.5,0.0,2.0,3,50.0
6169,-3329414.7200315427,0.8279057368057816,1796,589456.5920485832,1.0326716695547251,1888,-881375.9584743937,0.9244956721221761,1264,2285616.9179588417,1.2366123310512944,1221,-1335717.1684985112,-2739958.1279829596,1404240.959484448,13,-1145334.9263607797,-3667008.8298235117,40.0,-1.5,800000000.0,4.5,0.0,2.0,3,0.0
4863,-3163143.9505845127,0.8254525533052671,1468,-423978.0935249564,0.975330656880291,1497,-435049.47278670396,0.9583307663352223,969,1957596.046227022,1.2245281067073288,929,-2064575.4706691517,-3587122.0441094693,1522546.573440318,11,-838924.1104471853,-4448679.888512592,40.0,-1.5,800000000.0,4.5,0.0,2.0,5,50.0
4611,-2295527.3116113883,0.8671781932005618,1406,-806580.1716578915,0.9518589077600526,1432,38187.47368594575,1.0039722477255035,902,1321626.5129787738,1.1605959724022603,871,-1742293.4966045597,-3102107.48326928,1359813.9866647196,13,-876195.0003544355,-4838053.67638916,40.0,-1.5,800000000.0,4.5,0.0,2.0,5,0.0
7455,-2519619.003224838,0.8765578933293638,2089,213295.91116074892,1.0108207543197791,2233,-674110.9100383648,0.9462380030398991,1574,766292.8181885709,1.0684953694281654,1559,-2214141.183913883,-2306323.092064089,92181.90815020609,9,-939206.8091924726,-4248741.180942883,40.0,-1.5,800000000.0,4.5,0.0,3.0,2,50.0
7443,-2622282.223488369,0.8711961948206496,2086,168647.5779607491,1.0085474353163868,2231,-704712.5764573646,0.9437840399066695,1572,814649.8188011708,1.0737356715182036,1554,-2343697.403183814,-2453634.64552762,109937.2423438062,9,-955706.8091924726,-4378297.400212814,40.0,-1.5,800000000.0,4.5,0.0,3.0,2,0.0
5665,-3088952.311862168,0.8457360159255324,1641,-516049.39645503566,0.9721755121829907,1728,-852924.8225364551,0.9254488834562329,1167,1703925.9188952493,1.1742836947826192,1129,-2754000.6119584087,-3605001.7083172034,851001.0963587941,11,-1174959.7334269346,-4948450.608794409,40.0,-1.5,800000000.0,4.5,0.0,3.0,3,50.0
5600,-3000290.856494847,0.8470937836344117,1624,-186209.60837120737,0.9898487914603303,1715,-712106.9551134552,0.9376523053415662,1151,2266075.050799249,1.238334894045317,1110,-1632532.3691802602,-3186500.4648660547,1553968.095685794,10,-1205451.7335469343,-4034315.6956812604,40.0,-1.5,800000000.0,4.5,0.0,3.0,3,0.0
4172,-3495037.0607493706,0.8129025250899684,1251,-374857.519832092,0.9779415948847499,1287,-70010.81344819596,0.9931517162837606,826,1267609.1696458282,1.1431845070422204,808,-2672296.224383831,-3869894.5805814625,1197598.3561976322,12,-843407.5984982214,-5117550.636875271,40.0,-1.5,800000000.0,4.5,0.0,3.0,5,50.0
3973,-3088020.6267501703,0.8287217697355506,1203,-947558.5640857674,0.9427022778837487,1240,199933.3809740418,1.0211756977750646,777,1036199.4031229279,1.125748688282954,753,-2799446.4067389686,-4035579.190835938,1236132.7840969698,10,-1033983.576410385,-5861698.251568569,40.0,-1.5,800000000.0,4.5,0.0,3.0,5,0.0
7300,-3060356.4927704325,0.8526308556039107,2025,-184477.84869524138,0.9906830014607697,2193,-696737.7705644239,0.9441347461282382,1546,832318.1677579908,1.07472544080599,1536,-3109253.9442721084,-3244834.341465674,135580.3971935669,10,-967285.8457938606,-5125528.941301108,40.0,-1.5,800000000.0,4.5,0.0,4.0,2,50.0
7290,-3081735.1701951926,0.8511881133377056,2023,-155902.8486952416,0.9921250198858717,2191,-658382.7705444242,0.94699769076019,1544,735168.8345649906,1.0667359742011395,1532,-3160851.9548698682,-3237638.018890434,76786.06402056641,11,-983785.8457938606,-5177126.951898868,40.0,-1.5,800000000.0,4.5,0.0,4.0,2,0.0
5422,-3231835.7150072064,0.8397118874603985,1559,-225550.9967453105,0.987695848053618,1650,-1055736.591515605,0.9106105224843258,1129,1812830.2013272,1.1965925084959474,1084,-2700293.1019409224,-3457386.711752517,757093.609811595,13,-1054564.4410449814,-4948643.098776923,40.0,-1.5,800000000.0,4.5,0.0,4.0,3,50.0
5372,-3075107.8111166116,0.8456351317592814,1552,37425.979345724336,1.002070711913652,1640,-561243.4885651057,0.9512647986071856,1108,2154331.1990364,1.234692448621995,1072,-1444594.1212995923,-3037681.831770887,1593087.7104712941,14,-1114013.3580332831,-3916827.448815592,40.0,-1.5,800000000.0,4.5,0.0,4.0,3,0.0
3839,-3289769.1212495556,0.8224853195115569,1137,-248085.48839265085,0.985718243647417,1195,-484901.79970180563,0.9512478626441603,762,1017415.5066623301,1.1185754523506612,745,-3005340.9026816827,-3537854.6096422067,532513.7069605244,11,-801597.3671008378,-5444084.207601262,40.0,-1.5,800000000.0,4.5,0.0,4.0,5,50.0
3676,-3732873.1023790333,0.7919723933479555,1098,-492259.9283685242,0.9704117909230988,1148,387835.7665776743,1.039887783755965,724,1370134.5258314903,1.1726062373166541,706,-2467162.7383383927,-4225133.030747557,1757970.2924091646,13,-1177964.6769422877,-5888446.065760393,40.0,-1.5,800000000.0,4.5,0.0,4.0,5,0.0
4589,-1527341.9366435865,0.8295261581905473,1074,850679.1701846921,1.0965695168561247,1204,-352870.1278550943,0.9566068694343056,1126,1031167.0460649703,1.1344133389362125,1185,1634.1517509820405,-676662.7664588944,678296.9182098759,15,-708581.6454912418,-1152319.180460518,40.0,-3.0,2000000000.0,3.0,3.0,2.0,2,50.0
4589,-1527341.9366435865,0.8295261581905473,1074,844679.1701846921,1.0958883939117237,1204,-352675.1278550943,0.9566308489661287,1126,1029103.0460649703,1.134144295106095,1185,-6234.8482490179595,-682662.7664588944,676427.9182098759,15,-708581.6454912418,-1160188.180460518,40.0,-3.0,2000000000.0,3.0,3.0,2.0,2,0.0
3980,-1558000.3842431842,0.8342495244409595,964,970836.7252325922,1.1062825101346458,1072,-271192.6702128699,0.9660065135149601,941,1293099.5622523804,1.1670910491548763,1003,434743.23302891874,-587163.659010592,1021906.8920395105,15,-757360.3800366847,-854960.0982910811,40.0,-3.0,2000000000.0,3.0,3.0,2.0,3,50.0
3975,-1573332.383352785,0.8322753059586669,963,968676.7252325919,1.1062827061217397,1069,-266897.67022286996,0.966540689550741,940,1278235.5622523804,1.1649784978038773,1003,406682.233909318,-604655.658120193,1011337.8920295105,15,-757360.3800366847,-883021.0974106819,40.0,-3.0,2000000000.0,3.0,3.0,2.0,3,0.0
3500,-1163682.8924543425,0.8781661926819843,877,665322.9159650264,1.0667071148786837,966,-904150.281919568,0.8942698597031249,825,1329026.4574373304,1.1790839297177589,832,-73483.80097155378,-498359.9764893161,424876.1755177624,14,-635453.2794147197,-1445187.1322915535,40.0,-3.0,2000000000.0,3.0,3.0,2.0,5,50.0
3494,-1076320.8924543425,0.8867312930263462,876,624092.9156350263,1.0626368612495414,963,-895347.7148262381,0.895066049821706,824,1366318.4574373304,1.1845826255317988,831,18742.765791776008,-452227.97681931616,470970.7426110923,13,-635453.2794147197,-1352960.5655282238,40.0,-3.0,2000000000.0,3.0,3.0,2.0,5,0.0
4415,-1373225.0403346184,0.8456968095407141,1032,381163.4696624712,1.04177033765961,1162,-476226.36808511254,0.9412433157539234,1080,706983.3134272303,1.089409358313501,1141,-761304.625330029,-992061.5706721472,230756.9453421178,11,-715648.8613510183,-1843407.9575415289,40.0,-3.0,2000000000.0,3.0,3.0,3.0,2,50.0
4415,-1373225.0403346184,0.8456968095407141,1032,375163.4696624712,1.0411128191776327,1162,-476031.36808511254,0.9412673748027199,1080,704919.3134272303,1.0891483324702396,1141,-769173.625330029,-998061.5706721472,228887.9453421178,11,-715648.8613510183,-1851276.9575415289,40.0,-3.0,2000000000.0,3.0,3.0,3.0,2,0.0
3687,-1269384.997984395,0.8666149252193879,896,536546.9153668442,1.0583589313987185,997,-33513.92012537163,0.9956862306433563,878,1175687.6077480998,1.155930214901242,916,409335.6050051772,-732838.0826175507,1142173.6876227283,13,-740252.9641693336,-757172.7272063228,40.0,-3.0,2000000000.0,3.0,3.0,3.0,3,50.0
3683,-1307464.997984395,0.862757747944656,896,543056.9153668442,1.0592539755631587,994,-42418.920135371765,0.9945393140140902,877,1160823.6077480998,1.153775262696741,916,353996.604995177,-764408.0826175507,1118404.687612728,13,-740252.9641693336,-812511.727216323,40.0,-3.0,2000000000.0,3.0,3.0,3.0,3,0.0
3058,-1819525.8260658183,0.8233828425064065,783,963233.1367480481,1.0996565165448207,852,-299820.91531666747,0.9621565702166954,705,1005845.0675121502,1.1400151019545548,718,-150268.53712228732,-856292.6893177702,706024.1521954827,13,-651249.0493332697,-1465968.5364622874,40.0,-3.0,2000000000.0,3.0,3.0,3.0,5,50.0
3053,-1788441.8260658183,0.8262179132425396,783,982292.1364180478,1.1019935628181348,849,-385987.2481533377,0.9515222981348125,704,1052659.0675121504,1.1471166781156312,717,-139477.87028895796,-806149.6896477705,666671.8193588126,12,-651249.0493332697,-1455177.869628958,40.0,-3.0,2000000000.0,3.0,3.0,3.0,5,0.0
4377,-1520848.0040967073,0.829969145478323,1023,564519.5341782514,1.0617911311492365,1150,-458857.65434359194,0.9427258825450845,1068,735430.58028715,1.0930402492311455,1136,-679755.5439748976,-956328.4699184559,276572.92594355805,13,-620511.6093172375,-1761858.8761863974,40.0,-3.0,2000000000.0,3.0,3.0,4.0,2,50.0
4377,-1520848.0040967073,0.829969145478323,1023,558519.5341782514,1.0611343836596476,1150,-464512.65434359194,0.9420200315450159,1068,733366.58028715,1.092779129990852,1136,-693474.5439748976,-962328.4699184559,268853.92594355805,13,-620511.6093172375,-1775577.8761863974,40.0,-3.0,2000000000.0,3.0,3.0,4.0,2,0.0
3581,-1135380.9839159844,0.8754965299469879,863,535842.1822539491,1.0579897282015984,975,-172268.42849498912,0.9779735025816799,851,1332808.9964726698,1.182126904222748,892,561001.7663156457,-599538.8016620353,1160540.5679776806,12,-792377.7736214602,-591606.5658958544,40.0,-3.0,2000000000.0,3.0,3.0,4.0,3,50.0
3578,-1215460.9839159844,0.8668611242985762,862,490732.1822539491,1.0531078493092525,974,-167954.52850498923,0.9785223380831041,850,1317944.9964726698,1.1798745377945763,892,425261.6663056455,-724728.8016620353,1149990.4679676807,12,-792377.7736214602,-727346.6659058545,40.0,-3.0,2000000000.0,3.0,3.0,4.0,3,0.0
2849,-1824792.729698475,0.8175670575271817,723,41522.578160078556,1.004083554408592,804,-583616.2620557429,0.9236567350376469,652,1182961.15795728,1.174065243624696,670,-1183925.2556368592,-1783270.1515383965,599344.8959015372,12,-965652.6578078198,-2383108.587408359,40.0,-3.0,2000000000.0,3.0,3.0,4.0,5,50.0
2847,-1842692.729698475,0.8162661200327466,723,15773.578160078614,1.0015523580010504,803,-530006.694962413,0.9304981193023002,652,1239297.15795728,1.1833824795315568,669,-1117628.6885435297,-1826919.1515383963,709290.462994867,12,-965652.6578078198,-2316812.0203150297,40.0,-3.0,2000000000.0,3.0,3.0,4.0,5,0.0
4534,-1520785.0458500234,0.8271332868748248,1061,369617.76137894654,1.0419055671981456,1185,-282227.24459187116,0.9650852728225584,1111,1368057.7254904206,1.1781396961499453,1177,-65336.80357252783,-1151167.284471077,1085830.4808985493,14,-721357.0448517881,-1300995.1346295776,40.0,-3.0,2000000000.0,3.0,5.0,2.0,2,50.0
4532,-1559265.0459420234,0.8230645909134114,1061,370617.76137894654,1.0420189426134443,1185,-225207.2445918712,0.9720590341532511,1109,1350175.2254904206,1.1755916533651203,1177,-63679.3036645276,-1188647.284563077,1124967.9808985493,14,-721357.0448517881,-1307887.6347215774,40.0,-3.0,2000000000.0,3.0,5.0,2.0,2,0.0
3828,-1524728.9689022172,0.8321615642278638,926,910743.6026863256,1.101860127802878,1033,-485811.09331020655,0.9389167042686366,909,1887911.7597494405,1.25418847056819,960,788115.3002233421,-613985.3662158917,1402100.6664392338,14,-852164.5455571703,-593468.0298366577,40.0,-3.0,2000000000.0,3.0,5.0,2.0,3,50.0
3818,-1567960.9672620513,0.8270981443888225,924,872654.1583014384,1.0979464819152631,1029,-479435.35978970653,0.9392972934253849,905,1846171.8597785905,1.248177800764719,960,671429.6910282709,-695306.8089606129,1366736.499988884,14,-868541.2120271702,-712320.306261729,40.0,-3.0,2000000000.0,3.0,5.0,2.0,3,0.0
3253,-1143099.78439117,0.8758777587211066,818,1089002.7556377114,1.1131927215567734,902,-1074493.6442309453,0.8729027307871476,768,1511864.0991956699,1.2090530128899113,765,383273.42621126585,-54097.02875345852,437370.4549647246,13,-901365.3122321597,-1084576.571078734,40.0,-3.0,2000000000.0,3.0,5.0,2.0,5,50.0
3211,-1243555.8078123045,0.8642943441072691,813,866550.0884547405,1.0901540972327037,889,-1217484.2441364054,0.8540195885780473,755,1423455.4331119196,1.1993963162790235,754,-171034.5303820495,-377005.719357564,205971.18897551415,13,-895065.3122321597,-1655059.5276720494,40.0,-3.0,2000000000.0,3.0,5.0,2.0,5,0.0
4364,-1618921.8165745689,0.8168619991322116,1020,157055.21282531053,1.0172932901826315,1145,-504731.2180922894,0.9379625442030428,1067,1016573.6594425406,1.1286857968252222,1132,-950024.1623990068,-1461866.6037492584,511842.4413502512,12,-743025.361111348,-2107182.4934560563,40.0,-3.0,2000000000.0,3.0,5.0,3.0,2,50.0
4363,-1604061.8166665686,0.8179424639520565,1019,158055.21282531053,1.0174033998050473,1145,-436481.21787228936,0.9463512790781984,1067,1005691.1594425406,1.127153682796704,1132,-876796.6622710071,-1446006.6038412582,569209.9415702512,12,-743025.361111348,-2042504.9933280568,40.0,-3.0,2000000000.0,3.0,5.0,3.0,2,0.0
3553,-1127177.421732342,0.8759369784948352,865,709743.6683045381,1.0786246289158226,963,87025.005427659,1.0115139014508154,848,1796498.7450806403,1.2475909955613684,877,1466089.997080495,-417433.753427804,1883523.7505082993,15,-788536.2966731192,170206.66674049525,40.0,-3.0,2000000000.0,3.0,5.0,3.0,3,50.0
3542,-1201138.0264221763,0.8678764710079095,863,678065.8904096514,1.0754360187385443,960,185939.33894815895,1.0250321396547832,842,1770484.9118256401,1.2426660253882842,877,1433352.1147612743,-523072.13601252483,1956424.2507737991,16,-791086.2966731192,134168.78442127444,40.0,-3.0,2000000000.0,3.0,5.0,3.0,3,0.0
2852,-1469983.7590663065,0.8504673772274361,731,819049.8677067205,1.0846635603628028,804,-621512.5842848496,0.9222086705725423,658,1946965.14294294,1.2974463935959009,659,674518.6672985042,-650933.891359586,1325452.5586580904,13,-896178.5156916098,-819247.9968704956,40.0,-3.0,2000000000.0,3.0,5.0,3.0,5,50.0
2824,-1663829.6285378407,0.8306959441938819,727,659059.3520801894,1.0682247022559126,797,-372059.2349891996,0.9522320788977563,648,1959416.6433931398,1.300844983414059,652,582587.1319462885,-1004770.2764576513,1587357.4084039403,13,-889878.5156916098,-927004.5328247112,40.0,-3.0,2000000000.0,3.0,5.0,3.0,5,0.0
4322,-1725877.6679130904,0.8057077702739686,1011,170152.77746437048,1.0186154951698878,1132,-380123.43793626875,0.9521364899489756,1055,1092245.9265738004,1.1383392131212096,1124,-843602.401811188,-1555724.89044872,712122.4886375316,13,-647687.1264842792,-2000760.732868238,40.0,-3.0,2000000000.0,3.0,5.0,4.0,2,50.0
4319,-1701297.6680050902,0.807632904516099,1010,171152.77746437048,1.0187248997617333,1132,-337103.43793626875,0.957509511705783,1053,1081363.4265738004,1.1367945542350841,1124,-785884.9019031881,-1530144.8905407197,744259.9886375316,13,-647687.1264842792,-1951593.232960238,40.0,-3.0,2000000000.0,3.0,5.0,4.0,2,0.0
3447,-936288.5195995847,0.8934145783667886,835,778153.433876053,1.0867802065098287,935,-39578.700949827966,0.9947355187285062,822,1742709.8019254506,1.2431433689476297,855,1544996.015252091,-158135.08572353178,1703131.1009756227,14,-662991.7253350593,240762.68430409115,40.0,-3.0,2000000000.0,3.0,5.0,4.0,3,50.0
3436,-1007988.518239419,0.8853241776113414,832,752403.9894311661,1.0842332587775816,933,-95086.40742932807,0.987308958630737,817,1686499.1351292008,1.2335855030358502,854,1335828.1988916197,-255584.5288082529,1591412.7276998726,13,-634990.7653350595,29094.86738361977,40.0,-3.0,2000000000.0,3.0,5.0,4.0,3,0.0
2657,-1665897.7806829852,0.8263762024066945,676,452696.7404073539,1.046696854592898,748,-375768.1246459298,0.9499702488775618,612,1930646.06713475,1.3032975902237283,621,341676.9022131888,-1213201.0402756312,1554877.9424888203,11,-1149481.2244290598,-1042939.7619788109,40.0,-3.0,2000000000.0,3.0,5.0,4.0,5,50.0
2632,-1928806.1120285192,0.7993742326434489,672,268621.7409394631,1.0276471220565877,741,-193316.95894440007,0.9740684694182642,606,1620958.4007398998,1.2514395817573818,613,-232542.92929355637,-1660184.3710890561,1427641.4417954998,12,-1143181.2244290598,-1640751.260715556,40.0,-3.0,2000000000.0,3.0,5.0,4.0,5,0.0
4528,-1574339.8193856806,0.8215649828345328,1061,438826.7853166711,1.0497478824875124,1183,-374089.2446424037,0.9537208963096651,1110,1375904.3914561204,1.179572976619797,1174,-133697.88725529262,-1135513.0340690096,1001815.1468137167,14,-720760.350659846,-1780147.8830112922,40.0,-3.0,2000000000.0,3.0,0.0,2.0,2,50.0
4526,-1666919.8194756808,0.811396495675265,1061,439826.7853166711,1.0498612481346243,1183,-322819.2446424037,0.9599485287181908,1108,1364104.3914561204,1.1778101447326266,1174,-185807.88734529307,-1227093.0341590098,1041285.1468137167,14,-720760.350659846,-1832257.8831012927,40.0,-3.0,2000000000.0,3.0,0.0,2.0,2,0.0
3801,-1692093.0126517992,0.8133857189973888,920,973000.4851103504,1.1091638142193225,1030,-514260.06425743893,0.935038504475589,901,1570519.9266918404,1.2131288193947591,950,337167.3348929527,-719092.5275414488,1056259.8624344014,13,-850085.5480670857,-1462006.7345088972,40.0,-3.0,2000000000.0,3.0,0.0,2.0,3,50.0
3764,-1847566.725965082,0.7959749416850456,917,980991.3736422636,1.1106947942692489,1021,-531563.6141969393,0.9314292373756551,889,1937068.458764101,1.2699512008524172,937,538929.4922443433,-866575.3523228184,1405504.8445671615,12,-888512.2145370857,-1530695.5042961568,40.0,-3.0,2000000000.0,3.0,0.0,2.0,3,0.0
3186,-1350181.0807423969,0.8517426585596449,806,1207331.5595099116,1.1266813723024642,884,-910216.8386204476,0.8898845044825162,755,1492389.24117122,1.213098120308553,741,439322.88131828746,-142849.5212324853,582172.4025507725,12,-842218.9788435597,-1608523.7823087124,40.0,-3.0,2000000000.0,3.0,0.0,2.0,5,50.0
3082,-1544455.275238749,0.827506727594583,788,977040.7470522568,1.1030016665294724,856,-1145091.290068558,0.8566857417774435,720,1413634.9068339402,1.205625192006368,718,-298870.91142111016,-567414.5281864923,268543.61676538223,13,-890696.8320435598,-2809434.42230321,40.0,-3.0,2000000000.0,3.0,0.0,2.0,5,0.0
4357,-1777092.895368278,0.7996085891637532,1020,127872.57066958532,1.014076735174168,1143,-681088.2181428219,0.9165708904414487,1065,1003114.4921448405,1.1273204923672961,1129,-1327194.0506966733,-1649220.3246986927,322026.2740020186,11,-718162.6944463481,-2929544.046452673,40.0,-3.0,2000000000.0,3.0,0.0,3.0,2,50.0
4356,-1776432.895458278,0.7990221604415901,1019,128872.57066958532,1.0141868192610088,1143,-597238.2179228219,0.9268419987479677,1065,998314.4921448405,1.126557044028269,1129,-1246484.050566674,-1647560.3247886926,401076.27422201866,11,-718162.6944463481,-2848834.0463226736,40.0,-3.0,2000000000.0,3.0,0.0,3.0,2,0.0
3526,-1184179.1697179452,0.8693086764310904,860,660563.0514728184,1.0739210204950116,957,3770.0633986592293,1.0005011388224594,841,1611613.9103674397,1.2239251747803226,868,1091767.855520972,-523616.1182451268,1615383.973766099,14,-791457.2991330345,-759156.2135128777,40.0,-3.0,2000000000.0,3.0,0.0,3.0,3,50.0
3494,-1427201.4893612275,0.843224382169365,857,735370.9391947316,1.082703747660739,948,163522.630785159,1.0225190289000536,828,1930455.57597904,1.2702794102970743,861,1402147.6565977028,-691830.5501664958,2093978.206764199,15,-816057.2991330345,-691077.3388897975,40.0,-3.0,2000000000.0,3.0,0.0,3.0,3,0.0
2795,-1687131.6243258517,0.8259437841584005,718,826678.9214644486,1.0863792431258947,793,-705070.2787942318,0.9103967402558063,643,1627393.1188407904,1.2511577503696205,641,61870.13718515518,-860452.7028614031,922322.8400465585,12,-860620.5162435098,-2011326.5276298446,40.0,-3.0,2000000000.0,3.0,0.0,3.0,5,50.0
2710,-1555247.3685920145,0.8361229466262442,706,524124.2068817315,1.0557519756402955,764,-440040.0528092324,0.9409357387907624,619,1814216.7177957902,1.2847410403658537,621,343053.5032762748,-1031123.161710283,1374176.6649865578,10,-841415.8492355099,-2184510.0076058256,40.0,-3.0,2000000000.0,3.0,0.0,3.0,5,0.0
4315,-1811182.4414487474,0.7964482340643043,1011,141290.13530864537,1.01545358539484,1130,-549585.4379868013,0.9311196418757586,1053,1025891.7592761004,1.1302319804355139,1121,-1193585.984850803,-1669892.306140102,476306.3212892992,12,-659547.1267766791,-2795935.9806068027,40.0,-3.0,2000000000.0,3.0,0.0,4.0,2,50.0
4312,-1800802.4415387476,0.7967265840812574,1010,142290.13530864537,1.0155629602309608,1130,-512635.4379868013,0.9356845420181192,1051,1021091.7592761003,1.129464868335727,1121,-1150055.9849408031,-1658512.3062301022,508456.321289299,12,-659547.1267766791,-2752405.980696803,40.0,-3.0,2000000000.0,3.0,0.0,4.0,2,0.0
3418,-1150318.0724917396,0.8691262632815561,828,620910.6511392522,1.0694948876331645,929,-199269.74242642772,0.9734738001655293,815,1545519.1340895002,1.2158871756519236,846,816841.9703105848,-529407.4213524874,1346249.3916630724,13,-663314.7192045869,-1033275.4328032652,40.0,-3.0,2000000000.0,3.0,0.0,4.0,3,50.0
3389,-1316701.2739759027,0.8509896195867035,825,632589.8723111657,1.0705884329747546,923,-197810.515261928,0.9731853310150071,802,1853997.7991135004,1.2632839501703905,839,972075.8821868354,-684111.401664737,1656187.2838515723,13,-683181.3859545869,-1042399.1133006648,40.0,-3.0,2000000000.0,3.0,0.0,4.0,3,0.0
2609,-1771869.8131822299,0.8113540354916393,663,776796.649446974,1.0817589414748048,738,-625794.845624412,0.9169903141328546,601,1827758.7094146006,1.2940673113705246,607,206890.70005493285,-995073.1637352558,1201963.8637901887,14,-1124952.2246885598,-1750687.6323950673,40.0,-3.0,2000000000.0,3.0,0.0,4.0,5,50.0
2534,-2124462.240789888,0.7730173518806004,654,757825.0394093461,1.0813385854498274,713,-565076.384811532,0.9221487948842072,581,1734340.7083309998,1.2797055447366932,586,-197372.87786107406,-1366637.201380542,1169264.3235194678,11,-1134891.2644805599,-2641136.3887431743,40.0,-3.0,2000000000.0,3.0,0.0,4.0,5,0.0
6551,-2569121.520169583,0.8384749776729722,1713,726695.1339465464,1.0464312265002458,1899,-1046700.0761646628,0.9085201101977027,1464,960929.8942175225,1.0925201774798006,1475,-1928196.5681701775,-1842426.3862230368,-85770.18194714037,16,-1278036.9350596226,-3128247.1206446337,40.0,-3.0,2000000000.0,4.5,3.0,2.0,2,50.0
6550,-2569121.520169583,0.8384749776729722,1713,725195.1339465462,1.0463487122340172,1898,-1046505.0761646628,0.9085371528815791,1464,958865.8942175226,1.0923214515920252,1475,-1931565.5681701775,-1843926.3862230368,-87639.18194714026,16,-1278036.9350596226,-3131616.1206446337,40.0,-3.0,2000000000.0,4.5,3.0,2.0,2,0.0
5648,-2142740.9934317246,0.868684893194313,1539,496226.1061729612,1.031891928372772,1664,-955149.9338516495,0.9123363426564394,1213,1330269.1470938246,1.1299017323055238,1232,-1271395.6740165888,-1646514.8872587634,375119.21324217506,15,-1097674.6464503217,-2642454.004426589,40.0,-3.0,2000000000.0,4.5,3.0,2.0,3,50.0
5648,-2158592.9925413253,0.8675573584393137,1538,431869.2871265976,1.0276702809270017,1665,-954219.4338516495,0.9124217439429465,1213,1315405.1470938246,1.1283374618861852,1232,-1365537.9921725537,-1726723.7054147278,361185.71324217506,15,-1097674.6464503217,-2736596.3225825536,40.0,-3.0,2000000000.0,4.5,3.0,2.0,3,0.0
4961,-2323816.954207086,0.8586794085337526,1416,6035.356375479023,1.0003731188677385,1491,-1153902.233780088,0.8931213976195415,1029,560612.8923849842,1.0567430802753879,1025,-2911070.939226712,-2317781.597831607,-593289.3413951037,13,-1008695.8922908303,-4234579.269636712,40.0,-3.0,2000000000.0,4.5,3.0,2.0,5,50.0
4955,-2216694.954207087,0.8646276256464891,1414,-36928.31009580125,0.9977121522824647,1488,-1161024.6666867584,0.8922720873056189,1028,667468.8923849841,1.067762417763394,1025,-2747179.038604661,-2253623.264302888,-493555.77430177433,13,-1008695.8922908303,-4070687.369014661,40.0,-3.0,2000000000.0,4.5,3.0,2.0,5,0.0
6204,-2099558.584636208,0.8682642627768351,1622,311774.50186163257,1.019581656752895,1790,-613021.2909287638,0.9458157579072369,1394,833915.610156633,1.0799895229853798,1398,-1566889.7635467066,-1787784.0827745756,220894.31922786916,13,-1067256.5525593574,-2840790.316521163,40.0,-3.0,2000000000.0,4.5,3.0,3.0,2,50.0
6203,-2099558.584636208,0.8682642627768351,1622,340222.50186163257,1.0214055641099977,1790,-612826.2909287639,0.945832993731448,1394,802331.6104518331,1.076959972945079,1397,-1569830.7632515067,-1759336.0827745756,189505.3195230692,13,-1067256.5525593574,-2843731.3162259627,40.0,-3.0,2000000000.0,4.5,3.0,3.0,2,0.0
5138,-1531893.7450870138,0.90814339942503,1400,31654.381872038823,1.0019977647494092,1518,-591035.0310761227,0.9454890091840582,1115,1802306.372445712,1.1886819631842926,1105,-288968.0218453859,-1500239.363214975,1211271.3413695893,14,-823561.4116965996,-1668776.3530953857,40.0,-3.0,2000000000.0,4.5,3.0,3.0,3,50.0
5136,-1599413.7450870136,0.9041521858394811,1399,40054.38187203882,1.002527903798179,1518,-492594.0310761226,0.9544176220421954,1115,1757922.372740912,1.1838622035336912,1104,-294031.02155018575,-1559359.3632149748,1265328.3416647895,14,-823561.4116965996,-1673839.3528001856,40.0,-3.0,2000000000.0,4.5,3.0,3.0,3,0.0
4259,-2946690.905456437,0.8317264707755866,1232,-461479.1816575638,0.9716756037791121,1280,-1253196.4659934759,0.8835307177647066,882,298788.6031079283,1.0313706297725715,865,-4362577.9499995485,-3408170.0871140007,-954407.8628855476,11,-1090697.2356465203,-5660108.5029740045,40.0,-3.0,2000000000.0,4.5,3.0,3.0,5,50.0
4255,-2885966.905456437,0.8348126937673597,1231,-421500.181657564,0.9740882071419272,1279,-1352582.298830146,0.8748549805365374,881,275962.60340312833,1.0289389604062593,864,-4384086.782541018,-3307467.0871140007,-1076619.6954270178,11,-1090697.2356465203,-5681617.335515474,40.0,-3.0,2000000000.0,4.5,3.0,3.0,5,0.0
6081,-2959920.740685183,0.8211252186425233,1579,131851.1024443563,1.0081833143915901,1756,-212290.6869153428,0.9806690529305572,1366,782278.6931475424,1.0745834648725558,1380,-2258081.6320086266,-2828069.638240827,569988.0062321996,11,-1470994.3014045274,-3533982.184483083,40.0,-3.0,2000000000.0,4.5,3.0,4.0,2,50.0
6079,-2959920.740685183,0.8211252186425233,1579,130351.10244435631,1.0080924773293474,1755,-217945.6869153428,0.9801541151004238,1366,750694.6934427423,1.0715722053902865,1379,-2296820.6317134276,-2829569.638240827,532749.0065273995,11,-1470994.3014045274,-3572721.1841878835,40.0,-3.0,2000000000.0,4.5,3.0,4.0,2,0.0
4904,-1968230.7832905627,0.8814439645451031,1325,-83022.5935870739,0.9947802002155939,1457,-525442.7903604694,0.9512898945759329,1064,1529760.0462229925,1.1619080022163881,1058,-1046936.121015114,-2051253.3768776366,1004317.2558625231,16,-966652.7671730197,-2359044.4522651136,40.0,-3.0,2000000000.0,4.5,3.0,4.0,3,50.0
4901,-2048830.783290563,0.8766633293317226,1324,-114617.59358707379,0.9927936222033072,1456,-392593.89037046954,0.9634696247332977,1064,1485376.0465181926,1.1570608437304557,1057,-1070666.2207299136,-2163448.3768776366,1092782.156147723,15,-966652.7671730197,-2382774.5519799134,40.0,-3.0,2000000000.0,4.5,3.0,4.0,3,0.0
3927,-3369091.7329368684,0.8063233266319347,1115,-335255.63717766665,0.9793030680997595,1196,-848934.9229366723,0.9175394036450533,814,724424.7582471245,1.0800406829352787,802,-3828857.5348040825,-3704347.370114535,-124510.16468954785,12,-1586980.9315601005,-5155262.533234082,40.0,-3.0,2000000000.0,4.5,3.0,4.0,5,50.0
3920,-3347471.7329368684,0.8074231494964899,1114,-277108.97036886634,0.9827806983824436,1191,-842301.3558433425,0.9181129588641086,814,748940.7585423244,1.083077925607845,801,-3717941.3006067527,-3624580.703305735,-93360.59730101808,12,-1586980.9315601005,-5044346.299036752,40.0,-3.0,2000000000.0,4.5,3.0,4.0,5,0.0
6391,-2269264.9510833784,0.8558405667169228,1674,286882.8805664021,1.0186274881120818,1843,-722471.8940578292,0.9357187088591505,1432,1364487.7490223704,1.13306261386838,1442,-1340366.2155524355,-1982382.0705169763,642015.8549645413,13,-963832.4361726227,-2666141.2127664355,40.0,-3.0,2000000000.0,4.5,5.0,2.0,2,50.0
6387,-2360848.2830332126,0.8501670486221993,1673,304982.8803954021,1.0198247443151531,1842,-656446.8940578293,0.9415932242312806,1432,1467814.5820423707,1.143458910105029,1440,-1244497.7146532696,-2055865.4026378104,811367.6879845414,13,-963832.4361726227,-2570272.7118672696,40.0,-3.0,2000000000.0,4.5,5.0,2.0,2,0.0
5334,-1774059.5625637863,0.8882983121805894,1454,-8107.854607721791,0.9994721452161619,1579,-1059872.349026296,0.9015621584703252,1152,2143706.175611864,1.2228052220498642,1149,-698333.5905859396,-1782167.417171508,1083833.8265855678,15,-1049369.2565371199,-2269933.5881759394,40.0,-3.0,2000000000.0,4.5,5.0,2.0,3,50.0
5324,-1770311.562620386,0.8881618760618082,1450,-111736.66409921471,0.9927707425303468,1581,-1088412.3820427961,0.8988759340596537,1148,2249544.675772014,1.2352255120905191,1145,-720915.9329903829,-1882048.2267196006,1161132.293729218,16,-1106381.92286962,-2292515.9305803827,40.0,-3.0,2000000000.0,4.5,5.0,2.0,3,0.0
4448,-1817682.0026149522,0.8846566015612866,1278,439616.67648580845,1.0286540825204138,1330,-1272577.5157338951,0.8772111961151968,926,1799544.4325086735,1.2008120037037113,914,-851098.4093543668,-1378065.3261291436,526966.9167747784,15,-1017068.3233913797,-2488448.4069443666,40.0,-3.0,2000000000.0,4.5,5.0,2.0,5,50.0
4398,-1912575.0022574523,0.877914001016156,1269,376114.8421125073,1.0245753026004207,1321,-1229192.8484190754,0.8790656529821876,910,1837024.1990887437,1.209074407062656,898,-928628.8094752769,-1536460.1601449451,607831.3506696683,15,-971519.6564047297,-2575378.8070652764,40.0,-3.0,2000000000.0,4.5,5.0,2.0,5,0.0
6077,-1558712.2631468019,0.9004650422911181,1586,399408.38966653636,1.0253438826670669,1754,-498552.6085634706,0.9558670971984682,1367,1288481.897736791,1.125121932011154,1370,-369374.584306945,-1159303.8734802655,789929.2891733204,12,-884955.3294217904,-1816899.5815209448,40.0,-3.0,2000000000.0,4.5,5.0,3.0,2,50.0
6072,-1600705.595350736,0.8976173396332128,1584,434856.38966653636,1.0276416778866402,1754,-432527.6085634706,0.9617117660607316,1367,1149319.7314687911,1.1113226359093493,1367,-449057.082778879,-1165849.2056841997,716792.1229053205,12,-884955.3294217904,-1864882.0799928787,40.0,-3.0,2000000000.0,4.5,5.0,3.0,2,0.0
4867,-1554642.2800554303,0.904707310151458,1323,-252230.0449439561,0.9839434304861975,1443,-480034.6664044912,0.9542034956773046,1059,2388275.75364447,1.2557202446037667,1042,101368.76224059239,-1806872.3249993864,1908241.0872399788,14,-866471.287016487,-1411822.9015814075,40.0,-3.0,2000000000.0,4.5,5.0,3.0,3,50.0
4852,-1552195.05288743,0.9045123138080294,1318,-121273.82306579285,0.9922644282588846,1442,-506546.3330729912,0.9518555292843346,1055,2302574.92080647,1.24584667348679,1037,122559.71178025706,-1673468.8759532229,1796028.5877334788,15,-863621.287016487,-1390631.9520417429,40.0,-3.0,2000000000.0,4.5,5.0,3.0,3,0.0
3826,-2458262.9832607387,0.8525716461308124,1100,-792442.4030079137,0.9508535064913082,1158,-1232323.8053559838,0.8787620275896472,789,2080153.921521588,1.2437398925732674,779,-2402875.2701030476,-3250705.3862686525,847830.1161656042,12,-1065819.0812220138,-4085800.2686030474,40.0,-3.0,2000000000.0,4.5,5.0,3.0,5,50.0
3794,-2533872.982983238,0.8474467342487776,1093,-923103.753563245,0.9425882504009419,1153,-1180308.9707066338,0.8836517555051636,782,2080513.7546218678,1.249156281063865,766,-2556771.952631249,-3456976.736546483,900204.783915234,11,-1065819.0812220138,-4246346.951131249,40.0,-3.0,2000000000.0,4.5,5.0,3.0,5,0.0
5960,-1856193.4060780886,0.8842310290730573,1547,112833.11703602027,1.0070315632982356,1721,87488.63162499049,1.0080506190888796,1340,1222096.9801955305,1.1178528164477688,1352,-433774.6772215469,-1743360.2890420682,1309585.6118205208,13,-932612.9686039402,-1893399.6744355466,40.0,-3.0,2000000000.0,4.5,5.0,4.0,2,50.0
5953,-1981416.7383667224,0.8767754225619082,1545,118333.11703602027,1.0073763822920545,1720,81228.63162499032,1.0074510898587947,1339,1161415.8139275305,1.1125695211717939,1349,-620439.1757781808,-1863083.6213307022,1242644.445552521,12,-932612.9686039402,-2049864.1729921806,40.0,-3.0,2000000000.0,4.5,5.0,4.0,2,0.0
4658,-2308025.858453804,0.8612194784856617,1258,152634.8494785055,1.0097091774513096,1381,-600780.0610726884,0.9422057573356646,1014,1809345.80918278,1.1967065659435245,1005,-946825.2608652073,-2155391.0089752986,1208565.7481100918,15,-1056342.13031086,-2393816.924687207,40.0,-3.0,2000000000.0,4.5,5.0,4.0,3,50.0
4644,-2217249.8585508037,0.8657840389030241,1252,97023.55612397828,1.0061521103239468,1380,-591223.0612836888,0.943165357256272,1010,1866634.3094145302,1.2034021093234804,1002,-844815.0542959836,-2120226.3024268253,1275411.2481308414,14,-958102.1302508599,-2291806.7181179835,40.0,-3.0,2000000000.0,4.5,5.0,4.0,3,0.0
3525,-2409329.4493181854,0.8518233623807757,1005,-104940.64966164599,0.9933062999272635,1067,-852573.2674838896,0.9124096177273535,731,2042051.8800038241,1.2488548072438947,722,-1324791.4864598967,-2514270.0989798317,1189478.6125199345,10,-1310954.5148252996,-2942571.4857998965,40.0,-3.0,2000000000.0,4.5,5.0,4.0,5,50.0
3492,-2608530.1150531857,0.8392801384140447,998,-329625.83345025673,0.9790112749375858,1061,-736149.60048214,0.9235305491617495,722,2036156.0462151342,1.2530136194835346,711,-1638149.502770448,-2938155.9485034426,1300006.4457329942,10,-1310954.5148252996,-3265329.502110448,40.0,-3.0,2000000000.0,4.5,5.0,4.0,5,0.0
6367,-2404640.063182206,0.8467519326170633,1663,233070.995680678,1.0151163740068923,1838,-698079.727645862,0.9378850561663834,1430,1267520.7481401907,1.1240018287025726,1436,-1602128.0470071994,-2171569.0675015277,569441.0204943287,13,-1072123.9295597665,-3569328.0446501994,40.0,-3.0,2000000000.0,4.5,0.0,2.0,2,50.0
6362,-2524242.2841077363,0.8392851447145837,1662,229170.99550967803,1.0148799329719105,1837,-654479.727645862,0.9417645722787888,1430,1387705.4145051907,1.1362703515586277,1433,-1561845.6017387293,-2295071.2885980583,733225.6868593286,13,-1053773.9295597665,-3529045.599381729,40.0,-3.0,2000000000.0,4.5,0.0,2.0,2,0.0
5238,-2227666.0426185387,0.8582045792140439,1416,-434957.50765845226,0.9716784665805634,1560,-876864.3097623289,0.9176310118216879,1133,2185473.907731994,1.2332715311457356,1129,-1354013.9523073258,-2662623.550276991,1308609.5979696652,12,-1078654.2563901197,-3679063.950123326,40.0,-3.0,2000000000.0,4.5,0.0,2.0,3,50.0
5193,-2166828.314421179,0.8602796053141396,1404,-391292.00379895675,0.9744595758651402,1552,-887556.3764367289,0.9159172268005492,1122,2661496.4780069343,1.2891398022662688,1115,-784180.2166499298,-2558120.3182201358,1773940.1015702053,13,-1163187.78935452,-3368421.8789899303,40.0,-3.0,2000000000.0,4.5,0.0,2.0,3,0.0
4240,-2123994.056985766,0.860440017849232,1209,-543305.349190062,0.9644094195636844,1281,-604238.9934824778,0.9392448078794404,889,1476305.7896036147,1.1748385048406778,861,-1795232.6100546916,-2667299.406175828,872066.7961211369,13,-1084256.9089688403,-4352482.608874692,40.0,-3.0,2000000000.0,4.5,0.0,2.0,5,50.0
4094,-2004210.2901337268,0.8641828615860263,1172,-404967.3075242506,0.9728981285813184,1246,-549269.9905159279,0.9435213113138669,853,1141803.3434360344,1.140208063445689,823,-1816644.2447378712,-2409177.5976579776,592533.3529201065,11,-1031039.0902252583,-4653374.423178472,40.0,-3.0,2000000000.0,4.5,0.0,2.0,5,0.0
6053,-1565812.0748937223,0.8996624078324376,1577,538585.5207162129,1.034049097109337,1745,-632992.7336715034,0.9440971185523321,1365,966616.0299542911,1.093610610225219,1366,-693603.2578947215,-1027226.5541775094,333623.2962827877,13,-798514.0797141904,-2923911.584492971,40.0,-3.0,2000000000.0,4.5,0.0,3.0,2,50.0
6047,-1595924.2960733532,0.8975660188308012,1575,552033.5207162127,1.034960379665541,1745,-589392.7336715034,0.9479476613808114,1365,840032.6969642909,1.0813262233341523,1362,-793250.8120643526,-1043890.7753571405,250639.96329278755,12,-798514.0797141904,-3002659.1386626023,40.0,-3.0,2000000000.0,4.5,0.0,3.0,2,0.0
4789,-2132120.2225023396,0.8698267127874627,1297,-656127.3732260109,0.9582097425543019,1421,-347506.2000463914,0.9664039237966185,1045,2444402.60027619,1.2678346468226074,1026,-691351.1954985526,-2788247.595728351,2096896.4002297984,13,-979563.8309573048,-3096984.5239975527,40.0,-3.0,2000000000.0,4.5,0.0,3.0,3,50.0
4748,-2177593.76652438,0.866688032891443,1292,-409115.7629111077,0.973653203391773,1413,-315561.8332648914,0.9694277883746649,1036,3135639.9032923896,1.3486438047019553,1007,233368.54059201153,-2586709.529435488,2820078.070027498,14,-967588.8306836048,-2395864.7869239883,40.0,-3.0,2000000000.0,4.5,0.0,3.0,3,0.0
3645,-2054205.741202666,0.8700409408951656,1037,-1368156.037160297,0.9136160242338323,1114,-770332.2069180862,0.9203466658774818,758,1540139.0636958377,1.1896763389750302,736,-2652554.921585211,-3422361.778362963,769806.8567777516,12,-994681.8315329937,-5261838.248569211,40.0,-3.0,2000000000.0,4.5,0.0,3.0,5,50.0
3539,-1646837.7079965868,0.8931278568314491,1016,-1425359.0453663182,0.9082496358402532,1085,-320777.01253586594,0.9661353720263999,730,1095761.6864983463,1.1393523289356502,708,-2297212.079400425,-3072196.7533629052,774984.6739624804,9,-913414.1647957137,-5342767.253393025,40.0,-3.0,2000000000.0,4.5,0.0,3.0,5,0.0
5938,-2105965.9074030668,0.8690461874099854,1538,186294.24734089687,1.0116127615785655,1714,-186392.41848304195,0.9829272773290263,1338,1235233.8123550306,1.1192592158457837,1348,-870830.2661901817,-1919671.66006217,1048841.3938719886,12,-888491.3301870382,-3055338.592788432,40.0,-3.0,2000000000.0,4.5,0.0,4.0,2,50.0
5930,-2226308.128667398,0.8619589116486467,1536,169794.24734089687,1.0105871941805096,1713,-198402.41848304193,0.9818840633316114,1337,1194852.4793650308,1.1162952418791792,1344,-1060063.820444512,-2056513.881326501,996450.0608819888,13,-888491.3301870382,-3222072.1470427616,40.0,-3.0,2000000000.0,4.5,0.0,4.0,2,0.0
4585,-2670124.4497393416,0.8376874759163452,1231,-334074.35275513097,0.9786162625620741,1360,-743002.3195917883,0.9281400746480769,1002,2091255.8059324299,1.2287558941074503,992,-1655945.316153832,-3004198.802494473,1348253.4863406415,14,-1126870.8790679101,-4051678.6446528323,40.0,-3.0,2000000000.0,4.5,0.0,4.0,3,50.0
4548,-2630941.8747390416,0.8385126974219909,1223,-257593.66616555012,0.9834778077799413,1355,-783943.7194230885,0.9243438769251582,994,3014587.70888043,1.3391690691675033,976,-657891.55144725,-2888535.540904592,2230643.989457342,13,-1020447.54575791,-3306924.8789632497,40.0,-3.0,2000000000.0,4.5,0.0,4.0,3,0.0
3371,-2653775.386054074,0.8342191063280386,957,-480391.250918314,0.9685224205606147,1023,-805804.3023677539,0.913660581001133,698,1198290.6225846745,1.145103555654768,693,-2741680.316755466,-3134166.636972388,392486.3202169206,11,-1089233.5981355016,-5331763.644908466,40.0,-3.0,2000000000.0,4.5,0.0,4.0,5,50.0
3272,-2590826.918640188,0.8341445261294944,937,-578272.8167601215,0.9612518385944748,992,-492605.633329154,0.9461843089279866,675,740471.8625184983,1.0924415497633395,668,-2921233.506210966,-3169099.7354003093,247866.22918934433,8,-1008427.9310315016,-5995688.681547566,40.0,-3.0,2000000000.0,4.5,0.0,4.0,5,0.0
5950,-2260202.8346789028,0.817639689916542,1491,71871.06711037357,1.0057551747080264,1660,-649662.6306309309,0.9346808667402065,1373,1026702.7320294405,1.112104784657947,1426,-1811291.6661700192,-2188331.767568529,377040.1013985096,11,-999874.7146130118,-2909819.998381519,40.0,-3.0,800000000.0,3.0,3.0,2.0,2,50.0
5949,-2260202.8346789028,0.817639689916542,1491,130816.06711037357,1.0105006874843383,1659,-676393.6306309309,0.9319932475531957,1373,1056708.7320294406,1.1156313550171197,1426,-1749071.6661700192,-2129386.767568529,380315.1013985097,11,-999874.7146130118,-2847599.998381519,40.0,-3.0,800000000.0,3.0,3.0,2.0,2,0.0
4999,-1618872.8238456838,0.869769569972509,1296,720295.9517058203,1.059171107358374,1436,-306505.586746589,0.9672792916257431,1107,1574045.33984976,1.1766933983846886,1160,368962.8809633076,-898576.8721398636,1267539.753103171,13,-802435.597562971,-807545.4511966922,40.0,-3.0,800000000.0,3.0,3.0,2.0,3,50.0
4995,-1638204.8229552843,0.8682064744416942,1296,653955.9517058204,1.0537213873469562,1435,-316910.5867565889,0.9661946800763348,1105,1575197.33984976,1.17696208652214,1159,274037.8818437073,-984248.8712494639,1258286.7530931712,13,-802435.597562971,-902470.4503162925,40.0,-3.0,800000000.0,3.0,3.0,2.0,3,0.0
4250,-1522192.1320034082,0.8794634430248921,1151,553509.4237531805,1.0438293960912548,1236,-520854.0249926154,0.9453193993079191,932,1637953.7262513607,1.1999040069214308,931,148416.9930085173,-968682.7082502276,1117099.7012587453,14,-666031.5210034706,-1182376.5230944045,40.0,-3.0,800000000.0,3.0,3.0,2.0,5,50.0
4238,-1541112.1311130088,0.8776686263782949,1148,574726.4237531807,1.045695431845096,1232,-494647.3578992857,0.9478015234952079,929,1649553.3927883604,1.2016177455278017,929,188520.3275292467,-966385.7073598282,1154906.0348890747,14,-666031.5210034706,-1142273.1885736752,40.0,-3.0,800000000.0,3.0,3.0,2.0,5,0.0
5707,-2064550.633749521,0.8372314446229128,1439,-256697.8888020583,0.9796293005699115,1590,-404307.8921916744,0.95895625685227,1314,861310.17254667,1.0929763097080105,1364,-1864246.2421965841,-2321248.5225515794,457002.2803549956,9,-976768.80095553,-3034874.574408084,40.0,-3.0,800000000.0,3.0,3.0,3.0,2,50.0
5707,-2064550.633749521,0.8372314446229128,1439,-257922.8888020583,0.9795466154662266,1590,-431038.8921916744,0.9562426311247717,1314,864946.17254667,1.09342629223019,1364,-1888566.2421965841,-2322473.5225515794,433907.2803549956,9,-976768.80095553,-3059194.574408084,40.0,-3.0,800000000.0,3.0,3.0,3.0,2,0.0
4612,-1249726.0878758738,0.8996061130587241,1203,186797.9178269872,1.0153644456463715,1313,-158118.82600553916,0.9831475332809945,1035,1477218.6961625696,1.170084814253994,1061,256171.70010814362,-1062928.1700488867,1319099.8701570304,12,-694279.3554524985,-957673.2992318562,40.0,-3.0,800000000.0,3.0,3.0,3.0,3,50.0
4609,-1248864.0878758738,0.8996108435909994,1203,120457.91782698725,1.0099078680996971,1312,-176123.82601553923,0.9812430356449678,1033,1499915.1961625696,1.1727159539231982,1061,195385.20009814366,-1128406.1700488864,1323791.3701470303,12,-694279.3554524985,-1018459.7992418562,40.0,-3.0,800000000.0,3.0,3.0,3.0,3,0.0
3698,-2282713.1284538587,0.8266287752711851,1016,1257064.0951679058,1.1058019107752584,1070,-572773.9694714139,0.9383537876416502,812,1845981.7876604404,1.2406882443178904,800,247558.78490307275,-1025649.0332859529,1273207.8181890266,14,-623484.2576627772,-1249634.7311998494,40.0,-3.0,800000000.0,3.0,3.0,3.0,5,50.0
3696,-2189353.1283888584,0.8337642537095022,1017,1234939.0954641856,1.1037294016081518,1069,-567951.302378084,0.9386072155834987,810,1848335.45419744,1.2401991241462276,800,325970.1188946832,-954414.0329246728,1280384.151819356,14,-623484.2576627772,-1171223.397208239,40.0,-3.0,800000000.0,3.0,3.0,3.0,5,0.0
5638,-2312292.2511280924,0.8187558350809444,1417,-140271.24147052853,0.9887750230097697,1571,-251640.77664383603,0.9738670642365782,1295,663453.7727992899,1.0710473787582047,1355,-2040750.496443167,-2452563.492598621,411812.99615545385,8,-934239.3219682775,-3178178.8286546674,40.0,-3.0,800000000.0,3.0,3.0,4.0,2,50.0
5638,-2312292.2511280924,0.8187558350809444,1417,-150346.24147052853,0.987985900664953,1571,-278371.77664383606,0.971091045519704,1295,707639.7727992898,1.0760560491943438,1355,-2033370.496443167,-2462638.492598621,429267.99615545373,8,-934239.3219682775,-3170798.8286546674,40.0,-3.0,800000000.0,3.0,3.0,4.0,2,0.0
4445,-1346252.9591929866,0.88847792118149,1151,-465925.75773706066,0.9623631266366326,1271,-211772.8244141963,0.9770610526399083,995,1302351.3630621296,1.1503315946158255,1028,-721600.1782821139,-1812178.7169300471,1090578.5386479334,11,-859397.151791965,-1950845.1776221138,40.0,-3.0,800000000.0,3.0,3.0,4.0,3,50.0
4441,-1345390.9591929866,0.8884754197256619,1151,-528627.5905476258,0.9571417051324392,1269,-229777.82442419667,0.9751303056936885,993,1310787.3630621296,1.1513053697184192,1028,-793009.0111026792,-1874018.5497406125,1081009.5386379329,11,-859397.151791965,-2022254.010442679,40.0,-3.0,800000000.0,3.0,3.0,4.0,3,0.0
3420,-2234523.3908302328,0.827167861698383,930,482673.6386727246,1.0396041454840719,1006,-800951.2038887109,0.9083705731081219,735,1736885.4889257904,1.2327690567842295,749,-815915.4671204293,-1751849.7521575082,935934.2850370795,11,-925362.43223262,-2188808.983223351,40.0,-3.0,800000000.0,3.0,3.0,4.0,5,50.0
3418,-2335743.3905612333,0.820849243090371,931,529556.1530667297,1.0434936325139765,1004,-788386.5370595212,0.9095997887082401,734,1671041.1554627903,1.2231307188644098,749,-923532.6190912339,-1806187.2374945036,882654.6184032691,12,-925362.43223262,-2296426.135194156,40.0,-3.0,800000000.0,3.0,3.0,4.0,5,0.0
5877,-2164333.0053126863,0.8234073522978209,1472,175807.48602172668,1.0142313081242327,1637,-350395.8948740992,0.9646618466800024,1357,1043572.5790854304,1.1136063409190284,1411,-1295348.835079629,-1988525.5192909597,693176.6842113312,12,-1003620.0462948345,-2464308.6807146287,40.0,-3.0,800000000.0,3.0,5.0,2.0,2,50.0
5871,-2230596.3372625206,0.8182629473414958,1472,262827.4860217266,1.0213593157788,1635,-323471.89487409906,0.967312495435452,1356,1158880.0790854304,1.1263411513252297,1408,-1132360.6670294628,-1967768.851240794,835408.1842113313,12,-1003620.0462948345,-2428668.9985394627,40.0,-3.0,800000000.0,3.0,5.0,2.0,2,0.0
4823,-1435517.9846280771,0.8823028781478056,1259,485799.31767067936,1.0407337002404635,1378,-276290.64406654466,0.9700651659830085,1071,1759604.6383353095,1.2043263359411114,1115,533595.327311367,-949718.6669573977,1483313.9942687647,13,-852310.2594972929,-679396.3364086328,40.0,-3.0,800000000.0,3.0,5.0,2.0,3,50.0
4799,-1391276.6520180772,0.8854528358614115,1255,439654.7476301526,1.0370469715553154,1372,-459038.1772960446,0.9503562335378759,1065,1877894.7381660594,1.2209360032577934,1107,467234.65648209,-951621.9043879246,1418856.5608700148,13,-799140.2594972929,-754057.0066299099,40.0,-3.0,800000000.0,3.0,5.0,2.0,3,0.0
3908,-1345513.9213084234,0.8901747017334107,1070,179804.2112508898,1.014703043436838,1138,-75673.86271875544,0.9916325811916935,852,1613188.4308926205,1.2064514077462227,848,371804.8581163313,-1165709.7100575336,1537514.568173865,14,-692142.0315925003,-1089678.4739616686,40.0,-3.0,800000000.0,3.0,5.0,2.0,5,50.0
3847,-1290406.0880009234,0.8935512964114439,1059,36413.7086831741,1.0030161139050913,1121,-113150.02905137575,0.9872287277920798,833,1757172.16837849,1.2286290449078363,834,390029.7600093649,-1253992.3793177493,1644022.1393271142,14,-644602.6462610197,-1069403.5714606347,40.0,-3.0,800000000.0,3.0,5.0,2.0,5,0.0
5636,-2154553.4525025617,0.8287516488214192,1420,-447698.04776860005,0.9645408149068978,1569,-319796.10960158287,0.9680305085835725,1299,905476.4870000998,1.0983101435654954,1348,-2016571.122872645,-2602251.500271162,585680.377398517,11,-1086274.7615503098,-3234180.9685076447,40.0,-3.0,800000000.0,3.0,5.0,3.0,2,50.0
5630,-2170386.784452396,0.8271669261329816,1419,-393045.1306433751,0.9686238823673908,1567,-308116.109601583,0.9691886520925356,1299,1004543.9870000996,1.1090863167552447,1345,-1867004.0376972544,-2563431.915095771,696427.8773985166,12,-1086274.7615503098,-3214663.8833322544,40.0,-3.0,800000000.0,3.0,5.0,3.0,2,0.0
4457,-1316849.3096756055,0.8935709653855644,1166,453691.8790903016,1.038312873738229,1272,-231422.84601748546,0.9749256919046211,1001,1646344.1696373394,1.1945859643286374,1018,551763.8930345502,-863157.4305853039,1414921.323619854,14,-772033.4323825778,-734127.7706854498,40.0,-3.0,800000000.0,3.0,5.0,3.0,3,50.0
4437,-1465035.3322194053,0.8818561878570281,1162,420174.28945280856,1.0355175628954252,1268,-395747.1219414859,0.9573565520473122,994,1602109.3361393393,1.1899986571852064,1013,161501.1714312567,-1044861.0427665968,1206362.2141978533,14,-728303.4323825778,-1126890.4928487432,40.0,-3.0,800000000.0,3.0,5.0,3.0,3,0.0
3424,-1661161.0867814466,0.8680790939101851,937,687217.0974917402,1.05771921218023,1004,-277998.3773237106,0.969178322392737,743,1577728.2244729202,1.2076121954188124,740,325785.8578595028,-973943.9892897063,1299729.8471492096,15,-792490.6170281399,-1275180.807519497,40.0,-3.0,800000000.0,3.0,5.0,3.0,5,50.0
3381,-1881930.4584703469,0.8507226350764338,932,609121.0604455955,1.0516507852979735,993,91055.0384020292,1.0104120665786036,730,2132604.39120047,1.2944214846709081,726,950850.0315777478,-1272809.3980247513,2223659.429602499,15,-714110.61709814,-661516.6338012519,40.0,-3.0,800000000.0,3.0,5.0,3.0,5,0.0
5566,-2002813.8299019719,0.8397568554379082,1399,-365514.83577435906,0.9709379840075693,1550,-99385.20379740436,0.989746658425297,1281,786620.9535035098,1.0853902439957137,1336,-1681092.9159702263,-2368328.665676331,687235.7497061053,10,-974754.9872509501,-2862183.4288552264,40.0,-3.0,800000000.0,3.0,5.0,4.0,2,50.0
5560,-2139241.8299939716,0.8295631385256642,1398,-311581.9186491338,0.9750313874255095,1548,-69751.87058740435,0.9928038608637856,1281,926238.4535035098,1.1008746825292242,1333,-1594337.1657270011,-2450823.7486431054,856486.5829161054,10,-974754.9872509501,-2905613.6786120012,40.0,-3.0,800000000.0,3.0,5.0,4.0,2,0.0
4309,-1329845.8667021825,0.8893049315504702,1117,-206211.03621264978,0.9829137754333401,1233,-128984.46096901572,0.985703111701804,968,1681384.6695494,1.2012564664182372,991,16343.30566555215,-1536056.9029148323,1552400.2085803843,12,-868847.05842767,-1290965.0253044479,40.0,-3.0,800000000.0,3.0,5.0,4.0,3,50.0
4289,-1294653.8667341825,0.8919300016326914,1113,-329825.7461301767,0.9726198052857816,1229,-418433.377458516,0.9538093433595192,959,1758297.16949515,1.2116894600048749,988,-284615.8208277251,-1624479.6128643593,1339863.792036634,11,-825117.05842767,-1594424.152357725,40.0,-3.0,800000000.0,3.0,5.0,4.0,3,0.0
3190,-1870745.8401617964,0.8499140136013346,865,462529.3680273044,1.0387166376336043,944,-284475.0399785376,0.9666850661380231,686,1742047.40022711,1.2380062940013268,695,49355.888114080764,-1408216.472134492,1457572.3602485722,12,-941680.2663916199,-1403994.110002919,40.0,-3.0,800000000.0,3.0,5.0,4.0,5,50.0
3156,-1947839.2127470963,0.8424636790336136,859,261701.6406673357,1.0218009711268354,937,-187075.1230296275,0.9777086189303947,675,1964351.7331233495,1.2739321998180124,685,91139.03801396163,-1686137.5720797605,1777276.6100937221,12,-899720.2664616199,-1378927.6273650383,40.0,-3.0,800000000.0,3.0,5.0,4.0,5,0.0
5866,-2044082.1723982936,0.8335665194412897,1472,162820.49312645433,1.0132089987569077,1630,-420057.06181769905,0.9576929292465184,1357,1048802.5791947804,1.1146155215063869,1407,-1252516.1618947578,-1881261.6792718393,628745.5173770813,12,-1029230.7410367824,-2931966.1588287577,40.0,-3.0,800000000.0,3.0,0.0,2.0,2,50.0
5857,-2137937.7264118246,0.8259104275928191,1471,266740.4931264543,1.0217515397400676,1627,-540401.0618176991,0.9455740756654452,1355,1170192.5791947804,1.1280665948641946,1404,-1241405.7159082892,-1871197.2332853703,629791.5173770813,12,-1029230.7410367824,-3025155.713542289,40.0,-3.0,800000000.0,3.0,0.0,2.0,2,0.0
4791,-1437520.283028718,0.8821921828568624,1253,747369.1700664014,1.063296788026503,1367,-355673.37819454423,0.961184162255946,1064,1465563.8048836596,1.1706144143713826,1107,419739.3137267984,-690151.1129623167,1109890.4266891154,14,-861972.0951572083,-1441194.0187232015,40.0,-3.0,800000000.0,3.0,0.0,2.0,3,50.0
4737,-1516469.4176985577,0.8746092452339463,1244,979916.5145736146,1.0844266721656846,1352,-376492.74482504436,0.9581203755858786,1049,1826994.07043166,1.219055695468187,1092,913948.4224816726,-536552.9031249431,1450501.3256066155,13,-808948.7616772084,-1106976.5748788277,40.0,-3.0,800000000.0,3.0,0.0,2.0,3,0.0
3825,-1342356.6444185767,0.8883471469063134,1051,299850.24575202074,1.024751455405378,1116,68566.72031313847,1.007732242192632,839,1721503.6983937204,1.2303569904546612,819,747564.020040303,-1042506.398666556,1790070.418706859,15,-775139.5131372056,-1417919.3124096966,40.0,-3.0,800000000.0,3.0,0.0,2.0,5,50.0
3677,-1431509.0121816425,0.878883241380645,1022,74684.79150621232,1.006334784682689,1076,-210217.6109810115,0.9756011839742541,800,2041880.8100440404,1.2904810602882455,779,474838.9783875984,-1356824.2206754303,1831663.199063029,14,-750822.3786792057,-2320970.4404945015,40.0,-3.0,800000000.0,3.0,0.0,2.0,5,0.0
5627,-2100358.9248462208,0.8334325907603228,1420,-588415.9712328543,0.9536395109059845,1564,-448155.77655618277,0.9551052004210416,1296,817668.9871094498,1.0885976678506861,1347,-2319261.685525808,-2688774.896079075,369513.21055326704,11,-1090568.7615503098,-3997811.6831598077,40.0,-3.0,800000000.0,3.0,0.0,3.0,2,50.0
5619,-2105714.4788597524,0.8326129559740695,1419,-545984.3038658543,0.9566209061319291,1561,-593727.7765561828,0.9406819484388381,1295,922818.9871094499,1.1000095080417691,1344,-2322607.572172339,-2651698.7827256066,329091.21055326716,12,-1090568.7615503098,-4104557.569806339,40.0,-3.0,800000000.0,3.0,0.0,3.0,2,0.0
4423,-1342307.8748746691,0.8914160242535574,1160,686302.0329910449,1.058490184410728,1260,-296471.0791599854,0.96757666712429,994,1189015.669309189,1.1404098358349013,1009,236538.74826557958,-656005.8418836242,892544.5901492037,14,-746554.3590083951,-1627344.5841844203,40.0,-3.0,800000000.0,3.0,0.0,3.0,3,50.0
4378,-1484044.865594509,0.8800128125807789,1153,922280.0337801978,1.0795170193635943,1249,-33891.45491748559,0.996159465234137,977,1490093.3345571896,1.1817517620139415,999,894437.0478253929,-561764.8318143112,1456201.879639704,15,-734271.0255283951,-1104887.9495351072,40.0,-3.0,800000000.0,3.0,0.0,3.0,3,0.0
3352,-1877917.8506107782,0.8482037123717862,921,898963.5372500789,1.076960711673482,983,-141774.37869961734,0.9840292632545945,730,1487626.3685374202,1.2060279082417031,718,366897.6764771035,-978954.3133606993,1345851.989837803,13,-700743.8165030943,-1847602.3235228965,40.0,-3.0,800000000.0,3.0,0.0,3.0,5,50.0
3231,-1999613.7787808063,0.8353615951248736,899,581582.945390099,1.0504601444958226,951,-351198.9732556696,0.9588402702824874,697,1927865.7672245703,1.2880538791551814,684,158635.96057819296,-1418030.8333907074,1576666.7939689006,13,-675199.6826910943,-2532173.460453907,40.0,-3.0,800000000.0,3.0,0.0,3.0,5,0.0
5555,-1947257.997387579,0.8443885771278307,1398,-517944.7274858846,0.9590107889186215,1545,-212835.41075200454,0.9780015795755443,1278,692485.9536128598,1.0753236711309568,1334,-1985552.182012608,-2465202.7248734636,479650.5428608553,10,-953865.681992898,-3660102.1789466077,40.0,-3.0,800000000.0,3.0,0.0,4.0,2,50.0
5547,-2104552.6638655793,0.8324381299557323,1397,-546599.7269188846,0.9564045636771126,1542,-177505.41074200452,0.9815815153594207,1277,838185.9536128597,1.0914703602087097,1331,-1990471.847913608,-2651152.390784464,660680.5428708552,10,-953865.681992898,-3768621.845547608,40.0,-3.0,800000000.0,3.0,0.0,4.0,2,0.0
4283,-1404450.432696798,0.8831804911770941,1113,-13614.28377664293,0.9988687617216252,1226,-150171.75531561568,0.983185624113452,962,1222182.1609060997,1.1452689481008715,982,-346054.3108829573,-1418064.7164734409,1072010.405590484,11,-843367.9850534874,-2209937.6433329573,40.0,-3.0,800000000.0,3.0,0.0,4.0,3,50.0
4242,-1451128.8883315178,0.8789270156692351,1107,132549.34613744752,1.011196864804681,1215,181059.2043768842,1.0209172757663536,946,1675160.1582361,1.207085255674459,974,537639.8204189142,-1318579.5421940703,1856219.3626129844,13,-831084.6515734873,-1481085.1769415862,40.0,-3.0,800000000.0,3.0,0.0,4.0,3,0.0
3135,-2340676.0987086976,0.8109138920212182,850,469775.9769945751,1.0395365352924706,930,51000.38450275629,1.0060866057640527,676,1991183.3782879605,1.2849136694392225,679,171283.6410765939,-1870900.1217141226,2042183.7627907167,12,-755124.6003671199,-2032841.358923406,40.0,-3.0,800000000.0,3.0,0.0,4.0,5,50.0
3024,-2544652.2764881654,0.7913979181758091,832,590642.769106436,1.0511272748557714,899,-206034.26239322592,0.97441969288278,645,1328029.7095758002,1.1917228832151756,648,-832014.0601991557,-1954009.5073817293,1121995.4471825743,12,-787981.4842914678,-3418323.4812312555,40.0,-3.0,800000000.0,3.0,0.0,4.0,5,0.0
8005,-3739850.840868333,0.8199587330504678,2251,-65791.48988158113,0.9966941878244358,2395,-124787.32020155105,0.9901839881246737,1688,1328041.609548163,1.11523428547659,1671,-2602388.0414033025,-3805642.330749914,1203254.2893466118,10,-1115974.995742343,-3896663.593397758,40.0,-3.0,800000000.0,4.5,3.0,2.0,2,50.0
8003,-3739850.840868333,0.8199587330504678,2251,-45306.48988158113,0.997722033112128,2395,-141018.32020155122,0.988898056629608,1687,1343377.6095481627,1.1167412474025447,1670,-2582798.0414033025,-3785157.330749914,1202359.2893466114,10,-1115974.995742343,-3877073.593397758,40.0,-3.0,800000000.0,4.5,3.0,2.0,2,0.0
6716,-3663669.762052753,0.8242148418316066,1961,610318.6376201147,1.032699106985691,2026,-997718.765515998,0.9213916459868718,1376,850312.4723546739,1.0760760031493555,1353,-3200757.4175939634,-3053351.1244326383,-147406.2931613241,13,-1109714.2318749118,-4523507.415183963,40.0,-3.0,800000000.0,4.5,3.0,2.0,3,50.0
6710,-3683001.761162354,0.8232809381079033,1961,550700.2287081145,1.0295313860700992,2024,-925879.7655259982,0.9268835253609965,1374,884448.4723546739,1.079412156040471,1351,-3173732.825625564,-3132301.5324542397,-41431.2931713243,13,-1109714.2318749118,-4496482.823215564,40.0,-3.0,800000000.0,4.5,3.0,2.0,3,0.0
5742,-3063386.201530525,0.84889137590123,1757,321011.40446606994,1.0170350762302112,1755,-915739.1716968778,0.9234456191368284,1136,1273539.6302676941,1.125617849943417,1094,-2384574.3384936387,-2742374.797064455,357800.4585708163,12,-904093.7599947951,-3838342.853686561,40.0,-3.0,800000000.0,4.5,3.0,2.0,5,50.0
5729,-3082306.2006401257,0.8477281112600352,1754,336912.9044660699,1.0178980025556064,1753,-887147.1716968776,0.9256258493087471,1134,1320416.1302676941,1.1312128735344644,1088,-2312124.337603239,-2745393.296174056,433268.95857081655,12,-904093.7599947951,-3765892.8527961606,40.0,-3.0,800000000.0,4.5,3.0,2.0,5,0.0
7556,-3216689.9973969767,0.8472994295499412,2122,-228934.02375083615,0.9885824849139664,2257,-67690.99885678489,0.9946682757658825,1601,1006421.8616988923,1.0868575998369585,1576,-2506893.158305706,-3445624.0211478127,938730.8628421074,12,-1155458.0670042862,-3792718.711280162,40.0,-3.0,800000000.0,4.5,3.0,3.0,2,50.0
7553,-3216689.9973969767,0.8472994295499412,2122,-169902.52345190116,0.9914968703151033,2256,-76009.49885678495,0.9940043685674164,1600,1016817.8619940924,1.0879805501410411,1575,-2445784.157711571,-3386592.5208488777,940808.3631373073,12,-1155458.0670042862,-3731609.710686027,40.0,-3.0,800000000.0,4.5,3.0,3.0,2,0.0
6054,-2953925.710954792,0.8591706805359384,1761,-419035.3407338273,0.9778598289863406,1834,-297933.49619032914,0.9758471585316761,1246,2130338.874512112,1.205675799016605,1213,-1540555.6733668356,-3372961.051688619,1832405.3783217827,13,-999169.8550982963,-2985205.6727068354,40.0,-3.0,800000000.0,4.5,3.0,3.0,3,50.0
6052,-2953063.710954792,0.8591580591880502,1761,-475178.3407338273,0.9748882006315869,1834,-238981.49620032922,0.9805960849871298,1245,2176574.874512112,1.2111959108483654,1212,-1490648.673376836,-3428242.051688619,1937593.3783117826,13,-999169.8550982963,-2935298.672716836,40.0,-3.0,800000000.0,4.5,3.0,3.0,3,0.0
4849,-2735683.582373465,0.8671217618610481,1496,339892.77677229245,1.0187479504143782,1477,-682482.7570522348,0.9393536481415806,956,1281852.1910579803,1.131414786608362,920,-1796421.371595427,-2395790.8056011726,599369.4340057455,13,-1114935.2651250458,-3497339.8876983486,40.0,-3.0,800000000.0,4.5,3.0,3.0,5,50.0
4841,-2742183.5823084647,0.8668060424025437,1496,290649.1100222925,1.0159998231221936,1476,-524460.0902208048,0.9527470398479427,953,1374125.0913531804,1.1420000425688934,916,-1601869.4711537967,-2451534.472286172,849665.0011323756,13,-1114935.2651250458,-3302787.987256719,40.0,-3.0,800000000.0,4.5,3.0,3.0,5,0.0
7381,-3895144.106137057,0.8181512126412167,2050,-432933.7124313935,0.9786333838432721,2207,-170182.48583369603,0.9865242550626222,1569,997092.177127362,1.087351113849105,1555,-3501168.127274784,-4328077.81856845,826909.6912936659,12,-1174386.519839734,-4791693.679749239,40.0,-3.0,800000000.0,4.5,3.0,4.0,2,50.0
7378,-3895144.106137057,0.8181512126412167,2050,-372132.2121324583,0.9815688868814989,2206,-184538.4858336962,0.9853731554048314,1568,951658.177422562,1.0833708294061282,1554,-3500156.626680649,-4267276.318269515,767119.6915888658,12,-1174386.519839734,-4790682.179155105,40.0,-3.0,800000000.0,4.5,3.0,4.0,2,0.0
5749,-3519554.7240695776,0.8303208013114652,1649,-834854.8688008199,0.9559936888058874,1745,-580678.8344799798,0.9528844623063756,1190,1997157.431493542,1.1964271995102074,1165,-2937930.995856835,-4354409.5928703975,1416478.597013562,10,-1092449.0990872234,-4316430.995196835,40.0,-3.0,800000000.0,4.5,3.0,4.0,3,50.0
5745,-3518692.7240695776,0.8302969070362071,1649,-944716.7016113852,0.9501328318517518,1743,-511946.50138997997,0.9583811550271092,1189,1997093.4314935422,1.1965330170841302,1164,-2978262.4955774006,-4463409.425680963,1485146.9301035623,10,-1092449.0990872234,-4356762.4949174,40.0,-3.0,800000000.0,4.5,3.0,4.0,3,0.0
4403,-4206910.119154066,0.7943292503438446,1316,-424086.13485595,0.9770397520572317,1376,-31823.62679268107,0.9969567108122964,870,1460695.283561762,1.1602153074919503,841,-3202124.597240936,-4630996.254010016,1428871.6567690808,13,-1056411.6523017301,-4897523.113343858,40.0,-3.0,800000000.0,4.5,3.0,4.0,5,50.0
4400,-4342540.118885066,0.7884965163778891,1316,-151852.93455958017,0.9916761701684836,1372,40398.50654912891,1.0038447107653474,872,1522433.9500987623,1.168022841290312,840,-2931560.5967967557,-4494393.053444646,1562832.456647891,14,-1062911.6522367303,-4626959.112899678,40.0,-3.0,800000000.0,4.5,3.0,4.0,5,0.0
7806,-3372868.5367688686,0.8357813083349775,2189,64007.78191130998,1.0032872928497338,2323,-501591.7802595796,0.9605884368706795,1651,1186890.6026965403,1.101905030449423,1643,-2623561.932420597,-3308860.7548575588,685298.8224369606,11,-1022817.6034954677,-4032536.930242597,40.0,-3.0,800000000.0,4.5,5.0,2.0,2,50.0
7797,-3423325.8687187023,0.8333398410855696,2188,144851.53191130998,1.007458730745461,2321,-515625.11336507957,0.9594446894894272,1648,1209763.4357915402,1.103899391548103,1640,-2584336.014380931,-3278474.3368073925,694138.3224264607,11,-1022817.6034954677,-3993311.0122029306,40.0,-3.0,800000000.0,4.5,5.0,2.0,2,0.0
6332,-3239022.012594429,0.8412495283022965,1850,610591.8440031933,1.033542674335607,1901,-1164991.7486516237,0.9065244753548884,1300,1895130.9538262524,1.1800907003064454,1281,-1898290.963416607,-2628430.1685912358,730139.2051746286,13,-1031086.35121334,-3360240.961238607,40.0,-3.0,800000000.0,4.5,5.0,2.0,3,50.0
6305,-3300851.679571429,0.8379123997579835,1846,574468.2405297661,1.0317793489475977,1894,-1162270.082329624,0.9059499388496755,1293,1905650.2868970023,1.1825700998160256,1272,-1983003.234474284,-2726383.439041663,743380.2045673782,13,-1078324.01772784,-3382553.2322962843,40.0,-3.0,800000000.0,4.5,5.0,2.0,3,0.0
5096,-2616225.711119472,0.8647365836232215,1562,-289702.72777198744,0.9837908715516269,1548,-937127.9848914866,0.9168951668831121,1010,1116604.7995003224,1.11562059686662,976,-2726451.624282624,-2905928.4388914593,179476.81460883585,11,-987821.5663724197,-4357626.622712624,40.0,-3.0,800000000.0,4.5,5.0,2.0,5,50.0
5017,-2845782.833781804,0.852963346707063,1551,-569525.8231825479,0.9678433410097929,1528,-670694.6522266173,0.9389117683894608,984,1347848.2032781723,1.1448882806252059,954,-2738155.105912798,-3415308.656964352,677153.551051555,8,-912885.5663724198,-4385055.104342798,40.0,-3.0,800000000.0,4.5,5.0,2.0,5,0.0
7379,-2579063.7034453275,0.8761463939255242,2069,92243.8578648197,1.0046730356790243,2199,-403359.89348427294,0.9684249928717231,1565,1132060.0598480604,1.098489862422384,1546,-1758119.6792167197,-2486819.845580508,728700.1663637874,13,-823077.2683380933,-3113419.67855672,40.0,-3.0,800000000.0,4.5,5.0,3.0,2,50.0
7370,-2615248.0353951612,0.8743338987543248,2068,167521.77499004465,1.0085306272060077,2197,-420089.0603422732,0.9670617708751195,1562,1315369.8938696603,1.1146339847224316,1543,-1552445.4268777296,-2447726.2604051167,895280.8335273871,13,-823077.2683380933,-3020370.426217729,40.0,-3.0,800000000.0,4.5,5.0,3.0,2,0.0
5711,-2826791.50602472,0.864425854517077,1667,181179.77859451377,1.0098773901824742,1728,-489679.51760441525,0.9587223801416356,1173,2517911.3482692,1.2547675666113633,1143,-617379.8967654221,-2645611.7274302063,2028231.8306647846,13,-1036206.9495636798,-2147521.562105422,40.0,-3.0,800000000.0,4.5,5.0,3.0,3,50.0
5689,-2874505.18787672,0.8620186089519719,1664,289711.41711117676,1.0158939898192867,1724,-345100.5179611154,0.9707556322862341,1165,2536149.5150471996,1.2585077265218159,1136,-393744.77367945854,-2584793.770765543,2191048.997086084,13,-1050880.4369254475,-1923886.4390194584,40.0,-3.0,800000000.0,4.5,5.0,3.0,3,0.0
4330,-2689862.6479190886,0.8629584651282969,1318,834909.9570517829,1.0486143800722407,1321,-366511.24851787183,0.966564737319273,850,1482422.3255681898,1.1580697327328056,841,-739041.6138169875,-1854952.6908673057,1115911.077050318,12,-987663.7144268204,-2468266.6138169877,40.0,-3.0,800000000.0,4.5,5.0,3.0,5,50.0
4284,-3102092.4472800884,0.8415376086607825,1309,822427.4173081924,1.0483455034247997,1307,-839135.7813542419,0.9230601408871936,837,1546052.4115853999,1.1660722431636215,831,-1572748.3997407379,-2279665.029971896,706916.630231158,12,-1006238.3809768205,-3295573.3990807375,40.0,-3.0,800000000.0,4.5,5.0,3.0,5,0.0
7203,-2446262.6707618367,0.8820263182578201,2001,25598.71420145838,1.0013032736356293,2148,-250607.97385258405,0.9800542700734485,1531,830025.5761846602,1.0720266421653148,1523,-1841246.3542283021,-2420663.9565603784,579417.6023320762,13,-916080.5411204892,-3205471.352960302,40.0,-3.0,800000000.0,4.5,5.0,4.0,2,50.0
7198,-2457362.6707618367,0.8815052950083404,2001,138031.6313266835,1.0070627041445526,2147,-212724.64010008404,0.9830494479031773,1529,950576.4099246602,1.082465069624208,1521,-1581479.269610577,-2319331.0394351534,737851.7698245762,13,-916080.5411204892,-3057404.268342577,40.0,-3.0,800000000.0,4.5,5.0,4.0,2,0.0
5436,-3235114.0249141473,0.8421218194842023,1568,-107697.92413840187,0.9941693679192812,1649,-787814.1428519456,0.9347763311182516,1124,3088216.048138451,1.3374377059809444,1095,-1042410.0437660441,-3342811.949052549,2300401.9052865054,14,-1064490.9150942198,-2555785.0431060437,40.0,-3.0,800000000.0,4.5,5.0,4.0,3,50.0
5425,-3296931.6002065474,0.8393067124173264,1567,-141011.3763435082,0.9923455386997625,1646,-339356.5598979457,0.9712742707647858,1121,3121564.0480742007,1.3411415788732728,1091,-655735.4883738011,-3437942.9765500557,2782207.488176255,14,-1040196.2487682197,-2169110.4877138007,40.0,-3.0,800000000.0,4.5,5.0,4.0,3,0.0
3977,-3301976.953552706,0.8319104928318712,1199,1272275.4286888698,1.0747120340906864,1223,-376874.8615782313,0.9634703505259543,783,1099134.10778108,1.1203946662856832,772,-1307442.2786609877,-2029701.5248638364,722259.2462028487,13,-901358.0800543298,-2937822.278000988,40.0,-3.0,800000000.0,4.5,5.0,4.0,5,50.0
3929,-3621511.427259206,0.8155499020462076,1188,980550.1116732433,1.0577136522291846,1213,-368672.1169258917,0.9638131504658011,772,1090825.26224938,1.1239114037997866,756,-1918808.1702624743,-2640961.3155859625,722153.1453234882,13,-832073.7767622222,-3544688.169602474,40.0,-3.0,800000000.0,4.5,5.0,4.0,5,0.0
7761,-3796088.6969709564,0.814341902325817,2169,-244953.4192627176,0.9874361266187539,2312,-652462.6130806797,0.9488272191258327,1645,1177150.7685875902,1.1012790722631323,1635,-3516353.960726763,-4041042.116233674,524688.1555069105,12,-1243973.1495915183,-5549620.625307763,40.0,-3.0,800000000.0,4.5,0.0,2.0,2,50.0
7748,-3876669.7883398472,0.8105095307114188,2168,-151053.4192627177,0.9922261126528941,2309,-821947.2795386796,0.9355702171655887,1641,1204305.4350275903,1.1036540778910202,1630,-3645365.0521136536,-4027723.207602565,382358.1554889106,12,-1260473.1495915183,-5678631.716694653,40.0,-3.0,800000000.0,4.5,0.0,2.0,2,0.0
6219,-3864377.817031067,0.8079799807721758,1804,507989.77868813084,1.0279139815529985,1875,-1731329.849088444,0.8608613754813862,1285,1458211.352743682,1.1390346321056377,1255,-3629506.5346876984,-3356388.038342936,-273118.4963447619,12,-1183171.0177506397,-5737806.531523699,40.0,-3.0,800000000.0,4.5,0.0,2.0,3,50.0
6148,-3834528.7402491067,0.8070892155949423,1789,711671.866698225,1.0398522751303936,1857,-1271013.349285644,0.8952930060699549,1269,1622036.9223964824,1.1594121878533121,1233,-2771833.300440043,-3122856.8735508816,351023.5731108384,12,-1166100.3502850397,-5071574.959777043,40.0,-3.0,800000000.0,4.5,0.0,2.0,3,0.0
4845,-3246973.7671836084,0.8257501607338791,1468,-790370.6496765765,0.954593234832115,1483,-1233921.5456573935,0.8873462406115498,963,1278794.9129178424,1.139737975542524,931,-3992471.049599735,-4037344.4168601846,44873.36726044887,13,-1111652.3676541597,-6497175.469508175,40.0,-3.0,800000000.0,4.5,0.0,2.0,5,50.0
4611,-2839544.427561395,0.8420011367603157,1411,-1124549.9688901405,0.9331997424228137,1417,-782794.887962774,0.9243599849826792,916,1721285.3151198938,1.2072004531313314,867,-3025603.969294415,-3964094.3964515356,938490.4271571197,11,-920539.3670054598,-6141264.147735015,40.0,-3.0,800000000.0,4.5,0.0,2.0,5,0.0
7342,-2935427.031075123,0.8579905816296561,2052,284113.98671791726,1.0144245386806048,2186,-562669.1439763731,0.955813700493141,1561,823947.1927315104,1.0713755168730625,1543,-2390034.995602068,-2651313.0443572057,261278.04875513725,12,-1143628.2133535927,-4415051.658381068,40.0,-3.0,800000000.0,4.5,0.0,3.0,2,50.0
7330,-2960533.5850886544,0.856513946470286,2051,323575.65408491733,1.0164969650074542,2184,-725075.310834373,0.9431008133539538,1557,1204710.4601791103,1.105692688083236,1538,-2157322.7816589996,-2636957.9310037373,479635.1493447373,13,-1160128.2133535927,-4267439.444437999,40.0,-3.0,800000000.0,4.5,0.0,3.0,2,0.0
5604,-3749295.3326057205,0.8175032688848677,1630,430370.4368498721,1.0237395658108381,1699,-870537.3848161553,0.92502655441294,1156,2043276.7182591995,1.2082864697673603,1119,-2146185.562312805,-3318924.8957558484,1172739.3334430442,12,-1280403.0553229447,-4331252.224896805,40.0,-3.0,800000000.0,4.5,0.0,3.0,3,50.0
5551,-3745003.6717551434,0.8150695412513232,1614,842240.2804640151,1.0469245361240378,1690,-638298.1839005352,0.9448268903587516,1145,2171825.3828842,1.2272202279097284,1102,-1369236.1923074638,-2902763.3912911285,1533527.198983665,12,-1310895.0554429446,-3757269.518808464,40.0,-3.0,800000000.0,4.5,0.0,3.0,3,0.0
4132,-3812919.901410626,0.800172406362911,1244,68422.45021227468,1.0040658420963466,1262,-249994.94549815782,0.9766629205922671,826,1318171.0430224682,1.1482483428964356,800,-2676321.353674041,-3744497.451198351,1068176.0975243105,11,-1103755.2256306915,-5150475.767334482,40.0,-3.0,800000000.0,4.5,0.0,3.0,5,50.0
3973,-3796067.765703882,0.794386973160365,1202,-409117.4848816355,0.9751191420064523,1221,-348910.5041864301,0.9667491761282805,789,1525962.246115968,1.1857607227735765,761,-3028133.50865598,-4205185.250585518,1177051.741929538,10,-1105571.8041388297,-6118485.3535125805,40.0,-3.0,800000000.0,4.5,0.0,3.0,5,0.0
7172,-2948158.759527822,0.8571818950389929,1984,-353353.8250353652,0.9822065971655678,2143,-518688.72434468404,0.9588323086658413,1526,830617.0754331101,1.0728745062847984,1519,-2989584.2334747603,-3301512.5845631873,311928.3510884261,12,-1095295.9165340206,-4989875.89625376,40.0,-3.0,800000000.0,4.5,0.0,4.0,2,50.0
7163,-3017944.2962211818,0.8537604264116938,1983,-234308.82446836517,0.9881351077998269,2141,-475427.05715068424,0.9621160301817928,1524,1039469.0758791103,1.0918578767780884,1515,-2688211.101961121,-3252253.1206895467,564042.018728426,12,-1111795.9165340206,-4773602.764740121,40.0,-3.0,800000000.0,4.5,0.0,4.0,2,0.0
5349,-3644641.5838624467,0.8211840295113297,1537,9588.139842975477,1.0005259484306737,1624,-1633280.2924119849,0.8654799425330741,1113,2272335.3345637005,1.2452000525349551,1075,-2995998.4018677566,-3635053.4440194713,639055.0421517156,11,-1157120.99943212,-5297473.398703757,40.0,-3.0,800000000.0,4.5,0.0,4.0,3,50.0
5307,-3675749.2680585356,0.8181697972343184,1529,274013.72320579865,1.0152975066419532,1612,-666952.7926164861,0.9430976807058433,1099,2642772.998562501,1.2867336070751958,1067,-1425915.3389067226,-3401735.544852737,1975820.2059460147,13,-1076775.7346807416,-3949498.6664227224,40.0,-3.0,800000000.0,4.5,0.0,4.0,3,0.0
3798,-4098553.313707533,0.7860389248056283,1135,384126.1767756477,1.0223948366835802,1170,-367716.60442003765,0.9630717919988949,752,1023485.6419445301,1.1162352288916548,741,-3058658.0994073926,-3714427.136931885,655769.0375244925,12,-938046.1661121977,-5515562.516796833,40.0,-3.0,800000000.0,4.5,0.0,4.0,5,50.0
3649,-4161802.602425298,0.7724460155219772,1093,164863.2027152161,1.0100661719033022,1128,729318.1953612298,1.074108311498605,722,1566825.4625353944,1.1979417771409184,706,-1700795.7418134573,-3996939.399710082,2296143.657896624,11,-1157589.4762236476,-5109112.402846457,40.0,-3.0,800000000.0,4.5,0.0,4.0,5,0.0
3557,-1555453.172731998,0.7833307565420434,771,-262862.0200006855,0.9642602421122435,901,-98229.25490500423,0.985604106862632,916,1046013.4023027401,1.157188963371374,969,-870531.0453349471,-1818315.1927326834,947784.1473977359,13,-552634.7310799212,-1903509.3763629468,40.0,-5.0,2000000000.0,3.0,3.0,2.0,2,50.0
3557,-1555453.172731998,0.7833307565420434,771,-262862.0200006855,0.9642602421122435,901,-98229.25490500423,0.985604106862632,916,1046013.4023027401,1.157188963371374,969,-870531.0453349471,-1818315.1927326834,947784.1473977359,13,-552634.7310799212,-1903509.3763629468,40.0,-5.0,2000000000.0,3.0,3.0,2.0,2,0.0
3177,-1109128.9987072432,0.8493143132109227,706,-8464.818183590774,0.9988998782368227,826,-205255.0369991497,0.9711759598184982,808,1327796.83653328,1.198234299500358,837,4947.982643296709,-1117593.816890834,1122541.7995341304,12,-462127.36398776126,-1182580.348384703,40.0,-5.0,2000000000.0,3.0,3.0,2.0,3,50.0
3177,-1109128.9987072432,0.8493143132109227,706,-8464.818183590774,0.9988998782368227,826,-205255.0369991497,0.9711759598184982,808,1327796.83653328,1.198234299500358,837,4947.982643296709,-1117593.816890834,1122541.7995341304,12,-462127.36398776126,-1182580.348384703,40.0,-5.0,2000000000.0,3.0,3.0,2.0,3,0.0
2909,-679294.2480510896,0.9113541602600889,675,-117314.66046749473,0.985883635928509,778,-600273.5418991176,0.9204143699514888,719,933287.4910008798,1.1365583560770915,737,-463594.95941682206,-796608.9085185843,333013.94910176215,11,-668822.7459140497,-1623423.291226822,40.0,-5.0,2000000000.0,3.0,3.0,2.0,5,50.0
2909,-679294.2480510896,0.9113541602600889,675,-117314.66046749473,0.985883635928509,778,-600273.5418991176,0.9204143699514888,719,933287.4910008798,1.1365583560770915,737,-463594.95941682206,-796608.9085185843,333013.94910176215,11,-668822.7459140497,-1623423.291226822,40.0,-5.0,2000000000.0,3.0,3.0,2.0,5,0.0
3392,-1225612.438912435,0.8245860111867281,735,-15647.253661653434,0.9978782737937351,865,-700011.3767920954,0.902030479836053,875,1014102.8354844707,1.1531089445268203,917,-927168.2338817131,-1241259.6925740885,314091.45869237534,13,-505889.2970529653,-2042346.5649097129,40.0,-5.0,2000000000.0,3.0,3.0,3.0,2,50.0
3392,-1225612.438912435,0.8245860111867281,735,-15647.253661653434,0.9978782737937351,865,-700011.3767920954,0.902030479836053,875,1014102.8354844707,1.1531089445268203,917,-927168.2338817131,-1241259.6925740885,314091.45869237534,13,-505889.2970529653,-2042346.5649097129,40.0,-5.0,2000000000.0,3.0,3.0,3.0,2,0.0
2951,-994594.4090827818,0.8696402484234071,661,274529.40423258,1.0362815473180982,764,-794855.2085959499,0.8943060324085674,749,1119837.4785583797,1.167250151747773,777,-395082.7348877718,-720065.0048502018,324982.26996242977,11,-594773.9192617635,-1459711.0659157715,40.0,-5.0,2000000000.0,3.0,3.0,3.0,3,50.0
2951,-994594.4090827818,0.8696402484234071,661,274529.40423258,1.0362815473180982,764,-794855.2085959499,0.8943060324085674,749,1119837.4785583797,1.167250151747773,777,-395082.7348877718,-720065.0048502018,324982.26996242977,11,-594773.9192617635,-1459711.0659157715,40.0,-5.0,2000000000.0,3.0,3.0,3.0,3,0.0
2570,-721524.3362211911,0.9098696106204305,595,643520.8835083671,1.0799849222043219,684,-955172.7934648744,0.8771332275425914,640,1085426.3408488198,1.161728394836,651,52250.094671121566,-78003.45271282399,130253.54738394544,13,-719961.1830886999,-1083678.2371388783,40.0,-5.0,2000000000.0,3.0,3.0,3.0,5,50.0
2570,-721524.3362211911,0.9098696106204305,595,643520.8835083671,1.0799849222043219,684,-955172.7934648744,0.8771332275425914,640,1085426.3408488198,1.161728394836,651,52250.094671121566,-78003.45271282399,130253.54738394544,13,-719961.1830886999,-1083678.2371388783,40.0,-5.0,2000000000.0,3.0,3.0,3.0,5,0.0
3353,-1156296.8209369115,0.8305012152909645,722,142207.46252984589,1.0194663504550072,856,-642218.0362408023,0.9101155466960539,864,825499.3689513807,1.1217976383510022,911,-830808.0256964876,-1014089.3584070656,183281.33271057846,12,-564041.2370160384,-1945986.3567244874,40.0,-5.0,2000000000.0,3.0,3.0,4.0,2,50.0
3353,-1156296.8209369115,0.8305012152909645,722,142207.46252984589,1.0194663504550072,856,-642218.0362408023,0.9101155466960539,864,825499.3689513807,1.1217976383510022,911,-830808.0256964876,-1014089.3584070656,183281.33271057846,12,-564041.2370160384,-1945986.3567244874,40.0,-5.0,2000000000.0,3.0,3.0,4.0,2,0.0
2844,-814019.0268583375,0.8885303634771134,635,166926.4872959153,1.022100857954654,738,-825676.7322451241,0.8884463022675227,719,1198277.36929222,1.182273125567888,752,-274491.9025153263,-647092.5395624221,372600.63704709604,13,-696373.2725999068,-1426103.5663633258,40.0,-5.0,2000000000.0,3.0,3.0,4.0,3,50.0
2844,-814019.0268583375,0.8885303634771134,635,166926.4872959153,1.022100857954654,738,-825676.7322451241,0.8884463022675227,719,1198277.36929222,1.182273125567888,752,-274491.9025153263,-647092.5395624221,372600.63704709604,13,-696373.2725999068,-1426103.5663633258,40.0,-5.0,2000000000.0,3.0,3.0,4.0,3,0.0
2393,-162177.36041876592,0.979058354699261,562,216497.3849429408,1.0264250065234892,640,-796897.3810255525,0.8925133928096693,587,1245822.1894918603,1.1951333994656388,604,503244.83299048204,54320.02452417486,448924.8084663078,15,-903025.05927582,-700898.4988195179,40.0,-5.0,2000000000.0,3.0,3.0,4.0,5,50.0
2393,-162177.36041876592,0.979058354699261,562,216497.3849429408,1.0264250065234892,640,-796897.3810255525,0.8925133928096693,587,1245822.1894918603,1.1951333994656388,604,503244.83299048204,54320.02452417486,448924.8084663078,15,-903025.05927582,-700898.4988195179,40.0,-5.0,2000000000.0,3.0,3.0,4.0,5,0.0
3498,-1445275.7237145926,0.7971028533694476,765,-602387.5995913105,0.9180715506979401,884,259229.32364782557,1.039173427928898,894,914208.2173254703,1.1354461242544058,955,-874225.7823326075,-2047663.323305903,1173437.540973296,10,-619471.0650233635,-2045325.7800896075,40.0,-5.0,2000000000.0,3.0,5.0,2.0,2,50.0
3498,-1445275.7237145926,0.7971028533694476,765,-602387.5995913105,0.9180715506979401,884,259229.32364782557,1.039173427928898,894,914208.2173254703,1.1354461242544058,955,-874225.7823326075,-2047663.323305903,1173437.540973296,10,-619471.0650233635,-2045325.7800896075,40.0,-5.0,2000000000.0,3.0,5.0,2.0,2,0.0
3042,-1065335.7446566364,0.8514735189988523,682,-115767.7146037723,0.9848268873001661,793,199039.95702390073,1.0295767196648338,760,1188574.9386627895,1.1738580570633472,807,206511.4364262817,-1181103.4592604088,1387614.8956866902,9,-397022.5698469633,-1093871.8939237182,40.0,-5.0,2000000000.0,3.0,5.0,2.0,3,50.0
3041,-1049435.7446566364,0.8536902577685436,682,-107037.71460377236,0.9859503147824952,792,166939.95702390073,1.0248067593240207,760,1188574.9386627895,1.1738580570633472,807,199041.4364262817,-1156473.4592604088,1355514.8956866902,9,-397022.5698469633,-1107441.8944837183,40.0,-5.0,2000000000.0,3.0,5.0,2.0,3,0.0
2681,-989102.4217445818,0.8684881910403202,629,524633.2031503847,1.0639422386932582,729,-351612.65031124733,0.9499114781039977,650,1146367.7328989496,1.1698467252478673,673,330285.8639935048,-464469.21859419707,794755.0825877023,11,-771376.7656481598,-1066364.1347984953,40.0,-5.0,2000000000.0,3.0,5.0,2.0,5,50.0
2675,-955978.4217445819,0.8728700032589557,629,467528.2032173846,1.0569673942875626,728,-342012.6503812474,0.951188639920794,649,1259714.7328989494,1.1902374222904213,669,429251.86399050464,-488450.2185271973,917702.082517702,12,-765076.7656481597,-969648.1348014952,40.0,-5.0,2000000000.0,3.0,5.0,2.0,5,0.0
3342,-1404060.86908643,0.7992073728193644,728,-268099.0001204187,0.9634969811623105,849,-408541.4319528656,0.9419609090964711,862,1025241.1520219403,1.155006893860581,903,-1055460.1491377742,-1672159.8692068486,616699.7200690748,9,-596914.8304059651,-2258360.146894774,40.0,-5.0,2000000000.0,3.0,5.0,3.0,2,50.0
3342,-1404060.86908643,0.7992073728193644,728,-268099.0001204187,0.9634969811623105,849,-408541.4319528656,0.9419609090964711,862,1025241.1520219403,1.155006893860581,903,-1055460.1491377742,-1672159.8692068486,616699.7200690748,9,-596914.8304059651,-2258360.146894774,40.0,-5.0,2000000000.0,3.0,5.0,3.0,2,0.0
2818,-911332.3859950722,0.8764842333140648,638,507148.54153616837,1.0691782186049155,729,-309863.61510816024,0.9569261864056577,709,827804.7480814498,1.1210204573485907,742,113757.28851438512,-404183.8444589038,517941.1329732895,11,-591266.2024789632,-1154126.042395615,40.0,-5.0,2000000000.0,3.0,5.0,3.0,3,50.0
2817,-895432.3859950722,0.8786392107081382,638,528298.5415361684,1.0722969338061208,728,-341963.61510816024,0.9524639993370154,709,827804.7480814498,1.1210204573485907,742,118707.28851438523,-367133.84445890377,485841.1329732895,12,-591266.2024789632,-1154276.0423956148,40.0,-5.0,2000000000.0,3.0,5.0,3.0,3,0.0
2361,-724081.6964997612,0.9043734814096129,551,1149040.115217036,1.1465412663147467,633,-593713.0471036495,0.9200126018938642,585,1305150.5491634693,1.1967154585703637,592,1136395.920777095,424958.4187172749,711437.5020598199,14,-812658.4821167099,-248220.7446539048,40.0,-5.0,2000000000.0,3.0,5.0,3.0,5,50.0
2356,-720181.6964997612,0.9048885385147785,551,1165437.6152840361,1.1494545300046897,631,-593493.0471736493,0.9197984787868664,584,1435655.5491634693,1.218565639704638,590,1287418.4207740948,445255.91878427495,842162.50198982,14,-806358.4821167099,-99298.24465690507,40.0,-5.0,2000000000.0,3.0,5.0,3.0,5,0.0
3305,-1375370.4175939064,0.7984949741523502,716,-337320.90288665885,0.9544766189823196,841,-356110.3176689725,0.9491036217763401,850,854093.0187363504,1.126652327887163,898,-1214708.6194131877,-1712691.3204805653,497982.7010673779,10,-630242.2703690382,-2411528.6171701876,40.0,-5.0,2000000000.0,3.0,5.0,4.0,2,50.0
3305,-1375370.4175939064,0.7984949741523502,716,-337320.90288665885,0.9544766189823196,841,-356110.3176689725,0.9491036217763401,850,854093.0187363504,1.126652327887163,898,-1214708.6194131877,-1712691.3204805653,497982.7010673779,10,-630242.2703690382,-2411528.6171701876,40.0,-5.0,2000000000.0,3.0,5.0,4.0,2,0.0
2724,-668542.4005391866,0.9052179843878496,614,403221.0415523433,1.0544687973893159,706,-537238.8325350238,0.9259731731492252,684,1105938.7051208494,1.1663263613491344,720,303378.5135989825,-265321.35898684326,568699.8725858256,11,-580371.4724153688,-1036854.8185190174,40.0,-5.0,2000000000.0,3.0,5.0,4.0,3,50.0
2723,-652642.4005391867,0.9074721930169772,614,427731.04155234323,1.05799169307671,705,-569338.8325350237,0.9215500730343337,684,1105938.7051208494,1.1663263613491344,720,311688.5135989822,-224911.35898684344,536599.8725858257,11,-580371.4724153688,-1033644.8185190177,40.0,-5.0,2000000000.0,3.0,5.0,4.0,3,0.0
2206,-545802.2927960857,0.9275111223115462,520,868282.2661338248,1.1102135289622466,595,-900544.0747941524,0.877314301802899,538,1209303.0982949494,1.187561876599239,553,631238.9968385368,322479.9733377391,308759.023500797,14,-1016566.9593110201,-770367.6685444631,40.0,-5.0,2000000000.0,3.0,5.0,4.0,5,50.0
2204,-575902.2927960858,0.9236756811296225,520,874462.266200825,1.111350051268393,594,-787938.0748641524,0.8929034292681819,538,1260893.0982949494,1.1956982071433797,552,771514.9968355361,298559.97340473917,472955.02343079704,15,-1010266.9593110201,-632191.6685474638,40.0,-5.0,2000000000.0,3.0,5.0,4.0,5,0.0
3489,-1605516.8347557962,0.7760403725756763,763,-601339.7433406059,0.9182068125522931,882,157572.42383792577,1.0237978397618088,893,885448.3840094202,1.1313915059496686,951,-1163835.7702490566,-2206856.578096402,1043020.807847346,11,-628921.0650233635,-2700569.0994690564,40.0,-5.0,2000000000.0,3.0,0.0,2.0,2,50.0
3489,-1605516.8347557962,0.7760403725756763,763,-601339.7433406059,0.9182068125522931,882,157572.42383792577,1.0237978397618088,893,885448.3840094202,1.1313915059496686,951,-1163835.7702490566,-2206856.578096402,1043020.807847346,11,-628921.0650233635,-2700569.0994690564,40.0,-5.0,2000000000.0,3.0,0.0,2.0,2,0.0
3007,-1360045.0765098878,0.8090223726002989,677,-100705.66742091777,0.9866273663064508,786,-319577.2291466492,0.9521944832052363,749,1013475.5972014394,1.151240649049964,795,-766852.3758760155,-1460750.7439308055,693898.3680547902,9,-477550.0698329633,-2432437.3718260154,40.0,-5.0,2000000000.0,3.0,0.0,2.0,3,50.0
3001,-1444560.0763338876,0.7975780052638544,676,-25159.00104391761,0.996654142573226,784,-373703.89540954924,0.944299405772546,748,1110200.2632894397,1.1661262348902008,793,-733222.709497915,-1469719.0773778053,736496.3678798905,8,-496150.0698329633,-2612982.705769915,40.0,-5.0,2000000000.0,3.0,0.0,2.0,3,0.0
2607,-1270104.601349185,0.8257362456064798,609,486694.0468858994,1.0605276301715039,710,-650517.3509392777,0.9059617005188946,636,680678.0417839999,1.1008319148970322,652,-753249.8636185636,-783410.5544632856,30160.69084472221,11,-808319.0995542199,-2717004.860873563,40.0,-5.0,2000000000.0,3.0,0.0,2.0,5,50.0
2567,-1285540.2684945231,0.8232678715417833,606,671470.0458668995,1.0842889656083765,697,-764849.3509497779,0.8883583313805226,624,832355.7102757997,1.127263407392094,640,-546563.8633016016,-614070.2226276236,67506.35932602186,12,-952635.7658702199,-2935450.5230166013,40.0,-5.0,2000000000.0,3.0,0.0,2.0,5,0.0
3332,-1490238.3136762832,0.7865460487434048,726,-280723.47672892385,0.9617780365958563,847,-555252.5317627655,0.9216549507926465,860,868927.98547149,1.131665034362682,899,-1457286.3366964823,-1770961.790405207,313675.45370872447,9,-618364.8304059651,-2995219.665916482,40.0,-5.0,2000000000.0,3.0,0.0,3.0,2,50.0
3332,-1490238.3136762832,0.7865460487434048,726,-280723.47672892385,0.9617780365958563,847,-555252.5317627655,0.9216549507926465,860,868927.98547149,1.131665034362682,899,-1457286.3366964823,-1770961.790405207,313675.45370872447,9,-618364.8304059651,-2995219.665916482,40.0,-5.0,2000000000.0,3.0,0.0,3.0,2,0.0
2782,-1171109.5525136224,0.8396783671240312,632,353433.18513319327,1.0485524515309692,722,-717232.5147683602,0.8997629006956925,698,816999.2394916993,1.1224769064465552,730,-717909.6426570896,-817676.3673804292,99766.72472333908,10,-690353.7024149633,-2341169.638607089,40.0,-5.0,2000000000.0,3.0,0.0,3.0,3,50.0
2772,-1173969.5523376225,0.8387135425837877,631,428299.85169019323,1.0590293536018984,719,-598334.2807962098,0.9154482468542022,695,997249.4055796992,1.1511818749475025,727,-346754.57586393924,-745669.7006474293,398915.1247834894,9,-708953.7024149633,-2176889.5729309395,40.0,-5.0,2000000000.0,3.0,0.0,3.0,3,0.0
2292,-1125157.808372714,0.8466040312799822,534,927040.7230003909,1.1207553922925184,615,-1200404.9964076541,0.8384100301136953,572,1098586.1871060096,1.1727104718174526,571,-299935.89467396704,-198117.08537232317,-101818.80930164456,10,-757698.8157788101,-2244782.559503967,40.0,-5.0,2000000000.0,3.0,0.0,3.0,5,50.0
2264,-1166731.655036252,0.842014670393233,534,1053262.7553903912,1.1386194393734146,604,-1116870.6634670543,0.8464933565422065,565,1182003.8522114095,1.1882308557039012,561,-48335.71090150601,-113468.89964586077,65133.188744355226,10,-846991.4818868102,-2407789.0391665054,40.0,-5.0,2000000000.0,3.0,0.0,3.0,5,0.0
3295,-1466011.5286897102,0.7853535477323862,715,-345799.3795909241,0.9533302755227441,839,-533905.6174788723,0.9241077946512252,847,718747.8521859003,1.1069967289516687,894,-1626968.6735736064,-1811810.9082806343,184842.23470702802,10,-651692.2703690382,-3164902.0027936064,40.0,-5.0,2000000000.0,3.0,0.0,4.0,2,50.0
3295,-1466011.5286897102,0.7853535477323862,715,-345799.3795909241,0.9533302755227441,839,-533905.6174788723,0.9241077946512252,847,718747.8521859003,1.1069967289516687,894,-1626968.6735736064,-1811810.9082806343,184842.23470702802,10,-651692.2703690382,-3164902.0027936064,40.0,-5.0,2000000000.0,3.0,0.0,4.0,2,0.0
2692,-873158.2335216866,0.8746777315483547,608,265578.6851519181,1.0360570299427854,700,-996601.6649066238,0.8624197666835339,674,1111762.204532099,1.1704379642635214,710,-492419.0087442936,-607579.5483697685,115160.53962547518,11,-699458.9721513689,-2181712.3387742937,40.0,-5.0,2000000000.0,3.0,0.0,4.0,3,50.0
2681,-861883.2335216868,0.8758952245137918,607,343805.3517089181,1.0468498116348828,697,-996733.3313516236,0.8621630704546347,671,1178392.8706200994,1.1831164936092697,706,-336418.34254429303,-518077.88181276864,181659.53926847572,13,-718058.9721513689,-2191493.3396112933,40.0,-5.0,2000000000.0,3.0,0.0,4.0,3,0.0
2144,-698437.7925174197,0.9029671765336462,504,684606.70737819,1.0878783285871865,580,-1097010.8090007524,0.8494409130313897,528,680411.2431595998,1.1101804521082557,532,-430430.65098038246,-13831.08513922966,-416599.56584115257,11,-915363.2925915201,-2400302.3158103824,40.0,-5.0,2000000000.0,3.0,0.0,4.0,5,50.0
2118,-665076.2544603575,0.907136798688331,502,877933.37319719,1.1138943118362903,570,-839974.8093425925,0.8818731266399227,521,898359.9081657998,1.147231949957678,525,271242.2175600395,212857.11873683252,58385.098823207314,14,-1034847.9586995202,-2167711.1107049603,40.0,-5.0,2000000000.0,3.0,0.0,4.0,5,0.0
5998,-2839766.74956238,0.8179833421416672,1520,-730215.4188366102,0.9527633922595964,1706,-997170.8033225823,0.9121058565922042,1374,922728.0081974426,1.0862278760244382,1398,-3644424.9635241297,-3569982.1683989903,-74442.79512513964,11,-946422.3486813214,-4869908.849478586,40.0,-5.0,2000000000.0,4.5,3.0,2.0,2,50.0
5998,-2839766.74956238,0.8179833421416672,1520,-730215.4188366102,0.9527633922595964,1706,-997170.8033225823,0.9121058565922042,1374,922728.0081974426,1.0862278760244382,1398,-3644424.9635241297,-3569982.1683989903,-74442.79512513964,11,-946422.3486813214,-4869908.849478586,40.0,-5.0,2000000000.0,4.5,3.0,2.0,2,0.0
5326,-2173897.086455089,0.8638841084992044,1409,-1129643.538522096,0.9286430911889286,1542,-1584079.7422489976,0.8592689722288903,1172,733334.7522271741,1.0679193273571184,1203,-4154285.614999009,-3303540.624977185,-850744.9900218234,11,-1089485.60156447,-5415143.946909009,40.0,-5.0,2000000000.0,4.5,3.0,2.0,3,50.0
5326,-2173897.086455089,0.8638841084992044,1409,-1129643.538522096,0.9286430911889286,1542,-1584079.7422489976,0.8592689722288903,1172,733334.7522271741,1.0679193273571184,1203,-4154285.614999009,-3303540.624977185,-850744.9900218234,11,-1089485.60156447,-5415143.946909009,40.0,-5.0,2000000000.0,4.5,3.0,2.0,3,0.0
4829,-1829778.2021740666,0.8858695436154158,1339,-1229360.737433102,0.9239393397726927,1411,-1483140.4916956546,0.8679134275198552,1026,818753.8922081841,1.0792459801834136,1053,-3723525.5390946395,-3059138.9396071685,-664386.5994874705,12,-1140943.2844766015,-4987917.20379464,40.0,-5.0,2000000000.0,4.5,3.0,2.0,5,50.0
4829,-1829778.2021740666,0.8858695436154158,1339,-1229360.737433102,0.9239393397726927,1411,-1483140.4916956546,0.8679134275198552,1026,818753.8922081841,1.0792459801834136,1053,-3723525.5390946395,-3059138.9396071685,-664386.5994874705,12,-1140943.2844766015,-4987917.20379464,40.0,-5.0,2000000000.0,4.5,3.0,2.0,5,0.0
5609,-2303807.4721036823,0.8530933286942673,1425,-313072.7164016604,0.9796824677535635,1593,-1625758.5239472145,0.8630162145050578,1292,432615.7086749512,1.039895460037303,1299,-3810023.0037776064,-2616880.1885053427,-1193142.8152722633,10,-773247.1629271602,-5086756.890232062,40.0,-5.0,2000000000.0,4.5,3.0,3.0,2,50.0
5609,-2303807.4721036823,0.8530933286942673,1425,-313072.7164016604,0.9796824677535635,1593,-1625758.5239472145,0.8630162145050578,1292,432615.7086749512,1.039895460037303,1299,-3810023.0037776064,-2616880.1885053427,-1193142.8152722633,10,-773247.1629271602,-5086756.890232062,40.0,-5.0,2000000000.0,4.5,3.0,3.0,2,0.0
4796,-2074982.7886414432,0.8739819262424948,1264,-702102.4196726799,0.9558139765177726,1395,-1254546.2291778203,0.890777990232463,1069,1135942.5817688722,1.1095294046600406,1068,-2895688.855723072,-2777085.208314123,-118603.64740894805,11,-973433.2516637202,-4181347.187633072,40.0,-5.0,2000000000.0,4.5,3.0,3.0,3,50.0
4796,-2074982.7886414432,0.8739819262424948,1264,-702102.4196726799,0.9558139765177726,1395,-1254546.2291778203,0.890777990232463,1069,1135942.5817688722,1.1095294046600406,1068,-2895688.855723072,-2777085.208314123,-118603.64740894805,11,-973433.2516637202,-4181347.187633072,40.0,-5.0,2000000000.0,4.5,3.0,3.0,3,0.0
4151,-1322778.7176062271,0.919685115721529,1149,-1549534.061289261,0.9068352471239529,1221,-2093879.8593551,0.8228664197305657,888,564737.6771867382,1.0554945609094213,893,-4401454.96106385,-2872312.778895488,-1529142.1821683617,7,-897324.911866484,-5721246.62576385,40.0,-5.0,2000000000.0,4.5,3.0,3.0,5,50.0
4151,-1322778.7176062271,0.919685115721529,1149,-1549534.061289261,0.9068352471239529,1221,-2093879.8593551,0.8228664197305657,888,564737.6771867382,1.0554945609094213,893,-4401454.96106385,-2872312.778895488,-1529142.1821683617,7,-897324.911866484,-5721246.62576385,40.0,-5.0,2000000000.0,4.5,3.0,3.0,5,0.0
5466,-2687904.06603521,0.8316542264293569,1380,-841852.811143164,0.9453629404379955,1551,-1360129.416122384,0.8828669446621187,1259,630831.3386901073,1.0581742105289564,1276,-4259054.954610651,-3529756.877178374,-729298.0774322766,9,-859965.3329987209,-5537368.840565108,40.0,-5.0,2000000000.0,4.5,3.0,4.0,2,50.0
5466,-2687904.06603521,0.8316542264293569,1380,-841852.811143164,0.9453629404379955,1551,-1360129.416122384,0.8828669446621187,1259,630831.3386901073,1.0581742105289564,1276,-4259054.954610651,-3529756.877178374,-729298.0774322766,9,-859965.3329987209,-5537368.840565108,40.0,-5.0,2000000000.0,4.5,3.0,4.0,2,0.0
4518,-2703724.862104313,0.838102612787427,1182,-380646.85269900266,0.975489424098939,1323,-1350461.028514358,0.8825404460612569,1002,981801.5474099924,1.09560199472574,1011,-3453031.195907681,-3084371.7148033157,-368659.48110436555,10,-931017.0822310699,-4757622.860637681,40.0,-5.0,2000000000.0,4.5,3.0,4.0,3,50.0
4518,-2703724.862104313,0.838102612787427,1182,-380646.85269900266,0.975489424098939,1323,-1350461.028514358,0.8825404460612569,1002,981801.5474099924,1.09560199472574,1011,-3453031.195907681,-3084371.7148033157,-368659.48110436555,10,-931017.0822310699,-4757622.860637681,40.0,-5.0,2000000000.0,4.5,3.0,4.0,3,0.0
3765,-2373568.9846940143,0.8592779017158485,1041,-535477.410879241,0.9658004866526875,1106,-1621296.2500293888,0.8545219330862417,799,891791.7908982545,1.090056606663724,819,-3638550.8547043893,-2909046.395573255,-729504.4591311343,9,-1282555.2634565006,-4950189.18658439,40.0,-5.0,2000000000.0,4.5,3.0,4.0,5,50.0
3765,-2373568.9846940143,0.8592779017158485,1041,-535477.410879241,0.9658004866526875,1106,-1621296.2500293888,0.8545219330862417,799,891791.7908982545,1.090056606663724,819,-3638550.8547043893,-2909046.395573255,-729504.4591311343,9,-1282555.2634565006,-4950189.18658439,40.0,-5.0,2000000000.0,4.5,3.0,4.0,5,0.0
5811,-2410153.553314451,0.8429466183295966,1474,-738460.6698578959,0.9512734753279521,1647,-311264.15358299273,0.971723938356743,1337,693786.0331741506,1.0637297928828084,1353,-2766092.343581189,-3148614.223172347,382521.8795911579,12,-975373.6110693266,-4135617.342063189,40.0,-5.0,2000000000.0,4.5,5.0,2.0,2,50.0
5811,-2410153.553314451,0.8429466183295966,1474,-738460.6698578959,0.9512734753279521,1647,-311264.15358299273,0.971723938356743,1337,693786.0331741506,1.0637297928828084,1353,-2766092.343581189,-3148614.223172347,382521.8795911579,12,-975373.6110693266,-4135617.342063189,40.0,-5.0,2000000000.0,4.5,5.0,2.0,2,0.0
4962,-2149244.245384201,0.8625295114182709,1314,-1434735.8830142375,0.9069646389467634,1442,-950723.1941301473,0.9102661875268522,1093,973678.7508657941,1.0916681241371147,1113,-3561024.5716627925,-3583980.1283984384,22955.556735646795,9,-956467.3670168683,-4996224.570144793,40.0,-5.0,2000000000.0,4.5,5.0,2.0,3,50.0
4961,-2133344.245384201,0.8635465111255605,1314,-1448955.883014238,0.9059737683387549,1441,-961133.1941301473,0.9092836418252086,1093,973678.7508657941,1.0916681241371147,1113,-3569754.571662792,-3582300.128398439,12545.556735646795,10,-956467.3670168683,-5004954.570144792,40.0,-5.0,2000000000.0,4.5,5.0,2.0,3,0.0
4261,-1896425.2074757,0.8784663730954637,1191,-1570270.048014368,0.9004530094712551,1257,-697258.4764419774,0.9318624458984757,898,1219633.9275614833,1.1249907726761987,915,-2944319.804370561,-3466695.255490068,522375.4511195059,12,-990502.44289828,-4416044.803460561,40.0,-5.0,2000000000.0,4.5,5.0,2.0,5,50.0
4252,-1861625.2076257,0.8806965534270558,1191,-1639811.7146177678,0.8958314350068701,1254,-772618.1765119773,0.9244082553333944,895,1233440.2628702836,1.1264896502575696,912,-3040614.8358851615,-3501436.9222434675,460822.08635830623,11,-990502.44289828,-4512339.834975162,40.0,-5.0,2000000000.0,4.5,5.0,2.0,5,0.0
5458,-2177012.810887225,0.8598452881279613,1389,-23389.559563171933,0.9984562054962158,1547,-1177441.4575755252,0.8992078652896368,1262,701364.9675091992,1.065635404903145,1260,-2676478.860516724,-2200402.370450397,-476076.490066326,9,-832964.4954860483,-4175853.8589987243,40.0,-5.0,2000000000.0,4.5,5.0,3.0,2,50.0
5458,-2177012.810887225,0.8598452881279613,1389,-23389.559563171933,0.9984562054962158,1547,-1177441.4575755252,0.8992078652896368,1262,701364.9675091992,1.065635404903145,1260,-2676478.860516724,-2200402.370450397,-476076.490066326,9,-832964.4954860483,-4175853.8589987243,40.0,-5.0,2000000000.0,4.5,5.0,3.0,2,0.0
4472,-1452201.2700879315,0.908655989591144,1175,-1481936.5742439542,0.9063802762105987,1305,-697776.6978455704,0.9355752839011244,1005,1046031.14232769,1.103838860731222,987,-2585883.399849766,-2934137.8443318857,348254.44448211964,8,-1099647.026728961,-4072475.064939766,40.0,-5.0,2000000000.0,4.5,5.0,3.0,3,50.0
4471,-1436301.2700879315,0.9096561056187336,1175,-1513451.5742439542,0.904269879279276,1304,-715186.6978455704,0.9339678437118137,1005,1046031.14232769,1.103838860731222,987,-2618908.399849766,-2949752.8443318857,330844.44448211964,8,-1099647.026728961,-4105500.064939766,40.0,-5.0,2000000000.0,4.5,5.0,3.0,3,0.0
3642,-1646601.5976709046,0.8967674381916495,1007,-2415404.06637259,0.8532504262615254,1077,-1626869.4118088498,0.8524731110498667,789,727473.5822930955,1.074820247047528,769,-4961401.493559249,-4062005.6640434945,-899395.8295157542,9,-995615.0221282169,-6453026.493559249,40.0,-5.0,2000000000.0,4.5,5.0,3.0,5,50.0
3640,-1627701.5978209046,0.8979523607651806,1007,-2423489.6228833725,0.8522271337061674,1075,-1643441.57882885,0.8511949236203757,790,660884.582293096,1.0678140907175901,768,-5033748.217240031,-4051191.220704277,-982556.9965357541,9,-981858.3561282168,-6525373.217240031,40.0,-5.0,2000000000.0,4.5,5.0,3.0,5,0.0
5325,-2472170.6456652964,0.843917651209952,1346,-584884.7759587856,0.9616134126244357,1510,-816215.683263194,0.9282476702791748,1230,929770.3201062945,1.087702121825867,1239,-2943500.7847809806,-3057055.421624082,113554.63684310042,11,-832426.4706921203,-4448625.783262981,40.0,-5.0,2000000000.0,4.5,5.0,4.0,2,50.0
5325,-2472170.6456652964,0.843917651209952,1346,-584884.7759587856,0.9616134126244357,1510,-816215.683263194,0.9282476702791748,1230,929770.3201062945,1.087702121825867,1239,-2943500.7847809806,-3057055.421624082,113554.63684310042,11,-832426.4706921203,-4448625.783262981,40.0,-5.0,2000000000.0,4.5,5.0,4.0,2,0.0
4239,-1904436.494058773,0.8812347850319054,1108,-1016412.9505025838,0.9346670096235927,1241,-994927.6447918677,0.9100966576080083,950,1686174.8785017503,1.1750122863933592,940,-2229602.210851474,-2920849.4445613567,691247.2337098826,10,-821588.2290296637,-3702143.875941474,40.0,-5.0,2000000000.0,4.5,5.0,4.0,3,50.0
4238,-1888536.494058773,0.8822263470629229,1108,-1046254.950502584,0.9326560694919882,1240,-1020437.6447918677,0.9077915309222386,950,1686174.8785017503,1.1750122863933592,940,-2269054.2108514747,-2934791.4445613567,665737.2337098826,10,-821588.2290296637,-3741595.875941475,40.0,-5.0,2000000000.0,4.5,5.0,4.0,3,0.0
3322,-2604306.323623841,0.838971708285877,916,-1696178.219417559,0.8920359124835779,979,-1315159.9366168743,0.8731310674737458,713,1337529.1994124542,1.1430431654644557,714,-4278115.28024582,-4300484.543041401,22369.262795579853,9,-1082789.3323302004,-5766011.94628482,40.0,-5.0,2000000000.0,4.5,5.0,4.0,5,50.0
3315,-2662231.9427800393,0.8363010360117524,916,-1674226.886437839,0.8930044431568872,976,-1418431.4370608744,0.8630379422342487,710,1350677.5328424543,1.1440070096030197,713,-4404212.733436299,-4336458.829217878,-67753.90421842015,9,-1070957.082844442,-5892109.399475299,40.0,-5.0,2000000000.0,4.5,5.0,4.0,5,0.0
5782,-2937396.8166958187,0.8095012804141762,1466,-953078.7219057697,0.9374258542186822,1639,-650188.8204789928,0.9411538131000924,1331,376206.3669114505,1.034540936191167,1346,-4164457.9921691306,-3890475.5386015885,-273982.45356754225,10,-986152.6113573266,-6132246.878525549,40.0,-5.0,2000000000.0,4.5,0.0,2.0,2,50.0
5781,-2937396.8166958187,0.8095012804141762,1466,-960902.7219057699,0.9368301524560724,1638,-650188.8204789928,0.9411538131000924,1331,376206.3669114505,1.034540936191167,1346,-4172281.9921691306,-3898299.5386015885,-273982.45356754225,10,-986152.6113573266,-6140070.878525549,40.0,-5.0,2000000000.0,4.5,0.0,2.0,2,0.0
4847,-2648003.8745766245,0.8275573627123436,1273,-1763407.5977684483,0.8848987914437665,1415,-1081605.7951507773,0.8981149818331735,1076,738257.9096067336,1.0707521334308798,1083,-4754759.357889117,-4411411.472345073,-343347.88554404373,8,-1095716.9744214602,-7035942.690269116,40.0,-5.0,2000000000.0,4.5,0.0,2.0,3,50.0
4827,-2750360.414088684,0.8200252818328617,1267,-1611544.0410523184,0.8941955729750233,1406,-1008261.7951076773,0.9043407114122957,1072,784410.7473187337,1.074828586103385,1082,-4585755.502929946,-4361904.455141002,-223851.04778894363,9,-1111746.9744214602,-7053855.499996947,40.0,-5.0,2000000000.0,4.5,0.0,2.0,3,0.0
3996,-2499579.1667532367,0.8322362764284308,1108,-1407828.8332343355,0.9074809830982223,1191,-591318.5136732555,0.9397420828573313,851,786863.1177214833,1.0853523157288065,846,-3711863.3959393436,-3907407.9999875724,195544.6040482279,12,-1070995.4435522803,-6493388.395939344,40.0,-5.0,2000000000.0,4.5,0.0,2.0,5,50.0
3906,-2763949.042989389,0.8133017667308764,1094,-778256.8341535786,0.9470880284823362,1158,-461264.90403075545,0.9524572771592312,835,597463.3593110838,1.066690062603594,819,-3406007.42186264,-3542205.8771429677,136198.45528032834,11,-1036729.4435522803,-6702185.75319764,40.0,-5.0,2000000000.0,4.5,0.0,2.0,5,0.0
5422,-2295008.3124608584,0.851966303846463,1379,-289709.63760748564,0.9809743142637977,1537,-1419760.1283715246,0.8775776302258621,1254,238172.634171499,1.0222278375892626,1252,-3766305.4442683696,-2584717.950068344,-1181587.4942000257,9,-793243.4957740483,-5931097.10747562,40.0,-5.0,2000000000.0,4.5,0.0,3.0,2,50.0
5422,-2295008.3124608584,0.851966303846463,1379,-311709.6376074857,0.9795295398004658,1537,-1419760.1283715246,0.8775776302258621,1254,238172.634171499,1.0222278375892626,1252,-3788305.4442683696,-2606717.950068344,-1181587.4942000257,8,-793243.4957740483,-5953097.10747562,40.0,-5.0,2000000000.0,4.5,0.0,3.0,2,0.0
4373,-2652563.6995284646,0.8335875207918639,1145,-1617157.3605836048,0.8964194487210265,1280,-962008.8663228196,0.9111626709672476,981,899220.6806867593,1.0897941133948696,967,-4332509.24574813,-4269721.060112069,-62788.18563606031,6,-1182219.651839961,-6685359.244533129,40.0,-5.0,2000000000.0,4.5,0.0,3.0,3,50.0
4364,-2884643.6995934644,0.8200864315085371,1144,-1471344.4713144754,0.9056697072102166,1276,-839665.5326386695,0.9221369088130266,980,958932.9849107597,1.0953370128917321,964,-4236720.71863585,-4355988.17090794,119267.45227209025,7,-1219219.651839961,-6820187.38247085,40.0,-5.0,2000000000.0,4.5,0.0,3.0,3,0.0
3404,-2204685.444539277,0.8540362246247714,931,-2044519.7470280041,0.8708677260827519,1024,-1155939.2442713254,0.8854384061730773,735,-72898.89763038419,0.9920128802006712,714,-5478043.33346899,-4249205.191567281,-1228838.1419017096,8,-1059677.396959217,-8164368.33211899,40.0,-5.0,2000000000.0,4.5,0.0,3.0,5,50.0
3355,-2339427.7410984626,0.8427986277846357,917,-1391476.9150874186,0.9097113175855159,1006,-1080698.8283798452,0.8929021124555601,730,-527824.6595879841,0.942320788102074,702,-5339428.14415371,-3730904.6561858812,-1608523.4879678292,8,-1016410.7306802169,-8421281.47413871,40.0,-5.0,2000000000.0,4.5,0.0,3.0,5,0.0
5291,-2629195.134516491,0.8325460000768476,1334,-659541.8127021494,0.9567479248041234,1502,-1048498.767139194,0.9081456973698917,1224,572040.9872216948,1.0537831993263718,1231,-3765194.727136139,-3288736.9472186407,-476457.77991749917,10,-963322.4712832703,-5952119.722723389,40.0,-5.0,2000000000.0,4.5,0.0,4.0,2,50.0
5291,-2629195.134516491,0.8325460000768476,1334,-681541.8127021494,0.9553051873825021,1502,-1048498.767139194,0.9081456973698917,1224,572040.9872216948,1.0537831993263718,1231,-3787194.727136139,-3310736.9472186407,-476457.77991749917,10,-963322.4712832703,-5974119.722723389,40.0,-5.0,2000000000.0,4.5,0.0,4.0,2,0.0
4150,-2691114.151086226,0.8323372013226945,1078,-945641.5842302148,0.9382511390627422,1220,-1235939.2292659837,0.8875560207437365,930,1513548.8117345497,1.1584102355425587,922,-3359146.1528478754,-3636755.735316441,277609.582468566,8,-904649.8450395602,-5740196.151632875,40.0,-5.0,2000000000.0,4.5,0.0,4.0,3,50.0
4135,-2880902.483911226,0.8205294862762652,1076,-807740.6953240844,0.9473570707703698,1216,-1154644.5625659837,0.8946969882951383,927,1571120.71556655,1.1647223254507555,916,-3272167.026234745,-3688643.1792353103,416476.1530005662,8,-856579.8450395602,-5899667.022086745,40.0,-5.0,2000000000.0,4.5,0.0,4.0,3,0.0
3130,-2696183.5312507423,0.827070701685833,855,-1448488.0994441411,0.904556288200221,934,-1583017.785174015,0.8404606740479534,667,-60285.17569447227,0.9936286967112351,674,-5787974.591563372,-4144671.6306948834,-1643302.9608684871,8,-1024103.4758874278,-8366524.590213371,40.0,-5.0,2000000000.0,4.5,0.0,4.0,5,50.0
3071,-2996983.5455860654,0.8056433125404111,843,-729894.0999717854,0.9499193802796292,912,-1613820.8535626144,0.8392455217445253,661,94985.39601444785,1.0103529669301616,655,-5245713.103106016,-3726877.6455578506,-1518835.4575481666,8,-1002503.4760584277,-8342849.765291017,40.0,-5.0,2000000000.0,4.5,0.0,4.0,5,0.0
4783,-2133165.4187954315,0.7955104376848149,1130,-659912.0396826235,0.9388518907793479,1285,-497093.8726539389,0.9434436446274074,1149,550618.1224971908,1.0640929860223232,1219,-2739553.208634803,-2793077.458478055,53524.24984325195,10,-874593.2825866635,-3785331.5396628026,40.0,-5.0,800000000.0,3.0,3.0,2.0,2,50.0
4783,-2133165.4187954315,0.7955104376848149,1130,-659912.0396826235,0.9388518907793479,1285,-497093.8726539389,0.9434436446274074,1149,550618.1224971908,1.0640929860223232,1219,-2739553.208634803,-2793077.458478055,53524.24984325195,10,-874593.2825866635,-3785331.5396628026,40.0,-5.0,800000000.0,3.0,3.0,2.0,2,0.0
4160,-1445238.910317823,0.8624871895491805,1023,-253857.42739201774,0.9763092917179143,1140,-539062.1508562195,0.9385712933530755,970,726287.7233734301,1.0861897028912635,1027,-1511870.7651926307,-1699096.3377098409,187225.57251721062,13,-638760.4344890799,-2610649.0974526303,40.0,-5.0,800000000.0,3.0,3.0,2.0,3,50.0
4160,-1445238.910317823,0.8624871895491805,1023,-253857.42739201774,0.9763092917179143,1140,-539062.1508562195,0.9385712933530755,970,726287.7233734301,1.0861897028912635,1027,-1511870.7651926307,-1699096.3377098409,187225.57251721062,13,-638760.4344890799,-2610649.0974526303,40.0,-5.0,800000000.0,3.0,3.0,2.0,3,0.0
3733,-1020899.4748472037,0.9055024953306542,950,-147904.3246560133,0.9869062716725603,1052,-256122.93977936264,0.9705340244398359,846,1195200.4433541303,1.1439202521025904,885,-229726.29592844925,-1168803.799503217,939077.5035747676,14,-707432.2845391298,-1596494.8121313713,40.0,-5.0,800000000.0,3.0,3.0,2.0,5,50.0
3733,-1020899.4748472037,0.9055024953306542,950,-147904.3246560133,0.9869062716725603,1052,-256122.93977936264,0.9705340244398359,846,1195200.4433541303,1.1439202521025904,885,-229726.29592844925,-1168803.799503217,939077.5035747676,14,-707432.2845391298,-1596494.8121313713,40.0,-5.0,800000000.0,3.0,3.0,2.0,5,0.0
4546,-1901456.9307883363,0.8186094863885858,1080,-300604.44305734173,0.9718636614782544,1225,-1160425.4921113756,0.8730145130780643,1088,336235.94966488087,1.0391307587273213,1153,-3026250.916292173,-2202061.373845678,-824189.5424464947,9,-854321.6304442454,-4145229.2473201724,40.0,-5.0,800000000.0,3.0,3.0,3.0,2,50.0
4546,-1901456.9307883363,0.8186094863885858,1080,-300604.44305734173,0.9718636614782544,1225,-1160425.4921113756,0.8730145130780643,1088,336235.94966488087,1.0391307587273213,1153,-3026250.916292173,-2202061.373845678,-824189.5424464947,9,-854321.6304442454,-4145229.2473201724,40.0,-5.0,800000000.0,3.0,3.0,3.0,2,0.0
3832,-1907899.3911570166,0.8280274497154758,946,43483.3866369006,1.0041248743530513,1042,-1005294.7415856711,0.8888453215931423,901,458194.15941999044,1.0543529367220534,943,-2411516.5866857963,-1864416.004520116,-547100.5821656806,12,-727979.4356038336,-3521611.586125796,40.0,-5.0,800000000.0,3.0,3.0,3.0,3,50.0
3832,-1907899.3911570166,0.8280274497154758,946,43483.3866369006,1.0041248743530513,1042,-1005294.7415856711,0.8888453215931423,901,458194.15941999044,1.0543529367220534,943,-2411516.5866857963,-1864416.004520116,-547100.5821656806,12,-727979.4356038336,-3521611.586125796,40.0,-5.0,800000000.0,3.0,3.0,3.0,3,0.0
3260,-995770.6044958623,0.9096448183187547,831,691892.4319572244,1.063824591135304,911,-1117246.015963925,0.8790124069444306,748,1157533.4195603305,1.1446909327622894,770,-263590.7689422321,-303878.1725386379,40287.403596405406,12,-842887.3156804998,-1526142.6179351541,40.0,-5.0,800000000.0,3.0,3.0,3.0,5,50.0
3260,-995770.6044958623,0.9096448183187547,831,691892.4319572244,1.063824591135304,911,-1117246.015963925,0.8790124069444306,748,1157533.4195603305,1.1446909327622894,770,-263590.7689422321,-303878.1725386379,40287.403596405406,12,-842887.3156804998,-1526142.6179351541,40.0,-5.0,800000000.0,3.0,3.0,3.0,5,0.0
4485,-1696196.4116209203,0.8324010103636543,1058,-407878.26333024143,0.9622121515196489,1209,-1325240.1272681425,0.85549081705913,1075,329326.66444819106,1.0384505528610535,1143,-3099988.137771113,-2104074.6749511617,-995913.4628199515,10,-768628.1657775699,-4218966.468799112,40.0,-5.0,800000000.0,3.0,3.0,4.0,2,50.0
4485,-1696196.4116209203,0.8324010103636543,1058,-407878.26333024143,0.9622121515196489,1209,-1325240.1272681425,0.85549081705913,1075,329326.66444819106,1.0384505528610535,1143,-3099988.137771113,-2104074.6749511617,-995913.4628199515,10,-768628.1657775699,-4218966.468799112,40.0,-5.0,800000000.0,3.0,3.0,4.0,2,0.0
3703,-1057972.166605475,0.8953873092687543,900,-671717.3790143237,0.9388994093342331,1015,-1096979.9827672287,0.881987655654027,872,861555.6099127302,1.1065890908726672,916,-1965113.9184742975,-1729689.5456197986,-235424.37285449856,13,-873682.4581454197,-3086292.251294297,40.0,-5.0,800000000.0,3.0,3.0,4.0,3,50.0
3703,-1057972.166605475,0.8953873092687543,900,-671717.3790143237,0.9388994093342331,1015,-1096979.9827672287,0.881987655654027,872,861555.6099127302,1.1065890908726672,916,-1965113.9184742975,-1729689.5456197986,-235424.37285449856,13,-873682.4581454197,-3086292.251294297,40.0,-5.0,800000000.0,3.0,3.0,4.0,3,0.0
3029,-846125.4372249469,0.9214900070539298,774,413125.75412581663,1.0379925812714004,857,-600046.6587879825,0.9308349788714335,686,1478724.6293367706,1.1937346214246405,712,445678.28744965815,-432999.6830991303,878677.9705487881,14,-937630.83196329,-814616.8949232637,40.0,-5.0,800000000.0,3.0,3.0,4.0,5,50.0
3029,-846125.4372249469,0.9214900070539298,774,413125.75412581663,1.0379925812714004,857,-600046.6587879825,0.9308349788714335,686,1478724.6293367706,1.1937346214246405,712,445678.28744965815,-432999.6830991303,878677.9705487881,14,-937630.83196329,-814616.8949232637,40.0,-5.0,800000000.0,3.0,3.0,4.0,5,0.0
4701,-1797085.6852593606,0.8260844961867203,1119,-933854.6865901819,0.9122499993224863,1259,-115215.00155173402,0.9866668781215159,1131,562249.8374063608,1.0663566067365384,1192,-2283905.5359949167,-2730940.3718495425,447034.8358546267,12,-825918.4109032635,-3462957.048226916,40.0,-5.0,800000000.0,3.0,5.0,2.0,2,50.0
4701,-1797085.6852593606,0.8260844961867203,1119,-933854.6865901819,0.9122499993224863,1259,-115215.00155173402,0.9866668781215159,1131,562249.8374063608,1.0663566067365384,1192,-2283905.5359949167,-2730940.3718495425,447034.8358546267,12,-825918.4109032635,-3462957.048226916,40.0,-5.0,800000000.0,3.0,5.0,2.0,2,0.0
3966,-1173259.293926673,0.8844030057691494,984,-446078.23280610086,0.9573221024054277,1085,-766124.2590501845,0.9123326263361864,924,1113738.42197183,1.1333453740684607,973,-1271723.3638111285,-1619337.526732774,347614.16292164556,12,-572588.1014551799,-2547406.6941411286,40.0,-5.0,800000000.0,3.0,5.0,2.0,3,50.0
3965,-1157359.293926673,0.8859695752545009,984,-460298.2328061009,0.9559140467546403,1084,-759824.2590501845,0.9130535334835032,924,1113738.42197183,1.1333453740684607,973,-1263743.363811128,-1617657.526732774,353914.16292164556,12,-572588.1014551799,-2539426.694141128,40.0,-5.0,800000000.0,3.0,5.0,2.0,3,0.0
3393,-825439.2512218445,0.9186927673873414,865,-98944.56576172201,0.9908169989167722,951,-651644.9259834025,0.9237797321544678,772,1555143.4156262293,1.190942008771787,805,-20885.327340739663,-924383.8169835665,903498.4896428267,12,-643561.2653943446,-1440368.6594787398,40.0,-5.0,800000000.0,3.0,5.0,2.0,5,50.0
3386,-712203.2519798445,0.9298526843977438,865,-128145.89860472234,0.9881078641361755,949,-634264.9260534027,0.9256470139015139,771,1534338.0818012292,1.188937486263647,801,59724.00516326004,-840349.1505845669,900073.1557478264,12,-670520.3828661552,-1361175.9936287398,40.0,-5.0,800000000.0,3.0,5.0,2.0,5,0.0
4478,-1653116.1960683304,0.8403775484969424,1072,-712892.1647457499,0.9326689300763492,1199,-1106284.7256518959,0.8788924047175579,1076,532995.4978810905,1.0631613115498837,1131,-2939297.588584886,-2366008.3608140806,-573289.2277708054,10,-804038.0920804454,-4158282.433636886,40.0,-5.0,800000000.0,3.0,5.0,3.0,2,50.0
4478,-1653116.1960683304,0.8403775484969424,1072,-712892.1647457499,0.9326689300763492,1199,-1106284.7256518959,0.8788924047175579,1076,532995.4978810905,1.0631613115498837,1131,-2939297.588584886,-2366008.3608140806,-573289.2277708054,10,-804038.0920804454,-4158282.433636886,40.0,-5.0,800000000.0,3.0,5.0,3.0,2,0.0
3659,-1458354.75422978,0.863914638255433,906,-342217.7121263767,0.9673519669608603,997,-928634.6921000606,0.895091457687249,858,678260.62457235,1.0796993357866995,898,-2050946.5338838673,-1800572.4663561569,-250374.0675277107,10,-770141.6524339634,-3330629.864213867,40.0,-5.0,800000000.0,3.0,5.0,3.0,3,50.0
3658,-1442454.75422978,0.8653983357203077,906,-344017.7121263767,0.9671058704996326,996,-936734.6921000606,0.894176394745963,858,678260.62457235,1.0796993357866995,898,-2044946.5338838673,-1786472.4663561569,-258474.0675277107,10,-770141.6524339634,-3324629.864213867,40.0,-5.0,800000000.0,3.0,5.0,3.0,3,0.0
2972,-705705.3730151709,0.9329830252135319,759,590891.7466045927,1.0555112376930256,834,-1410435.5692476348,0.8445841958193135,690,1428741.47522377,1.1859003031506359,689,-96507.7204344431,-114813.62641057826,18305.90597613505,12,-900224.3149343499,-1441857.718003443,40.0,-5.0,800000000.0,3.0,5.0,3.0,5,50.0
2963,-615601.3731651709,0.941379918428976,758,562636.5866357287,1.0532162665198992,829,-1390848.569317635,0.8462490219657227,689,1413401.47522377,1.184010647956402,687,-30411.880623307195,-52964.78652944218,22552.905906134984,11,-893924.3149343497,-1376261.878192307,40.0,-5.0,800000000.0,3.0,5.0,3.0,5,0.0
4421,-1403770.3240783007,0.8597827123838924,1050,-911450.0048293495,0.9154412873566982,1185,-911506.7781158728,0.8977061217923488,1063,576644.7126644007,1.0686634688032546,1123,-2650082.394359122,-2315220.32890765,-334862.06545147207,12,-716659.9487316785,-3853100.5722361216,40.0,-5.0,800000000.0,3.0,5.0,4.0,2,50.0
4421,-1403770.3240783007,0.8597827123838924,1050,-911450.0048293495,0.9154412873566982,1185,-911506.7781158728,0.8977061217923488,1063,576644.7126644007,1.0686634688032546,1123,-2650082.394359122,-2315220.32890765,-334862.06545147207,12,-716659.9487316785,-3853100.5722361216,40.0,-5.0,800000000.0,3.0,5.0,4.0,2,0.0
3544,-576655.2004026878,0.9415715208220523,869,-844188.7270051916,0.9216880381198871,971,-879614.461816658,0.9019732975952284,830,779360.6092314501,1.0931814921052405,874,-1521097.7799930873,-1420843.9274078794,-100253.8525852079,10,-733939.6656490198,-2830481.110365087,40.0,-5.0,800000000.0,3.0,5.0,4.0,3,50.0
3543,-560755.2004026878,0.9431825577437356,869,-842628.7270051916,0.9216360401424304,970,-887714.461816658,0.9010706108796885,830,779360.6092314501,1.0931814921052405,874,-1511737.779993087,-1403383.9274078794,-108353.8525852079,10,-727639.6656490198,-2821121.110365087,40.0,-5.0,800000000.0,3.0,5.0,4.0,3,0.0
2760,-664184.1984537435,0.9356755079818018,705,-39399.66322455404,0.9963055110054674,780,-1121868.8961788323,0.8693712934983637,628,1905821.0344059104,1.2632778950153174,647,80368.27654878038,-703583.8616782975,783952.1382270781,13,-998018.6658196201,-1284121.7216202193,40.0,-5.0,800000000.0,3.0,5.0,4.0,5,50.0
2753,-550834.1986037435,0.9464055713534318,704,-55899.65387323918,0.9947265083872879,776,-1139908.8961788323,0.8671825925363897,628,1919979.0344059104,1.267118560425855,645,173336.28575009498,-606733.8524769826,780070.1382270781,13,-991718.6658196201,-1191620.3796809048,40.0,-5.0,800000000.0,3.0,5.0,4.0,5,0.0
4688,-1612725.9129022607,0.8441915564282161,1118,-914109.829396457,0.9137962296702401,1255,-275209.9013476341,0.9682176390414649,1128,704653.5037897606,1.0843491399415919,1187,-2097392.139856591,-2526835.7422987176,429443.60244212655,12,-789900.9109032635,-3763892.137476591,40.0,-5.0,800000000.0,3.0,0.0,2.0,2,50.0
4688,-1612725.9129022607,0.8441915564282161,1118,-921909.829396457,0.9130606622504958,1255,-272409.9013476341,0.9685409944521828,1128,704653.5037897606,1.0843491399415919,1187,-2102392.139856591,-2534635.7422987176,432243.60244212655,12,-789900.9109032635,-3770992.137476591,40.0,-5.0,800000000.0,3.0,0.0,2.0,2,0.0
3924,-1313088.1860129242,0.8710338863718048,977,-481156.13384509465,0.9535874844397505,1075,-970934.5919983094,0.8886104091335761,914,1175336.07985608,1.1434311155902295,958,-1589842.8320002481,-1794244.3198580188,204401.48785777064,11,-626827.6250551798,-3482042.8299302477,40.0,-5.0,800000000.0,3.0,0.0,2.0,3,50.0
3915,-1305757.883465922,0.8714584175970538,976,-546066.7397050947,0.947268805698594,1070,-895429.0921903092,0.896719305767659,912,1160608.07935408,1.1417370931344657,957,-1586645.636007246,-1851824.6231710166,265178.9871637707,10,-571827.6250551798,-3627728.9665372465,40.0,-5.0,800000000.0,3.0,0.0,2.0,3,0.0
3295,-673055.6478546364,0.9330146786529301,845,295694.36264031875,1.0280836786960148,928,-273865.1751473972,0.9667642940400027,748,1233946.05818568,1.1530191744976377,774,582719.5978239649,-377361.2852143177,960080.8830382829,13,-554519.7652221195,-1623647.067656035,40.0,-5.0,800000000.0,3.0,0.0,2.0,5,50.0
3232,-347709.02210865146,0.9647916380827166,834,449702.5292383186,1.0435899827994453,910,-466392.7482370976,0.9428412234099915,736,1056886.2599042798,1.1344815902458505,752,692487.0187968498,101993.50712966715,590493.5116671822,13,-678809.7652221195,-1886923.88705315,40.0,-5.0,800000000.0,3.0,0.0,2.0,5,0.0
4465,-1681419.4236906304,0.8385967564954377,1070,-709516.4736694752,0.9326085741022884,1194,-1157038.8254587958,0.8737108903154897,1074,545174.9975315904,1.0652115569554832,1127,-3002799.725287311,-2390935.8973601055,-611863.8279272054,9,-768020.5920804454,-4687699.722127311,40.0,-5.0,800000000.0,3.0,0.0,3.0,2,50.0
4465,-1681419.4236906304,0.8385967564954377,1070,-717316.4736694752,0.9318677130490085,1194,-1154238.8254587958,0.8740165062545023,1074,545174.9975315904,1.0652115569554832,1127,-3007799.725287311,-2398735.8973601055,-609063.8279272054,9,-768020.5920804454,-4694799.722127311,40.0,-5.0,800000000.0,3.0,0.0,3.0,2,0.0
3622,-1603775.9799629478,0.8504767287450301,901,-487195.61219764047,0.9535981664805067,989,-1125669.2594365608,0.8728868442251544,849,812291.1163360998,1.0968939130384552,883,-2404349.7352610496,-2090971.5921605881,-313378.143100461,11,-828453.3188099633,-4270077.509397241,40.0,-5.0,800000000.0,3.0,0.0,3.0,3,50.0
3612,-1597545.6774569459,0.8510575924212818,901,-556778.9452776406,0.9468508898671648,985,-907311.1091634108,0.8964527298609567,847,971153.6155840999,1.1173210869916907,879,-2090482.1163138975,-2154324.6227345867,63842.50642068905,11,-847053.3188099633,-4112665.4460238977,40.0,-5.0,800000000.0,3.0,0.0,3.0,3,0.0
2884,-777675.853006293,0.9242955124438952,735,362070.43971200346,1.034330505950229,814,-1298137.0181259648,0.8554814946888447,670,1236709.1101570104,1.1658227886454064,665,-477033.3212632438,-415605.4132942895,-61427.907968954416,12,-778915.3151938498,-2641899.986743244,40.0,-5.0,800000000.0,3.0,0.0,3.0,5,50.0
2836,-521201.933342129,0.9486615060719229,729,334038.61310513946,1.0321935512560347,799,-1158916.434585765,0.8672727640166158,656,1430350.10845761,1.1955063217119175,652,84270.35363485594,-187163.32023698953,271433.673871845,13,-782275.3149858499,-2506740.552215144,40.0,-5.0,800000000.0,3.0,0.0,3.0,5,0.0
4410,-1356331.6627229038,0.8648438357859695,1049,-864743.3137530747,0.9192594417299607,1181,-1091167.0779227728,0.878906795392933,1061,593123.2123149008,1.0716300404418944,1119,-2719118.842083851,-2221074.9764759783,-498043.865607872,8,-680642.4487316785,-4376618.838923851,40.0,-5.0,800000000.0,3.0,0.0,4.0,2,50.0
4410,-1356331.6627229038,0.8648438357859695,1049,-872543.3137530747,0.9185311604648845,1181,-1088367.0779227728,0.8792175278002425,1061,593123.2123149008,1.0716300404418944,1119,-2724118.842083851,-2228874.9764759783,-495243.865607872,8,-680642.4487316785,-4383718.838923851,40.0,-5.0,800000000.0,3.0,0.0,4.0,2,0.0
3506,-647154.2598128556,0.9342997135233868,862,-961771.2936471454,0.9110537725100211,962,-1100687.2958471582,0.8770879641252806,821,921063.7755862998,1.1123055228869523,861,-1788549.0737208594,-1608925.553460001,-179623.52026085835,11,-782704.1524761694,-3610632.4061708595,40.0,-5.0,800000000.0,3.0,0.0,4.0,3,50.0
3497,-640923.9573068536,0.9349322252518867,862,-1043994.6267271452,0.9032073915583418,958,-983872.2960391581,0.8895402545267563,819,1004181.7756143003,1.1233427434782328,858,-1664609.1044588566,-1684918.5840339987,20309.479575142148,12,-801304.1524761694,-3639975.7686888566,40.0,-5.0,800000000.0,3.0,0.0,4.0,3,0.0
2685,-823445.1332662839,0.9192940626554715,687,322670.528911892,1.0309730968519646,763,-997705.8803830325,0.8823594379784596,612,1630982.3433954807,1.2295639113540986,623,132501.85865805577,-500774.6043543919,633276.4630124482,13,-834378.9987591202,-2088969.8068219442,40.0,-5.0,800000000.0,3.0,0.0,4.0,5,50.0
2643,-473456.52418113,0.9526861222063809,683,258100.89802374755,1.0250425529468117,749,-683493.0802594326,0.916510434104413,603,1554268.3423346803,1.2251882130100458,608,655419.6359178652,-215355.62615738244,870775.2620752477,13,-885832.3322531201,-1963291.2699321345,40.0,-5.0,800000000.0,3.0,0.0,4.0,5,0.0
7518,-4109596.7530798875,0.8024128756893881,2053,-1623671.482891974,0.9197879037791631,2203,-1100572.2818180942,0.918611184681187,1622,1673529.756286073,1.1361410232155384,1640,-5160310.761503885,-5733268.2359718615,572957.4744679788,10,-1273858.3417705412,-6414874.647458341,40.0,-5.0,800000000.0,4.5,3.0,2.0,2,50.0
7518,-4109596.7530798875,0.8024128756893881,2053,-1623671.482891974,0.9197879037791631,2203,-1100572.2818180942,0.918611184681187,1622,1673529.756286073,1.1361410232155384,1640,-5160310.761503885,-5733268.2359718615,572957.4744679788,10,-1273858.3417705412,-6414874.647458341,40.0,-5.0,800000000.0,4.5,3.0,2.0,2,0.0
6527,-3367455.8766380274,0.839182455673201,1858,-624674.4183943318,0.967924415975179,1929,-1632120.6879059477,0.8787633892581832,1365,1272068.751151354,1.1059524415243953,1375,-4352182.231786952,-3992130.295032359,-360051.9367545936,10,-1077722.6012633268,-5641178.063696953,40.0,-5.0,800000000.0,4.5,3.0,2.0,3,50.0
6527,-3367455.8766380274,0.839182455673201,1858,-624674.4183943318,0.967924415975179,1929,-1632120.6879059477,0.8787633892581832,1365,1272068.751151354,1.1059524415243953,1375,-4352182.231786952,-3992130.295032359,-360051.9367545936,10,-1077722.6012633268,-5641178.063696953,40.0,-5.0,800000000.0,4.5,3.0,2.0,3,0.0
5823,-3310723.36422771,0.8408836301435835,1719,-833353.3261586945,0.9575738611177773,1746,-907096.040181828,0.9277909629608662,1163,1399019.5247141644,1.1208519904765473,1195,-3652153.2058540676,-4144076.6903864043,491923.4845323365,12,-959802.0070773668,-5051567.55449699,40.0,-5.0,800000000.0,4.5,3.0,2.0,5,50.0
5823,-3310723.36422771,0.8408836301435835,1719,-833353.3261586945,0.9575738611177773,1746,-907096.040181828,0.9277909629608662,1163,1399019.5247141644,1.1208519904765473,1195,-3652153.2058540676,-4144076.6903864043,491923.4845323365,12,-959802.0070773668,-5051567.55449699,40.0,-5.0,800000000.0,4.5,3.0,2.0,5,0.0
7001,-3798902.9965713285,0.820264912432106,1912,-1508792.8653039322,0.9250683252168126,2054,-1567825.6384929235,0.8865788182737677,1513,1460510.090256983,1.1185147377997589,1522,-5415011.410111201,-5307695.86187526,-107315.54823594051,7,-1207721.7842387655,-6688845.2965656575,40.0,-5.0,800000000.0,4.5,3.0,3.0,2,50.0
7001,-3798902.9965713285,0.820264912432106,1912,-1508792.8653039322,0.9250683252168126,2054,-1567825.6384929235,0.8865788182737677,1513,1460510.090256983,1.1185147377997589,1522,-5415011.410111201,-5307695.86187526,-107315.54823594051,7,-1207721.7842387655,-6688845.2965656575,40.0,-5.0,800000000.0,4.5,3.0,3.0,2,0.0
5809,-3383335.387239199,0.8410702865700361,1640,-363619.55258050136,0.9812432835350745,1734,-2065735.4894084116,0.8497748941726918,1229,2370280.2460049726,1.2155173255784166,1206,-3442410.18322314,-3746954.9398197006,304544.75659656106,9,-1208312.3112205497,-4747322.6832231395,40.0,-5.0,800000000.0,4.5,3.0,3.0,3,50.0
5809,-3383335.387239199,0.8410702865700361,1640,-363619.55258050136,0.9812432835350745,1734,-2065735.4894084116,0.8497748941726918,1229,2370280.2460049726,1.2155173255784166,1206,-3442410.18322314,-3746954.9398197006,304544.75659656106,9,-1208312.3112205497,-4747322.6832231395,40.0,-5.0,800000000.0,4.5,3.0,3.0,3,0.0
4876,-2780051.829098575,0.8679039335045129,1453,-748077.4685223692,0.9611806180702999,1460,-1666151.5936406553,0.8718134125276177,985,708684.5005604407,1.0633343120871013,978,-4485596.390701159,-3528129.2976209437,-957467.0930802146,10,-898278.5654633958,-5896777.407464081,40.0,-5.0,800000000.0,4.5,3.0,3.0,5,50.0
4876,-2780051.829098575,0.8679039335045129,1453,-748077.4685223692,0.9611806180702999,1460,-1666151.5936406553,0.8718134125276177,985,708684.5005604407,1.0633343120871013,978,-4485596.390701159,-3528129.2976209437,-957467.0930802146,10,-898278.5654633958,-5896777.407464081,40.0,-5.0,800000000.0,4.5,3.0,3.0,5,0.0
6804,-4431250.549288018,0.793203932644778,1836,-1458806.6033940269,0.9269849470377095,1998,-1999455.7799591827,0.8560613993079079,1473,1483191.2900217134,1.1192108722535248,1497,-6406321.642619513,-5890057.152682045,-516264.48993746936,8,-1219797.3110981917,-7724335.529073969,40.0,-5.0,800000000.0,4.5,3.0,4.0,2,50.0
6804,-4431250.549288018,0.793203932644778,1836,-1458806.6033940269,0.9269849470377095,1998,-1999455.7799591827,0.8560613993079079,1473,1483191.2900217134,1.1192108722535248,1497,-6406321.642619513,-5890057.152682045,-516264.48993746936,8,-1219797.3110981917,-7724335.529073969,40.0,-5.0,800000000.0,4.5,3.0,4.0,2,0.0
5457,-4156266.673615503,0.805447713916213,1528,-1008279.2342760814,0.9481816022402952,1630,-1749978.1313771887,0.8699572402555245,1150,1971036.1472526724,1.180102230997595,1149,-4943487.892016101,-5164545.907891585,221058.01587548363,10,-1380970.5767731997,-6313712.892016101,40.0,-5.0,800000000.0,4.5,3.0,4.0,3,50.0
5457,-4156266.673615503,0.805447713916213,1528,-1008279.2342760814,0.9481816022402952,1630,-1749978.1313771887,0.8699572402555245,1150,1971036.1472526724,1.180102230997595,1149,-4943487.892016101,-5164545.907891585,221058.01587548363,10,-1380970.5767731997,-6313712.892016101,40.0,-5.0,800000000.0,4.5,3.0,4.0,3,0.0
4405,-2925667.3731136154,0.8558282223512594,1277,-1637878.0506567506,0.915829744462634,1337,-1043341.5161282427,0.9159717980172376,899,826798.7383612043,1.0764506287765883,892,-4780088.201537405,-4563545.423770366,-216542.77776703844,9,-1094369.0975024006,-6227849.218300328,40.0,-5.0,800000000.0,4.5,3.0,4.0,5,50.0
4405,-2925667.3731136154,0.8558282223512594,1277,-1637878.0506567506,0.915829744462634,1337,-1043341.5161282427,0.9159717980172376,899,826798.7383612043,1.0764506287765883,892,-4780088.201537405,-4563545.423770366,-216542.77776703844,9,-1094369.0975024006,-6227849.218300328,40.0,-5.0,800000000.0,4.5,3.0,4.0,5,0.0
7247,-3721473.8946079626,0.8180132202856936,1980,-1213181.2453167387,0.9381786245230461,2122,-1582024.2845640942,0.8830061851799913,1569,1050224.7152041402,1.0852716214776243,1576,-5466454.709284657,-4934655.139924701,-531799.569359954,8,-1297729.2949227411,-6866029.707774657,40.0,-5.0,800000000.0,4.5,5.0,2.0,2,50.0
7247,-3721473.8946079626,0.8180132202856936,1980,-1213181.2453167387,0.9381786245230461,2122,-1582024.2845640942,0.8830061851799913,1569,1050224.7152041402,1.0852716214776243,1576,-5466454.709284657,-4934655.139924701,-531799.569359954,8,-1297729.2949227411,-6866029.707774657,40.0,-5.0,800000000.0,4.5,5.0,2.0,2,0.0
6023,-2931813.734500124,0.8554265729964801,1726,-607607.7469603191,0.9674004188142196,1776,-1223128.896666937,0.9042942185725806,1263,2009786.6161112837,1.1772011900255908,1258,-2752763.762016097,-3539421.481460443,786657.7194443466,11,-1034419.923873741,-4239213.761106097,40.0,-5.0,800000000.0,4.5,5.0,2.0,3,50.0
6021,-2899213.734500124,0.8569163115199117,1725,-621827.7469603191,0.9666172792801044,1775,-1209538.896666937,0.9053575910210143,1263,2009786.6161112837,1.1772011900255908,1258,-2720793.762016097,-3521041.481460443,800247.7194443466,11,-1034419.923873741,-4207243.761106097,40.0,-5.0,800000000.0,4.5,5.0,2.0,3,0.0
5061,-2230737.931620309,0.8850054425843173,1494,-1191577.27756789,0.9361267818042663,1516,-998042.1800783677,0.9166744549509721,1021,1112809.5650594535,1.099145726258419,1030,-3307547.8242071136,-3422315.209188199,114767.38498108578,10,-1053877.8312893999,-4898022.823297113,40.0,-5.0,800000000.0,4.5,5.0,2.0,5,50.0
5053,-2093397.931770309,0.8918738467068966,1493,-1169392.7771948902,0.9373184405451107,1514,-1038261.6796883678,0.9133201296019209,1020,1071587.5008497534,1.0957361403424992,1026,-3229464.8878038134,-3262790.708965199,33325.821161385626,10,-1053877.8312893999,-4819939.8868938135,40.0,-5.0,800000000.0,4.5,5.0,2.0,5,0.0
6772,-3475595.568301976,0.8341857354245379,1852,-1090715.0758841292,0.9447701350496094,1984,-1902447.9415562332,0.8620347838122984,1462,1232945.0495348605,1.101307866652662,1474,-5235813.536207478,-4566310.644186106,-669502.8920213727,10,-1321148.06573762,-6648488.535607478,40.0,-5.0,800000000.0,4.5,5.0,3.0,2,50.0
6772,-3475595.568301976,0.8341857354245379,1852,-1090715.0758841292,0.9447701350496094,1984,-1902447.9415562332,0.8620347838122984,1462,1232945.0495348605,1.101307866652662,1474,-5235813.536207478,-4566310.644186106,-669502.8920213727,10,-1321148.06573762,-6648488.535607478,40.0,-5.0,800000000.0,4.5,5.0,3.0,2,0.0
5379,-2972255.0523574976,0.8580889128290594,1534,-1136844.890112565,0.9395910906224985,1596,-1497092.1112902807,0.8859688395067307,1137,2538732.94918062,1.239000352585613,1112,-3067459.104579723,-4109099.9424700625,1041640.8378903391,10,-1597709.14602783,-4509567.437299723,40.0,-5.0,800000000.0,4.5,5.0,3.0,3,50.0
5377,-2931305.0523574976,0.8598764908410426,1533,-1059687.890112565,0.9434818123783205,1595,-1483502.1112902807,0.887003968514102,1137,2538732.94918062,1.239000352585613,1112,-2935762.1045797225,-3990992.9424700625,1055230.837890339,10,-1597709.14602783,-4377870.437299723,40.0,-5.0,800000000.0,4.5,5.0,3.0,3,0.0
4257,-1332900.3733561868,0.9327334879654067,1270,-1858885.9720614287,0.9023479036007843,1278,-837559.397551464,0.9282750270888865,864,807792.9338236959,1.0752973176174534,845,-3221552.8091453835,-3191786.3454176155,-29766.46372776816,9,-1064762.2294983098,-4832977.809145384,40.0,-5.0,800000000.0,4.5,5.0,3.0,5,50.0
4247,-1253110.373490187,0.9366278200116332,1268,-1849076.2764202105,0.9022164306748092,1273,-891197.8971614642,0.9236827749880075,863,922904.9340766957,1.0864968726381172,843,-3070479.612995166,-3102186.649910398,31707.036915231496,10,-1064762.2294983098,-4681904.612995166,40.0,-5.0,800000000.0,4.5,5.0,3.0,5,0.0
6607,-4365913.22279156,0.798700865153547,1791,-1238979.442684608,0.9369826859403442,1938,-1613883.7656079931,0.8809973548560246,1424,946877.1692418407,1.0756151603402515,1454,-6271899.26184232,-5604892.665476168,-667006.5963661524,8,-1333809.2136397301,-7682824.26124232,40.0,-5.0,800000000.0,4.5,5.0,4.0,2,50.0
6607,-4365913.22279156,0.798700865153547,1791,-1238979.442684608,0.9369826859403442,1938,-1613883.7656079931,0.8809973548560246,1424,946877.1692418407,1.0756151603402515,1454,-6271899.26184232,-5604892.665476168,-667006.5963661524,8,-1333809.2136397301,-7682824.26124232,40.0,-5.0,800000000.0,4.5,5.0,4.0,2,0.0
5096,-4210611.962908345,0.8013140259782198,1438,-1348624.0382504168,0.929081445956017,1517,-1736981.7158186883,0.8677776463589357,1074,2327069.180458761,1.222452151331196,1067,-4969148.536518689,-5559236.001158762,590087.4646400725,11,-1645821.4119534597,-6415656.868636689,40.0,-5.0,800000000.0,4.5,5.0,4.0,3,50.0
5095,-4210611.962908345,0.8013140259782198,1438,-1276696.0382504165,0.9326356109823521,1516,-1737791.7158186883,0.867715987617526,1074,2327069.180458761,1.222452151331196,1067,-4898030.536518689,-5487308.001158762,589277.4646400725,11,-1645821.4119534597,-6344538.868636689,40.0,-5.0,800000000.0,4.5,5.0,4.0,3,0.0
3860,-2647688.391067785,0.8646197110236041,1125,-2171748.0922073796,0.8853644527817363,1172,-789473.6715577523,0.9307247705023004,787,538167.7014221542,1.050758852849077,776,-5070742.453410763,-4819436.483275165,-251305.9701355981,12,-1106783.6909554203,-6598022.453410763,40.0,-5.0,800000000.0,4.5,5.0,4.0,5,50.0
3855,-2876206.8298559827,0.8535733092589325,1123,-2393476.7588935797,0.8740193637616748,1169,-960298.1719357523,0.9163102521372484,787,590910.7019174041,1.0560087826041071,776,-5639071.058767911,-5269683.588749562,-369387.4700183482,12,-1079683.6909554203,-7166351.058767911,40.0,-5.0,800000000.0,4.5,5.0,4.0,5,0.0
7190,-4280372.21636837,0.7903512791569899,1958,-1282254.148660213,0.9344107353987813,2107,-1835350.9521957943,0.8640665840364525,1560,618896.7155742901,1.0502701279371838,1565,-6779080.601650086,-5562626.3650285825,-1216454.2366215042,7,-1404885.9620215914,-8857480.599780086,40.0,-5.0,800000000.0,4.5,0.0,2.0,2,50.0
7190,-4280372.21636837,0.7903512791569899,1958,-1312054.148660213,0.9328864197339355,2107,-1835350.9521957943,0.8640665840364525,1560,618896.7155742901,1.0502701279371838,1565,-6808880.601650086,-5592426.3650285825,-1216454.2366215042,7,-1404885.9620215914,-8887280.599780086,40.0,-5.0,800000000.0,4.5,0.0,2.0,2,0.0
5867,-3354893.6711582635,0.8305074641136403,1670,-737545.6346678028,0.9600183522854385,1743,-1674177.6303802873,0.8680672225778423,1237,1426430.4489414617,1.1285732301431541,1217,-4340186.487264892,-4092439.305826066,-247747.18143882556,9,-1051402.1661813203,-6547436.486284892,40.0,-5.0,800000000.0,4.5,0.0,2.0,3,50.0
5835,-3488754.120492231,0.8234960928702825,1662,-784470.0778236727,0.9574073990784648,1736,-1503172.4305412872,0.8804934023350312,1231,1541795.286851462,1.140862603640383,1206,-4234601.34200573,-4273224.198315904,38622.8563101748,9,-1047742.1661813203,-6576018.00705573,40.0,-5.0,800000000.0,4.5,0.0,2.0,3,0.0
4720,-2178845.0137336324,0.88141458463542,1383,-1761823.8558716609,0.9018139569398889,1426,-1450257.5080592153,0.87618670256617,964,766129.5409630232,1.0721454471400125,947,-4624796.836701484,-3940668.8696052935,-684127.9670961921,11,-1153066.0971759998,-7314001.240651924,40.0,-5.0,800000000.0,4.5,0.0,2.0,5,50.0
4599,-1891798.6509085952,0.8944755542116486,1347,-1646260.5468873004,0.9065775162228779,1394,-814177.8131117155,0.9278547365029136,936,909189.7822116237,1.0886436624202493,922,-3443047.2286959877,-3538059.197795896,95011.96909990825,10,-1067263.5975185998,-6837275.5600309875,40.0,-5.0,800000000.0,4.5,0.0,2.0,5,0.0
6726,-3909029.2269823276,0.8125141811090429,1832,-1249311.956189813,0.936365966124151,1972,-2281763.2585178334,0.8355024940575435,1457,818961.3828067109,1.0674119792754484,1465,-6621143.058883264,-5158341.18317214,-1462801.8757111225,8,-1415640.81573762,-8683193.057083264,40.0,-5.0,800000000.0,4.5,0.0,3.0,2,50.0
6726,-3909029.2269823276,0.8125141811090429,1832,-1279111.956189813,0.9348480952672326,1972,-2281763.2585178334,0.8355024940575435,1457,818961.3828067109,1.0674119792754484,1465,-6650943.058883264,-5188141.18317214,-1462801.8757111225,8,-1415640.81573762,-8712993.057083264,40.0,-5.0,800000000.0,4.5,0.0,3.0,2,0.0
5235,-3556118.221493167,0.8263804522450355,1484,-925772.7129422788,0.95031816214245,1568,-2226354.361107281,0.8298772321632005,1111,2131262.616453409,1.2059564754889454,1072,-4576982.679089317,-4481890.934435446,-95091.74465387175,10,-1555316.39632293,-6831782.678109317,40.0,-5.0,800000000.0,4.5,0.0,3.0,3,50.0
5211,-3663046.039323167,0.8200745849608491,1478,-678689.6567581487,0.9634086357662418,1561,-1871626.7774911304,0.855858013116548,1106,2019304.2543463097,1.1954521630241113,1066,-4194058.2192261363,-4341735.696081316,147677.4768551793,9,-1509316.39632293,-6653624.884276137,40.0,-5.0,800000000.0,4.5,0.0,3.0,3,0.0
3978,-2004131.135218903,0.8927240631140266,1165,-1925908.9279711447,0.8930346209260629,1208,-898006.1472013546,0.9208960551623782,814,-82056.08766775165,0.9920153129908187,791,-4910102.298059153,-3930040.0631900476,-980062.2348691062,10,-1082658.3120443097,-7581256.711549593,40.0,-5.0,800000000.0,4.5,0.0,3.0,5,50.0
3891,-1901981.7161829069,0.8950359515939601,1136,-2105376.2472494626,0.8815083056950459,1183,-833522.4277387653,0.9253769474095787,795,-447449.98793017375,0.9564247527215726,777,-5288330.379101308,-4007357.9634323698,-1280972.415668939,11,-996356.5613224098,-8475217.038468309,40.0,-5.0,800000000.0,4.5,0.0,3.0,5,0.0
6559,-4717547.772897508,0.7802243685132846,1769,-1449868.1490262516,0.9262200115173633,1929,-1900288.7169096926,0.8598674265240773,1418,415335.33629359095,1.0329835617826295,1443,-7652369.302539861,-6167415.921923759,-1484953.3806161017,8,-1188379.2144462802,-9772874.30066986,40.0,-5.0,800000000.0,4.5,0.0,4.0,2,50.0
6558,-4717547.772897508,0.7802243685132846,1769,-1479668.1490262516,0.9247035676543408,1929,-1900288.7169096926,0.8598674265240773,1418,512085.33629359095,1.0407417311127631,1442,-7585419.302539861,-6197215.921923759,-1388203.3806161017,8,-1188379.2144462802,-9708944.30066986,40.0,-5.0,800000000.0,4.5,0.0,4.0,2,0.0
4964,-4045865.6965020117,0.8030604311043673,1391,-1099620.6941283704,0.9415810649347962,1488,-2052477.2547888379,0.8426565226763626,1051,1783135.8473902703,1.1709079191030065,1034,-5414827.7980289515,-5145486.390630382,-269341.40739856753,11,-1611617.8294103597,-7721327.7980289515,40.0,-5.0,800000000.0,4.5,0.0,4.0,3,50.0
4942,-4137487.847965612,0.7976635743021405,1387,-954323.0773652403,0.9491192748527552,1482,-1635827.2547048377,0.8728809855086318,1044,1986173.7515754704,1.1910381800115368,1029,-4741464.428460219,-5091810.925330852,350346.49687063275,11,-1525742.8294103597,-7358914.425527219,40.0,-5.0,800000000.0,4.5,0.0,4.0,3,0.0
3627,-2245065.9891113387,0.8784956045329723,1050,-2194441.8278834145,0.8795977681080959,1110,-1174898.7454215926,0.8930202695942513,744,-8899.156326775643,0.9991205082377409,723,-5623305.718743122,-4439507.816994753,-1183797.9017483683,7,-1031028.99181052,-8105110.131208562,40.0,-5.0,800000000.0,4.5,0.0,4.0,5,50.0
3544,-2249108.4382993085,0.8749393681416772,1025,-2696320.8927548816,0.8487675127652748,1081,-1089133.0792155927,0.8996875076310372,727,-304146.8201412157,0.9691353030618383,711,-6338709.230410999,-4945429.33105419,-1393279.8993568085,9,-1045478.4287918713,-9673295.888427999,40.0,-5.0,800000000.0,4.5,0.0,4.0,5,0.0
5875,-1583749.1453043318,0.8620050552910895,1436,782834.8738028838,1.0678690741985521,1633,-633342.3504232512,0.9336260451674603,1393,1874858.9012128809,1.2196024798891487,1413,440602.27928818215,-800914.271501448,1241516.5507896296,13,-913048.8859106621,-791527.7195118178,45.0,-1.5,2000000000.0,3.0,3.0,2.0,2,50.0
5859,-1598954.478444832,0.8608006652793587,1433,788651.2069877835,1.0684411988447298,1630,-650220.3504172713,0.9315950979252218,1389,1992632.201002881,1.235464865685057,1407,532108.5791285613,-810303.2714570484,1342411.8505856097,13,-964532.2190511621,-700021.4196714386,45.0,-1.5,2000000000.0,3.0,3.0,2.0,2,0.0
4941,-1185246.4703684947,0.8963169724465503,1250,719762.599187016,1.0610483835937872,1416,-366413.93274582695,0.9602142913216848,1125,2306118.830512411,1.2820201360074706,1150,1474221.0265851049,-465483.8711814787,1939704.897766584,14,-500444.4985082492,95304.36251710518,45.0,-1.5,2000000000.0,3.0,3.0,2.0,3,50.0
4899,-1119151.8033396946,0.9018956111300842,1245,642210.4998100768,1.0548679034777746,1402,-247897.29200620716,0.9725516975161996,1112,2334779.1636744607,1.287083340736875,1140,1609940.568138635,-476941.30352961784,2086881.8716682536,14,-553493.3085639101,217473.90407063533,45.0,-1.5,2000000000.0,3.0,3.0,2.0,3,0.0
4199,-1856278.099927941,0.845409552341339,1104,845068.4126969987,1.0706261365747558,1230,-591476.1648399405,0.9357701887496216,934,2696101.5033579106,1.3559700277651925,931,1093415.651287027,-1011209.6872309424,2104625.33851797,15,-799148.16553958,-329417.67996097286,45.0,-1.5,2000000000.0,3.0,3.0,2.0,5,50.0
4144,-1708649.0101932413,0.8561565569983635,1091,1012471.6665951224,1.0850158709534663,1216,-491825.66555776057,0.9458206983847101,915,2234103.33684291,1.2899988323927607,922,1046100.3276870314,-696177.3435981189,1742277.6712851494,16,-776978.16553958,-289066.33638096834,45.0,-1.5,2000000000.0,3.0,3.0,2.0,5,0.0
5653,-1531851.33416983,0.8670905452945816,1372,808638.9452184066,1.069935982734251,1581,-869620.5444347919,0.9103057127014063,1340,2125390.816414421,1.2514356431214542,1360,532557.8830282053,-723212.3889514233,1255770.271979629,13,-792081.8163017246,-699792.1157717945,45.0,-1.5,2000000000.0,3.0,3.0,3.0,2,50.0
5639,-1491536.6673298301,0.8701536880458008,1370,777019.4864688069,1.066948332944942,1578,-856967.9201218218,0.9116507687397115,1337,2097203.950076421,1.247915813021709,1354,525718.8490935757,-714517.1808610233,1240236.029954599,13,-841615.1494617247,-706631.149706424,45.0,-1.5,2000000000.0,3.0,3.0,3.0,2,0.0
4584,-1255735.042162992,0.891524778730373,1153,-450632.58965867676,0.9635289358338259,1316,-737501.3654054628,0.9204016434027421,1048,2877878.013571031,1.368927386879319,1067,434009.01634389977,-1706367.6318216687,2140376.6481655682,10,-531781.8331198698,-928924.3149041,45.0,-1.5,2000000000.0,3.0,3.0,3.0,3,50.0
4552,-1176063.041888792,0.8976619637320588,1147,-404556.7221296157,0.9669817675966481,1307,-613677.9046615465,0.9329399980235059,1041,2766538.5799119803,1.3537119363600727,1057,572240.9112320261,-1580619.7640184078,2152860.675250434,11,-531781.8331198698,-806842.4200159737,45.0,-1.5,2000000000.0,3.0,3.0,3.0,3,0.0
3685,-2188924.2603559294,0.8237612179560639,971,410304.1099829973,1.0340767041284584,1083,-1157309.598148017,0.875110284308393,812,2386119.0749102104,1.3225748779762858,819,-549810.6736107382,-1778620.1503729322,1228809.4767621935,13,-929249.9145723298,-1860110.672410738,45.0,-1.5,2000000000.0,3.0,3.0,3.0,5,50.0
3630,-2120319.42549467,0.8270533060712091,960,324176.6875342324,1.0268731183963495,1070,-829811.9599075473,0.9077935922564274,796,2471023.9087598803,1.3392604273488669,804,-154930.78910810454,-1796142.7379604375,1641211.948852333,13,-907079.9145723298,-1470430.7879081042,45.0,-1.5,2000000000.0,3.0,3.0,3.0,5,0.0
5594,-1614682.2029395574,0.857775666718929,1354,554597.5873849646,1.0469269039131355,1569,-1006973.0302466312,0.8939443297026024,1320,2067572.5997623205,1.2432996683762945,1351,514.953961096704,-1060084.6155545928,1060599.5695156893,12,-773508.3820809496,-1210565.0453789034,45.0,-1.5,2000000000.0,3.0,3.0,4.0,2,50.0
5582,-1579087.5360995575,0.8604947639429945,1352,605195.9205598648,1.0511110282034442,1567,-983798.8640390811,0.896189581270565,1318,1925159.7334243208,1.2250220409215482,1345,-32530.746154453605,-973891.6155396927,941360.8693852397,12,-823041.7152409495,-1244585.7454944537,45.0,-1.5,2000000000.0,3.0,3.0,4.0,2,0.0
4438,-1034750.7785326855,0.9066482479122808,1110,-1275208.646046111,0.9009865360191106,1286,-548911.7578725028,0.939445699508945,1012,2760603.063872451,1.3726821099825923,1030,-98268.11857884796,-2309959.424578796,2211691.305999948,13,-556502.1811630743,-1373531.450366848,45.0,-1.5,2000000000.0,3.0,3.0,4.0,3,50.0
4404,-1014010.6109968857,0.9084237574986787,1104,-1246717.6223850185,0.902303242458284,1276,-583934.9210189529,0.935481658333218,1005,2503874.6639055004,1.3337120401657405,1019,-340788.49049535627,-2260728.233381904,1919939.7428865475,13,-537125.1667013298,-1616051.8222833562,45.0,-1.5,2000000000.0,3.0,3.0,4.0,3,0.0
3427,-2132774.6231068117,0.8227627045213374,890,-641543.9956610168,0.9490021316104338,1023,-983113.6022900672,0.8844550996609237,742,2048020.0645460205,1.282177357488992,772,-1709412.1565118746,-2774318.6187678287,1064906.4622559533,8,-841624.7325092801,-2966442.1558518745,45.0,-1.5,2000000000.0,3.0,3.0,4.0,5,50.0
3386,-1875817.7066305117,0.8413516772210775,885,-820239.2819224331,0.9355117381651404,1013,-865886.5060692574,0.8969300600441014,727,1915615.7645110697,1.2642570268695834,761,-1646327.7301111314,-2696056.9885529447,1049729.2584418124,10,-858455.7325092801,-2920444.3955411315,45.0,-1.5,2000000000.0,3.0,3.0,4.0,5,0.0
5814,-1810811.381564076,0.8420320292653335,1418,667939.6505588724,1.0574533419629426,1613,-568497.9173428707,0.9402085165375251,1382,2094029.6339149503,1.2470123831079896,1401,382659.9855668759,-1142871.7310052037,1525531.7165720796,12,-786168.0964855446,-897973.3453481242,45.0,-1.5,2000000000.0,3.0,5.0,2.0,2,50.0
5788,-1717224.729131395,0.8501581831529657,1413,698225.4904877731,1.0599086015787238,1609,-629967.5842627905,0.9333175084805372,1376,2056217.1669800754,1.2429068618630235,1390,407250.3440736622,-1018999.2386436219,1426249.582717285,11,-829634.7632060446,-884666.3190913376,45.0,-1.5,2000000000.0,3.0,5.0,2.0,2,0.0
4798,-1386570.4131839497,0.8769288553463856,1209,528792.8049887816,1.045272977334834,1372,-412579.81640885735,0.9544248766834713,1097,2285453.1054212805,1.2787835530209615,1120,1015095.6808172547,-857777.6081951681,1872873.2890124233,15,-545695.365937159,-411237.64848374494,45.0,-1.5,2000000000.0,3.0,5.0,2.0,3,50.0
4720,-1433570.1604583312,0.872063448139404,1197,234065.81491674134,1.0200490910642817,1354,-713364.7257193376,0.9204279018338622,1074,2415697.305752815,1.3013087529596337,1095,502828.2344918882,-1199504.34554159,1702332.5800334776,14,-606570.7003519,-948205.0959161117,45.0,-1.5,2000000000.0,3.0,5.0,2.0,3,0.0
3935,-1987412.7282623257,0.8290589744346188,1030,142092.81207129837,1.011990989318317,1151,-896983.8465489155,0.9014138083402677,877,2802079.30612434,1.375791963275287,877,59775.54338439694,-1845319.9161910275,1905095.4595754244,14,-868506.8314450802,-1360091.1204216026,45.0,-1.5,2000000000.0,3.0,5.0,2.0,5,50.0
3766,-1861353.2516897577,0.8353619061208994,1004,-207768.8220560063,0.9822589736566248,1107,-530426.5355630361,0.9366319918857497,823,2523917.4719202397,1.349427938234568,832,-75631.13738856022,-2069122.0737457639,1993490.9363572036,14,-868385.1648850802,-1492306.13538556,45.0,-1.5,2000000000.0,3.0,5.0,2.0,5,0.0
5599,-1896013.8576252908,0.8363848071080243,1359,541132.4048172354,1.0462454273972583,1562,-916649.3613228115,0.9059445925376571,1329,2390175.2163172998,1.2864875940820748,1349,118644.40218643378,-1354881.4528080553,1473525.8549944884,11,-707479.5654466072,-1163988.9287285663,45.0,-1.5,2000000000.0,3.0,5.0,3.0,2,50.0
5573,-1667767.2054917098,0.8548970920994663,1354,589535.2029026357,1.050253089695685,1558,-819568.0702758415,0.9155830412925969,1326,2297735.383031425,1.2739760209575237,1335,399935.3101665096,-1078232.002589074,1478167.3127555836,11,-748996.2321866071,-892981.3529984902,45.0,-1.5,2000000000.0,3.0,5.0,3.0,2,0.0
4468,-1331457.5955863511,0.8842240891342961,1122,-246744.2155004557,0.9794963430958604,1279,-880222.0647389127,0.9043880765053488,1024,2830577.7893162803,1.3577894102127823,1043,372153.91349056107,-1578201.811086807,1950355.7245773675,11,-531885.0897309714,-1049612.749147439,45.0,-1.5,2000000000.0,3.0,5.0,3.0,3,50.0
4401,-1273541.7158538909,0.8878767923885981,1113,-299216.8317163021,0.9749964945755246,1264,-910499.9797300459,0.8997397657077589,1007,2950445.884384305,1.3798703940244696,1017,467187.35708406614,-1572758.547570193,2039945.9046542593,11,-548324.0425082112,-981145.9733239338,45.0,-1.5,2000000000.0,3.0,5.0,3.0,3,0.0
3474,-1732333.0049957368,0.8548685368856728,909,-257448.243044022,0.9783278948257362,1018,-904589.9150854523,0.9003710471969181,776,2808095.478487251,1.3881839970293715,771,-86275.68463796028,-1989781.2480397588,1903505.5634017987,12,-936640.0807850899,-1562362.3484439598,45.0,-1.5,2000000000.0,3.0,5.0,3.0,5,50.0
3312,-1921463.6332692683,0.8331220210123228,879,-589367.3608144032,0.9501746629466692,981,-832556.4179759328,0.9030027508250051,732,2684336.445150375,1.3985046606034877,720,-659050.96690923,-2510830.9940836714,1851780.027174442,12,-961545.0807850899,-2145334.2973542297,45.0,-1.5,2000000000.0,3.0,5.0,3.0,5,0.0
5545,-2038894.1983130376,0.8213373119900776,1342,167878.2385064338,1.0140388043998951,1550,-977920.514478301,0.896593306347606,1312,2269764.26605565,1.2688053701469042,1341,-579172.2082292552,-1871015.9598066038,1291843.751577349,10,-745130.7974844322,-1840338.8731692552,45.0,-1.5,2000000000.0,3.0,5.0,4.0,2,50.0
5523,-1750464.2126926566,0.8452910099496661,1339,250174.9115918337,1.0208792464750986,1547,-880127.0147643008,0.9063505158057442,1309,2044469.9327377747,1.2392585324337362,1328,-335946.38312734873,-1500289.3011008229,1164342.917973474,11,-813064.1306444323,-1608579.7146923488,45.0,-1.5,2000000000.0,3.0,5.0,4.0,2,0.0
4334,-1204153.660675651,0.890125952298785,1082,-802859.8221969905,0.9360787207932527,1255,-741141.2248892923,0.918869557667323,988,2994389.472008201,1.4011608083366185,1009,246234.7642462668,-2007013.4828726414,2253248.2471189084,11,-594756.9593571709,-1106881.899591733,45.0,-1.5,2000000000.0,3.0,5.0,4.0,3,50.0
4273,-1053204.4803467907,0.9026006605987549,1073,-961372.0499288049,0.9237400960848268,1240,-835479.8883212624,0.9087909781666721,975,2919600.567333875,1.3916565082994177,985,69544.14873701707,-2014576.5302755956,2084120.679012613,12,-639445.9121344107,-1302839.1823309828,45.0,-1.5,2000000000.0,3.0,5.0,4.0,3,0.0
3256,-1931940.4110386423,0.8361043915122581,841,-1107635.8078315728,0.911105663328908,968,-577756.9842474816,0.9324245091703351,714,2176820.2296978002,1.2957024716497911,733,-1440512.9734198966,-3039576.218870215,1599063.2454503188,10,-825907.7328078998,-2842829.635439896,45.0,-1.5,2000000000.0,3.0,5.0,4.0,5,50.0
3119,-2167287.9889938477,0.8118656039300737,820,-1129040.7266903315,0.9082205198278099,935,-236300.2650320923,0.9704675997847676,676,1990628.764205575,1.2835282447866674,688,-1542000.2165106963,-3296328.715684179,1754328.4991734826,11,-871733.7329117799,-2969883.546299696,45.0,-1.5,2000000000.0,3.0,5.0,4.0,5,0.0
5808,-1949199.56026793,0.8303089743619312,1418,566273.1747711226,1.0486891988787297,1608,-597022.0847262706,0.9372085015324446,1382,1889397.1342913006,1.2225179696345074,1400,-90551.33593177749,-1382926.3854968073,1292375.0495650298,11,-794303.3742624925,-1690046.3337467774,45.0,-1.5,2000000000.0,3.0,0.0,2.0,2,50.0
5779,-1845536.2411932491,0.8392929258916239,1413,592174.815008023,1.0508579823276312,1603,-698525.0847741906,0.9259048887249219,1375,1828384.6673538005,1.2156469364096827,1388,-123501.8436056159,-1253361.426185226,1129859.58257961,11,-819703.3743429926,-1797730.175430616,45.0,-1.5,2000000000.0,3.0,0.0,2.0,2,0.0
4766,-1690136.5762986913,0.8490568806688299,1200,331193.44932483183,1.0283254281184542,1366,-230110.3175349475,0.9743780571779523,1093,2102872.9399088803,1.2593895832690298,1107,513819.49540007394,-1358943.1269738595,1872762.6223739327,14,-552565.050509,-1302837.0731727758,45.0,-1.5,2000000000.0,3.0,0.0,2.0,3,50.0
4661,-1937241.1698362608,0.8261482354111616,1182,378861.7502826707,1.0325542409160147,1343,-586650.8930366272,0.9336581918930826,1063,2490742.23592854,1.317730691909285,1073,345711.92333832255,-1558379.41955359,1904091.342891913,13,-579742.6996135592,-1635124.7415576773,45.0,-1.5,2000000000.0,3.0,0.0,2.0,3,0.0
3883,-2235033.4630060396,0.8054559221950811,1014,253502.7642101195,1.0215452043852447,1139,-826921.4133744654,0.9093354779902916,870,2058721.1168389206,1.2765662970299245,860,-749730.9953314646,-1981530.6987959202,1231799.7034644552,13,-845786.8314450802,-2673085.1602274645,45.0,-1.5,2000000000.0,3.0,0.0,2.0,5,50.0
3612,-2230511.964528109,0.798246312355247,965,75111.06533628568,1.0066047508926805,1064,-311151.866892996,0.9620368322176932,794,1983474.18308862,1.2810478016727367,789,-483078.58299619984,-2155400.8991918233,1672322.316195624,12,-838694.0456525198,-3070560.4287337996,45.0,-1.5,2000000000.0,3.0,0.0,2.0,5,0.0
5593,-2128725.836329145,0.8167018569354828,1359,398389.2622054855,1.0340444953131713,1558,-1003393.5287062116,0.8969953434342369,1328,2102933.2166936505,1.251143263242095,1348,-630796.8861362203,-1730336.5741236594,1099539.6879874389,11,-718264.8432235552,-2193291.8833112204,45.0,-1.5,2000000000.0,3.0,0.0,3.0,2,50.0
5562,-1890402.5175535637,0.8358868319674874,1354,411681.5941738854,1.0351293493623146,1552,-922045.5707872417,0.9049140671300442,1323,2031785.8834051504,1.2413896528007002,1333,-368980.6107617698,-1478720.9233796783,1109740.3126179087,11,-741714.8433235551,-2010425.6085767697,45.0,-1.5,2000000000.0,3.0,0.0,3.0,2,0.0
4438,-1747274.9620787648,0.8486122162475211,1117,-287634.40538115567,0.975998037517056,1273,-738829.0659001474,0.9190508170375097,1020,2981571.79005228,1.3871592625978348,1028,207833.35669221263,-2034909.3674599205,2242742.7241521324,11,-563505.1830067888,-1666899.140028787,45.0,-1.5,2000000000.0,3.0,0.0,3.0,3,50.0
4340,-1770762.1538671278,0.8445039688233488,1102,-205961.20619183534,0.982694606972573,1252,-850816.0130443305,0.9048022529413773,995,3220865.1815611795,1.435289268101498,991,393325.80845788633,-1976723.3600589633,2370049.168516849,11,-572694.1359430287,-1624702.5219581134,45.0,-1.5,2000000000.0,3.0,0.0,3.0,3,0.0
3422,-2116527.743844672,0.821093233860966,898,-150946.68083582137,0.9871500731868283,1008,-897105.8488112023,0.900452215295909,766,2526482.6217023204,1.3554286645445204,750,-638097.6517893763,-2267474.4246804933,1629376.7728911182,14,-904870.0807850899,-2561531.8166853758,45.0,-1.5,2000000000.0,3.0,0.0,3.0,5,50.0
3182,-2250712.333716842,0.8005697225220818,852,-786816.7705002009,0.9333615860744499,952,-604603.8152550024,0.9269506117440371,696,2519190.6207547,1.3853245362392348,682,-1122942.2987173449,-3037529.1042170427,1914586.8054996978,12,-781720.08078509,-3920030.8094949443,45.0,-1.5,2000000000.0,3.0,0.0,3.0,5,0.0
5538,-2197178.977316892,0.8071391109945975,1342,62735.09589468356,1.005245910343668,1546,-1067717.181486701,0.887098080203079,1310,1950327.7664320003,1.2299168457917296,1340,-1251833.2964769087,-2134443.881422208,882610.5849452994,10,-725916.0755613802,-2807328.2944109086,45.0,-1.5,2000000000.0,3.0,0.0,4.0,2,50.0
5513,-1901138.9916945107,0.8316852747831375,1339,85502.769455084,1.0071303506893585,1542,-988757.0149007008,0.8947133730102701,1306,1730248.4331115005,1.2015694539009498,1326,-1074144.8040286275,-1815636.2222394268,741491.4182107997,11,-778449.4087213802,-2711189.8026026273,45.0,-1.5,2000000000.0,3.0,0.0,4.0,2,0.0
4309,-1460185.3943377645,0.8662844917049044,1079,-752176.3458164904,0.9398664937189162,1248,-479306.558913797,0.9464240800240262,983,2876953.806643001,1.3856873816543325,999,185285.50757494895,-2212361.7401542547,2397647.2477292037,13,-604989.5526329882,-1626221.061756901,45.0,-1.5,2000000000.0,3.0,0.0,4.0,3,50.0
4220,-1282538.4028097277,0.8809269177014193,1065,-676764.0336859041,0.9458258338607378,1225,-713248.7222699674,0.92023877987218,964,3324508.6639794,1.4693191217337747,966,651957.5052138013,-1959302.436495632,2611259.9417094328,11,-639810.5569642283,-1366270.8252021985,45.0,-1.5,2000000000.0,3.0,0.0,4.0,3,0.0
3215,-2195507.116609801,0.8119529790068186,832,-964517.3287425027,0.9223202089309608,960,-406961.5182324314,0.9515446354886967,708,2062167.0635925,1.2886549439147954,715,-1504818.8999922355,-3160024.445352304,1655205.5453600688,10,-772631.4271512998,-3397839.7307602353,45.0,-1.5,2000000000.0,3.0,0.0,4.0,5,50.0
2999,-2623694.7061139112,0.7663255538159661,798,-1093198.562005727,0.9108208869569816,905,-330795.030789952,0.9589647155571027,652,2028250.2648318997,1.315693779894699,644,-2019438.0340776904,-3716893.2681196383,1697455.2340419476,12,-880620.7094334398,-4707586.54485529,45.0,-1.5,2000000000.0,3.0,0.0,4.0,5,0.0
7888,-1984824.0847253934,0.8945968921124167,2141,79005.3790007229,1.0040596415052834,2392,-154052.6142864078,0.9875747069222012,1690,2289595.5126707735,1.2090082699013927,1665,229724.1926596947,-1905818.7057246706,2135542.8983843657,15,-1316863.3647761194,-1111650.805230305,45.0,-1.5,2000000000.0,4.5,3.0,2.0,2,50.0
7871,-1890030.0847253934,0.8992614003370821,2137,125001.71196334285,1.006437311577548,2385,-165320.39783300768,0.9866576651363157,1688,2287310.2458857736,1.209353982198499,1661,356961.4752907151,-1765028.3727620505,2121989.8480527657,15,-1298863.3647761194,-984413.5225992847,45.0,-1.5,2000000000.0,4.5,3.0,2.0,2,0.0
6607,-1645146.6616932512,0.9112782524860575,1858,264202.5749364849,1.0140521329192478,2029,-724444.2170413373,0.9397600855374237,1372,2232815.950669572,1.2138590032515701,1348,127427.64687146817,-1380944.0867567663,1508371.7336282348,15,-1219651.2609339145,-1440880.6834665318,45.0,-1.5,2000000000.0,4.5,3.0,2.0,3,50.0
6564,-1621245.3277129515,0.9123591483290643,1850,56726.55224387604,1.0030209633755185,2016,-556392.2198352572,0.9529515419176167,1358,2291977.4173850426,1.2221728081118228,1340,171066.4220807096,-1564518.7754690754,1735585.1975497855,16,-1228151.2609939144,-1397241.9082572903,45.0,-1.5,2000000000.0,4.5,3.0,2.0,3,0.0
5636,-1852508.6840002178,0.8992038732974755,1645,812660.1808055693,1.0447358997407836,1760,-641415.4429889934,0.9441498843416994,1133,2263687.9292737897,1.2362327017183141,1098,582423.9830901483,-1039848.5031946485,1622272.4862847964,16,-1056737.78519481,-803559.3472478515,45.0,-1.5,2000000000.0,4.5,3.0,2.0,5,50.0
5568,-1763543.0104338678,0.903285378163702,1629,719374.3682101961,1.0395772089471458,1744,-581545.8306218067,0.9482515940807507,1107,2015750.4626087898,1.2084916034650606,1088,390035.9897633116,-1044168.6422236717,1434204.6319869831,15,-1184533.11845121,-995947.3405746883,45.0,-1.5,2000000000.0,4.5,3.0,2.0,5,0.0
7478,-2634285.6801287495,0.8655154893629785,2027,-1143337.8265838765,0.9440076473624639,2274,-317417.31780492526,0.9744694882630873,1601,2275653.388973753,1.208042404042634,1576,-1819387.4355437981,-3777623.5067126257,1958236.0711688278,11,-1151365.9828397045,-3208012.433973798,45.0,-1.5,2000000000.0,4.5,3.0,3.0,2,50.0
7461,-2526516.5130137494,0.8705885941157466,2024,-1273071.7851974766,0.9377802545985681,2267,-481574.7765751551,0.9615640661298668,1599,2250111.055874753,1.2062794467362998,1571,-2031052.018911628,-3799588.2982112262,1768536.2792995977,11,-1169899.3159997044,-3419677.0173416277,45.0,-1.5,2000000000.0,4.5,3.0,3.0,2,0.0
5987,-2079355.933182829,0.8914213965026277,1685,-1328426.5374631872,0.932522887928475,1838,-299233.470314526,0.9744548127950322,1246,2047782.4549828195,1.2030006012116343,1218,-1659233.4859777233,-3407782.4706460163,1748548.9846682935,12,-948204.0708257395,-3274791.816855723,45.0,-1.5,2000000000.0,4.5,3.0,3.0,3,50.0
5950,-2110116.9324908294,0.8899733622197509,1679,-1437563.0587898488,0.9265973518753862,1825,-28110.080656065897,0.9975520828726936,1238,2250746.7219368694,1.2255792555926017,1208,-1325043.3499998741,-3547679.991280678,2222636.6412808034,12,-969054.0706112396,-2940601.6808778737,45.0,-1.5,2000000000.0,4.5,3.0,3.0,3,0.0
4853,-3215131.9662689315,0.8356386129832645,1428,-124168.599344888,0.9932049989492377,1509,-1193769.1573361782,0.895910593487439,970,2127593.1691804305,1.2314152647377568,946,-2405476.5537695666,-3339300.5656138193,933824.0118442522,12,-939316.1055243838,-3772176.5516595664,45.0,-1.5,2000000000.0,4.5,3.0,3.0,5,50.0
4790,-3108239.989889006,0.8397786019063967,1417,-649344.992606601,0.964776838419614,1491,-927881.0132662782,0.916624759923034,946,1931376.8365790898,1.2080108495314112,936,-2754089.1591827963,-3757584.982495607,1003495.8233128116,9,-897016.1055243838,-4122189.1570727965,45.0,-1.5,2000000000.0,4.5,3.0,3.0,5,0.0
7327,-3151316.233541695,0.8393311007811737,1970,-1233296.9762003873,0.9404002755565869,2237,-194027.55457523308,0.9841108146531099,1566,2066032.528006403,1.1876380679370262,1554,-2512608.2363109114,-4384613.209742082,1872004.97343117,13,-1364900.2779172328,-3888933.234740911,45.0,-1.5,2000000000.0,4.5,3.0,4.0,2,50.0
7314,-3059364.5668408955,0.8435483141935489,1967,-1287579.1428894876,0.9379347384403854,2232,-69390.75464568281,0.994266386756385,1564,2152603.4946144726,1.1964183151135572,1551,-2263730.969761593,-4346943.709730383,2083212.7399687897,12,-1383433.6110772328,-3640055.968191593,45.0,-1.5,2000000000.0,4.5,3.0,4.0,2,0.0
5719,-2325904.6410544855,0.876754105440855,1598,-1823889.80281526,0.9071081253647608,1765,-67281.13886603384,0.9941514332872445,1192,1673941.9719394706,1.1681905127268581,1164,-2543133.610796308,-4149794.4438697454,1606660.8330734367,11,-1171343.7277675143,-4072891.941674308,45.0,-1.5,2000000000.0,4.5,3.0,4.0,3,50.0
5693,-2143304.6688178238,0.8864191116760428,1594,-1850224.2683994889,0.9053841138398577,1756,37739.19561337624,1.003299725694285,1186,1580638.7050313202,1.1564509649939128,1157,-2375151.036572616,-3993528.937217313,1618377.9006446966,12,-1078003.7278393144,-3904909.367450616,45.0,-1.5,2000000000.0,4.5,3.0,4.0,3,0.0
4450,-3435305.3055405724,0.8222198632491855,1290,-864143.6744757413,0.953831690667654,1399,-999673.880504559,0.9068964952795415,881,1740333.8639205103,1.1915840036817194,880,-3558788.9966003625,-4299448.9800163135,740659.9834159513,10,-1006212.3592563753,-4879418.995030362,45.0,-1.5,2000000000.0,4.5,3.0,4.0,5,50.0
4394,-3443291.5321465726,0.8203060405768517,1279,-976929.6523574672,0.9478031119099016,1380,-749218.3040934491,0.9290806416374517,867,1461455.16510506,1.1593679132489734,868,-3707984.3234924283,-4420221.18450404,712236.8610116108,10,-1116182.3593077753,-5033014.321922428,45.0,-1.5,2000000000.0,4.5,3.0,4.0,5,0.0
7706,-1560086.4703711164,0.9152561311766235,2081,-375602.80789921375,0.9807746786494179,2329,-141503.24755847227,0.9885983346451496,1662,1921610.9272827408,1.1717926148641749,1634,-155581.59854606166,-1935689.2782703303,1780107.6797242686,14,-1180681.4463016726,-1607606.5963200617,45.0,-1.5,2000000000.0,4.5,5.0,2.0,2,50.0
7672,-1449095.4318345431,0.9208097075481406,2071,-457807.0227903678,0.9766076242374774,2321,-49187.66406807225,0.9959985880800545,1652,1967527.6593746054,1.1763035257983774,1628,11437.540681621991,-1906902.4546249108,1918339.995306533,14,-1100211.4467438725,-1440587.457092378,45.0,-1.5,2000000000.0,4.5,5.0,2.0,2,0.0
6254,-1402229.793481933,0.9215749363058641,1749,-234169.81083740038,0.9873720587651176,1909,-301296.98093607806,0.9744278133558039,1310,2759595.0823721318,1.2704042196744403,1286,821898.4971167198,-1636399.6043193333,2458298.101436054,15,-838319.2718404616,-930434.8323852802,45.0,-1.5,2000000000.0,4.5,5.0,2.0,3,50.0
6157,-1768423.029962971,0.9002314340765505,1722,-568990.3000301132,0.9693955078185982,1892,-544429.3053233682,0.9529558863633666,1283,2463923.549600982,1.2436899136826423,1260,-417919.0857154713,-2337413.329993084,1919494.244277614,13,-986284.7607409469,-2170752.4152174713,45.0,-1.5,2000000000.0,4.5,5.0,2.0,3,0.0
5090,-1653441.491848143,0.905637013476594,1477,177350.34025724,1.010041690521876,1588,-552260.2612505665,0.9508122096055863,1041,3198292.1151345116,1.363806323862163,984,1169940.7022930426,-1476091.151590903,2646031.8538839454,15,-1315031.8917996497,-438192.6281189574,45.0,-1.5,2000000000.0,4.5,5.0,2.0,5,50.0
4873,-1603052.1665044124,0.905512463998606,1426,-334859.03319389076,0.9810110294537109,1538,-630126.5004123368,0.9406452660510451,975,2788013.1168481614,1.3250340184885725,934,219975.41673752107,-1937911.1996983031,2157886.616435825,16,-1165964.49219065,-1422282.913674479,45.0,-1.5,2000000000.0,4.5,5.0,2.0,5,0.0
7321,-2334364.532826009,0.8797469450044306,1977,-1112487.9681414026,0.9451617741218308,2215,-331595.4845826051,0.973602269854702,1580,1931721.0138835707,1.174608495681761,1549,-1846726.9716664457,-3446852.500967412,1600125.5293009656,10,-994355.3978739072,-3401701.9694404453,45.0,-1.5,2000000000.0,4.5,5.0,3.0,2,50.0
7289,-2266492.3002971997,0.8828427382340408,1969,-1164706.724700776,0.9427353168012237,2208,-467815.27657751035,0.9628401089454512,1570,1822195.3462794453,1.164377507978558,1542,-2076818.95529604,-3431199.0249979757,1354380.069701935,10,-964572.0646139072,-3631793.95307004,45.0,-1.5,2000000000.0,4.5,5.0,3.0,2,0.0
5708,-1793909.78911467,0.9034474133912229,1589,-883503.6542809595,0.9541641907870497,1747,-422663.3463236914,0.963352335877731,1190,2829056.8829307295,1.280589119535093,1182,-271019.90678859176,-2677413.4433956295,2406393.536607038,12,-832532.2694226286,-1958328.2362905918,45.0,-1.5,2000000000.0,4.5,5.0,3.0,3,50.0
5629,-1891164.431971512,0.8972940553207956,1572,-920220.2251498799,0.9519718839445755,1729,-556951.8037900596,0.9510824577871752,1171,2494127.310733979,1.246612996304933,1157,-874209.150177472,-2811384.657121392,1937175.5069439195,11,-815774.6052106157,-2561767.479679472,45.0,-1.5,2000000000.0,4.5,5.0,3.0,3,0.0
4372,-2445164.9246267686,0.8670721126573497,1269,-743459.9390969942,0.9585972830202343,1362,-338671.73235026584,0.9683368711977938,879,2993806.8580906284,1.3416557760329946,862,-533489.7379834,-3188624.863723763,2655135.1257403623,9,-793356.3257199757,-2155948.0690554,45.0,-1.5,2000000000.0,4.5,5.0,3.0,5,50.0
4202,-2831440.1072709747,0.8422838432798982,1232,-713632.3983619327,0.9600886294206133,1324,-256514.71816597128,0.9746215201376881,836,3168427.276944098,1.3900425269636263,810,-633159.94685478,-3545072.505632907,2911912.5587781267,9,-738321.158973855,-2250018.27726678,45.0,-1.5,2000000000.0,4.5,5.0,3.0,5,0.0
7174,-2938693.7907659933,0.8492010965699052,1924,-1285638.8303335386,0.9375705832057145,2180,-191372.00446852273,0.9844563427159654,1544,1835946.9002655305,1.1647256521977714,1526,-2579757.7253025244,-4224332.621099532,1644574.8957970077,12,-1048207.93858262,-4119132.723076524,45.0,-1.5,2000000000.0,4.5,5.0,4.0,2,50.0
7147,-2694671.365001358,0.8608613625746605,1918,-1396669.044992912,0.9324564033720679,2175,-71632.33778739767,0.9941041181110267,1535,1761153.232018405,1.1576230689203435,1519,-2401819.5157632623,-4091340.40999427,1689520.8942310074,11,-1066741.27174262,-3941194.513537262,45.0,-1.5,2000000000.0,4.5,5.0,4.0,2,0.0
5463,-2459888.3937940043,0.8665659633251006,1506,-911549.2342345929,0.9527806126883496,1686,419492.24808382057,1.0380279583198084,1141,1934972.4370910006,1.191816554297471,1130,-1016972.9428537763,-3371437.628028597,2354464.685174821,12,-1060352.1539137615,-2667981.2723557763,45.0,-1.5,2000000000.0,4.5,5.0,4.0,3,50.0
5386,-2389301.9360393044,0.869978167207944,1492,-1141917.9160567895,0.9405424920130203,1667,277829.3829808556,1.0258546227117091,1121,1711851.0976175505,1.1714164912420253,1106,-1541539.3714976886,-3531219.852096094,1989680.4805984062,12,-1036718.8210537615,-3193047.7009996884,45.0,-1.5,2000000000.0,4.5,5.0,4.0,3,0.0
4052,-3110232.9166449597,0.8302906203742799,1157,-2235732.5458347173,0.8826280278617532,1275,-770487.4325035331,0.9280135227735341,815,1786492.1624978501,1.203767027648739,805,-4329960.7324853605,-5345965.462479677,1016004.729994317,8,-1051187.9195861996,-5834836.563129361,45.0,-1.5,2000000000.0,4.5,5.0,4.0,5,50.0
3906,-3134097.6016940316,0.8242567656341737,1124,-1743663.8134302346,0.9070961159298359,1240,-90833.57042967604,0.9910071661127537,779,2560963.7623054744,1.3172095153439698,763,-2407631.223248468,-4877761.415124266,2470130.191875798,10,-1232918.5860318998,-3932019.553892468,45.0,-1.5,2000000000.0,4.5,5.0,4.0,5,0.0
7680,-1765564.2379468253,0.9037186658297329,2071,-591434.5051998782,0.9696919444849348,2322,-360745.74828899733,0.9710542614522352,1658,2028859.760129091,1.1821649597308448,1629,-688884.7313066095,-2356998.7431467036,1668114.0118400939,13,-1173033.3910436204,-2543179.7301376094,45.0,-1.5,2000000000.0,4.5,0.0,2.0,2,50.0
7639,-1698280.532738652,0.9067290316641123,2060,-607694.555617552,0.96873769633174,2308,-323466.8314505974,0.9738482102915119,1650,1969908.8256040313,1.1767405301052023,1621,-659533.0942027704,-2305975.0883562043,1646441.994153434,13,-1089896.7248458203,-2601086.4250737703,45.0,-1.5,2000000000.0,4.5,0.0,2.0,2,0.0
6178,-1464033.666274663,0.9168693986260271,1722,-1029155.9333719243,0.9444681760224013,1883,-391128.83358342404,0.9666870504445613,1303,2556241.181255952,1.2519608859311002,1270,-328077.25197405927,-2493189.5996465874,2165112.347672528,13,-846949.4664471962,-2521502.800942199,45.0,-1.5,2000000000.0,4.5,0.0,2.0,3,50.0
6013,-2190323.052619261,0.8737072838908563,1679,-758064.2221344684,0.9586376112748684,1852,-379286.06949555356,0.9664214225608178,1255,2645709.620318052,1.268773257269668,1227,-681963.7239312311,-2948387.27475373,2266423.5508224983,14,-858222.6380243294,-3164447.606462371,45.0,-1.5,2000000000.0,4.5,0.0,2.0,3,0.0
4914,-2207937.1457864325,0.8715515084862858,1421,-719453.6506329511,0.9591207542069792,1542,-776767.3766658516,0.9285359394103344,999,2538210.8591240426,1.2894918754717861,952,-1165947.3139611932,-2927390.7964193835,1761443.482458191,12,-1410981.8085412,-3489467.0056774933,45.0,-1.5,2000000000.0,4.5,0.0,2.0,5,50.0
4520,-2170842.9830640266,0.8657801223830752,1320,-778796.368341978,0.9542022083313011,1432,-626662.0312736514,0.9373895846064614,916,2349501.962835402,1.30037997613561,852,-1226799.419844255,-2949639.3514060047,1722839.9315617508,12,-1542594.9659216998,-4133410.3742814157,45.0,-1.5,2000000000.0,4.5,0.0,2.0,5,0.0
7302,-2610032.433818968,0.8655096049841039,1969,-1389344.1642835392,0.9317107028612025,2211,-383604.23582350503,0.9694471813458464,1575,1862381.0125452708,1.1675769887564305,1547,-2520599.8213807405,-3999376.598102507,1478776.7767217658,10,-929491.4762270052,-4444111.48389599,45.0,-1.5,2000000000.0,4.5,0.0,3.0,2,50.0
7264,-2653713.534370259,0.8625698634256163,1960,-1549028.2213086826,0.9240202246746236,2198,-578535.6941574352,0.953955995636597,1566,1679472.8450417705,1.1508378805658481,1540,-3101804.6047946056,-4202741.7556789415,1100937.1508843354,9,-921781.4764586053,-5033941.268423606,45.0,-1.5,2000000000.0,4.5,0.0,3.0,2,0.0
5634,-1776163.8431517044,0.9033001079640198,1568,-1594572.544745207,0.9179643527901559,1726,-554479.7658539223,0.9518239908436784,1181,2822858.348126279,1.286832616810474,1159,-1102357.8056245544,-3370736.3878969112,2268378.582272357,12,-923776.2002813658,-3312413.354494694,45.0,-1.5,2000000000.0,4.5,0.0,3.0,3,50.0
5493,-2193612.1837891457,0.878192806164298,1533,-1538128.2602132016,0.9194403044074757,1691,-515190.9516870752,0.9543731352700986,1147,2496640.71002378,1.2552372774510854,1122,-1750290.685665642,-3731740.444002347,1981449.7583367047,10,-845078.4108850408,-4284616.231866782,45.0,-1.5,2000000000.0,4.5,0.0,3.0,3,0.0
4223,-2740135.3131603883,0.8470651155638621,1220,-1463960.9373039487,0.9175208223261435,1321,-376407.51646260533,0.9644611134665781,858,2133871.38664444,1.2491154570240823,824,-2446632.3802825008,-4204096.250464337,1757463.8701818343,9,-935323.7171170467,-5001607.378137501,45.0,-1.5,2000000000.0,4.5,0.0,3.0,5,50.0
3925,-2787264.3931142287,0.8344278540741679,1145,-1850979.9371526707,0.8935178402987826,1238,-180771.09897888516,0.9818108609250507,789,2427723.3298713984,1.306400421540717,753,-2391292.0993743865,-4638244.330266899,2246952.2308925134,11,-835016.5302653436,-5594873.944275986,45.0,-1.5,2000000000.0,4.5,0.0,3.0,5,0.0
7156,-3234631.8519540946,0.8347752060263249,1916,-1398713.360883275,0.9323559265068944,2177,-256795.75570942252,0.9791321758234135,1539,1594588.3994383307,1.1418566351227861,1524,-3295552.569108461,-4633345.21283737,1337792.6437289082,10,-1007807.7622757178,-5226414.231623711,45.0,-1.5,2000000000.0,4.5,0.0,4.0,2,50.0
7120,-3158452.89227186,0.8380830983256354,1908,-1650562.3768271687,0.92034665460526,2165,-196180.25507892255,0.9838584913205448,1532,1461559.7320338706,1.1292575899778987,1515,-3543635.7921440825,-4809015.269099029,1265379.4769549482,10,-1138070.766571808,-5475772.455773083,45.0,-1.5,2000000000.0,4.5,0.0,4.0,2,0.0
5387,-2469138.364597569,0.865022860543475,1486,-1551911.7079882761,0.920128311630311,1662,159062.5788935995,1.0144702168326494,1127,1553533.2697931007,1.1565718743800102,1112,-2308454.2238991456,-4021050.0725858454,1712595.8486867002,12,-1141335.5152172095,-4383809.7721152855,45.0,-1.5,2000000000.0,4.5,0.0,4.0,3,50.0
5265,-2409836.799857136,0.8655964651377435,1460,-1089816.929798729,0.9429638236412912,1632,-186567.39849589043,0.98270069311141,1098,2167732.7434581006,1.2274413773834278,1075,-1518488.384693655,-3499653.7296558646,1981165.3449622102,13,-915708.133805352,-3993897.262710795,45.0,-1.5,2000000000.0,4.5,0.0,4.0,3,0.0
3920,-2888356.4868079745,0.8381239133113608,1121,-2493947.656346538,0.8665659551640349,1237,-1210103.7642798335,0.8861001599037966,790,2228678.7310533007,1.2666271387215353,772,-4363729.176381045,-5382304.143154513,1018574.9667734671,8,-910470.0284689202,-7039304.172966044,45.0,-1.5,2000000000.0,4.5,0.0,4.0,5,50.0
3654,-2804042.049615894,0.8334050451414531,1056,-2174970.4709279444,0.8784330080755707,1156,-569383.9489249033,0.9416935109830452,733,1961442.2979366034,1.247089407206622,709,-3586954.1715321383,-4979012.520543838,1392058.3490117001,11,-929259.5874704997,-6814836.015083738,45.0,-1.5,2000000000.0,4.5,0.0,4.0,5,0.0
7341,-1875948.0138108092,0.8794470060566597,1949,398244.29807899846,1.0257442205245382,2159,-319127.0117593268,0.9705517496707082,1601,1917006.6775225003,1.1921509743148764,1632,120175.95003136247,-1477703.7157318108,1597879.6657631735,12,-799897.8883637219,-1129004.0486086374,45.0,-1.5,800000000.0,3.0,3.0,2.0,2,50.0
7321,-1889196.1801158094,0.8784625422611524,1946,435297.7977803986,1.0281939813119068,2151,-211860.34541440665,0.9803221922872195,1598,1976313.3091609601,1.199422410817099,1626,310554.58141114307,-1453898.382335411,1764452.9637465535,13,-813397.8883637219,-938700.4172288568,45.0,-1.5,800000000.0,3.0,3.0,2.0,2,0.0
5994,-1242399.306595068,0.9171190832512719,1656,729044.5397149783,1.0480018132963163,1799,76979.71120126358,1.0075839474254242,1261,1711415.6182215298,1.179799479964204,1278,1275040.562542704,-513354.76688008965,1788395.3294227934,14,-723542.4165860593,-115251.1013652957,45.0,-1.5,800000000.0,3.0,3.0,2.0,3,50.0
5936,-1376363.573505564,0.9079029788563712,1643,682124.3975835212,1.0450282669466666,1786,124760.35213208366,1.012496273218608,1245,1866095.91614637,1.1987109608299789,1262,1296617.0923564103,-694239.1759220427,1990856.2682784535,12,-716396.4165860593,-235141.2387315894,45.0,-1.5,800000000.0,3.0,3.0,2.0,3,0.0
4948,-1313928.5131968067,0.9119174022441864,1410,515730.1185795687,1.0347560537820952,1500,-381138.21466653486,0.9620039289336073,1031,2312316.2707006703,1.2763250010166587,1007,1132979.6614168976,-798198.394617238,1931178.0560341354,12,-590918.5666297199,-435483.85468602437,45.0,-1.5,800000000.0,3.0,3.0,2.0,5,50.0
4852,-968232.0287033028,0.9335862552034082,1389,456538.05839314713,1.03078816191824,1476,-388261.93663536524,0.9601737335452877,999,2186207.36899443,1.2625741095204113,988,1286251.4620489094,-511693.9703101557,1797945.432359065,13,-571141.5666672201,-244392.05405401252,45.0,-1.5,800000000.0,3.0,3.0,2.0,5,0.0
7014,-1990525.4675349472,0.8735757506148382,1852,892806.4158523511,1.0592477297976846,2068,-492445.1646201567,0.9550181579808437,1532,1888746.4931789995,1.190263503546938,1562,298582.276876247,-1097719.051682596,1396301.328558843,14,-915678.8191693744,-1030392.7217637529,45.0,-1.5,800000000.0,3.0,3.0,3.0,2,50.0
7000,-1948785.314224217,0.8757775055112097,1851,972895.2491117511,1.064856176307078,2060,-468350.3311141565,0.9571091843044731,1530,1903188.1269909996,1.1912332074547987,1559,458947.73076437635,-975890.065112466,1434837.795876843,14,-929178.8191693744,-870027.2678756235,45.0,-1.5,800000000.0,3.0,3.0,3.0,2,0.0
5521,-726023.2642742031,0.9514921412330654,1522,-115532.90743391518,0.992493246652907,1650,-446205.3105747551,0.9563510962298538,1171,1182132.46339464,1.1237529976525165,1178,-105629.01888823346,-841556.1717081183,735927.1528198849,11,-507789.7420401242,-1565854.0165362332,45.0,-1.5,800000000.0,3.0,3.0,3.0,3,50.0
5476,-691500.0884219466,0.9535243488039272,1514,-529712.2151625024,0.9657144877384598,1637,-391208.21017822524,0.9611910426496206,1161,1306931.4632305398,1.138224994891117,1164,-305489.0505321352,-1221212.303584449,915723.2530523145,12,-508124.6675094496,-1795147.382320135,45.0,-1.5,800000000.0,3.0,3.0,3.0,3,0.0
4298,-1909991.8399601188,0.8755796001251513,1229,640067.4254556925,1.0446616845624404,1304,-425293.2695029853,0.9559918642693241,883,1638785.628883811,1.1938724532244964,882,-56432.05512360064,-1269924.4145044263,1213492.3593808257,10,-664712.7500391001,-1516842.2370865224,45.0,-1.5,800000000.0,3.0,3.0,3.0,5,50.0
4224,-1938466.1812343178,0.8730969889464677,1221,523555.04986573645,1.0366221353467913,1276,-337825.5570743254,0.9645895170848248,865,1777879.9050603104,1.2151872446233771,862,25143.216617403552,-1414911.1313685814,1440054.347985985,11,-686274.5501091001,-1588891.9653455182,45.0,-1.5,800000000.0,3.0,3.0,3.0,5,0.0
6928,-1980447.9908339686,0.8720455279974938,1821,672982.0192171398,1.0444999151122318,2048,-703694.2348092664,0.9353255168561925,1511,1658278.1770076894,1.1644016097134782,1548,-352882.0294184056,-1307465.9716168288,954583.942198423,13,-823085.0844471494,-1704857.0280584055,45.0,-1.5,800000000.0,3.0,3.0,4.0,2,50.0
6910,-1992200.0875232385,0.870948441878944,1820,763391.8524185398,1.0507437041709917,2038,-730804.1003314164,0.9326884685085152,1509,1654092.310739689,1.164069003976897,1543,-305520.02469642553,-1228808.2351046987,923288.2104082727,13,-836585.0844471494,-1657495.0233364254,45.0,-1.5,800000000.0,3.0,3.0,4.0,2,0.0
5329,-875805.802877089,0.9395967365590817,1457,-617659.214280668,0.9602386554175613,1605,-85850.78534510524,0.9911624061677865,1125,1910817.3789150503,1.2142104447135935,1142,331501.5764121886,-1493465.017157757,1824966.593569945,12,-729684.1652581253,-1156223.4205358112,45.0,-1.5,800000000.0,3.0,3.0,4.0,3,50.0
5290,-939383.1992740891,0.9353109832845381,1448,-895640.8559304152,0.9426255428068134,1595,-30536.118553125445,0.9968508575776351,1118,1903944.3125386501,1.2135005474692628,1129,38384.13878102042,-1835024.0552045042,1873408.1939855246,12,-691911.4675433096,-1446190.8581669794,45.0,-1.5,800000000.0,3.0,3.0,4.0,3,0.0
3960,-1499062.0278646739,0.8954627384310735,1115,514644.98736988485,1.0358595563213433,1224,-951160.7012047447,0.8987525567522081,800,1400836.1968153305,1.1706504553718375,821,-534741.5448842031,-984417.040494789,449675.4956105858,10,-966007.8317898001,-1983871.7268471248,45.0,-1.5,800000000.0,3.0,3.0,4.0,5,50.0
3890,-1515906.9459585282,0.8933823942439201,1105,32103.14563434379,1.0022134586058726,1203,-785721.9378322249,0.9148515624279041,784,1275216.6727797897,1.1606797357913472,798,-994309.0653766188,-1483803.8003241844,489494.7349475648,12,-1008089.8324824201,-2460994.2473395406,45.0,-1.5,800000000.0,3.0,3.0,4.0,5,0.0
7246,-1780988.849918898,0.8843644878677781,1918,494173.4465127393,1.0320965651523957,2133,108524.01723558531,1.0101365233307107,1584,2521025.6242121505,1.2610669228000477,1611,1342734.2380415774,-1286815.4034061586,2629549.641447736,14,-750987.8672090521,46642.57375657745,45.0,-1.5,800000000.0,3.0,5.0,2.0,2,50.0
7199,-1508501.952250898,0.9009030263370207,1906,462453.3065580299,1.0300915643257085,2121,231302.85060798549,1.02172941614896,1576,2356245.3909182753,1.2432781333742073,1596,1541499.5958333926,-1046048.6456928679,2587548.241526261,15,-644334.5342912519,221707.93154839263,45.0,-1.5,800000000.0,3.0,5.0,2.0,2,0.0
5778,-1621397.3317897099,0.8902653944960679,1587,489039.757527894,1.0324621974448807,1736,285487.87861897313,1.0289199837363947,1223,1829996.4077339596,1.1990288399552347,1232,983126.7120911172,-1132357.5742618158,2115484.286352933,13,-677802.0068444817,-432048.2839368826,45.0,-1.5,800000000.0,3.0,5.0,2.0,3,50.0
5648,-1467704.1707723336,0.8982420965461917,1556,532407.0294528746,1.0362324369920437,1704,-84280.48019142714,0.9912877991659933,1188,2022179.7054255097,1.2259106128548318,1200,1002602.0839146236,-935297.1413194591,1937899.2252340827,13,-690217.6431844817,-464006.24645337625,45.0,-1.5,800000000.0,3.0,5.0,2.0,3,0.0
4595,-1363679.039892176,0.9048370872986163,1300,-146954.46403461066,0.9899088772488472,1410,15374.198722163826,1.0016238667608104,950,2498180.54011192,1.3089101668206908,935,1002921.2349072967,-1510633.5039267866,2513554.7388340835,12,-609690.2323310331,-539528.7630127033,45.0,-1.5,800000000.0,3.0,5.0,2.0,5,50.0
4329,-850927.0789128424,0.937737280722091,1243,-319850.2260555704,0.9771565933901123,1326,-303529.39859054075,0.9667229503102597,890,3058128.131121959,1.4103638811892492,870,1583821.4275630054,-1170777.304968413,2754598.732531418,13,-677911.3992314332,-112028.57027299446,45.0,-1.5,800000000.0,3.0,5.0,2.0,5,0.0
6937,-2113204.8843487897,0.8656438081681961,1829,1144952.4027365618,1.0765000279683286,2047,-8307.071863864723,0.9992356243306971,1519,1911499.9408645001,1.193265462158047,1542,934940.387388407,-968252.4816122279,1903192.8690006353,15,-873350.8355332572,-438217.9434465929,45.0,-1.5,800000000.0,3.0,5.0,3.0,2,50.0
6894,-1735010.6095054597,0.8876178607626005,1820,1086241.5965498518,1.0728832217926705,2035,-17320.57247539448,0.9984011951982539,1512,1841283.2076025247,1.1859326819509117,1527,1175193.6221715226,-648769.0129556078,1823962.6351271302,15,-782272.835753257,-215981.3758884773,45.0,-1.5,800000000.0,3.0,5.0,3.0,2,0.0
5321,-818717.1848702225,0.9439342267278905,1457,-292438.6414244581,0.9807153867099736,1590,-301655.0303167852,0.9700740992410086,1138,1339114.6531755296,1.1455371313883789,1136,-73696.20343593601,-1111155.8262946806,1037459.6228587443,13,-667863.2258755068,-1560304.5331339359,45.0,-1.5,800000000.0,3.0,5.0,3.0,3,50.0
5216,-959680.8471473939,0.9341212035863571,1436,-754283.6704705199,0.9503580511151046,1564,-384665.695857728,0.9607828848299523,1112,1366306.5480276297,1.1517228710136767,1104,-732323.6654480123,-1713964.517617914,981640.8521699017,14,-627752.4259555066,-2319756.995816012,45.0,-1.5,800000000.0,3.0,5.0,3.0,3,0.0
4020,-1531996.6655742293,0.894417874005123,1128,-544320.7820681513,0.9618637834141878,1230,-286312.94380812073,0.9700461078687276,828,1668378.7936840807,1.193783305283412,834,-694251.5977664203,-2076317.4476423806,1382065.84987596,10,-892428.9014205597,-2244284.92766442,45.0,-1.5,800000000.0,3.0,5.0,3.0,5,50.0
3808,-1240903.2213215674,0.9113498784846826,1085,-181733.6581327899,0.9867304499082199,1168,-588249.6577341827,0.9355967648889607,780,1650069.0030129794,1.2059171770243557,775,-360817.53417555965,-1422636.8794543573,1061819.3452787967,14,-936268.9014205597,-2083317.5303595595,45.0,-1.5,800000000.0,3.0,5.0,3.0,5,0.0
6859,-1759962.0074906677,0.8851643529195545,1802,1056772.9981297068,1.0699098090707446,2030,-306418.14177500445,0.9715084800776154,1499,1783608.39117581,1.1801140416844984,1528,774001.2400398448,-703189.0093609609,1477190.2494008057,16,-712708.7665396319,-621323.7580201551,45.0,-1.5,800000000.0,3.0,5.0,4.0,2,50.0
6814,-1656897.7327333377,0.8905514117314066,1792,1019603.1918849967,1.0677928397744054,2017,-29145.67455250438,0.9972374692467484,1493,1753250.0579309352,1.1774639157703946,1512,1086809.84253009,-637294.540848341,1724104.3833784307,14,-732988.7665396319,-304365.15552991,45.0,-1.5,800000000.0,3.0,5.0,4.0,2,0.0
5148,-1199040.092689124,0.9161307932731052,1397,-404493.9433902323,0.9731725582440031,1550,-69932.28506999515,0.99273085644525,1093,2084366.4018628001,1.233084430978868,1108,410900.0807134488,-1603534.0360793562,2014434.116792805,14,-743182.7193544206,-1111574.9155145509,45.0,-1.5,800000000.0,3.0,5.0,4.0,3,50.0
5059,-1189153.0673138755,0.9165133557253617,1383,-1075361.6265177042,0.9290034472184089,1520,-572141.2822070483,0.9408533685905587,1073,1863065.90256395,1.2074810381038925,1083,-973590.0734746782,-2264514.6938315798,1290924.6203569018,14,-584373.7326901197,-2414940.0697026784,45.0,-1.5,800000000.0,3.0,5.0,4.0,3,0.0
3729,-1006965.5307387275,0.9265843931502781,1036,-164664.90030048997,0.9885364238227686,1156,-730112.8744704602,0.9211474303034449,758,1991705.3286935908,1.2493645392231931,779,89962.02318391297,-1171630.4310392174,1261592.4542231306,10,-817087.9992858998,-1497357.973744087,45.0,-1.5,800000000.0,3.0,5.0,4.0,5,50.0
3549,-1175992.5995360042,0.9130011172137699,1003,-314122.451276202,0.9774589785612094,1102,-833862.9023660503,0.9074682556699245,719,1528678.37180289,1.199317889385326,725,-795299.5813753663,-1490115.0508122062,694815.4694368397,9,-745987.6662890001,-2495299.577559366,45.0,-1.5,800000000.0,3.0,5.0,4.0,5,0.0
7236,-1771288.5535450769,0.8851851452273721,1918,371905.4115709893,1.0241335562155538,2126,134853.4967549857,1.01261983455736,1582,2468914.7905405005,1.255776914282439,1610,1204385.145321399,-1399383.1419740876,2603768.2872954863,15,-739729.811951,-511959.85231260094,45.0,-1.5,800000000.0,3.0,0.0,2.0,2,50.0
7184,-1525552.5723230767,0.8998473706559963,1904,363422.6054992797,1.023625580827198,2115,152043.99699938588,1.0143199585315525,1572,2298635.723896,1.2365650414321365,1593,1288549.7540715896,-1162129.966823797,2450679.720895386,14,-630409.8123931998,-494995.2435624101,45.0,-1.5,800000000.0,3.0,0.0,2.0,2,0.0
5750,-1743260.7366775237,0.8819242710424262,1580,690690.4010562445,1.0462396631053879,1725,296794.37812457327,1.0301362584646805,1222,1694443.0081945597,1.1856824870581002,1223,938667.0506978529,-1052570.3356212792,1991237.386319133,13,-693849.9515051795,-1032119.6141981469,45.0,-1.5,800000000.0,3.0,0.0,2.0,3,50.0
5580,-1844148.9329147374,0.8724890554590559,1538,747501.5803944386,1.0510771682564777,1685,-8674.980151127122,0.9991001710995301,1177,1966275.7037664196,1.2218893357136784,1180,860953.3710949933,-1096647.3525202987,1957600.7236152925,13,-888325.6993092996,-1301283.2938010064,45.0,-1.5,800000000.0,3.0,0.0,2.0,3,0.0
4513,-1737777.005059139,0.8774460553358331,1277,54078.175610623555,1.0037814789890815,1387,53518.319414213765,1.0057129314202422,939,2611805.45045424,1.334475492193027,910,981624.9404199393,-1683698.8294485155,2665323.769868454,11,-622512.2325220332,-1132995.0587000605,45.0,-1.5,800000000.0,3.0,0.0,2.0,5,50.0
4136,-1124875.3106087702,0.9152810716672871,1190,-698392.6652274146,0.9482315834444272,1259,-530013.4026789004,0.9402053575154905,853,1947108.8087066193,1.2594608322209175,834,-406172.5698084652,-1823267.9758361848,1417095.406027719,12,-752333.44190218,-3054934.4165380653,45.0,-1.5,800000000.0,3.0,0.0,2.0,5,0.0
6926,-2176288.738212594,0.8618679529497486,1829,979987.0342083117,1.0653829710315075,2040,-114653.73908946457,0.9894468283904845,1516,1805218.94099285,1.182586198852601,1541,494263.49789910344,-1196301.7040042821,1690565.2019033856,14,-856117.7802752052,-1212148.1672848964,45.0,-1.5,800000000.0,3.0,0.0,3.0,2,50.0
6878,-1790449.7298152633,0.8840295522996618,1818,862810.095071102,1.0576247840745205,2029,-181902.23962899428,0.9832135440423437,1507,1615717.70772825,1.1621446161690074,1524,506175.8333550941,-927639.6347441613,1433815.4680992556,15,-792773.1138552049,-1263435.8318289057,45.0,-1.5,800000000.0,3.0,0.0,3.0,2,0.0
5298,-1051303.0159168094,0.9283039322488909,1451,-197266.50149742013,0.9868867815296202,1580,-288119.19764543505,0.971538294921545,1136,1289063.9870105293,1.1400856439345417,1131,-247624.72804913507,-1248569.5174142295,1000944.7893650942,10,-653261.1705362046,-2249178.0586401345,45.0,-1.5,800000000.0,3.0,0.0,3.0,3,50.0
5153,-1447926.0738551691,0.9012959312202594,1424,-881063.1310977198,0.9416599711082393,1540,-444058.69630348484,0.9550144192572335,1101,1726741.5147915292,1.1987656901105548,1088,-1046306.386464844,-2328989.204952889,1282682.8184880442,11,-877611.0820803245,-3192209.7168808435,45.0,-1.5,800000000.0,3.0,0.0,3.0,3,0.0
3958,-1687402.317356524,0.8815591534974712,1106,-482040.58817652706,0.9656933729461216,1215,-686740.6432358711,0.9285600285513645,821,1796718.8281574303,1.2152469477585315,816,-1059464.720611491,-2169442.905533051,1109978.1849215592,10,-772082.9014205597,-3148351.3854264906,45.0,-1.5,800000000.0,3.0,0.0,3.0,5,50.0
3645,-1565894.8004536466,0.8846169762216761,1041,-475763.0386173506,0.964020137707611,1118,-691397.7503369291,0.9235652284818157,751,1622960.6878603497,1.2127361844524487,735,-1110094.9015475763,-2041657.8390709972,931562.9375234206,13,-757928.9014205597,-3808173.413317176,45.0,-1.5,800000000.0,3.0,0.0,3.0,5,0.0
6848,-1855603.6613544712,0.8790269494149978,1802,960656.0286394348,1.0635296917844013,2023,-411367.30877960427,0.9618256511753354,1496,1675944.8914581602,1.1693034119223902,1527,369629.9499635198,-894947.6327150364,1264577.582678556,15,-741975.7112815798,-1346781.7152204802,45.0,-1.5,800000000.0,3.0,0.0,4.0,2,50.0
6798,-1804642.7196831414,0.8806355108718209,1790,831458.556036225,1.055015775282896,2011,-197324.84148510415,0.9813482944778069,1488,1558819.5582106602,1.157092106578295,1509,388310.55307864014,-973184.1636469164,1361494.7167255562,16,-837775.7112815798,-1385201.1121053598,45.0,-1.5,800000000.0,3.0,0.0,4.0,2,0.0
5123,-1324480.4820925868,0.9075170484004756,1391,-339299.4666031821,0.9773234332156644,1541,-260937.95193664523,0.9731408085578,1092,1980507.9018753998,1.2213944739712548,1099,55790.00124298595,-1663779.9486957688,1719569.9499387546,14,-732301.1460302379,-1931296.6617980138,45.0,-1.5,800000000.0,3.0,0.0,4.0,3,50.0
4993,-1353819.3026377764,0.9042719702937991,1371,-934739.7426401956,0.938146297199348,1499,-219747.51692468525,0.9765638400855579,1061,2162379.5014576996,1.2539677210021174,1062,-345927.06074495753,-2288559.045277972,1942631.9845330142,12,-618469.7078808576,-2599947.0562109575,45.0,-1.5,800000000.0,3.0,0.0,4.0,3,0.0
3673,-1766656.6854024443,0.8706511654461622,1015,171681.78059468453,1.0121775750220656,1142,-773263.57377621,0.9155819469912541,754,2044875.7296168406,1.2616634113575467,762,-323362.7489671295,-1594974.90480776,1271612.1558406306,11,-831102.3329393999,-2392946.0795581294,45.0,-1.5,800000000.0,3.0,0.0,4.0,5,50.0
3404,-2041033.0133604226,0.8445426565184725,965,-208247.36831331288,0.9845299863286164,1055,-1365729.5598690868,0.8489301224221829,696,1958777.1062428392,1.2748218216793485,688,-1656232.8352999839,-2249280.3816737356,593047.5463737524,11,-843216.6004497602,-4317876.165939984,45.0,-1.5,800000000.0,3.0,0.0,4.0,5,0.0
9158,-3548019.962762065,0.8504351972508901,2679,-133011.08080261922,0.9941164441321814,2816,293161.1456674914,1.0222661091349883,1848,1309063.5714769722,1.1063470398165764,1815,-2078806.3264202215,-3681031.0435646847,1602224.7171444637,11,-1148514.1692457874,-3475281.3236502213,45.0,-1.5,800000000.0,4.5,3.0,2.0,2,50.0
9135,-3456718.1954954653,0.8537334035352068,2674,-132776.41428721917,0.9941130629847386,2807,313932.4786334115,1.0239229391783164,1843,1306088.5047534723,1.1063689104525487,1811,-1969473.6263957997,-3589494.6097826846,1620020.9833868837,11,-1091682.0692457876,-3365948.6236257995,45.0,-1.5,800000000.0,4.5,3.0,2.0,2,0.0
7494,-2628325.610082089,0.8842837438402731,2277,699346.3151985458,1.0329344858856602,2326,-213326.49349379507,0.9832006490680876,1472,1588998.0993778503,1.1413449115928147,1419,-553307.6889994885,-1928979.2948835432,1375671.6058840551,11,-1419217.5888394746,-2154516.019177488,45.0,-1.5,800000000.0,4.5,3.0,2.0,3,50.0
7445,-2697760.391685485,0.8809409856819822,2265,458200.5386499968,1.0215592099816,2319,-239968.85394996515,0.9808281421447773,1456,1564057.3660159023,1.14039446670648,1405,-915471.3409695509,-2239559.853035488,1324088.512065937,11,-1434451.5889294746,-2446779.6711475505,45.0,-1.5,800000000.0,4.5,3.0,2.0,3,0.0
6239,-2224732.3500668295,0.8984560374860583,1956,218538.6746203123,1.0108343172463456,1943,-371228.9274910268,0.9690287255775724,1202,2320636.3578105597,1.2332478853135358,1138,-56786.24512698455,-2006193.6754465173,1949407.4303195328,12,-992929.5546728955,-1614544.5760049843,45.0,-1.5,800000000.0,4.5,3.0,2.0,5,50.0
6151,-2120920.4651718056,0.9023223619026306,1935,-109382.19818410836,0.9945879694159921,1920,-461702.81677816715,0.9608648759245894,1176,1982226.1912863394,1.1977813717378853,1120,-709779.2888477419,-2230302.663355914,1520523.3745081723,12,-1011116.8877352956,-2282462.6197257414,45.0,-1.5,800000000.0,4.5,3.0,2.0,5,0.0
8652,-3957225.3076624656,0.8376941352420957,2523,-1035610.1181745422,0.9551959756157783,2656,278911.2411398599,1.0209835108597305,1763,1449277.403427162,1.1197770322926623,1710,-3264646.781269986,-4992835.425837008,1728188.6445670219,11,-1116219.8505712398,-4805821.778999986,45.0,-1.5,800000000.0,4.5,3.0,3.0,2,50.0
8634,-3721854.067599405,0.8461715387627725,2518,-904544.4516861422,0.9606086120583683,2649,101790.07482485985,1.0076430325142784,1759,1418366.2372031622,1.1169364887313817,1708,-3106242.207257525,-4626398.519285548,1520156.312028022,11,-1087533.2929943744,-4647417.204987525,45.0,-1.5,800000000.0,4.5,3.0,3.0,2,0.0
6762,-2639617.149565233,0.8855345046706594,2057,-454142.61667471466,0.9787623433103816,2086,-627870.7214071159,0.9497428692493088,1325,1295115.4555717313,1.1165377871956828,1294,-2426515.032075332,-3093759.7662399476,667244.7341646154,11,-961211.5822280397,-4043090.0290233316,45.0,-1.5,800000000.0,4.5,3.0,3.0,3,50.0
6719,-2580847.6564580766,0.887593762723717,2047,-727725.2260423397,0.9658491564002293,2072,-648809.5664400359,0.9475790869693763,1317,1137304.3226479313,1.1011337587326309,1283,-2820078.126292521,-3308572.882500416,488494.75620789535,11,-965711.5823180397,-4451286.457380521,45.0,-1.5,800000000.0,4.5,3.0,3.0,3,0.0
5289,-4081517.5699985167,0.8198296357591548,1654,183028.4178665249,1.0093849691493926,1640,-946558.3572277091,0.9209447682053004,1015,1785779.0225502003,1.177474758931457,980,-3059268.4868095005,-3898489.152131992,839220.6653224912,8,-965355.191358381,-4642143.4844575,45.0,-1.5,800000000.0,4.5,3.0,3.0,5,50.0
5216,-4183160.1604921073,0.8150074082892381,1642,191964.30364974,1.0098548282464241,1618,-422529.5949369592,0.9629435560980346,989,1844922.3896238005,1.186458545160809,967,-2568803.062155526,-3991195.8568423674,1422392.7946868413,10,-1057555.524442981,-4259578.059803526,45.0,-1.5,800000000.0,4.5,3.0,3.0,5,0.0
8459,-4890465.926128047,0.8016858069757147,2442,-1120845.0721531378,0.9516301237984429,2608,540334.2381253722,1.0415307804850495,1724,1149321.9111905724,1.093032915788599,1685,-4321654.848965241,-6011310.998281185,1689656.1493159446,11,-1594424.747026633,-5879829.846695241,45.0,-1.5,800000000.0,4.5,3.0,4.0,2,50.0
8439,-4807123.419650987,0.8040056706388764,2438,-1101352.738814738,0.9523095323862413,2601,493888.2383683724,1.0382471727063727,1719,1109684.2115305723,1.0901281078872633,1681,-4304903.708566781,-5908476.158465724,1603572.4498989447,11,-1515567.6471066328,-5863078.706296781,45.0,-1.5,800000000.0,4.5,3.0,4.0,2,0.0
6436,-4027260.634140823,0.8262823517991948,1924,-1205801.6975425428,0.9443656532244267,2001,-517663.2405055041,0.9586164399540544,1275,1530521.0159423724,1.144314107215575,1236,-4220204.556246498,-5233062.331683366,1012857.7754368683,9,-976449.9324991717,-5836779.553194497,45.0,-1.5,800000000.0,4.5,3.0,4.0,3,50.0
6395,-4083658.553824093,0.8242118908928567,1914,-1067151.9470591927,0.9502531423747846,1989,-654933.447364904,0.9478055960920576,1268,1390912.7206743718,1.1292703051258721,1224,-4414831.227573818,-5150810.500883286,735979.2733094678,7,-1024615.9324841717,-6073506.224521818,45.0,-1.5,800000000.0,4.5,3.0,4.0,3,0.0
4839,-4056897.164705679,0.8152934412574815,1483,-288451.25047387206,0.9853656295202592,1522,-671942.8920638701,0.9405154711083452,927,1242869.9234134003,1.125173348206571,907,-3774421.38383002,-4345348.415179551,570927.0313495302,9,-1057844.0322205122,-5389419.8982409425,45.0,-1.5,800000000.0,4.5,3.0,4.0,5,50.0
4786,-3635703.880840715,0.8313094294702926,1468,-364483.63114382187,0.9816469219253705,1510,-262364.0607238305,0.976331686521334,920,1206492.5899701002,1.1254615526860743,888,-3056058.9827382676,-4000187.511984537,944128.5292462697,9,-1036854.0324087122,-4713607.49714919,45.0,-1.5,800000000.0,4.5,3.0,4.0,5,0.0
8937,-3187140.128071076,0.8633237854106054,2604,-179629.84456513112,0.9920009077658752,2740,445536.5119020835,1.0340666302180224,1809,1379073.44352999,1.111824939289675,1784,-1542160.017204134,-3366769.972636207,1824609.9554320737,9,-1006390.6116249723,-3070235.014978134,45.0,-1.5,800000000.0,4.5,5.0,2.0,2,50.0
8881,-2875880.8963848758,0.8753756673162064,2590,-135454.06639938522,0.9939395608607852,2728,245772.27931920358,1.018896564333956,1796,1272929.0750872903,1.1033212226326194,1767,-1492633.608377768,-3011334.962784261,1518701.3544064937,10,-896613.1119171723,-3085358.606151768,45.0,-1.5,800000000.0,4.5,5.0,2.0,2,0.0
7086,-2590772.772383116,0.8824317393554867,2128,285805.5114675311,1.0136654723826377,2192,-309022.71112138114,0.9752968275607939,1403,1791739.7185479319,1.1605179153596477,1363,-822250.2534890343,-2304967.260915585,1482717.0074265506,13,-1438513.804855262,-2499283.582291034,45.0,-1.5,800000000.0,4.5,5.0,2.0,3,50.0
6948,-2935789.162190187,0.8652351972588205,2099,282249.6372297548,1.0136753467890787,2156,-788251.5377093408,0.9360024393469176,1367,1955432.4180829318,1.180917098104517,1326,-1486358.644586841,-2653539.524960432,1167180.880373591,13,-1480733.804925262,-3360116.974704841,45.0,-1.5,800000000.0,4.5,5.0,2.0,3,0.0
5627,-1807748.1416382184,0.9128168606060051,1743,-60342.25991880195,0.9968875540023109,1757,-964837.4367920777,0.9166853538732664,1083,2772050.2171269096,1.2841771335204313,1044,-60877.62122218823,-1868090.4015570204,1807212.780334832,13,-1234892.5987884717,-1741085.9522501882,45.0,-1.5,800000000.0,4.5,5.0,2.0,5,50.0
5304,-1673647.5668857638,0.9157842487008109,1665,-567243.6687832541,0.9696621041356691,1653,-621967.6408504627,0.9432363851445763,1014,3782072.2826378797,1.432910627782533,972,919213.406118399,-2240891.235669018,3160104.6417874172,13,-1027645.7267653998,-977919.925585601,45.0,-1.5,800000000.0,4.5,5.0,2.0,5,0.0
8457,-3604329.4187393365,0.8499731325770609,2455,-855516.8519898461,0.9627537507623278,2595,-257457.6366881282,0.9812068591055914,1729,1400554.9092281093,1.1148337311193848,1678,-3316748.998189202,-4459846.270729182,1143097.2725399812,11,-932226.3161954492,-4914273.996173202,45.0,-1.5,800000000.0,4.5,5.0,3.0,2,50.0
8415,-3436211.6469037365,0.8562019481103766,2445,-833552.3236076206,0.9635324671105903,2583,-600152.1362483781,0.9563964145086185,1718,1354467.8428641092,1.110933682143333,1669,-3515448.2638956252,-4269763.970511357,754315.7066157311,12,-940142.1625957272,-5170373.261879625,45.0,-1.5,800000000.0,4.5,5.0,3.0,2,0.0
6409,-1933549.0503163543,0.9129185421798492,1917,451907.1258325728,1.0215201848227773,1981,-1135716.043640851,0.9105667713328252,1274,1087676.238501369,1.0963978085164627,1237,-1529681.7296232632,-1481641.9244837814,-48039.80513948202,12,-1012573.1321734866,-3312281.7256012633,45.0,-1.5,800000000.0,4.5,5.0,3.0,3,50.0
6297,-2274447.9106529336,0.8970665304381953,1890,-168779.28836564696,0.991914791834762,1949,-1358172.0002789209,0.8911482479151841,1251,1572307.9676812189,1.1449973913950333,1207,-2229091.231616283,-2443227.199018581,214135.967402298,13,-1047640.1321834866,-4099524.563154283,45.0,-1.5,800000000.0,4.5,5.0,3.0,3,0.0
4794,-2071311.4972258238,0.9018475267904066,1476,208290.623456273,1.0110200864102106,1493,-1366904.2920265042,0.882743220508105,928,2193411.0937176496,1.2256777092371145,897,-1036514.0720784054,-1863020.8737695508,826506.8016911454,11,-1309916.7660480738,-2702039.0690064053,45.0,-1.5,800000000.0,4.5,5.0,3.0,5,50.0
4559,-2191986.275378488,0.8923622546095838,1417,303389.33473449666,1.0166862663092986,1429,-1380869.7122352768,0.8752893860501371,871,3281775.11592815,1.3740176930324988,842,12308.463048881385,-1888596.9406439913,1900905.403692873,12,-891995.1826374739,-1800216.5352591185,45.0,-1.5,800000000.0,4.5,5.0,3.0,5,0.0
8278,-4034176.0169372563,0.8337489488207404,2386,-1136252.6422199525,0.9511618960993241,2549,384108.2762567543,1.0291882355554325,1692,938483.1731025402,1.0765084786490786,1651,-3847837.209797915,-5170428.659157209,1322591.4493592945,11,-1203507.3535759521,-5446162.207781915,45.0,-1.5,800000000.0,4.5,5.0,4.0,2,50.0
8240,-3935877.505238657,0.8372490791374475,2381,-1317612.1897238262,0.9431730200248357,2537,318403.8091578798,1.0245970256270187,1680,957647.0068205396,1.0786427027629566,1642,-3977438.8789840643,-5253489.694962483,1276050.8159784195,11,-1107899.353925952,-5630263.876968064,45.0,-1.5,800000000.0,4.5,5.0,4.0,2,0.0
6108,-3125180.2552517187,0.8593379375567493,1806,-38500.750954005634,0.9981595673205185,1895,-916358.4877116599,0.9273224968169952,1219,1606450.5033871497,1.1497888829751606,1188,-2473588.9905302348,-3163681.0062057246,690092.0156754898,10,-1099038.3674778116,-4256188.987208234,45.0,-1.5,800000000.0,4.5,5.0,4.0,3,50.0
6005,-3542291.1512472066,0.8409129536086549,1782,-173045.56593255815,0.99169200317171,1867,-1385347.12026296,0.8896669704675529,1198,1756671.7502740002,1.1694701483911574,1158,-3344012.0871687233,-3715336.717179765,371324.63001104025,12,-1093115.5555384618,-5179962.084566724,45.0,-1.5,800000000.0,4.5,5.0,4.0,3,0.0
4397,-3433704.3878303478,0.837910823240865,1335,-662489.1952873376,0.9658815139011363,1389,-919837.3924289412,0.9166386695827357,851,1834967.7978921905,1.1976937365189155,822,-3181063.1776544354,-4096193.5831176853,915130.4054632493,10,-845570.61795574,-4746901.506606435,45.0,-1.5,800000000.0,4.5,5.0,4.0,5,50.0
4192,-3960767.52754521,0.8101346437679227,1288,-601678.4698662277,0.9675138878034043,1321,-1136879.4899975634,0.8919329380749325,802,2809837.5710883997,1.3385613896815665,781,-2889487.9163206024,-4562445.997411437,1672958.0810908363,9,-903964.8434099962,-4499592.913208602,45.0,-1.5,800000000.0,4.5,5.0,4.0,5,0.0
8899,-3505051.687647029,0.8491042109867958,2591,-244687.10876089497,0.989055743618479,2726,560414.1777996838,1.0427684474477223,1804,1325500.6103608906,1.107744985171518,1778,-1863824.0082473494,-3749738.796407924,1885914.7881605744,11,-1049042.5563669202,-3868944.0082473494,45.0,-1.5,800000000.0,4.5,0.0,2.0,2,50.0
8828,-3406668.872576829,0.8518496104954087,2571,-19727.13208316872,0.9991089444967302,2709,274002.7787192039,1.0210295470926236,1789,1304803.7421479912,1.1065929807794803,1759,-1847589.483792803,-3426396.0046599978,1578806.520867195,12,-1007582.3900191202,-4094972.815832803,45.0,-1.5,800000000.0,4.5,0.0,2.0,2,0.0
6990,-2971886.188069471,0.8636512201049056,2093,-279408.4342305788,0.9865317279293446,2155,-584752.0748371014,0.953083160527115,1392,1288100.8188748318,1.1153586125525488,1350,-2547945.8782623205,-3251294.6223000498,703348.7440377304,13,-1618737.7493332096,-4806134.76131946,45.0,-1.5,800000000.0,4.5,0.0,2.0,3,50.0
6767,-3141257.857757427,0.8507234704233755,2033,56404.569062778726,1.0027866931654847,2099,-617247.9006674611,0.949147410784827,1342,1398962.4211486918,1.130924486484896,1293,-2303138.7682134174,-3084853.288694648,781714.5204812307,13,-1629681.8619343296,-4800747.650744557,45.0,-1.5,800000000.0,4.5,0.0,2.0,3,0.0
5430,-2450634.3190758303,0.8786110928174382,1665,-536166.9385594432,0.9719318221502397,1699,-1069172.569793928,0.9072187299510583,1060,2754512.46072586,1.2967891323957454,1006,-1301461.3667033403,-2986801.2576352735,1685339.8909319323,13,-1349432.5223928997,-3702740.784511781,45.0,-1.5,800000000.0,4.5,0.0,2.0,5,50.0
4875,-1852621.940029049,0.8985706253225876,1508,-726328.7888297455,0.9585893423058722,1525,-572242.1398447626,0.9449275987113762,954,2580893.0386192314,1.316291063143673,888,-570299.8300843257,-2578950.7288587946,2008650.8987744688,12,-1195417.7267878994,-3607976.495129326,45.0,-1.5,800000000.0,4.5,0.0,2.0,5,0.0
8423,-3925395.514569623,0.8363933975608302,2446,-1176962.1401772324,0.9487384419097257,2583,-44148.72151852836,0.9967454042200559,1721,1549106.24115506,1.127947059986622,1673,-3597400.1351103242,-5102357.654746856,1504957.5196365316,11,-945405.7738276751,-5627620.132991324,45.0,-1.5,800000000.0,4.5,0.0,3.0,2,50.0
8360,-3726881.9088521237,0.8435637104110866,2427,-987449.2031215264,0.9564228352998285,2564,-274789.38745377795,0.9798024406870391,1709,1484184.30789302,1.1218731589573046,1660,-3504936.1915344065,-4714331.11197365,1209394.9204392422,12,-1061376.611731081,-5724736.189415406,45.0,-1.5,800000000.0,4.5,0.0,3.0,2,0.0
6315,-2017858.896667947,0.9078734431930793,1886,191415.6865725743,1.0091784005988014,1948,-998185.7627384716,0.9195621779772328,1258,766732.2885010687,1.0681221327165562,1223,-2057896.6843327752,-1826443.2100953727,-231453.4742374029,13,-1180313.0769194344,-4320052.232104915,45.0,-1.5,800000000.0,4.5,0.0,3.0,3,50.0
6129,-2476002.193955177,0.8845556200777385,1836,-145692.5224756949,0.9928497380865474,1892,-974810.6954545986,0.9202991330392525,1219,663325.0714931991,1.06077391683,1182,-2933180.3403922715,-2621694.7164308717,-311485.62396139954,12,-1098309.9228137543,-5482505.886719411,45.0,-1.5,800000000.0,4.5,0.0,3.0,3,0.0
4637,-3086770.8879799526,0.8481371285364417,1404,-202985.35641880147,0.9891562687143838,1447,-1735688.1115488766,0.8531997998115384,915,1869310.61852023,1.196894648503068,871,-3156133.7374274,-3289756.244398754,133622.50697135343,8,-1220007.8505219738,-5619588.156215841,45.0,-1.5,800000000.0,4.5,0.0,3.0,5,50.0
4213,-4118267.473082581,0.7872583130166656,1295,-82423.25300359074,0.9951871856345645,1321,-1071277.1405032864,0.8996631159756029,820,1666521.0861392776,1.1938102766313121,777,-3605446.78045018,-4200690.726086171,595243.9456359912,10,-1068990.8328667867,-6605847.55340974,45.0,-1.5,800000000.0,4.5,0.0,3.0,5,0.0
8249,-4428242.195546607,0.817105077936177,2377,-1240946.6400206885,0.9465443576939416,2540,269300.1914913544,1.0203436259081242,1684,1050898.0050294907,1.0856875903696057,1648,-4348990.639046449,-5669188.835567296,1320198.196520845,11,-1245209.2983179002,-6437577.302675449,45.0,-1.5,800000000.0,4.5,0.0,4.0,2,50.0
8191,-4190090.490687406,0.8250784145963714,2363,-1271631.8206510823,0.9447147470925809,2520,246412.05853185445,1.0188878563481107,1671,628545.5052804903,1.0506238867214346,1637,-4586764.747526144,-5461722.311338488,874957.5638123447,11,-1170434.6320279,-6810431.411155144,45.0,-1.5,800000000.0,4.5,0.0,4.0,2,0.0
6040,-3939904.634409545,0.8235441061172516,1787,420706.4151029161,1.0203503267394978,1869,-890562.0006141805,0.9282603715016752,1208,811506.9593630001,1.0758002407783798,1176,-3598253.260557809,-3519198.219306629,-79055.04125118034,12,-1296777.2502359096,-5847408.809449948,45.0,-1.5,800000000.0,4.5,0.0,4.0,3,50.0
5875,-4032110.2083593183,0.8165588428977966,1745,-870542.479631104,0.9581934885406131,1823,-527038.8984349772,0.9558791730666983,1174,1287043.1235368,1.1272554939070387,1133,-4142648.4628885984,-4902652.687990422,760004.2251018229,12,-1267621.1598869993,-6705390.675855738,45.0,-1.5,800000000.0,4.5,0.0,4.0,3,0.0
4276,-4067478.4750306727,0.8049208311424215,1291,-911882.1647424239,0.9525315890032949,1353,-1378427.681410192,0.8731491518553615,828,1250073.6079474408,1.1345522721334298,804,-5107714.713235849,-4979360.639773097,-128354.07346275123,9,-1129287.1335175121,-7487433.018155429,45.0,-1.5,800000000.0,4.5,0.0,4.0,5,50.0
3906,-4325787.361312436,0.7784704304804264,1185,-923719.5915272434,0.9485150298326627,1239,-926992.2723526924,0.9101683358324746,756,1749081.0925113033,1.211703129488874,726,-4427418.132681069,-5249506.952839679,822088.8201586108,11,-1159446.1656626293,-7611594.795103069,45.0,-1.5,800000000.0,4.5,0.0,4.0,5,0.0
5173,-1338434.3207924445,0.8674811877849257,1235,502790.5062779579,1.04873898909253,1397,-1085133.5927427716,0.8816853305771225,1243,1521800.42452825,1.1829361796461182,1298,-398976.9827290083,-835643.8145144866,436666.8317854784,12,-956683.7953845919,-1573030.3149405085,45.0,-3.0,2000000000.0,3.0,3.0,2.0,2,50.0
5170,-1286363.9875088944,0.8728156285719882,1235,472023.50626995804,1.0456987102981197,1397,-1086808.5927427716,0.8815027013850961,1242,1490498.82446825,1.179185086221403,1296,-410650.2495134581,-814340.4812389363,403690.2317254783,12,-956683.7953845919,-1585678.581724958,45.0,-3.0,2000000000.0,3.0,3.0,2.0,2,0.0
4455,-1429776.9943579477,0.8640133109621826,1105,561555.6115454949,1.0520083034514514,1233,-556669.3375578378,0.9376141063922343,1038,1779841.2556148008,1.2161903061855193,1079,354950.5352445096,-868221.3828124529,1223171.918056963,14,-515994.59705388924,-888482.7960754903,45.0,-3.0,2000000000.0,3.0,3.0,2.0,3,50.0
4445,-1299668.661074398,0.8758183496554807,1104,524347.8968276946,1.048510960176204,1231,-548138.780551998,0.9383382113916271,1034,1740555.4222988007,1.210918157867958,1076,417095.8775000996,-775320.7642467035,1192416.6417468027,15,-515994.59705388924,-826337.4538199003,45.0,-3.0,2000000000.0,3.0,3.0,2.0,3,0.0
3857,-1247302.7409038355,0.8831487212061663,982,446640.7229973877,1.0393890891279225,1095,-1018209.6430080457,0.8897387461201192,887,1543212.5949643606,1.1916635803448123,893,-275659.0659501329,-800662.0179064479,525002.9519563148,14,-719849.3657885997,-1640492.3972701328,45.0,-3.0,2000000000.0,3.0,3.0,2.0,5,50.0
3839,-1196753.0739484197,0.8875209255588933,977,407953.8057565675,1.0360828189199693,1090,-1054501.9760147159,0.8854927730319775,882,1549581.2947138106,1.1935280483873891,890,-293719.94949275744,-788799.2681918521,495079.3186990947,14,-739865.3657885997,-1658553.2808127573,45.0,-3.0,2000000000.0,3.0,3.0,2.0,5,0.0
4961,-1153620.7930684239,0.8841800963921622,1178,-3528.03184983792,0.9996682606322524,1347,-1350133.792297222,0.8567326155853627,1191,1449555.1418813197,1.172335315163192,1245,-1057727.475334164,-1157148.8249182617,99421.34958409774,10,-811335.1109738725,-2231360.807545664,45.0,-3.0,2000000000.0,3.0,3.0,3.0,2,50.0
4959,-1077318.7930684239,0.891677448837212,1178,-28003.031857837923,0.997369251399135,1347,-1335128.792297222,0.8583248482332723,1191,1431591.1418213197,1.1701996036455784,1243,-1008859.4754021639,-1105321.8249262618,96462.34952409775,11,-811335.1109738725,-2183467.807613664,45.0,-3.0,2000000000.0,3.0,3.0,3.0,2,0.0
4120,-838429.058292083,0.9188571682354542,1012,-657025.7222591445,0.942212594924215,1149,-1039462.7921833784,0.8856649552202336,962,2248541.81949428,1.2845339146147892,997,-286375.7532403255,-1495454.7805512275,1209079.0273109018,11,-586143.2660211695,-1481234.0854518255,45.0,-3.0,2000000000.0,3.0,3.0,3.0,3,50.0
4112,-816022.0582920829,0.9211311191448355,1012,-642064.0557511445,0.943612895087028,1149,-1016328.5818153784,0.887651792024398,958,2211119.08617828,1.279912324401075,993,-263295.609680325,-1458086.1140432274,1194790.5043629017,12,-586143.2660211695,-1459353.941891825,45.0,-3.0,2000000000.0,3.0,3.0,3.0,3,0.0
3369,-1272218.6668974264,0.8830975081782729,864,206501.19272447383,1.0179679294547423,974,-1162523.5679031601,0.8703341435055754,759,2323067.352692131,1.320123957326475,772,94826.31061601802,-1065717.4741729526,1160543.7847889708,10,-862845.1983705298,-1166823.6887239818,45.0,-3.0,2000000000.0,3.0,3.0,3.0,5,50.0
3356,-1251264.3337729261,0.8848518294973139,860,143756.19211367378,1.0125399038089005,969,-1126635.2347137304,0.8737805082290273,757,2205424.3526321305,1.3010639051728203,770,-28719.023740852135,-1107508.1416592523,1078789.1179184,11,-862845.1983705298,-1290369.0230808519,45.0,-3.0,2000000000.0,3.0,3.0,3.0,5,0.0
4918,-1517599.483192524,0.8502921993960435,1168,5333.749518394936,1.000495915295496,1335,-1267731.753550581,0.8613177191260333,1177,1373152.2916478897,1.1625811390846195,1238,-1406845.19557682,-1512265.733674129,105420.53809730872,11,-821183.0439422375,-2578978.52778832,45.0,-3.0,2000000000.0,3.0,3.0,4.0,2,50.0
4916,-1448297.483192524,0.8570158464223085,1168,-19061.25048960495,0.9982293054612079,1335,-1252726.753550581,0.8629591764916674,1177,1355188.2915878897,1.1604542026843123,1236,-1364897.1956448196,-1467358.7336821288,102461.53803730872,12,-821183.0439422375,-2538230.5278563197,45.0,-3.0,2000000000.0,3.0,3.0,4.0,2,0.0
3985,-1010780.7871617352,0.901264501578854,976,-1041617.380066358,0.9091970497620961,1116,-788284.8837596783,0.9110617283072755,929,2023998.7921289902,1.2609982547233836,964,-816684.2588587811,-2052398.1672280934,1235713.9083693118,11,-637594.0315388395,-2016542.591070281,45.0,-3.0,2000000000.0,3.0,3.0,4.0,3,50.0
3976,-998278.7871617351,0.9022852818260891,975,-1085568.3801083576,0.9055862011322023,1115,-784907.0199916783,0.9111214679568033,926,1941441.95881299,1.2491375848254116,960,-927312.2284487807,-2083847.1672700928,1156534.9388213116,10,-637594.0315388395,-2127245.5606602808,45.0,-3.0,2000000000.0,3.0,3.0,4.0,3,0.0
3150,-1618488.3835484649,0.8532656849236343,811,-561438.0493423138,0.9526696282593861,913,-622370.5320482703,0.924528692246955,704,1401952.6940972903,1.191818274350662,722,-1400344.2708417587,-2179926.4328907784,779582.16204902,11,-936998.3978249199,-2591127.6028777584,45.0,-3.0,2000000000.0,3.0,3.0,4.0,5,50.0
3135,-1671894.0492353982,0.8495721294518437,811,-603931.0501343135,0.9487229775646381,907,-736135.1982769906,0.9108654465294521,700,1428553.1940372903,1.1977057130564916,717,-1583407.103609412,-2275825.0993697117,692417.9957602997,11,-936998.3978249199,-2774190.4356454117,45.0,-3.0,2000000000.0,3.0,3.0,4.0,5,0.0
5124,-1597387.5570102287,0.8416731437859185,1223,242874.05989945668,1.0234851078050655,1379,-1066065.090111718,0.8837065449390367,1234,1833899.2568562992,1.2218130032061896,1288,-586679.3303661915,-1354513.497110772,767834.1667445812,12,-909995.3388700745,-1816375.994698191,45.0,-3.0,2000000000.0,3.0,5.0,2.0,2,50.0
5118,-1493254.2240129788,0.852257874513,1223,263546.23336885683,1.0254519152420907,1378,-1073531.7565057182,0.8828920314156129,1233,1734302.8568864244,1.20930865607781,1284,-568936.8902634152,-1229707.990644122,660771.1003807061,12,-909995.3388700745,-1811320.2212204149,45.0,-3.0,2000000000.0,3.0,5.0,2.0,2,0.0
4316,-1258467.2353730826,0.8765451430215979,1064,400637.330648966,1.0373192053523697,1197,-1003197.5886771645,0.8873075986177374,1009,2057128.9962238502,1.2525271433915948,1046,196101.50282256864,-857829.9047241166,1053931.4075466855,13,-688320.2770779823,-1121008.493962431,45.0,-3.0,2000000000.0,3.0,5.0,2.0,3,50.0
4280,-1176989.6292106325,0.8835240603632931,1056,306235.56379186106,1.0285012515672414,1188,-1082665.3487294246,0.8773159412915083,998,2406731.827478725,1.3035711077878798,1038,453312.413330529,-870754.0654187715,1324066.4787493004,14,-680818.3664861594,-885220.917331471,45.0,-3.0,2000000000.0,3.0,5.0,2.0,3,0.0
3591,-1590453.5684191845,0.8494293768699126,921,-99563.31236231397,0.9912033057598191,1031,-1001443.6550554626,0.8869321877667793,816,1428736.9729009701,1.1820395835904471,823,-1262723.5629359912,-1690016.8807814985,427293.3178455075,12,-811592.1797890395,-2601006.893565991,45.0,-3.0,2000000000.0,3.0,5.0,2.0,5,50.0
3494,-1769322.0658441526,0.8303826211282617,901,-354233.9649795939,0.9682137968336896,1000,-1198361.689047453,0.8592827009539448,785,1281036.1392211204,1.1650797608597494,808,-2040881.5806500788,-2123556.0308237467,82674.4501736674,11,-799105.3795973596,-3408356.578542079,45.0,-3.0,2000000000.0,3.0,5.0,2.0,5,0.0
4913,-1437298.6116596244,0.8553716529909657,1170,-297723.0270673442,0.9719346335717043,1330,-1372703.8929861684,0.8534566059576085,1179,1626226.0078140297,1.1933279079160741,1234,-1481499.5238991077,-1735021.6387269686,253522.1148278613,10,-755307.1544593552,-2714716.1882311073,45.0,-3.0,2000000000.0,3.0,5.0,3.0,2,50.0
4904,-1279571.2789419745,0.8708973732685973,1169,-297258.85359794396,0.972003619719186,1329,-1338703.8926361683,0.8570862856534187,1179,1609719.007621795,1.1920904540096988,1227,-1305815.017554292,-1576830.1325399184,271015.11498562666,10,-755307.1544593552,-2550498.3485112917,45.0,-3.0,2000000000.0,3.0,5.0,3.0,2,0.0
3998,-821019.6029483145,0.9190849166588207,984,-498050.210043182,0.9555113162071996,1114,-907072.891738665,0.8954133579649873,934,2365981.9234742904,1.3011271548934396,966,139839.218744128,-1319069.8129914966,1458909.0317356254,11,-494149.5658196094,-1172804.1127578719,45.0,-3.0,2000000000.0,3.0,5.0,3.0,3,50.0
3961,-723424.6031275145,0.9282123633136685,976,-492992.0088682936,0.9561155196596278,1108,-916418.4316375854,0.8926987323865807,923,2422633.8552871654,1.3124813994232154,954,289798.81165377167,-1216416.611995808,1506215.42364958,11,-521830.1657416095,-1037601.1870782282,45.0,-3.0,2000000000.0,3.0,5.0,3.0,3,0.0
3140,-1451690.4342175536,0.8654770738060548,812,61657.737092014635,1.005491132937399,910,-934290.5003375772,0.8905627129410559,710,2576628.6321916706,1.3762625581719905,708,252305.43472855468,-1390032.697125539,1642338.1318540934,11,-880833.0823841296,-1116827.895611445,45.0,-3.0,2000000000.0,3.0,5.0,3.0,5,50.0
3069,-1582341.5999187534,0.8507337556922002,794,-426119.2032869352,0.9621421117288177,890,-849108.0573291697,0.8977340939642846,689,2248782.6560032303,1.3255249787268502,696,-608786.2045316286,-2008460.8032056885,1399674.5986740605,11,-881297.7825356098,-2017694.5360016283,45.0,-3.0,2000000000.0,3.0,5.0,3.0,5,0.0
4871,-1672094.9407350044,0.8343309574431955,1160,-550887.9121104311,0.9492406675039398,1318,-1208122.2042945274,0.8655648417062773,1167,1524544.3243336,1.179633825290902,1226,-1906560.7328063636,-2222982.8528454355,316422.1200390726,11,-752121.9208577202,-3139777.397138363,45.0,-3.0,2000000000.0,3.0,5.0,4.0,2,50.0
4861,-1521299.608110554,0.8489772124331689,1159,-550343.7386410311,0.9493350637885333,1317,-1111752.2039445275,0.8762609835844463,1166,1466203.8242467246,1.172737526517862,1219,-1717191.726449388,-2071643.3467515851,354451.62030219706,12,-752121.9208577202,-2961875.0574063878,45.0,-3.0,2000000000.0,3.0,5.0,4.0,2,0.0
3876,-1356038.4248353601,0.8680063145445452,953,-957177.1108985167,0.9150612440595657,1084,-631289.4682067244,0.9255723808188862,905,2453236.8962693503,1.3233331136514714,934,-491268.10767125105,-2313215.5357338767,1821947.428062626,11,-637559.6649451592,-1780461.439781251,45.0,-3.0,2000000000.0,3.0,5.0,4.0,3,50.0
3835,-1385433.4248069604,0.8642457267411447,944,-1018471.5763408279,0.9101004933402265,1078,-634589.8931391169,0.9236203333070869,892,2352540.2280822247,1.3136026923067516,921,-685954.66620468,-2403905.001147788,1717950.3349431078,12,-707416.4648671595,-1999687.9983146798,45.0,-3.0,2000000000.0,3.0,5.0,4.0,3,0.0
2940,-2050132.7612058066,0.8172973936952683,762,-1066054.57144265,0.9096978667191845,858,-987880.3851096879,0.8804373761628227,653,1638854.6398023004,1.2366171973147702,667,-2465213.077955844,-3116187.3326484566,650974.2546926124,11,-1230259.3980525597,-3738846.408247844,45.0,-3.0,2000000000.0,3.0,5.0,4.0,5,50.0
2886,-2334875.4399819067,0.7886559311820488,747,-1255023.2282343102,0.8931214231443467,844,-872957.7067250924,0.8927945528225937,642,1201999.99828405,1.1681747437562566,653,-3260856.3766572587,-3589898.668216217,329042.29155895766,10,-1217459.3980525597,-4571364.708079258,45.0,-3.0,2000000000.0,3.0,5.0,4.0,5,0.0
5117,-1622577.4695235828,0.8395307827226558,1223,187865.58407770674,1.0181584223155735,1375,-1123262.5901622507,0.8774670620374542,1234,1748903.9239058995,1.2125063124552524,1285,-809070.551702227,-1434711.885445876,625641.3337436488,12,-857310.6169470225,-2390420.5486462265,45.0,-3.0,2000000000.0,3.0,0.0,2.0,2,50.0
5108,-1635510.736618583,0.838507118348729,1223,173199.42444710707,1.0167197502734637,1372,-1093108.5899922508,0.8805074390614349,1232,1655652.5239333997,1.2007342299742771,1281,-899767.3782303273,-1462311.312171476,562543.9339411489,12,-857310.6169470225,-2504517.375174327,45.0,-3.0,2000000000.0,3.0,0.0,2.0,2,0.0
4285,-1346518.6398366245,0.8669907724383722,1056,350915.4633998563,1.0328266989236525,1188,-857207.8668467968,0.9034449904595687,1004,1845111.4958047,1.229397081670591,1037,-7699.547478864901,-995603.1764367681,987903.6289579032,14,-709007.8704037997,-1818019.4494647146,45.0,-3.0,2000000000.0,3.0,0.0,2.0,3,50.0
4213,-1473503.3046727644,0.8529246650613508,1042,653717.8532018496,1.061794159000258,1171,-1042307.2933340569,0.8810158283360984,986,2480856.4939831,1.322854494083717,1014,618763.7491781283,-819785.4514709148,1438549.2006490433,13,-753712.28428658,-1477561.2481823717,45.0,-3.0,2000000000.0,3.0,0.0,2.0,3,0.0
3531,-1968406.9447497523,0.8120116185884806,907,-49055.904900440364,0.9956531912663139,1015,-995443.3818487851,0.8873090013790065,805,1046306.9727564204,1.1348591253005387,804,-1966599.258742557,-2017462.8496501925,50863.590907635284,10,-680232.7127528398,-3883952.590372557,45.0,-3.0,2000000000.0,3.0,0.0,2.0,5,50.0
3337,-2045091.4336687564,0.7971552193886804,865,288936.6808643732,1.0267871093949632,956,-1129281.4823617255,0.8649355818926024,757,1251143.9711605203,1.170222832050254,759,-1634292.2640055881,-1756154.7528043832,121862.4887987948,11,-712589.0461491598,-4352905.7748876875,45.0,-3.0,2000000000.0,3.0,0.0,2.0,5,0.0
4906,-1559411.5241729785,0.8435281612645592,1170,-462855.83636309387,0.9563946219981587,1326,-1459476.3930367008,0.8441166327485782,1178,1446555.67486363,1.1724284469315955,1232,-2035188.0787091432,-2022267.3605360724,-12920.71817307081,10,-720672.4325363032,-3576398.075013143,45.0,-3.0,2000000000.0,3.0,0.0,3.0,2,50.0
4895,-1517751.5915475786,0.8472546424825352,1169,-527896.6624186938,0.9503119149415172,1323,-1395559.726122701,0.850713820316535,1178,1433143.6746687698,1.171478610895424,1225,-2008064.3054202034,-2045648.2539662723,37583.94854606874,10,-720672.4325363032,-3558814.301724203,45.0,-3.0,2000000000.0,3.0,0.0,3.0,2,0.0
3970,-923421.8694809282,0.9084346733694634,979,-498083.1607548816,0.9552994338967101,1106,-909014.6689954974,0.8950707402250981,930,2179265.422573889,1.281410648591853,955,-151254.27665741788,-1421505.0302358097,1270250.7535783919,11,-470364.8986960094,-2010790.8468792676,45.0,-3.0,2000000000.0,3.0,0.0,3.0,3,50.0
3903,-1132663.1408177682,0.8872171992601853,965,-170482.21246307617,0.9846683318436185,1092,-1084159.7919454176,0.8731010515399013,912,2373525.52123789,1.3122952728600572,934,-13779.623988372972,-1303145.3532808444,1289365.7292924721,9,-507345.49861800956,-2129771.286868873,45.0,-3.0,2000000000.0,3.0,0.0,3.0,3,0.0
3087,-1749137.5053816196,0.8349126198313979,799,-51658.332643485046,0.9953912393668267,896,-776866.8605989597,0.9075340760645176,700,2031981.63277337,1.2944596423669497,692,-545681.0658506937,-1800795.8380251047,1255114.7721744103,10,-758178.4160115296,-2545984.398300694,45.0,-3.0,2000000000.0,3.0,0.0,3.0,5,50.0
2942,-1537186.9841678492,0.8486411135057744,767,122512.15269047779,1.0111951574358318,854,-661759.321666262,0.9182281373311518,665,1500051.3211595302,1.2189259885183843,656,-576382.8319841037,-1414674.8314773715,838291.9994932682,9,-730226.4493630099,-3309688.0079062036,45.0,-3.0,2000000000.0,3.0,0.0,3.0,5,0.0
4864,-1760999.8532483582,0.8254358937036208,1160,-717470.7214061809,0.9339439137733523,1314,-1268502.20434506,0.8588459892295047,1167,1412226.4914742,1.1669986239236954,1223,-2334746.2875253996,-2478470.574654539,143724.28712914,11,-717487.1989346682,-3881206.2838293994,45.0,-3.0,2000000000.0,3.0,0.0,4.0,2,50.0
4851,-1694852.7207161584,0.8310872554441385,1159,-786031.5474617807,0.9276947647565096,1311,-1123185.5374310599,0.8747877615489399,1165,1356980.9913847,1.1604450740064622,1216,-2247088.814224299,-2480884.268177939,233795.45395364007,11,-717487.1989346682,-3803088.810528299,45.0,-3.0,2000000000.0,3.0,0.0,4.0,2,0.0
3851,-1507175.2632360258,0.8523563624697292,950,-880075.2291155162,0.9217587997660178,1078,-612912.7459603568,0.9274174396559121,900,2481158.7290969994,1.3325986406794397,923,-519004.5092148995,-2387250.492351542,1868245.9831366427,11,-619465.6652375594,-2389557.7461007494,45.0,-3.0,2000000000.0,3.0,0.0,4.0,3,50.0
3790,-1732550.940143146,0.8295863775518632,938,-572226.114406911,0.9493497486048412,1065,-728248.7263842166,0.9113588551933475,882,2383913.8938841997,1.3227827909733612,905,-649111.8870500743,-2304777.0545500573,1655665.1674999832,11,-684255.7985435594,-2737903.5499305744,45.0,-3.0,2000000000.0,3.0,0.0,4.0,3,0.0
2890,-2239708.299691272,0.7930982150226119,746,-763132.8870957794,0.9345250247023735,845,-1292486.3722108102,0.8428960215020516,644,1472610.4737610007,1.213852001677379,655,-2822717.085236862,-3002841.186787051,180124.10155019048,9,-1150438.7313875598,-4697107.917686862,45.0,-3.0,2000000000.0,3.0,0.0,4.0,5,50.0
2759,-2437271.1787641775,0.7689693422925322,718,-524221.66250417766,0.9543782654782911,811,-1143114.3378697922,0.8547675383930696,616,1473241.997098,1.2248744577637112,614,-2631365.1820401484,-2961492.841268355,330127.6592282078,10,-1087438.7313875598,-5353795.357962249,45.0,-3.0,2000000000.0,3.0,0.0,4.0,5,0.0
7424,-1928302.6854946518,0.8925257756339066,1985,76934.36845204083,1.0041043608591491,2224,-1025959.009216758,0.9196768730345687,1610,1601928.6383594223,1.141909218582573,1605,-1275398.6878999462,-1851368.317042611,575969.6291426644,15,-1297810.874338372,-2487523.685829946,45.0,-3.0,2000000000.0,4.5,3.0,2.0,2,50.0
7420,-1881210.6854946518,0.8952334296934709,1985,65173.36851004063,1.003477370151611,2222,-1043676.0092167578,0.9183636796036446,1610,1553547.0382994222,1.137465713992506,1603,-1306166.2879019468,-1816037.316984611,509871.0290826644,15,-1297810.874338372,-2518291.285831947,45.0,-3.0,2000000000.0,4.5,3.0,2.0,2,0.0
6322,-1926197.768960355,0.8939486808207787,1754,92447.50679040811,1.0050186879267748,1919,-722729.897717004,0.9399395163503378,1327,2435920.5941260243,1.2299163939967017,1322,-120559.56576092634,-1833750.262169947,1713190.6964090203,14,-1106654.1271757544,-1502184.5633509264,45.0,-3.0,2000000000.0,4.5,3.0,2.0,3,50.0
6314,-1820742.1019678554,0.899478437320278,1753,138270.17341040826,1.0075114746600393,1917,-704416.340901244,0.9413148009206486,1323,2348956.094310744,1.2209322418300628,1321,-37932.175147946924,-1682471.9285574472,1644539.7534095002,14,-1106654.1271757544,-1419557.172737947,45.0,-3.0,2000000000.0,4.5,3.0,2.0,3,0.0
5491,-1660324.414299187,0.9077657481525696,1581,-213205.47747697646,0.9884326907615184,1686,-886399.3743430594,0.925143353107141,1121,1926738.5146159325,1.1867028685767786,1103,-833190.7515032908,-1873529.8917761636,1040339.1402728731,12,-990287.8189448997,-2243090.7490932904,45.0,-3.0,2000000000.0,4.5,3.0,2.0,5,50.0
5471,-1886968.745884138,0.895427815464631,1571,-285380.0451466964,0.9845383150045592,1683,-785420.1070723196,0.9332549095150222,1116,2072739.7142973822,1.2023586028728035,1101,-885029.1838057716,-2172348.7910308344,1287319.6072250626,12,-1026217.8189962999,-2294929.1813957714,45.0,-3.0,2000000000.0,4.5,3.0,2.0,5,0.0
7016,-1964969.3781615342,0.8924604992673562,1872,-916317.4449927406,0.9525376099752015,2094,-931662.4260936661,0.9269000450926517,1526,1244048.4799856422,1.1074068936187866,1524,-2568900.7692622985,-2881286.823154275,312386.05389197613,12,-1001548.4446388122,-3846975.7676922986,45.0,-3.0,2000000000.0,4.5,3.0,3.0,2,50.0
7013,-1893867.3781615342,0.8963256932407786,1872,-932082.4449347407,0.9517150296474608,2092,-920947.4260936661,0.9277407637852755,1526,1209264.4799256425,1.10422181923779,1523,-2537632.7692642985,-2825949.823096275,288317.0538319764,12,-1001548.4446388122,-3815707.767694298,45.0,-3.0,2000000000.0,4.5,3.0,3.0,2,0.0
5732,-1850012.9066732912,0.8997239151798042,1585,-1454446.4831308965,0.9242312182992035,1737,-671936.8210055126,0.9439092422239718,1215,2583076.86509272,1.2547243910701222,1195,-1393319.3457169808,-3304459.3898041877,1911140.0440872074,12,-835902.5767707636,-2796794.344146981,45.0,-3.0,2000000000.0,4.5,3.0,3.0,3,50.0
5719,-1942593.2396807913,0.8948912923987641,1583,-1349211.4831308967,0.9294848290655275,1734,-529231.0711172326,0.9555911022278614,1212,2404408.4650927205,1.235945996647997,1190,-1416627.3288362003,-3291804.7228116877,1875177.393975488,13,-835902.5767707636,-2820102.3272662004,45.0,-3.0,2000000000.0,4.5,3.0,3.0,3,0.0
4703,-2528487.85597717,0.865105795805997,1358,-716023.9273435229,0.9611413826167664,1439,-856770.5124055607,0.9263991715383313,964,1823585.3031929384,1.1864616739544565,942,-2277696.9925333154,-3244511.7833206933,966814.7907873777,12,-1016446.356691884,-3616796.9909633156,45.0,-3.0,2000000000.0,4.5,3.0,3.0,5,50.0
4678,-2461753.1887952704,0.8676067002506569,1348,-591112.8278469229,0.9677326053639156,1436,-949816.7783988207,0.9178122206556716,956,1767226.8031929387,1.1804790618322873,938,-2235455.991848075,-3052866.0166421933,817410.024794118,12,-1016446.356691884,-3574555.9902780745,45.0,-3.0,2000000000.0,4.5,3.0,3.0,5,0.0
6879,-3070087.2809288185,0.8377397919446771,1820,-1344842.0179987052,0.9317928496344788,2059,-564615.3037403529,0.9538149299196127,1497,1240484.7519027223,1.108246319809413,1503,-3739059.850765154,-4414929.298927523,675869.4481623694,12,-1480517.5509453928,-5000984.849195154,45.0,-3.0,2000000000.0,4.5,3.0,4.0,2,50.0
6876,-2985535.2809288185,0.842014398936938,1820,-1334651.0180167055,0.9323440261075676,2057,-553900.3037403529,0.9546914081564458,1497,1212920.7518427223,1.1057211194405339,1502,-3661165.8508431544,-4320186.298945524,659020.4481023694,12,-1480517.5509453928,-4923090.8492731545,45.0,-3.0,2000000000.0,4.5,3.0,4.0,2,0.0
5469,-2422726.390670116,0.8695898260308417,1499,-1445304.0360113285,0.9233550658184965,1661,35866.17884035956,1.003107445019297,1162,2041889.368264471,1.1990983568588862,1147,-1790274.8795766146,-3868030.4266814445,2077755.5471048304,10,-934291.8680154744,-3103349.8780066147,45.0,-3.0,2000000000.0,4.5,3.0,4.0,3,50.0
5458,-2477818.3903776156,0.8663292661145806,1496,-1347106.0362926088,0.9282482884025677,1659,112051.42941675917,1.0097086026928024,1160,1812821.8682644707,1.175090265498859,1143,-1900051.128988995,-3824924.4266702244,1924873.29768123,11,-934291.8680154744,-3213126.127418995,45.0,-3.0,2000000000.0,4.5,3.0,4.0,3,0.0
4325,-3504154.6299807206,0.8170904370454113,1242,-1314554.4324998693,0.9297178100476897,1331,-421351.0345873025,0.961861187814662,884,2124731.2163779745,1.2304907545930877,868,-3115328.880689917,-4818709.062480589,1703380.181790672,11,-1236716.85066992,-4507242.211815917,45.0,-3.0,2000000000.0,4.5,3.0,4.0,5,50.0
4305,-3218166.8101525535,0.8290388740580149,1233,-1320686.4996382697,0.9291752700256647,1326,-293184.8211441326,0.9732218795843173,880,2303285.716317974,1.2539655912234355,866,-2528752.4146169806,-4538853.309790824,2010100.8951738414,12,-1125042.03226882,-3901265.7457429804,45.0,-3.0,2000000000.0,4.5,3.0,4.0,5,0.0
7243,-1852200.9522696,0.8949833145648837,1925,-480133.1438708955,0.9745364111382984,2168,-799274.1755465893,0.9370219249397881,1582,1440135.0029440194,1.126660620358325,1568,-1691473.2687430652,-2332334.0961404955,640860.8273974301,14,-1266806.6235272847,-3047098.266565065,45.0,-3.0,2000000000.0,4.5,5.0,2.0,2,50.0
7223,-1904951.9520976597,0.8920312693713001,1920,-447009.69195326953,0.9762550082821635,2164,-717830.1754829896,0.9432675573512022,1578,1469451.7360101442,1.1299252147024954,1561,-1600340.0835237745,-2351961.644050929,751621.5605271546,14,-1266806.6235272847,-2955965.0813457742,45.0,-3.0,2000000000.0,4.5,5.0,2.0,2,0.0
5960,-1924170.2454371713,0.8899508221232408,1636,-135095.88108781283,0.9925709580430563,1809,-932741.980986305,0.9222040881552592,1265,2379538.540901594,1.2268152175856935,1250,-612469.5666096953,-2059266.1265249841,1446796.5599152888,14,-1076711.257854354,-2156719.5635916954,45.0,-3.0,2000000000.0,4.5,5.0,2.0,3,50.0
5912,-2136679.971989021,0.8772030077713067,1622,-37339.73059850745,0.9979439087421452,1799,-1051501.1744739655,0.9111583253759057,1252,2423027.373165304,1.2349239273614072,1239,-802493.5038961901,-2174019.7025875286,1371526.1986913383,14,-1098943.4278223,-2374143.50148619,45.0,-3.0,2000000000.0,4.5,5.0,2.0,3,0.0
4915,-1696246.8408593936,0.9003889830523907,1404,-76139.35285381705,0.9957702717292003,1530,-1196682.3878592143,0.8943446293911811,1004,1344522.3636263441,1.134761994091788,977,-1624546.217946081,-1772386.1937132105,147839.9757671298,11,-1198696.6176356263,-3243046.215838081,45.0,-3.0,2000000000.0,4.5,5.0,2.0,5,50.0
4797,-2067983.2378876111,0.8771363624616312,1371,-424309.94874740567,0.9763215977383254,1499,-1317280.9227486644,0.8803182507294439,974,1370900.4631764938,1.1408339980733477,953,-2438673.6462071873,-2492293.186635017,53619.54042782937,11,-1075939.9514381264,-4116573.644707187,45.0,-3.0,2000000000.0,4.5,5.0,2.0,5,0.0
6850,-1758098.7139812075,0.9019490477188893,1817,-1327903.174661196,0.931600381170718,2043,-679438.376240363,0.9461639775971905,1499,1225207.2703873198,1.1049664239298438,1491,-2540232.994495447,-3086001.8886424033,545768.8941469569,11,-964722.6550393847,-3998757.9923174465,45.0,-3.0,2000000000.0,4.5,5.0,3.0,2,50.0
6833,-1813729.7135750577,0.8987957140198004,1813,-1253687.7227135696,0.9352163357978569,2038,-635523.2103716382,0.9498029539076464,1497,1233597.603566445,1.1053320155728916,1485,-2469343.043093821,-3067417.4362886273,598074.3931948068,11,-939722.6550393847,-3927868.0409158207,45.0,-3.0,2000000000.0,4.5,5.0,3.0,2,0.0
5442,-1853055.1197385646,0.8968049819929764,1486,-1443803.0963767385,0.9244679047553761,1653,-459916.4009852793,0.9603261794341316,1155,2691533.7179000387,1.2627394701493941,1148,-1065240.8992005438,-3296858.2161153033,2231617.3169147596,13,-952994.3257119124,-2595165.8976305434,45.0,-3.0,2000000000.0,4.5,5.0,3.0,3,50.0
5392,-1959147.7864567642,0.8900599207715356,1472,-1230940.912647094,0.9350610372812387,1641,-504429.73524193425,0.9562057032531068,1144,2744979.5826669494,1.2711582008846458,1135,-949538.8516788431,-3190088.6991038583,2240549.847425015,12,-909194.3257119125,-2482463.8501088433,45.0,-3.0,2000000000.0,4.5,5.0,3.0,3,0.0
4211,-2450142.2755492805,0.8644949333787614,1216,-879919.996050202,0.9518331890004506,1304,-571734.9193706829,0.9472404322359178,860,2391694.032147946,1.2660789661019785,831,-1510103.1588222194,-3330062.2715994827,1819959.112777263,10,-1108818.0998205687,-3119078.157322219,45.0,-3.0,2000000000.0,4.5,5.0,3.0,5,50.0
4109,-2998740.1078436803,0.8325596999511349,1192,-1189554.124236694,0.9342412866223383,1277,-922554.4538518583,0.9140657810845567,833,2630820.228632656,1.3036552152069112,807,-2480028.457299576,-4188294.2320803744,1708265.7747807978,12,-1117164.7663910687,-4100353.455799576,45.0,-3.0,2000000000.0,4.5,5.0,3.0,5,0.0
6727,-2722898.9767257227,0.8535135988456795,1773,-1517937.358485815,0.9236891902871303,2013,-467579.25361199974,0.9615170111847577,1470,950614.6890568803,1.081208346554576,1471,-3757800.8997666575,-4240836.335211538,483035.43544488057,12,-1374905.8793690898,-5201625.897588657,45.0,-3.0,2000000000.0,4.5,5.0,4.0,2,50.0
6708,-2751268.976319573,0.8519024986343988,1770,-1441059.9066141895,0.927411349881238,2008,-434822.5877432751,0.9642058997165573,1466,1024470.5222360052,1.0879795861138444,1464,-3602680.9484410323,-4192328.8829337624,589647.9344927301,11,-1374905.8793690898,-5048005.946263032,45.0,-3.0,2000000000.0,4.5,5.0,4.0,2,0.0
5193,-2951586.5411014548,0.8383707593624409,1410,-1212960.761204688,0.9364237402334654,1584,-397217.72243022686,0.965038783002055,1100,2119437.0909382002,1.2068918737662986,1099,-2442327.9337981697,-4164547.3023061426,1722219.3685079734,12,-1131588.9644031518,-3886052.93222817,45.0,-3.0,2000000000.0,4.5,5.0,4.0,3,50.0
5149,-2937382.0401271544,0.8376265266040089,1397,-1041669.6115148435,0.9452623195392336,1577,-238236.38951569446,0.978741502397182,1092,2215823.2561659496,1.2232881976601377,1083,-2001464.7849917423,-3979051.651641998,1977586.8666502552,12,-1077401.4648720268,-3471389.7834217427,45.0,-3.0,2000000000.0,4.5,5.0,4.0,3,0.0
3874,-2621173.498662837,0.8543017067974007,1110,-2206944.2757077506,0.8837502013092943,1211,-66908.84917193098,0.9934633402554466,785,1806025.6715075045,1.2049432741066435,768,-3089000.952035014,-4828117.774370587,1739116.8223355736,12,-1366194.4491246,-4642405.950535014,45.0,-3.0,2000000000.0,4.5,5.0,4.0,5,50.0
3803,-3653711.6312403968,0.8001563401539944,1095,-1843887.786683763,0.9010199037996766,1192,-591139.464137619,0.9429453980408345,767,2221061.9288022546,1.25750958795106,749,-3867676.9532595235,-5497599.41792416,1629922.4646646357,12,-1718084.2484793002,-5474531.952599524,45.0,-3.0,2000000000.0,4.5,5.0,4.0,5,0.0
7217,-1967003.928639609,0.8881710257685136,1917,-836412.8407728598,0.9557756203641322,2158,-1014362.676123747,0.9197990854485572,1577,1529468.50262857,1.1342754630631866,1565,-2288310.9429076454,-2803416.7694124687,515105.82650482294,12,-1222738.5682692328,-4250060.940938645,45.0,-3.0,2000000000.0,4.5,0.0,2.0,2,50.0
7190,-2205654.9286656687,0.874513071317619,1911,-873437.0241274541,0.9537009301291597,2151,-873622.6756397472,0.9305450265351034,1573,1483653.5690370698,1.1311205152097596,1555,-2469061.0593958,-3079091.9527931227,610030.8933973226,13,-1222738.5682692328,-4499261.0574268,45.0,-3.0,2000000000.0,4.5,0.0,2.0,2,0.0
5871,-2059398.1596008418,0.8807590942018589,1610,-1049055.3887031567,0.9421287241276941,1779,-709642.9429226026,0.9400103354864825,1250,2439746.739907963,1.23586826563878,1232,-1378349.7513186382,-3108453.5483039985,1730103.7969853606,12,-1158748.4850559398,-3688049.748014638,45.0,-3.0,2000000000.0,4.5,0.0,2.0,3,50.0
5763,-2738817.6940648435,0.8400079280682243,1582,-408526.81023245305,0.9771158432431131,1757,-853298.5029588526,0.9263376135818264,1223,2777344.643664824,1.2787708584993442,1201,-1223298.3635913245,-3147344.5042972965,1924046.1407059713,13,-1299668.5111645998,-3818823.3597613247,45.0,-3.0,2000000000.0,4.5,0.0,2.0,3,0.0
4709,-2507528.109097723,0.8482829594369633,1339,-822752.8209824114,0.9529068952590176,1461,-1585497.616034512,0.8569206156674383,969,893284.3463750946,1.091245329977403,940,-4022494.199739551,-3330280.9300801344,-692213.2696594173,11,-1466019.8328952598,-6473669.196414552,45.0,-3.0,2000000000.0,4.5,0.0,2.0,5,50.0
4406,-2389219.3123859707,0.846425475354583,1251,-536625.5772897133,0.9678429748006008,1368,-1203177.9255569037,0.8864722078601085,915,848940.3147880939,1.094853283574879,872,-3280082.500444493,-2925844.8896756843,-354237.6107688098,9,-1182734.09999456,-6298059.343005093,45.0,-3.0,2000000000.0,4.5,0.0,2.0,5,0.0
6828,-2014403.3992800666,0.887885725668967,1810,-1353126.4550323333,0.9302113452354702,2035,-585320.7941268953,0.9530201029371458,1494,1119695.43588287,1.0951067249489432,1489,-2833155.212556425,-3367529.8543124,534374.6417559749,11,-969706.6497399968,-4915696.875071675,45.0,-3.0,2000000000.0,4.5,0.0,3.0,2,50.0
6804,-2322738.1007059123,0.8714937024751944,1806,-1313665.1369517269,0.9320540611381459,2026,-503477.7939113953,0.9595492455764386,1491,1145167.7024693703,1.0973072026012105,1481,-2994713.3290996654,-3636403.237657639,641689.908557975,9,-1076483.7834060166,-5119679.9927286655,45.0,-3.0,2000000000.0,4.5,0.0,3.0,2,0.0
5358,-1802995.7111367192,0.8974639849159893,1460,-2085740.2380855992,0.8908670129281763,1628,-116427.36288547146,0.9897650251549406,1141,2394084.502457939,1.2324236942138254,1129,-1611078.809649851,-3888735.9492223184,2277657.1395724677,11,-995085.2339943859,-3917728.805395851,45.0,-3.0,2000000000.0,4.5,0.0,3.0,3,50.0
5258,-2334986.453942259,0.8666613903572716,1437,-1626998.4929954563,0.9134943835735119,1604,-353535.7798759816,0.9689805897685649,1122,2791270.3869908997,1.2809306044208113,1095,-1524250.3398227969,-3961984.946937715,2437734.607114918,11,-962514.1334159656,-4219933.665182797,45.0,-3.0,2000000000.0,4.5,0.0,3.0,3,0.0
4028,-2659808.2847439465,0.8463131725206801,1158,-1623504.1874856367,0.9089083561596926,1248,-1185425.4888881552,0.8888268421812917,829,1867106.5101833679,1.2107073157745132,793,-3601631.45093437,-4283312.472229583,681681.0212952127,9,-1261553.6348164568,-6002356.447609371,45.0,-3.0,2000000000.0,4.5,0.0,3.0,5,50.0
3817,-3448095.846305562,0.7941117943892766,1101,-1275359.304499649,0.9252381658631725,1183,-653119.4805437857,0.9363724989978375,787,1335477.6286930563,1.15709743510337,746,-4041097.002655941,-4723455.150805211,682358.1481492706,8,-1077863.6910636567,-7094385.509913541,45.0,-3.0,2000000000.0,4.5,0.0,3.0,5,0.0
6703,-2887198.912176044,0.8445071351310443,1765,-1359932.6392269526,0.9314085208660627,2004,-246393.1712935322,0.9793399357588793,1466,840649.188664531,1.0715628697508066,1468,-3652875.534031998,-4247131.551402997,594256.0173709987,10,-1334803.9662497877,-5740667.1965472475,45.0,-3.0,2000000000.0,4.5,0.0,4.0,2,50.0
6678,-3168229.41344579,0.8307083955572292,1762,-1436144.154306346,0.9274759462502775,1995,-214805.2247190324,0.9819622961603063,1462,920246.3552510309,1.0788566970972024,1459,-3898932.4372201385,-4604373.567752136,705441.1305319985,9,-1441581.0999158078,-6021799.100849139,45.0,-3.0,2000000000.0,4.5,0.0,4.0,2,0.0
5118,-2870318.3957751393,0.8392202196851338,1386,-1898842.7365616993,0.9010434973997401,1560,-585153.3336915594,0.948691690777806,1090,1897378.2102217001,1.1843789412338,1082,-3456936.2558066975,-4769161.132336838,1312224.8765301406,10,-1337863.1799384898,-5717202.918420698,45.0,-3.0,2000000000.0,4.5,0.0,4.0,3,50.0
5030,-3159243.5191743392,0.8204687444458182,1364,-1135903.3269212062,0.9401001122714266,1543,-430697.88999940956,0.9611757215073622,1073,3124538.3031957,1.3288834244753025,1050,-1601306.432899254,-4295146.846095545,2693840.4131962904,12,-1196737.3465880898,-4351856.424555254,45.0,-3.0,2000000000.0,4.5,0.0,4.0,3,0.0
3737,-3355367.4767366066,0.8141521200471742,1071,-2483981.0641562333,0.8650489107364262,1164,-863203.8680356335,0.916871051911847,762,2329545.6183611043,1.2743316563604923,740,-4373006.790567368,-5839348.540892839,1466341.7503254707,9,-1462108.27504276,-7016356.786868368,45.0,-3.0,2000000000.0,4.5,0.0,4.0,5,50.0
3544,-4096434.312040263,0.766359012937512,1025,-1509196.8343161384,0.9136927941938329,1104,-307173.5883755638,0.969654326334053,721,1686529.6322822082,1.2101775918187618,694,-4226275.102449756,-5605631.146356401,1379356.0439066445,11,-1682665.1100687599,-7232196.943312356,45.0,-3.0,2000000000.0,4.5,0.0,4.0,5,0.0
6614,-1746652.1387946273,0.8753914456267159,1705,-94897.25280540343,0.9934270959247282,1887,-818182.7895003769,0.9244942329115889,1493,1116679.2973660103,1.1121341623537855,1529,-1543052.8837343976,-1841549.3916000307,298496.50786563335,12,-852447.392401062,-2629001.2159458976,45.0,-3.0,800000000.0,3.0,3.0,2.0,2,50.0
6611,-1707001.8052360774,0.8782762818722482,1705,-97942.25274740346,0.9932238180914462,1887,-792249.7900303777,0.9269843616137743,1493,1088893.6973060104,1.1094655581897757,1526,-1508300.1507078484,-1804944.0579834809,296643.9072756327,12,-852447.392401062,-2597948.4829193484,45.0,-3.0,800000000.0,3.0,3.0,2.0,2,0.0
5495,-1321800.5868921701,0.9050309053749825,1473,317961.3031954182,1.0225219111514925,1601,-719096.1799206602,0.9311494990995743,1205,1981051.2647036202,1.215426972309024,1216,258115.80108620785,-1003839.2836967519,1261955.08478296,15,-622397.4599934916,-835825.8639452918,45.0,-3.0,800000000.0,3.0,3.0,2.0,3,50.0
5481,-1247933.5866486202,0.9100884218416824,1470,212134.90707625344,1.0150117886491408,1599,-740802.5399148208,0.9289510699380034,1201,1950627.76447162,1.2128224579230638,1211,174026.54498443252,-1035798.6795723668,1209825.2245567993,14,-622397.4599934916,-922615.1200470672,45.0,-3.0,800000000.0,3.0,3.0,2.0,3,0.0
4639,-662979.3353104327,0.9514895240540611,1288,194161.7662756039,1.0135492878683625,1373,-1055023.7318012896,0.8987757621251758,996,2418803.30870024,1.279704321281586,982,894962.0078641225,-468817.5690348288,1363779.5768989506,13,-593955.3324413998,-613631.5082387994,45.0,-3.0,800000000.0,3.0,3.0,2.0,5,50.0
4623,-667854.0025032327,0.9512070314086023,1286,170052.8466764209,1.011904888892438,1367,-1055961.26596364,0.8989564764439167,995,2462975.9749920405,1.2872137128284826,975,909213.5532015887,-497801.1558268118,1407014.7090284005,14,-575223.3324413998,-620029.9629013332,45.0,-3.0,800000000.0,3.0,3.0,2.0,5,0.0
6308,-1778333.274777463,0.873714352070389,1623,-143174.28395255993,0.9899864571297159,1804,-1050445.0644815671,0.9043219696128987,1419,769059.1611485499,1.0765699101682755,1462,-2202893.4620630406,-1921507.558730023,-281385.90333301725,8,-1096457.7486262526,-3407601.7942745406,45.0,-3.0,800000000.0,3.0,3.0,3.0,2,50.0
6304,-1739081.274502463,0.8764344999061245,1622,-81299.78389456018,0.9943006713947553,1803,-1033043.0650115676,0.9060663360931939,1419,784107.1610885499,1.078124917630489,1460,-2069316.9623200404,-1820381.058397023,-248935.90392301767,8,-1096457.7486262526,-3276725.29453154,45.0,-3.0,800000000.0,3.0,3.0,3.0,2,0.0
5068,-1092196.504000602,0.9220276512896013,1357,-807538.6683073489,0.9445722526822152,1477,-959857.134614809,0.9097948838413988,1115,1835078.0521481796,1.2040641627562896,1119,-1024514.2547745805,-1899735.172307951,875220.9175333707,9,-684144.7415150098,-2285555.9199745804,45.0,-3.0,800000000.0,3.0,3.0,3.0,3,50.0
5057,-1100015.837110602,0.9213251722255388,1355,-901989.7166036989,0.9383302566558953,1476,-1137441.3408368095,0.893082047624137,1109,1820514.8188921795,1.2022436612995866,1117,-1318932.0756589305,-2002005.553714301,683073.47805537,7,-681144.7415150098,-2579973.74085893,45.0,-3.0,800000000.0,3.0,3.0,3.0,3,0.0
4037,-1571137.1787773343,0.8895818577839918,1130,616238.5491503644,1.044443936398894,1196,-1431948.0475635433,0.8597250179919995,852,2252336.9489884903,1.2705002078467018,859,-134509.72820202273,-954898.6296269699,820388.901424947,14,-839582.6822684399,-1597069.9101649448,45.0,-3.0,800000000.0,3.0,3.0,3.0,5,50.0
4013,-1538643.5124701345,0.8914478908386201,1126,584513.5305340395,1.0421726592153209,1191,-1259941.315060774,0.874414272386783,843,2309249.61526549,1.2813882518420994,853,95178.31826862157,-954129.981936095,1049308.300204716,14,-829382.6822684399,-1356431.8636943004,45.0,-3.0,800000000.0,3.0,3.0,3.0,5,0.0
6226,-2016555.6647089291,0.8577503373738614,1601,-80330.3417023219,0.9943343932170801,1782,-892271.3351143464,0.9162054000464992,1396,420322.3120952496,1.0414685467963325,1447,-2568835.029430348,-2096886.0064112511,-471949.02301909676,11,-1115103.2333335276,-3773543.3616418475,45.0,-3.0,800000000.0,3.0,3.0,4.0,2,50.0
6221,-1933925.3311503793,0.8632795370239085,1599,-34051.00839232176,0.9975964234875404,1782,-870726.3356443469,0.9182118268420055,1395,392624.97865524946,1.0387115145851704,1445,-2446077.696531798,-1967976.339542701,-478101.35698909743,12,-1115103.2333335276,-3653486.028743298,45.0,-3.0,800000000.0,3.0,3.0,4.0,2,0.0
4887,-1426705.074122997,0.8967339392156709,1304,-900477.2143858983,0.9379591773239697,1430,-873659.9767414345,0.9147779285029655,1071,1186664.5695748995,1.1298260156634685,1082,-2014177.6956754301,-2327182.2885088953,313004.59283346497,11,-706989.7083489795,-3243402.69374693,45.0,-3.0,800000000.0,3.0,3.0,4.0,3,50.0
4878,-1410974.407232997,0.8976366799314204,1302,-941440.5956089981,0.9350750358105943,1429,-906412.3634934357,0.9111575688856592,1067,1188659.2363188998,1.1297303283787579,1080,-2070168.1300165313,-2352415.002841995,282246.8728254641,12,-695457.7083489795,-3299393.128088031,45.0,-3.0,800000000.0,3.0,3.0,4.0,3,0.0
3727,-526636.033666512,0.959605023516273,1031,279102.0378776427,1.0200202246019174,1118,-895172.0320281833,0.9050230412841641,781,2558587.84135136,1.3227160027097677,797,1415881.8135343073,-247533.99578886927,1663415.8093231767,14,-941604.4977248001,-195011.70112461457,45.0,-3.0,800000000.0,3.0,3.0,4.0,5,50.0
3706,-754408.3668399118,0.9425350697614814,1029,332518.1074808499,1.0240900715408336,1111,-687347.199515814,0.9257790836933484,775,2362550.00820636,1.2962093218130901,791,1253312.5493314846,-421890.2593590619,1675202.808690546,15,-934404.4977248001,-355180.96532743727,45.0,-3.0,800000000.0,3.0,3.0,4.0,5,0.0
6523,-2106343.690950335,0.8484495943863581,1679,67815.92322798033,1.0047559583610153,1856,-781916.679593645,0.9275282613161113,1479,1124307.44451061,1.1133475398592112,1509,-1696137.00280539,-2038527.7677223547,342390.76491696504,11,-907925.4213679445,-2891161.9999153893,45.0,-3.0,800000000.0,3.0,5.0,2.0,2,50.0
6508,-2088060.3576780846,0.8499078708496915,1674,210980.77581696317,1.0148075509640113,1856,-728253.6805453126,0.9325634137486335,1477,1230347.891952735,1.124871355132439,1501,-1374985.3704536995,-1877079.5818611216,502094.2114074223,11,-907925.4213679445,-2716227.0347386994,45.0,-3.0,800000000.0,3.0,5.0,2.0,2,0.0
5269,-1338553.057737326,0.901332680285396,1406,108936.25737362518,1.007899470503824,1536,-814461.9868019065,0.9199378326069104,1158,1752890.1953816395,1.1945205398410208,1169,-291188.59178396733,-1229616.8003637008,938428.208579733,13,-654163.2072692775,-1472940.2555039672,45.0,-3.0,800000000.0,3.0,5.0,2.0,3,50.0
5217,-1169431.590583076,0.9127394375156053,1390,164539.26395350473,1.0120066099460203,1526,-816648.0127665066,0.9194264063757636,1145,1789276.4619945148,1.2004694738282595,1156,-32263.87740156299,-1004892.3266295713,972628.4492280082,12,-593430.2710138173,-1260755.5410735626,45.0,-3.0,800000000.0,3.0,5.0,2.0,3,0.0
4247,-780124.2352889237,0.9407587290422058,1183,-820140.8469230039,0.9417000102370084,1267,-589432.1606107298,0.9393168480019952,909,1659388.8753693008,1.1971192204158865,888,-530308.3674533566,-1600265.0822119275,1069956.714758571,11,-695792.2404049,-2115716.6995313563,45.0,-3.0,800000000.0,3.0,5.0,2.0,5,50.0
4145,-519259.1895967772,0.9597248288419491,1158,-849979.801504331,0.9387254445639516,1242,-889699.5841073302,0.9067442785356685,881,1361535.6758409701,1.163006478519377,864,-897402.8993674676,-1369238.991101108,471836.09173363994,11,-658755.5738449,-2530202.8979634675,45.0,-3.0,800000000.0,3.0,5.0,2.0,5,0.0
6227,-2189885.9770264607,0.8448486774311529,1602,62037.99010189314,1.004399080764493,1781,-967301.4548279353,0.910930569573939,1405,927734.1749102997,1.0937673727983597,1439,-2167415.266842203,-2127847.9869245677,-39567.279917635606,9,-1141215.611411275,-3450273.598377203,45.0,-3.0,800000000.0,3.0,5.0,3.0,2,50.0
6207,-2142870.9768774607,0.8479278888462974,1597,122519.16751237315,1.0086739354183798,1780,-960956.1223656028,0.9116286602882805,1402,1043684.5415504244,1.10641525535176,1428,-1937623.3901802655,-2020351.8093650877,82728.41918482166,10,-1141215.611411275,-3361148.3889402654,45.0,-3.0,800000000.0,3.0,5.0,3.0,2,0.0
4878,-982931.9576148917,0.9275258767685055,1297,-638063.283711449,0.9549672207262622,1421,-1074996.2231168451,0.897757405422629,1083,1825927.4800035,1.2056023202450816,1077,-870063.984439686,-1620995.2413263407,750931.2568866548,8,-655909.3306445496,-2180288.981849686,45.0,-3.0,800000000.0,3.0,5.0,3.0,3,50.0
4834,-931019.2851944234,0.9306975203683274,1284,-367377.4171329384,0.9737814320136673,1414,-1268013.4122495155,0.8778026889370385,1068,1965491.1471112499,1.221244436968479,1068,-600918.9674656282,-1298396.7023273618,697477.7348617343,10,-692948.9967187498,-1943660.6326656279,45.0,-3.0,800000000.0,3.0,5.0,3.0,3,0.0
3723,-832485.7662407509,0.938471013954075,1039,-199922.88860055467,0.9853417642283135,1111,-604271.3484694401,0.9362559190560706,790,2230879.68087482,1.2751874925478892,783,594199.6775640743,-1032408.6548413056,1626608.3324053797,13,-749539.6830806397,-913100.3203739254,45.0,-3.0,800000000.0,3.0,5.0,3.0,5,50.0
3623,-788219.475009694,0.9407619361129779,1017,-663405.7837799452,0.9512011553351979,1083,-923872.4382214316,0.9017521526009735,766,1620215.4963798197,1.2013094098513022,757,-755282.200631251,-1451625.2587896392,696343.0581583881,13,-630195.8831506397,-2308148.8650872507,45.0,-3.0,800000000.0,3.0,5.0,3.0,5,0.0
6152,-2317557.611540623,0.8359353817480526,1583,-47041.006080476014,0.9966678204380977,1759,-917296.5585485544,0.9129416001880523,1383,678226.9921031594,1.0681942789739023,1427,-2603668.1840664935,-2364598.617621099,-239069.566445395,10,-1224229.2624310502,-3880709.8484264934,45.0,-3.0,800000000.0,3.0,5.0,4.0,2,50.0
6131,-2082081.4172432232,0.8516553843426335,1576,51734.33796200444,1.0036666051448146,1758,-789012.893115222,0.924709735706689,1381,816792.3255662844,1.082983529560913,1416,-2002567.6468301564,-2030347.0792812188,27779.43245106237,10,-1184909.2624310502,-3426092.6455901563,45.0,-3.0,800000000.0,3.0,5.0,4.0,2,0.0
4714,-1507158.6712662368,0.8888485271404021,1251,-818959.5644120419,0.9420743457830296,1378,-877052.1312638444,0.9127229149220457,1037,1543518.6348851502,1.17252593163608,1048,-1659651.7320569735,-2326118.235678279,666466.5036213058,9,-641715.5827166887,-2950726.7294669733,45.0,-3.0,800000000.0,3.0,5.0,4.0,3,50.0
4671,-1461637.6486665688,0.8917856887239913,1241,-549987.6990752965,0.9607040038165413,1372,-1060255.1021002047,0.8934827523168487,1022,1398352.1346079,1.156790173168822,1036,-1673528.3152341715,-2011625.3477418653,338097.03250769526,11,-681318.6978359994,-2998269.980434171,45.0,-3.0,800000000.0,3.0,5.0,4.0,3,0.0
3460,-1026221.6819630233,0.9240203189266794,964,-979029.6584549134,0.9302197758742751,1045,-486085.16883852205,0.9446610272272887,720,2151488.3721242705,1.2829063165655028,731,-339848.1371321881,-2005251.3404179367,1665403.2032857486,13,-1019236.7313893999,-1971648.1350701877,45.0,-3.0,800000000.0,3.0,5.0,4.0,5,50.0
3372,-932802.1936724329,0.9298990273101672,948,-715402.0106931095,0.9471278759497614,1016,-1205013.4903089022,0.8657808955841284,705,2100014.50501407,1.2845365565847084,703,-753203.1896603745,-1648204.2043655424,895001.0147051676,15,-1049564.7313893999,-2305769.8541163746,45.0,-3.0,800000000.0,3.0,5.0,4.0,5,0.0
6515,-2052896.5195765137,0.8525314896200064,1679,169417.25548792956,1.0118784497422455,1852,-821298.346301245,0.9238781820518444,1479,1187974.27796596,1.120315588829189,1505,-1516803.3324238688,-1883479.264088584,366675.93166471506,12,-909072.3661098924,-3225569.9967578687,45.0,-3.0,800000000.0,3.0,0.0,2.0,2,50.0
6497,-2137511.5194845134,0.8465262453321893,1673,337377.94158491254,1.0236630058301484,1851,-766869.0139055452,0.9287360087015842,1476,1227359.7254054598,1.1245971378036383,1497,-1339642.8663996866,-1800133.5778996008,460490.7114999145,11,-909072.3661098924,-3160059.5314336866,45.0,-3.0,800000000.0,3.0,0.0,2.0,2,0.0
5248,-1253368.320199392,0.9077743378300357,1404,213188.2453638686,1.0154495976400415,1529,-623459.8875755061,0.9382390723583276,1155,1587110.6960515399,1.1763502187503407,1160,-76529.26635949011,-1040180.0748355235,963650.8084760337,14,-674750.3838979698,-1937375.09880949,45.0,-3.0,800000000.0,3.0,0.0,2.0,3,50.0
5161,-1366419.3236958245,0.8984674820171498,1380,552108.3373202549,1.0405978476280577,1507,-560895.5802175666,0.9437231865189866,1136,1917950.96180154,1.216271296808192,1138,542744.3952084039,-814310.9863755696,1357055.3815839735,13,-606780.3837979701,-1649480.6021520966,45.0,-3.0,800000000.0,3.0,0.0,2.0,3,0.0
4180,-880056.8373351517,0.9325829761872165,1164,-549253.1169513473,0.9599971149012819,1241,-417979.8442853096,0.9562633916616082,898,1882004.8755988004,1.2259212771215038,877,34715.077026992105,-1429309.954286499,1464025.0313134908,13,-628923.2405609001,-2121818.2554230075,45.0,-3.0,800000000.0,3.0,0.0,2.0,5,50.0
3927,-462638.75322704343,0.9626171628252105,1104,-719816.8211096036,0.945139400051065,1166,-1169247.8466685559,0.8733841654168695,844,1708287.80765082,1.2171884800495236,813,-643415.613354383,-1182455.574336647,539039.960982264,11,-691353.3407960201,-3574384.1242364827,45.0,-3.0,800000000.0,3.0,0.0,2.0,5,0.0
6217,-2132855.5560997645,0.8491906221070272,1602,-45713.74344738599,0.9967625674677641,1774,-1058501.4552300351,0.902693362952794,1404,916309.3420508998,1.092990966671347,1437,-2320761.4127262863,-2178569.2995471507,-142192.11317913537,11,-1098787.556153223,-4047211.410360286,45.0,-3.0,800000000.0,3.0,0.0,3.0,2,50.0
6192,-2238313.8890367644,0.841397844475863,1596,-23347.149103905802,0.9983480822328699,1771,-1043741.7894203354,0.9037941664650169,1400,997032.7086883998,1.1015057176021397,1425,-2308370.118872607,-2261661.0381406704,-46709.08073193568,10,-1098787.556153223,-4132520.116506607,45.0,-3.0,800000000.0,3.0,0.0,3.0,2,0.0
4854,-949937.6289251316,0.9302639452210081,1295,-665973.5922288465,0.9529323352980283,1411,-904721.2231281451,0.9127814520649256,1080,1677909.3132260998,1.1897575425627733,1068,-842723.1310560234,-1615911.2211539783,773188.0900979547,9,-562864.6074762888,-2768973.1292010234,45.0,-3.0,800000000.0,3.0,0.0,3.0,3,50.0
4779,-903464.3750584401,0.9328875807535554,1277,99096.25856133341,1.0071368386908939,1395,-950676.0119798157,0.9056701035855428,1057,2097233.8128611,1.2416551857815705,1050,342189.6843841771,-804368.1164971067,1146557.8008812843,10,-600682.6636697499,-1961368.6441913233,45.0,-3.0,800000000.0,3.0,0.0,3.0,3,0.0
3656,-914610.4941953173,0.9318951658336646,1024,223955.1627737179,1.016944476972771,1087,-691221.0231645025,0.9260891453406018,775,2268676.04928142,1.2844288178178358,770,886799.6946953186,-690655.3314215994,1577455.0261169178,14,-754604.9154143996,-1352616.9709996814,45.0,-3.0,800000000.0,3.0,0.0,3.0,5,50.0
3442,-965179.2738503617,0.9249882496924356,970,12272.880554746604,1.0009710790135804,1026,-716229.6556489104,0.9199933278429528,733,1861461.0818036194,1.2492233035174283,713,192325.0328590928,-952906.3932956151,1145231.426154709,11,-643962.6871721101,-2721902.4511930076,45.0,-3.0,800000000.0,3.0,0.0,3.0,5,0.0
6144,-2218882.3906139266,0.843065929385853,1583,-157908.34059177645,0.988833682985795,1753,-944320.7253046541,0.9102200190833499,1383,660810.1592437597,1.0666497274320403,1425,-2660301.297266598,-2376790.731205703,-283510.5660608944,10,-1181801.207172998,-4383417.961600598,45.0,-3.0,800000000.0,3.0,0.0,4.0,2,50.0
6117,-2123012.029402527,0.8485084470601846,1575,-104597.57946629653,0.9926026656949679,1750,-809292.0597239546,0.922389525081033,1379,809730.4927042596,1.0823115620883803,1413,-2227171.175888519,-2227609.6088688234,438.43298030493315,10,-1154201.207172998,-4049987.8409225186,45.0,-3.0,800000000.0,3.0,0.0,4.0,2,0.0
4692,-1551989.448863727,0.8860200930030611,1249,-760075.2054094803,0.9462435311828261,1371,-660045.6325780441,0.9333254905351777,1034,1407400.6351473993,1.15926358916002,1038,-1564709.6517038522,-2312064.6542732073,747355.0025693552,9,-660685.259345381,-3490959.6498488523,45.0,-3.0,800000000.0,3.0,0.0,4.0,3,50.0
4622,-1359976.7802809472,0.8985859256499439,1235,-31840.95955033187,0.9977113179856459,1354,-663541.6874044049,0.931249559481469,1013,1992664.9677003997,1.2362089687403324,1020,-62694.45953528443,-1391817.739831279,1329123.2802959948,13,-550378.0316383996,-2386252.7881107847,45.0,-3.0,800000000.0,3.0,0.0,4.0,3,0.0
3409,-1171138.6337897317,0.9118150707023608,948,-439547.27452377166,0.9680341702595829,1033,-733657.4253910021,0.9162983926903813,710,2321945.27379332,1.3127135203290015,718,-22398.059911185177,-1610685.9083135033,1588287.848402318,13,-982784.3983703998,-2243948.058056185,45.0,-3.0,800000000.0,3.0,0.0,4.0,5,50.0
3221,-1026487.3090500516,0.9184449987910239,904,62900.80164684815,1.0048927855789926,971,-956250.9809585077,0.8852366123074374,675,2138753.73685132,1.3003476820260327,671,218916.2484896084,-963586.5074032035,1182502.7558928123,12,-972355.7316504,-2777718.9274324914,45.0,-3.0,800000000.0,3.0,0.0,4.0,5,0.0
8825,-3254924.674536813,0.8591007612642593,2536,114644.12512869854,1.0051002786568608,2690,-22745.692168435227,0.9983595097921015,1816,1609026.005617002,1.1292377523054609,1783,-1554000.2359595487,-3140280.5494081145,1586280.3134485667,12,-1153793.5964718517,-3012650.2338895486,45.0,-3.0,800000000.0,4.5,3.0,2.0,2,50.0
8820,-3204622.674261813,0.8612231675745646,2535,111123.65868309862,1.0049419168700973,2689,26827.30730156417,1.0019372414557244,1815,1647974.0056170018,1.1326291998269635,1781,-1418697.7026601487,-3093499.015578714,1674801.312918566,12,-1153793.5964718517,-2877347.7005901486,45.0,-3.0,800000000.0,4.5,3.0,2.0,2,0.0
7322,-3454162.23868269,0.8497438260497567,2193,514266.87680874934,1.0241946521379481,2244,-493441.3323599671,0.9633102007597545,1473,1212263.4804486923,1.103286622353879,1412,-2221073.2137852143,-2939895.3618739406,718822.1480887253,12,-1348555.915475817,-3569173.211375214,45.0,-3.0,800000000.0,4.5,3.0,2.0,3,50.0
7313,-3400187.7099029897,0.8518380986514562,2190,472423.3619331495,1.0222340173957771,2242,-587209.3583013178,0.9563754482805006,1470,1159041.8802766923,1.098439301446699,1411,-2355931.8259944655,-2927764.3479698403,571832.5219753745,10,-1348555.915475817,-3704031.8235844653,45.0,-3.0,800000000.0,4.5,3.0,2.0,3,0.0
6239,-2963818.894754422,0.8670371803603472,1943,280291.0841480266,1.0135027803366472,1922,102556.08437249158,1.008308485448539,1220,1352869.0567874904,1.123563200504106,1154,-1228102.6694464134,-2683527.8106063954,1455425.141159982,13,-1089023.2659942454,-2706261.000572413,45.0,-3.0,800000000.0,4.5,3.0,2.0,5,50.0
6205,-3085255.3051241213,0.8613319252632363,1932,321054.0108770265,1.0155312277708168,1914,63043.08389105112,1.005071187561822,1211,1529706.0567874904,1.1407571587613654,1148,-1171452.1535685533,-2764201.2942470945,1592749.1406785415,13,-1102493.2660456456,-2692260.4846945535,45.0,-3.0,800000000.0,4.5,3.0,2.0,5,0.0
8326,-4009958.0558903445,0.833215847816459,2389,-816406.8871235354,0.96465139189492,2524,-274434.0236260893,0.9805146701001209,1724,966242.2051057112,1.0757185150308761,1689,-4134556.7615342583,-4826364.94301388,691808.1814796219,9,-1146029.4329834257,-5632406.759964258,45.0,-3.0,800000000.0,4.5,3.0,3.0,2,50.0
8322,-3958290.0556153446,0.8353005750502378,2388,-852946.1368309355,0.963129905326125,2523,-230449.02394088978,0.9836279810873649,1723,1046620.2051057115,1.0822559407727366,1688,-3995065.0112814587,-4811236.19244628,816171.1811648217,9,-1146029.4329834257,-5492915.009711458,45.0,-3.0,800000000.0,4.5,3.0,3.0,2,0.0
6608,-3963213.3323625713,0.8340627537229972,1973,-1398959.2225586069,0.9364102477285199,2021,-498174.78259348206,0.9622428607149895,1327,612745.1239680616,1.0512743333938934,1287,-5247602.213546598,-5362172.554921178,114570.34137457958,6,-1247825.757388606,-6706918.878746598,45.0,-3.0,800000000.0,4.5,3.0,3.0,3,50.0
6592,-4044655.9986470216,0.8308307729815857,1972,-1366099.520149957,0.9377254237297996,2016,-502013.4169134897,0.9617668200531299,1322,706430.7239680617,1.0595657073313216,1282,-5206338.211742407,-5410755.5187969785,204417.30705457204,6,-1282239.090396106,-6665654.876942406,45.0,-3.0,800000000.0,4.5,3.0,3.0,3,0.0
5274,-3948686.42752023,0.8280535004207109,1641,-251665.41929491796,0.9876403414906648,1623,23255.062813854078,1.001946376407135,1027,2032459.25510186,1.1981407506107147,983,-2144637.528899433,-4200351.846815148,2055714.317915714,12,-1212907.8130648634,-3770995.860935433,45.0,-3.0,800000000.0,4.5,3.0,3.0,5,50.0
5247,-4125957.0943766497,0.8198305712484854,1631,-270352.84968982683,0.9867584650567353,1618,195175.22922450397,1.016510122527228,1021,2231929.25484386,1.2207425079337682,977,-1969205.4599981122,-4396309.944066476,2427104.484068364,12,-1340429.1461470635,-3618030.457894112,45.0,-3.0,800000000.0,4.5,3.0,3.0,5,0.0
8104,-4580630.3421187205,0.8104947985081206,2303,-880290.1402892389,0.9614886251733127,2465,314976.87283536413,1.023349205443157,1683,618633.9446710317,1.0497642683484065,1653,-4527309.664901564,-5460920.482407959,933610.8175063957,10,-1377541.7320190945,-6016359.663331564,45.0,-3.0,800000000.0,4.5,3.0,4.0,2,50.0
8096,-4572678.342093721,0.8110010129669095,2302,-955312.140241239,0.958301266040293,2463,396311.8725205635,1.0295047617709998,1680,609376.6112910316,1.0490886922242857,1651,-4522301.998523364,-5527990.48233496,1005688.483811595,10,-1377541.7320190945,-6011351.9969533635,45.0,-3.0,800000000.0,4.5,3.0,4.0,2,0.0
6250,-4263793.070486875,0.8161670468160389,1834,-1073700.4303773916,0.9499228777597432,1924,-506417.7278286717,0.9611537212766041,1267,647913.8720675926,1.054687758626628,1225,-5195997.3566253465,-5337493.500864267,141496.14423892088,8,-1070392.7325945436,-6622914.021825346,45.0,-3.0,800000000.0,4.5,3.0,4.0,3,50.0
6232,-4297769.208682875,0.8145380187275224,1832,-1229784.926711492,0.9425120427141401,1918,-472244.7284186793,0.9635146008357474,1263,630070.3720675926,1.053407770630297,1219,-5369728.491745453,-5527554.135394367,157825.64364891325,8,-1088466.5433064788,-6796645.156945453,45.0,-3.0,800000000.0,4.5,3.0,4.0,3,0.0
4776,-4457762.117414697,0.8014475726039361,1461,-276443.96770303324,0.986137278037418,1481,-711197.9680289235,0.9402205477441948,934,2097396.93440066,1.2113442842298079,900,-3348007.118745994,-4734206.08511773,1386198.9663717365,10,-1085383.664804084,-5070070.451441994,45.0,-3.0,800000000.0,4.5,3.0,4.0,5,50.0
4763,-4665613.117314697,0.7923822794852,1454,-500972.49275792064,0.9752300636625384,1480,-427513.63652668404,0.963770227882279,933,1917712.43451226,1.18950313865995,896,-3676386.8120870413,-5166585.610072618,1490198.7979855759,9,-1056979.6455378684,-5424616.8106430415,45.0,-3.0,800000000.0,4.5,3.0,4.0,5,0.0
8576,-3536854.85122747,0.8436683049952137,2451,263715.43058590847,1.0118756065321606,2607,-404717.64826062496,0.9709118753458532,1776,1512358.408791659,1.1207137538353538,1742,-2165498.660110528,-3273139.420641562,1107640.7605310339,11,-1075770.2219039747,-3718473.6579325283,45.0,-3.0,800000000.0,4.5,5.0,2.0,2,50.0
8550,-3457103.6007787073,0.8468271599577174,2446,317034.39530111686,1.0142800868665325,2602,-223444.3156746924,0.9839094203626251,1766,1518638.975355019,1.1213662726970666,1736,-1844874.5457972644,-3140069.2054775907,1295194.6596803267,11,-1075770.2219039747,-3462349.5436192644,45.0,-3.0,800000000.0,4.5,5.0,2.0,2,0.0
6849,-2854602.0715519306,0.8682983067490688,2029,-126948.63786241086,0.9938622102909834,2091,-1846929.7557967782,0.8639094142221111,1394,1510412.3462515417,1.1323213879495502,1335,-3318068.1189595764,-2981550.7094143415,-336517.4095452365,9,-1235501.2964917517,-4797893.115941577,45.0,-3.0,800000000.0,4.5,5.0,2.0,3,50.0
6784,-3219611.1438299306,0.850468052913237,2009,-133273.20764490496,0.993513453953026,2078,-2135607.7818146385,0.8422896900802724,1378,1456180.7122482918,1.129566856278286,1319,-4032311.4210411827,-3352884.3514748355,-679427.0695663467,9,-1206591.2964917517,-5555086.419471183,45.0,-3.0,800000000.0,4.5,5.0,2.0,3,0.0
5509,-3161153.905151781,0.8497479035625176,1710,-553878.8038610641,0.9721921228349834,1700,-1017443.959111777,0.9147952415132148,1076,1153910.674061892,1.1097185998003063,1023,-3578565.99406273,-3715032.7090128455,136466.71495011507,9,-1170696.6982282316,-5251365.99340273,45.0,-3.0,800000000.0,4.5,5.0,2.0,5,50.0
5347,-2850908.6972114313,0.8595740755885686,1653,-450105.5720008918,0.9769187366926074,1653,-1195190.438814041,0.8985650836823723,1049,1473081.67341279,1.1461932059703313,992,-3023123.0346135744,-3301014.2692123232,277891.2345987491,9,-1150736.1984796315,-4858373.032715824,45.0,-3.0,800000000.0,4.5,5.0,2.0,5,0.0
8100,-4024293.092366237,0.8299536910988407,2319,-611322.7950395272,0.9731328080763181,2452,-351784.7406321886,0.9749250551695393,1686,799875.0936287091,1.0628832635410173,1643,-4187525.5344092455,-4635615.887405764,448090.35299652047,10,-1081912.4514548269,-5716600.533749245,45.0,-3.0,800000000.0,4.5,5.0,3.0,2,50.0
8076,-3870781.967239394,0.8359067419388797,2315,-393739.4166137687,0.9826560500166236,2446,-365446.1087527263,0.9741067958764753,1678,1096538.793537709,1.0866685939599494,1637,-3533428.699068181,-4264521.383853163,731092.6847849826,9,-1081912.4514548269,-5230803.698408181,45.0,-3.0,800000000.0,4.5,5.0,3.0,2,0.0
6209,-3020833.5529452222,0.866910901633471,1838,-1085247.1961253427,0.9495450579867086,1902,-1281314.277282049,0.9026759056465218,1253,1158521.246495289,1.1025486418956134,1216,-4228873.779857324,-4106080.749070565,-122793.03078675992,10,-1127346.7492116739,-5885815.445057324,45.0,-3.0,800000000.0,4.5,5.0,3.0,3,50.0
6144,-3226072.1191235315,0.8573205486495994,1819,-1018383.3078762541,0.9522536488687969,1887,-1517097.8263446097,0.883833760503967,1236,878924.0327468989,1.0776443200374701,1202,-4882629.220597496,-4244455.426999786,-638173.7935977108,9,-1144864.7492116739,-6593445.885797496,45.0,-3.0,800000000.0,4.5,5.0,3.0,3,0.0
4685,-2612979.940503468,0.8778966530703222,1448,84070.24901987822,1.0043162655964295,1452,-442669.054755204,0.9616289780607028,912,2424346.731637028,1.2521604090593417,873,-547232.0146017647,-2528909.69148359,1981677.6768818242,12,-895700.3750450157,-2263032.0127880145,45.0,-3.0,800000000.0,4.5,5.0,3.0,5,50.0
4544,-2344897.085275704,0.8860116000144211,1403,96615.4480674169,1.0050270113956794,1418,-1067741.9526133263,0.9063262967494429,882,1562944.1197136978,1.1618345617697914,841,-1753079.4701079149,-2248281.637208287,495202.16710037156,10,-831742.4494747238,-3589146.1340701645,45.0,-3.0,800000000.0,4.5,5.0,3.0,5,0.0
7905,-4376180.036251297,0.8160824766071662,2243,-908420.3710186365,0.9599721871123921,2402,-35555.32731991535,0.9973571090511059,1648,470362.9921869092,1.0377494171714614,1612,-4849792.742402941,-5284600.407269934,434807.66486699384,10,-1347388.7633104317,-6378867.741742941,45.0,-3.0,800000000.0,4.5,5.0,4.0,2,50.0
7888,-4239363.703163797,0.8217838811649804,2242,-762404.0258304786,0.9663742671833643,2396,439835.904215542,1.0329527778454242,1641,637429.1589039096,1.0510086742272315,1609,-3924502.665874825,-5001767.728994275,1077265.0631194515,11,-1347388.7633104317,-5621877.6652148245,45.0,-3.0,800000000.0,4.5,5.0,4.0,2,0.0
5884,-3529001.546093598,0.8416890009984328,1723,-1117491.084075455,0.9474789281165955,1809,-591052.4487127458,0.9519631689761495,1190,1327194.23741445,1.1196832390842635,1162,-3910350.84146735,-4646492.630169053,736141.7887017041,12,-1195574.4327463317,-5580292.50575735,45.0,-3.0,800000000.0,4.5,5.0,4.0,3,50.0
5817,-3566878.9159280397,0.8392891966576633,1705,-1050803.8957674627,0.9498554505539837,1796,-126461.58569919656,0.9894385446716669,1172,1513944.9378882,1.1386995985355124,1144,-3230199.4595064996,-4617682.811695502,1387483.3521890035,11,-1274654.432746332,-4954016.123796499,45.0,-3.0,800000000.0,4.5,5.0,4.0,3,0.0
4300,-3853938.243425475,0.8218487107288851,1305,-50664.72706853016,0.9974386025465928,1348,-773559.6589525414,0.9303647101497997,835,2185186.3501424044,1.2302920554729078,812,-2492976.279304142,-3904602.970494005,1411626.691189863,11,-1191330.5680313187,-4419856.278150392,45.0,-3.0,800000000.0,4.5,5.0,4.0,5,50.0
4164,-4286861.212008375,0.8008754505779248,1279,-409856.1536868706,0.9789768463760194,1307,-1050444.7714576037,0.9005917938338308,796,1916648.674253804,1.2085871872435496,782,-3830513.462899044,-4696717.365695246,866203.9027962002,10,-1363951.85538258,-5645780.126861294,45.0,-3.0,800000000.0,4.5,5.0,4.0,5,0.0
8536,-3790469.752472734,0.8314860303974393,2437,-255955.1672308563,0.9885152733335882,2595,-539961.6485807246,0.9610224358612817,1767,1435221.0760508096,1.1142272631300545,1737,-3151165.4922335055,-4046424.91970359,895259.427470085,11,-1117761.1665959226,-5242865.4922335055,45.0,-3.0,800000000.0,4.5,0.0,2.0,2,50.0
8496,-3935455.600829572,0.8249023758354611,2429,16504.995114332763,1.0007423326844416,2585,-362217.6490110247,0.973804846997969,1757,1578639.4759591697,1.12668511003181,1725,-2702528.778767094,-3918950.6057152394,1216421.826948145,12,-1117761.1665959226,-5069862.110807095,45.0,-3.0,800000000.0,4.5,0.0,2.0,2,0.0
6759,-3773077.208828199,0.8240917850454372,1991,-765516.6487073215,0.962937439258219,2059,-2050934.673208598,0.8486808089653144,1385,962361.1462184918,1.083516741338366,1324,-5627167.384525627,-4538593.857535521,-1088573.5269901063,9,-1222312.266952122,-7797817.381221627,45.0,-3.0,800000000.0,4.5,0.0,2.0,3,50.0
6622,-4102346.7774221078,0.8054575383245511,1953,-543692.8716933951,0.9733176972272516,2028,-1970499.9664723182,0.8517022432831445,1353,1037699.2507145919,1.092960383062141,1288,-5578840.364873229,-4646039.649115503,-932800.7157577262,9,-1207487.446011842,-8161165.359020229,45.0,-3.0,800000000.0,4.5,0.0,2.0,3,0.0
5279,-3684441.7624473292,0.81800196961104,1626,-1407498.8276748518,0.926405313965368,1618,-982744.0771852332,0.9155261621534693,1041,1458226.983265392,1.1426759406300713,994,-4616457.684042023,-5091940.590122181,475482.9060801588,9,-1282674.9655016316,-7163487.101805463,45.0,-3.0,800000000.0,4.5,0.0,2.0,5,50.0
4890,-3062553.5665690466,0.8378412043284158,1504,-1244916.521910329,0.9307413118893454,1499,-1002352.5300742072,0.9097429779343374,975,968792.8760934917,1.1038865412028855,912,-4341029.742460092,-4307470.0884793755,-33559.65398071555,8,-1286720.2990698318,-7312198.252500692,45.0,-3.0,800000000.0,4.5,0.0,2.0,5,0.0
8063,-4430022.743049727,0.81177393965848,2307,-1007038.907731964,0.9557325165759204,2439,-318312.3898858683,0.9771313304871997,1678,897790.9261394093,1.0705098963820687,1639,-4857583.11452815,-5437061.650781691,579478.536253541,8,-1095756.3961967747,-6939133.11240915,45.0,-3.0,800000000.0,4.5,0.0,3.0,2,50.0
8015,-4358200.890657723,0.8135725591796141,2296,-932615.9133038258,0.9589599721866091,2425,-235530.52642003834,0.9831796142215553,1667,1180574.0928784092,1.0934695134568446,1627,-4345773.237503178,-5290816.803961549,945043.5664583709,8,-977358.3500534209,-6724273.235384178,45.0,-3.0,800000000.0,4.5,0.0,3.0,2,0.0
6120,-3537512.1557400487,0.8413384758030897,1802,-1505828.1419750326,0.9303268262600255,1873,-1449253.461413249,0.888929700119336,1239,566651.5171545888,1.0486002129968195,1206,-5925942.241973741,-5043340.297715081,-882601.9442586601,8,-1193417.8336468737,-8138958.903384741,45.0,-3.0,800000000.0,4.5,0.0,3.0,3,50.0
5997,-3636428.3498979844,0.8343764492775496,1765,-1323105.7482257367,0.937622996854051,1840,-1435499.9420707389,0.889223570384315,1216,850501.582629699,1.074666990853556,1176,-5544532.457564761,-4959534.098123721,-584998.3594410399,9,-1155591.1719884113,-8264490.783050761,45.0,-3.0,800000000.0,4.5,0.0,3.0,3,0.0
4484,-3622520.7411008887,0.8231593971049841,1365,-687090.8685071522,0.9634488035758245,1383,-478055.4121686704,0.9577963394309057,888,2256105.9005214283,1.2377095936687728,848,-2531561.1212552832,-4309611.609608041,1778050.4883527579,11,-978591.522970945,-5077165.537524723,45.0,-3.0,800000000.0,4.5,0.0,3.0,5,50.0
4177,-3773639.2910407046,0.8059585148218731,1279,-705220.8719458296,0.9605443747133378,1290,-566392.9300343969,0.9480553982045566,828,980281.4378962487,1.1090096052322571,780,-4064971.655124683,-4478860.162986534,413888.5078618517,10,-950814.5577804437,-7155071.647807683,45.0,-3.0,800000000.0,4.5,0.0,3.0,5,0.0
7872,-4881560.7615519315,0.7949109455302629,2233,-1226113.3180468236,0.9460219976041729,2390,-210971.67880201494,0.9843840879498577,1641,144487.82512720974,1.0114787836309995,1608,-6174157.93327356,-6107674.079598755,-66483.8536748052,8,-1420709.4952697798,-8261974.59690256,45.0,-3.0,800000000.0,4.5,0.0,4.0,2,50.0
7836,-4973635.200443171,0.791620811103651,2227,-1137748.6898116854,0.9497602429498794,2376,326786.9336661844,1.024542477567036,1631,254306.09185720966,1.0201053416750583,1602,-5530290.864731462,-6111383.890254856,581093.0255233941,9,-1420709.4952697798,-7908257.528360462,45.0,-3.0,800000000.0,4.5,0.0,4.0,2,0.0
5813,-4345407.479039301,0.8042786968624793,1697,-1231684.46706493,0.9417831123715552,1782,-589640.5161097257,0.9528560115031455,1180,1008643.2566577999,1.089410800483518,1154,-5158089.205556157,-5577091.946104231,419002.74054807425,9,-1197899.2673011117,-7528539.202392157,45.0,-3.0,800000000.0,4.5,0.0,4.0,3,50.0
5689,-4294958.9678713735,0.80357684915841,1667,-734335.5480268297,0.964298270713622,1746,-39744.63419737638,0.9967322483763831,1155,1635215.0036832,1.1554880178026605,1121,-3433824.1464123814,-5029294.5158982035,1595470.3694858237,12,-1207912.4986703119,-6269232.473018382,45.0,-3.0,800000000.0,4.5,0.0,4.0,3,0.0
4122,-4324202.204572643,0.7936948892083157,1245,-504268.6524144262,0.9734369780320478,1286,-1488296.8796710875,0.8663220547684782,806,2636284.5969856004,1.2888029889157104,785,-3680483.139672557,-4828470.856987069,1147987.717314513,10,-1384213.6449437998,-6304637.557061997,45.0,-3.0,800000000.0,4.5,0.0,4.0,5,50.0
3858,-4929624.329346782,0.7586062912764419,1175,-679271.9315023737,0.9616437252213874,1195,-1399622.033639564,0.8696572362695923,761,1483718.4188099043,1.1688314838420983,727,-5524799.875678815,-5608896.2608491555,84096.3851703403,9,-1375658.0468498599,-8789608.200456815,45.0,-3.0,800000000.0,4.5,0.0,4.0,5,0.0
3634,-1733432.8281038848,0.7667872390534054,788,-325578.41390797467,0.957282331623542,923,-108845.48723815414,0.9844645580736672,940,984905.9358178403,1.1461525003565418,983,-1182950.7934321733,-2059011.2420118595,876060.4485796861,12,-642531.7310959214,-2215929.124460173,45.0,-5.0,2000000000.0,3.0,3.0,2.0,2,50.0
3634,-1733432.8281038848,0.7667872390534054,788,-325578.41390797467,0.957282331623542,923,-108845.48723815414,0.9844645580736672,940,984905.9358178403,1.1461525003565418,983,-1182950.7934321733,-2059011.2420118595,876060.4485796861,12,-642531.7310959214,-2215929.124460173,45.0,-5.0,2000000000.0,3.0,3.0,2.0,2,0.0
3246,-1261574.3441071876,0.8331487295230294,719,-70510.16480612004,0.9911383359853907,846,-151671.36967279937,0.979200046095636,828,989505.9033382002,1.1417502224474494,853,-494249.97524790734,-1332084.5089133077,837834.5336654008,12,-525707.3641839213,-1681778.306275907,45.0,-5.0,2000000000.0,3.0,3.0,2.0,3,50.0
3246,-1261574.3441071876,0.8331487295230294,719,-70510.16480612004,0.9911383359853907,846,-151671.36967279937,0.979200046095636,828,989505.9033382002,1.1417502224474494,853,-494249.97524790734,-1332084.5089133077,837834.5336654008,12,-525707.3641839213,-1681778.306275907,45.0,-5.0,2000000000.0,3.0,3.0,2.0,3,0.0
2965,-990010.4906113537,0.874941092792965,685,-235041.50658744888,0.9723988884796392,793,-690901.1909943173,0.9112942203397161,739,763828.39073524,1.107418184884298,748,-1152124.7974578799,-1225051.9971988024,72927.19974092266,11,-618358.1459140497,-2368053.1292678798,45.0,-5.0,2000000000.0,3.0,3.0,2.0,5,50.0
2965,-990010.4906113537,0.874941092792965,685,-235041.50658744888,0.9723988884796392,793,-690901.1909943173,0.9112942203397161,739,763828.39073524,1.107418184884298,748,-1152124.7974578799,-1225051.9971988024,72927.19974092266,11,-618358.1459140497,-2368053.1292678798,45.0,-5.0,2000000000.0,3.0,3.0,2.0,5,0.0
3467,-1304925.1105683253,0.8184735729784367,750,-46792.39725168291,0.9938420505517084,885,-840847.1420594954,0.886871548243508,899,684946.6689995704,1.100193878552429,933,-1507617.9808799336,-1351717.507820008,-155900.47305992502,11,-493640.80174807034,-2546596.311907933,45.0,-5.0,2000000000.0,3.0,3.0,3.0,2,50.0
3467,-1304925.1105683253,0.8184735729784367,750,-46792.39725168291,0.9938420505517084,885,-840847.1420594954,0.886871548243508,899,684946.6689995704,1.100193878552429,933,-1507617.9808799336,-1351717.507820008,-155900.47305992502,11,-493640.80174807034,-2546596.311907933,45.0,-5.0,2000000000.0,3.0,3.0,3.0,2,0.0
3009,-892454.0579382185,0.882928978798624,669,163004.14180333336,1.0207965088911317,780,-927212.8075776,0.8808858806410238,769,742243.6458214803,1.1061746320095116,791,-914419.0778910046,-729449.916134885,-184969.1617561197,10,-547406.6692617635,-1967947.4089190043,45.0,-5.0,2000000000.0,3.0,3.0,3.0,3,50.0
3009,-892454.0579382185,0.882928978798624,669,163004.14180333336,1.0207965088911317,780,-927212.8075776,0.8808858806410238,769,742243.6458214803,1.1061746320095116,791,-914419.0778910046,-729449.916134885,-184969.1617561197,10,-547406.6692617635,-1967947.4089190043,45.0,-5.0,2000000000.0,3.0,3.0,3.0,3,0.0
2619,-925850.6508067476,0.8866301250929968,600,503353.6218964425,1.0609577478218466,696,-1212313.8924308443,0.8512964297097476,660,1169897.5742352197,1.1712644625631417,663,-464913.3471059295,-422497.0289103051,-42416.31819562451,12,-709150.7831137001,-1599441.6771239294,45.0,-5.0,2000000000.0,3.0,3.0,3.0,5,50.0
2619,-925850.6508067476,0.8866301250929968,600,503353.6218964425,1.0609577478218466,696,-1212313.8924308443,0.8512964297097476,660,1169897.5742352197,1.1712644625631417,663,-464913.3471059295,-422497.0289103051,-42416.31819562451,12,-709150.7831137001,-1599441.6771239294,45.0,-5.0,2000000000.0,3.0,3.0,3.0,5,0.0
3426,-1245900.4528106176,0.8229272195866654,737,34756.19986689708,1.0045613760770873,876,-855860.3349114525,0.8851476115450612,887,606332.9024664804,1.0877871190182826,926,-1460671.6853886927,-1211144.2529437207,-249527.4324449721,9,-548087.0058528385,-2499650.016416692,45.0,-5.0,2000000000.0,3.0,3.0,4.0,2,50.0
3426,-1245900.4528106176,0.8229272195866654,737,34756.19986689708,1.0045613760770873,876,-855860.3349114525,0.8851476115450612,887,606332.9024664804,1.0877871190182826,926,-1460671.6853886927,-1211144.2529437207,-249527.4324449721,9,-548087.0058528385,-2499650.016416692,45.0,-5.0,2000000000.0,3.0,3.0,4.0,2,0.0
2903,-793050.132183497,0.892735054759634,643,-65681.10818887159,0.9916345538926306,753,-881894.8644793938,0.8840722290603326,739,1251341.6028752201,1.1859198326380282,768,-489284.5019765422,-858731.2403723686,369446.7383958263,11,-668886.2725999068,-1646796.1658245418,45.0,-5.0,2000000000.0,3.0,3.0,4.0,3,50.0
2903,-793050.132183497,0.892735054759634,643,-65681.10818887159,0.9916345538926306,753,-881894.8644793938,0.8840722290603326,739,1251341.6028752201,1.1859198326380282,768,-489284.5019765422,-858731.2403723686,369446.7383958263,11,-668886.2725999068,-1646796.1658245418,45.0,-5.0,2000000000.0,3.0,3.0,4.0,3,0.0
2437,-372394.1688702946,0.9532174816545815,568,21214.957246386213,1.0025261237547114,651,-1065119.5132717525,0.8636283542952315,606,1274026.2565732603,1.1982824287281784,612,-142272.46832240082,-351179.21162390837,208906.74330150778,12,-951204.8593008202,-1350375.8001324008,45.0,-5.0,2000000000.0,3.0,3.0,4.0,5,50.0
2437,-372394.1688702946,0.9532174816545815,568,21214.957246386213,1.0025261237547114,651,-1065119.5132717525,0.8636283542952315,606,1274026.2565732603,1.1982824287281784,612,-142272.46832240082,-351179.21162390837,208906.74330150778,12,-951204.8593008202,-1350375.8001324008,45.0,-5.0,2000000000.0,3.0,3.0,4.0,5,0.0
3573,-1720267.6291136798,0.76556830012318,779,-699682.6550145596,0.9082682393069325,905,290819.7578483259,1.0427015136891407,920,913169.8838904698,1.1330610758009692,969,-1215960.6423894435,-2419950.2841282394,1203989.6417387957,10,-649191.8339033634,-2381060.640146443,45.0,-5.0,2000000000.0,3.0,5.0,2.0,2,50.0
3573,-1720267.6291136798,0.76556830012318,779,-699682.6550145596,0.9082682393069325,905,290819.7578483259,1.0427015136891407,920,913169.8838904698,1.1330610758009692,969,-1215960.6423894435,-2419950.2841282394,1203989.6417387957,10,-649191.8339033634,-2381060.640146443,45.0,-5.0,2000000000.0,3.0,5.0,2.0,2,0.0
3104,-1282928.3396004206,0.8255057421997382,691,-67529.27035388653,0.9914094123217662,810,234995.95780140065,1.0340236588652727,780,891756.1389847097,1.1258020116812217,823,-223705.5131681969,-1350457.609954307,1126752.0967861104,10,-428114.8775669633,-1524088.8435181968,45.0,-5.0,2000000000.0,3.0,5.0,2.0,3,50.0
3103,-1278278.3396004206,0.8261382002051666,691,-86749.27035388659,0.9889485238424784,809,202895.95780140065,1.029376091903724,780,891756.1389847097,1.1258020116812217,823,-270375.51316819666,-1365027.609954307,1094652.0967861104,10,-428114.8775669633,-1570758.8435181966,45.0,-5.0,2000000000.0,3.0,5.0,2.0,3,0.0
2739,-1325844.580192606,0.8289131400757002,637,448715.3695508344,1.0534823570848217,742,-671327.3827247473,0.9088014707652692,671,1248007.8987126495,1.179711354774626,689,-300448.6946538694,-877129.2106417716,576680.5159879022,12,-729911.1656481597,-1697098.6934458695,45.0,-5.0,2000000000.0,3.0,5.0,2.0,5,50.0
2731,-1323938.080192606,0.8291299617093235,637,342410.36961783434,1.040710482343898,742,-638735.3827947472,0.912629737385543,668,1355654.8987126495,1.1988670250362397,684,-264608.19465686963,-981527.7105747716,716919.5159179022,12,-723611.1656481597,-1661258.1934488697,45.0,-5.0,2000000000.0,3.0,5.0,2.0,5,0.0
3413,-1559168.2907695207,0.781731398247383,740,-359099.180374308,0.9526684514466918,868,-496734.53074761544,0.9321619088739641,887,732220.31858694,1.1066364671361566,918,-1682781.6833045043,-1918267.4711438287,235485.7878393245,9,-587392.830165965,-2818801.6810615044,45.0,-5.0,2000000000.0,3.0,5.0,3.0,2,50.0
3413,-1559168.2907695207,0.781731398247383,740,-359099.180374308,0.9526684514466918,868,-496734.53074761544,0.9321619088739641,887,732220.31858694,1.1066364671361566,918,-1682781.6833045043,-1918267.4711438287,235485.7878393245,9,-587392.830165965,-2818801.6810615044,45.0,-5.0,2000000000.0,3.0,5.0,3.0,2,0.0
2873,-933423.8423465089,0.873314142632459,642,510005.02787581645,1.0671990483189968,744,-302021.5472946601,0.9590627078386578,730,856050.04759695,1.1225865587851738,757,130609.68583159742,-423418.8144706924,554028.5003022898,10,-497546.5101989633,-1127673.6445184024,45.0,-5.0,2000000000.0,3.0,5.0,3.0,3,50.0
2871,-928773.8423465089,0.8739452484710223,642,457680.02787581645,1.0604935317802626,742,-334121.54729466,0.9547117365581318,730,856050.04759695,1.1225865587851738,757,50834.68583159766,-471093.8144706924,521928.50030228996,10,-497546.5101989633,-1207448.6445184024,45.0,-5.0,2000000000.0,3.0,5.0,3.0,3,0.0
2406,-868675.3636460878,0.8873429836566206,556,1098815.6575954761,1.1359876663984607,646,-1024432.6461261493,0.8673891093475121,602,1396303.5491634693,1.2080836036728508,602,602011.1969867089,230140.29394938832,371870.90303732,12,-837771.0821417101,-763105.467844291,45.0,-5.0,2000000000.0,3.0,5.0,3.0,5,50.0
2401,-883055.3636460878,0.885478066147946,556,1084763.157662476,1.1349689333891748,644,-1082672.6461961493,0.859911706400287,601,1526808.5491634693,1.2297984369272863,600,645843.6969837088,201707.79401638813,444135.90296732006,12,-831471.0821417101,-719272.9678472911,45.0,-5.0,2000000000.0,3.0,5.0,3.0,5,0.0
3374,-1477171.2994588125,0.7872993803139695,728,-485425.9573888284,0.9368261124011751,859,-472572.61629097257,0.9352442532347304,875,633678.1853013501,1.0911731534199156,912,-1801491.6878372626,-1962597.256847641,161105.5690103775,9,-629183.0392490382,-2931386.6855942626,45.0,-5.0,2000000000.0,3.0,5.0,4.0,2,50.0
3374,-1477171.2994588125,0.7872993803139695,728,-485425.9573888284,0.9368261124011751,859,-472572.61629097257,0.9352442532347304,875,633678.1853013501,1.0911731534199156,912,-1801491.6878372626,-1962597.256847641,161105.5690103775,9,-629183.0392490382,-2931386.6855942626,45.0,-5.0,2000000000.0,3.0,5.0,4.0,2,0.0
2780,-649068.3966103464,0.9089515085642663,621,366938.8199180516,1.048160925937983,720,-531648.2979795239,0.9287233066032939,705,1082796.3717248498,1.1585421459290675,734,269018.49705303164,-282129.5766922948,551148.0737453259,12,-514028.0933242999,-1071214.8350649683,45.0,-5.0,2000000000.0,3.0,5.0,4.0,3,50.0
2778,-644418.3966103463,0.9096037903382476,621,317973.81991805165,1.0418829955522801,718,-563748.2979795237,0.9244197437653623,705,1082796.3717248498,1.1585421459290675,734,192603.49705303134,-326444.5766922946,519048.07374532614,12,-507728.0933242999,-1147629.8350649686,45.0,-5.0,2000000000.0,3.0,5.0,4.0,3,0.0
2246,-779886.7038836244,0.8980590791430918,524,567105.1009684352,1.0698757093189593,604,-1041858.2066296523,0.8633969366965084,557,1357717.0982009496,1.2106915397719114,561,103077.28865610785,-212781.60291518923,315858.8915712973,13,-1088285.75933602,-1298529.376726892,45.0,-5.0,2000000000.0,3.0,5.0,4.0,5,50.0
2243,-828266.7038836245,0.8919611620107081,524,534835.101035435,1.0661024564658315,603,-1109338.2066996526,0.8555162079812847,556,1404844.5982009498,1.2175470464044613,560,2074.788653107942,-293431.60284818953,295506.39150129724,13,-1081985.75933602,-1399531.876729892,45.0,-5.0,2000000000.0,3.0,5.0,4.0,5,0.0
3564,-1922868.7401548831,0.7399813076193045,777,-647193.1318783048,0.9149362800669326,903,145162.85803842585,1.0213025616266802,918,853822.0505744198,1.12441330205503,966,-1571076.963420342,-2570061.872033188,998984.9086128457,10,-658641.8339033634,-3069810.2928563417,45.0,-5.0,2000000000.0,3.0,0.0,2.0,2,50.0
3563,-1922868.7401548831,0.7399813076193045,777,-647193.1318783048,0.9149362800669326,903,124562.85803842574,1.0182795240849873,917,853822.0505744198,1.12441330205503,966,-1591676.9634203417,-2570061.872033188,978384.9086128455,10,-658641.8339033634,-3090410.292856341,45.0,-5.0,2000000000.0,3.0,0.0,2.0,2,0.0
3070,-1577218.6717136719,0.7840056058467246,686,-26833.05657588219,0.996543868303096,804,-262677.89518164913,0.9616349875836153,768,716492.7975233595,1.1031276235298402,812,-1150236.8259478437,-1604051.7282895541,453814.9023417104,9,-508642.3775529633,-2832571.8218198437,45.0,-5.0,2000000000.0,3.0,0.0,2.0,3,50.0
3065,-1655017.0045706718,0.7738126312914089,685,-4696.389835881942,0.9993942189104361,802,-325677.8949995491,0.9526012202623187,767,818807.4636113598,1.1178253111058527,811,-1166583.8257947431,-1659713.3944065538,493129.56861181074,9,-527242.3775529633,-3023593.8223517435,45.0,-5.0,2000000000.0,3.0,0.0,2.0,3,0.0
2659,-1794367.4259542092,0.7660768904534956,621,376754.04686549923,1.0460535794891488,721,-853176.0830552774,0.8813156121587525,653,769088.0412661997,1.1117315780126382,664,-1501701.4208777878,-1417613.37908871,-84088.04178907769,11,-718843.4995542199,-3416923.0857527875,45.0,-5.0,2000000000.0,3.0,0.0,2.0,5,50.0
2617,-1697565.1575599469,0.7762862469348702,617,474810.491967055,1.0586368566782882,708,-1044658.0834257776,0.8541543460964176,642,807784.0432257995,1.120832025809725,650,-1459628.7057928704,-1222754.6655928919,-236874.04019997816,10,-846760.1658702198,-3699582.03417287,45.0,-5.0,2000000000.0,3.0,0.0,2.0,5,0.0
3404,-1652205.7353593737,0.7683488060814403,738,-304165.3234992632,0.959761845824385,866,-657095.6305575153,0.9108485038166105,885,585376.65203649,1.0852509777898915,915,-2028090.0373796623,-1956371.058858637,-71718.97852102527,8,-608842.830165965,-3499483.366815662,45.0,-5.0,2000000000.0,3.0,0.0,3.0,2,50.0
3403,-1652205.7353593737,0.7683488060814403,738,-304165.3234992632,0.959761845824385,866,-677695.6305575153,0.9080535973585968,884,585376.65203649,1.0852509777898915,915,-2048690.0373796625,-1956371.058858637,-92318.97852102527,8,-608842.830165965,-3520083.3668156625,45.0,-5.0,2000000000.0,3.0,0.0,3.0,2,0.0
2841,-1131834.0088650591,0.8456970197902988,638,350893.8379699914,1.0464640412123762,738,-703807.1137673599,0.9041035573532105,719,706406.7051536993,1.1024057106132825,746,-778340.5795087283,-780940.1708950677,2599.5913863393944,10,-596634.0101349633,-2421800.574600728,45.0,-5.0,2000000000.0,3.0,0.0,3.0,3,50.0
2830,-1145944.008689059,0.8432184259741093,637,377210.50488999137,1.0501060412113485,734,-593782.2133502098,0.9182166175155039,716,845043.8717816995,1.1240622989577664,743,-517471.8453675774,-768733.5037990676,251261.65843148972,9,-615234.0101349633,-2323506.8427195773,45.0,-5.0,2000000000.0,3.0,0.0,3.0,3,0.0
2340,-1348164.4755690405,0.821872779554697,541,935401.2658778311,1.1195260575195491,627,-1455542.5954926542,0.8117288508848178,591,1126180.0200560093,1.1742351456194802,581,-742125.7851278542,-412763.20969120937,-329362.57543664495,8,-750161.4158038101,-2641779.117577854,45.0,-5.0,2000000000.0,3.0,0.0,3.0,5,50.0
2310,-1334551.655418579,0.8248303136975317,541,874680.4106617264,1.11264133208471,614,-1453387.2625520541,0.8095749443747854,584,1276814.6849126094,1.2013069474196805,571,-636443.8223962975,-459871.2447568526,-176572.57763944473,9,-823054.0819118102,-2880663.8193262974,45.0,-5.0,2000000000.0,3.0,0.0,3.0,5,0.0
3365,-1574672.410554616,0.7734035788715596,727,-415029.4339635435,0.9457238617928532,857,-664017.9161008723,0.9094856570582917,872,486834.5187509,1.0700453941728771,909,-2166885.2418681313,-1989701.8445181595,-177183.39734997234,9,-650633.0392490382,-3638278.5713041313,45.0,-5.0,2000000000.0,3.0,0.0,4.0,2,50.0
3364,-1574672.410554616,0.7734035788715596,727,-415029.4339635435,0.9457238617928532,857,-684617.9161008723,0.906677607125621,871,486834.5187509,1.0700453941728771,909,-2187485.241868132,-1989701.8445181595,-197783.39734997234,9,-650633.0392490382,-3658878.5713041318,45.0,-5.0,2000000000.0,3.0,0.0,4.0,2,0.0
2753,-913934.2295928465,0.8708933858286,616,235197.29658077643,1.0309314531371154,716,-971577.7971536238,0.8693390212752353,695,1009451.5368040991,1.1483164310394964,726,-640863.1933615946,-678736.93301207,37873.73965047533,10,-611700.6131213689,-2348689.856583595,45.0,-5.0,2000000000.0,3.0,0.0,4.0,3,50.0
2741,-913909.2295928462,0.8704852606748875,615,257673.96350077618,1.0340084494564528,712,-980582.7971536235,0.8679053209015842,692,1028288.2034320992,1.153076098798122,722,-608529.8598135947,-656235.26609207,47705.40627847565,10,-630300.6131213689,-2439504.8571655946,45.0,-5.0,2000000000.0,3.0,0.0,4.0,3,0.0
2189,-1157955.5368409585,0.8443846710839233,511,475187.37590735016,1.0591481226421158,591,-1168123.6074837523,0.8449426487526916,545,876192.5758215997,1.139933153063032,542,-974699.1925957612,-682768.1609336084,-291931.0316621526,12,-954432.0926165201,-2933237.5250457614,45.0,-5.0,2000000000.0,3.0,0.0,4.0,5,50.0
2162,-1050238.2301062066,0.8580012893190585,509,624316.1542202451,1.0789903645605523,580,-1177382.9407791526,0.8423371647868548,537,1085093.2409217996,1.174943251962427,536,-518211.77574331383,-425922.07588596153,-92289.699857353,13,-1057516.7587245202,-2849131.7726733135,45.0,-5.0,2000000000.0,3.0,0.0,4.0,5,0.0
6339,-3198582.3788055805,0.805748435236605,1609,-794250.5218994422,0.9525313308619279,1829,-768134.0234804754,0.9357007530443997,1443,719042.2418461626,1.063163293105682,1458,-4041924.682339336,-3992832.9007050227,-49091.78163431282,9,-1088779.93786109,-5268438.568293792,45.0,-5.0,2000000000.0,4.5,3.0,2.0,2,50.0
6339,-3198582.3788055805,0.805748435236605,1609,-794250.5218994422,0.9525313308619279,1829,-768134.0234804754,0.9357007530443997,1443,719042.2418461626,1.063163293105682,1458,-4041924.682339336,-3992832.9007050227,-49091.78163431282,9,-1088779.93786109,-5268438.568293792,45.0,-5.0,2000000000.0,4.5,3.0,2.0,2,0.0
5622,-2927681.4428426083,0.8272295180661386,1482,-1049490.340723111,0.9380816276095758,1652,-1418788.7636209475,0.880771100518379,1238,709402.1849874442,1.0632685500697174,1250,-4686558.362199223,-3977171.7835657196,-709386.5786335033,11,-1297314.2095953699,-5872672.248653678,45.0,-5.0,2000000000.0,4.5,3.0,2.0,3,50.0
5622,-2927681.4428426083,0.8272295180661386,1482,-1049490.340723111,0.9380816276095758,1652,-1418788.7636209475,0.880771100518379,1238,709402.1849874442,1.0632685500697174,1250,-4686558.362199223,-3977171.7835657196,-709386.5786335033,11,-1297314.2095953699,-5872672.248653678,45.0,-5.0,2000000000.0,4.5,3.0,2.0,3,0.0
5108,-2634089.871808055,0.8461169724182159,1408,-1113396.878797105,0.9355518051826508,1514,-1243906.5287578274,0.8938427244080076,1078,366535.41944170406,1.0328747715185698,1108,-4624857.859921284,-3747486.75060516,-877371.1093161233,10,-1323536.8741525703,-5890199.524621284,45.0,-5.0,2000000000.0,4.5,3.0,2.0,5,50.0
5108,-2634089.871808055,0.8461169724182159,1408,-1113396.878797105,0.9355518051826508,1514,-1243906.5287578274,0.8938427244080076,1078,366535.41944170406,1.0328747715185698,1108,-4624857.859921284,-3747486.75060516,-877371.1093161233,10,-1323536.8741525703,-5890199.524621284,45.0,-5.0,2000000000.0,4.5,3.0,2.0,5,0.0
5926,-2940044.754854787,0.8246590587007291,1508,-521395.9605011289,0.9687161916098305,1707,-1303061.2751462637,0.8948390998245414,1354,465251.23470185115,1.0407134674702234,1357,-4299250.755800329,-3461440.715355916,-837810.0404444125,8,-902940.3319433199,-5608764.642254786,45.0,-5.0,2000000000.0,4.5,3.0,3.0,2,50.0
5926,-2940044.754854787,0.8246590587007291,1508,-521395.9605011289,0.9687161916098305,1707,-1303061.2751462637,0.8948390998245414,1354,465251.23470185115,1.0407134674702234,1357,-4299250.755800329,-3461440.715355916,-837810.0404444125,8,-902940.3319433199,-5608764.642254786,45.0,-5.0,2000000000.0,4.5,3.0,3.0,2,0.0
5061,-2942471.76003758,0.8318905233587501,1327,-1185656.5382238524,0.9311706257377454,1492,-1093970.7293942794,0.9105636199456713,1133,1261075.9507866125,1.1181595477171276,1109,-3961023.0768690985,-4128128.2982614324,167105.22139233304,8,-1287172.1199976504,-5232781.408779099,45.0,-5.0,2000000000.0,4.5,3.0,3.0,3,50.0
5061,-2942471.76003758,0.8318905233587501,1327,-1185656.5382238524,0.9311706257377454,1492,-1093970.7293942794,0.9105636199456713,1133,1261075.9507866125,1.1181595477171276,1109,-3961023.0768690985,-4128128.2982614324,167105.22139233304,8,-1287172.1199976504,-5232781.408779099,45.0,-5.0,2000000000.0,4.5,3.0,3.0,3,0.0
4353,-1945286.557164539,0.887406860090129,1194,-1498836.0010714107,0.9154909949237988,1303,-1891797.1110411657,0.8472179696062462,939,780668.9955173384,1.0755950247537696,917,-4555250.673759775,-3444122.55823595,-1111128.1155238273,8,-959510.7792537005,-5921234.005639776,45.0,-5.0,2000000000.0,4.5,3.0,3.0,5,50.0
4353,-1945286.557164539,0.887406860090129,1194,-1498836.0010714107,0.9154909949237988,1303,-1891797.1110411657,0.8472179696062462,939,780668.9955173384,1.0755950247537696,917,-4555250.673759775,-3444122.55823595,-1111128.1155238273,8,-959510.7792537005,-5921234.005639776,45.0,-5.0,2000000000.0,4.5,3.0,3.0,5,0.0
5764,-3414928.8302752287,0.7997789361007963,1453,-1135426.9223608146,0.9326257417213338,1664,-1428864.6388410334,0.8844460491642567,1317,521146.90119198733,1.0453689995119158,1330,-5458073.490285089,-4550355.752636043,-907717.7376490461,8,-983024.9733006898,-6768087.376239546,45.0,-5.0,2000000000.0,4.5,3.0,4.0,2,50.0
5764,-3414928.8302752287,0.7997789361007963,1453,-1135426.9223608146,0.9326257417213338,1664,-1428864.6388410334,0.8844460491642567,1317,521146.90119198733,1.0453689995119158,1330,-5458073.490285089,-4550355.752636043,-907717.7376490461,8,-983024.9733006898,-6768087.376239546,45.0,-5.0,2000000000.0,4.5,3.0,4.0,2,0.0
4755,-3546907.8619891014,0.8000060519623405,1237,-867403.7801723527,0.9482821582617531,1412,-597570.3615982041,0.9492202093659277,1058,1446564.7799459025,1.1395496082127574,1048,-3565317.2238137554,-4414311.642161454,848994.4183476984,9,-1125066.6783235602,-4856008.888543755,45.0,-5.0,2000000000.0,4.5,3.0,4.0,3,50.0
4755,-3546907.8619891014,0.8000060519623405,1237,-867403.7801723527,0.9482821582617531,1412,-597570.3615982041,0.9492202093659277,1058,1446564.7799459025,1.1395496082127574,1048,-3565317.2238137554,-4414311.642161454,848994.4183476984,9,-1125066.6783235602,-4856008.888543755,45.0,-5.0,2000000000.0,4.5,3.0,4.0,3,0.0
3946,-2670826.798370864,0.8488890841549198,1082,-478836.9533639336,0.9711669536223247,1177,-1353911.0855980627,0.8827809625160797,842,963832.8240631147,1.0944729512131943,845,-3539742.0132697453,-3149663.7517347974,-390078.261534948,9,-1445838.5977016005,-4880155.345149745,45.0,-5.0,2000000000.0,4.5,3.0,4.0,5,50.0
3946,-2670826.798370864,0.8488890841549198,1082,-478836.9533639336,0.9711669536223247,1177,-1353911.0855980627,0.8827809625160797,842,963832.8240631147,1.0944729512131943,845,-3539742.0132697453,-3149663.7517347974,-390078.261534948,9,-1445838.5977016005,-4880155.345149745,45.0,-5.0,2000000000.0,4.5,3.0,4.0,5,0.0
6128,-3092574.001331254,0.8096628956524885,1557,-1049599.6827490092,0.9360459186736573,1760,-232119.37412858108,0.9801520375619777,1401,835290.1998640203,1.0738148338228664,1410,-3539002.858344823,-4142173.684080263,603170.8257354393,10,-957046.6669514666,-4910487.857434823,45.0,-5.0,2000000000.0,4.5,5.0,2.0,2,50.0
6124,-3147974.001331254,0.8063604800896295,1556,-1024369.6827490093,0.937521443422572,1759,-289675.374128581,0.9751825117118171,1399,835290.1998640203,1.0738148338228664,1410,-3626728.8583448236,-4172343.684080263,545614.8257354393,10,-957046.6669514666,-4998213.857434824,45.0,-5.0,2000000000.0,4.5,5.0,2.0,2,0.0
5236,-2776606.875568993,0.8318348209812004,1381,-1830455.160458436,0.890260440240636,1538,-711765.3828851226,0.9371613866456444,1156,1013923.2496517438,1.0919948504997221,1161,-4304904.169260807,-4607062.036027429,302157.86676662124,9,-906201.6658603598,-5704304.167748807,45.0,-5.0,2000000000.0,4.5,5.0,2.0,3,50.0
5232,-2796365.208828993,0.8304451843945515,1380,-1903410.160458436,0.8859494064932556,1537,-813235.3828851226,0.9281978516840212,1154,1022233.2496517438,1.0927488298644474,1161,-4490777.502520808,-4699775.369287429,208997.86676662124,9,-906201.6658603598,-5890177.501008809,45.0,-5.0,2000000000.0,4.5,5.0,2.0,3,0.0
4483,-2736702.1244245246,0.8342563116598006,1244,-1316452.3297433592,0.9207898101297831,1335,-503944.5547167921,0.9532851616065633,945,1495377.5749846236,1.1462809802787957,959,-3061721.4339000527,-4053154.454167884,991433.0202678315,12,-1129852.29279101,-4573054.765710053,45.0,-5.0,2000000000.0,4.5,5.0,2.0,5,50.0
4470,-2776992.957572525,0.8316779336734439,1243,-1408765.996460359,0.9152655420405608,1334,-456876.0543937923,0.957470221250847,942,1534392.7748226235,1.1516539576490863,951,-3108242.233604054,-4185758.954032884,1077516.7204288312,12,-1093852.29279101,-4630375.565414054,45.0,-5.0,2000000000.0,4.5,5.0,2.0,5,0.0
5758,-3051646.177156909,0.8159169551374081,1461,-584942.8638905798,0.9643715513034046,1657,-1022971.8751424742,0.9174072339172896,1322,975599.6349117586,1.0873829157152555,1318,-3683961.2812782046,-3636589.041047489,-47372.2402307156,8,-833129.8554259101,-5214286.280368205,45.0,-5.0,2000000000.0,4.5,5.0,3.0,2,50.0
5754,-3107046.1771569094,0.8126767847962494,1460,-551630.8638905798,0.9663507325154982,1656,-1147576.8751424742,0.9074462534884074,1320,975599.6349117586,1.0873829157152555,1318,-3830654.2812782046,-3658677.0410474893,-171977.2402307156,8,-833129.8554259101,-5360979.280368205,45.0,-5.0,2000000000.0,4.5,5.0,3.0,2,0.0
4708,-2253890.2234450653,0.8659163038936158,1230,-2024467.6813267611,0.8819074737571534,1395,-808547.5312136901,0.9304328284371387,1058,1828194.6779122106,1.1775432787617663,1025,-3258710.7580733066,-4278357.904771826,1019647.1466985205,9,-1087830.4676114907,-4728085.757163307,45.0,-5.0,2000000000.0,4.5,5.0,3.0,3,50.0
4702,-2283148.5567050655,0.8641006088891293,1229,-2138694.681326761,0.8754655285354968,1394,-875237.5312136901,0.9245953843127216,1055,1860154.6779122106,1.1808666003303856,1024,-3436926.091333306,-4421843.238031827,984917.1466985205,9,-1087830.4676114907,-4906301.090423306,45.0,-5.0,2000000000.0,4.5,5.0,3.0,3,0.0
3829,-2035491.4328413233,0.8787225865501752,1052,-2120079.1963916225,0.8787502618153973,1145,-1048853.1792298155,0.9074344127563692,828,1784129.0971507777,1.1819869325360002,804,-3420294.711311983,-4155570.629232946,735275.9179209622,10,-1140749.521591797,-4999519.711311983,45.0,-5.0,2000000000.0,4.5,5.0,3.0,5,50.0
3823,-2031651.432991323,0.8788045040209885,1051,-2257633.1685724044,0.8707372791401808,1141,-962477.096249816,0.9148105460082437,828,1783150.2200673877,1.1820656988487583,803,-3468611.4777461556,-4289284.6015637275,820673.1238175717,10,-1140749.521591797,-5058036.477746155,45.0,-5.0,2000000000.0,4.5,5.0,3.0,5,0.0
5614,-3180533.651124383,0.8103756418773524,1414,-1319681.689902495,0.9210421071084025,1619,-1089801.738258384,0.9116776888311156,1287,815790.6539302947,1.0718506152037632,1294,-4774226.425354967,-4500215.341026878,-274011.08432808926,8,-1128170.2313925084,-6297751.424444967,45.0,-5.0,2000000000.0,4.5,5.0,4.0,2,50.0
5610,-3235933.651124383,0.8071761434107764,1413,-1278413.689902495,0.923363256392802,1618,-1200476.7382583837,0.9027199275754064,1285,815790.6539302947,1.0718506152037632,1294,-4899033.425354967,-4514347.341026878,-384686.084328089,8,-1128170.2313925084,-6422558.424444967,45.0,-5.0,2000000000.0,4.5,5.0,4.0,2,0.0
4453,-2765003.2060932317,0.8359336910174655,1158,-1240653.4798057345,0.9250575032288734,1320,-738643.9776869144,0.9357842622404876,992,1872217.6439270005,1.1865922086154235,983,-2872083.0196588812,-4005656.685898966,1133573.666240086,9,-877537.8950730036,-4323158.018748881,45.0,-5.0,2000000000.0,4.5,5.0,4.0,3,50.0
4451,-2794261.539353232,0.8341061330780353,1157,-1387082.4798057345,0.9166524122879305,1320,-909858.9776869144,0.921041757717748,991,1891677.6439270005,1.1885316649555742,983,-3199525.35291888,-4181344.0191589664,981818.6662400861,9,-877537.8950730036,-4651100.35200888,45.0,-5.0,2000000000.0,4.5,5.0,4.0,3,0.0
3490,-2923094.071350105,0.8268080446481904,947,-1554340.7466616905,0.9084941416453652,1051,-866516.9347896269,0.9190137585042665,748,1801839.4648500537,1.1881560245072402,744,-3542112.287951369,-4477434.818011796,935322.5300604268,11,-1087703.7809151504,-5133033.953990368,45.0,-5.0,2000000000.0,4.5,5.0,4.0,5,50.0
3481,-3008559.6905063028,0.8219451124146041,944,-1478268.996351691,0.912658053470114,1047,-373647.60287837696,0.9647471820151389,747,1940303.197543654,1.2029530590778783,743,-2920173.092192716,-4486828.686857994,1566655.5946652768,11,-1084283.7809151504,-4544178.092192716,45.0,-5.0,2000000000.0,4.5,5.0,4.0,5,0.0
6091,-3409899.9084728714,0.7893468812615771,1546,-1223230.4430943327,0.9254189414740476,1748,-674474.207683206,0.9423415618720631,1394,508987.3668664901,1.0449306922744166,1403,-4798617.19238392,-4633130.351567204,-165486.84081671585,10,-1081281.9380228801,-6729756.078740338,45.0,-5.0,2000000000.0,4.5,0.0,2.0,2,50.0
6085,-3538513.9084728714,0.781784544303323,1545,-1289982.4430943327,0.9213502423424061,1746,-711170.2076832061,0.9390972253280352,1391,446787.3668664901,1.0394107843661076,1403,-5092879.192383921,-4828496.351567204,-264382.84081671597,10,-1081281.9380228801,-7024018.078740339,45.0,-5.0,2000000000.0,4.5,0.0,2.0,2,0.0
5109,-3258689.1478348887,0.7994687210874128,1339,-1904227.265010776,0.8843493644805207,1508,-828762.8166895775,0.9259340096388555,1136,915107.1091127731,1.0852875332537395,1126,-5076572.120422469,-5162916.412845665,86344.29242319555,8,-1122673.4157861602,-7316738.784089469,45.0,-5.0,2000000000.0,4.5,0.0,2.0,3,50.0
5082,-3323852.3540829485,0.7938553447903375,1331,-1426637.0430196458,0.9126804862034675,1496,-982751.4830964776,0.9122335746267691,1132,887733.9476087732,1.0823371899887344,1123,-4845506.9325903,-4750489.397102594,-95017.53548770433,7,-1086756.7492621602,-7341623.5969093,45.0,-5.0,2000000000.0,4.5,0.0,2.0,3,0.0
4207,-3676657.422858095,0.767353211475863,1158,-1633361.1656263934,0.8997296627177669,1273,-393177.62487659545,0.9619824434558943,894,1214086.052321263,1.1251054273054637,882,-4489110.161039821,-5310018.588484488,820908.4274446674,11,-1307406.8873461117,-7263335.161039821,45.0,-5.0,2000000000.0,4.5,0.0,2.0,5,50.0
4091,-3502879.616851055,0.7749915134765506,1140,-939314.3335654435,0.9404524352901651,1235,-166225.24261909514,0.9833717512995857,865,1245062.4239598634,1.1327172508478456,851,-3363356.769075731,-4442193.950416499,1078837.1813407682,9,-1360707.5540129116,-6709235.100410731,45.0,-5.0,2000000000.0,4.5,0.0,2.0,5,0.0
5725,-3428199.254740422,0.7934259065582667,1451,-840017.3993534361,0.94888869822462,1646,-1202559.4583865544,0.9021862311866693,1316,442255.3021049084,1.0393076285891456,1312,-5028520.810375504,-4268216.654093858,-760304.156281646,7,-955044.8549933101,-7041895.809261754,45.0,-5.0,2000000000.0,4.5,0.0,3.0,2,50.0
5718,-3462674.254740422,0.7910851180000757,1449,-897505.399353436,0.9453608497136574,1644,-1412475.4583865544,0.8854174620243364,1313,380055.30210490833,1.0337540952534283,1312,-5392599.810375504,-4360179.654093858,-1032420.1562816461,7,-955044.8549933101,-7405974.809261754,45.0,-5.0,2000000000.0,4.5,0.0,3.0,2,0.0
4612,-3161564.7267604405,0.8114560712003688,1198,-2385388.439806035,0.8604755231051447,1374,-948520.2822586396,0.9174017002223027,1036,1495172.33645913,1.1452396623096583,1004,-5000301.112365985,-5546953.166566475,546652.0542004905,8,-1276521.092742491,-7260834.442437986,45.0,-5.0,2000000000.0,4.5,0.0,3.0,3,50.0
4586,-3250395.4667089744,0.8056261676368732,1194,-1993947.4396355343,0.8827773626408,1364,-1046979.6152854895,0.9089676094689191,1032,1637550.97367513,1.1596406045972882,996,-4653771.5479548685,-5244342.906344509,590571.3583896405,8,-1313521.092742491,-7204588.211789869,45.0,-5.0,2000000000.0,4.5,0.0,3.0,3,0.0
3562,-2788067.1255564718,0.8235978947682243,967,-1629417.6266575847,0.9028944138079091,1088,-945689.7105781855,0.9096020379458187,769,441733.8011957054,1.046837094877722,738,-4921440.661596537,-4417484.752214056,-503955.9093824801,8,-1003292.91449041,-7602265.660246536,45.0,-5.0,2000000000.0,4.5,0.0,3.0,5,50.0
3488,-2826069.357456322,0.8192952987819759,953,-1090175.9605249418,0.9330955483808365,1058,-853329.4129545352,0.9183004415422504,759,160557.16152171526,1.0175688263513702,718,-4609017.569414083,-3916245.3179812636,-692772.25143282,8,-928720.9147304101,-7722870.899399083,45.0,-5.0,2000000000.0,4.5,0.0,3.0,5,0.0
5584,-3542542.3830891578,0.7885067256287208,1404,-1307061.6426691813,0.9215855745635231,1610,-1302103.3217943837,0.8944299139255937,1282,469573.6549016946,1.041147643803132,1288,-5682133.692651029,-4849604.025758339,-832529.6668926891,8,-1173920.2312245085,-7825275.355788278,45.0,-5.0,2000000000.0,4.5,0.0,4.0,2,50.0
5578,-3657342.383089158,0.7821680417957415,1403,-1356593.6426691813,0.9185310738980088,1608,-1575877.3217943837,0.8726053358541223,1279,407373.6549016946,1.035670946524475,1288,-6182439.69265103,-5013936.025758339,-1168503.6668926892,8,-1173920.2312245085,-8318181.355788279,45.0,-5.0,2000000000.0,4.5,0.0,4.0,2,0.0
4357,-3392252.1674509016,0.7972618315119039,1128,-1108600.6669233078,0.9320346578306211,1300,-967776.895162364,0.9152123513368186,972,1886548.4772515495,1.1917875309390387,957,-3582081.252285024,-4500852.83437421,918771.5820891855,8,-1076136.84618156,-5878847.913697024,45.0,-5.0,2000000000.0,4.5,0.0,4.0,3,50.0
4338,-3626200.500110902,0.783579304123799,1125,-828008.6674123078,0.9488943868848928,1291,-1144713.5615823641,0.9000821387810938,968,2054415.7148595504,1.2084616246510624,954,-3544507.014246024,-4454209.16752321,909702.1532771862,8,-1052783.51282156,-6061357.010098024,45.0,-5.0,2000000000.0,4.5,0.0,4.0,3,0.0
3265,-3481428.021281138,0.7872111966965636,880,-1200041.8606310547,0.9266993390015521,998,-1228570.8512776927,0.879394696416777,698,1095462.5563922236,1.117548900170343,689,-4814578.176797662,-4681469.881912192,-133108.29488546913,9,-954443.0239547606,-7438228.175447661,45.0,-5.0,2000000000.0,4.5,0.0,4.0,5,50.0
3193,-3678236.224539789,0.77308019527305,869,-397032.69406384195,0.9746244149377778,967,-1137141.8529992925,0.8886137975876474,687,557110.8608272236,1.0604881314466605,670,-4655299.910775701,-4075268.9186036307,-580030.9921720689,11,-1177986.3566597605,-7711503.240760701,45.0,-5.0,2000000000.0,4.5,0.0,4.0,5,0.0
4870,-2360532.1380424183,0.7812177044213222,1154,-606586.0531823626,0.944986849869175,1308,-445940.8140632387,0.9506665342257312,1177,806619.7227797909,1.0949230683568858,1231,-2606439.282508229,-2967118.191224781,360678.9087165522,11,-935641.1630472214,-3660117.6135362284,45.0,-5.0,800000000.0,3.0,3.0,2.0,2,50.0
4870,-2360532.1380424183,0.7812177044213222,1154,-606586.0531823626,0.944986849869175,1308,-445940.8140632387,0.9506665342257312,1177,806619.7227797909,1.0949230683568858,1231,-2606439.282508229,-2967118.191224781,360678.9087165522,11,-935641.1630472214,-3660117.6135362284,45.0,-5.0,800000000.0,3.0,3.0,2.0,2,0.0
4241,-1672990.5888617071,0.8454680331120076,1041,-192986.10778722184,0.9823612258991011,1161,-577123.0510647495,0.9366388176810853,999,785906.6567074306,1.0918345134440954,1040,-1657193.0910062483,-1865976.696648929,208783.60564268113,12,-862401.1452428461,-2829346.423266248,45.0,-5.0,800000000.0,3.0,3.0,2.0,3,50.0
4241,-1672990.5888617071,0.8454680331120076,1041,-192986.10778722184,0.9823612258991011,1161,-577123.0510647495,0.9366388176810853,999,785906.6567074306,1.0918345134440954,1040,-1657193.0910062483,-1865976.696648929,208783.60564268113,12,-862401.1452428461,-2829346.423266248,45.0,-5.0,800000000.0,3.0,3.0,2.0,3,0.0
3802,-1225964.050410328,0.8899694074633449,969,-222058.2706112475,0.9806688686480524,1068,-618460.0735356924,0.9325330775395095,877,1377539.6431999905,1.1669878448806397,888,-688942.7513572773,-1448022.3210215755,759079.5696642981,12,-674632.7845391298,-2055711.2675601994,45.0,-5.0,800000000.0,3.0,3.0,2.0,5,50.0
3802,-1225964.050410328,0.8899694074633449,969,-222058.2706112475,0.9806688686480524,1068,-618460.0735356924,0.9325330775395095,877,1377539.6431999905,1.1669878448806397,888,-688942.7513572773,-1448022.3210215755,759079.5696642981,12,-674632.7845391298,-2055711.2675601994,45.0,-5.0,800000000.0,3.0,3.0,2.0,5,0.0
4628,-1968641.4689915767,0.8162360880677669,1100,-475457.5855678205,0.9566900992819166,1246,-1251296.4873251254,0.8678915606341535,1112,282539.849648381,1.0323576628620028,1170,-3412855.692236142,-2444099.054559397,-968756.6376767444,11,-760986.2971442454,-4464534.023264142,45.0,-5.0,800000000.0,3.0,3.0,3.0,2,50.0
4628,-1968641.4689915767,0.8162360880677669,1100,-475457.5855678205,0.9566900992819166,1246,-1251296.4873251254,0.8678915606341535,1112,282539.849648381,1.0323576628620028,1170,-3412855.692236142,-2444099.054559397,-968756.6376767444,11,-760986.2971442454,-4464534.023264142,45.0,-5.0,800000000.0,3.0,3.0,3.0,2,0.0
3903,-1875998.6566636031,0.8326009286997714,962,-199650.71026556095,0.9816805965027132,1060,-1104883.2419919213,0.8817549380339477,925,527337.892744391,1.0618495210471275,956,-2653194.7161766947,-2075649.3669291642,-577545.3492475303,9,-870999.5683279001,-3765989.7156166947,45.0,-5.0,800000000.0,3.0,3.0,3.0,3,50.0
3903,-1875998.6566636031,0.8326009286997714,962,-199650.71026556095,0.9816805965027132,1060,-1104883.2419919213,0.8817549380339477,925,527337.892744391,1.0618495210471275,956,-2653194.7161766947,-2075649.3669291642,-577545.3492475303,9,-870999.5683279001,-3765989.7156166947,45.0,-5.0,800000000.0,3.0,3.0,3.0,3,0.0
3314,-1102395.5361179984,0.9022485632444313,844,334741.2425329853,1.029859861368372,926,-1482617.1162513448,0.8468072371866036,770,1571579.186320691,1.1998201329963065,774,-678692.223515667,-767654.2935850131,88962.07006934611,12,-844813.4157054998,-1938344.072508589,45.0,-5.0,800000000.0,3.0,3.0,3.0,5,50.0
3314,-1102395.5361179984,0.9022485632444313,844,334741.2425329853,1.029859861368372,926,-1482617.1162513448,0.8468072371866036,770,1571579.186320691,1.1998201329963065,774,-678692.223515667,-767654.2935850131,88962.07006934611,12,-844813.4157054998,-1938344.072508589,45.0,-5.0,800000000.0,3.0,3.0,3.0,5,0.0
4565,-1786581.9763218258,0.8279779206335339,1079,-613393.5250391003,0.9448885295233748,1228,-1439347.5098091424,0.8486189097415318,1100,344142.9644316912,1.039865170233135,1158,-3495180.0467383773,-2399975.501360926,-1095204.5453774512,10,-871276.23409556,-4546858.377766377,45.0,-5.0,800000000.0,3.0,3.0,4.0,2,50.0
4565,-1786581.9763218258,0.8279779206335339,1079,-613393.5250391003,0.9448885295233748,1228,-1439347.5098091424,0.8486189097415318,1100,344142.9644316912,1.039865170233135,1158,-3495180.0467383773,-2399975.501360926,-1095204.5453774512,10,-871276.23409556,-4546858.377766377,45.0,-5.0,800000000.0,3.0,3.0,4.0,2,0.0
3763,-1096112.5375222345,0.893368946775276,914,-795650.3091015455,0.9295144505050733,1031,-1120240.0161294786,0.8820312698175925,892,900780.0432371304,1.109746559173338,926,-2111222.8195161284,-1891762.84662378,-219459.9728923482,12,-960422.2581154197,-3243101.152336128,45.0,-5.0,800000000.0,3.0,3.0,4.0,3,50.0
3763,-1096112.5375222345,0.893368946775276,914,-795650.3091015455,0.9295144505050733,1031,-1120240.0161294786,0.8820312698175925,892,900780.0432371304,1.109746559173338,926,-2111222.8195161284,-1891762.84662378,-219459.9728923482,12,-960422.2581154197,-3243101.152336128,45.0,-5.0,800000000.0,3.0,3.0,4.0,3,0.0
3069,-989777.4286804053,0.9099487136322335,783,171513.0010545767,1.0154252364791774,866,-667053.8581732324,0.9253670548273463,703,1872542.4298861306,1.2517927901078603,717,387224.1440870699,-818264.4276258285,1205488.571712898,13,-936870.1319882901,-856011.0382858522,45.0,-5.0,800000000.0,3.0,3.0,4.0,5,50.0
3069,-1005977.4286804053,0.9084748157670308,783,171513.0010545767,1.0154252364791774,866,-667053.8581732324,0.9253670548273463,703,1872542.4298861306,1.2517927901078603,717,371024.1440870699,-834464.4276258285,1205488.571712898,13,-936870.1319882901,-872211.0382858522,45.0,-5.0,800000000.0,3.0,3.0,4.0,5,0.0
4794,-2096677.4877213475,0.8041466219356368,1144,-802984.2414141814,0.9262949459136351,1284,-159216.23484403387,0.9822066280673889,1162,723881.8376103605,1.0859688420711773,1204,-2334996.1263692025,-2899661.729135529,564665.6027663266,12,-823552.3300873914,-3518247.6386012025,45.0,-5.0,800000000.0,3.0,5.0,2.0,2,50.0
4793,-2096677.4877213475,0.8041466219356368,1144,-849871.7414141814,0.9219911930561842,1283,-159216.23484403387,0.9822066280673889,1162,723881.8376103605,1.0859688420711773,1204,-2381883.6263692025,-2946549.229135529,564665.6027663266,12,-823552.3300873914,-3556268.471421202,45.0,-5.0,800000000.0,3.0,5.0,2.0,2,0.0
4042,-1424916.8884855574,0.8643740822050576,1003,-258934.97073794517,0.9757373490477826,1105,-735434.2594700644,0.9183876373986075,950,1073731.08858183,1.1274652692276652,984,-1345555.0301117366,-1683851.8592235027,338296.8291117656,13,-738992.3843837448,-2611638.3598817363,45.0,-5.0,800000000.0,3.0,5.0,2.0,3,50.0
4039,-1452666.8884855574,0.861732791860882,1003,-283742.4707379451,0.9733847125709142,1103,-717862.2596627844,0.9201668966986136,949,1073731.08858183,1.1274652692276652,984,-1380540.530304457,-1736409.3592235025,355868.8289190456,13,-738992.3843837448,-2646623.860074457,45.0,-5.0,800000000.0,3.0,5.0,2.0,3,0.0
3452,-1201545.9089489686,0.8869592641286393,885,46578.63416367775,1.0042693086530212,965,-974705.6598784025,0.8897423268408079,792,1985421.3153418493,1.2463102048697003,810,-144251.61932184407,-1154967.274785291,1010715.6554634469,11,-657361.6653943446,-1563734.9514598441,45.0,-5.0,800000000.0,3.0,5.0,2.0,5,50.0
3445,-1126192.5761829687,0.8941268174019413,886,1239.8013206777396,1.0001134664135656,963,-919329.6594544024,0.8957477121884405,790,1948915.9815168492,1.24249459980767,806,-95366.45279984444,-1124952.7748622908,1029586.3220624469,11,-651061.6653943446,-1574066.4521918446,45.0,-5.0,800000000.0,3.0,5.0,2.0,5,0.0
4561,-1717175.8174865707,0.8377976587915303,1091,-841365.3450623894,0.9228379796678444,1222,-1222643.7209266457,0.8709680443524711,1102,381551.6676020902,1.0443869639918906,1146,-3399633.2158735152,-2558541.16254896,-841092.0533245555,9,-702282.7587804453,-4562018.060925515,45.0,-5.0,800000000.0,3.0,5.0,3.0,2,50.0
4560,-1717175.8174865707,0.8377976587915303,1091,-888252.8450623895,0.9185379044988871,1221,-1222643.7209266457,0.8709680443524711,1102,381551.6676020902,1.0443869639918906,1146,-3446520.7158735152,-2605428.66254896,-841092.0533245555,9,-702282.7587804453,-4599538.893750515,45.0,-5.0,800000000.0,3.0,5.0,3.0,2,0.0
3728,-1315917.410105367,0.8781509808823472,922,-398657.8476009989,0.9632128435054816,1015,-799433.6258360608,0.9114434736216577,879,409471.42420235026,1.046526373046591,912,-2104537.4593400764,-1714575.2577063658,-389962.2016337106,9,-642794.9517505253,-3374620.7891100766,45.0,-5.0,800000000.0,3.0,5.0,3.0,3,50.0
3727,-1343667.410105367,0.8755814349104278,922,-405457.8476009987,0.9625033520739826,1014,-816263.6257640608,0.909797672612781,879,409471.42420235026,1.046526373046591,912,-2155917.4592680763,-1749125.2577063655,-406792.2015617105,9,-642794.9517505253,-3426000.789038076,45.0,-5.0,800000000.0,3.0,5.0,3.0,3,0.0
3029,-737414.3037293076,0.93100174251816,768,478271.2879007626,1.0436092251504434,849,-1863071.169397635,0.8036249215476956,710,1919027.9747452703,1.2470049840690587,702,-203186.2104809098,-259143.01582854503,55956.80534763541,11,-959306.9149593499,-1566752.8753119097,45.0,-5.0,800000000.0,3.0,5.0,3.0,5,50.0
3019,-678190.3038793076,0.9363723143746081,767,307520.62793189863,1.027999660839752,845,-1805315.1694676345,0.8096444945317978,709,1886554.9744964703,1.2442104344753628,698,-289429.87091857335,-370669.67594740895,81239.80502883578,11,-953006.9149593499,-1710946.5363495732,45.0,-5.0,800000000.0,3.0,5.0,3.0,5,0.0
4501,-1533587.4722046065,0.8508098345040442,1069,-996982.0590132688,0.910033715790034,1206,-1067344.4107178724,0.885049053539229,1090,409707.2156329006,1.0477263573505708,1136,-3188206.7263028473,-2530569.5312178754,-657637.1950849718,10,-710942.3803983901,-4334624.904179847,45.0,-5.0,800000000.0,3.0,5.0,4.0,2,50.0
4500,-1533587.4722046065,0.8508098345040442,1069,-1043869.5590132687,0.9058026525399393,1205,-1067344.4107178724,0.885049053539229,1090,409707.2156329006,1.0477263573505708,1136,-3235094.2263028473,-2577457.031217875,-657637.1950849718,10,-710942.3803983901,-4371312.404179847,45.0,-5.0,800000000.0,3.0,5.0,4.0,2,0.0
3602,-430690.94673444727,0.9565230886945589,882,-931201.0705544733,0.915932181693,987,-875512.2616986579,0.905371651602787,850,775074.7754714503,1.0921981322929704,883,-1462329.5035161283,-1361892.0172889205,-100437.48622720758,14,-848628.4656190198,-2771712.8338881284,45.0,-5.0,800000000.0,3.0,5.0,4.0,3,50.0
3600,-458440.9467344473,0.953721812517584,882,-933328.5705544733,0.9155337667519733,985,-891612.2616986579,0.9036315087448912,850,775074.7754714503,1.0921981322929704,883,-1508307.003516128,-1391769.5172889207,-116537.48622720758,14,-842328.4656190197,-2817690.3338881284,45.0,-5.0,800000000.0,3.0,5.0,4.0,3,0.0
2808,-724946.1529535924,0.9309372192609877,716,-203699.82940759414,0.981310110243096,789,-1197737.6954538322,0.8657181528109136,649,2438731.0338669103,1.338580737159882,654,312347.35605189146,-928645.9823611865,1240993.338413078,11,-1069339.4658446203,-1063009.3093791083,45.0,-5.0,800000000.0,3.0,5.0,4.0,5,50.0
2802,-682863.6531035923,0.9346492880109474,715,-269491.8200562793,0.975227237822593,786,-1187877.695453832,0.8671586835800886,649,2417889.0338669103,1.3374005633012314,652,277655.8652532062,-952355.4731598716,1230011.3384130783,11,-1063039.4658446203,-1155650.8001777935,45.0,-5.0,800000000.0,3.0,5.0,4.0,5,0.0
4782,-1973444.3820292475,0.8159605550423161,1143,-683666.0510091562,0.9369158209089966,1279,-309007.1346399338,0.9654683553218951,1159,683175.5039937602,1.0813649260352547,1201,-2282942.0636845776,-2657110.4330384037,374168.3693538264,11,-832358.9965827914,-3972575.3939005774,45.0,-5.0,800000000.0,3.0,0.0,2.0,2,50.0
4780,-1973444.3820292475,0.8159605550423161,1143,-793591.0510091563,0.9267726693273982,1278,-326807.1346399339,0.9634791997123119,1158,683175.5039937602,1.0813649260352547,1201,-2410667.0636845776,-2767035.4330384037,356368.36935382633,11,-832358.9965827914,-4053400.3939005774,45.0,-5.0,800000000.0,3.0,0.0,2.0,2,0.0
4002,-1588760.780349808,0.8499359889460173,997,-218318.70567213904,0.9793676993785855,1095,-913933.9259388292,0.8980040712512023,939,1141207.74646608,1.137084581899569,971,-1579805.6654946965,-1807079.486021947,227273.82052725076,13,-813129.050016145,-3509338.995726696,45.0,-5.0,800000000.0,3.0,0.0,2.0,3,50.0
3989,-1553047.1447698064,0.8521698800508406,996,-300706.3115321388,0.9714978179088717,1088,-809696.4263235494,0.9089667875798916,936,1255248.41255408,1.1516299013633944,969,-1408201.4700714145,-1853753.4563019453,445551.98623053054,13,-727929.050016145,-3489818.132903415,45.0,-5.0,800000000.0,3.0,0.0,2.0,3,0.0
3347,-1135014.9722602405,0.8924812135514866,866,304005.8625878537,1.028480310440683,939,-661465.9081073769,0.9228684470695979,767,1668472.4578195997,1.2106529499806555,775,175997.440039836,-831009.1096723868,1007006.5497122228,13,-551135.3750528513,-2056969.225440164,45.0,-5.0,800000000.0,3.0,0.0,2.0,5,50.0
3282,-733937.6798042556,0.9288115080452596,855,356578.36243385397,1.0342190474585813,918,-1010302.1481100973,0.8812922315784502,754,1155054.6603385997,1.1467825024249023,755,-232606.80514189927,-377359.31737040164,144752.51222850243,11,-611338.1652221195,-2809017.710011899,45.0,-5.0,800000000.0,3.0,0.0,2.0,5,0.0
4548,-1782605.7117738707,0.8325833535324112,1089,-740396.3208228145,0.9315445894322036,1216,-1304527.8207335453,0.8627190074984854,1100,325099.66799809015,1.038089821484947,1143,-3502430.18533214,-2523002.032596685,-979428.1527354552,9,-775574.6133465501,-5194663.51554814,45.0,-5.0,800000000.0,3.0,0.0,3.0,2,50.0
4546,-1782605.7117738707,0.8325833535324112,1089,-850321.3208228142,0.9213811664180234,1215,-1322327.8207335453,0.8608458380438448,1099,325099.66799809015,1.038089821484947,1143,-3630155.18533214,-2632927.032596685,-997228.1527354552,9,-775574.6133465501,-5275488.51554814,45.0,-5.0,800000000.0,3.0,0.0,3.0,2,0.0
3691,-1348102.8028205344,0.875271341053683,918,-469600.5816654628,0.9564950358047549,1006,-998978.193172561,0.8893856335070487,870,410541.9159660998,1.04744524072923,897,-2406139.661692458,-1817703.3844859973,-588436.2772064612,10,-696234.9517705252,-4285400.768130651,45.0,-5.0,800000000.0,3.0,0.0,3.0,3,50.0
3683,-1401722.5003145323,0.8703103596303516,918,-601043.9147454628,0.9441952726143681,1002,-793130.0428274109,0.9114779721093322,868,513434.0820541,1.0594972879807194,895,-2282462.375833306,-2002766.4150599951,-279695.96077331086,12,-683993.6262439634,-4325779.038665306,45.0,-5.0,800000000.0,3.0,0.0,3.0,3,0.0
2930,-957832.1167554294,0.908932357131101,747,256923.8141056234,1.0238934415426422,824,-1775717.2844011346,0.8107160853898435,687,1658384.1098690105,1.2224438961101813,672,-818241.4771819299,-700908.302649806,-117333.17453212407,12,-876097.9152188499,-3000508.14266193,45.0,-5.0,800000000.0,3.0,0.0,3.0,5,50.0
2879,-707194.8639052655,0.9317249211636985,741,13635.987498759641,1.001282289346095,809,-1877250.7014117653,0.7965879747355173,674,1736698.1085612099,1.2393404088153812,655,-834111.4692570609,-693558.8764065058,-140552.59285055543,12,-877457.9150108501,-3428722.3751070607,45.0,-5.0,800000000.0,3.0,0.0,3.0,5,0.0
4490,-1495225.4775142097,0.8548791698407617,1068,-841095.3681276938,0.9233618863443289,1201,-1278134.7105247723,0.863818403790054,1088,371953.21602890047,1.043786368463833,1133,-3242502.3401377755,-2336320.8456419036,-906181.4944958718,8,-785109.0468731901,-4907335.670353776,45.0,-5.0,800000000.0,3.0,0.0,4.0,2,50.0
4488,-1495225.4775142097,0.8548791698407617,1068,-951020.3681276939,0.9133458465908908,1200,-1295934.7105247723,0.8619218647221636,1087,371953.21602890047,1.043786368463833,1133,-3370227.3401377755,-2446245.8456419036,-923981.4944958718,8,-785109.0468731901,-4988160.670353776,45.0,-5.0,800000000.0,3.0,0.0,4.0,2,0.0
3565,-472817.00592261524,0.9520629484452173,875,-969446.8046236273,0.9122629836810336,978,-1099095.095729158,0.8809727999231876,841,750818.4418263,1.0906037833515019,871,-1790540.4644491007,-1442263.8105462426,-348276.65390285803,14,-837978.7991291198,-3626157.129201101,45.0,-5.0,800000000.0,3.0,0.0,4.0,3,50.0
3556,-526436.7034166132,0.9466266587793962,875,-1144080.137703627,0.8965663178581884,973,-969720.0959211579,0.894434627139959,839,878803.1087043001,1.1069075547387508,869,-1761433.828337098,-1670516.8411202403,-90916.98721685773,12,-828378.7991291198,-3758033.824869098,45.0,-5.0,800000000.0,3.0,0.0,4.0,3,0.0
2728,-997870.4207171327,0.904197019413508,699,55060.52940705209,1.005191684634927,769,-1180223.0126530323,0.8663101703821129,630,2030838.3434414805,1.2889864264903859,630,-92194.56052163255,-942809.8913100807,850615.3307884482,13,-910999.7987841202,-2313666.2260016324,45.0,-5.0,800000000.0,3.0,0.0,4.0,5,50.0
2682,-682933.9780969791,0.9330276967079291,694,98245.89837490779,1.0093742794012353,756,-1083793.5457974325,0.8739599466542471,620,1883060.34248068,1.2759950935614777,612,214578.71696117584,-584688.0797220713,799266.7966832474,13,-960453.1322781203,-2412332.188888824,45.0,-5.0,800000000.0,3.0,0.0,4.0,5,0.0
7894,-4776961.227880843,0.7820236757054247,2162,-1316717.271494829,0.9385902139931201,2331,-1006831.4499843444,0.9300256243146856,1701,1117804.060742213,1.084046889241026,1700,-5982705.888617804,-6093678.499375672,110972.6107578685,10,-1572645.543905641,-7263469.774572261,45.0,-5.0,800000000.0,4.5,3.0,2.0,2,50.0
7894,-4776961.227880843,0.7820236757054247,2162,-1316717.271494829,0.9385902139931201,2331,-1006831.4499843444,0.9300256243146856,1701,1117804.060742213,1.084046889241026,1700,-5982705.888617804,-6093678.499375672,110972.6107578685,10,-1572645.543905641,-7263469.774572261,45.0,-5.0,800000000.0,4.5,3.0,2.0,2,0.0
6858,-3865592.167004683,0.8232576873881557,1951,-505922.74512307916,0.9756038962379194,2044,-1751571.676265738,0.8778350725726195,1439,576076.8184433943,1.0447561103088574,1424,-5547009.769950107,-4371514.912127762,-1175494.8578223437,7,-1348359.37646697,-6801955.601860107,45.0,-5.0,800000000.0,4.5,3.0,2.0,3,50.0
6858,-3865592.167004683,0.8232576873881557,1951,-505922.74512307916,0.9756038962379194,2044,-1751571.676265738,0.8778350725726195,1439,576076.8184433943,1.0447561103088574,1424,-5547009.769950107,-4371514.912127762,-1175494.8578223437,7,-1348359.37646697,-6801955.601860107,45.0,-5.0,800000000.0,4.5,3.0,2.0,3,0.0
6101,-3320280.30310682,0.8451384741747985,1788,-425414.27053633804,0.9794028436507987,1849,-1073416.4109763277,0.919656193711608,1228,966682.9174813442,1.0786176438364918,1236,-3852428.0671381415,-3745694.573643158,-106733.49349498353,12,-1161979.8749631702,-5249409.082991064,45.0,-5.0,800000000.0,4.5,3.0,2.0,5,50.0
6101,-3320280.30310682,0.8451384741747985,1788,-425414.27053633804,0.9794028436507987,1849,-1073416.4109763277,0.919656193711608,1228,966682.9174813442,1.0786176438364918,1236,-3852428.0671381415,-3745694.573643158,-106733.49349498353,12,-1161979.8749631702,-5249409.082991064,45.0,-5.0,800000000.0,4.5,3.0,2.0,5,0.0
7351,-4693103.301988248,0.7918554060432732,2017,-1448555.0082594375,0.9324864373828035,2171,-1438022.6865164728,0.9022430246303847,1588,1283588.361367933,1.0981334947253742,1575,-6296092.635396226,-6141658.310247686,-154434.32514853985,7,-1226186.7299865088,-7537576.521850683,45.0,-5.0,800000000.0,4.5,3.0,3.0,2,50.0
7351,-4693103.301988248,0.7918554060432732,2017,-1448555.0082594375,0.9324864373828035,2171,-1438022.6865164728,0.9022430246303847,1588,1283588.361367933,1.0981334947253742,1575,-6296092.635396226,-6141658.310247686,-154434.32514853985,7,-1226186.7299865088,-7537576.521850683,45.0,-5.0,800000000.0,4.5,3.0,3.0,2,0.0
6089,-4412202.065075695,0.8046150402950274,1724,-893210.8581947635,0.9571916242098252,1825,-1646569.2334547215,0.8856766641174886,1284,1164281.3062848723,1.0947882409281888,1256,-5787700.850440308,-5305412.923270458,-482287.92716984916,9,-1308975.1835778896,-7097563.350440308,45.0,-5.0,800000000.0,4.5,3.0,3.0,3,50.0
6089,-4412202.065075695,0.8046150402950274,1724,-893210.8581947635,0.9571916242098252,1825,-1646569.2334547215,0.8856766641174886,1284,1164281.3062848723,1.0947882409281888,1256,-5787700.850440308,-5305412.923270458,-482287.92716984916,9,-1308975.1835778896,-7097563.350440308,45.0,-5.0,800000000.0,4.5,3.0,3.0,3,0.0
5112,-3587683.7254526685,0.8378162810966651,1510,-1248934.416469882,0.9402112631817533,1554,-1873543.0100539243,0.8633147113429965,1033,213349.5283424782,1.0177595841510771,1015,-6496811.6236339975,-4836618.14192255,-1660193.481711446,6,-1078757.343965264,-7889017.640396919,45.0,-5.0,800000000.0,4.5,3.0,3.0,5,50.0
5112,-3587683.7254526685,0.8378162810966651,1510,-1248934.416469882,0.9402112631817533,1554,-1873543.0100539243,0.8633147113429965,1033,213349.5283424782,1.0177595841510771,1015,-6496811.6236339975,-4836618.14192255,-1660193.481711446,6,-1078757.343965264,-7889017.640396919,45.0,-5.0,800000000.0,4.5,3.0,3.0,5,0.0
7136,-5170026.539843939,0.7737689915268159,1936,-1154141.9250308392,0.9455595918135716,2108,-1518669.4327313825,0.8955929050474672,1544,981846.9957737534,1.0739604200428314,1548,-6860990.901832408,-6324168.464874778,-536822.4369576292,9,-1277843.8807008897,-8122104.787786865,45.0,-5.0,800000000.0,4.5,3.0,4.0,2,50.0
7136,-5170026.539843939,0.7737689915268159,1936,-1154141.9250308392,0.9455595918135716,2108,-1518669.4327313825,0.8955929050474672,1544,981846.9957737534,1.0739604200428314,1548,-6860990.901832408,-6324168.464874778,-536822.4369576292,9,-1277843.8807008897,-8122104.787786865,45.0,-5.0,800000000.0,4.5,3.0,4.0,2,0.0
5712,-4732636.070830597,0.7867325838566048,1595,-1453697.8148468381,0.9303946493786693,1718,-1618599.2650341294,0.8869786502615028,1215,1157062.2487497232,1.0981017308132368,1184,-6647870.901961841,-6186333.8856774345,-461537.0162844062,9,-1511341.3301651399,-7947445.901051841,45.0,-5.0,800000000.0,4.5,3.0,4.0,3,50.0
5712,-4732636.070830597,0.7867325838566048,1595,-1453697.8148468381,0.9303946493786693,1718,-1618599.2650341294,0.8869786502615028,1215,1157062.2487497232,1.0981017308132368,1184,-6647870.901961841,-6186333.8856774345,-461537.0162844062,9,-1511341.3301651399,-7947445.901051841,45.0,-5.0,800000000.0,4.5,3.0,4.0,3,0.0
4611,-3281859.3990681665,0.8469643541392342,1344,-1148338.350598449,0.9432018284855748,1406,-1486428.4167615427,0.8888502982460765,946,834219.3355150544,1.0747636232185127,915,-5082406.830913104,-4430197.749666615,-652209.0812464883,10,-1134197.0816323,-6520467.847676026,45.0,-5.0,800000000.0,4.5,3.0,4.0,5,50.0
4610,-3259002.399068167,0.8477524644234873,1343,-1148338.350598449,0.9432018284855748,1406,-1486428.4167615427,0.8888502982460765,946,834219.3355150544,1.0747636232185127,915,-5059549.830913104,-4407340.749666616,-652209.0812464883,10,-1134197.0816323,-6497610.847676026,45.0,-5.0,800000000.0,4.5,3.0,4.0,5,0.0
7588,-3888481.361458954,0.8175576282087952,2078,-878300.3831033609,0.9577762167873867,2233,-1178318.2866073693,0.9177979256005726,1644,768752.48368071,1.0584711919819436,1633,-5176347.547488974,-4766781.744562315,-409565.80292665935,10,-1316668.4301555913,-6664247.544825224,45.0,-5.0,800000000.0,4.5,5.0,2.0,2,50.0
7585,-3951481.361458954,0.8146800067389445,2077,-879437.8831033609,0.9577215321324232,2233,-1334511.2864133697,0.9070622725116481,1643,800730.4836807101,1.0609893820681673,1632,-5364700.047294975,-4830919.244562315,-533780.8027326596,10,-1316668.4301555913,-6852250.044631225,45.0,-5.0,800000000.0,4.5,5.0,2.0,2,0.0
6311,-3436843.2478433065,0.8371626688544277,1809,-1337260.858273096,0.9338393817534832,1882,-1366909.3564151223,0.8995610510518314,1319,1433046.5147184217,1.1184723720567729,1301,-4707966.947813103,-4774104.106116403,66137.15830329945,11,-1323512.4962063748,-6184941.946903103,45.0,-5.0,800000000.0,4.5,5.0,2.0,3,50.0
6302,-3545153.247455707,0.8319259141947255,1807,-1415803.358273096,0.9299853120013963,1880,-1400309.3564151223,0.896810086586859,1315,1473334.5147184217,1.121989905899456,1300,-4887931.447425503,-4960956.605728803,73025.15830329945,11,-1323512.4962063748,-6364906.446515503,45.0,-5.0,800000000.0,4.5,5.0,2.0,3,0.0
5288,-2723424.4026356554,0.8653543187090214,1560,-901916.1592553175,0.9540528818881974,1594,-924232.1534534221,0.9268020792573913,1070,1079701.7453863714,1.091892531975803,1064,-3469870.9699580246,-3625340.561890973,155469.59193294926,11,-1240403.998118915,-5106270.969048025,45.0,-5.0,800000000.0,4.5,5.0,2.0,5,50.0
5273,-2662364.0691345558,0.8675382119460984,1553,-892993.6588823176,0.954622720712525,1594,-866796.1530634223,0.9312325513144121,1067,1079713.6773498715,1.0921197351456866,1059,-3342440.203730424,-3555357.7280168734,212917.5242864492,10,-1240403.998118915,-4982040.202820424,45.0,-5.0,800000000.0,4.5,5.0,2.0,5,0.0
7089,-4299147.588644913,0.8069497742541881,1946,-1394546.290404228,0.9337993822123762,2091,-1398469.325448023,0.9044513787206883,1530,1151247.4537695504,1.0892468074445734,1522,-5940915.750727614,-5693693.879049141,-247221.8716784725,9,-1202170.4109601066,-7440465.748973864,45.0,-5.0,800000000.0,4.5,5.0,3.0,2,50.0
7086,-4299147.588644913,0.8069497742541881,1946,-1394433.7904042278,0.9338047227088174,2090,-1510514.3251680234,0.8968132502097367,1528,1151247.4537695504,1.0892468074445734,1522,-6052848.250447613,-5693581.379049141,-359266.8713984729,9,-1202170.4109601066,-7552398.248693863,45.0,-5.0,800000000.0,4.5,5.0,3.0,2,0.0
5611,-3412412.5718097505,0.842661449146946,1599,-1463093.2256049132,0.9270702394422283,1677,-1462350.4860501157,0.8949915558852451,1184,2068618.5826003298,1.1776199696096834,1151,-4269237.700864451,-4875505.797414664,606268.0965502141,9,-1690754.645146265,-5694771.032979451,45.0,-5.0,800000000.0,4.5,5.0,3.0,3,50.0
5604,-3563945.9045877503,0.8357017384710449,1597,-1576007.7256049132,0.9215609353485059,1675,-1532577.4863501159,0.8897868275442441,1182,2082185.5826003295,1.1786676349455505,1150,-4590345.53394245,-5139953.6301926635,549608.0962502137,9,-1690754.645146265,-6003878.86605745,45.0,-5.0,800000000.0,4.5,5.0,3.0,3,0.0
4449,-2056652.825070362,0.9008401464425445,1322,-2354186.952363282,0.8848007819849875,1344,-1294298.5488097249,0.8982997474026219,903,1383078.2334832374,1.1227707851378539,880,-4322060.092760131,-4410839.777433644,88779.68467351259,10,-1299460.0624048898,-5939135.092760131,45.0,-5.0,800000000.0,4.5,5.0,3.0,5,50.0
4431,-2107266.3252043617,0.8979915735213264,1317,-2610978.5892704637,0.8717925723838952,1335,-1282693.714863075,0.8990997634196176,901,1593080.4026432377,1.142877231943553,878,-4407858.226694662,-4718244.914474825,310386.6877801628,10,-1299460.0624048898,-6028133.226694662,45.0,-5.0,800000000.0,4.5,5.0,3.0,5,0.0
6904,-4942064.343591362,0.7828592246125985,1875,-1479144.4922247613,0.9298224496803996,2037,-806723.0003895378,0.9428788867101426,1494,989684.1733606405,1.075287556238375,1498,-6238247.66284502,-6421208.8358161235,182961.17297110276,9,-1327253.42728888,-7733447.66109127,45.0,-5.0,800000000.0,4.5,5.0,4.0,2,50.0
6900,-4942064.343591362,0.7828592246125985,1875,-1526031.9922247615,0.9275978868280842,2036,-890798.0003895378,0.9367172604376954,1491,978834.1733606405,1.074462171729686,1498,-6380060.162845021,-6468096.3358161235,88036.17297110276,9,-1327253.42728888,-7874660.161091271,45.0,-5.0,800000000.0,4.5,5.0,4.0,2,0.0
5303,-4358895.694031913,0.7965945930736904,1489,-1448702.6850993133,0.9278846441383759,1595,-2350451.8804532033,0.8351629860516387,1120,2134321.3463908006,1.1898104934386176,1099,-6023728.91319363,-5807598.379131226,-216130.5340624028,10,-1856740.9107464147,-7498253.91143788,45.0,-5.0,800000000.0,4.5,5.0,4.0,3,50.0
5298,-4264374.877232663,0.800341809305257,1487,-1588125.8517403135,0.9211992748698951,1594,-2339299.5474412036,0.8352691695548059,1118,2167231.3463908006,1.1927372614014775,1099,-6024568.93002338,-5852500.728972977,-172068.20105040306,10,-1856740.9107464147,-7489193.92826763,45.0,-5.0,800000000.0,4.5,5.0,4.0,3,0.0
4012,-2826928.441202214,0.8613451206853884,1174,-2204380.488680295,0.8895217641370956,1224,-1255289.261995632,0.8970325090188531,821,559082.1286237438,1.051493592064326,793,-5727516.063254397,-5031308.92988251,-696207.1333718882,10,-1250716.2415834998,-7356571.062100647,45.0,-5.0,800000000.0,4.5,5.0,4.0,5,50.0
3992,-2586972.0603486123,0.8721599370991536,1167,-2466086.239028553,0.876583893602394,1218,-1254828.4304163824,0.8977096702162833,819,584360.2992852939,1.054444957268896,788,-5723526.430508254,-5053058.299377166,-670468.1311310885,10,-1250716.2415834998,-7363381.429354504,45.0,-5.0,800000000.0,4.5,5.0,4.0,5,0.0
7528,-4507193.984452086,0.7871453771688856,2055,-924052.3527721844,0.9553012669405688,2217,-1400726.4542476945,0.9023431284441191,1634,576327.6510151098,1.043982328198731,1622,-6255645.140456855,-5431246.33722427,-824398.8032325846,9,-1497378.4300956912,-8479778.471861854,45.0,-5.0,800000000.0,4.5,0.0,2.0,2,50.0
7520,-4782172.651052086,0.7750514956132035,2053,-1017444.0192011843,0.9507836774823941,2216,-1520408.4540536944,0.8938494242151003,1631,560045.6510151098,1.042837904485339,1620,-6759979.473291855,-5799616.67025327,-960362.8030385845,9,-1497378.4300956912,-8965912.804696854,45.0,-5.0,800000000.0,4.5,0.0,2.0,2,0.0
6153,-4186098.963503314,0.7970301737784229,1753,-1289194.7089850772,0.935344649278492,1839,-1685957.2568424873,0.8751394190304539,1297,960652.2186381016,1.080725221951554,1264,-6200598.710692777,-5475293.672488391,-725305.0382043857,8,-1384467.2625001,-8501428.709712777,45.0,-5.0,800000000.0,4.5,0.0,2.0,3,50.0
6110,-4384418.252560052,0.7863832862341265,1741,-1139517.1523329471,0.9426657830091334,1831,-1504705.3521374874,0.8871144041721554,1287,855766.3908881014,1.0723834037554543,1251,-6172874.366142386,-5523935.404893,-648938.961249386,8,-1420382.2625001,-8638574.366142385,45.0,-5.0,800000000.0,4.5,0.0,2.0,3,0.0
4937,-2987461.518618625,0.8453580688155604,1442,-1789543.5639920877,0.9054462656032475,1506,-1117940.3799114553,0.9092858024312859,1007,1340073.8783028633,1.1222016662493437,982,-4554871.584219306,-4777005.082610713,222133.498391408,8,-1179819.4299291398,-7419225.999059746,45.0,-5.0,800000000.0,4.5,0.0,2.0,5,50.0
4770,-3086968.5001028483,0.8354311962574846,1397,-433696.90249645355,0.9763043829000445,1462,-888921.5795829154,0.9242176486967529,970,827764.3805694634,1.0773996406509843,941,-3581822.601612754,-3520665.4025993017,-61157.199013452046,9,-1352294.4299291398,-7049600.930279754,45.0,-5.0,800000000.0,4.5,0.0,2.0,5,0.0
7039,-4988301.88931367,0.775455413297992,1926,-1612024.2011678237,0.9230478368828351,2078,-1510601.4860351728,0.8963541912904333,1520,603663.95425065,1.0467226717827949,1515,-7507263.622266016,-6600326.090481494,-906937.5317845228,8,-1392840.4109272566,-9645813.619421016,45.0,-5.0,800000000.0,4.5,0.0,3.0,2,50.0
7032,-5011576.88931367,0.7741034127995736,1924,-1634115.8675968235,0.9219932612025552,2076,-1608872.4860351728,0.8895844801408862,1518,535401.9542506502,1.04146734151197,1514,-7719163.288695018,-6645692.756910494,-1073470.5317845226,8,-1392840.4109272566,-9866846.620100018,45.0,-5.0,800000000.0,4.5,0.0,3.0,2,0.0
5468,-4204598.322072133,0.8028003840947514,1549,-1673028.9276191066,0.915864839218706,1645,-1669636.537112141,0.8789844282768841,1158,1525596.7508276992,1.133407332154907,1116,-6021667.03597568,-5877627.2496912405,-144039.78628444183,9,-1667418.06165749,-8243667.03499568,45.0,-5.0,800000000.0,4.5,0.0,3.0,3,50.0
5437,-4456094.910792332,0.7902595233744256,1543,-1392113.760532107,0.9297813254929238,1637,-1608320.9543331906,0.8828054164123375,1150,1559145.888178599,1.1366302525987817,1107,-5897383.737479031,-5848208.671324439,-49175.066154591506,9,-1650618.06165749,-8382400.401289031,45.0,-5.0,800000000.0,4.5,0.0,3.0,3,0.0
4143,-3051937.642324144,0.8443989904687492,1214,-1824200.9546598054,0.904323033197581,1267,-766388.1816533048,0.9350897701896639,848,277895.6501642376,1.0255795535839505,814,-5364631.128473016,-4876138.59698395,-488492.53148906725,7,-1120610.64401097,-7947985.541963456,45.0,-5.0,800000000.0,4.5,0.0,3.0,5,50.0
4023,-2625715.0679883305,0.8618346250600132,1181,-1345964.3823812322,0.9272779586622186,1228,-815804.7963738051,0.9295793118395201,824,5359.518518965226,1.0005133493143266,790,-4782124.728224402,-3971679.450369563,-810445.2778548399,9,-1135377.3934289697,-8046561.384923402,45.0,-5.0,800000000.0,4.5,0.0,3.0,5,0.0
6860,-5399734.681893792,0.7615798654538716,1858,-1579714.6626762976,0.9247531985108098,2027,-928540.3315250129,0.9337931398918414,1485,273605.00752839027,1.0206561529001246,1490,-7634384.668566711,-6979449.344570089,-654935.3239966226,8,-1353152.23650148,-9878122.99997171,45.0,-5.0,800000000.0,4.5,0.0,4.0,2,50.0
6853,-5510649.348493792,0.7570913292125765,1857,-1707606.3291052973,0.9186613142843247,2025,-1185976.3311370127,0.9157227669201389,1483,216875.00749339024,1.0163871686192207,1488,-8187357.001242712,-7218255.677599089,-969101.3236436225,7,-1353152.23650148,-10412040.332647711,45.0,-5.0,800000000.0,4.5,0.0,4.0,2,0.0
5180,-5215633.005196193,0.7540647066845431,1450,-1676796.8363663494,0.9169958365018434,1568,-2266241.4654752784,0.839497653784958,1099,1914879.5132927499,1.1748712024567232,1063,-7243791.793745071,-6892429.841562543,-351361.95218252856,10,-1654368.49436544,-9532191.791725071,45.0,-5.0,800000000.0,4.5,0.0,4.0,3,50.0
5149,-5288426.520789593,0.748868732881112,1443,-1592671.7748630997,0.9206357371994828,1559,-1802554.2555328389,0.8703720703741443,1091,1954201.4180539502,1.1791114825868352,1056,-6729451.133131582,-6881098.295652693,151647.1625211113,11,-1556627.4954203998,-9238117.796941582,45.0,-5.0,800000000.0,4.5,0.0,4.0,3,0.0
3770,-3229391.634448167,0.835880015296315,1097,-1734133.787263401,0.9092571284460336,1162,-1102456.0096470725,0.9032861935034727,772,334120.84567080776,1.0328194908457966,739,-5731860.585687833,-4963525.421711568,-768335.1639762648,10,-1238289.3228076,-8228014.999178273,45.0,-5.0,800000000.0,4.5,0.0,4.0,5,50.0
3653,-2752316.8273518444,0.8538079676170728,1061,-2217607.0549569703,0.8813087702224189,1121,-1163757.6109550728,0.8997403445736232,758,398050.5128226076,1.0411553436079977,713,-5735630.980441281,-4969923.882308815,-765707.0981324653,11,-987620.2899279802,-9148684.30445528,45.0,-5.0,800000000.0,4.5,0.0,4.0,5,0.0
6272,-1809092.2891047464,0.8550007249829149,1550,601035.0859771438,1.047924354688143,1768,-644524.8035190441,0.9370544642462547,1484,1622554.3021455808,1.1795565363680665,1470,-230027.70450106554,-1208057.2031276026,978029.4986265367,14,-919250.552053962,-1462157.7033010656,50.0,-1.5,2000000000.0,3.0,3.0,2.0,2,50.0
6227,-1984905.9357411861,0.8419045825671003,1544,687749.9192079034,1.055081597281243,1758,-696254.5367113238,0.9315064065502024,1472,1752134.6019480806,1.1964669490543673,1453,-241275.95129652577,-1297156.0165332826,1055880.0652367568,14,-967450.552053962,-1492975.9500965255,50.0,-1.5,2000000000.0,3.0,3.0,2.0,2,0.0
5273,-1504888.3259273705,0.8798185432209205,1353,461402.20983671607,1.0364813599992933,1518,-349055.06487582024,0.9649071826204121,1206,2249985.338573791,1.2623148317630173,1196,857444.1576073158,-1043486.1160906544,1900930.273697971,12,-479714.8319550493,-549139.173640684,50.0,-1.5,2000000000.0,3.0,3.0,2.0,3,50.0
5191,-1593688.5975626602,0.873175291430737,1340,453186.2321179495,1.0360265781515183,1493,-301500.0246845904,0.9691019824102997,1181,2157582.038018031,1.2526786814399122,1177,715579.64788873,-1140502.3654447107,1856082.0133334408,12,-567189.9415581101,-706653.6833592698,50.0,-1.5,2000000000.0,3.0,3.0,2.0,3,0.0
4481,-1786148.1248112607,0.8602338396571814,1193,656953.9478924081,1.0515050718751686,1318,-274765.99058397324,0.9715789081492768,998,2700392.63796237,1.3448703426484592,972,1296432.4704595443,-1129194.1769188526,2425626.647378397,16,-739209.4991026601,-140350.86078845547,50.0,-1.5,2000000000.0,3.0,3.0,2.0,5,50.0
4374,-1740124.6413015306,0.8633874522062531,1167,785292.5189361857,1.0617458884734183,1288,-325669.89090737334,0.9658373042578573,963,2369886.3041383703,1.2982105622328293,956,1089384.290865652,-954832.1223653449,2044216.413230997,14,-710919.4991026601,-297582.37294234755,50.0,-1.5,2000000000.0,3.0,3.0,2.0,5,0.0
6023,-1924088.5329197925,0.8472271487730094,1477,579229.021852934,1.046109191772155,1708,-845466.6103649512,0.9186444474401058,1427,1830202.018488521,1.2034720412777704,1411,-360124.1029432884,-1344859.5110668584,984735.4081235698,13,-918332.4818513246,-1592254.1017432883,50.0,-1.5,2000000000.0,3.0,3.0,3.0,2,50.0
5984,-2003686.8818882569,0.8412790231649783,1472,523170.7022902933,1.0415069298152742,1699,-813206.7187159812,0.9213519484911102,1416,1835590.3186930206,1.2040427621440577,1397,-458132.5796209248,-1480516.1795979636,1022383.5999770394,13,-971052.4818513246,-1709832.5784209245,50.0,-1.5,2000000000.0,3.0,3.0,3.0,2,0.0
4880,-1639966.725127235,0.8713521020495304,1240,-561446.714650672,0.9576597046981606,1417,-633124.1647042423,0.93544677885388,1120,2456536.7878693105,1.2984934775092807,1103,-378000.816612839,-2201413.439777907,1823412.6231650682,9,-661085.7570858825,-1774367.4806808387,50.0,-1.5,2000000000.0,3.0,3.0,3.0,3,50.0
4811,-1610733.7990422994,0.8732253489927045,1230,-542725.6638388812,0.9588610316388387,1397,-346623.77075977565,0.9637139415169104,1100,2091634.3545877598,1.2530407002832313,1084,-408448.8790531957,-2153459.4628811805,1745010.583827984,9,-576395.2566908825,-1820765.5431211954,50.0,-1.5,2000000000.0,3.0,3.0,3.0,3,0.0
3906,-2325862.5725096553,0.8240789841706688,1038,-127162.96368255059,0.990213312517165,1156,-327098.0404428416,0.9657514973502357,869,2340034.6438119505,1.3140959421183946,843,-440088.93282309687,-2453025.5361922057,2012936.6033691089,12,-950862.9145211498,-1762938.9316230966,50.0,-1.5,2000000000.0,3.0,3.0,3.0,5,50.0
3800,-2235850.7546361196,0.8303922422153119,1019,-371986.27428765316,0.9715441981935289,1127,-434395.0584021225,0.9540666842606362,839,2521944.5772676603,1.3490730226342795,815,-520287.51005823584,-2607837.0289237727,2087549.5188655378,11,-922572.9145211498,-1889470.8414182356,50.0,-1.5,2000000000.0,3.0,3.0,3.0,5,0.0
5961,-2011733.812556995,0.8390000455437117,1463,511494.6575539942,1.040450939847154,1692,-804044.6956966812,0.9207761090068654,1406,1665123.6362336206,1.1836851347758734,1400,-639160.2144660618,-1500239.155003001,861078.9405369394,14,-883927.0478469495,-1848440.213806062,50.0,-1.5,2000000000.0,3.0,3.0,4.0,2,50.0
5925,-2079484.5008988453,0.833876661762324,1459,551307.8798358536,1.0435205950376325,1684,-786991.9286751312,0.9220182509230991,1396,1737772.4364381207,1.192182751155039,1386,-577396.1133000029,-1528176.6210629917,950780.5077629895,14,-932127.0478469495,-1810401.112640003,50.0,-1.5,2000000000.0,3.0,3.0,4.0,2,0.0
4720,-1544283.5312873982,0.8747371181811052,1194,-801553.0396001213,0.9399826784453793,1380,-696183.3121293226,0.9287954395625189,1078,2437586.7379824803,1.310454635930724,1068,-604433.1450343621,-2345836.5708875195,1741403.4258531579,11,-642674.5149282324,-1927399.809642362,50.0,-1.5,2000000000.0,3.0,3.0,4.0,3,50.0
4656,-1617921.0327156084,0.8687880384353324,1187,-895284.5160503478,0.9332226009109682,1363,-688232.431351073,0.928840725873646,1058,2083342.7059712308,1.2611029280358963,1048,-1118095.2741457985,-2513205.5487659564,1395110.2746201577,8,-644846.5145332324,-2460211.9387537986,50.0,-1.5,2000000000.0,3.0,3.0,4.0,3,0.0
3644,-2266997.811305847,0.8247078713208789,960,-189740.84703035955,0.9852765110164979,1091,-948769.2236042127,0.8991601469497777,798,1835051.9671462802,1.2463388089795482,795,-1570455.914794139,-2456738.6583362063,886282.7435420675,10,-724391.7317940802,-2924289.246582139,50.0,-1.5,2000000000.0,3.0,3.0,4.0,5,50.0
3542,-2304340.7116066366,0.8191659484314829,936,-483967.3845439962,0.9629617506807866,1066,-873482.3597803432,0.9051673753992446,770,1747038.8013699302,1.2350566263775045,770,-1914751.6545610456,-2788308.096150633,873556.4415895869,10,-716685.7321820802,-3328884.9849990453,50.0,-1.5,2000000000.0,3.0,3.0,4.0,5,0.0
6208,-1979123.9043715596,0.8402202623017042,1530,404340.74503852264,1.0320069464172508,1746,-592902.6835626635,0.9418174688731143,1473,1864432.3346512502,1.208117671398606,1459,-303253.50824445055,-1574783.159333037,1271529.6510885865,13,-777969.7626628445,-1576386.8391594505,50.0,-1.5,2000000000.0,3.0,5.0,2.0,2,50.0
6153,-2053869.5656285398,0.8350679504465081,1521,468591.08480092295,1.037156407034424,1736,-697582.0168088435,0.9309020020794739,1460,1854688.3343973153,1.2092767991611817,1436,-428172.1632391447,-1585278.4808276168,1157106.3175884718,13,-856033.0962428445,-1727238.8264041445,50.0,-1.5,2000000000.0,3.0,5.0,2.0,2,0.0
5120,-1795827.5842997343,0.8552142550243327,1310,418839.845981896,1.033453848419666,1470,-318181.0817342068,0.9672960606091696,1172,2228731.13752048,1.2587137189571354,1168,533562.3174684348,-1376987.7383178384,1910550.0557862732,11,-530472.699693499,-916504.3457095651,50.0,-1.5,2000000000.0,3.0,5.0,2.0,3,50.0
4983,-1831003.6648863875,0.8516233254702936,1288,147107.15684663918,1.0117109417030103,1434,-461409.60337159946,0.9516282646538092,1133,2263961.8379569706,1.270571487053167,1128,118655.72654562234,-1683896.5080397483,1802552.234585371,12,-552542.0002261001,-1338477.6038623776,50.0,-1.5,2000000000.0,3.0,5.0,2.0,3,0.0
4214,-2027109.2757653734,0.8355826718044388,1111,-134433.68835061218,0.9895387734796415,1246,-580526.9658203356,0.9390598572471848,938,2506680.9740290595,1.3203113088501226,919,-235388.95590726146,-2161542.9641159857,1926154.008208724,13,-792638.1650081602,-1659205.619713261,50.0,-1.5,2000000000.0,3.0,5.0,2.0,5,50.0
3953,-2026438.642614397,0.8319538908514659,1065,-176400.07809135265,0.9858697630108662,1168,-532007.835004586,0.9405750265379641,871,2475128.3387132594,1.3394974672311912,849,-259718.2169970749,-2202838.7207057495,1943120.5037086734,12,-764096.4984159602,-1696076.5469140746,50.0,-1.5,2000000000.0,3.0,5.0,2.0,5,0.0
5969,-2216948.4427582854,0.8237853416417615,1461,37666.866520822514,1.0029647590621174,1687,-779385.2603769705,0.9250017593424767,1417,2013242.7181750003,1.224883807671802,1404,-945424.1184394332,-2179281.576237463,1233857.4577980298,11,-806136.231161607,-2233257.449354433,50.0,-1.5,2000000000.0,3.0,5.0,3.0,2,50.0
5918,-2357570.1392897908,0.8133193313979173,1455,-8015.043726777425,0.9993710447950356,1677,-715379.6351220008,0.9306295729840627,1405,2009819.551231625,1.2249288136018788,1381,-1071145.266906943,-2365585.1830165684,1294439.9161096243,11,-924076.231161607,-2381378.597271943,50.0,-1.5,2000000000.0,3.0,5.0,3.0,2,0.0
4752,-1725375.3418809362,0.8629096217376682,1205,-289513.69642619207,0.977503671788016,1375,-752463.7985782517,0.9226610680177001,1093,2243552.6206234805,1.2670030460861623,1079,-523800.21626189956,-2014889.0383071282,1491088.822045229,10,-737948.7570733795,-1937716.8788998995,50.0,-1.5,2000000000.0,3.0,5.0,3.0,3,50.0
4640,-1712247.0623554974,0.8622008585773205,1187,-245768.5628458988,0.9808393149234924,1344,-931160.9632262352,0.9037546790730229,1063,2335354.7506578797,1.2869176819807464,1046,-553821.8377697526,-1958015.6252013962,1404193.7874316445,9,-700787.0432081195,-2008255.1681777525,50.0,-1.5,2000000000.0,3.0,5.0,3.0,3,0.0
3689,-1949384.3517399146,0.8451757271975834,974,-619406.7475259993,0.9515680548151063,1090,-59076.78059360199,0.9935810357612556,822,2642045.379926331,1.3500763796426138,803,14177.500066814478,-2568791.099265914,2582968.599332729,10,-960601.0807339099,-1390205.829839185,50.0,-1.5,2000000000.0,3.0,5.0,3.0,5,50.0
3459,-2333680.898812616,0.8094271168660118,921,-1088432.38608149,0.9157358206576585,1030,-496994.6764262527,0.9450792386028507,771,2381177.2230021292,1.3384473435072914,737,-1537930.7383182286,-3422113.284894106,1884182.5465758764,7,-1004756.0810814098,-2962080.734255228,50.0,-1.5,2000000000.0,3.0,5.0,3.0,5,0.0
5911,-2275855.5277171074,0.817142664562868,1448,-106068.68120629713,0.9917348236004805,1672,-733520.0126323509,0.9273295890530381,1398,1754229.1690067502,1.1942605489713378,1393,-1361215.052549005,-2381924.2089234046,1020709.1563743993,11,-793480.7968194322,-2622381.717489005,50.0,-1.5,2000000000.0,3.0,5.0,4.0,2,50.0
5866,-2306949.563621998,0.8150190711132721,1443,-77907.0082073973,0.9939472358244161,1663,-684300.845472351,0.9316739043556449,1387,1828479.5019033751,1.2024277382338877,1373,-1240677.9153983714,-2384856.5718293954,1144178.6564310242,12,-915840.7968194322,-2529161.2469633715,50.0,-1.5,2000000000.0,3.0,5.0,4.0,2,0.0
4603,-1525412.9560708858,0.8731147508532109,1161,-431404.05130072206,0.9668580427050518,1343,-747917.6124081824,0.9235810274029453,1054,2640773.6366622006,1.3353180498837511,1045,-63960.98311758996,-1956817.0073716077,1892856.0242540182,12,-757631.6265958288,-1446027.6469555898,50.0,-1.5,2000000000.0,3.0,5.0,4.0,3,50.0
4491,-1526043.5759610473,0.8715758224709378,1145,-289636.22928074666,0.9778237264632752,1313,-888212.3322041825,0.9076799874197423,1024,2735590.5664174506,1.35629742297042,1009,31698.428971473826,-1815679.8052417939,1847378.234213268,11,-749391.9127305688,-1368218.234866526,50.0,-1.5,2000000000.0,3.0,5.0,4.0,3,0.0
3444,-1937943.9467506264,0.8452175911974088,905,-981969.2389811649,0.9248186399379914,1029,-472257.29421374237,0.9479583889285447,758,2004020.3964553,1.265993739104308,752,-1388150.0834902334,-2919913.1857317914,1531763.1022415576,12,-681907.7934994396,-2942816.7466402333,50.0,-1.5,2000000000.0,3.0,5.0,4.0,5,50.0
3250,-2726645.3188065216,0.7830295000996116,865,-1599277.2719007335,0.8786883115152235,976,-417315.1402166427,0.9523029217294785,711,1959118.2764655496,1.2757673051659308,698,-2784119.4544583494,-4325922.5907072555,1541803.1362489068,8,-954027.1254203798,-4354569.449507349,50.0,-1.5,2000000000.0,3.0,5.0,4.0,5,0.0
6202,-2124850.5830754135,0.82878161710657,1530,262280.46009677276,1.0207541478434188,1741,-618536.8509460635,0.9393019451909909,1472,1725586.8351951004,1.1920830005931977,1459,-755520.1387296033,-1862570.1229786407,1107049.9842490368,13,-786105.0404397926,-2351215.136544603,50.0,-1.5,2000000000.0,3.0,0.0,2.0,2,50.0
6142,-2096803.6523235734,0.8318511318124063,1520,379166.60016717296,1.0300533692080793,1730,-739331.1841922431,0.9266222484623133,1458,1697327.8349675406,1.191387762195098,1434,-759640.4013811026,-1717637.0521564004,957996.6507752974,14,-846101.7073797925,-2438268.7332061026,50.0,-1.5,2000000000.0,3.0,0.0,2.0,2,0.0
5082,-2099064.347234476,0.8295148009335472,1300,227609.72836784628,1.0182483316511635,1461,-174923.24954029673,0.9819241957383914,1168,2032945.9720638804,1.2397136366488817,1153,-13431.8963430461,-1871454.6188666297,1858022.7225235836,10,-533956.3842841579,-1810188.4649158958,50.0,-1.5,2000000000.0,3.0,0.0,2.0,3,50.0
4912,-2282351.752840109,0.8136708382378305,1272,334022.754332957,1.0268842036137125,1418,-272919.43754868885,0.9707180409023725,1118,2477524.76840062,1.3050173844332975,1104,256276.3323447795,-1948328.9985071523,2204605.330851931,12,-539296.3734423878,-1765460.3325512202,50.0,-1.5,2000000000.0,3.0,0.0,2.0,3,0.0
4159,-2327120.066164672,0.8092539414777044,1095,31426.085190208978,1.0024677505126474,1230,-570752.8668668853,0.9403435931347808,932,2088195.7848078404,1.269600817999923,902,-778251.0630335081,-2295693.980974463,1517442.9179409551,11,-769918.1650081602,-2687305.227137508,50.0,-1.5,2000000000.0,3.0,0.0,2.0,5,50.0
3773,-2140423.567039185,0.8158779719689131,1020,-121352.8530459085,0.9899158241467563,1118,-176408.766302996,0.9792846876218327,832,2147932.38377544,1.3028184880330937,803,-290252.8026126486,-2261776.420085094,1971523.617472444,12,-818397.0461238197,-3036951.314582248,50.0,-1.5,2000000000.0,3.0,0.0,2.0,5,0.0
5964,-2486515.588127139,0.802753987213113,1461,-88258.41922092746,0.9930552023397764,1684,-778268.4677603706,0.9248941356971963,1415,1762802.7187188505,1.1958718218007582,1404,-1590239.756389587,-2574774.0073480667,984534.2509584799,11,-817088.1756035549,-3148934.753564587,50.0,-1.5,2000000000.0,3.0,0.0,3.0,2,50.0
5909,-2538992.2924673236,0.799298677916489,1454,-24868.662543027604,0.9980451380876595,1673,-704702.8425054008,0.9314204360139232,1402,1795199.5518018503,1.2000720160440828,1380,-1473364.2457139017,-2563860.9550103513,1090496.7092964496,11,-919628.1756035549,-3120009.2435289016,50.0,-1.5,2000000000.0,3.0,0.0,3.0,2,0.0
4721,-1913682.3751575495,0.8472177931911166,1200,-461834.4814855419,0.9639133270796613,1367,-625867.4664954867,0.9351228159563727,1086,2573285.2889532796,1.3179404423855232,1068,-428099.0341852987,-2375516.8566430914,1947417.822457793,11,-708168.8502191969,-2285705.6027581487,50.0,-1.5,2000000000.0,3.0,0.0,3.0,3,50.0
4585,-2043992.0481847012,0.8348187748604495,1179,-327164.06643714115,0.9743751750605544,1331,-692953.0475008693,0.9264286098072829,1049,3122946.680363179,1.4088704479517944,1026,58837.51824046811,-2371156.1146218423,2429993.63286231,9,-655740.4702804368,-1969790.8121755316,50.0,-1.5,2000000000.0,3.0,0.0,3.0,3,0.0
3644,-2392957.745365065,0.809756664454486,966,-624483.6870017991,0.9510691575721967,1081,-154179.56427011208,0.9833427616866668,814,2316610.8568392005,1.3156946598547201,783,-855010.1397977762,-3017441.4323668643,2162431.2925690883,10,-936881.0807339099,-2722914.303934776,50.0,-1.5,2000000000.0,3.0,0.0,3.0,5,50.0
3319,-2352454.2172210775,0.8043947355980482,898,-1373289.457729225,0.8921501595480857,994,-31278.780820852,0.996344716062001,729,2423769.6562318997,1.3661710035143302,698,-1333252.7995392564,-3725743.6749503026,2392490.8754110476,9,-840981.0809814099,-4160867.9765488566,50.0,-1.5,2000000000.0,3.0,0.0,3.0,5,0.0
5906,-2522995.4733859613,0.7970017293514261,1448,-194393.96694804681,0.9848566296116943,1669,-805289.1797967508,0.9201639946754524,1396,1475374.6695506005,1.162376246328701,1393,-2047303.9505801587,-2717389.440334008,670085.4897538497,10,-774432.7415613801,-3596458.948514159,50.0,-1.5,2000000000.0,3.0,0.0,4.0,2,50.0
5858,-2503663.7170995316,0.7995189840710839,1443,-125083.96043164772,0.9902740347095994,1659,-743310.0126367507,0.9256780622983833,1384,1577390.0024736004,1.1737479691381054,1372,-1794667.6876943295,-2628747.677531179,834079.9898368497,12,-881392.7415613801,-3437212.6862683296,50.0,-1.5,2000000000.0,3.0,0.0,4.0,2,0.0
4576,-1732179.1559069993,0.8557177233768795,1159,-500413.7413742215,0.9613717184675699,1334,-654181.2802346871,0.9321005717869009,1048,2640895.972172,1.3400269811135548,1035,-245878.20534390793,-2232592.8972812206,1986714.691937313,11,-706464.2197416462,-2018151.440625758,50.0,-1.5,2000000000.0,3.0,0.0,4.0,3,50.0
4442,-1759058.1144459466,0.8509007107866099,1138,-123276.30491499894,0.990513081580807,1296,-615577.3333152873,0.9333608720237146,1013,3221156.3968423996,1.4392397990949053,995,723244.6441661678,-1882334.4193609455,2605579.0635271124,11,-682957.8398028861,-1304183.686249832,50.0,-1.5,2000000000.0,3.0,0.0,4.0,3,0.0
3413,-2350223.64509571,0.8103687240493599,896,-772043.4272626408,0.9407651060312046,1023,-424414.4944207919,0.9531594151830295,753,1826812.8971808997,1.2430690610877775,741,-1719868.669598244,-3122267.072358351,1402398.4027601078,10,-708319.0432924397,-3667864.5003662435,50.0,-1.5,2000000000.0,3.0,0.0,4.0,5,50.0
3119,-2882383.5326907635,0.7595846292194115,840,-1464944.7077644314,0.887378995614739,943,-507765.9276026824,0.9416645931466529,682,2180990.6343288994,1.3406485911443877,654,-2674103.533728978,-4347328.240455195,1673224.7067262172,10,-1265020.0419928797,-5323518.710738578,50.0,-1.5,2000000000.0,3.0,0.0,4.0,5,0.0
8341,-2197338.9452261436,0.8905710514674373,2298,-70621.18780029379,0.9966149574532804,2549,95069.68454038928,1.0073401423946309,1776,1866728.3793138133,1.1626573037188754,1718,-306162.06917223404,-2267960.1330264374,1961798.0638542026,13,-1252618.0313235193,-1613437.067082234,50.0,-1.5,2000000000.0,4.5,3.0,2.0,2,50.0
8284,-2250978.592321583,0.8879706315009492,2287,-178376.85450847365,0.9914410383271803,2534,-180003.83243358054,0.9860910214865435,1759,2168086.3124103136,1.1902094435516406,1704,-441272.9668533236,-2429355.4468300566,1988082.4799767332,14,-1234618.0313235193,-1767697.9647633235,50.0,-1.5,2000000000.0,4.5,3.0,2.0,2,0.0
6973,-1932027.0958796572,0.902786734889694,1998,409647.21402932703,1.02066885390771,2154,-343759.4958924991,0.9722478299521844,1438,1890399.3496005428,1.173454693827094,1383,24259.971857712837,-1522379.8818503302,1546639.8537080437,14,-1197387.2530038815,-1576523.358480287,50.0,-1.5,2000000000.0,4.5,3.0,2.0,3,50.0
6874,-2032253.70055523,0.8979310383689695,1976,-11793.022486505331,0.9994067550742245,2129,-167235.0996308394,0.9862140196043544,1407,2227622.6840117928,1.2082773087184377,1362,16340.86133921775,-2044046.7230417354,2060387.5843809533,15,-1175688.9200872146,-1610392.469538782,50.0,-1.5,2000000000.0,4.5,3.0,2.0,3,0.0
5966,-1651847.9604872293,0.9152366055283798,1772,1047592.843185212,1.0550881690538185,1867,-426362.26823453617,0.9642321376627928,1189,1887266.9809940099,1.187499003208493,1138,856649.5954574567,-604255.1173020173,1460904.7127594738,14,-964153.9492240761,-614333.7348805432,50.0,-1.5,2000000000.0,4.5,3.0,2.0,5,50.0
5820,-1609423.6036835383,0.9168575659974005,1730,514872.92595889966,1.0270210249453835,1822,-418240.9239677997,0.9640597241350373,1151,2083580.61412451,1.2095053811288483,1117,570789.0124320718,-1094550.6777246385,1665339.6901567103,14,-1040680.9492975359,-936327.6510059279,50.0,-1.5,2000000000.0,4.5,3.0,2.0,5,0.0
7889,-3236896.8485987163,0.846796365154646,2168,-1176813.3110060343,0.9457760023163077,2415,149788.68141059502,1.0116815248426372,1680,1807618.1907991127,1.1569338161328362,1626,-2456303.287395043,-4413710.159604751,1957406.8722097077,10,-1231266.6483267043,-3846028.285825043,50.0,-1.5,2000000000.0,4.5,3.0,3.0,2,50.0
7839,-3357792.797911181,0.8416980988551873,2159,-1400935.2525604349,0.9355728013752792,2402,-17285.288985642954,0.9986551110123829,1665,2030029.523576113,1.1780930205680957,1613,-2745983.815881145,-4758728.050471616,2012744.2345904699,8,-1273786.6482467041,-4213458.814311145,50.0,-1.5,2000000000.0,4.5,3.0,3.0,2,0.0
6296,-2812823.844973642,0.8640733922431423,1802,-1317528.9198577362,0.936105001485941,1936,-570220.7684041252,0.9539783071975756,1307,1710328.61065641,1.1623134246183986,1251,-2990244.922579094,-4130352.764831378,1140107.8422522848,9,-1090026.1435638596,-4559953.253457094,50.0,-1.5,2000000000.0,4.5,3.0,3.0,3,50.0
6217,-2849412.6802087966,0.8625467126998746,1782,-1507521.8591970121,0.926554976980665,1913,-337118.27868655534,0.971987935683398,1284,1604525.7119744094,1.148737737742866,1238,-3089527.1061179535,-4356934.539405809,1267407.433287854,11,-1085397.6433493595,-4555235.436995953,50.0,-1.5,2000000000.0,4.5,3.0,3.0,3,0.0
5078,-2839617.72180515,0.8604803515407627,1518,107451.54781370051,1.0056427767913834,1584,-585143.8961811882,0.9494464098374752,1008,1954989.3744313107,1.2047837963829235,968,-1362320.695741328,-2732166.1739914496,1369845.4782501226,11,-731726.4702183716,-2716870.694171328,50.0,-1.5,2000000000.0,4.5,3.0,3.0,5,50.0
4947,-3096097.8204027247,0.8478982369738676,1480,-174293.60117546498,0.9908228254959187,1546,-359058.05263375794,0.9682357498578634,975,2328243.5076924004,1.2510005323692142,946,-1301205.9665195479,-3270391.42157819,1969185.4550586424,13,-770280.1066779742,-2759389.2975095473,50.0,-1.5,2000000000.0,4.5,3.0,3.0,5,0.0
7730,-4129143.973234864,0.8067690573036432,2115,-1137369.0006285766,0.9477499996145742,2368,125242.02891883726,1.0097888054782855,1647,1576919.9306172025,1.1352861963801413,1600,-3564351.0143274013,-5266512.973863441,1702161.9595360397,10,-1527568.3237236328,-4955076.012757401,50.0,-1.5,2000000000.0,4.5,3.0,4.0,2,50.0
7685,-4222533.461920714,0.8032193722483348,2108,-1217245.0435914765,0.9440237846041014,2353,-62041.01611294111,0.9951333481660407,1633,2042845.7298692723,1.1780194484280282,1591,-3458973.7917558597,-5439778.505512191,1980804.7137563312,10,-1565568.3236436327,-4868848.790185859,50.0,-1.5,2000000000.0,4.5,3.0,4.0,2,0.0
6023,-3159287.3267359333,0.8458107049165133,1706,-1942727.8065115125,0.9062917185141173,1860,105841.43812253582,1.0088697033915648,1252,1017808.1360242111,1.0959796739098313,1205,-3978365.5591006996,-5102015.133247446,1123649.574146747,9,-1325956.6445571145,-5590773.889978699,50.0,-1.5,2000000000.0,4.5,3.0,4.0,3,50.0
5948,-3242940.0452280175,0.8421638597845306,1690,-1975880.2728563617,0.9043378100711132,1837,157581.30707929577,1.0135909702034698,1230,1337824.4036566603,1.1258477629590584,1191,-3723414.607348423,-5218820.31808438,1495405.7107359562,11,-1318946.6435340485,-5232022.938226422,50.0,-1.5,2000000000.0,4.5,3.0,4.0,3,0.0
4649,-2913222.349908746,0.8527800342400101,1367,-642079.8186522073,0.9667880191266026,1467,-997115.7466139644,0.9114320742155948,920,1641421.8370260508,1.1779609591358202,895,-2910996.0781488665,-3555302.168560953,644306.0904120863,10,-814159.0657697622,-4277076.076578867,50.0,-1.5,2000000000.0,4.5,3.0,4.0,5,50.0
4557,-3547165.6490214504,0.8222528081395748,1333,-1155005.3116153374,0.9412920073406041,1438,-531864.1368825142,0.9520097934279586,903,1609002.4376574499,1.172169187882734,883,-3625032.659861853,-4702170.960636788,1077138.3007749356,7,-937616.4433544254,-5099895.990851853,50.0,-1.5,2000000000.0,4.5,3.0,4.0,5,0.0
8152,-1778642.7941805003,0.9099317100303013,2238,-381137.1320789588,0.9817104619480065,2488,38788.351200914476,1.003002989747429,1743,1576812.5274459603,1.136291542749883,1683,-544179.0476125837,-2159779.926259459,1615600.8786468748,12,-967190.4467176726,-1990104.0453865838,50.0,-1.5,2000000000.0,4.5,5.0,2.0,2,50.0
8072,-2001195.0858507687,0.8988676642430397,2223,-456978.7629406127,0.9781154683416406,2469,-129450.8751894852,0.9898704563344995,1718,1953983.7601850852,1.1718078966143075,1662,-633640.9637957814,-2458173.8487913813,1824532.8849956,11,-924846.4471598726,-2133265.9615697814,50.0,-1.5,2000000000.0,4.5,5.0,2.0,2,0.0
6604,-2074587.7814895057,0.8930356344139261,1888,629991.0661935258,1.0326660552112878,2016,38917.40268190262,1.0031978372264299,1373,2480378.8482668116,1.2347363517406955,1327,1074699.535652734,-1444596.7152959798,2519296.250948714,14,-934250.1881944288,-678858.7938492659,50.0,-1.5,2000000000.0,4.5,5.0,2.0,3,50.0
6432,-2783642.147957975,0.8569399632988595,1841,-62966.61718759255,0.9967548418863172,1980,-89620.45156117942,0.9925133516427324,1328,2564848.5488868016,1.248477480338695,1283,-371380.6678199454,-2846608.7651455677,2475228.097325622,14,-914237.8552777617,-2172538.9986379454,50.0,-1.5,2000000000.0,4.5,5.0,2.0,3,0.0
5387,-1282207.0096777757,0.9307172454972016,1595,611530.4208684535,1.0328878925642377,1689,-239377.8587877663,0.9791644656411218,1078,2368784.5183819523,1.2484634930802159,1025,1458730.0707848633,-670676.5888093222,2129406.659594186,14,-834858.8334285908,-221053.25962713663,50.0,-1.5,2000000000.0,4.5,5.0,2.0,5,50.0
5049,-1529178.2822389444,0.9148024073454859,1504,226764.62696184055,1.012522869395668,1591,-468271.45021171676,0.9570083791365519,1003,3009812.3503988516,1.3392894834642066,951,1239127.2449100309,-1302413.655277104,2541540.9001871347,14,-841396.7425702701,-478639.4193779689,50.0,-1.5,2000000000.0,4.5,5.0,2.0,5,0.0
7726,-3006107.3590468653,0.8561389629848135,2117,-1111749.3111391885,0.9486476402906172,2360,-99824.23525298468,0.9923287464639774,1656,1262064.1821127299,1.1089855065229044,1593,-2955616.7233263077,-4117856.670186054,1162239.9468597453,10,-971647.7303380574,-4514091.721100308,50.0,-1.5,2000000000.0,4.5,5.0,3.0,2,50.0
7659,-3184357.457517107,0.847816167623968,2103,-1046212.8588360626,0.9515319582695493,2342,-260937.53187059774,0.9798633109612844,1635,1766962.014078605,1.1555458777644878,1579,-2724545.8341451623,-4230570.316353169,1506024.4822080072,9,-920246.0638380573,-4343120.832575163,50.0,-1.5,2000000000.0,4.5,5.0,3.0,2,0.0
6003,-2444216.0314144175,0.8783281687759971,1703,-795485.9440235884,0.9605935042296503,1836,-41606.73002033061,0.9964948955742999,1251,1909409.9930990795,1.178737655383566,1213,-1371898.7123592575,-3239701.975438006,1867803.263078749,11,-729010.9981249869,-3023407.0418612575,50.0,-1.5,2000000000.0,4.5,5.0,3.0,3,50.0
5863,-2616237.1732970765,0.8688412419550959,1670,-416390.94205624855,0.9790003733621456,1803,-356398.35611116595,0.9695560780376817,1210,2309039.4102723794,1.2194476606316513,1180,-1079987.0611921113,-3032628.115353325,1952641.0541612133,11,-891224.4974259873,-2811620.3920101114,50.0,-1.5,2000000000.0,4.5,5.0,3.0,3,0.0
4640,-3142096.2589831185,0.841348703552947,1368,-1140715.910708852,0.940401325506497,1445,-143473.36294322088,0.9871735772190885,931,2669798.8435652084,1.2879392038032005,896,-1756486.6890699838,-4282812.169691971,2526325.4806219875,9,-706374.8508288289,-3438595.0201419834,50.0,-1.5,2000000000.0,4.5,5.0,3.0,5,50.0
4342,-3478055.3756661555,0.8208028210870465,1302,-1062914.8468543557,0.9422105296564839,1366,-7884.041664101533,0.9992389719120798,854,3667721.8390474496,1.4581159187160064,820,-881132.4251371622,-4540970.222520512,3659837.797383348,8,-1007774.7580585208,-2538357.423757162,50.0,-1.5,2000000000.0,4.5,5.0,3.0,5,0.0
7575,-3711364.0564190266,0.8237260666134918,2063,-1336978.4497638931,0.9391625174588687,2321,93983.41192138754,1.0073377503075018,1621,1165742.4019376298,1.0982165270127517,1570,-3788616.692323902,-5048342.50618292,1259725.8138590173,7,-1203796.9845507701,-5344391.690097902,50.0,-1.5,2000000000.0,4.5,5.0,4.0,2,50.0
7511,-3790505.6719699423,0.8204530979731827,2049,-1241983.2243867673,0.943127886125568,2306,-179468.0025021954,0.9859171090297393,1601,1571586.5673290044,1.1346534087507578,1555,-3640370.3315299004,-5032488.896356709,1392118.564826809,9,-1193731.98447077,-5212995.329303901,50.0,-1.5,2000000000.0,4.5,5.0,4.0,2,0.0
5741,-2923542.336969775,0.8538515297726983,1614,-465189.3351546915,0.9767750563838448,1769,499758.89276999084,1.0434932528925984,1194,1174782.8679634507,1.1096200252190382,1164,-1714189.9113910242,-3388731.672124467,1674541.7607334414,11,-1045798.0717537618,-3432948.240893024,50.0,-1.5,2000000000.0,4.5,5.0,4.0,3,50.0
5595,-3017435.6692227204,0.8478246399143721,1582,-752657.9272301464,0.9620060294148,1732,388109.79273910576,1.0348283383837114,1153,1431932.7635497504,1.1370662400453926,1128,-1950051.0401640104,-3770093.5964528667,1820042.556288856,10,-897825.4047090956,-3675384.3709820104,50.0,-1.5,2000000000.0,4.5,5.0,4.0,3,0.0
4269,-2429681.3174290815,0.8708873647416431,1248,-1623519.938083454,0.9170195924726212,1345,-852769.1835423335,0.9229131322300688,846,1853472.3466132907,1.2054075512589182,830,-3052498.0924415775,-4053201.2555125356,1000703.1630709572,9,-793149.900741612,-4671586.422853578,50.0,-1.5,2000000000.0,4.5,5.0,4.0,5,50.0
4033,-3418081.3447370767,0.8174601444949327,1178,-1435225.4386057334,0.9252677514870825,1283,-155433.8445304658,0.9852703998034215,802,2571369.077632049,1.3195901206122618,770,-2437371.5502412263,-4853306.78334281,2415935.233101583,10,-812565.2529852398,-3989543.2133332263,50.0,-1.5,2000000000.0,4.5,5.0,4.0,5,0.0
8132,-1913069.608444496,0.9030697425638317,2232,-778111.0923344733,0.962688283840399,2480,-60887.48262061039,0.9952985009493402,1741,1947421.860649291,1.169128834122413,1679,-804646.3227502883,-2691180.7007789696,1886534.3780286806,11,-956342.3914596206,-2738066.3215812882,50.0,-1.5,2000000000.0,4.5,0.0,2.0,2,50.0
8035,-2097567.8639766285,0.8936981171049636,2215,-623824.928800247,0.9699763175816236,2454,-246274.7091210104,0.9807976076356891,1715,2492378.1266737906,1.2224692281911094,1651,-475289.3752240953,-2721392.7927768757,2246103.4175527804,12,-911331.7252618206,-2586542.7060950953,50.0,-1.5,2000000000.0,4.5,0.0,2.0,2,0.0
6531,-1939123.362504302,0.898356211614133,1865,-547965.1042308314,0.9717612685447956,1994,-299923.2660602434,0.9753460186568458,1364,2341081.7148143114,1.2259091187771856,1308,-445930.0179810659,-2487088.4667351334,2041158.448754068,12,-941236.5496123765,-2643585.5669492055,50.0,-1.5,2000000000.0,4.5,0.0,2.0,3,50.0
6274,-2690145.2800698765,0.8571310781806317,1797,-123720.68417440355,0.9934741493246835,1930,-194739.28154202495,0.9834449681240406,1301,2210726.320418551,1.221830834541846,1246,-797878.9253677535,-2813865.96424428,2015987.038876526,12,-933737.6381808294,-3302012.8078988935,50.0,-1.5,2000000000.0,4.5,0.0,2.0,3,0.0
5220,-1511857.2870683619,0.9164126497922099,1540,308329.58573279437,1.0168618654939243,1638,-571582.1082616717,0.9495624465319067,1053,1825008.5958487822,1.1944125269571109,989,49898.78625154181,-1203527.7013355675,1253426.4875871106,16,-809061.2666841159,-2306120.905464758,50.0,-1.5,2000000000.0,4.5,0.0,2.0,5,50.0
4654,-1495302.1193248366,0.9110987601477746,1383,-348350.0750748471,0.9795971781722469,1464,-323737.5320083318,0.9685293275239178,942,2656015.2315701824,1.3314956275681828,865,488625.50516216597,-1843652.1943996837,2332277.6995618506,15,-994483.7994583999,-2511744.6703724344,50.0,-1.5,2000000000.0,4.5,0.0,2.0,5,0.0
7710,-3266088.0478158602,0.8437140782481576,2113,-1359959.4239611253,0.937078448997959,2353,-121772.56964388452,0.9906625773266975,1653,1401109.0143324304,1.1202189636761817,1591,-3346711.02708844,-4626047.471776986,1279336.444688546,7,-951799.6750800053,-5334447.69071744,50.0,-1.5,2000000000.0,4.5,0.0,3.0,2,50.0
7628,-3315774.1098325676,0.8411251495554586,2097,-1321257.0219572692,0.938664269062613,2329,-345365.9492085227,0.9732808667118426,1630,1995023.9460672801,1.1763009177606214,1572,-2987373.134931079,-4637031.131789837,1649657.9968587575,9,-840158.2810702308,-5087709.798560079,50.0,-1.5,2000000000.0,4.5,0.0,3.0,2,0.0
5939,-2367754.212570069,0.8803239181313159,1683,-1388974.3518015132,0.9316118282549717,1816,-389338.5656248217,0.9672066391854944,1242,2038305.1258170793,1.194467914971935,1198,-2107762.004179324,-3756728.564371582,1648966.5601922576,12,-721361.2319753778,-4298367.553049464,50.0,-1.5,2000000000.0,4.5,0.0,3.0,3,50.0
5729,-2632507.129616715,0.8647426909701599,1634,-603774.8501794841,0.9690566528823011,1759,-390596.30417472124,0.9666011182367924,1188,2532731.1100877794,1.248646203107424,1148,-1094147.1738831406,-3236281.979796199,2142134.805913058,11,-877584.838603855,-3737572.7200842802,50.0,-1.5,2000000000.0,4.5,0.0,3.0,3,0.0
4481,-3071117.8263097345,0.8404653046717144,1323,-1002866.3799522144,0.9457447506376113,1396,-71260.64605524525,0.9934481467752231,906,1680100.0374589805,1.184600733616613,856,-2465144.8148582135,-4073984.2062619487,1608839.3914037351,8,-788081.5445247688,-4871519.811763214,50.0,-1.5,2000000000.0,4.5,0.0,3.0,5,50.0
4036,-2794664.407860925,0.8444834574409785,1201,-1194921.4822051774,0.9312457564880144,1265,-207155.85129522553,0.9798507647713954,811,2687303.3650126774,1.3407947452606892,759,-1509438.3763486503,-3989585.890066102,2480147.513717452,12,-906936.4440184656,-4513020.22125025,50.0,-1.5,2000000000.0,4.5,0.0,3.0,5,0.0
7557,-3978138.660085585,0.8117527941303847,2059,-1510187.1577676306,0.9314067397662358,2314,73247.57753048779,1.0056999321180353,1618,1369638.5684369307,1.1154458930852889,1566,-4045439.671885797,-5488325.817853216,1442886.1459674183,7,-1198998.929292718,-6038726.335514797,50.0,-1.5,2000000000.0,4.5,0.0,4.0,2,50.0
7480,-3959318.905856966,0.8131595783047949,2044,-1396322.3883590244,0.9363169950494953,2294,-190702.58640172056,0.9850426298594297,1597,1655533.50096647,1.1433396625322367,1545,-3890810.3796512405,-5355641.29421599,1464830.9145647495,9,-1129192.9294127182,-5991147.04328024,50.0,-1.5,2000000000.0,4.5,0.0,4.0,2,0.0
5674,-3115060.1305930302,0.8442560148395247,1601,-993080.0897942877,0.9505398699446486,1745,221637.1905719702,1.0192502485662875,1182,951540.7017210007,1.0907700865788665,1146,-2934962.3280943474,-4108140.220387318,1173177.8922929708,11,-1066245.1829212096,-5071317.876310487,50.0,-1.5,2000000000.0,4.5,0.0,4.0,3,50.0
5481,-3347506.17004347,0.8288735145253209,1552,-732968.5199900349,0.9626056138183953,1691,25309.524662379976,1.002249858126926,1133,1246876.2107625003,1.1210511274510508,1105,-2808288.9546086253,-4080474.6900335047,1272185.7354248802,10,-1026784.3557553799,-5296847.832625765,50.0,-1.5,2000000000.0,4.5,0.0,4.0,3,0.0
4144,-2384017.341108945,0.8700921990311697,1212,-1438044.1951298714,0.9240623929690136,1297,-1276451.0153697135,0.8863668607119827,832,1463142.2471592405,1.1636810310304415,803,-3635370.30444929,-3822061.5362388166,186691.231789527,8,-1059843.733363512,-6026061.96813229,50.0,-1.5,2000000000.0,4.5,0.0,4.0,5,50.0
3742,-2979840.285837186,0.82795386406234,1097,-1755808.7431827383,0.9013562816289246,1179,-96888.0599966119,0.9903138777457869,749,2436749.832910304,1.3163463659559411,717,-2395787.2561062323,-4735649.029019924,2339861.772913692,11,-818300.4343019554,-5338850.586223233,50.0,-1.5,2000000000.0,4.5,0.0,4.0,5,0.0
7703,-2051356.2712686562,0.8773183170671232,2080,269264.13991717895,1.0164305514547216,2279,30674.18424673559,1.002704892880696,1685,1732756.6129122004,1.1692977539261458,1659,-18661.33419254236,-1782092.1313514772,1763430.797158936,11,-884945.8879430221,-1249891.3328325422,50.0,-1.5,800000000.0,3.0,3.0,2.0,2,50.0
7650,-2204498.285734394,0.8684985605527071,2071,346929.90831070876,1.021247497457752,2261,112584.30810953572,1.0100407097132,1669,1699837.2443531603,1.1665540518329924,1649,-45146.82496098988,-1857568.3774236853,1812421.552462696,13,-883145.8879430221,-1297401.8236009898,50.0,-1.5,800000000.0,3.0,3.0,2.0,2,0.0
6292,-1194509.7720133665,0.925038946919309,1762,714317.7473270938,1.04498839484659,1887,163151.4445693238,1.015164247323908,1335,1802185.7441538302,1.1848339966375538,1308,1485145.1640368816,-480192.0246862726,1965337.188723154,13,-655383.2482407093,62936.8329488819,50.0,-1.5,800000000.0,3.0,3.0,2.0,3,50.0
6187,-1479286.5611613994,0.9073201331324746,1740,166210.31302847486,1.0103874068297292,1861,131481.65137135377,1.0124713914838557,1305,1596370.3748117003,1.1651142175076608,1281,414775.77805012907,-1313076.2481329245,1727852.026183054,10,-652419.9151002093,-1041332.5530378707,50.0,-1.5,800000000.0,3.0,3.0,2.0,3,0.0
5186,-1001351.5600348307,0.9359354577739426,1505,514740.96243935294,1.0332030181080993,1580,-388053.20820553496,0.9631946740089214,1081,2360942.46479927,1.2820851343360586,1020,1486278.658998257,-486610.59759547777,1972889.256593735,14,-514797.2324376201,8851.81044733501,50.0,-1.5,800000000.0,3.0,3.0,2.0,5,50.0
5024,-841518.839159044,0.9448586228855119,1457,370400.57209936343,1.0240228698811136,1530,-398100.2968196252,0.9613247542819772,1040,2353029.08095727,1.2802685275768668,997,1483810.5170779647,-471118.26705968054,1954928.784137645,14,-554027.3985463,-61772.81471003499,50.0,-1.5,800000000.0,3.0,3.0,2.0,5,0.0
7347,-1548539.7035619197,0.9056522724081735,1975,1166262.8526032218,1.074350611751704,2175,-631853.6088469744,0.9457827029990196,1612,1515384.2947920095,1.1479410990022716,1585,501253.8349863372,-382276.85095869796,883530.6859450351,14,-592331.6519409744,-815426.1636536627,50.0,-1.5,800000000.0,3.0,3.0,3.0,2,50.0
7303,-1715457.6093628178,0.8959929985481554,1969,1333425.0188875014,1.085645333767162,2159,-476703.31336597423,0.9585357612631493,1599,1317537.5955930094,1.1270374888601882,1576,458801.69175171887,-382032.5904753164,840834.2822270351,13,-590531.6519409744,-878228.306888281,50.0,-1.5,800000000.0,3.0,3.0,3.0,2,0.0
5760,-610948.9339626565,0.9613790762287472,1610,227450.9043242518,1.0145056392463818,1717,26206.277513685083,1.002490145536104,1233,1314016.9980062898,1.1377338327452458,1200,956725.2458815703,-383498.0296384047,1340223.275519975,13,-793632.2751327744,-478399.7510664293,50.0,-1.5,800000000.0,3.0,3.0,3.0,3,50.0
5688,-620982.3321261163,0.9606007438437587,1593,-518432.56921078346,0.9674882084066491,1697,143865.97635314506,1.0138903126438819,1215,1234074.5985129697,1.1295456102131851,1183,238525.6735292155,-1139414.9013368997,1377940.5748661146,12,-723132.2751327744,-1237182.6575587844,50.0,-1.5,800000000.0,3.0,3.0,3.0,3,0.0
4482,-1283408.9488982398,0.9182115806344338,1300,937038.4827237166,1.063181535859665,1364,274655.69689298514,1.028279999957293,917,1176295.6562651205,1.1305171685256248,901,1104580.8869835832,-346370.4661745231,1450951.3531581056,11,-584127.950486635,-386112.6274273384,50.0,-1.5,800000000.0,3.0,3.0,3.0,5,50.0
4343,-1457311.532443744,0.9068090724340179,1269,300925.9402687185,1.0202466822151883,1315,162037.16786349448,1.016696171171754,889,1447338.1397799202,1.1680570791350764,870,452989.71546838933,-1156385.5921750255,1609375.3076434147,11,-537640.2434619236,-1106228.7989425324,50.0,-1.5,800000000.0,3.0,3.0,3.0,5,0.0
7252,-1693882.0576370312,0.8952028197152477,1944,828005.106217803,1.052389938294334,2150,-645534.1230698643,0.9429213451301011,1588,1330891.4794741394,1.1290859458893365,1570,-180519.59501495352,-865876.9514192282,685357.356404275,14,-605436.3697082694,-1519524.5936549534,50.0,-1.5,800000000.0,3.0,3.0,4.0,2,50.0
7205,-1910378.2134379293,0.8819032559481578,1936,1052512.9390138425,1.0671224424065973,2135,-416992.6270070139,0.9622878743773416,1576,1042467.6135751395,1.0997842074618251,1558,-232390.28785596136,-857865.2744240868,625474.9865681257,13,-598450.8697082694,-1592420.2864959612,50.0,-1.5,800000000.0,3.0,3.0,4.0,2,0.0
5551,-495291.923200082,0.9675339647801523,1540,-243487.27903950686,0.9844548482880721,1670,148056.45455962484,1.0146857779266873,1181,1931153.38177945,1.217445715824926,1160,1340430.6340994856,-738779.2022395888,2079209.836339075,13,-434623.88198889646,-147194.36284851423,50.0,-1.5,800000000.0,3.0,3.0,4.0,3,50.0
5482,-526947.3907561977,0.9652462819543969,1521,-943027.0309713876,0.9406541279671539,1650,140602.72087902442,1.014006861350206,1165,1764502.8490562502,1.194978636421361,1146,435131.1482076887,-1469974.4217275854,1905105.5699352745,12,-407955.56064590986,-1101368.848740311,50.0,-1.5,800000000.0,3.0,3.0,4.0,3,0.0
4142,-712024.4521520074,0.9518743455304319,1186,1031717.0894940847,1.0706833797716044,1280,-803514.6878532448,0.9186000151112498,839,1709612.4921850103,1.2096669065016843,837,1225790.4416738425,319692.63734207733,906097.8043317655,13,-665831.9317306001,-322303.07273707935,50.0,-1.5,800000000.0,3.0,3.0,4.0,5,50.0
4007,-1727121.3639525487,0.8853119677420733,1151,438966.1782847349,1.0300904823057233,1237,-488733.5377993153,0.9488665779015346,812,1469695.97559491,1.1848215734395413,807,-307192.7478722194,-1288155.1856678138,980962.4377955948,11,-732770.3324232202,-1907311.2622831413,50.0,-1.5,800000000.0,3.0,3.0,4.0,5,0.0
7613,-2004344.657183981,0.8789446491387107,2051,344858.5510393394,1.021208165300672,2249,530140.6167510278,1.0473995795226125,1669,2111063.5932203704,1.2105866281807447,1644,981718.1038267564,-1659486.1061446415,2641204.209971398,12,-821906.2003115523,-292123.5604582436,50.0,-1.5,800000000.0,3.0,5.0,2.0,2,50.0
7530,-2018850.9411860206,0.8773915894783663,2031,221662.558724099,1.013638560235335,2229,524406.2829279474,1.0472169902489612,1645,1958924.4929859955,1.1949904153406978,1625,686142.3934520222,-1797188.3824619215,2483330.7759139426,13,-724360.8673937521,-628549.2708329777,50.0,-1.5,800000000.0,3.0,5.0,2.0,2,0.0
6068,-1497745.3609024473,0.9053284547878635,1694,528458.5582970795,1.0337323257039381,1818,207808.77988567363,1.0196308148034101,1297,1705118.04271168,1.1800590794918862,1259,943640.0199919854,-969286.8026053677,1912926.8225973537,13,-641713.2635797318,-513551.64312601427,50.0,-1.5,800000000.0,3.0,5.0,2.0,3,50.0
5879,-1570878.9613609398,0.8989086677230917,1649,-73103.83234884264,0.995289320651727,1764,21771.886088973304,1.0021078082522445,1247,2064867.54011981,1.2256234296273794,1219,442656.63249900076,-1643982.7937097824,2086639.4262087834,12,-654109.3968575319,-1077651.697868999,50.0,-1.5,800000000.0,3.0,5.0,2.0,3,0.0
4814,-1017375.9681051844,0.931667969122926,1387,99311.9443511893,1.0066673548439204,1469,-54103.59982287651,0.9945424934527286,1001,2231515.17785002,1.2705457811214282,957,1259347.554273148,-918064.0237539951,2177411.5780271436,12,-563223.0725089131,-256785.77638485166,50.0,-1.5,800000000.0,3.0,5.0,2.0,5,50.0
4468,-976029.9770380268,0.9312799034193691,1295,-394163.2942026579,0.9725969418521179,1359,-474383.99897525116,0.9507399363243002,927,2815229.898286559,1.3652489352693797,887,970652.6280706234,-1370193.2712406847,2340845.899311308,12,-666716.2389123132,-609122.3698053765,50.0,-1.5,800000000.0,3.0,5.0,2.0,5,0.0
7282,-1850633.8447923723,0.887648978000693,1955,1167636.5184398224,1.0748801992600807,2155,-107557.25923568232,0.9906811249724967,1600,1464766.6093467004,1.1422975183530235,1572,674212.0237584682,-682997.32635255,1357209.350111018,13,-605978.5256672661,-687571.3070765317,50.0,-1.5,800000000.0,3.0,5.0,3.0,2,50.0
7204,-1761622.1282609915,0.8920321593864089,1939,1048537.8408795716,1.0675124958160436,2133,-41306.32607921248,0.9963644464224161,1579,1213629.7096057252,1.1164052123331214,1553,459239.09614509274,-713084.2873814199,1172323.383526513,12,-573017.5255352661,-932710.9019149072,50.0,-1.5,800000000.0,3.0,5.0,3.0,2,0.0
5559,-693427.4408666017,0.955387205149056,1545,120376.04206205881,1.0077872561853936,1661,-289314.5489607452,0.9725855165043595,1194,1087494.0212808796,1.1159406914985395,1159,225128.07351559203,-573051.3988045428,798179.4723201344,13,-726056.1228712569,-1218696.9227124075,50.0,-1.5,800000000.0,3.0,5.0,3.0,3,50.0
5406,-794828.5233218211,0.9482084355347206,1511,-711802.829490135,0.9543288975004947,1615,-232017.4105665264,0.9772626724130076,1157,1539524.8158827298,1.1706690229993904,1123,-199123.94749575225,-1506631.352811956,1307507.4053162034,12,-769835.1229512568,-1735657.277863752,50.0,-1.5,800000000.0,3.0,5.0,3.0,3,0.0
4207,-885063.6676587403,0.940903824325289,1202,-318434.8390023352,0.9784441507994727,1281,-269758.39063958096,0.9732214804432258,873,1338184.0722216798,1.1527117427579696,851,-135072.82507897634,-1203498.5066610756,1068425.6815820988,11,-799383.4918938798,-1677756.154976976,50.0,-1.5,800000000.0,3.0,5.0,3.0,5,50.0
3917,-1709061.9685220835,0.8849993984371546,1132,-541978.8888729177,0.961283968489261,1193,-792788.199738063,0.916711163044409,806,1650102.8722544292,1.202503551177713,786,-1393726.1848786352,-2251040.857395001,857314.6725163661,11,-1028126.7120293548,-3021476.181294635,50.0,-1.5,800000000.0,3.0,5.0,3.0,5,0.0
7197,-1678889.4661876298,0.8950313128500096,1926,976412.0023605535,1.0619569858637907,2133,25133.476612398284,1.0022667104715814,1580,1414471.12726235,1.1372881495746645,1558,737127.140047672,-702477.4638270764,1439604.603874748,14,-615621.5301175053,-634156.1907873279,50.0,-1.5,800000000.0,3.0,5.0,4.0,2,50.0
7116,-1699281.0834932493,0.8927320492697451,1907,883059.9082423025,1.0562637220605635,2113,140616.61056389808,1.0128896076326874,1559,1281326.127535475,1.123585385812348,1537,605721.5628484259,-816221.1752509468,1421942.738099373,12,-623941.5299855054,-793728.435211574,50.0,-1.5,800000000.0,3.0,5.0,4.0,2,0.0
5370,-601360.5734696611,0.9596037316014014,1478,144098.85958358657,1.0095548440666922,1617,-86210.91907253517,0.9915993059616752,1150,2109944.4043507,1.2383501559239123,1125,1566471.771392091,-457261.7138860745,2023733.4852781647,14,-614422.6684395331,64821.77516409126,50.0,-1.5,800000000.0,3.0,5.0,4.0,3,50.0
5237,-774807.5514062103,0.9479003688009817,1453,-750493.6664205366,0.9507542991110648,1570,-40306.06213770676,0.9959482836887898,1118,2370964.4025878506,1.270191655367235,1096,805357.122623397,-1525301.2178267469,2330658.340450144,12,-489770.0966466316,-756142.8736046026,50.0,-1.5,800000000.0,3.0,5.0,4.0,3,0.0
3902,-1079231.0854988345,0.9267705443350935,1106,-426791.5015641642,0.9716029193536602,1208,-404599.4385185901,0.9570665145078531,794,1686736.3279059906,1.2075454326802633,794,-223885.69767559785,-1506022.5870629987,1282136.8893874006,9,-785096.4064170402,-1866135.6946035977,50.0,-1.5,800000000.0,3.0,5.0,4.0,5,50.0
3638,-1820301.6756403747,0.8738385746679118,1044,-382862.1466632914,0.9729075474393308,1121,166548.22134258924,1.0186807488596636,745,1555677.2048276903,1.2016019822000856,728,-480938.39613338676,-2203163.822303666,1722225.4261702795,10,-931749.9067740398,-2161588.3923173863,50.0,-1.5,800000000.0,3.0,5.0,4.0,5,0.0
7601,-2009290.0858101598,0.8786828298691972,2050,281082.18227233976,1.0172586484416009,2242,560719.6162704278,1.0502069314241667,1667,2042859.7597892208,1.2041895816426547,1642,875371.472521828,-1728207.90353782,2603579.3760596486,14,-810298.1450535002,-840973.5251121719,50.0,-1.5,800000000.0,3.0,0.0,2.0,2,50.0
7515,-1987222.1940688784,0.8793765105562099,2029,88186.85740159923,1.0054088370111207,2224,511570.2824473481,1.0462068189680915,1641,1803925.159581221,1.1788521678994277,1621,416460.10536128934,-1899035.3366672792,2315495.442028569,13,-710086.1454957,-1390984.8922727106,50.0,-1.5,800000000.0,3.0,0.0,2.0,2,0.0
6037,-1614242.1989555112,0.8979362350712596,1685,742295.5068091763,1.0475094635175346,1809,251848.2784575736,1.0239031269433458,1294,1467986.14293948,1.1558202992348994,1249,847887.7292507188,-871946.6921463349,1719834.4213970536,13,-643101.2082976797,-1134898.9356452809,50.0,-1.5,800000000.0,3.0,0.0,2.0,3,50.0
5795,-1810019.8401772666,0.882049503193075,1621,-2507.1353442579275,0.9998382215379227,1744,-68795.1147676264,0.9932934269658182,1234,2068439.2387329196,1.2282921648356429,1196,187117.14844376966,-1812526.9755215244,1999644.1239652932,11,-714421.5626695998,-2036519.51645223,50.0,-1.5,800000000.0,3.0,0.0,2.0,3,0.0
4739,-1417458.3735701875,0.9042022909672407,1366,328663.8005086635,1.022530622785372,1446,-12549.665851826547,0.9987265218083591,989,2309631.29834504,1.287663826839342,938,1208287.059431689,-1088794.573061524,2297081.6324932138,13,-592842.8418960801,-855932.9396883107,50.0,-1.5,800000000.0,3.0,0.0,2.0,5,50.0
4265,-1565743.4893883748,0.887001908681964,1235,-617931.1256982989,0.9552048167772121,1297,-538759.6984049808,0.9417163061694392,880,1577420.8743810393,1.2017562463553502,853,-1145013.4391106148,-2183674.6150866738,1038661.1759760585,10,-761720.4417087801,-3821790.104710615,50.0,-1.5,800000000.0,3.0,0.0,2.0,5,0.0
7270,-1873334.4238321758,0.8862660595355438,1955,1092542.8163023228,1.0701430849286855,2147,-130433.92646128213,0.9886711905205834,1598,1337372.6096425508,1.1301884478742075,1570,426147.0756514155,-780791.607529853,1206938.6831812686,15,-607265.164825324,-1280264.5895325844,50.0,-1.5,800000000.0,3.0,0.0,3.0,2,50.0
7190,-1783153.7816074744,0.8908364502718067,1938,820568.006060072,1.0525740422227288,2127,-80946.65975928213,0.9928541132009053,1575,1026948.7099279504,1.0984764386568102,1550,-16583.72537873441,-962585.7755474024,946002.0501686683,13,-585304.164693324,-1798095.390562734,50.0,-1.5,800000000.0,3.0,0.0,3.0,2,0.0
5535,-831030.6902580647,0.9466941169352622,1540,399187.40719366574,1.0260403972824488,1652,-373865.0491393952,0.964589732219781,1192,1044196.6878495794,1.113025102817931,1151,238488.35564578522,-431843.2830643989,670331.6387101843,10,-719799.0675892048,-1676364.9749452146,50.0,-1.5,800000000.0,3.0,0.0,3.0,3,50.0
5336,-1196764.2937089647,0.9219436426464671,1495,-511939.09480854694,0.9669282622952403,1592,-524.3279482763028,0.9999474323111199,1145,1837133.1495835793,1.2090430587221566,1104,127905.43311779178,-1708703.3885175115,1836608.821635303,10,-944124.7797393248,-2045997.8972982077,50.0,-1.5,800000000.0,3.0,0.0,3.0,3,0.0
4154,-1035204.0409505873,0.9300447083126189,1185,-232773.72959570703,0.9839879620140549,1265,-229375.32450333075,0.9770339195071105,869,1253774.83958103,1.1460003730265542,835,-243578.25546859484,-1267977.7705462943,1024399.5150776992,11,-663258.4918938798,-2273714.9202835946,50.0,-1.5,800000000.0,3.0,0.0,3.0,5,50.0
3734,-1678395.8173758648,0.8791830260194294,1075,-405741.17659061716,0.9699960391825833,1145,205742.26157710893,1.0229681269048367,771,1546132.522593829,1.1993538446491532,743,-332262.20979554346,-2084136.993966482,1751874.784170938,15,-696108.4918938798,-2966455.5404355437,50.0,-1.5,800000000.0,3.0,0.0,3.0,5,0.0
7183,-1774495.2450514336,0.8888652237203553,1925,970166.699261032,1.0616940437847096,2125,29157.089451798354,1.0026410505336953,1577,1269329.6275582004,1.1234271768292368,1556,494158.17121959676,-804328.5457904015,1298486.7170099989,15,-616908.1692755632,-1218253.4939644034,50.0,-1.5,800000000.0,3.0,0.0,4.0,2,50.0
7100,-1848517.6034127325,0.8832619237571286,1904,694426.9389722811,1.0440181466885168,2107,184558.55660329838,1.017003461145052,1555,1009415.6282372605,1.096906789304234,1534,39883.52040010714,-1154090.6644404514,1193974.1848405588,13,-625228.1691435633,-1745128.1447838927,50.0,-1.5,800000000.0,3.0,0.0,4.0,2,0.0
5348,-742502.2621391236,0.9503359724392774,1473,190241.89174518327,1.012690840355952,1607,-249069.9193121851,0.9758292743278006,1148,2011502.5713094997,1.224897513514249,1120,1210172.281603374,-552260.3703939404,1762432.6519973145,14,-603541.0951153504,-692214.3814376255,50.0,-1.5,800000000.0,3.0,0.0,4.0,3,50.0
5159,-1050690.4934855534,0.9286415925757788,1433,-748084.2268811705,0.9509844963082588,1545,127982.8692700637,1.0132627472984097,1105,2217102.7374979,1.2555503905933618,1076,546310.8864012395,-1798774.7203667238,2345085.6067679636,11,-555489.2204016995,-1711559.1090647604,50.0,-1.5,800000000.0,3.0,0.0,4.0,3,0.0
3851,-1664131.6869577037,0.8851143944114132,1085,-358000.97430883977,0.9759562242412501,1195,-695994.1384481401,0.925918090316787,789,1476108.9957174407,1.182582457514824,782,-1242017.8039972424,-2022132.6612665434,780114.8572693006,8,-901172.98954104,-3244196.134588242,50.0,-1.5,800000000.0,3.0,0.0,4.0,5,50.0
3491,-2699256.3981215125,0.8067246003690006,1000,413045.54990572284,1.030634382067567,1078,-507315.2656050112,0.942417459334741,715,1504082.2047879393,1.2005498755819635,698,-1289443.909032861,-2286210.8482157895,996766.9391829281,13,-978154.6552170397,-4015087.239672861,50.0,-1.5,800000000.0,3.0,0.0,4.0,5,0.0
9547,-3344383.6644045543,0.8658248851177552,2835,-1364750.091456158,0.944343107601386,2960,-16790.11669055547,0.998790577183816,1908,1484995.6041821418,1.1184515354961202,1844,-3240928.268369126,-4709133.755860712,1468205.4874915862,10,-930240.1699332875,-4604133.265625126,50.0,-1.5,800000000.0,4.5,3.0,2.0,2,50.0
9485,-3412534.336891854,0.8629206967170376,2817,-969559.3853729132,0.9600895720098243,2944,-64448.7835623353,0.9953424692717469,1895,1684407.8705514425,1.1364351480226023,1829,-2762134.63527566,-4382093.722264768,1619959.086989107,10,-962185.6141333481,-4133914.63253166,50.0,-1.5,800000000.0,4.5,3.0,2.0,2,0.0
7791,-2520224.3469429677,0.8946157115231186,2398,107662.80098173802,1.0048252683899757,2430,-206089.25738903272,0.9843355117225426,1518,1462907.7899079404,1.1289622164525084,1445,-1155743.0134423224,-2412561.5459612296,1256818.5325189077,12,-1155457.0057101746,-2681101.343620322,50.0,-1.5,800000000.0,4.5,3.0,2.0,3,50.0
7688,-2586762.4966431935,0.8914327204004456,2369,-150005.77309779008,0.9932611616543495,2400,-398886.71679333237,0.9694600031899805,1494,1550039.1242816707,1.1381341432095513,1425,-1585615.862252645,-2736768.269740984,1151152.4074883382,11,-1106031.6726596747,-3152274.1924306443,50.0,-1.5,800000000.0,4.5,3.0,2.0,3,0.0
6485,-2068401.5918974003,0.9088488943782219,2058,-288796.5742889219,0.9864148841821736,2036,-871022.6995514713,0.9313441745969839,1252,2019206.5753779798,1.2016328188668775,1139,-1209014.2903598133,-2357198.1661863225,1148183.8758265085,13,-919794.4659338602,-2748822.6212378135,50.0,-1.5,800000000.0,4.5,3.0,2.0,5,50.0
6324,-2065031.479832182,0.9078034672883774,2003,-511389.98826657236,0.9757105206133805,1985,-702615.6616788957,0.9428395887932051,1210,1680352.6420855995,1.165366860645672,1126,-1598684.48769205,-2576421.468098754,977736.9804067038,10,-858798.3990410002,-3180276.1511300495,50.0,-1.5,800000000.0,4.5,3.0,2.0,5,0.0
8993,-3860769.318731499,0.8483460448476515,2660,-789704.2846936956,0.9673157916670606,2774,-32596.920273382944,0.997657425925524,1817,1205026.9390549222,1.0952453541725822,1742,-3478043.5846436555,-4650473.6034251945,1172430.0187815393,10,-947058.2108164182,-4986943.582373655,50.0,-1.5,800000000.0,4.5,3.0,3.0,2,50.0
8944,-3825547.5187124396,0.8492630349567111,2646,-488614.1067734286,0.9795977880717622,2760,-153213.92050966286,0.9890196364984936,1807,914398.2724142226,1.071621664622311,1731,-3552977.273581308,-4314161.625485868,761184.3519045598,9,-1003004.877244818,-5080627.271311307,50.0,-1.5,800000000.0,4.5,3.0,3.0,2,0.0
7004,-3010739.8392883786,0.875669561908722,2147,-841564.6563181779,0.9623653123212796,2175,-12857.692474363168,0.9989729229354477,1363,625914.4314383494,1.0540647103445984,1319,-3239247.75664257,-3852304.4956065565,613056.7389639863,10,-892183.9987406397,-4751447.753590569,50.0,-1.5,800000000.0,4.5,3.0,3.0,3,50.0
6916,-2995459.268975243,0.875713572181822,2121,-1518749.0454147928,0.9323167783680925,2145,-553561.8693987431,0.9564505434832564,1345,853132.1649355214,1.07435589218271,1305,-4214638.018853257,-4514208.314390035,299570.2955367783,10,-872526.7291355209,-5772146.349941257,50.0,-1.5,800000000.0,4.5,3.0,3.0,3,0.0
5473,-3435871.9219762487,0.8517567151282065,1734,743010.0816729692,1.0370279179478425,1708,-1494675.3841588493,0.8807988855583395,1043,1559177.98438612,1.1545639477401246,988,-2628359.240076009,-2692861.8403032795,64502.60022727074,10,-929348.4981986224,-4256184.237724009,50.0,-1.5,800000000.0,4.5,3.0,3.0,5,50.0
5318,-3971162.822797676,0.8283532057923599,1686,270173.65081948956,1.0135372614428002,1663,-1286665.266967722,0.8937537358256222,1008,1076539.2040754003,1.10644466403519,961,-3911115.2348705083,-3700989.1719781864,-210126.06289232173,7,-953893.5982365905,-5611840.232518508,50.0,-1.5,800000000.0,4.5,3.0,3.0,5,0.0
8775,-5147324.995225407,0.8008671783775583,2574,-1040832.1798411475,0.9567443585037604,2713,274232.00946180767,1.0202045781055502,1775,589181.8137671722,1.045423662541687,1713,-5324743.3518375745,-6188157.175066555,863413.8232289798,9,-1359684.7462859128,-6846943.349567574,50.0,-1.5,800000000.0,4.5,3.0,4.0,2,50.0
8730,-5017718.418876687,0.8049883472225446,2562,-1067740.4902057191,0.9554966555464339,2699,129661.17579986766,1.0095316457971837,1766,590299.6477039723,1.0457292972305918,1703,-5365498.085578566,-6085458.909082406,719960.82350384,9,-1262527.646285913,-6904448.083308566,50.0,-1.5,800000000.0,4.5,3.0,4.0,2,0.0
6653,-4370436.149058925,0.8209217608073277,2010,-1182436.4269441913,0.9467400955117794,2068,525026.6027417431,1.0424237372031075,1317,1002954.24684326,1.090944236244483,1258,-4024891.7264181124,-5552872.576003117,1527980.8495850032,11,-970470.6059439147,-5554466.7233661115,50.0,-1.5,800000000.0,4.5,3.0,4.0,3,50.0
6563,-4516833.803388515,0.8148924703134351,1986,-1707735.343720842,0.9232919590869362,2043,-79676.4629532776,0.9936563720753864,1291,1276547.7137124822,1.1166535938274618,1243,-5027697.896350151,-6224569.147109357,1196871.2507592046,10,-1094768.1055695147,-6611072.893298151,50.0,-1.5,800000000.0,4.5,3.0,4.0,3,0.0
4989,-2398187.217372086,0.8900289088488066,1552,711876.6459006325,1.0362763595146578,1563,-1163760.1130638726,0.9027968041943684,960,1364098.6260735407,1.140158208991832,914,-1485972.0584617849,-1686310.5714714534,200338.5130096681,11,-1000263.2989768521,-3168777.056109785,50.0,-1.5,800000000.0,4.5,3.0,4.0,5,50.0
4863,-3223903.5088631166,0.8528145697352357,1504,221997.04135746055,1.011291713018503,1529,-583798.3376958007,0.950245175459378,943,768813.9830805804,1.0786181776821324,887,-2816890.8221208765,-3001906.467505656,185015.64538477967,10,-1006260.2990062722,-4472170.819768876,50.0,-1.5,800000000.0,4.5,3.0,4.0,5,0.0
9323,-2861453.0012515537,0.8826191835540674,2755,-1323064.09440461,0.9452960834810741,2881,173307.74286472582,1.0126935881335406,1871,1326284.1756062098,1.1059000459828705,1816,-2684925.1771852276,-4184517.095656164,1499591.9184709357,9,-853969.2519616896,-4138950.1758692274,50.0,-1.5,800000000.0,4.5,5.0,2.0,2,50.0
9197,-2755474.5896838903,0.8858475257067574,2719,-1210038.5690292297,0.9492019506617236,2848,1202.575581444864,1.0000886095733457,1845,1608859.8411806608,1.131082277072259,1785,-2355450.741951015,-3965513.15871312,1610062.4167621057,10,-808793.2678752354,-3835850.740635015,50.0,-1.5,800000000.0,4.5,5.0,2.0,2,0.0
7374,-2489246.6631386466,0.8926803984063448,2255,-198494.44541679532,0.9908846335818632,2285,-412398.0182276088,0.9682799534366877,1447,1431974.5857093316,1.1265069550531515,1387,-1668164.5410737193,-2687741.1085554417,1019576.5674817227,10,-1110430.1012425194,-3252806.203495719,50.0,-1.5,800000000.0,4.5,5.0,2.0,3,50.0
7155,-2855792.2045275643,0.8753911624183275,2194,-574144.9070586674,0.9732948266635075,2225,-646103.7560173089,0.9494825599099512,1406,1895096.1191394317,1.1772342829798532,1330,-2180944.7484641075,-3429937.1115862317,1248992.3631221228,11,-1185698.6915605618,-3952903.0788321076,50.0,-1.5,800000000.0,4.5,5.0,2.0,3,0.0
5877,-2105831.246037704,0.9038976930413882,1860,-510415.52223517187,0.9747891963962009,1829,-1094748.0221015164,0.9098051497159554,1134,2939820.38276588,1.305257244882438,1054,-771174.4076085126,-2616246.768272876,1845072.3606643635,11,-1365502.6331809799,-2460982.7380205123,50.0,-1.5,800000000.0,4.5,5.0,2.0,5,50.0
5478,-1666494.7847283613,0.9198644659677755,1737,-1532920.5144129475,0.9228703253398065,1714,-1163484.8444603065,0.8989090821496619,1048,3485359.9827900594,1.3916452296390922,979,-877540.1608115558,-3199415.2991413088,2321875.1383297527,11,-1065579.56706498,-2701606.8243555557,50.0,-1.5,800000000.0,4.5,5.0,2.0,5,0.0
8795,-3421402.768828332,0.8632255091035982,2592,-669346.2017179418,0.9720363327396369,2709,-167311.1329538008,0.9880558544346402,1785,1140826.0772285298,1.089645962133897,1709,-3117234.0262715444,-4090748.9705462735,973514.944274729,10,-992599.4571761489,-4685384.024255544,50.0,-1.5,800000000.0,4.5,5.0,3.0,2,50.0
8693,-3697565.5235827276,0.8523461922743512,2566,-673546.772245069,0.9714213095239327,2682,194605.3661678082,1.014267594458371,1756,1331518.6112923804,1.105653227692645,1689,-2844988.318367608,-4371112.295827797,1526123.9774601886,10,-1001998.0337630822,-4461088.316351607,50.0,-1.5,800000000.0,4.5,5.0,3.0,2,0.0
6654,-2464232.886883134,0.8936721778415813,2012,590319.2581441533,1.0275383276410577,2061,-938496.7439390473,0.9276867180714377,1315,963422.4390166996,1.0831679750512229,1266,-1848987.933661328,-1873913.6287389807,24925.695077652228,10,-873654.494689753,-3490637.9292333275,50.0,-1.5,800000000.0,4.5,5.0,3.0,3,50.0
6455,-2691269.1001449437,0.8826352840383725,1960,-110989.5179606924,0.9947429225572625,2007,-1207328.5436935057,0.9044407940616761,1269,1170374.7646253495,1.1050899505086533,1219,-2839212.397173793,-2802258.618105636,-36953.779068156146,12,-949415.9642249873,-4464295.7282017935,50.0,-1.5,800000000.0,4.5,5.0,3.0,3,0.0
4977,-2867354.7156326873,0.8693808641331018,1539,829053.6526170571,1.0426627258752723,1555,-969526.4987370232,0.9179918305851112,961,2049936.34075013,1.2052857805314814,922,-957891.2210025237,-2038301.0630156302,1080409.8420131067,11,-959406.2999273501,-2692916.2185905236,50.0,-1.5,800000000.0,4.5,5.0,3.0,5,50.0
4647,-2996103.193343241,0.8593948240416186,1456,569334.9734163346,1.0308107662413208,1457,-1357114.803834653,0.8784510922388625,883,2728310.155804849,1.303995268561872,851,-1055572.8679567091,-2426768.2199269063,1371195.3519701962,9,-767101.9405926049,-2738564.5330967093,50.0,-1.5,800000000.0,4.5,5.0,3.0,5,0.0
8598,-4547279.697771063,0.8217271323257793,2516,-355529.1146741423,0.9851667581936456,2655,353656.62982778996,1.0261659885352241,1745,794416.0267866304,1.0622444718566697,1682,-3754736.1558307847,-4902808.812445206,1148072.6566144205,10,-1030438.2684496319,-5293586.153814785,50.0,-1.5,800000000.0,4.5,5.0,4.0,2,50.0
8508,-4503569.084142497,0.8227395490478054,2490,-1129765.399989566,0.9530897487041141,2629,415156.1357276638,1.0310509209822512,1723,946201.7288823801,1.074960368181715,1666,-4271976.61952202,-5633334.484132063,1361357.8646100438,9,-1060512.0030420744,-5834876.61750602,50.0,-1.5,800000000.0,4.5,5.0,4.0,2,0.0
6336,-3779322.4339821413,0.8379396303995907,1894,771904.724564612,1.036155190679171,1975,-316681.18637622654,0.9752274495881991,1258,1125893.4736722603,1.1018455783355048,1209,-2198205.422121497,-3007417.7094175294,809212.2872960337,10,-1150976.8051572964,-3931405.418393497,50.0,-1.5,800000000.0,4.5,5.0,4.0,3,50.0
6154,-4009304.704979234,0.8264821871300695,1843,-220521.34887936292,0.9896686288573033,1924,-804885.7972062475,0.9357683524899911,1215,957734.3390123604,1.0864787844748385,1172,-4076977.512052484,-4229826.053858597,152848.54180611297,11,-1390692.8051712962,-5909777.509640483,50.0,-1.5,800000000.0,4.5,5.0,4.0,3,0.0
4566,-3170939.2008209126,0.8536824115373338,1407,-488752.63823112845,0.9754138797992343,1434,-1356799.455524819,0.8844985548448007,888,1918457.5056997004,1.2116910187692422,837,-3098033.7888771594,-3659691.839052041,561658.0501748815,9,-1284942.4337372,-4699388.785149159,50.0,-1.5,800000000.0,4.5,5.0,4.0,5,50.0
4284,-4164770.025413557,0.8036725311778972,1319,-375040.5513792983,0.9798827296012351,1351,-788680.1800385598,0.9263303464455058,823,2898801.14046025,1.3355410685912164,791,-2429689.616371167,-4539810.576792855,2110120.9604216903,9,-1168569.01856206,-4101927.9465191667,50.0,-1.5,800000000.0,4.5,5.0,4.0,5,0.0
9289,-3192288.2085338775,0.8691586080370144,2746,-1306932.4582903245,0.9457274822503433,2865,117539.29687966313,1.008574687577377,1866,1337592.5086210105,1.106729877782029,1812,-3044088.8613235275,-4499220.666824202,1455131.8055006736,9,-840935.7467976515,-5018608.860154527,50.0,-1.5,800000000.0,4.5,0.0,2.0,2,50.0
9143,-2955929.696784975,0.876946469405367,2701,-846557.1969246635,0.9641263314469612,2827,-251300.53552808778,0.9816198331019456,1838,1511378.174462471,1.1227447383396367,1777,-2542409.2547752555,-3802486.8937096386,1260077.6389343832,9,-838337.0313448269,-4742792.585646255,50.0,-1.5,800000000.0,4.5,0.0,2.0,2,0.0
7286,-3047224.029891371,0.8671595588970044,2216,-859480.8652141357,0.960463753008339,2260,-446612.7713548091,0.9653450241694732,1438,1361615.1522960118,1.1214774709461703,1372,-2991702.5141643034,-3906704.8951055063,915002.3809412026,10,-1327324.2195085096,-5111661.397356443,50.0,-1.5,800000000.0,4.5,0.0,2.0,3,50.0
6973,-3405072.4206703184,0.847055941096211,2123,-1231564.9040147278,0.9419990209199073,2168,-373173.17588980903,0.9702935159355249,1381,1580145.8880264717,1.1508549132646244,1301,-3429664.612548383,-4636637.324685046,1206972.7121366626,11,-1386149.8323628295,-5977423.495079523,50.0,-1.5,800000000.0,4.5,0.0,2.0,3,0.0
5696,-2209099.2663133554,0.8951934729026337,1783,-524428.8639437943,0.9737024594559437,1781,-1193468.1729711066,0.9008083757870836,1117,3082605.60735536,1.335811617226289,1015,-844390.6958728961,-2733528.1302571497,1889137.4343842533,11,-1351897.56702342,-3193889.8087226367,50.0,-1.5,800000000.0,4.5,0.0,2.0,5,50.0
5012,-1767240.602554973,0.9067107876207046,1560,-939759.4022625806,0.94894280046267,1575,-505764.36340678076,0.9530130962971828,980,2424327.3717423915,1.2927908236283445,897,-788436.9964819425,-2707000.004817554,1918563.0083356109,13,-1062786.4767416995,-3737613.658866943,50.0,-1.5,800000000.0,4.5,0.0,2.0,5,0.0
8764,-3624254.1433797805,0.8550860011428032,2584,-884473.9269764783,0.963139207386438,2695,-103500.55189493025,0.9925924967384024,1778,1217469.9095448302,1.0955013643796063,1707,-3394758.71270636,-4508728.070356259,1113969.3576499,10,-908529.2853267608,-5385778.71058736,50.0,-1.5,800000000.0,4.5,0.0,3.0,2,50.0
8639,-3732403.564846533,0.8501327394052715,2550,-606287.2636612253,0.9740481158703745,2660,246813.6149373782,1.018190791072538,1748,1383807.2435673308,1.109258059131437,1681,-2708069.970003049,-4338690.828507759,1630620.8585047089,9,-1145162.541155714,-4860469.967884049,50.0,-1.5,800000000.0,4.5,0.0,3.0,2,0.0
6574,-2617514.8173255837,0.8857794232561411,1982,608367.16096491,1.0283930725145651,2036,-693337.2957750179,0.9452175688194254,1303,833316.8724780194,1.0735375523105788,1253,-1869168.0796576727,-2009147.6563606737,139979.5767030015,10,-965685.6600614345,-3982390.294222813,50.0,-1.5,800000000.0,4.5,0.0,3.0,3,50.0
6298,-2637749.243675618,0.8817628157692906,1908,92103.3264981343,1.004418888917393,1952,-754662.9096083363,0.9389752502914204,1246,1168430.8909202996,1.1097581870974484,1192,-2131877.935865521,-2545645.9171774834,413767.9813119633,10,-938109.2392075543,-4675603.482192661,50.0,-1.5,800000000.0,4.5,0.0,3.0,3,0.0
4849,-3024016.721161983,0.8584116149000146,1496,299579.99978535913,1.01566860745442,1509,-1793319.9469231828,0.8521194371103231,950,2269432.5980401095,1.2376156712285933,894,-2248324.070259696,-2724436.721376624,476112.6511169267,8,-1018646.5510372501,-4705053.490228136,50.0,-1.5,800000000.0,4.5,0.0,3.0,5,50.0
4301,-3815263.65995839,0.8095322136307288,1338,932226.1148740216,1.0540243708374462,1345,-556818.3587533508,0.9476461295793507,827,1578653.1558682276,1.1775161063206836,791,-1861202.7479694914,-2883037.5450843684,1021834.7971148768,10,-1304208.2270180047,-4975512.743841492,50.0,-1.5,800000000.0,4.5,0.0,3.0,5,0.0
8566,-4972490.6288191695,0.8054361386518196,2506,-584341.5718768793,0.9756943523730807,2644,384622.87830064,1.0285813234168584,1738,746309.5933395308,1.0583204351191104,1678,-4425899.729055878,-5556832.200696049,1130932.4716401708,9,-1082708.9631915798,-6416886.392684878,50.0,-1.5,800000000.0,4.5,0.0,4.0,2,50.0
8447,-4477773.181536862,0.8213924673286547,2472,-1032964.6219369303,0.9566451411060269,2608,327970.3843003886,1.024463912167478,1709,545513.3239714906,1.0427168503345887,1658,-4637254.095201913,-5510737.803473792,873483.7082718792,8,-1176725.105907106,-6793520.758830913,50.0,-1.5,800000000.0,4.5,0.0,4.0,2,0.0
6272,-4044688.907530131,0.8257676198185303,1876,1182515.2734333156,1.0557171631041284,1953,-365226.5339544474,0.970737735120484,1246,155505.47533080014,1.0138817446839479,1197,-3071894.692720462,-2862173.6340968153,-209721.0586236473,11,-1292220.249958744,-5165516.908405602,50.0,-1.5,800000000.0,4.5,0.0,4.0,3,50.0
6011,-4509663.778990218,0.8051793173451841,1802,-801667.9615410732,0.9620869319374754,1871,232597.79672859315,1.0198654041883994,1189,642863.6576435601,1.060268106572178,1149,-4435870.286159137,-5311331.740531292,875461.4543721533,10,-1591918.7625798634,-6943162.499126277,50.0,-1.5,800000000.0,4.5,0.0,4.0,3,0.0
4453,-3603830.620445462,0.8306741404828343,1364,-40751.440061741974,0.9979183771804818,1399,-893743.2929836762,0.9211868353704488,870,1704437.0044356002,1.1859214072931146,820,-2833888.349055281,-3644582.060507204,810693.711451924,9,-891447.27538942,-5204806.656504861,50.0,-1.5,800000000.0,4.5,0.0,4.0,5,50.0
3986,-4110109.166974347,0.7946694464026169,1219,237959.3780117554,1.013499994181325,1260,-603013.2740547007,0.9427069774511578,771,1683537.0941375038,1.2024299753977579,736,-2791625.9688797886,-3872149.7889625914,1080523.820082803,10,-1091128.6027094345,-6053716.743822349,50.0,-1.5,800000000.0,4.5,0.0,4.0,5,0.0
5231,-1321038.4363582844,0.8699232582402228,1244,381088.1392524289,1.0363333007308793,1416,-1002615.5939276717,0.8920022904607539,1260,1505428.0926205297,1.1798372600008442,1311,-437137.79841299716,-939950.2971058555,502812.49869285803,12,-924311.7953845919,-1521691.1306244973,50.0,-3.0,2000000000.0,3.0,3.0,2.0,2,50.0
5226,-1273946.4363582844,0.874735466214098,1244,318166.97253342904,1.0302526792324609,1415,-1021240.9273276716,0.8902822497104036,1259,1469330.49256053,1.1755364428181556,1308,-507689.89859199687,-955779.4638248554,448089.5652328585,12,-924311.7953845919,-1593443.230803497,50.0,-3.0,2000000000.0,3.0,3.0,2.0,2,0.0
4502,-1344703.0505543277,0.8722826380529061,1110,404182.11995796615,1.036868779307893,1247,-544470.0049395377,0.9402574746891657,1056,2042663.2553268007,1.2486917682619734,1089,557672.3197909014,-940520.9305963615,1498193.250387263,14,-500580.59705388924,-738361.0115290985,50.0,-3.0,2000000000.0,3.0,3.0,2.0,3,50.0
4485,-1219573.0505543277,0.8836342240687386,1109,373304.2383798262,1.034015672752126,1244,-502694.44811249786,0.944448181886547,1050,2044238.421752251,1.2489847195104875,1082,695275.1614652514,-846268.8121745015,1541543.9736397532,13,-510289.79998671927,-618708.1698547485,50.0,-3.0,2000000000.0,3.0,3.0,2.0,3,0.0
3908,-1161131.7405863358,0.8918140822126358,988,349621.55603128765,1.0303268465006266,1111,-1137214.4765180056,0.8805155922337238,907,1526516.9774199608,1.187681468721245,902,-422207.6836530927,-811510.1845550481,389302.5009019552,13,-793368.0322385995,-1770541.0149730926,50.0,-3.0,2000000000.0,3.0,3.0,2.0,5,50.0
3886,-1129560.4069144698,0.8944163630237355,983,318808.6386852074,1.0277008788366437,1106,-1153466.8095246758,0.8781484570973238,900,1564330.6774119104,1.1940112225348127,897,-399887.9003420274,-810751.7682292624,410863.86788723455,14,-813384.0322385995,-1748221.2316620273,50.0,-3.0,2000000000.0,3.0,3.0,2.0,5,0.0
5017,-1224136.4423822635,0.8782994118835331,1188,-37110.41646463808,0.9965552109784537,1363,-1327977.9599318723,0.8614475493281412,1207,1542062.1442965197,1.1819719196427327,1259,-1047162.6744822536,-1261246.8588469015,214084.18436464737,10,-824785.1109738725,-2212596.0066937534,50.0,-3.0,2000000000.0,3.0,3.0,3.0,2,50.0
5012,-1147834.4423822637,0.8857147368457683,1188,-103585.83318363829,0.9904154457205687,1362,-1303306.2933318722,0.86389382431905,1206,1515502.1442365195,1.1787575330822069,1256,-1039224.4246612531,-1251420.275565902,212195.85090464726,10,-824785.1109738725,-2205632.756872753,50.0,-3.0,2000000000.0,3.0,3.0,3.0,2,0.0
4161,-730094.9482364629,0.9291150009752014,1017,-664805.6059091429,0.9421091568820883,1162,-1068279.1259046234,0.8851255583434116,979,2479034.31920628,1.3171085466346026,1003,15854.639156051213,-1394900.5541456058,1410755.1933016567,11,-636233.7658132145,-1223103.6930554488,50.0,-3.0,2000000000.0,3.0,3.0,3.0,3,50.0
4149,-707687.9482364628,0.9313825024062279,1017,-643676.6896916529,0.9440343399893489,1161,-1043573.5824678233,0.8869582437167777,974,2479038.58589028,1.3173533407732612,997,84100.36549434136,-1351364.6379281157,1435465.0034224568,12,-636233.7658132145,-1174682.9667171587,50.0,-3.0,2000000000.0,3.0,3.0,3.0,3,0.0
3408,-1318820.1674766764,0.8803347088559194,871,171899.19241167378,1.0148170876896012,985,-1347606.40038121,0.8545484358783475,774,2345487.069485331,1.320757016431683,778,-149040.30596088176,-1146920.9750650027,997880.6691041209,11,-920574.5314847798,-1384173.6381723818,50.0,-3.0,2000000000.0,3.0,3.0,3.0,5,50.0
3394,-1311865.8343521762,0.8807907623551988,867,126062.19180087367,1.0108932081560587,979,-1228491.06719178,0.8662437521427597,772,2335199.0699643204,1.3191847566053607,776,-79095.63977876201,-1185803.6425513024,1106708.0027725403,10,-920574.5314847798,-1314245.6391187618,50.0,-3.0,2000000000.0,3.0,3.0,3.0,5,0.0
4973,-1604155.1325063638,0.8436471113155601,1178,18196.748076994845,1.0016750922356235,1351,-1189473.254789581,0.8717433443506768,1193,1418231.6282014896,1.1662935710863411,1251,-1357200.0110174606,-1585958.384429369,228758.3734119085,11,-824633.0439422375,-2521133.3432289604,50.0,-3.0,2000000000.0,3.0,3.0,4.0,2,50.0
4968,-1534853.1325063638,0.8502850609566168,1178,-58044.91864200507,0.994678470794588,1350,-1188176.5881895812,0.8721722620855198,1192,1391671.6281414896,1.1631066256082774,1248,-1389403.0111964599,-1592898.051148369,203495.0399519084,11,-824633.0439422375,-2554536.3434079597,50.0,-3.0,2000000000.0,3.0,3.0,4.0,2,0.0
4023,-997347.1771061153,0.9026847169763439,981,-1054162.2806727574,0.9088294925403091,1128,-815567.7178544782,0.9098494386349184,945,2094544.79212899,1.2718400075906822,969,-772532.3835043616,-2051509.4577788727,1278977.0742745118,11,-680290.6979328394,-1944690.7157158616,50.0,-3.0,2000000000.0,3.0,3.0,4.0,3,50.0
4010,-984845.177106115,0.9037072795016665,980,-1102976.6143267574,0.9049228120349074,1126,-823609.8540652781,0.908486840983044,940,2065725.95881299,1.2668869749570755,964,-845705.6866851605,-2087821.7914328724,1242116.104747712,10,-680290.6979328394,-2037689.0188966605,50.0,-3.0,2000000000.0,3.0,3.0,4.0,3,0.0
3184,-1562485.111726715,0.8582456358516469,816,-750959.8822923135,0.9379528881827628,925,-814348.1982243204,0.9047179051243552,716,1366843.7450288902,1.1854401691798044,727,-1760949.4472144584,-2313444.9940190287,552495.5468045698,10,-952693.0642869198,-2937616.1121219583,50.0,-3.0,2000000000.0,3.0,3.0,4.0,5,50.0
3165,-1629890.777413648,0.8532513062167829,816,-762672.8830843138,0.9363626850999622,917,-858915.8644530406,0.8993310294899964,712,1432749.2452113903,1.198003996152691,720,-1818730.279739612,-2392563.660497962,573833.3807583497,10,-952693.0642869198,-2996896.944647112,50.0,-3.0,2000000000.0,3.0,3.0,4.0,5,0.0
5178,-1732713.6714920686,0.8292229688159406,1230,153289.6094461276,1.0146200641208807,1397,-1003253.4243958184,0.8918804335953628,1251,1810361.9249485796,1.2175895122495766,1300,-772315.5614931798,-1579424.062045941,807108.5005527613,12,-880945.3388700745,-1909676.2264331796,50.0,-3.0,2000000000.0,3.0,5.0,2.0,2,50.0
5171,-1652988.6715840688,0.8373690616242322,1230,162919.28291552782,1.0154901224959307,1396,-1013670.4241898183,0.8910421670616604,1250,1706405.5249787045,1.2046498751306765,1295,-797334.2878796551,-1490069.3886685409,692735.1007888862,11,-880945.3388700745,-1950430.952269655,50.0,-3.0,2000000000.0,3.0,5.0,2.0,2,0.0
4361,-1403642.2907214626,0.8633610970500363,1068,394213.8801127664,1.0363052432511184,1212,-945398.2562440645,0.8960266277769269,1027,2085915.99622385,1.2559813555944737,1054,131089.32937108935,-1009428.4106086962,1140517.7399797854,13,-736116.9433299822,-1151970.6680219106,50.0,-3.0,2000000000.0,3.0,5.0,2.0,3,50.0
4320,-1268848.0181340126,0.8752130935091254,1060,385496.581305255,1.0354683566843932,1203,-948259.3499663246,0.8944560055475569,1014,2439146.8274787255,1.307419528751469,1043,607536.0406836434,-883351.4368287576,1490887.4775124008,14,-683721.9434557322,-715397.2905863565,50.0,-3.0,2000000000.0,3.0,5.0,2.0,3,0.0
3632,-1660251.900778684,0.8440057025871821,924,-201807.64569951402,0.9824538874971319,1045,-1147527.3212619626,0.8743196972597563,834,1424661.0411777701,1.1808211186960924,829,-1584925.8265623907,-1862059.5464781981,277133.7199158075,12,-871222.8462490394,-2902642.4905703906,50.0,-3.0,2000000000.0,3.0,5.0,2.0,5,50.0
3531,-1759998.3982016721,0.8318488014348805,903,-280341.7985097936,0.9751521379704485,1014,-1332373.523186613,0.848552056125406,803,1306160.8076955802,1.1680081514919596,811,-2066552.912202499,-2040340.1967114657,-26212.715491032926,12,-839402.7129173595,-3421011.2434404986,50.0,-3.0,2000000000.0,3.0,5.0,2.0,5,0.0
4966,-1603462.9263144643,0.8402447415675186,1179,-348484.7440084733,0.9675837099959673,1345,-1378341.8937448186,0.8553377903928271,1195,1711568.01022923,1.2019626035680295,1247,-1618721.553838526,-1951947.6703229377,333226.1164844113,10,-768757.1544593552,-2836118.218778526,50.0,-3.0,2000000000.0,3.0,5.0,3.0,2,50.0
4955,-1470143.9266860643,0.8531382294381666,1178,-368909.3205390729,0.9658081573498613,1344,-1320675.2267948184,0.8612590733325495,1194,1686901.0100369947,1.1997104639465284,1239,-1472827.463982961,-1839053.2472251372,366225.7832421763,10,-768757.1544593552,-2704910.7955479613,50.0,-3.0,2000000000.0,3.0,5.0,3.0,2,0.0
4042,-790616.4920446945,0.9220982785527252,990,-491240.5941569817,0.9566678084785417,1127,-991416.7257143101,0.8884242647953423,952,2429772.92347429,1.3094812588721914,973,156499.11155830394,-1281857.0862016762,1438356.1977599799,10,-549252.0656216543,-1137544.220551696,50.0,-3.0,2000000000.0,3.0,5.0,3.0,3,50.0
4001,-725946.4922238942,0.9281911286420993,982,-435934.4766142933,0.9616838717679439,1121,-922292.5991812302,0.8943067631710522,939,2528464.8552871644,1.3265012998293226,959,444291.2872677471,-1161880.9688381874,1606172.2561059343,11,-557599.3324036545,-879208.712072253,50.0,-3.0,2000000000.0,3.0,5.0,3.0,3,0.0
3176,-1406948.2669779533,0.8700532326239295,816,103830.73680121487,1.0091754047696966,920,-1087682.9994865772,0.8768122440790674,726,2569610.8013578705,1.370581531842278,714,178810.27169455413,-1303117.5301767383,1481927.8018712932,11,-929574.4155083796,-1174783.0592534458,50.0,-3.0,2000000000.0,3.0,5.0,3.0,5,50.0
3100,-1575776.0990641534,0.8517966168974673,797,-345344.9535777351,0.9695659941362081,898,-892075.5566799196,0.8957794071789141,705,2355949.3254620703,1.3396724423965103,700,-457247.28385973815,-1921121.0526418886,1463873.7687821507,11,-910705.7825198597,-1863855.615937738,50.0,-3.0,2000000000.0,3.0,5.0,3.0,5,0.0
4924,-1854299.255389844,0.81850388776107,1169,-555379.2458781602,0.9493498863381605,1333,-1073397.5386327277,0.8822002223931629,1183,1590283.6608871997,1.1855751425867604,1239,-1892792.3790135318,-2409678.501268004,516886.122254472,11,-755571.9208577202,-3110189.043953532,50.0,-3.0,2000000000.0,3.0,5.0,4.0,2,50.0
4912,-1727912.255854644,0.8305481895060558,1168,-585570.0724087599,0.94683344261183,1332,-976735.8716827277,0.8930310886788272,1181,1523783.1608003248,1.1777136081702655,1231,-1766435.0391458068,-2313482.328263404,547047.289117597,11,-755571.9208577202,-2998518.370710807,50.0,-3.0,2000000000.0,3.0,5.0,4.0,2,0.0
3915,-1275550.81453974,0.8759675616998595,959,-976920.5112949165,0.9141099197987073,1096,-620469.8023115245,0.9280899287683387,921,2544528.8962693503,1.337700717175304,939,-328412.2318768315,-2252471.3258346566,1924059.0939578258,11,-619508.3313491592,-1605355.5639868313,50.0,-3.0,2000000000.0,3.0,5.0,4.0,3,50.0
3872,-1274645.8145113399,0.8752298282729473,951,-1004533.3103022277,0.9122865055011927,1090,-618381.893846717,0.927067242982137,906,2497482.228082225,1.3353952024284337,925,-400078.7905780594,-2279179.124813568,1879100.3342355082,11,-675365.1314111595,-1714062.1226880592,50.0,-3.0,2000000000.0,3.0,5.0,4.0,3,0.0
2970,-1908633.9408510067,0.8288413271860678,764,-1063011.57136705,0.9108694676793498,867,-1017343.011531688,0.8798642283517543,666,1724661.9763559,1.2488923770255214,673,-2264326.5473938445,-2971645.5122180567,707318.964824212,10,-1130331.3580995596,-3537959.8776858444,50.0,-3.0,2000000000.0,3.0,5.0,4.0,5,50.0
2912,-2116083.440773267,0.8057613195252862,748,-1299485.22815871,0.8907615389855646,852,-853975.3332888423,0.89777346471453,655,1436136.3347376501,1.203197232643249,657,-2833407.6674831687,-3415568.668931977,582161.0014488078,8,-1098198.0249595596,-4143915.9989051684,50.0,-3.0,2000000000.0,3.0,5.0,4.0,5,0.0
5171,-1749170.250533423,0.827978747122281,1230,98281.1336243776,1.009369763798711,1393,-1071570.9244463507,0.8845179284658531,1251,1774246.5919981794,1.2142434975373255,1297,-948213.4493572155,-1650889.1169090453,702675.6675518288,11,-828260.6169470225,-2470356.7803812153,50.0,-3.0,2000000000.0,3.0,0.0,2.0,2,50.0
5160,-1795936.8506234228,0.8236568421419822,1230,89447.47399377794,1.0085010569034871,1390,-1045167.2576763507,0.8874254549865218,1249,1671185.1920256796,1.201358764170312,1291,-1080471.4422803156,-1706489.3766296448,626017.934349329,11,-828260.6169470225,-2650054.7733043153,50.0,-3.0,2000000000.0,3.0,0.0,2.0,2,0.0
4331,-1471470.3617130043,0.8557720499822967,1060,267474.0128636566,1.0246334631433094,1204,-762429.8678476969,0.9159257573808283,1022,1927578.4958047,1.2396638671698577,1045,-38847.7208923446,-1203996.3488493478,1165148.6279570032,13,-753474.5366557997,-1847850.9569581945,50.0,-3.0,2000000000.0,3.0,0.0,2.0,3,50.0
4254,-1599996.6934501443,0.8412166418175429,1046,683544.9617470619,1.0635951164784176,1187,-931422.6279129568,0.8955771294533171,1002,2513989.49378544,1.3268109385334872,1019,666115.1341694015,-916451.7317030823,1582566.8658724832,12,-787954.5368032998,-1378209.8623710987,50.0,-3.0,2000000000.0,3.0,0.0,2.0,3,0.0
3573,-2101741.943637252,0.8010479949153418,910,-178716.15515058057,0.9844044179050233,1029,-1130048.381489285,0.8759129052777391,823,1076447.0410332205,1.1379021076568623,811,-2334059.439243897,-2280458.0987878325,-53601.34045606456,9,-730884.7126468396,-4251412.770873897,50.0,-3.0,2000000000.0,3.0,0.0,2.0,5,50.0
3369,-2250739.4589629564,0.7780576403061308,867,250340.43103843322,1.0228483601341558,968,-1274945.4828268855,0.8515791917377187,773,1411196.6396349804,1.1919164183629187,761,-1864147.8711164277,-2000399.0279245232,136251.15680809482,11,-807087.7121391597,-4536911.381998528,50.0,-3.0,2000000000.0,3.0,0.0,2.0,5,0.0
4959,-1739442.5053558182,0.8271825920342035,1179,-476017.5533042231,0.9557470715909233,1341,-1475934.393795351,0.845020265087196,1194,1530377.67727883,1.1810618321378012,1245,-2161016.7751765614,-2215460.0586600415,54443.28348347894,10,-734122.4325363032,-3703560.1055605616,50.0,-3.0,2000000000.0,3.0,0.0,3.0,2,50.0
4945,-1731615.9057254181,0.8274527230861644,1178,-545072.129359823,0.9495109374656007,1338,-1389151.0602813512,0.8537736109710992,1193,1548105.67708397,1.1838650471315133,1236,-2117733.418282622,-2276688.0350852413,158954.61680261884,10,-734122.4325363032,-3691516.7486666217,50.0,-3.0,2000000000.0,3.0,0.0,3.0,2,0.0
4012,-867108.896940008,0.9137122667778341,984,-463673.54486868123,0.9589098262011431,1119,-999439.8364051424,0.8873969682350495,948,2236336.4225738896,1.2890031151867265,961,-93885.85563994152,-1330782.4418086894,1236896.5861687472,11,-521138.73193205433,-1949715.7599417914,50.0,-3.0,2000000000.0,3.0,0.0,3.0,3,50.0
3941,-1091675.1684528482,0.8912348507601229,970,-22149.680209075916,0.9980334234231157,1105,-1138405.2928310623,0.869583608230706,928,2416236.52123789,1.3174230014310901,938,164006.37974490318,-1113824.8486619242,1277831.2284068274,9,-547985.9986220545,-1988585.2831355967,50.0,-3.0,2000000000.0,3.0,0.0,3.0,3,0.0
3122,-1725020.4765047194,0.8376910418200536,802,14247.99997571489,1.001260863292822,906,-957430.6931819598,0.8898733587787889,716,2028006.3019395703,1.2902643865530579,698,-640196.8677713934,-1710772.4765290045,1070575.6087576104,10,-834091.0825697795,-2640500.2002213933,50.0,-3.0,2000000000.0,3.0,0.0,3.0,5,50.0
2970,-1432319.621986549,0.8583975192114105,769,218513.48560047767,1.0197501939397065,861,-679259.820235262,0.9185276168741919,681,1589037.49053937,1.2309346927365963,659,-304028.46608196374,-1213806.1363860713,909777.6703041081,9,-800825.7820172599,-3086483.642004064,50.0,-3.0,2000000000.0,3.0,0.0,3.0,5,0.0
4917,-1957070.834431198,0.8083509635418015,1169,-684362.05517391,0.9376356772400972,1329,-1162822.5384432601,0.872386295389389,1183,1476445.8280277997,1.1729052353828644,1236,-2327809.6000205684,-2641432.8896051077,313623.2895845396,11,-720937.1989346682,-3875602.930404568,50.0,-3.0,2000000000.0,3.0,0.0,4.0,2,50.0
4901,-1924757.034893998,0.8105116722379514,1168,-766782.8812295101,0.9304346303916532,1326,-1018014.2049292602,0.8883343195810914,1180,1452340.3279382996,1.170074517574914,1227,-2257213.7931144675,-2691539.916123508,434326.12300903944,11,-720937.1989346682,-3836247.1234984673,50.0,-3.0,2000000000.0,3.0,0.0,4.0,2,0.0
3889,-1428797.652940406,0.8601780908598428,956,-872218.6295119155,0.9231747753303455,1090,-597764.4134991568,0.9304184066588025,916,2565730.7290969994,1.3463718237662563,927,-333049.9668544794,-2301016.2824523216,1967966.3155978424,11,-597085.6650755593,-2202203.2037403295,50.0,-3.0,2000000000.0,3.0,0.0,4.0,3,50.0
3826,-1597073.329847526,0.8426596898633848,944,-467012.8483683106,0.9591094054729601,1077,-760412.0604338166,0.9093250292152607,896,2471485.8938842,1.335907746088086,909,-353012.34476545267,-2064086.1782158366,1711073.8334503835,11,-657075.7984295593,-2478604.0076459525,50.0,-3.0,2000000000.0,3.0,0.0,4.0,3,0.0
2919,-2133613.7720251717,0.8016200475950211,747,-718129.8871201795,0.939019446945919,854,-1343975.3320668102,0.8406247719251309,657,1550197.8103146006,1.2250158633103534,661,-2645521.180897561,-2851743.659145351,206222.47824779036,8,-1072537.0248685596,-4519912.013347561,50.0,-3.0,2000000000.0,3.0,0.0,4.0,5,50.0
2781,-2332157.3182042376,0.7751980834365514,719,-492848.6625285775,0.957673434598701,818,-1235383.2974467922,0.8476793834752091,627,1580931.3336516,1.240879658082021,617,-2479457.944528007,-2825005.9807328153,345548.0362048077,9,-1219023.6909645598,-5179688.120450107,50.0,-3.0,2000000000.0,3.0,0.0,4.0,5,0.0
7576,-2236136.1659740917,0.8783608525613438,2027,-296398.27855506586,0.9847945883881802,2280,-1073466.9763581578,0.9178468673307075,1642,1729049.304137852,1.1513633522034588,1627,-1876952.1167494627,-2532534.4445291576,655582.3277796942,15,-1408120.2073383718,-3070577.1146994624,50.0,-3.0,2000000000.0,4.5,3.0,2.0,2,50.0
7568,-2165150.8328796914,0.882313212992759,2027,-371270.111807066,0.9809833555654819,2277,-1177152.3094831575,0.9103532961234437,1641,1662173.704240092,1.1455118032863556,1623,-2051399.549929823,-2536420.9446867574,485021.3947569346,15,-1408120.2073383718,-3245024.5478798226,50.0,-3.0,2000000000.0,4.5,3.0,2.0,2,0.0
6450,-2020422.7958915061,0.8908728854968091,1789,51641.70082607237,1.0027283804990998,1964,-861240.5313407034,0.9306488295420646,1361,2595199.2608937346,1.2436108878799537,1336,-234822.36551240296,-1968781.0950654338,1733958.7295530313,15,-998859.3771757545,-1609547.363102403,50.0,-3.0,2000000000.0,4.5,3.0,2.0,3,50.0
6440,-1982391.1288990062,0.8927363703227164,1788,175170.8674460724,1.0092620859040184,1963,-870545.0410787435,0.9297742453637047,1355,2499034.9612271544,1.232893766155858,1334,-178730.34130452294,-1807220.2614529338,1628489.9201484108,15,-1007859.3771757545,-1553455.338894523,50.0,-3.0,2000000000.0,4.5,3.0,2.0,3,0.0
5623,-1729501.350565312,0.9059293875818138,1614,-182991.07790269202,0.9903868715637778,1738,-1220662.7076905596,0.9010538359348483,1151,1892028.1962932323,1.1804856332035971,1120,-1241126.9398653319,-1912492.4284680039,671365.4886026727,11,-1010643.482553576,-2615526.937455332,50.0,-3.0,2000000000.0,4.5,3.0,2.0,5,50.0
5597,-1900294.6825078628,0.8965318265808538,1601,-145207.14514967194,0.9923803292907478,1736,-1143470.3406386194,0.9067107885773381,1144,2021976.3963521821,1.1943471573844846,1116,-1166995.7719439722,-2045501.8276575347,878506.0557135628,10,-1010643.482553576,-2541395.7695339723,50.0,-3.0,2000000000.0,4.5,3.0,2.0,5,0.0
7165,-2574428.16421357,0.8640660990266392,1911,-968708.0299109432,0.9513777806848719,2150,-1013765.2613740959,0.9228389880046638,1559,1533214.980181842,1.1320641784416838,1545,-3023686.4753167666,-3543136.1941245133,519449.7188077462,12,-1152315.2775988122,-4342511.473746766,50.0,-3.0,2000000000.0,4.5,3.0,3.0,2,50.0
7158,-2528166.83111917,0.8665829509583066,1911,-1034215.1131629436,0.9481896366419136,2148,-948659.5944756955,0.9277142649321826,1558,1455135.979868642,1.1249213673992884,1541,-3055905.5588891674,-3562381.9442821136,506476.38539294654,12,-1152315.2775988122,-4374730.557319167,50.0,-3.0,2000000000.0,4.5,3.0,3.0,2,0.0
5848,-2418599.246655391,0.8733913650844062,1616,-1429186.7329162722,0.9275448323850041,1779,-1043315.7543623075,0.9162130789903834,1242,2625651.73174221,1.254803750736936,1211,-2265450.0021917606,-3847785.9795716633,1582335.9773799027,12,-1071539.5480129637,-3662025.0006217603,50.0,-3.0,2000000000.0,4.5,3.0,3.0,3,50.0
5832,-2435502.246568491,0.8725394226499937,1614,-1277785.7329162722,0.9349097495047272,1776,-928989.9046632275,0.9249675315856021,1236,2485214.2980007203,1.2386678334069436,1206,-2157063.58614727,-3713287.9794847635,1556224.3933374928,12,-1071539.5480129637,-3553638.58457727,50.0,-3.0,2000000000.0,4.5,3.0,3.0,3,0.0
4787,-2927010.5834473893,0.8468274389539732,1374,-833400.3107499987,0.9560839199393525,1475,-1040609.1789095902,0.9125111035011719,980,2073367.8967027385,1.2092403311008464,958,-2727652.176404239,-3760410.894197388,1032758.7177931482,12,-1282511.4489848237,-4148202.1748342393,50.0,-3.0,2000000000.0,4.5,3.0,3.0,5,50.0
4757,-2786086.541265489,0.8526703138878563,1364,-768646.2107583982,0.9593772555350054,1471,-1188350.0952288008,0.9001903200941667,972,1981846.0870452882,1.2027235261231628,950,-2761236.7602073997,-3554732.7520238874,793495.9918164874,12,-1277130.448984824,-4074686.7586373994,50.0,-3.0,2000000000.0,4.5,3.0,3.0,5,0.0
7021,-3525234.849542994,0.819115598891225,1857,-1371105.5413213612,0.9323706263346806,2111,-921579.8048087528,0.9281134181186877,1529,1443991.0890667227,1.1251308980601527,1524,-4373929.106606386,-4896340.3908643555,522411.2842579698,9,-1601586.8839053928,-5678054.105036385,50.0,-3.0,2000000000.0,4.5,3.0,4.0,2,50.0
7011,-3429706.183378594,0.824020309346976,1856,-1419399.8746493615,0.9301328657519798,2107,-989173.1382087528,0.9231942188204006,1528,1377180.4220947223,1.1191650968067137,1520,-4461098.774141986,-4849106.058027956,388007.28388596943,10,-1601586.8839053928,-5765223.772571986,50.0,-3.0,2000000000.0,4.5,3.0,4.0,2,0.0
5573,-3131719.1097922055,0.8384539829246049,1531,-1327844.2769368985,0.9313529745451058,1703,-373417.65535824007,0.9687263710928418,1181,2042445.7348593203,1.1979944497048478,1158,-2790535.307228024,-4459563.386729104,1669028.0795010803,9,-1273143.565132812,-4096710.305658024,50.0,-3.0,2000000000.0,4.5,3.0,4.0,3,50.0
5557,-3081723.7764053056,0.8404151215634381,1528,-1203027.6098935183,0.9375440280179639,1700,-315902.8045952405,0.9735146585336941,1176,1765019.7013963205,1.1683017961224955,1153,-2835634.489497744,-4284751.386298824,1449116.89680108,10,-1295403.5648578117,-4141809.487927744,50.0,-3.0,2000000000.0,4.5,3.0,4.0,3,0.0
4396,-3641987.9857280697,0.8135078415996223,1266,-1365249.9436696284,0.9287635519804099,1358,-1072843.1683803722,0.9071819980599879,895,2116765.767571074,1.227814481728595,877,-3963315.3302069954,-5007237.9293976985,1043922.5991907017,11,-1415197.697781012,-5348078.661332996,50.0,-3.0,2000000000.0,4.5,3.0,4.0,5,50.0
4374,-3404564.457299903,0.8234003394742992,1259,-1390763.6770090288,0.9273710979663031,1354,-1010248.0378340022,0.9120656222708496,890,2198664.767687824,1.2407138023162858,871,-3606911.404455109,-4795328.134308932,1188416.729853822,10,-1504617.6975278119,-4967474.735581109,50.0,-3.0,2000000000.0,4.5,3.0,4.0,5,0.0
7395,-2094307.071112581,0.8841862553309222,1967,-858795.6161519029,0.9561897426348155,2223,-885936.9756297144,0.9317778401136405,1615,1846618.0032330193,1.1610755138926567,1590,-1992421.6596611794,-2953102.687264484,960681.0276033048,12,-1278370.6235272847,-3341546.657483179,50.0,-3.0,2000000000.0,4.5,5.0,2.0,2,50.0
7362,-2156890.4045326407,0.8805687158870388,1959,-943638.9973102771,0.951929808369094,2216,-897019.1425849893,0.9310001821072111,1608,1941848.7364613842,1.1712701665036445,1579,-2055699.8079665233,-3100529.401842918,1044829.5938763949,13,-1278370.6235272847,-3433624.8057885235,50.0,-3.0,2000000000.0,4.5,5.0,2.0,2,0.0
6081,-2289228.205381565,0.8725634556599017,1673,-227118.0280038258,0.9878612991067736,1849,-1114592.14768073,0.9097073018233776,1297,2865435.8072001636,1.2759306534708064,1262,-765502.5738659576,-2516346.2333853906,1750843.6595194335,14,-969305.8314655301,-2305252.5708479574,50.0,-3.0,2000000000.0,4.5,5.0,2.0,3,50.0
6018,-2739790.098076665,0.847226238992365,1654,-118012.40934402624,0.9936762269679763,1837,-1390773.2866880174,0.886810642737716,1282,2774041.3733049636,1.2707307262914307,1245,-1474534.4208037453,-2857802.507420691,1383268.0866169462,14,-982938.9288866272,-3068484.418393745,50.0,-3.0,2000000000.0,4.5,5.0,2.0,3,0.0
5029,-1740120.3208516142,0.8996738259308193,1431,-110190.86942707002,0.9940788711585777,1578,-1372790.2211921392,0.8824396318821656,1028,1688170.0645862217,1.1682773814271208,992,-1534931.346884602,-1850311.1902786843,315379.8433940825,12,-1237724.9506044262,-3136906.344776602,50.0,-3.0,2000000000.0,4.5,5.0,2.0,5,50.0
4866,-2064777.5992148565,0.8782406304054646,1386,-386555.33483172837,0.9788993599717037,1532,-1660302.2570447144,0.8531366829760837,989,1614913.798756474,1.1661822815053078,959,-2496721.3923348254,-2451332.934046585,-45388.45828824048,12,-1156208.2844069263,-4188921.390834825,50.0,-3.0,2000000000.0,4.5,5.0,2.0,5,0.0
6997,-2150887.8127061925,0.883544797843553,1853,-1476183.3932939994,0.9264962714929198,2098,-922406.3767834927,0.9295090808791164,1533,1498718.2046963198,1.1279103883265986,1513,-3050759.378087365,-3627071.206000192,576311.827912827,12,-957654.6544915847,-4539484.375909365,50.0,-3.0,2000000000.0,4.5,5.0,3.0,2,50.0
6968,-2213869.1458920427,0.8797314295360054,1846,-1567147.0244223732,0.9221173581780778,2091,-851753.8774947678,0.9349578001106844,1527,1501055.204620445,1.1276316115270792,1504,-3131714.8431887394,-3781016.170314416,649301.3271256771,9,-885187.9878015848,-4617039.841010739,50.0,-3.0,2000000000.0,4.5,5.0,3.0,2,0.0
5556,-2754708.1239883644,0.8538578651410457,1523,-1553016.572962122,0.9211379081548764,1689,-813000.535306874,0.9319869245432195,1178,3038119.5179714393,1.2951941824049222,1166,-2082605.714285921,-4307724.696950486,2225118.9826645656,13,-1106973.7490697487,-3609630.712715921,50.0,-3.0,2000000000.0,4.5,5.0,3.0,3,50.0
5488,-2753159.9582566647,0.8522875625968926,1506,-1460781.138928377,0.9254246341911373,1676,-650012.0367855288,0.9445482323694099,1160,3189926.382691949,1.312556028839303,1146,-1674026.751278622,-4213941.097185042,2539914.3459064206,12,-1082349.5834086237,-3229251.7497086218,50.0,-3.0,2000000000.0,4.5,5.0,3.0,3,0.0
4303,-3048739.815750845,0.8369593420997019,1243,-614735.6046099314,0.9669649182884021,1332,-592789.0851411481,0.9462827311092267,876,2581790.7454532464,1.280050359025604,852,-1674473.7600486777,-3663475.420360776,1989001.6603120985,12,-1296477.8669743736,-3270882.0912586777,50.0,-3.0,2000000000.0,4.5,5.0,3.0,5,50.0
4180,-3124533.5665732445,0.8288230101127518,1211,-1049541.066590923,0.9432934977805149,1307,-1238998.4526272132,0.8882603403167832,846,2801678.8076237566,1.3193291085201397,816,-2611394.278167626,-4174074.6331641674,1562680.3549965434,13,-1127384.4327592687,-4184719.2766676256,50.0,-3.0,2000000000.0,4.5,5.0,3.0,5,0.0
6872,-3108981.9096938623,0.8380119197256344,1811,-1577738.8213309706,0.9230556145970381,2066,-933221.5873016998,0.9268729103751923,1504,1099145.52619388,1.0928597456959432,1491,-4520796.792132653,-4686720.731024833,165923.93889218022,11,-1294130.8793690898,-6006821.789954653,50.0,-3.0,2000000000.0,4.5,5.0,4.0,2,50.0
6842,-3066372.9098097123,0.8397188022491573,1804,-1660750.7025353452,0.9192509636363503,2058,-1198228.587687015,0.9074240627170922,1497,1156039.5261180052,1.0978697897843228,1483,-4769312.673914067,-4727123.612345058,-42189.06156900991,10,-1294130.8793690898,-6251937.671736067,50.0,-3.0,2000000000.0,4.5,5.0,4.0,2,0.0
5300,-3594329.796256734,0.8108803073176988,1442,-1410224.8748884036,0.928565108778716,1623,-836993.8563583018,0.9287103077864225,1122,2438827.8531209994,1.2387285197268247,1113,-3402720.6743824407,-5004554.671145137,1601833.9967626976,11,-1401782.265290027,-4841545.67220444,50.0,-3.0,2000000000.0,4.5,5.0,4.0,3,50.0
5247,-3738019.724287445,0.803606653301546,1431,-1301992.3819889592,0.9339414236667408,1613,-669898.1901776942,0.9421988373197762,1109,2530791.7560679503,1.2526618734504722,1094,-3179118.5403861487,-5040012.106276404,1860893.565890256,11,-1445592.265710027,-4671343.538816148,50.0,-3.0,2000000000.0,4.5,5.0,4.0,3,0.0
3950,-2967154.6761310967,0.8407683766646392,1135,-2067819.7430416425,0.8923913230301449,1233,-152974.38182735088,0.985474275791994,799,1990341.6087723046,1.2239142714220412,783,-3197607.192227787,-5034974.41917274,1837367.2269449537,12,-1508215.78116354,-4759812.190727787,50.0,-3.0,2000000000.0,4.5,5.0,4.0,5,50.0
3865,-3789869.7269599163,0.7976325210903368,1115,-1955835.3187529785,0.8972872346887026,1214,-930999.4957096289,0.9137971406976283,780,2378810.6997631043,1.2774292863381267,756,-4297893.841659419,-5745705.045712895,1447811.2040534755,10,-1489390.58150696,-5941648.840999419,50.0,-3.0,2000000000.0,4.5,5.0,4.0,5,0.0
7374,-2236928.46407839,0.8760265422131419,1962,-1001066.9797474175,0.9490274187420685,2214,-1002056.309606747,0.9225764124942927,1611,1867885.5029175694,1.1622849799599535,1587,-2372166.2505149846,-3237995.4438258074,865829.1933108224,11,-1234302.5682692328,-4339166.248545985,50.0,-3.0,2000000000.0,4.5,0.0,2.0,2,50.0
7335,-2513154.13115445,0.860529806438133,1953,-1111767.9961780116,0.9434202244967481,2205,-992212.642790247,0.9232584335739296,1604,1989712.9694883092,1.1750842216000053,1573,-2627421.800634398,-3624922.127332462,997500.3266980622,12,-1234302.5682692328,-4679021.799465398,50.0,-3.0,2000000000.0,4.5,0.0,2.0,2,0.0
6010,-2350921.251125651,0.8673365877129683,1652,-1428634.9769073115,0.9238355154284843,1823,-839056.7766838026,0.9315007263693509,1286,2644069.0731662633,1.255566980355241,1249,-1974543.9315505028,-3779556.2280329624,1805012.2964824606,12,-1073707.48525594,-4208060.595033502,50.0,-3.0,2000000000.0,4.5,0.0,2.0,3,50.0
5883,-3002012.7117876187,0.8289513801223896,1619,-639660.8391872953,0.9652666392719336,1797,-1287948.6148178042,0.8934498960223933,1254,2848282.044135064,1.2824303148476361,1213,-2081340.1216576546,-3641673.550974914,1560333.4293172597,14,-1224194.1780146,-4628715.117827655,50.0,-3.0,2000000000.0,4.5,0.0,2.0,3,0.0
4828,-2836650.799744554,0.8343687841943197,1379,-974694.9105556412,0.9456367684228638,1500,-1745187.7826518118,0.84851130774509,998,1539391.2139539022,1.1575513808228766,951,-4017142.2789981044,-3811345.710300195,-205796.5686979096,10,-1377118.4990516598,-6467217.275684104,50.0,-3.0,2000000000.0,4.5,0.0,2.0,5,50.0
4469,-2665741.1739463005,0.8321775917428683,1275,-394817.13148597116,0.9765699338503898,1388,-1658468.4248985313,0.8489575615290067,932,1521399.9842414942,1.1714298614346872,874,-3197626.746089309,-3060558.3054322717,-137068.44065703708,10,-1070672.7665009599,-6204103.589994909,50.0,-3.0,2000000000.0,4.5,0.0,2.0,5,0.0
6976,-2341485.6648987513,0.8730882610979499,1848,-1452663.3402286866,0.9275986826081609,2088,-718287.1278685252,0.9444218445995688,1529,1386559.87019187,1.117305565807103,1511,-3125876.262804093,-3794149.005127438,668272.7423233448,10,-962638.6491921967,-5231517.925319343,50.0,-3.0,2000000000.0,4.5,0.0,3.0,2,50.0
6940,-2717859.0332545973,0.8531198528989054,1841,-1537991.1052240806,0.9235206412265631,2078,-660746.794233025,0.9487058319879901,1522,1645099.2034583702,1.139920942838591,1499,-3271497.729253333,-4255850.138478678,984352.4092253451,8,-1025849.1161682168,-5407264.392882333,50.0,-3.0,2000000000.0,4.5,0.0,3.0,2,0.0
5479,-2817509.7993489993,0.8480389405085759,1501,-2329139.289694124,0.8819672351604592,1665,-571705.9971446664,0.9518010445202956,1168,2498592.002716139,1.2433537286350744,1145,-3219763.0834716503,-5146649.089043124,1926886.0055714725,11,-1063960.6531013655,-5413863.07845465,50.0,-3.0,2000000000.0,4.5,0.0,3.0,3,50.0
5359,-3184030.2105599423,0.8271027418732876,1474,-1911698.9022198077,0.9016620154056838,1638,-748837.7479855762,0.9359804627305551,1139,3333944.3869859,1.3346232988695406,1108,-2510622.4737794283,-5095729.11277975,2585106.6390003236,11,-1055663.1331261657,-5164155.799139429,50.0,-3.0,2000000000.0,4.5,0.0,3.0,3,0.0
4125,-3053635.409066891,0.8295869740932817,1188,-1689615.4721736244,0.9076301289062286,1276,-1191319.3208960202,0.8919415668963742,852,2381642.5796027677,1.2672841590022272,809,-3552927.622533768,-4743250.881240515,1190323.2587067476,10,-1205766.6345121567,-5899902.620388769,50.0,-3.0,2000000000.0,4.5,0.0,3.0,5,50.0
3881,-3501075.1896046074,0.7959157375688395,1120,-1844062.233762136,0.8953968948061796,1207,-1086347.4793546507,0.8996115154657308,803,1091514.665092528,1.1275041232053686,751,-5339970.237628865,-5345137.423366743,5167.185737877386,9,-1121020.0243493568,-8205192.081186465,50.0,-3.0,2000000000.0,4.5,0.0,3.0,5,0.0
6850,-3251522.5120099834,0.8299741361229503,1804,-1359541.7682656585,0.9336503985388577,2057,-625933.8381817323,0.9500747329899287,1501,981223.0258015306,1.0824167241091112,1488,-4255775.092655844,-4611064.280275642,355289.18761979823,10,-1283629.9655193877,-6366666.755171094,50.0,-3.0,2000000000.0,4.5,0.0,4.0,2,50.0
6815,-3499442.347139729,0.8178447104802307,1797,-1609402.6164210523,0.9218580370829369,2047,-909486.2247112722,0.9284094126148609,1494,1346103.3590680307,1.1145686375363513,1477,-4672227.829204023,-5108844.963560781,436617.13435675856,10,-1346840.4324954078,-6807494.492833023,50.0,-3.0,2000000000.0,4.5,0.0,4.0,2,0.0
5228,-3586913.4018767187,0.8074082504916482,1419,-1968191.0928307655,0.9004387393318557,1599,-1051720.4681757595,0.9108678177959998,1114,1821852.8772247003,1.1774722132738185,1096,-4784972.085658544,-5555104.494707484,770132.4090489408,8,-1493063.1785024898,-6897122.082906544,50.0,-3.0,2000000000.0,4.5,0.0,4.0,3,50.0
5124,-3863247.025799919,0.790531970705926,1397,-1448730.8172196718,0.9257629656167511,1575,-787619.0240994093,0.930964723583461,1089,3172850.3034581,1.3279855175553275,1063,-2926746.5636609,-5311977.843019591,2385231.2793586906,11,-1519724.1788120896,-5634146.555316901,50.0,-3.0,2000000000.0,4.5,0.0,4.0,3,0.0
3817,-3191598.4694351726,0.8270198838067635,1097,-2635298.1775681567,0.8602717178329459,1185,-934337.0671457336,0.9132194790743988,781,2598186.5524215046,1.3075750622585707,754,-4163047.1617275584,-5826896.647003329,1663849.485275771,10,-1439947.27530276,-6638772.157143557,50.0,-3.0,2000000000.0,4.5,0.0,4.0,5,50.0
3600,-3860720.6053908668,0.7817737529926542,1043,-1889812.688346582,0.8947602900327529,1124,-907964.8438807817,0.9140877722859239,731,1539920.5683738082,1.1885846420241493,702,-5118577.569244424,-5750533.293737449,631955.7244930265,10,-1572127.4428187597,-8156199.412752025,50.0,-3.0,2000000000.0,4.5,0.0,4.0,5,0.0
6665,-1683342.009478021,0.8798917192818627,1714,34906.2889590963,1.0024122610067774,1904,-637091.8747521169,0.9414452456135418,1510,983213.9654208102,1.0975906453524151,1537,-1302313.629850231,-1648435.7205189248,346122.0906686933,12,-805675.392401062,-2370561.962061731,50.0,-3.0,800000000.0,3.0,3.0,2.0,2,50.0
6661,-1648670.0092030212,0.8824198281197576,1714,5173.789017096395,1.0003566578509833,1904,-590835.5418087374,0.9456857831362325,1509,940472.3653608101,1.093303784284819,1534,-1293859.396633852,-1643496.2201859248,349636.82355207263,12,-805675.392401062,-2365807.7288453523,50.0,-3.0,800000000.0,3.0,3.0,2.0,2,0.0
5534,-1172129.531521437,0.915663267276372,1477,308841.8447732183,1.0217409146977026,1612,-578498.8467796199,0.9448443457166801,1218,1739167.2756964199,1.1854510650360288,1227,297380.7421685818,-863287.6867482187,1160668.4289167998,15,-532585.5438053944,-805160.9228629179,50.0,-3.0,800000000.0,3.0,3.0,2.0,3,50.0
5517,-1103240.864561437,0.9203985396790206,1474,233476.13025405328,1.016444842148377,1609,-567525.2070385807,0.945799342037257,1213,1742384.44201942,1.186202174246533,1221,305094.5006734561,-869764.7343073837,1174859.2349808393,15,-510703.45999349165,-818172.1643580436,50.0,-3.0,800000000.0,3.0,3.0,2.0,3,0.0
4660,-557939.2456261356,0.9591035464043046,1293,197558.6828174038,1.0137691347019917,1378,-902716.8926365393,0.9140016510656763,1005,2470322.3769770404,1.2864995530538423,984,1207224.9215317701,-360380.5628087318,1567605.484340501,13,-574465.3322831996,-301368.59457115177,50.0,-3.0,800000000.0,3.0,3.0,2.0,5,50.0
4637,-583873.9128783357,0.9572676462412758,1290,157111.76321822108,1.0109851547197912,1371,-987799.9088615701,0.9058845655977235,1001,2452747.2106126007,1.2858592956066954,975,1038185.1520909157,-426762.1496601146,1464947.3017510306,14,-555733.3322831996,-491058.3640120062,50.0,-3.0,800000000.0,3.0,3.0,2.0,5,0.0
6364,-1791613.0905766427,0.8733306296736456,1635,36942.35465563962,1.002591951365004,1819,-829400.3992169969,0.924902446647682,1441,633734.1635087498,1.0622622943943096,1469,-1950336.9716292506,-1754670.735921003,-195666.23570824706,9,-1055335.7486262526,-3158345.3038407504,50.0,-3.0,800000000.0,3.0,3.0,3.0,2,50.0
6358,-1752361.0903016427,0.8760386045848222,1634,62283.10471363971,1.004371052979173,1818,-829321.0659752174,0.9249495346720741,1439,651982.1634487498,1.0641212471537835,1467,-1867416.888114471,-1690077.985588003,-177338.90252646757,9,-1055335.7486262526,-3076625.220325971,50.0,-3.0,800000000.0,3.0,3.0,3.0,2,0.0
5105,-1135753.3660225288,0.9192349327572644,1364,-629628.8738530392,0.9565818165246501,1485,-809709.5873794038,0.9239392700960033,1129,1789628.5307709295,1.1974686884002876,1127,-785463.296484042,-1765382.239875568,979918.9433915258,9,-616786.9084016045,-2047104.9616840417,50.0,-3.0,800000000.0,3.0,3.0,3.0,3,50.0
5092,-1143572.699132529,0.9185300937219674,1362,-710579.9221493888,0.9511911350672185,1484,-989493.7936014041,0.9070303299349395,1122,1718284.2975149294,1.1879859265967994,1124,-1125362.1173683926,-1854152.621281918,728790.5039135254,8,-613786.9084016045,-2404953.7825683923,50.0,-3.0,800000000.0,3.0,3.0,3.0,3,0.0
4061,-1566701.9118538215,0.8903504807133585,1132,791691.3483270941,1.05704232528332,1203,-1435390.3810410835,0.8616603061239708,861,2247300.61771469,1.2692043077641855,865,36899.67314687942,-775010.5635267274,811910.2366736066,14,-832946.6819329897,-1420710.5088160424,50.0,-3.0,800000000.0,3.0,3.0,3.0,5,50.0
4036,-1555268.2456060215,0.8907320916127747,1127,794808.8298305593,1.057389575470712,1197,-1219697.6485383138,0.8802285082725088,852,2341455.60801569,1.283246814527679,860,361298.5437019147,-760459.4157754622,1121757.9594773762,14,-822746.6819329897,-1088961.6382610071,50.0,-3.0,800000000.0,3.0,3.0,3.0,5,0.0
6282,-2049325.4802312092,0.8563682603850026,1612,130018.59679627803,1.0092134774062922,1797,-528732.086017546,0.9502670343199862,1418,297107.64866884967,1.0288678489209464,1455,-2150931.3207836277,-1919306.8834349313,-231624.43734869634,11,-1065381.2333335276,-3358939.6529951273,50.0,-3.0,800000000.0,3.0,3.0,4.0,2,50.0
6275,-1971673.4799562092,0.861509134135148,1610,129917.93010627804,1.0091883738024103,1797,-514020.4199475465,0.9516408183266968,1416,243965.31522884936,1.0236970163221415,1452,-2111810.6545686284,-1841755.5498499312,-270055.10471869714,11,-1065381.2333335276,-3321018.9867801284,50.0,-3.0,800000000.0,3.0,3.0,4.0,2,0.0
4918,-1444961.464287377,0.8957722668079358,1310,-539835.3702692982,0.9621641153098565,1438,-616277.7639015346,0.9397999185695902,1083,1150951.0491030496,1.125423101298729,1087,-1450123.54935516,-1984796.834556675,534673.285201515,12,-680229.4845915162,-2679965.2145551597,50.0,-3.0,800000000.0,3.0,3.0,4.0,3,50.0
4908,-1429230.797397377,0.8966696820327932,1308,-591348.7514923982,0.958563010165013,1437,-649030.1506535352,0.9362950230469461,1079,1165783.7158470496,1.1263466772797368,1084,-1503825.9836962605,-2020579.5488897753,516753.56519351446,11,-606047.4846615163,-2752217.64889626,50.0,-3.0,800000000.0,3.0,3.0,4.0,3,0.0
3750,-685028.5201441258,0.9480403508152324,1034,417529.0369715226,1.0300635551226094,1124,-829705.0857796032,0.9128411378667831,791,2421129.01130726,1.302477962533186,801,1323924.442355053,-267499.4831726032,1591423.925527657,14,-835291.4977661001,-292950.555540947,50.0,-3.0,800000000.0,3.0,3.0,4.0,5,50.0
3727,-933860.8533769258,0.9296518278465729,1031,425594.10657473,1.030878423308874,1117,-652401.6535320338,0.930383288580453,784,2401151.17819566,1.3021460152768027,795,1240482.7778614303,-508266.7468021958,1748749.5246636262,14,-828091.4977661001,-373992.22003456973,50.0,-3.0,800000000.0,3.0,3.0,4.0,5,0.0
6576,-2070374.561624289,0.8509674928888512,1687,174693.00657298006,1.012175485436786,1874,-640164.5144211849,0.9410734949049704,1497,979835.1125654099,1.097503076952713,1518,-1556010.956907084,-1895681.555051309,339670.59814422496,11,-864475.4213679445,-2736455.9540170836,50.0,-3.0,800000000.0,3.0,5.0,2.0,2,50.0
6559,-2044545.5614412888,0.8529016055753516,1681,226290.35916196293,1.0157429669571596,1874,-558011.5150414726,0.9486037508032712,1494,1075903.5600075347,1.1076507190790428,1510,-1300363.1573132635,-1818255.2022793258,517892.04496606207,11,-864475.4213679445,-2632104.8215982635,50.0,-3.0,800000000.0,3.0,5.0,2.0,2,0.0
5309,-1314601.836250213,0.903441750117631,1414,322834.4645526658,1.0234013545749618,1546,-741489.9867609662,0.927564267505982,1170,1565268.8636584396,1.1707552628407005,1179,-167988.49480007286,-991767.3716975471,823778.8768974734,12,-748252.3736991775,-1349740.1585200727,50.0,-3.0,800000000.0,3.0,5.0,2.0,3,50.0
5257,-1167939.7020629628,0.9133439186846681,1399,360744.97113254585,1.0262593518736502,1536,-676067.6800291666,0.9337238749987828,1156,1660991.7968263146,1.1828048825988915,1166,177729.38586673175,-807194.730930417,984924.116797148,12,-682708.3738249276,-1054712.2784132683,50.0,-3.0,800000000.0,3.0,5.0,2.0,3,0.0
4267,-756422.8212220725,0.9424348023827954,1185,-715133.5229999429,0.9492682608745119,1276,-472386.1600012297,0.9513890346430004,914,1627425.5436461004,1.1925917168809976,892,-316516.9605771443,-1471556.3442220152,1155039.3836448707,12,-716575.7404049,-1894443.8094180662,50.0,-3.0,800000000.0,3.0,5.0,2.0,5,50.0
4155,-387028.77508632565,0.9698111400670909,1157,-753731.7685693908,0.9455485968295093,1245,-751221.8231518101,0.9216183222589839,887,1467140.3444804302,1.1768513007244634,866,-424842.02232709667,-1140760.5436557163,715918.5213286201,11,-679539.0738449,-2053642.0209230965,50.0,-3.0,800000000.0,3.0,5.0,2.0,5,0.0
6283,-2166150.2928162003,0.8471686898119872,1614,217090.29542109283,1.0154276103764717,1796,-805577.7892089653,0.9263525482343581,1426,958486.6771264996,1.0957245728513316,1447,-1796151.109477573,-1949059.9973951075,152908.88791753433,10,-1104815.611411275,-3079009.441012573,50.0,-3.0,800000000.0,3.0,5.0,3.0,2,50.0
6261,-2041619.2926672003,0.855187763146975,1609,183357.722831573,1.0129730197729219,1795,-765048.4564232526,0.9300848902415905,1421,1077637.0437666245,1.1085952722235501,1436,-1545672.982492255,-1858261.5698356275,312588.58734337194,11,-1104815.611411275,-2969197.981252255,50.0,-3.0,800000000.0,3.0,5.0,3.0,2,0.0
4912,-891598.5696978786,0.9342899548968127,1305,-452898.02325996896,0.9678938643582266,1427,-892920.8423485401,0.9153909793607905,1096,1812362.81618295,1.2026890302986526,1084,-425054.61912343756,-1344496.5929578475,919441.97383441,9,-490901.3305028444,-1735279.6165334373,50.0,-3.0,800000000.0,3.0,5.0,3.0,3,50.0
4866,-968971.1047420782,0.9283234505010857,1292,-182637.1566814584,0.9869314991936563,1420,-1052530.4126612104,0.8988182931045945,1079,1921958.4832906998,1.2133357064198167,1075,-282180.1907940472,-1151608.2614235366,869428.0706294894,10,-508607.66343704466,-1630871.8559940474,50.0,-3.0,800000000.0,3.0,5.0,3.0,3,0.0
3747,-885169.4913721442,0.9356769966709482,1048,118414.7445551448,1.0087610918924366,1115,-477220.2459130497,0.9499583834224752,797,2024485.6833560201,1.2459430679902772,787,780510.6906259716,-766754.7468169994,1547265.4374429705,14,-749230.2472842494,-711289.307312028,50.0,-3.0,800000000.0,3.0,5.0,3.0,5,50.0
3640,-581107.2251271573,0.9563513833588204,1022,-308561.23377783503,0.9769575426812525,1084,-495907.25329504156,0.9472790364633974,774,1640100.059659019,1.20261848618566,760,254524.34745898552,-889668.4589049923,1144192.8063639775,13,-576707.1174705706,-1340373.0850970144,50.0,-3.0,800000000.0,3.0,5.0,3.0,5,0.0
6207,-2302745.260628463,0.8379831819452,1594,77898.59946112399,1.00552978830405,1774,-473764.3925757541,0.9547252644001971,1404,664329.3286327595,1.0654800007349294,1435,-2034281.7251103339,-2224846.661167339,190564.93605700543,10,-1177829.2624310502,-3311323.3894703337,50.0,-3.0,800000000.0,3.0,5.0,4.0,2,50.0
6185,-1998069.0663310627,0.8580831658440333,1587,72613.9435036041,1.005139324321702,1773,-320914.0605124218,0.9691732879815512,1401,827846.1619958845,1.0828970307382542,1424,-1418523.0213439958,-1925455.1228274587,506932.10148346267,11,-1138509.2624310502,-2842048.0201039957,50.0,-3.0,800000000.0,3.0,5.0,4.0,2,0.0
4739,-1539091.0611906168,0.8867771133295926,1256,-389049.7205115423,0.971932431861994,1385,-977626.418950044,0.9030981646545173,1046,1426986.3052030003,1.1579515391212276,1052,-1478780.8954492034,-1928140.781702159,449359.88625295635,10,-708140.6986919992,-2759915.8928592033,50.0,-3.0,800000000.0,3.0,5.0,4.0,3,50.0
4698,-1565766.7270148168,0.8847158428956344,1246,-118800.52222483669,0.991355334908853,1379,-1112550.770640005,0.8891082996347935,1032,1343681.13815875,1.14875571138444,1041,-1453436.8817209092,-1684567.2492396536,231130.36751874513,11,-767400.3655519993,-2778428.5469209086,50.0,-3.0,800000000.0,3.0,5.0,4.0,3,0.0
3477,-1337251.794921383,0.9022427619917505,965,-661708.3258490136,0.9523505657282818,1051,-219370.5024825217,0.9750663104974638,728,1851215.2087788705,1.2391519614196764,733,-367115.4144740477,-1998960.1207703967,1631844.706296349,13,-863325.0646043998,-1998915.4124120474,50.0,-3.0,800000000.0,3.0,5.0,4.0,5,50.0
3386,-1012552.6654017328,0.9238580025522384,948,-230761.67765780957,0.9827509353397323,1022,-989212.055994022,0.8905619679851976,712,2164937.00841867,1.2911396787139686,704,-67589.39063489507,-1243314.3430595424,1175724.9524246478,14,-802877.3194066624,-1683586.823190895,50.0,-3.0,800000000.0,3.0,5.0,4.0,5,0.0
6568,-1976577.3902504677,0.8579471507947983,1687,282594.3388329292,1.0196911293899569,1870,-690666.1811287848,0.9364248668515341,1497,1077166.9460207599,1.107667428590068,1514,-1307482.2865255626,-1693983.0514175384,386500.7648919751,12,-865622.3661098924,-3016248.9508595625,50.0,-3.0,800000000.0,3.0,0.0,2.0,2,50.0
6548,-2061271.7231534675,0.8518653271322011,1680,438787.52492991206,1.0305432949467175,1869,-607746.848401705,0.9438255499946097,1493,1106580.39346026,1.1107389375552568,1506,-1123650.6531650005,-1622484.1982235555,498833.54505855497,11,-865622.3661098924,-2944067.3181990003,50.0,-3.0,800000000.0,3.0,0.0,2.0,2,0.0
5284,-1236387.5987122792,0.90935765442148,1410,417944.98429563845,1.0303204196916258,1539,-536725.887534566,0.9471642380031028,1167,1509311.3643283397,1.1655898941591722,1168,154142.86237713275,-818442.6144166407,972585.4767937737,12,-768109.5503278698,-1706702.970072867,50.0,-3.0,800000000.0,3.0,0.0,2.0,3,50.0
5196,-1334580.9357837115,0.900902923513657,1386,742340.765159725,1.0546521082635774,1516,-432297.2473382262,0.9569920785926588,1148,1859036.2966333397,1.206802726634469,1146,834498.8786711275,-592240.1706239865,1426739.0492951134,13,-719208.88380287,-1321726.1186893731,50.0,-3.0,800000000.0,3.0,0.0,2.0,3,0.0
4204,-927395.8033171403,0.9290848035429166,1168,-581484.7502942069,0.9579624585185407,1252,-217729.7415050094,0.9772118143504095,905,1918595.5438756002,1.2298223926843503,879,191985.2487592434,-1508880.5536113472,1700865.8023705909,12,-649706.7405609001,-1964548.0836907562,50.0,-3.0,800000000.0,3.0,0.0,2.0,5,50.0
3939,-600803.8394692722,0.9519685595943139,1107,-482891.52566606377,0.962862416123716,1169,-865897.1790550556,0.9059259987255653,848,1726754.14278762,1.2202299830164358,815,-222838.40140277112,-1083695.3651353358,860856.9637325644,10,-743933.34111602,-3154406.9122848706,50.0,-3.0,800000000.0,3.0,0.0,2.0,5,0.0
6273,-2091369.8718895041,0.8527378539269784,1614,109338.56187181373,1.0077603288312864,1789,-862436.8296110651,0.9211021216859717,1425,957053.3442670996,1.095967212236661,1445,-1887414.7953616553,-1982031.3100176905,94616.51465603453,11,-1062387.556153223,-3613864.792995655,50.0,-3.0,800000000.0,3.0,0.0,3.0,2,50.0
6246,-2117512.204826504,0.8500345178789807,1608,110091.40621529339,1.007790246859033,1786,-814293.1634779852,0.9252417503264357,1419,1033976.7109045996,1.1039674643478379,1433,-1787737.2511845957,-2007420.7986112107,219683.54742661444,10,-1062387.556153223,-3611887.2488185954,50.0,-3.0,800000000.0,3.0,0.0,3.0,2,0.0
4887,-824279.7128428186,0.9392291870408437,1300,-445408.3317773662,0.9683546340059822,1417,-708373.8423598398,0.9319679813582127,1093,1729269.6494582994,1.1943718489031745,1077,-248792.23752172542,-1269688.0446201847,1020895.8070984596,10,-494291.1074762888,-2175042.2356667253,50.0,-3.0,800000000.0,3.0,0.0,3.0,3,50.0
4808,-922041.2089761272,0.931345912104675,1282,392080.2690128136,1.028431659713643,1400,-707321.0122995103,0.9301083673382313,1069,2047190.1488353,1.2338994127050495,1057,809908.196572476,-529960.9399633136,1339869.1365357898,11,-433169.16498677543,-1460050.1320030242,50.0,-3.0,800000000.0,3.0,0.0,3.0,3,0.0
3679,-931426.3208702505,0.9317292368571228,1032,347385.29622111795,1.026275093115687,1090,-368676.3556427521,0.9605137669317615,782,2081938.55195162,1.2565688961518098,775,1129221.171659736,-584041.0246491325,1713262.196308868,14,-594718.07767091,-1080595.494035264,50.0,-3.0,800000000.0,3.0,0.0,3.0,5,50.0
3452,-1034684.912484525,0.9193336955713121,972,95027.93093235628,1.007507283138144,1029,-360229.98820716026,0.9595051148506683,737,1856840.9626336193,1.2485593928508325,714,556953.9928742901,-939656.9815521687,1496610.974426459,13,-608118.52100611,-2332273.4911778104,50.0,-3.0,800000000.0,3.0,0.0,3.0,5,0.0
6198,-2186320.0397017663,0.8463158925309816,1594,-32968.73505017697,0.9976636783435204,1768,-562181.059331854,0.9462522027000381,1403,657901.4957733598,1.0650441564801807,1433,-2123568.3383104377,-2219288.7747519435,95720.4364415058,10,-1135401.207172998,-3846685.0026444374,50.0,-3.0,800000000.0,3.0,0.0,4.0,2,50.0
6170,-2019449.6784903668,0.8563464773763332,1586,-11117.973924696766,0.9992142321309625,1765,-403385.7271211544,0.9611084239186304,1398,823775.8291338598,1.082476560920205,1421,-1610177.5504023577,-2030567.6524150635,420390.1020127054,10,-1107801.207172998,-3432994.2154363575,50.0,-3.0,800000000.0,3.0,0.0,4.0,2,0.0
4716,-1596271.838788107,0.8829103456294327,1252,-298665.3616189804,0.9784377396068198,1378,-774221.253558244,0.9221140548269756,1043,1330589.3055059996,1.149609122795933,1043,-1338569.1484593323,-1894937.2004070873,556368.0519477556,8,-647685.259345381,-3264819.146604332,50.0,-3.0,800000000.0,3.0,0.0,4.0,3,50.0
4647,-1454284.1702053272,0.8917429706896625,1239,519346.21719012817,1.0381955134941967,1360,-664688.6892862044,0.9316345875576084,1023,1938598.9712920003,1.2267311922153186,1025,338972.3289905961,-934937.953015199,1273910.2820057957,12,-636611.0326963993,-1958585.9995849042,50.0,-3.0,800000000.0,3.0,0.0,4.0,3,0.0
3426,-1408564.8222682318,0.895160673766429,949,-169797.60807817162,0.9875673798085574,1038,-466134.4906164019,0.946948094015988,719,2072676.61026292,1.2742513552384938,720,28179.689300114987,-1578362.4303464033,1606542.119646518,12,-724694.9635957996,-2161470.308844885,50.0,-3.0,800000000.0,3.0,0.0,4.0,5,50.0
3232,-1017754.6417200516,0.9186042180195034,905,483651.4667884478,1.037853622285952,972,-1057797.647079622,0.8744883340683826,681,2061485.7392089195,1.2841959518052983,674,469584.9171976942,-534103.1749316038,1003688.0921292976,13,-937569.0647614,-2457350.258724406,50.0,-3.0,800000000.0,3.0,0.0,4.0,5,0.0
8979,-3472980.1673821704,0.8516923921107907,2579,-392962.71106089663,0.9831708687009899,2751,-17376.958377649513,0.9987738884429525,1850,1694567.7738278718,1.13521839468751,1799,-2188752.0629928447,-3865942.878443067,1677190.8154502222,10,-1084213.0966620517,-3637127.0587388445,50.0,-3.0,800000000.0,4.5,3.0,2.0,2,50.0
8967,-3450040.6671071704,0.8526430114765372,2577,-496455.05820129684,0.9787938302777779,2748,-20976.07009485786,0.9985169453317785,1846,1743271.1404478718,1.1393846588832175,1796,-2224200.654955453,-3946495.725308467,1722295.070353014,10,-1084213.0966620517,-3672575.6507014525,50.0,-3.0,800000000.0,4.5,3.0,2.0,2,0.0
7444,-3349199.6286683995,0.8558114946705582,2229,381539.1952416058,1.0175491479315297,2285,-758807.7669086612,0.944786891209584,1500,1292405.1925094924,1.1086663270576982,1430,-2434063.007825963,-2967660.4334267937,533597.4256008312,10,-1154691.165475817,-3776088.005415963,50.0,-3.0,800000000.0,4.5,3.0,2.0,3,50.0
7427,-3364857.0998887,0.8549541317414473,2224,371492.0138886055,1.0170809202471385,2284,-781897.7372193636,0.9430416480777715,1495,1149868.7924861924,1.0964200411567722,1424,-2625394.030733266,-2993365.0860000947,367971.05526682886,11,-1192923.165475817,-3967419.0283232657,50.0,-3.0,800000000.0,4.5,3.0,2.0,3,0.0
6338,-2835261.544878991,0.8736067440454165,1968,76440.83139096363,1.0035728189375634,1969,22266.749334527412,1.0017709829905936,1236,1385546.33913104,1.1256068527475285,1165,-1351007.6250224598,-2758820.7134880275,1407813.0884655674,12,-1014213.065472276,-2829165.9561484596,50.0,-3.0,800000000.0,4.5,3.0,2.0,5,50.0
6300,-2959667.5453796904,0.8675455109373816,1952,74710.40418614587,1.0035047521231257,1959,-133696.15091561258,0.9895081019238434,1230,1388365.33944854,1.1253114511296576,1159,-1630287.9526606167,-2884957.1411935445,1254669.1885329275,12,-964969.0654397759,-3151096.2837866168,50.0,-3.0,800000000.0,4.5,3.0,2.0,5,0.0
8465,-4307656.761669481,0.8239831567567005,2427,-804638.2875411185,0.9659683417900292,2577,90887.17325858495,1.0064301710857724,1754,1009927.1236515713,1.0778627748981575,1707,-4011480.752300442,-5112295.0492106,1100814.2969101563,8,-1087932.0956551821,-5517555.748046442,50.0,-3.0,800000000.0,4.5,3.0,3.0,2,50.0
8451,-4293304.76139448,0.8246346876108711,2426,-938970.4416357183,0.9604299715116633,2574,88776.39517997633,1.006281926529545,1750,1065722.7902715714,1.0825563626174997,1701,-4077776.0175786503,-5232275.203030199,1154499.1854515476,9,-1087932.0956551821,-5583851.01332465,50.0,-3.0,800000000.0,4.5,3.0,3.0,2,0.0
6713,-4125815.594767379,0.8291839633957777,1999,-1310524.8190714938,0.9413300909466872,2060,-812183.6836254027,0.9399547612752563,1349,1125391.0025193116,1.0947167018998856,1305,-5123133.094944964,-5436340.413838873,313207.3188939089,7,-1064997.1044224126,-6526424.760144964,50.0,-3.0,800000000.0,4.5,3.0,3.0,3,50.0
6692,-4242420.927676629,0.8246031429878189,1997,-1275198.866378944,0.9427857648240816,2055,-768805.6120647623,0.9427959312342121,1342,1019091.1357711116,1.0856372191222254,1298,-5267334.270349224,-5517619.794055574,250285.5237063493,7,-1082946.4374299126,-6670625.935549224,50.0,-3.0,800000000.0,4.5,3.0,3.0,3,0.0
5316,-3845855.9247813355,0.833160099472236,1653,-239675.61432978674,0.9884612122789358,1647,-344853.6697190917,0.9713814994945447,1029,2180164.57116953,1.2155782571694131,987,-2250220.6376606836,-4085531.5391111225,1835310.9014504384,12,-1057601.353531251,-3834145.6370006837,50.0,-3.0,800000000.0,4.5,3.0,3.0,5,50.0
5282,-4161525.045758775,0.8192334366401709,1639,-222677.86681509565,0.9892709766651195,1641,-397796.5872087221,0.967083848658251,1023,2237212.40365749,1.2204508311640976,979,-2544787.0961251035,-4384202.91257387,1839415.816448768,12,-1222206.686306451,-4153378.761325103,50.0,-3.0,800000000.0,4.5,3.0,3.0,5,0.0
8236,-4943003.1406988865,0.8000450510634575,2341,-983064.7310606751,0.9578850501004138,2512,144802.3371793363,1.0104554851722156,1712,556059.114462632,1.0436241114636347,1671,-5225206.420117593,-5926067.871759562,700861.4516419682,8,-1257644.7320190945,-6706881.418547593,50.0,-3.0,800000000.0,4.5,3.0,4.0,2,50.0
8220,-4928651.1404238865,0.8006988511085409,2340,-1076068.8257626751,0.9539954185884031,2508,212899.5588023276,1.0154582064455357,1707,645001.614462632,1.0510780993348936,1665,-5146818.792921602,-6004719.966186562,857901.1732649596,8,-1257644.7320190945,-6628493.7913516015,50.0,-3.0,800000000.0,4.5,3.0,4.0,2,0.0
6340,-4728650.457879363,0.8004059032960499,1862,-1064610.3254808218,0.9509176350262745,1958,-724641.0624131396,0.9456533281273325,1283,998242.3415146421,1.0854534803672309,1237,-5519659.504258681,-5793260.783360184,273601.2791015025,10,-1117412.2003894115,-6881901.169458681,50.0,-3.0,800000000.0,4.5,3.0,4.0,3,50.0
6318,-4667516.596248563,0.802238444624651,1859,-1029525.8219459218,0.9521825004349407,1951,-683294.1739380991,0.9483333788053144,1276,785944.5417256424,1.066739890674977,1232,-5594392.050406941,-5697042.418194485,102650.36778754333,9,-1118572.2001144115,-6956633.715606941,50.0,-3.0,800000000.0,4.5,3.0,4.0,3,0.0
4842,-4985176.113163177,0.7827068361599483,1481,69233.06252712174,1.0034074276892782,1512,-753546.2533971317,0.9369990316128713,941,1922875.0176073,1.1937665524240282,908,-3746614.286425886,-4915943.050636055,1169328.7642101683,10,-1056387.4779481685,-5354677.619121887,50.0,-3.0,800000000.0,4.5,3.0,4.0,5,50.0
4806,-5275402.509620035,0.7704642745272284,1470,-263210.96233810554,0.9871912346043413,1507,-580615.0035164822,0.9510144319847674,934,1957399.54204894,1.1999952071213347,895,-4161828.9334256826,-5538613.471958141,1376784.5385324578,12,-1053215.4779481685,-5798758.931981683,50.0,-3.0,800000000.0,4.5,3.0,4.0,5,0.0
8731,-3617415.6917154994,0.8420291169509315,2494,-92773.2946205478,0.9959917168180247,2667,-416414.08075013896,0.9708560969268188,1813,1742809.677579589,1.139042498693288,1757,-2383793.389506596,-3710188.9863360473,1326395.59682945,11,-1035587.7222896746,-3939368.384644596,50.0,-3.0,800000000.0,4.5,5.0,2.0,2,50.0
8683,-3550330.7749104965,0.8442567806007241,2484,-185712.936981739,0.9919756761466875,2655,-259925.85938641443,0.9816424276985819,1797,1687464.2440599487,1.1345061055797192,1747,-2308505.327218702,-3736043.7118922356,1427538.3846735342,11,-1035587.7222896746,-3954580.322964702,50.0,-3.0,800000000.0,4.5,5.0,2.0,2,0.0
6971,-3185372.322759263,0.8562737752215676,2072,81239.12489326391,1.0038369711177686,2138,-1792109.9595440722,0.8696193258727635,1416,1644178.1825530916,1.1438940763487366,1345,-3252064.974856981,-3104133.1978659993,-147931.7769909806,10,-1224248.3329665356,-4727139.971838981,50.0,-3.0,800000000.0,4.5,5.0,2.0,3,50.0
6892,-3524844.2403138233,0.8395220992904157,2047,-229588.8356451299,0.9891534169214756,2122,-2071354.7165252725,0.8492993352287062,1400,1553691.2480875417,1.1384891533909207,1323,-4272096.5443966845,-3754433.0759589532,-517663.4684377308,10,-1202960.2308865357,-5794871.542826684,50.0,-3.0,800000000.0,4.5,5.0,2.0,3,0.0
5611,-3374139.142604826,0.8433388082787188,1747,-400173.2756429664,0.980243125543522,1740,-895809.2104999813,0.9256204291507358,1090,1477164.4413141697,1.1407436715678756,1034,-3192957.187433605,-3774312.4182477924,581355.2308141884,10,-1358429.2320395154,-4865757.186773605,50.0,-3.0,800000000.0,4.5,5.0,2.0,5,50.0
5413,-2577196.0991812474,0.8735328829493958,1672,-1068543.2585020945,0.9463649964468497,1674,-1563693.4661401052,0.870690827171647,1061,1335031.2755958696,1.128938904926665,1006,-3874401.5482275775,-3645739.357683342,-228662.19054423552,9,-1289978.8989609154,-5724051.546329827,50.0,-3.0,800000000.0,4.5,5.0,2.0,5,0.0
8238,-4433388.625330744,0.8164831786935206,2356,-851263.167249511,0.9637573381367399,2505,-167763.57688926498,0.9883708677031977,1716,701978.2620680691,1.0544349842111467,1661,-4750437.107401451,-5284651.792580255,534214.6851788041,9,-1003626.7213719891,-6284612.104057451,50.0,-3.0,800000000.0,4.5,5.0,3.0,2,50.0
8189,-4335655.833843541,0.8197765390808746,2348,-730320.8722429527,0.9687687382159742,2491,-263941.39546701044,0.9816221844140179,1701,1063597.1284301942,1.0831540548683412,1649,-4266320.97312331,-5065976.706086494,799655.7329631838,8,-993155.0212562359,-5988695.96977931,50.0,-3.0,800000000.0,4.5,5.0,3.0,2,0.0
6317,-3356076.3682472496,0.8544051319894852,1870,-906034.1419821044,0.958497213086694,1941,-1296624.678066263,0.9030936805479417,1275,1673542.7484074088,1.1469403326655405,1231,-3885192.4398882072,-4262110.510229354,376918.07034114585,10,-1095507.3164518948,-5503034.105088207,50.0,-3.0,800000000.0,4.5,5.0,3.0,3,50.0
6225,-3627831.0179532003,0.8422647193017198,1846,-973378.4081270952,0.9550308849631123,1918,-1408363.8561659919,0.8930508435618144,1251,1289250.934190819,1.1132052363353941,1210,-4720322.348055467,-4601209.426080296,-119112.92197517282,8,-1173463.649911895,-6388164.013255467,50.0,-3.0,800000000.0,4.5,5.0,3.0,3,0.0
4763,-3050092.042065007,0.8600357087040804,1463,481528.92203860753,1.0242678466554314,1487,-485613.1633471297,0.9584544853657896,927,2309513.4031234276,1.2350140930044864,886,-744662.8802501019,-2568563.1200263994,1823900.239776298,12,-1081925.5500703997,-2462562.8784363517,50.0,-3.0,800000000.0,4.5,5.0,3.0,5,50.0
4605,-2591249.2800950147,0.87629292828056,1415,239696.9432540778,1.0122125186055386,1446,-844091.28078091,0.9257738137550074,892,1625482.8210329695,1.1643712251335736,852,-1570160.7965888763,-2351552.336840937,781391.5402520595,10,-737405.2496489224,-3397227.460551126,50.0,-3.0,800000000.0,4.5,5.0,3.0,5,0.0
8036,-4696889.4960434055,0.8063675379795208,2279,-646145.1621204424,0.9720583798439495,2451,55598.8040473868,1.0040229812112837,1675,257793.6614814892,1.0200181607907157,1631,-5029642.192634972,-5343034.658163847,313392.465528876,9,-1242563.763190432,-6558717.191974971,50.0,-3.0,800000000.0,4.5,5.0,4.0,2,50.0
7997,-4634424.329451125,0.8086650576521693,2275,-938166.07010765,0.9596934605556688,2439,339681.92439471633,1.0249138976039462,1661,515899.32798861444,1.0403175927455024,1622,-4717009.147175445,-5572590.399558775,855581.2523833308,9,-1242563.763190432,-6436784.146515445,50.0,-3.0,800000000.0,4.5,5.0,4.0,2,0.0
5990,-4019635.0181303346,0.8239396005836368,1756,-1299382.1551265833,0.9405677287908618,1849,-639049.5515686066,0.949136009783747,1210,1628629.9079592,1.1454161815579378,1175,-4329436.816866325,-5319017.173256918,989580.3563905933,12,-1318935.9670324996,-5993778.481156325,50.0,-3.0,800000000.0,4.5,5.0,4.0,3,50.0
5912,-4193366.525412102,0.8163901134391909,1736,-1398156.9796821473,0.9353144063252258,1830,-547701.7974178011,0.9553444047644422,1188,1759849.7740314999,1.15829165516206,1158,-4379375.52848055,-5591523.50509425,1212147.9766136988,10,-1471752.4674613748,-6103192.19277055,50.0,-3.0,800000000.0,4.5,5.0,4.0,3,0.0
4359,-4493553.815810589,0.796559464497715,1322,617708.7914687948,1.0314818329098119,1371,-1199314.0255527096,0.895975824258475,849,1983433.7510665,1.2097853677778103,817,-3091725.298828004,-3875845.024341794,784119.7255137905,11,-1244451.1638349302,-4917105.297674254,50.0,-3.0,800000000.0,4.5,5.0,4.0,5,50.0
4213,-4642753.549686614,0.7879351479935819,1290,173229.11479782755,1.008917405176358,1327,-1688445.9840015797,0.849572682118305,812,1761592.2049945502,1.185419667167415,784,-4396378.213895816,-4469524.434888787,73146.22099297051,9,-1304643.1654870799,-6319244.877858066,50.0,-3.0,800000000.0,4.5,5.0,4.0,5,0.0
8694,-4025848.2598393634,0.823677455651682,2482,-584433.7420223621,0.9748321417992741,2655,-547403.0811319884,0.9615259307127655,1803,1849420.0105397892,1.1472553362211182,1754,-3308265.0724539245,-4610282.001861725,1302016.9294078008,11,-1077288.6669816226,-5436198.401364924,50.0,-3.0,800000000.0,4.5,0.0,2.0,2,50.0
8626,-4131375.108527361,0.8186149194348942,2469,-332266.3533735727,0.9856194547281927,2636,-472750.8592604967,0.966336460339045,1784,1995206.4103651494,1.1596894135571907,1737,-2941185.910796282,-4463641.461900934,1522455.5511046527,10,-1077288.6669816226,-5345419.241667282,50.0,-3.0,800000000.0,4.5,0.0,2.0,2,0.0
6881,-3974490.4007903705,0.818057887430741,2033,-414510.0247164215,0.9802970662602866,2108,-2174644.7105237423,0.8428054341365988,1408,1201128.9476694711,1.1048356185003982,1332,-5362516.188361063,-4389000.425506792,-973515.7628542711,10,-1302814.2666671358,-7507666.186072063,50.0,-3.0,800000000.0,4.5,0.0,2.0,3,50.0
6715,-3994349.906495178,0.8130796422399336,1988,-464380.1674593643,0.9776612380231395,2066,-2132186.336837002,0.8424746051245505,1369,1207412.4533040714,1.1082470449852537,1292,-5383503.957487472,-4458730.073954542,-924773.8835329306,8,-1258660.2673991355,-7964828.952649472,50.0,-3.0,800000000.0,4.5,0.0,2.0,3,0.0
5372,-3479658.2539614923,0.829916956566129,1657,-1526091.2613904295,0.9224147185120326,1659,-561078.1112187178,0.9525695503526906,1062,1691117.1168340198,1.1668847571525585,994,-3875710.509736619,-5005749.515351921,1130039.005615302,10,-1261183.8996969156,-6396939.927496059,50.0,-3.0,800000000.0,4.5,0.0,2.0,5,50.0
4943,-2709994.8024797607,0.8552191718168145,1517,-1794244.026538867,0.9021009120569086,1520,-1205909.5074841473,0.8959170593418694,994,1176945.6127830518,1.1274013965385061,912,-4533202.7237197235,-4504238.829018628,-28963.89470109553,9,-1289243.8990391158,-7463837.903505323,50.0,-3.0,800000000.0,4.5,0.0,2.0,5,0.0
8203,-4898421.943213134,0.7966931531623519,2346,-1124707.0257091261,0.9520928089395664,2491,-99991.22592969445,0.9930154032382995,1708,898129.5945787694,1.0698104664467345,1658,-5224990.600273185,-6023128.96892226,798138.3686490749,8,-1021434.6048462358,-7318840.598154185,50.0,-3.0,800000000.0,4.5,0.0,3.0,2,50.0
8130,-4977689.75751877,0.7916385243973205,2332,-1134584.6850781878,0.9515392701183198,2469,-196737.31282207248,0.9861693411482751,1688,1278805.4277682696,1.100488608797559,1641,-5030206.327650761,-6112274.442596958,1082068.114946197,7,-1069192.9378762357,-7422606.325531761,50.0,-3.0,800000000.0,4.5,0.0,3.0,2,0.0
6222,-3831074.0654438837,0.8311945988279787,1833,-1064429.2139198366,0.9510195393143707,1910,-1496785.3621974622,0.8871057200017337,1261,820870.8865414585,1.07094788661284,1218,-5571417.755019724,-4895503.27936372,-675914.4756560037,9,-1176251.4008870947,-7778234.416495725,50.0,-3.0,800000000.0,4.5,0.0,3.0,3,50.0
6062,-3804798.554231424,0.8288343172611912,1791,-1182888.3407391862,0.9445158385520963,1864,-1448527.5738531118,0.8884512331692627,1229,1296231.919427969,1.115998114471378,1178,-5139982.549395753,-4987686.89497061,-152295.6544251428,9,-1194991.401165095,-7838915.874881754,50.0,-3.0,800000000.0,4.5,0.0,3.0,3,0.0
4566,-3644179.5886191768,0.8242790405301423,1387,-813296.5027739285,0.957902686988133,1412,-134674.05269759602,0.9881682155325786,904,1787553.1059190999,1.1789566324977752,863,-2804597.0381716015,-4457476.091393106,1652879.0532215037,10,-1285638.97713015,-5294151.458140042,50.0,-3.0,800000000.0,4.5,0.0,3.0,5,50.0
4212,-3489808.0125599448,0.8207965848946014,1288,-667166.6818608535,0.9633018777513038,1308,-494515.75568464067,0.9541601815155533,834,1064645.40335007,1.1162736199691834,782,-3586845.0467553698,-4156974.694420798,570129.6476654292,12,-1022927.5565197637,-6644331.70918337,50.0,-3.0,800000000.0,4.5,0.0,3.0,5,0.0
8004,-5358806.388079039,0.7798587464541955,2271,-1060414.3582734289,0.9543422640922519,2439,-183032.5474314627,0.9868032809741,1667,150228.9944217897,1.0116324629854692,1627,-6452024.299362141,-6419220.746352468,-32803.55300967299,7,-1363746.1619497798,-8551340.96299114,50.0,-3.0,800000000.0,4.5,0.0,4.0,2,50.0
7946,-5610174.493435499,0.7697770726755064,2263,-1346030.0781236566,0.9422442489359175,2417,169197.62073760835,1.012443747103567,1650,362886.7609392898,1.028223773502669,1616,-6424120.189882256,-6956204.571559155,532084.3816768981,7,-1363746.1619497798,-8816520.187763255,50.0,-3.0,800000000.0,4.5,0.0,4.0,2,0.0
5910,-5151730.282147655,0.7748576930086902,1726,-1053109.0100812162,0.9512522002693039,1821,-593085.0526510866,0.9533606613378951,1199,1126391.8599515997,1.0999593144989348,1164,-5671532.484928358,-6204839.292228872,533306.8073005131,12,-1338224.8015212796,-8006849.148474358,50.0,-3.0,800000000.0,4.5,0.0,4.0,3,50.0
5767,-5140922.284751765,0.7721237148749973,1695,-1107277.686718587,0.9473434718348843,1774,-551122.5506031461,0.9557104345759185,1168,1596174.2257519998,1.1478349173483453,1130,-5203148.296321497,-6248199.971470352,1045051.6751488537,12,-1470142.1352034798,-8016856.622927498,50.0,-3.0,800000000.0,4.5,0.0,4.0,3,0.0
4177,-4509466.004110232,0.7897310766326109,1267,-45458.36971671763,0.9975725624675569,1301,-1395246.7462608556,0.8770653744056601,822,2502685.9635056006,1.274856877691865,787,-3447485.156582204,-4554924.37382695,1107439.217244745,10,-1546095.9768099599,-6091239.576501644,50.0,-3.0,800000000.0,4.5,0.0,4.0,5,50.0
3897,-4926144.127074773,0.7630604538674839,1192,-1432918.6462631447,0.9215367147471062,1213,-1235542.6801365397,0.8844286929255447,764,1393172.4854402002,1.1559143952221722,728,-6201432.968034257,-6359062.773337918,157629.80530366045,9,-1306074.3793598597,-9411194.630435258,50.0,-3.0,800000000.0,4.5,0.0,4.0,5,0.0
3641,-1733432.8281038848,0.7667872390534054,788,-344658.4139079747,0.9548918550273933,924,-37335.48776315397,0.99468456738617,944,1018277.9358178402,1.1511046496578337,985,-1097148.7939571734,-2078091.2420118595,980942.4480546862,12,-642531.7310959214,-2130127.1249851733,50.0,-5.0,2000000000.0,3.0,3.0,2.0,2,50.0
3641,-1733432.8281038848,0.7667872390534054,788,-344658.4139079747,0.9548918550273933,924,-37335.48776315397,0.99468456738617,944,1018277.9358178402,1.1511046496578337,985,-1097148.7939571734,-2078091.2420118595,980942.4480546862,12,-642531.7310959214,-2130127.1249851733,50.0,-5.0,2000000000.0,3.0,3.0,2.0,2,0.0
3253,-1261574.3441071876,0.8331487295230294,719,-89590.16480612021,0.9887673115985904,847,-88661.37011279927,0.9878705892974202,832,1022877.9033382002,1.1465308795486933,855,-416947.9756879066,-1351164.508913308,934216.533225401,12,-525707.3641839213,-1604476.3067159064,50.0,-5.0,2000000000.0,3.0,3.0,2.0,3,50.0
3253,-1261574.3441071876,0.8331487295230294,719,-89590.16480612021,0.9887673115985904,847,-88661.37011279927,0.9878705892974202,832,1030177.9033382002,1.1475766303828978,855,-409647.9756879066,-1351164.508913308,941516.533225401,12,-525707.3641839213,-1597176.3067159064,50.0,-5.0,2000000000.0,3.0,3.0,2.0,3,0.0
2972,-990010.4906113537,0.874941092792965,685,-254121.5065874491,0.970225022075403,794,-668224.5243643173,0.9147824205259835,743,797200.39073524,1.1121113328602568,750,-1115156.13082788,-1244131.997198803,128975.86637092265,11,-595681.4792840496,-2331084.46263788,50.0,-5.0,2000000000.0,3.0,3.0,2.0,5,50.0
2972,-990010.4906113537,0.874941092792965,685,-254121.5065874491,0.970225022075403,794,-668224.5243643173,0.9147824205259835,743,789400.39073524,1.11095355484657,750,-1122956.13082788,-1244131.997198803,121175.86637092265,11,-595681.4792840496,-2338884.46263788,50.0,-5.0,2000000000.0,3.0,3.0,2.0,5,0.0
3474,-1304925.1105683253,0.8184735729784367,750,-75412.39725168288,0.9901128550422328,886,-778192.1425844952,0.8956740866953855,903,718318.6689995704,1.105075528856584,935,-1440210.9814049331,-1380337.507820008,-59873.473584924825,11,-493640.80174807034,-2479189.3124329327,50.0,-5.0,2000000000.0,3.0,3.0,3.0,2,50.0
3474,-1304925.1105683253,0.8184735729784367,750,-75412.39725168288,0.9901128550422328,886,-778192.1425844952,0.8956740866953855,903,718318.6689995704,1.105075528856584,935,-1440210.9814049331,-1380337.507820008,-59873.473584924825,11,-493640.80174807034,-2479189.3124329327,50.0,-5.0,2000000000.0,3.0,3.0,3.0,2,0.0
3016,-892454.0579382185,0.882928978798624,669,134384.14180333324,1.017082715834442,781,-873057.8080175999,0.8882243395286065,773,775615.6458214801,1.1109483472704889,793,-855512.0783310048,-758069.9161348853,-97442.16219611978,10,-547406.6692617635,-1909040.4093590046,50.0,-5.0,2000000000.0,3.0,3.0,3.0,3,50.0
3016,-892454.0579382185,0.882928978798624,669,134384.14180333324,1.017082715834442,781,-873057.8080175999,0.8882243395286065,773,782915.6458214801,1.1119925796031371,793,-848212.0783310048,-758069.9161348853,-90142.16219611978,10,-547406.6692617635,-1901740.4093590046,50.0,-5.0,2000000000.0,3.0,3.0,3.0,3,0.0
2626,-925850.6508067476,0.8866301250929968,600,474733.6218964426,1.0572931967211854,697,-1198492.2258008444,0.8540936380016694,664,1203269.57423522,1.17614987968899,665,-446339.6804759295,-451117.028910305,4777.348434375599,12,-695329.1164837,-1580868.0104939293,50.0,-5.0,2000000000.0,3.0,3.0,3.0,5,50.0
2626,-925850.6508067476,0.8866301250929968,600,474733.6218964426,1.0572931967211854,697,-1198492.2258008444,0.8540936380016694,664,1195469.57423522,1.1749081560627217,665,-454139.6804759295,-451117.028910305,-3022.651565624401,12,-695329.1164837,-1588668.0104939293,50.0,-5.0,2000000000.0,3.0,3.0,3.0,5,0.0
3433,-1245900.4528106176,0.8229272195866654,737,-3403.800133102981,0.9995555139979166,877,-785540.3354364524,0.8948509097978253,891,639704.9024664805,1.0926188405428128,928,-1395139.6859136927,-1249304.2529437207,-145835.4329699719,10,-548087.0058528385,-2434118.0169416927,50.0,-5.0,2000000000.0,3.0,3.0,4.0,2,50.0
3433,-1245900.4528106176,0.8229272195866654,737,-3403.800133102981,0.9995555139979166,877,-785540.3354364524,0.8948509097978253,891,639704.9024664805,1.0926188405428128,928,-1395139.6859136927,-1249304.2529437207,-145835.4329699719,10,-548087.0058528385,-2434118.0169416927,50.0,-5.0,2000000000.0,3.0,3.0,4.0,2,0.0
2910,-793050.132183497,0.892735054759634,643,-103841.10818887153,0.9868382908579532,754,-785074.8649193938,0.8967995134379282,743,1284713.6028752201,1.1908781243151692,770,-397252.50241654203,-896891.2403723685,499638.73795582633,12,-668886.2725999068,-1554764.1662645417,50.0,-5.0,2000000000.0,3.0,3.0,4.0,3,50.0
2910,-793050.132183497,0.892735054759634,643,-103841.10818887153,0.9868382908579532,754,-785074.8649193938,0.8967995134379282,743,1292013.6028752201,1.1919627320474935,770,-389952.50241654203,-896891.2403723685,506938.73795582633,12,-668886.2725999068,-1547464.1662645417,50.0,-5.0,2000000000.0,3.0,3.0,4.0,3,0.0
2444,-372394.1688702946,0.9532174816545815,568,-16945.04275361367,0.9979914333568076,652,-977566.1800617524,0.8752587420635479,610,1307398.2565732605,1.203476262981889,614,-59507.13511240063,-389339.21162390825,329832.0765115081,12,-863651.5260908201,-1267610.4669224005,50.0,-5.0,2000000000.0,3.0,3.0,4.0,5,50.0
2444,-372394.1688702946,0.9532174816545815,568,-16945.04275361367,0.9979914333568076,652,-977566.1800617524,0.8752587420635479,610,1299598.2565732605,1.2021396203489234,614,-67307.13511240063,-389339.21162390825,322032.0765115081,12,-863651.5260908201,-1275410.4669224005,50.0,-5.0,2000000000.0,3.0,3.0,4.0,5,0.0
3580,-1720267.6291136798,0.76556830012318,779,-718762.6550145596,0.9060018939144472,906,330769.75752332597,1.0484414672285394,924,966189.8838904699,1.1407867995282022,971,-1142070.6427144436,-2439030.2841282394,1296959.6414137958,10,-649191.8339033634,-2307170.6404714435,50.0,-5.0,2000000000.0,3.0,5.0,2.0,2,50.0
3580,-1720267.6291136798,0.76556830012318,779,-718762.6550145596,0.9060018939144472,906,330769.75752332597,1.0484414672285394,924,966189.8838904699,1.1407867995282022,971,-1142070.6427144436,-2439030.2841282394,1296959.6414137958,10,-649191.8339033634,-2307170.6404714435,50.0,-5.0,2000000000.0,3.0,5.0,2.0,2,0.0
3111,-1282928.3396004206,0.8255057421997382,691,-86609.27035388665,0.9890088699588744,811,311907.2906754008,1.0450436929725848,784,944776.1389847097,1.1332816603965448,825,-112854.18029419682,-1369537.6099543073,1256683.4296601105,10,-428114.8775669633,-1413237.5106441968,50.0,-5.0,2000000000.0,3.0,5.0,2.0,3,50.0
3110,-1278278.3396004206,0.8261382002051666,691,-105829.27035388653,0.9865505074083378,810,279807.2906754008,1.0404080124750592,784,952076.1389847097,1.134311487548975,825,-152224.18029419682,-1384107.609954307,1231883.4296601105,10,-428114.8775669633,-1452607.5106441968,50.0,-5.0,2000000000.0,3.0,5.0,2.0,3,0.0
2746,-1325844.580192606,0.8289131400757002,637,429635.3695508344,1.0510920224502323,743,-634749.3827807473,0.9143835822468576,675,1301027.8987126495,1.1873461590414733,691,-229930.69470986933,-896209.2106417716,666278.5159319022,12,-693333.1657041596,-1626580.6935018694,50.0,-5.0,2000000000.0,3.0,5.0,2.0,5,50.0
2738,-1323938.080192606,0.8291299617093235,637,323330.36961783434,1.0383549798954612,743,-602157.3828507473,0.9182227221362977,672,1400874.8987126495,1.2053830458987298,686,-201890.1947128697,-1000607.7105747716,798717.5158619022,12,-687033.1657041596,-1598540.19350487,50.0,-5.0,2000000000.0,3.0,5.0,2.0,5,0.0
3420,-1559168.2907695207,0.781731398247383,740,-387719.18037430797,0.9490882084256952,869,-465639.5310726155,0.9366383655771314,891,785240.31858694,1.1143580030510163,920,-1627286.683629504,-1946887.4711438287,319600.7875143245,9,-587392.830165965,-2763306.681386504,50.0,-5.0,2000000000.0,3.0,5.0,3.0,2,50.0
3420,-1559168.2907695207,0.781731398247383,740,-387719.18037430797,0.9490882084256952,869,-465639.5310726155,0.9366383655771314,891,785240.31858694,1.1143580030510163,920,-1627286.683629504,-1946887.4711438287,319600.7875143245,9,-587392.830165965,-2763306.681386504,50.0,-5.0,2000000000.0,3.0,5.0,3.0,2,0.0
2880,-933423.8423465089,0.873314142632459,642,481385.02787581645,1.063189743529982,745,-233965.21442065996,0.9684011333539517,734,909070.0475969501,1.130179034674913,759,223066.01870559785,-452038.8144706924,675104.8331762902,10,-497546.5101989633,-1035217.3116444021,50.0,-5.0,2000000000.0,3.0,5.0,3.0,3,50.0
2878,-928773.8423465089,0.8739452484710223,642,429060.0278758164,1.0564969852753445,743,-266065.21442065993,0.9640657725532028,734,916370.0475969501,1.1312243963119386,759,150591.01870559796,-499713.8144706925,650304.8331762902,10,-497546.5101989633,-1107692.3116444019,50.0,-5.0,2000000000.0,3.0,5.0,3.0,3,0.0
2413,-868675.3636460878,0.8873429836566206,556,1070195.6575954761,1.131978238672229,647,-996709.6461821491,0.8719979092032497,606,1449323.5491634693,1.2159848889437679,604,654134.1969307086,201520.29394938832,452613.9029813203,12,-810048.08219771,-710982.4679002913,50.0,-5.0,2000000000.0,3.0,5.0,3.0,5,50.0
2408,-883055.3636460878,0.885478066147946,556,1056143.1576624762,1.130941682098277,645,-1054949.6462521493,0.864577588742587,605,1572028.5491634696,1.2364656523538486,602,690166.6969277086,173087.79401638836,517078.9029113203,12,-803748.08219771,-674949.9679032913,50.0,-5.0,2000000000.0,3.0,5.0,3.0,5,0.0
3381,-1477171.2994588125,0.7872993803139695,728,-523585.9573888284,0.9321966505283616,860,-433812.6166159724,0.9407090175828541,879,686698.1853013501,1.098801632206865,914,-1747871.6881622626,-2000757.256847641,252885.56868537766,9,-629183.0392490382,-2877766.6859192625,50.0,-5.0,2000000000.0,3.0,5.0,4.0,2,50.0
3381,-1477171.2994588125,0.7872993803139695,728,-523585.9573888284,0.9321966505283616,860,-433812.6166159724,0.9407090175828541,879,686698.1853013501,1.098801632206865,914,-1747871.6881622626,-2000757.256847641,252885.56868537766,9,-629183.0392490382,-2877766.6859192625,50.0,-5.0,2000000000.0,3.0,5.0,4.0,2,0.0
2787,-649068.3966103464,0.9089515085642663,621,328778.8199180516,1.0429373518872418,721,-420926.96510552376,0.9435674254046273,709,1135816.37172485,1.1663052903176738,736,394599.8299270313,-320289.5766922948,714889.4066193262,12,-489913.11338536884,-945633.5021909686,50.0,-5.0,2000000000.0,3.0,5.0,4.0,3,50.0
2785,-644418.3966103463,0.9096037903382476,621,279813.81991805165,1.0366722936416,719,-453026.96510552365,0.9392638625666957,709,1143116.37172485,1.167374150258014,736,325484.8299270312,-364604.5766922946,690089.4066193264,12,-489913.11338536884,-1014748.5021909687,50.0,-5.0,2000000000.0,3.0,5.0,4.0,3,0.0
2253,-779886.7038836244,0.8980590791430918,524,528945.1009684352,1.0648688296206943,605,-934628.5401056523,0.8778779858860349,561,1410737.0982009498,1.2189192224412309,563,225166.95518010797,-250941.60291518923,476108.55809529754,13,-981056.0928120201,-1176439.7102028918,50.0,-5.0,2000000000.0,3.0,5.0,4.0,5,50.0
2250,-828266.7038836245,0.8919611620107081,524,496675.101035435,1.0610979467481163,604,-1002108.5401756526,0.8699282582243236,560,1450064.5982009498,1.2244140529435792,562,116364.45517710794,-331591.60284818953,447956.05802529724,13,-974756.0928120201,-1285242.210205892,50.0,-5.0,2000000000.0,3.0,5.0,4.0,5,0.0
3571,-1922868.7401548831,0.7399813076193045,777,-666273.1318783045,0.9126475638840098,904,185112.85771342588,1.0270947824269594,922,905322.0505744198,1.1319175414354998,968,-1498706.963745342,-2589141.8720331877,1090434.9082878456,10,-658641.8339033634,-2997440.293181342,50.0,-5.0,2000000000.0,3.0,0.0,2.0,2,50.0
3569,-1922868.7401548831,0.7399813076193045,777,-666273.1318783045,0.9126475638840098,904,164512.85771342588,1.024079581187619,921,959522.0505744198,1.1402115625681646,967,-1465106.9637453426,-2589141.8720331877,1124034.9082878456,10,-658641.8339033634,-2982640.293181342,50.0,-5.0,2000000000.0,3.0,0.0,2.0,2,0.0
3077,-1577218.6717136719,0.7840056058467246,686,-45913.056575882074,0.99410083747804,805,-179167.89574164903,0.9738994229040632,772,767992.7975233595,1.1105402208792414,814,-1034306.8265078436,-1623131.728289554,588824.9017817106,10,-508642.3775529633,-2716641.8223798433,50.0,-5.0,2000000000.0,3.0,0.0,2.0,3,50.0
3071,-1655017.0045706718,0.7738126312914089,685,-23776.389835881884,0.9969406444346435,803,-242167.89555954904,0.9648457776101411,771,865757.4636113598,1.1245813540124736,812,-1055203.826354743,-1678793.3944065538,623589.5680518108,9,-527242.3775529633,-2933853.822911743,50.0,-5.0,2000000000.0,3.0,0.0,2.0,3,0.0
2666,-1794367.4259542092,0.7660768904534956,621,357674.0468654993,1.0436195488475837,722,-809999.4165452775,0.8881420613374177,657,820588.0412661997,1.1192133953845187,666,-1426104.7543677879,-1436693.3790887098,10588.624720922206,11,-678740.3772515634,-3341326.4192427876,50.0,-5.0,2000000000.0,3.0,0.0,2.0,5,50.0
2623,-1697565.1575599469,0.7762862469348702,617,455730.4919670549,1.05614826505767,709,-1086568.0831157777,0.8494114182456809,646,849334.0432257995,1.1269731909456822,651,-1479068.7054828703,-1241834.665592892,-237234.03988997824,10,-888670.1655602199,-3737722.03386287,50.0,-5.0,2000000000.0,3.0,0.0,2.0,5,0.0
3411,-1652205.7353593737,0.7683488060814403,738,-332785.3234992633,0.9561417483828034,867,-626000.6308825152,0.9153723358241792,889,636876.65203649,1.0927511494159812,917,-1974115.0377046624,-1984991.058858637,10876.021153974812,8,-608842.830165965,-3445508.3671406624,50.0,-5.0,2000000000.0,3.0,0.0,3.0,2,50.0
3409,-1652205.7353593737,0.7683488060814403,738,-332785.3234992633,0.9561417483828034,867,-646600.6308825152,0.9125874666147598,888,700776.65203649,1.1024915427750739,916,-1930815.0377046622,-1984991.058858637,54176.02115397481,8,-608842.830165965,-3422148.367140662,50.0,-5.0,2000000000.0,3.0,0.0,3.0,2,0.0
2848,-1131834.0088650591,0.8456970197902988,638,322273.8379699914,1.0425131741267295,739,-629152.1143273598,0.9145847575546076,723,757906.7051536993,1.1098715147429823,748,-680805.5800687282,-809560.1708950677,128754.59082633944,10,-596634.0101349633,-2324265.575160728,50.0,-5.0,2000000000.0,3.0,0.0,3.0,3,50.0
2835,-1145944.008689059,0.8432184259741093,637,348590.50488999137,1.0461289900380308,735,-519127.21391020983,0.9287597309667185,720,963743.8717816994,1.1420959086644522,743,-352736.84592757747,-797353.5037990676,444616.65787148953,9,-615234.0101349633,-2180771.843279578,50.0,-5.0,2000000000.0,3.0,0.0,3.0,3,0.0
2347,-1348164.4755690405,0.821872779554697,541,906781.2658778311,1.1154467811880058,628,-1421220.9289826541,0.8176206215348559,595,1177680.0200560095,1.1822028859803482,583,-684924.1186178538,-441383.20969120937,-243540.9089266446,8,-715839.74929381,-2584577.4510678537,50.0,-5.0,2000000000.0,3.0,0.0,3.0,5,50.0
2316,-1334551.655418579,0.8248303136975317,541,846060.4106617263,1.108555547489901,615,-1504152.2622420543,0.804500600286417,588,1318364.6849126092,1.2077301311750683,572,-674278.8220862972,-488491.24475685274,-185787.57732944516,10,-873819.0816018102,-2937698.8190162973,50.0,-5.0,2000000000.0,3.0,0.0,3.0,5,0.0
3372,-1574672.410554616,0.7734035788715596,727,-453189.43396354344,0.9410277240558136,858,-625257.9164258722,0.9149881703843886,876,538334.5187509,1.0774551764725357,911,-2114785.2421931317,-2027861.8445181595,-86923.39767497219,9,-650633.0392490382,-3586178.5716291317,50.0,-5.0,2000000000.0,3.0,0.0,4.0,2,50.0
3370,-1574672.410554616,0.7734035788715596,727,-453189.43396354344,0.9410277240558136,858,-645857.9164258722,0.9121873362900486,875,615634.5187509,1.0891220133118638,910,-2058085.2421931317,-2027861.8445181595,-30223.39767497219,9,-650633.0392490382,-3549418.571629131,50.0,-5.0,2000000000.0,3.0,0.0,4.0,2,0.0
2760,-913934.2295928465,0.8708933858286,616,197037.2965807763,1.0257835296265234,717,-854257.7977136235,0.8851166007914903,699,1060951.5368040989,1.155883209552427,728,-510203.1939215944,-716896.9330120701,206693.73909047537,10,-611700.6131213689,-2218029.857143595,50.0,-5.0,2000000000.0,3.0,0.0,4.0,3,50.0
2747,-913909.2295928462,0.8704852606748875,615,219513.9635007763,1.0288268130655351,713,-863262.7977136235,0.8837095423531923,696,1175988.2034320992,1.1761780925338199,723,-381669.8603735942,-694395.2660920699,312725.4057184757,10,-630300.6131213689,-2234194.857725594,50.0,-5.0,2000000000.0,3.0,0.0,4.0,3,0.0
2196,-1157955.5368409585,0.8443846710839233,511,437027.37590735033,1.0541410583767705,592,-1046770.2743937521,0.8615351589176686,549,927692.5758215995,1.1481580086274477,544,-840005.8595057608,-720928.1609336082,-119077.69857215264,11,-833078.75952652,-2798544.191955761,50.0,-5.0,2000000000.0,3.0,0.0,4.0,5,50.0
2167,-1050238.2301062066,0.8580012893190585,509,586156.1542202451,1.0738059025245061,581,-1239216.2738891523,0.8346401959819001,540,1126643.2409217996,1.181527975911771,537,-576655.1088533136,-464082.07588596153,-112573.03296735277,13,-1119350.0918345202,-2922975.1057833135,50.0,-5.0,2000000000.0,3.0,0.0,4.0,5,0.0
6360,-3186983.5222335802,0.8064769799597332,1613,-768498.5220976023,0.9541918491269336,1835,-680658.0243017054,0.943207951344464,1450,755106.9083661626,1.0660958553018414,1462,-3881033.1602667267,-3955482.0443311827,74448.88406445715,9,-1123743.93786109,-5107547.046221183,50.0,-5.0,2000000000.0,4.5,3.0,2.0,2,50.0
6360,-3186983.5222335802,0.8064769799597332,1613,-768498.5220976023,0.9541918491269336,1835,-680658.0243017054,0.943207951344464,1450,755106.9083661626,1.0660958553018414,1462,-3881033.1602667267,-3955482.0443311827,74448.88406445715,9,-1123743.93786109,-5107547.046221183,50.0,-5.0,2000000000.0,4.5,3.0,2.0,2,0.0
5637,-3019918.465283408,0.8220648222689776,1483,-999488.3409212714,0.9411622215975292,1658,-1401638.7640609473,0.8828382084081327,1245,880289.8513474441,1.078904844126125,1251,-4540755.718918182,-4019406.8062046794,-521348.91271350323,11,-1342946.7095953699,-5726869.6053726375,50.0,-5.0,2000000000.0,4.5,3.0,2.0,3,50.0
5637,-3018918.465283408,0.8221237427927521,1483,-999488.3409212714,0.9411622215975292,1658,-1401638.7640609473,0.8828382084081327,1245,880289.8513474441,1.078904844126125,1251,-4539755.718918182,-4018406.8062046794,-521348.91271350323,11,-1342946.7095953699,-5725869.6053726375,50.0,-5.0,2000000000.0,4.5,3.0,2.0,3,0.0
5120,-2740578.8942488553,0.8400697898926593,1407,-1067904.8789952649,0.9383193509615562,1519,-1267089.8621278275,0.8927662816465474,1085,537423.0858017041,1.048446020714979,1109,-4538150.549570244,-3808483.77324412,-729666.7763261234,11,-1349297.37415257,-5803492.214270243,50.0,-5.0,2000000000.0,4.5,3.0,2.0,5,50.0
5120,-2735078.8942488553,0.8403907498757622,1407,-1067904.8789952649,0.9383193509615562,1519,-1267089.8621278275,0.8927662816465474,1085,537423.0858017041,1.048446020714979,1109,-4532650.549570244,-3802983.77324412,-729666.7763261234,11,-1349297.37415257,-5797992.214270243,50.0,-5.0,2000000000.0,4.5,3.0,2.0,5,0.0
5944,-2885591.8982827878,0.8276632859623366,1511,-508306.9607983694,0.9695926110504135,1713,-1235703.2759674937,0.9008280095803538,1361,595173.2347018514,1.0521566030663798,1359,-4034428.9003467984,-3393898.859081157,-640530.0412656423,8,-902940.3319433199,-5343942.786801254,50.0,-5.0,2000000000.0,4.5,3.0,3.0,2,50.0
5944,-2885591.8982827878,0.8276632859623366,1511,-508306.9607983694,0.9695926110504135,1713,-1235703.2759674937,0.9008280095803538,1361,595173.2347018514,1.0521566030663798,1359,-4034428.9003467984,-3393898.859081157,-640530.0412656423,8,-902940.3319433199,-5343942.786801254,50.0,-5.0,2000000000.0,4.5,3.0,3.0,2,0.0
5081,-2939151.75884078,0.8322304949352246,1330,-1101142.5385210922,0.9360882935798435,1498,-1108605.7298342795,0.910068227551983,1140,1510186.9505121724,1.1421950802196492,1113,-3638713.0766839795,-4040294.297361872,401581.2206778929,8,-1287172.1199976504,-4910471.40859398,50.0,-5.0,2000000000.0,4.5,3.0,3.0,3,50.0
5081,-2938151.75884078,0.8322875758615702,1330,-1101142.5385210922,0.9360882935798435,1498,-1108605.7298342795,0.910068227551983,1140,1510186.9505121724,1.1421950802196492,1113,-3637713.0766839795,-4039294.297361872,401581.2206778929,8,-1287172.1199976504,-4909471.40859398,50.0,-5.0,2000000000.0,4.5,3.0,3.0,3,0.0
4370,-1984072.5559677386,0.8855315337451991,1197,-1358434.7513686505,0.9233415564117547,1306,-1946765.4444111655,0.844416617272854,946,971441.9955173384,1.094287421869432,921,-4317830.7562302165,-3342507.307336389,-975323.4488938272,8,-959510.7792537005,-5683814.088110217,50.0,-5.0,2000000000.0,4.5,3.0,3.0,5,50.0
4370,-1978572.5559677386,0.8858488490381846,1197,-1358434.7513686505,0.9233415564117547,1306,-1946765.4444111655,0.844416617272854,946,971441.9955173384,1.094287421869432,921,-4312330.7562302165,-3337007.307336389,-975323.4488938272,8,-959510.7792537005,-5678314.088110217,50.0,-5.0,2000000000.0,4.5,3.0,3.0,5,0.0
5782,-3399858.8302752287,0.8006110691768323,1457,-1081944.9227571352,0.935875097775543,1670,-1407883.639662263,0.8869438239593079,1323,664213.9011919872,1.057985587670101,1332,-5225473.491502639,-4481803.753032364,-743669.7384702758,8,-1043354.9733006898,-6535487.377457095,50.0,-5.0,2000000000.0,4.5,3.0,4.0,2,50.0
5782,-3399858.8302752287,0.8006110691768323,1457,-1081944.9227571352,0.935875097775543,1670,-1407883.639662263,0.8869438239593079,1323,664213.9011919872,1.057985587670101,1332,-5225473.491502639,-4481803.753032364,-743669.7384702758,8,-1043354.9733006898,-6535487.377457095,50.0,-5.0,2000000000.0,4.5,3.0,4.0,2,0.0
4774,-3585841.193726701,0.7984690991323466,1241,-782521.7805686725,0.9533507266672192,1418,-634672.695614434,0.9466483953692343,1064,1612191.7799459028,1.1558930345260223,1051,-3390843.8899639053,-4368362.974295374,977519.0843314688,10,-1125066.6783235602,-4681535.554693906,50.0,-5.0,2000000000.0,4.5,3.0,4.0,3,50.0
4774,-3584841.193726701,0.7985253009801083,1241,-782521.7805686725,0.9533507266672192,1418,-634672.695614434,0.9466483953692343,1064,1612191.7799459028,1.1558930345260223,1051,-3389843.8899639053,-4367362.974295374,977519.0843314688,10,-1125066.6783235602,-4680535.554693906,50.0,-5.0,2000000000.0,4.5,3.0,4.0,3,0.0
3959,-2758848.1301084636,0.8443034653127711,1083,-345862.9534962538,0.9791673988544796,1181,-1426057.7523880624,0.8780825183397981,848,1073003.8240631148,1.1053885360610722,847,-3457765.0119296648,-3104711.0836047176,-353053.9283249476,9,-1445838.5977016005,-4798178.343809665,50.0,-5.0,2000000000.0,4.5,3.0,4.0,5,50.0
3959,-2753348.1301084636,0.8446138596876678,1083,-345862.9534962538,0.9791673988544796,1181,-1426057.7523880624,0.8780825183397981,848,1073003.8240631148,1.1053885360610722,847,-3452265.0119296648,-3099211.0836047176,-353053.9283249476,9,-1445838.5977016005,-4792678.343809665,50.0,-5.0,2000000000.0,4.5,3.0,4.0,5,0.0
6147,-3031002.5737112537,0.8130727457946852,1559,-1120084.3491443691,0.9321741760086598,1765,-157399.70794458064,0.9865926742180043,1409,984635.1998640201,1.0868392151181576,1414,-3323851.4309361842,-4151086.922855623,827235.4919194395,10,-974876.9381954802,-4695336.430026185,50.0,-5.0,2000000000.0,4.5,5.0,2.0,2,50.0
6141,-3086402.5737112537,0.8097617214166547,1558,-1148026.3491443691,0.9304903443222834,1764,-214955.70794458076,0.9816546624866092,1407,988297.1998640203,1.087378436292864,1412,-3461087.4309361833,-4234428.922855623,773341.4919194395,10,-974876.9381954802,-4832572.430026183,50.0,-5.0,2000000000.0,4.5,5.0,2.0,2,0.0
5249,-2875756.635892193,0.825915780260293,1382,-1876689.826853796,0.8881298050908886,1543,-708168.0500111226,0.9377946171162747,1162,1282663.2496517438,1.1171609138348795,1162,-4177951.263105368,-4752446.462745989,574495.1996406212,10,-903028.3326947598,-5582601.261593368,50.0,-5.0,2000000000.0,4.5,5.0,2.0,3,50.0
5244,-2894514.9691521926,0.8245806934644286,1381,-2002816.826853796,0.8808056685755924,1542,-809638.0500111226,0.9288763835077616,1160,1264607.2496517438,1.1154735042539887,1161,-4442362.596365367,-4897331.7960059885,454969.1996406212,10,-903028.3326947598,-5847012.594853368,50.0,-5.0,2000000000.0,4.5,5.0,2.0,3,0.0
4495,-2825149.218557725,0.8291078746815698,1243,-1225990.3299415195,0.9263994045969108,1340,-524480.554772792,0.9517228502897866,950,1566082.5749846234,1.1529107462886108,962,-3009537.528287413,-4051139.5484992447,1041602.0202118313,12,-1126678.9596254101,-4520870.860097413,50.0,-5.0,2000000000.0,4.5,5.0,2.0,5,50.0
4481,-2865440.051705725,0.8265284104565576,1242,-1371475.9966585191,0.9177842992077274,1339,-477412.0544497922,0.9558718805097418,947,1578731.7748226232,1.1556856499311563,953,-3135596.327991412,-4236916.048364244,1101319.720372831,12,-1090678.9596254101,-4657729.659801412,50.0,-5.0,2000000000.0,4.5,5.0,2.0,5,0.0
5774,-2973574.749536909,0.8200892144282752,1463,-593903.8641878198,0.9640026422215534,1662,-1001030.2089584742,0.9196270647810254,1329,1179504.6349117584,1.1058889725406809,1320,-3389004.187771444,-3567478.613724729,178474.42595328414,8,-855929.8554259101,-4919329.186861444,50.0,-5.0,2000000000.0,4.5,5.0,3.0,2,50.0
5769,-3028974.749536909,0.8168370746762357,1462,-622849.8641878198,0.9622549238064179,1661,-1125635.2089584742,0.9097189095362901,1327,1182104.6349117584,1.1063802403652654,1319,-3595355.187771444,-3651824.613724729,56469.42595328414,8,-855929.8554259101,-5125680.186861444,50.0,-5.0,2000000000.0,4.5,5.0,3.0,2,0.0
4724,-2294121.6498682657,0.8636175424808625,1233,-1997003.6816240014,0.8837391258311562,1399,-828231.1983396902,0.9292309647692801,1064,2026444.6779202102,1.1973312714665363,1028,-3092911.8519117464,-4291125.331492268,1198213.47958052,9,-1087830.4676114907,-4562286.851001747,50.0,-5.0,2000000000.0,4.5,5.0,3.0,3,50.0
4716,-2322379.9831282655,0.8618613177906521,1232,-2111230.6816240014,0.8773066138358336,1398,-894921.19833969,0.9234322765843921,1061,2074549.6783622105,1.203162994620064,1025,-3253982.184729746,-4433610.664752267,1179628.4800225205,9,-1087830.4676114907,-4723357.183819747,50.0,-5.0,2000000000.0,4.5,5.0,3.0,3,0.0
3838,-2029607.4320445233,0.8789459770905582,1052,-1989309.9466888623,0.8861301209928067,1147,-1087220.1792858155,0.9050974460467656,834,1919557.0971507777,1.1963056863031305,805,-3186580.4608684233,-4018917.3787333854,832336.9178649622,10,-1140749.521591797,-4765805.460868424,50.0,-5.0,2000000000.0,4.5,5.0,3.0,5,50.0
3830,-2025767.432194523,0.8790282521614922,1051,-2126863.918869645,0.878118517663444,1143,-1000844.0963058155,0.9123859826151308,834,1922792.2200673877,1.1973627694686984,802,-3230683.227302595,-4152631.351064168,921948.1237615722,10,-1140749.521591797,-4820108.227302595,50.0,-5.0,2000000000.0,4.5,5.0,3.0,5,0.0
5631,-3124133.6511243824,0.8132081250425297,1417,-1308209.6902988153,0.9220579449744036,1625,-1132805.072074384,0.9088397749202388,1293,979130.6539302946,1.0864807979977014,1296,-4586017.759567287,-4432343.341423198,-153674.4181440894,8,-1126670.2313925084,-6109542.758657287,50.0,-5.0,2000000000.0,4.5,5.0,4.0,2,50.0
5626,-3179533.651124383,0.8099980023243448,1416,-1338285.6902988153,0.920285399954998,1624,-1243480.0720743837,0.8999455029281983,1291,986194.6539302946,1.0873474602486468,1295,-4775104.759567287,-4517819.341423199,-257285.41814408917,8,-1126670.2313925084,-6298629.758657287,50.0,-5.0,2000000000.0,4.5,5.0,4.0,2,0.0
4469,-2799496.537830832,0.8345065354680716,1161,-1232781.4802020546,0.9257726641399129,1325,-748419.3116939142,0.9354198440879111,997,1964217.6439270005,1.1952980261802033,986,-2816479.685799801,-4032278.0180328866,1215798.3322330862,9,-877537.8950730036,-4267554.684889801,50.0,-5.0,2000000000.0,4.5,5.0,4.0,3,50.0
4465,-2827754.871090832,0.8327441612688962,1160,-1379210.4802020546,0.9173907366424138,1325,-919634.3116939144,0.9207877812270976,996,2010451.6443690006,1.201016707295434,984,-3116148.0186178004,-4206965.351292887,1090817.3326750863,9,-877537.8950730036,-4567723.0177078005,50.0,-5.0,2000000000.0,4.5,5.0,4.0,3,0.0
3499,-2922812.070127705,0.8268992946707566,947,-1430465.4132580108,0.915753488419611,1054,-795135.2682656266,0.9259431222287199,752,1957464.4648500541,1.20485201770702,746,-3190948.2868012884,-4353277.483385716,1162329.1965844275,11,-1063970.4479551504,-4781869.952840288,50.0,-5.0,2000000000.0,4.5,5.0,4.0,5,50.0
3489,-3008277.6892839028,0.8220383505008878,944,-1354393.662948011,0.9199453006869963,1050,-395015.9363543769,0.9630933015988159,752,2108930.197543654,1.221889823278579,743,-2648757.0910426374,-4362671.352231914,1713914.2611892773,11,-1060550.4479551504,-4272762.091042638,50.0,-5.0,2000000000.0,4.5,5.0,4.0,5,0.0
6109,-3424759.9084728714,0.7879948407652851,1547,-1342081.7758884928,0.9187703778075517,1754,-601404.5414992059,0.9487848626183233,1402,628387.36703949,1.0553258811260968,1406,-4739858.858821081,-4766841.684361365,26982.82554028416,10,-1116081.9380228803,-6670997.745177499,50.0,-5.0,2000000000.0,4.5,0.0,2.0,2,50.0
6102,-3553373.9084728714,0.7804193909796572,1546,-1462005.7758884928,0.9116105311022453,1752,-612900.5414992059,0.94763098948547,1399,557519.36703949,1.049118070411863,1405,-5070760.85882108,-5015379.684361365,-55381.17445971584,10,-1116081.9380228803,-7001899.745177498,50.0,-5.0,2000000000.0,4.5,0.0,2.0,2,0.0
5126,-3330565.8137036883,0.7953595200885923,1342,-2056728.5964959364,0.8759460678458187,1514,-824016.8172495775,0.9267865553467439,1142,1095285.109195773,1.1022819163135993,1128,-5116026.118253429,-5387294.4101996245,271268.29194619553,9,-1151873.4157861602,-7340209.450633429,50.0,-5.0,2000000000.0,4.5,0.0,2.0,3,50.0
5097,-3394729.0199517487,0.7897845700860076,1334,-1632310.374504806,0.9008934904972368,1502,-964005.4836564776,0.9144081993832731,1138,1086293.9476917733,1.101099704521815,1123,-4904750.93042126,-5027039.394456554,122288.46403529565,7,-1115956.7492621602,-7400134.26243826,50.0,-5.0,2000000000.0,4.5,0.0,2.0,3,0.0
4219,-3723148.088726895,0.7648487563268075,1159,-1590269.1658245535,0.902607659314293,1278,-392674.95836659527,0.9622659606167483,898,1278968.052321263,1.1317624322131106,884,-4427124.1605967805,-5313417.254551448,886293.0939546677,11,-1329406.8873461117,-7201349.1605967805,50.0,-5.0,2000000000.0,4.5,0.0,2.0,5,50.0
4101,-3549370.282719855,0.7724347965206119,1141,-954394.3337636034,0.9397145899694118,1240,-269809.24230909516,0.973126947965112,868,1139355.4239598634,1.1211579796287008,852,-3634218.4348326907,-4503764.616483458,869546.1816507683,9,-1382707.5540129116,-6980096.766167691,50.0,-5.0,2000000000.0,4.5,0.0,2.0,5,0.0
5740,-3426489.254740422,0.7929086268773347,1452,-852198.399650676,0.9484008431230272,1651,-1180617.7922025542,0.9045075169090948,1323,648585.3021049084,1.0578169897797207,1314,-4810720.1444887435,-4278687.654391098,-532032.4900976458,8,-989844.8549933101,-6824095.1433749935,50.0,-5.0,2000000000.0,4.5,0.0,3.0,2,50.0
5733,-3460964.254740422,0.7905601417529075,1450,-971944.3996506761,0.9412153705923874,1649,-1376933.7922025542,0.8889231733520416,1321,588985.3021049083,1.0525912528467305,1313,-5220857.144488744,-4432908.654391098,-787948.4900976459,7,-989844.8549933101,-7234232.143374994,50.0,-5.0,2000000000.0,4.5,0.0,3.0,2,0.0
4628,-3109281.8689916404,0.8140986065069183,1201,-2361144.4401032743,0.8621665352943588,1378,-985719.2828186397,0.9149578652070414,1042,1636730.33645913,1.1591111556750369,1007,-4819415.255454425,-5470426.309094915,651011.0536404904,9,-1276521.092742491,-7079948.585526425,50.0,-5.0,2000000000.0,4.5,0.0,3.0,3,50.0
4599,-3197112.608940175,0.8083209442829541,1197,-1969703.4399327743,0.8844326702905577,1368,-1070178.6158454895,0.9078115357742584,1038,1888003.97367513,1.185547166840532,996,-4348990.691043309,-5166816.04887295,817825.3578296404,9,-1313521.092742491,-6899807.354878309,50.0,-5.0,2000000000.0,4.5,0.0,3.0,3,0.0
3571,-2784483.124759672,0.8236278757320211,967,-1525473.3769548247,0.9089020014365102,1090,-974587.0440681854,0.9079170016141181,775,532758.8011957054,1.0565257971296815,739,-4751784.744586976,-4309956.501714497,-441828.24287247995,8,-1003292.91449041,-7432609.743236976,50.0,-5.0,2000000000.0,4.5,0.0,3.0,5,50.0
3495,-2822485.356659522,0.8193207414904832,953,-991231.7108221817,0.9390389261604362,1060,-1053137.4121371852,0.9002912175323978,763,111386.66152171517,1.0121669387644747,719,-4755467.818097173,-3813717.0674817036,-941750.7506154701,8,-928720.9147304101,-7869321.1480821725,50.0,-5.0,2000000000.0,4.5,0.0,3.0,5,0.0
5601,-3492142.3830891578,0.7909215029769308,1407,-1300393.6426824615,0.9223222167474394,1616,-1329486.6556103835,0.8929700135926341,1288,638113.6549016945,1.0560738431639416,1290,-5483909.026480308,-4792536.02577162,-691373.000708689,8,-1172420.2312245085,-7627050.689617557,50.0,-5.0,2000000000.0,4.5,0.0,4.0,2,50.0
5595,-3606942.3830891578,0.7845590858287734,1406,-1421269.6426824615,0.9151999514837073,1614,-1589660.6556103835,0.8723948397405471,1286,582977.6549016945,1.0513328392790686,1289,-6034895.026480309,-5028212.02577162,-1006683.000708689,8,-1172420.2312245085,-8170636.689617558,50.0,-5.0,2000000000.0,4.5,0.0,4.0,2,0.0
4374,-3431185.4991885023,0.7956425435105496,1132,-1105532.666936588,0.9324506510722695,1305,-976983.562603364,0.9150713896916333,977,1996848.4772515497,1.202625785511009,960,-3516853.2514769044,-4536718.166125091,1019864.9146481857,8,-1076136.84618156,-5813619.912888904,50.0,-5.0,2000000000.0,4.5,0.0,4.0,3,50.0
4352,-3664133.831848502,0.7820688681649354,1129,-824940.667425588,0.9492561057872647,1296,-1139920.229023364,0.9012714664640029,973,2301239.71514355,1.2354281040551975,954,-3327755.013153905,-4489074.49927409,1161319.4861201863,8,-1052783.51282156,-5844605.009005905,50.0,-5.0,2000000000.0,4.5,0.0,4.0,3,0.0
3275,-3520852.2109227385,0.7850304853508393,881,-1091166.526987375,0.9330776291715364,1000,-1429980.8505226925,0.8619887669715927,703,1259212.5563922236,1.135112888190671,691,-4782787.032040583,-4612018.737910113,-170768.29413046897,9,-976443.0239547606,-7406437.0306905825,50.0,-5.0,2000000000.0,4.5,0.0,4.0,5,50.0
3200,-3717660.414181389,0.7708942916755457,870,-273272.02702016174,0.9824173644742243,968,-1356385.1860442928,0.8693917829968312,691,685871.8608272236,1.0745523848457248,671,-4661445.766418619,-3990932.441201551,-670513.3252170691,10,-1199986.3566597605,-7717649.096403619,50.0,-5.0,2000000000.0,4.5,0.0,4.0,5,0.0
4877,-2360532.1380424183,0.7812177044213222,1154,-624386.0531823626,0.9434545657224978,1308,-393840.8145882386,0.9566084319492194,1182,839991.7227797909,1.0988502877736008,1233,-2538767.283033229,-2984918.191224781,446150.90819155227,11,-935641.1630472214,-3592445.614061229,50.0,-5.0,800000000.0,3.0,3.0,2.0,2,50.0
4877,-2360532.1380424183,0.7812177044213222,1154,-624386.0531823626,0.9434545657224978,1308,-393840.8145882386,0.9566084319492194,1182,839991.7227797909,1.0988502877736008,1233,-2538767.283033229,-2984918.191224781,446150.90819155227,11,-935641.1630472214,-3592445.614061229,50.0,-5.0,800000000.0,3.0,3.0,2.0,2,0.0
4248,-1672990.5888617071,0.8454680331120076,1041,-192986.10778722184,0.9823612258991011,1161,-533523.0515047495,0.9416633154514285,1004,819278.6567074304,1.0957340877211428,1042,-1580221.0914462483,-1865976.696648929,285755.6052026809,12,-862401.1452428461,-2752374.4237062484,50.0,-5.0,800000000.0,3.0,3.0,2.0,3,50.0
4248,-1672990.5888617071,0.8454680331120076,1041,-192986.10778722184,0.9823612258991011,1161,-533523.0515047495,0.9416633154514285,1004,826578.6567074304,1.0965871049877869,1042,-1572921.0914462483,-1865976.696648929,293055.6052026809,12,-862401.1452428461,-2745074.4237062484,50.0,-5.0,800000000.0,3.0,3.0,2.0,3,0.0
3809,-1225964.050410328,0.8899694074633449,969,-221976.2706112475,0.9806760071021459,1068,-615193.4069056923,0.933413302187043,882,1410911.6431999905,1.1710332590266974,890,-652222.0847272775,-1447940.3210215755,795718.2362942982,12,-674632.7845391298,-2018990.6009301995,50.0,-5.0,800000000.0,3.0,3.0,2.0,5,50.0
3809,-1225964.050410328,0.8899694074633449,969,-221976.2706112475,0.9806760071021459,1068,-615193.4069056923,0.933413302187043,882,1403111.6431999905,1.1700073553959587,890,-660022.0847272775,-1447940.3210215755,787918.2362942982,12,-674632.7845391298,-2026790.6009301995,50.0,-5.0,800000000.0,3.0,3.0,2.0,5,0.0
4635,-1968641.4689915767,0.8162360880677669,1100,-493257.5855678205,0.9551340698241183,1246,-1217756.4878501252,0.8721839931286165,1117,315911.849648381,1.036179565954167,1172,-3363743.6927611413,-2461899.054559397,-901844.6382017442,11,-760986.2971442454,-4415422.023789141,50.0,-5.0,800000000.0,3.0,3.0,3.0,2,50.0
4635,-1968641.4689915767,0.8162360880677669,1100,-493257.5855678205,0.9551340698241183,1246,-1217756.4878501252,0.8721839931286165,1117,315911.849648381,1.036179565954167,1172,-3363743.6927611413,-2461899.054559397,-901844.6382017442,11,-760986.2971442454,-4415422.023789141,50.0,-5.0,800000000.0,3.0,3.0,3.0,2,0.0
3910,-1875998.6566636031,0.8326009286997714,962,-199650.71026556095,0.9816805965027132,1060,-1079843.2424319212,0.8851192914226976,930,560709.892744391,1.0657636001314938,958,-2594782.716616695,-2075649.3669291642,-519133.3496875302,9,-870999.5683279001,-3707577.7160566947,50.0,-5.0,800000000.0,3.0,3.0,3.0,3,50.0
3910,-1875998.6566636031,0.8326009286997714,962,-199650.71026556095,0.9816805965027132,1060,-1079843.2424319212,0.8851192914226976,930,568009.892744391,1.066619790270409,958,-2587482.716616695,-2075649.3669291642,-511833.3496875302,10,-870999.5683279001,-3700277.7160566947,50.0,-5.0,800000000.0,3.0,3.0,3.0,3,0.0
3320,-1102395.5361179984,0.9022485632444313,844,334741.2425329853,1.029859861368372,926,-1497910.4496213445,0.8466637380398394,775,1575896.186320691,1.2003690226237929,775,-689668.5568856674,-767654.2935850131,77985.73669934645,12,-860106.7490754997,-1949320.4058785893,50.0,-5.0,800000000.0,3.0,3.0,3.0,5,50.0
3320,-1102395.5361179984,0.9022485632444313,844,334741.2425329853,1.029859861368372,926,-1497910.4496213445,0.8466637380398394,775,1568096.186320691,1.199278467043481,775,-697468.5568856674,-767654.2935850131,70185.73669934645,12,-860106.7490754997,-1957120.4058785893,50.0,-5.0,800000000.0,3.0,3.0,3.0,5,0.0
4571,-1786581.9763218258,0.8279779206335339,1079,-631193.5250391003,0.9433706632268929,1228,-1380877.5103341425,0.8550565145511514,1104,377514.9644316912,1.043730948698829,1160,-3421138.047263377,-2417775.501360926,-1003362.5459024513,10,-871276.23409556,-4472816.378291377,50.0,-5.0,800000000.0,3.0,3.0,4.0,2,50.0
4571,-1786581.9763218258,0.8279779206335339,1079,-631193.5250391003,0.9433706632268929,1228,-1380877.5103341425,0.8550565145511514,1104,377514.9644316912,1.043730948698829,1160,-3421138.047263377,-2417775.501360926,-1003362.5459024513,10,-871276.23409556,-4472816.378291377,50.0,-5.0,800000000.0,3.0,3.0,4.0,2,0.0
3769,-1096112.5375222345,0.893368946775276,914,-795650.3091015455,0.9295144505050733,1031,-1033270.0165694786,0.8911897896564982,896,934152.0432371305,1.1138124376308256,928,-1990880.8199561283,-1891762.84662378,-99117.97333234805,12,-873452.2585554196,-3122759.152776128,50.0,-5.0,800000000.0,3.0,3.0,4.0,3,50.0
3769,-1096112.5375222345,0.893368946775276,914,-795650.3091015455,0.9295144505050733,1031,-1033270.0165694786,0.8911897896564982,896,941452.0432371305,1.114701833314023,928,-1983580.8199561283,-1891762.84662378,-91817.97333234805,12,-873452.2585554196,-3115459.152776128,50.0,-5.0,800000000.0,3.0,3.0,4.0,3,0.0
3074,-989777.4286804053,0.9099487136322335,783,171513.0010545767,1.0154252364791774,866,-578735.5249632326,0.9354387180573691,707,1876859.4298861306,1.2523732786765287,718,479859.47729706974,-818264.4276258285,1298123.904922898,13,-848551.79877829,-763375.7050758523,50.0,-5.0,800000000.0,3.0,3.0,4.0,5,50.0
3074,-1005977.4286804053,0.9084748157670308,783,171513.0010545767,1.0154252364791774,866,-578735.5249632326,0.9354387180573691,707,1843621.4298861306,1.2470220219226047,718,430421.47729706974,-834464.4276258285,1264885.904922898,13,-848551.79877829,-812813.7050758523,50.0,-5.0,800000000.0,3.0,3.0,4.0,5,0.0
4801,-2096677.4877213475,0.8041466219356368,1144,-820784.2414141814,0.9247715853422694,1284,-138676.23516903384,0.9845661222200629,1167,776901.8376103605,1.0922655437837947,1206,-2279236.1266942024,-2917461.729135529,638225.6024413266,12,-823552.3300873914,-3462487.6389262024,50.0,-5.0,800000000.0,3.0,5.0,2.0,2,50.0
4800,-2096677.4877213475,0.8041466219356368,1144,-867671.7414141814,0.9204741438049088,1283,-138676.23516903384,0.9845661222200629,1167,776901.8376103605,1.0922655437837947,1206,-2326123.626694202,-2964349.229135529,638225.6024413266,12,-823552.3300873914,-3500508.4717462016,50.0,-5.0,800000000.0,3.0,5.0,2.0,2,0.0
4049,-1424916.8884855574,0.8643740822050576,1003,-258934.97073794517,0.9757373490477826,1105,-677932.9265960644,0.9250772826777464,955,1126751.08858183,1.1337594043666384,986,-1235033.697237737,-1683851.8592235027,448818.1619857657,13,-738992.3843837448,-2501117.027007737,50.0,-5.0,800000000.0,3.0,5.0,2.0,3,50.0
4046,-1452666.8884855574,0.861732791860882,1003,-283742.4707379451,0.9733847125709142,1103,-660360.9267887843,0.9268635057212937,954,1134051.08858183,1.1346260053948258,986,-1262719.197430457,-1736409.3592235025,473690.1617930457,13,-738992.3843837448,-2528802.5272004567,50.0,-5.0,800000000.0,3.0,5.0,2.0,3,0.0
3458,-1201545.9089489686,0.8869592641286393,885,55978.63416367775,1.0051308947011945,965,-957537.6599344022,0.8925608562024975,797,2049941.3153418493,1.2546778629030726,811,-53163.61937784334,-1145567.274785291,1092403.6554074471,11,-640193.6654503446,-1472646.9515158434,50.0,-5.0,800000000.0,3.0,5.0,2.0,5,50.0
3451,-1126192.5761829687,0.8941268174019413,886,13039.801320677769,1.0011934004785994,963,-902161.6595104024,0.8985244796936407,795,2005635.9815168492,1.2497882149580377,807,-9678.452855843934,-1113152.7748622908,1103474.3220064468,11,-633893.6654503446,-1488378.452247844,50.0,-5.0,800000000.0,3.0,5.0,2.0,5,0.0
4568,-1717175.8174865707,0.8377976587915303,1091,-859165.3450623894,0.9213209841553983,1222,-1220663.7212516456,0.871929571502851,1107,434571.66760209017,1.0505549276798498,1148,-3362433.216198515,-2576341.16254896,-786092.0536495554,9,-702282.7587804453,-4524818.061250515,50.0,-5.0,800000000.0,3.0,5.0,3.0,2,50.0
4567,-1717175.8174865707,0.8377976587915303,1091,-906052.8450623895,0.9170272095326034,1221,-1220663.7212516456,0.871929571502851,1107,434571.66760209017,1.0505549276798498,1148,-3409320.716198515,-2623228.66254896,-786092.0536495554,9,-702282.7587804453,-4562338.894075515,50.0,-5.0,800000000.0,3.0,5.0,3.0,2,0.0
3736,-1315917.410105367,0.8781509808823472,922,-398657.8476009989,0.9632128435054816,1015,-760492.2929620608,0.9162735803002989,884,409741.4242023502,1.0464036183311929,915,-2065326.1264660761,-1714575.2577063658,-350750.8687597106,9,-642794.9517505253,-3335409.456236076,50.0,-5.0,800000000.0,3.0,5.0,3.0,3,50.0
3735,-1343667.410105367,0.8755814349104278,922,-405457.8476009987,0.9625033520739826,1014,-777322.2928900607,0.9146262420770527,884,417041.4242023502,1.0472303504939884,915,-2109406.1263940763,-1749125.2577063655,-360280.8686877105,9,-642794.9517505253,-3379489.456164076,50.0,-5.0,800000000.0,3.0,5.0,3.0,3,0.0
3034,-737414.3037293076,0.93100174251816,768,478271.2879007626,1.0436092251504434,849,-1864463.1694536349,0.8053387772370991,715,1940177.9747452703,1.2502829822173167,702,-183428.2105369093,-259143.01582854503,75714.80529163545,11,-960698.9150153499,-1546994.8753679092,50.0,-5.0,800000000.0,3.0,5.0,3.0,5,50.0
3024,-678190.3038793076,0.9363723143746081,767,307520.62793189863,1.027999660839752,845,-1806707.1695236345,0.811301947344582,714,1899904.97449647,1.2463643120865062,698,-277471.87097457354,-370669.67594740895,93197.80497283558,11,-954398.9150153499,-1698988.5364055734,50.0,-5.0,800000000.0,3.0,5.0,3.0,5,0.0
4507,-1533587.4722046065,0.8508098345040442,1069,-1014782.0590132688,0.9085594918141001,1206,-1042684.4110428724,0.8879329998994889,1094,462727.21563290054,1.0539026007023466,1138,-3128326.726627847,-2548369.5312178754,-579957.1954099718,10,-710942.3803983901,-4274744.904504847,50.0,-5.0,800000000.0,3.0,5.0,4.0,2,50.0
4506,-1533587.4722046065,0.8508098345040442,1069,-1061669.5590132687,0.9043345286414805,1205,-1042684.4110428724,0.8879329998994889,1094,462727.21563290054,1.0539026007023466,1138,-3175214.226627847,-2595257.031217875,-579957.1954099718,10,-710942.3803983901,-4311432.404504847,50.0,-5.0,800000000.0,3.0,5.0,4.0,2,0.0
3608,-430690.94673444727,0.9565230886945589,882,-931201.0705544733,0.915932181693,987,-709330.9288246579,0.9230256018359325,854,746344.7754714503,1.0883340120172107,885,-1324878.1706421282,-1361892.0172889205,37013.84664679237,13,-682447.1327450197,-2634261.5010141283,50.0,-5.0,800000000.0,3.0,5.0,4.0,3,50.0
3606,-458440.9467344473,0.953721812517584,882,-933328.5705544733,0.9155337667519733,985,-725430.9288246578,0.9212784796393931,854,753644.7754714503,1.089198007196005,885,-1363555.670642128,-1391769.5172889207,28213.846646792488,13,-676147.1327450197,-2672939.0010141283,50.0,-5.0,800000000.0,3.0,5.0,4.0,3,0.0
2811,-724946.1529535924,0.9309372192609877,716,-203699.82940759414,0.981310110243096,789,-1005023.0289298322,0.8871895522228244,653,2398829.0338669103,1.3321131484035829,653,465160.02257589146,-928645.9823611865,1393806.004937078,11,-876624.7993206203,-910196.6428551084,50.0,-5.0,800000000.0,3.0,5.0,4.0,5,50.0
2806,-682863.6531035923,0.9346492880109474,715,-269491.8200562793,0.975227237822593,786,-995163.028929832,0.8885777064725189,653,2412989.0338669103,1.3365336522718925,652,465470.5317772067,-952355.4731598716,1417826.0049370783,11,-870324.7993206203,-967836.1336537931,50.0,-5.0,800000000.0,3.0,5.0,4.0,5,0.0
4789,-1973444.3820292475,0.8159605550423161,1143,-701466.0510091562,0.9353687745675002,1279,-288467.1349649338,0.967896876028937,1164,689275.5039937602,1.081902189321905,1203,-2274102.0640095775,-2674910.4330384037,400808.3690288264,11,-832358.9965827914,-3963735.3942255774,50.0,-5.0,800000000.0,3.0,0.0,2.0,2,50.0
4786,-1973444.3820292475,0.8159605550423161,1143,-811391.0510091563,0.9252405759961699,1278,-306267.1349649338,0.9659159376917003,1163,743475.5039937602,1.0885465433667372,1202,-2347627.0640095775,-2784835.4330384037,437208.3690288264,11,-832358.9965827914,-4002760.3942255774,50.0,-5.0,800000000.0,3.0,0.0,2.0,2,0.0
4009,-1588760.780349808,0.8499359889460173,997,-218318.70567213904,0.9793676993785855,1095,-849833.9264988292,0.9055489700384763,944,1211707.7464660802,1.1455532091533245,973,-1445205.6660546968,-1807079.486021947,361873.81996725104,13,-813129.050016145,-3374738.9962866968,50.0,-5.0,800000000.0,3.0,0.0,2.0,3,50.0
3995,-1553047.1447698064,0.8521698800508406,996,-300706.3115321388,0.9714978179088717,1088,-745596.4268835492,0.9165218589179998,941,1321198.4125540801,1.1595964455907388,970,-1278151.470631414,-1853753.4563019453,575601.9856705309,13,-727929.050016145,-3369768.1334634144,50.0,-5.0,800000000.0,3.0,0.0,2.0,3,0.0
3353,-1135014.9722602405,0.8924812135514866,866,313405.8625878537,1.0293609346360963,939,-637699.2415973768,0.9262599382154411,772,1767222.4578195997,1.2234450559292716,776,307914.10654983635,-821609.1096723868,1129523.216222223,13,-551135.3750528513,-1925052.5589301637,50.0,-5.0,800000000.0,3.0,0.0,2.0,5,50.0
3286,-733937.6798042556,0.9288115080452596,855,365978.36243385397,1.0351211185879543,918,-1084822.1478000972,0.873607372366969,758,1247354.6603385997,1.1586650771625797,755,-205426.80483189924,-367959.31737040164,162532.51253850246,11,-685858.1649121195,-2791037.710681899,50.0,-5.0,800000000.0,3.0,0.0,2.0,5,0.0
4555,-1782605.7117738707,0.8325833535324112,1089,-758196.3208228145,0.9300023898915333,1216,-1302547.8210585455,0.8637258617253215,1105,376599.6679980902,1.0441237427699306,1145,-3466750.18565714,-2540802.032596685,-925948.1530604553,9,-775574.6133465501,-5158983.51587314,50.0,-5.0,800000000.0,3.0,0.0,3.0,2,50.0
4552,-1782605.7117738707,0.8325833535324112,1089,-868121.3208228142,0.919853979671311,1215,-1320347.8210585455,0.8618636040622455,1104,371149.66799809027,1.043485201585403,1144,-3599925.18565714,-2650727.032596685,-949198.1530604552,9,-775574.6133465501,-5257658.51587314,50.0,-5.0,800000000.0,3.0,0.0,3.0,2,0.0
3699,-1348102.8028205344,0.875271341053683,918,-469600.5816654628,0.9564950358047549,1006,-953438.1937325608,0.8950750587336631,875,409291.9159660999,1.0471422417204181,900,-2361849.6622524583,-1817703.3844859973,-544146.277766461,10,-696234.9517705252,-4241110.76869065,50.0,-5.0,800000000.0,3.0,0.0,3.0,3,50.0
3689,-1401722.5003145323,0.8703103596303516,918,-601043.9147454628,0.9441952726143681,1002,-747590.0433874107,0.9170760672175587,873,579384.0820541,1.067139644184714,896,-2170972.376393306,-2002766.4150599951,-168205.9613333107,12,-683993.6262439634,-4225489.039225306,50.0,-5.0,800000000.0,3.0,0.0,3.0,3,0.0
2935,-957832.1167554294,0.908932357131101,747,256923.8141056234,1.0238934415426422,824,-1770510.6178911347,0.813077902069345,692,1679534.1098690105,1.2258032692564698,672,-791884.8106719302,-700908.302649806,-90976.50802212418,12,-870891.2487088498,-2974151.47615193,50.0,-5.0,800000000.0,3.0,0.0,3.0,5,50.0
2883,-707194.8639052655,0.9317249211636985,741,13635.987498759641,1.001282289346095,809,-1970330.7011017653,0.7885795315239158,678,1750048.1085612099,1.2416247624055685,655,-913841.4689470611,-693558.8764065058,-220282.5925405554,12,-970537.91470085,-3508452.374797061,50.0,-5.0,800000000.0,3.0,0.0,3.0,5,0.0
4496,-1495225.4775142097,0.8548791698407617,1068,-858895.3681276938,0.9218539301802083,1201,-1253474.7108497722,0.8667142591448908,1092,423453.2160289005,1.0498489534307345,1135,-3184142.3404627754,-2354120.8456419036,-830021.4948208716,8,-785109.0468731901,-4848975.670678776,50.0,-5.0,800000000.0,3.0,0.0,4.0,2,50.0
4493,-1495225.4775142097,0.8548791698407617,1068,-968820.3681276939,0.9118524712787982,1200,-1271274.7108497724,0.8648215315400294,1091,418003.21602890047,1.0492073789051108,1134,-3317317.3404627754,-2464045.8456419036,-853271.494820872,8,-785109.0468731901,-4947650.670678776,50.0,-5.0,800000000.0,3.0,0.0,4.0,2,0.0
3571,-472817.00592261524,0.9520629484452173,875,-969446.8046236273,0.9122629836810336,978,-926315.0962891579,0.8992809808692965,845,720568.4418263,1.08650973885987,873,-1648010.4650091005,-1442263.8105462426,-205746.65446285787,14,-681901.1264761694,-3483627.1297611007,50.0,-5.0,800000000.0,3.0,0.0,4.0,3,50.0
3561,-526436.7034166132,0.9466266587793962,875,-1144080.137703627,0.8965663178581884,973,-796940.0964811577,0.9128932742896839,843,944753.1087043001,1.1149304590334521,870,-1522703.8288970978,-1670516.8411202403,147813.01222314243,12,-700501.1264761694,-3531303.826249098,50.0,-5.0,800000000.0,3.0,0.0,4.0,3,0.0
2731,-997870.4207171327,0.904197019413508,699,55060.52940705209,1.005191684634927,769,-997409.6795630322,0.8868821971928889,634,2151570.343441481,1.3089396792138623,629,211350.7725683673,-942809.8913100807,1154160.6638784485,13,-807136.7790345203,-2010120.8929116325,50.0,-5.0,800000000.0,3.0,0.0,4.0,5,50.0
2685,-682933.9780969791,0.9330276967079291,694,98245.89837490779,1.0093742794012353,756,-1005566.8789074325,0.8829126371088885,623,1962860.34248068,1.2875268111695888,612,372605.38385117607,-584688.0797220713,957293.4635732474,13,-882226.4653881203,-2260505.5219988236,50.0,-5.0,800000000.0,3.0,0.0,4.0,5,0.0
7914,-4724862.5607154835,0.7845521718961611,2165,-1133481.6059790263,0.9470217396476007,2342,-828468.4509935742,0.9423489699246289,1704,1077289.0609303126,1.080740115873927,1703,-5609523.556757771,-5858344.16669451,248820.6099367384,10,-1548011.543905641,-6890287.442712228,50.0,-5.0,800000000.0,4.5,3.0,2.0,2,50.0
7914,-4724862.5607154835,0.7845521718961611,2165,-1133481.6059790263,0.9470217396476007,2342,-828468.4509935742,0.9423489699246289,1704,1077289.0609303126,1.080740115873927,1703,-5609523.556757771,-5858344.16669451,248820.6099367384,10,-1548011.543905641,-6890287.442712228,50.0,-5.0,800000000.0,4.5,3.0,2.0,2,0.0
6876,-3876998.832873483,0.8229136383703255,1953,-339054.8793374263,0.9836337164317385,2054,-1659871.6768937376,0.8843140389093472,1443,581142.8184433943,1.0450735155114426,1426,-5294782.570661253,-4216053.712210909,-1078728.8584503434,7,-1372333.37646697,-6549728.4025712535,50.0,-5.0,800000000.0,4.5,3.0,2.0,3,50.0
6876,-3875998.832873483,0.8229593145155253,1953,-339054.8793374263,0.9836337164317385,2054,-1659871.6768937376,0.8843140389093472,1443,581142.8184433943,1.0450735155114426,1426,-5293782.570661253,-4215053.712210909,-1078728.8584503434,7,-1372333.37646697,-6548728.4025712535,50.0,-5.0,800000000.0,4.5,3.0,2.0,3,0.0
6120,-3317886.30151122,0.8455122683118264,1792,-270849.60475068487,0.9868697424203244,1858,-1039973.7445343276,0.9224121156778101,1232,931082.9174813442,1.075502139029296,1238,-3697626.7333148886,-3588735.906261905,-108890.82705298346,11,-1137821.8749631702,-5094607.749167811,50.0,-5.0,800000000.0,4.5,3.0,2.0,5,50.0
6120,-3312386.30151122,0.8457683598252389,1792,-270849.60475068487,0.9868697424203244,1858,-1039973.7445343276,0.9224121156778101,1232,931082.9174813442,1.075502139029296,1238,-3692126.7333148886,-3583235.906261905,-108890.82705298346,11,-1137821.8749631702,-5089107.749167811,50.0,-5.0,800000000.0,4.5,3.0,2.0,5,0.0
7372,-4730014.300791648,0.7907076427323569,2020,-1414326.8433515092,0.9342773460520137,2180,-1204134.6877597026,0.9179672946596125,1594,1224593.361628033,1.0931185270065304,1578,-6123882.470274827,-6144341.144143158,20458.67386833043,7,-1234558.7299865088,-7365366.356729284,50.0,-5.0,800000000.0,4.5,3.0,3.0,2,50.0
7372,-4730014.300791648,0.7907076427323569,2020,-1414326.8433515092,0.9342773460520137,2180,-1204134.6877597026,0.9179672946596125,1594,1224593.361628033,1.0931185270065304,1578,-6123882.470274827,-6144341.144143158,20458.67386833043,7,-1234558.7299865088,-7365366.356729284,50.0,-5.0,800000000.0,4.5,3.0,3.0,2,0.0
6105,-4448488.56350702,0.8032138178174312,1726,-719436.1927190105,0.9654678417609188,1833,-1556950.2338879216,0.8918659948101572,1288,1149626.3062848723,1.0932080795351544,1258,-5575248.683829078,-5167924.75622603,-407323.9276030492,9,-1308975.1835778896,-6885111.183829078,50.0,-5.0,800000000.0,4.5,3.0,3.0,3,50.0
6105,-4447488.56350702,0.8032580544563195,1726,-719436.1927190105,0.9654678417609188,1833,-1556950.2338879216,0.8918659948101572,1288,1149626.3062848723,1.0932080795351544,1258,-5574248.683829078,-5166924.75622603,-407323.9276030492,9,-1308975.1835778896,-6884111.183829078,50.0,-5.0,800000000.0,4.5,3.0,3.0,3,0.0
5123,-3626840.7230742685,0.836264484790166,1512,-922820.8864768562,0.9555728193074773,1557,-1826093.3434171244,0.8670627356397934,1037,214849.52834247833,1.0178472316050577,1017,-6160905.424625771,-4549661.609551124,-1611243.815074646,6,-1078757.343965264,-7553111.441388693,50.0,-5.0,800000000.0,4.5,3.0,3.0,5,50.0
5123,-3621340.7230742685,0.8365127850058123,1512,-922820.8864768562,0.9555728193074773,1557,-1826093.3434171244,0.8670627356397934,1037,214849.52834247833,1.0178472316050577,1017,-6155405.424625771,-4544161.609551124,-1611243.815074646,6,-1078757.343965264,-7547611.441388693,50.0,-5.0,800000000.0,4.5,3.0,3.0,5,0.0
7157,-5244229.20491514,0.7715813337615438,1940,-1116346.2603213163,0.9474917338447489,2118,-1445713.4335526123,0.900807142747536,1549,918568.9960338534,1.0688552873257662,1550,-6887719.902755216,-6360575.465236456,-527144.4375187589,8,-1277843.8807008897,-8148833.788709672,50.0,-5.0,800000000.0,4.5,3.0,4.0,2,50.0
7157,-5244229.20491514,0.7715813337615438,1940,-1116346.2603213163,0.9474917338447489,2118,-1445713.4335526123,0.900807142747536,1549,918568.9960338534,1.0688552873257662,1550,-6887719.902755216,-6360575.465236456,-527144.4375187589,8,-1277843.8807008897,-8148833.788709672,50.0,-5.0,800000000.0,4.5,3.0,4.0,2,0.0
5728,-4658418.069533196,0.7900099504513495,1598,-1403964.1491812747,0.9328749431009152,1726,-1546440.5990503589,0.8919973380607626,1218,1124472.2487497232,1.0947845575058759,1186,-6484350.569015106,-6062382.218714471,-421968.3503006357,9,-1415761.6641813698,-7783925.568105106,50.0,-5.0,800000000.0,4.5,3.0,4.0,3,50.0
5728,-4657418.069533196,0.7900550279962186,1598,-1403964.1491812747,0.9328749431009152,1726,-1546440.5990503589,0.8919973380607626,1218,1124472.2487497232,1.0947845575058759,1186,-6483350.569015106,-6061382.218714471,-421968.3503006357,9,-1415761.6641813698,-7782925.568105106,50.0,-5.0,800000000.0,4.5,3.0,4.0,3,0.0
4620,-3394737.397845767,0.8424702167485216,1346,-910505.2849577756,0.9548240787331768,1410,-1533628.7498355426,0.8857084555142081,948,800819.3355150544,1.0715560877811638,916,-5038052.097124031,-4305242.682803542,-732809.4143204882,9,-1092000.9318368502,-6476113.113886952,50.0,-5.0,800000000.0,4.5,3.0,4.0,5,50.0
4619,-3371880.3978457665,0.8432463160934819,1345,-910505.2849577756,0.9548240787331768,1410,-1533628.7498355426,0.8857084555142081,948,800819.3355150544,1.0715560877811638,916,-5015195.097124032,-4282385.682803542,-732809.4143204882,9,-1092000.9318368502,-6453256.113886954,50.0,-5.0,800000000.0,4.5,3.0,4.0,5,0.0
7611,-3880964.6944929543,0.8182439343292647,2082,-758388.4067734492,0.9636290945049327,2245,-1053239.6206113694,0.926520243601853,1647,774305.4838907099,1.0587127056913732,1637,-4918287.237987062,-4639353.101266404,-278934.13672065944,10,-1335668.4301555913,-6406187.235323312,50.0,-5.0,800000000.0,4.5,5.0,2.0,2,50.0
7606,-3943964.694492954,0.8153712940117211,2081,-812697.9067734492,0.9610584487072028,2245,-1209432.6204173695,0.9157690301995338,1646,841815.4836087099,1.0641345134081777,1634,-5124279.738075064,-4756662.601266403,-367617.13680865965,10,-1335668.4301555913,-6611829.735411313,50.0,-5.0,800000000.0,4.5,5.0,2.0,2,0.0
6328,-3431972.5805465067,0.8374113845045317,1810,-1199739.0814934343,0.9406944231438505,1891,-1287842.0237291222,0.9054372136598045,1323,1479576.5147184217,1.1219574289925927,1304,-4439977.17105064,-4631711.662039941,191734.4909892995,11,-1228185.1635203748,-5916952.17014064,50.0,-5.0,800000000.0,4.5,5.0,2.0,3,50.0
6318,-3534635.913324506,0.8324597448649366,1809,-1331453.5814934343,0.9342723718678053,1889,-1321242.0237291222,0.9027051210704253,1319,1564266.5147184217,1.1295090963561407,1301,-4623065.003828641,-4866089.4948179405,243024.4909892995,11,-1228185.1635203748,-6100040.002918641,50.0,-5.0,800000000.0,4.5,5.0,2.0,3,0.0
5309,-2754890.067874456,0.8642410804384875,1563,-860650.3824756561,0.9563758527066987,1606,-894770.1536974222,0.9292825938503134,1072,1131355.7453863714,1.096018707300514,1068,-3378954.8586611627,-3615540.450350112,236585.59168894915,11,-1168093.9983629147,-5015354.857751163,50.0,-5.0,800000000.0,4.5,5.0,2.0,5,50.0
5292,-2766006.5675389557,0.8629921024089341,1556,-904899.8821026557,0.9542906133510579,1606,-837334.1533074222,0.9337081178815175,1069,1175769.6773498715,1.1003314209635404,1061,-3332470.925599162,-3670906.4496416114,338435.5240424493,10,-1168093.9983629147,-4972070.9246891625,50.0,-5.0,800000000.0,4.5,5.0,2.0,5,0.0
7114,-4362558.587338313,0.8047005434184322,1949,-1242980.5147578958,0.9411642627602458,2102,-1305732.6594140232,0.9110325809060119,1537,1131660.4540515505,1.0872489292607104,1526,-5779611.307458682,-5605539.102096209,-174072.20536247268,9,-1202170.4109601066,-7279161.305704932,50.0,-5.0,800000000.0,4.5,5.0,3.0,2,50.0
7110,-4362558.587338313,0.8047005434184322,1949,-1305126.0147578958,0.9383022477616222,2101,-1417777.659134023,0.9034143387552387,1535,1154900.4537695504,1.0892570463178737,1525,-5930561.8074606825,-5667684.602096209,-262877.20536447247,9,-1202170.4109601066,-7430111.805706932,50.0,-5.0,800000000.0,4.5,5.0,3.0,2,0.0
5627,-3484660.903600451,0.8397894528283463,1602,-1146647.9504068312,0.9428480482812035,1685,-1354121.1534581156,0.9024785657844872,1187,2042413.5826003295,1.1745634339124653,1153,-3943016.424865068,-4631308.854007282,688292.4291422139,9,-1507455.312554265,-5368749.756378068,50.0,-5.0,800000000.0,4.5,5.0,3.0,3,50.0
5618,-3623944.236378451,0.833327021960532,1600,-1409421.949929831,0.9300009063240464,1682,-1424348.1537581158,0.8972696194568887,1185,2092430.5826003295,1.179134711695524,1151,-4365283.7574660685,-5033366.1863082815,668082.4288422137,8,-1507455.312554265,-5778817.089581069,50.0,-5.0,800000000.0,4.5,5.0,3.0,3,0.0
4461,-2198027.8218419617,0.8945711949851248,1325,-1978704.5407844726,0.9028197735676047,1348,-1180648.5494886846,0.9068394268354272,905,1413998.2334832374,1.1248923383581722,883,-3943382.6786318803,-4176732.3626264343,233349.68399455282,11,-1160601.0630838498,-5560457.67863188,50.0,-5.0,800000000.0,4.5,5.0,3.0,5,50.0
4441,-2248641.3219759613,0.8917123313774854,1320,-2176508.1778166546,0.892589854584347,1338,-1169043.7155420347,0.9076523296059171,903,1660450.4026432377,1.1485303440802384,880,-3933742.812691413,-4425149.499792616,491406.687101203,10,-1160601.0630838498,-5554017.812691413,50.0,-5.0,800000000.0,4.5,5.0,3.0,5,0.0
6930,-5080547.008552562,0.7779598405285768,1879,-1401364.7166775097,0.9338785151288009,2049,-804186.3342055377,0.943335820938175,1501,930614.1738026405,1.0704058207493978,1501,-6355483.885632969,-6481911.725230072,126427.83959710284,9,-1350053.42728888,-7850683.883879219,50.0,-5.0,800000000.0,4.5,5.0,4.0,2,50.0
6925,-5080547.008552562,0.7779598405285768,1879,-1519596.21667751,0.9284226667116507,2048,-888261.3342055376,0.9372058060505304,1498,984148.1733606404,1.0747079381021747,1500,-6504256.38607497,-6600143.225230073,95886.83915510285,9,-1350053.42728888,-7998856.384321219,50.0,-5.0,800000000.0,4.5,5.0,4.0,2,0.0
5318,-4251400.026558263,0.801545121694222,1491,-1356573.2428303119,0.9328137012810315,1603,-2335207.2144602034,0.8363832345449,1123,2090181.3463908006,1.184706582716778,1101,-5852999.137457978,-5607973.269388575,-245025.86806940287,9,-1696774.2447534148,-7327524.135702228,50.0,-5.0,800000000.0,4.5,5.0,4.0,3,50.0
5313,-4286968.208895263,0.7996361842204333,1490,-1486140.4095963119,0.9266424942934413,1602,-2324054.8814482037,0.8364943425807272,1121,2164005.3463908006,1.1917634981621152,1100,-5933158.153548978,-5773108.618491575,-160049.53505740315,9,-1696774.2447534148,-7397783.151793228,50.0,-5.0,800000000.0,4.5,5.0,4.0,3,0.0
4024,-2952715.772829814,0.8560050536064714,1176,-1853264.3788832934,0.9066695836658599,1228,-1140035.5954716322,0.9061562503752816,823,627137.1329541438,1.0574989359101086,797,-5318878.6142305955,-4805980.151713107,-512898.4625174884,10,-1104054.5750594998,-6947933.613076845,50.0,-5.0,800000000.0,4.5,5.0,4.0,5,50.0
4003,-2831550.224936212,0.8613488027874102,1170,-2068315.1293565512,0.8957851938577421,1221,-1139574.7638923824,0.906778915360632,821,699175.7996716937,1.065041912924138,791,-5340264.318513453,-4899865.354292763,-440398.9642206887,11,-1104054.5750594998,-6980119.317359703,50.0,-5.0,800000000.0,4.5,5.0,4.0,5,0.0
7550,-4518917.317463686,0.7869853067873072,2058,-820227.5984369065,0.9604200848594869,2229,-1227927.7882516943,0.914386421161083,1637,597280.6510711097,1.0454409160861624,1626,-5969792.053081178,-5339144.915900592,-630647.1371805846,9,-1516378.4300956912,-8194325.384486178,50.0,-5.0,800000000.0,4.5,0.0,2.0,2,50.0
7539,-4793895.984063686,0.7749142721375063,2056,-962666.8197690304,0.9534997947620517,2226,-1358409.7880576944,0.9051552585455082,1635,601130.6509431098,1.0459918775274355,1622,-6513841.940947302,-5756562.803832716,-757279.1371145847,9,-1516378.4300956912,-8719775.2723523,50.0,-5.0,800000000.0,4.5,0.0,2.0,2,0.0
6169,-4220159.470080686,0.7958721874829877,1755,-1164785.1542297993,0.9416350704630755,1848,-1570013.657590487,0.8835473765106258,1299,972282.2186381016,1.0814569814429729,1267,-5982676.063262871,-5384944.624310485,-597731.4389523854,8,-1354774.257005291,-8283506.0622828705,50.0,-5.0,800000000.0,4.5,0.0,2.0,3,50.0
6122,-4385734.251584852,0.7863510834851206,1743,-1108944.2630464355,0.9443058388071054,1839,-1444591.7528854872,0.8915307004789674,1289,945148.3908881014,1.0800504721419608,1251,-5994121.876628675,-5494678.514631288,-499443.36199738574,8,-1302304.2567752912,-8459821.876628675,50.0,-5.0,800000000.0,4.5,0.0,2.0,3,0.0
4953,-3031735.1838795254,0.8432790401954396,1443,-1837258.42747701,0.9034531613685566,1517,-1048031.713589455,0.9150376054968752,1009,1304203.8783028633,1.118542918945126,984,-4612821.446643127,-4868993.611356536,256172.16471340833,9,-1116748.46123642,-7477175.861483567,50.0,-5.0,800000000.0,4.5,0.0,2.0,5,50.0
4786,-3137017.4985072482,0.833321062112925,1400,-555910.6814469423,0.9698380813229047,1472,-960028.2460609154,0.9185811991709112,972,808594.3805694634,1.0754718787989703,942,-3844362.0454456434,-3692928.1799541907,-151433.86549145204,9,-1356300.4298071398,-7312140.374112643,50.0,-5.0,800000000.0,4.5,0.0,2.0,5,0.0
7061,-5068712.88800707,0.7725341997843543,1928,-1476545.647516126,0.929719161135306,2089,-1303121.8202011725,0.9106158899511472,1526,634422.95430665,1.0490371759767252,1518,-7213957.401417717,-6545258.535523196,-668698.8658945225,8,-1392840.4109272566,-9353640.732822716,50.0,-5.0,800000000.0,4.5,0.0,3.0,2,50.0
7050,-5091987.88800707,0.7711824151618201,1926,-1537230.8688482495,0.926721268442541,2085,-1396692.8202011725,0.9040259606440656,1523,574000.9541786499,1.0445051212220808,1516,-7451910.622877842,-6629218.756855319,-822691.8660225226,8,-1392840.4109272566,-9599593.954282843,50.0,-5.0,800000000.0,4.5,0.0,3.0,2,0.0
5482,-4276846.653862832,0.7999950033312957,1552,-1362348.374501409,0.931439577842549,1652,-1481958.5379541407,0.8919139618594711,1160,1499391.7508276992,1.1305017946299054,1118,-5621761.815490684,-5639195.028364241,17433.212873558514,10,-1477520.0624994899,-7843761.8145106835,50.0,-5.0,800000000.0,4.5,0.0,3.0,3,50.0
5448,-4516093.242583033,0.7879436968039552,1546,-1267487.428243161,0.9361141051613316,1643,-1344311.5553779907,0.9013300063346387,1152,1611090.888178599,1.1411605599841201,1107,-5516801.338025585,-5783580.670826194,266779.33280060836,8,-1460720.0624994899,-8001818.001835585,50.0,-5.0,800000000.0,4.5,0.0,3.0,3,0.0
4156,-3162088.6399307437,0.8396833495147435,1218,-1526197.39097233,0.9197044684226281,1270,-747561.5151435548,0.9368403070967745,852,247190.65016423757,1.0226922379736865,816,-5188656.89588239,-4688286.030903074,-500370.8649793172,7,-1009269.9777829697,-7772011.30937283,50.0,-5.0,800000000.0,4.5,0.0,3.0,5,50.0
4029,-2735866.0655949307,0.856868084058654,1185,-1017185.0394480091,0.9446464922510446,1228,-915429.7960621653,0.9213545376768197,826,-96473.98148103469,0.9907742102633538,790,-4764954.88258614,-3753051.10504294,-1011903.7775432,8,-1083453.3934009697,-8029391.53928514,50.0,-5.0,800000000.0,4.5,0.0,3.0,5,0.0
6885,-5550217.346854991,0.7562429478482255,1862,-1518022.1091236793,0.9280912374930789,2039,-879933.6653410129,0.9375665932570901,1492,336463.0076043904,1.025485311554203,1492,-7611710.113715292,-7068239.455978671,-543470.6577366225,8,-1387952.23650148,-9855448.445120292,50.0,-5.0,800000000.0,4.5,0.0,4.0,2,50.0
6874,-5661132.013454991,0.7517872381599531,1861,-1707463.3304558033,0.9190851802737579,2035,-1132669.6649530125,0.9197765885333126,1489,328717.0072813901,1.025004339259465,1489,-8172548.001582417,-7368595.343910795,-803952.6576716225,8,-1387952.23650148,-10397231.332987417,50.0,-5.0,800000000.0,4.5,0.0,4.0,2,0.0
5193,-5214539.003898793,0.7540340153406931,1451,-1570056.6161217317,0.9225169373540567,1575,-2049414.1329162787,0.8538071291819324,1102,1870739.5132927499,1.169728267839492,1065,-6963270.239644054,-6784595.620020525,-178674.6196235288,10,-1479421.16180644,-9251670.237624055,50.0,-5.0,800000000.0,4.5,0.0,4.0,3,50.0
5162,-5324219.852452193,0.7476189661530012,1446,-1485097.776105234,0.9260901966945039,1565,-1681741.922893839,0.8787488235743082,1095,2001025.4180539502,1.1832876050519539,1056,-6490034.133397316,-6809317.628557427,319283.4951601112,10,-1399023.1800384799,-8998700.797207315,50.0,-5.0,800000000.0,4.5,0.0,4.0,3,0.0
3780,-3299091.6312569673,0.8327432668258378,1099,-1463134.399230183,0.9229155493367013,1163,-975882.6765570724,0.9146461174725795,776,427080.8458008077,1.0419677667871692,742,-5311027.861243416,-4762226.03048715,-548801.8307562647,9,-1080815.9897176,-7807182.274733855,50.0,-5.0,800000000.0,4.5,0.0,4.0,5,50.0
3657,-2888598.159089444,0.8474949805882579,1063,-2000799.888486204,0.8920728727301064,1120,-967374.9440650728,0.9163036817619006,759,345843.5128366076,1.035630147701313,715,-5510929.478804113,-4889398.047575648,-621531.4312284652,8,-1032086.9564012942,-8923982.802818114,50.0,-5.0,800000000.0,4.5,0.0,4.0,5,0.0
