n,mean,t,ta,tb,wy,yrs,ann,sym,rule,cost,swl,sws,frm
3887,-0.00039922125933126225,-0.02383501339205297,-1.9524781249268202,1.339361757565431,0.4375,16,-0.09698581468878453,US500Cash,MA5/20,0.010403567383258084,-0.004641095890410958,0.000536986301369863,2011-08-09
3887,0.00817361995777356,0.4943379759441056,0.09733289127955322,0.5304135924771409,0.5625,16,1.9856787984916182,US500Cash,MA10/50,0.010403567383258084,-0.004641095890410958,0.000536986301369863,2011-08-09
3887,0.003978458823495268,0.24402085209191737,0.019654367437679624,0.2774273104191957,0.3125,16,0.9665168404328855,US500Cash,MA20/100,0.010403567383258084,-0.004641095890410958,0.000536986301369863,2011-08-09
3887,0.01921448462718582,1.1859757054651396,1.1786434611535535,0.659445112535144,0.625,16,4.667918859116959,US500Cash,MA50/200,0.010403567383258084,-0.004641095890410958,0.000536986301369863,2011-08-09
3887,-0.00017644897052516162,-0.010541748632304577,-0.9973492818840294,0.6849991334783779,0.625,16,-0.04286607177695456,US500Cash,モメ20,0.010403567383258084,-0.004641095890410958,0.000536986301369863,2011-08-09
3887,0.01590703567419979,0.9667014505407507,0.2608771624229158,0.9869342211798556,0.625,16,3.864415479100916,US500Cash,モメ60,0.010403567383258084,-0.004641095890410958,0.000536986301369863,2011-08-09
3887,0.012301674464794087,0.7550863939840492,0.9522433188489676,0.2862964994422933,0.5,16,2.9885380402909165,US500Cash,モメ120,0.010403567383258084,-0.004641095890410958,0.000536986301369863,2011-08-09
3887,0.019787706318245606,1.231600752774865,1.3969450194740005,0.5900395411863502,0.5625,16,4.807175903688796,US500Cash,モメ250,0.010403567383258084,-0.004641095890410958,0.000536986301369863,2011-08-09
3887,0.014622487781724208,1.3694865558874687,0.5636465831932382,1.2644571684584223,0.625,16,3.552350625472624,US500Cash,逆張z1_1日,0.010403567383258084,-0.004641095890410958,0.000536986301369863,2011-08-09
3887,-0.02114019967370787,-1.978957900957735,-1.1090425261331156,-1.639842096478868,0.375,16,-5.135747258231406,US500Cash,順張z1_1日,0.010403567383258084,-0.004641095890410958,0.000536986301369863,2011-08-09
3887,0.0018807910427265163,0.13315997588343378,-0.5213272386630893,0.5239035348916745,0.625,16,0.45691467394237373,US500Cash,逆張z1_3日,0.010403567383258084,-0.004641095890410958,0.000536986301369863,2011-08-09
3887,-0.00858741327864405,-0.607930326391879,0.12012910381109759,-0.8233915570885332,0.375,16,-2.086204713380587,US500Cash,順張z1_3日,0.010403567383258084,-0.004641095890410958,0.000536986301369863,2011-08-09
3887,-0.005562060950348076,-0.36359655943322783,-0.6710229168216728,0.031171388947637376,0.5625,16,-1.351233182125183,US500Cash,逆張z1_5日,0.010403567383258084,-0.004641095890410958,0.000536986301369863,2011-08-09
3887,-0.0013617433089468955,-0.08901506997991146,0.2920328991386702,-0.3170053903221505,0.4375,16,-0.33081851511728466,US500Cash,順張z1_5日,0.010403567383258084,-0.004641095890410958,0.000536986301369863,2011-08-09
3887,-0.0023855168863479784,-0.1431908236285925,-1.6214772018290886,0.9438286472588299,0.5625,16,-0.579531508577158,US500Cash,ドンチャン20,0.010403567383258084,-0.004641095890410958,0.000536986301369863,2011-08-09
3887,0.0067260223235219695,0.40724258788389883,-0.06130716960761723,0.5315542156687453,0.6875,16,1.6340030482206236,US500Cash,ドンチャン55,0.010403567383258084,-0.004641095890410958,0.000536986301369863,2011-08-09
3887,0.011935711019823604,1.5504520222722562,-0.15015614747672038,2.028263198443119,0.5625,16,2.899631795878397,US500Cash,月曜買,0.010403567383258084,-0.004641095890410958,0.000536986301369863,2011-08-09
3887,-0.016889760900668932,-2.1912492456829638,-0.392790753837136,-2.424608524537786,0.3125,16,-4.103156288806258,US500Cash,月曜売,0.010403567383258084,-0.004641095890410958,0.000536986301369863,2011-08-09
3887,0.01071046111687878,1.493371298280333,2.012718686268947,0.34272487806494933,0.625,16,2.6019726475817393,US500Cash,火曜買,0.010403567383258084,-0.004641095890410958,0.000536986301369863,2011-08-09
3887,-0.015722190750541196,-2.189283605156175,-2.5787920212654254,-0.7840503634284579,0.25,16,-3.8195097154596014,US500Cash,火曜売,0.010403567383258084,-0.004641095890410958,0.000536986301369863,2011-08-09
3887,0.01334982017638112,1.7255615426899191,1.1068801084003665,1.326176164285868,0.75,16,3.2431719390995886,US500Cash,水曜買,0.010403567383258084,-0.004641095890410958,0.000536986301369863,2011-08-09
3887,-0.018348732087195292,-2.368495768055151,-1.6430415836542251,-1.7267731921283302,0.125,16,-4.4575951014330055,US500Cash,水曜売,0.010403567383258084,-0.004641095890410958,0.000536986301369863,2011-08-09
3887,0.0031607071105990902,0.4041097388902889,1.1911671412734839,-0.33681979199182155,0.625,16,0.7678542836811673,US500Cash,木曜買,0.010403567383258084,-0.004641095890410958,0.000536986301369863,2011-08-09
3887,-0.008172436744261507,-1.0443852398907034,-1.7504234084128039,-0.05255235586610366,0.25,16,-1.9853913515590291,US500Cash,木曜売,0.010403567383258084,-0.004641095890410958,0.000536986301369863,2011-08-09
3887,0.0013515352723643586,0.1783428577189994,-0.03143434299119256,0.24424936766694869,0.4375,16,0.32833860023001604,US500Cash,金曜買,0.010403567383258084,-0.004641095890410958,0.000536986301369863,2011-08-09
3887,-0.006286358568937321,-0.8292377800474332,-0.5201175237229803,-0.6467561039846605,0.4375,16,-1.5271922348412104,US500Cash,金曜売,0.010403567383258084,-0.004641095890410958,0.000536986301369863,2011-08-09
3887,0.0034607347929833778,0.703904339691811,0.21460772044518212,0.7255591200116644,0.625,16,0.8407422587703993,US500Cash,月末2日買,0.010403567383258084,-0.004641095890410958,0.000536986301369863,2011-08-09
3887,-0.0048193132385498565,-0.9789265793826333,-0.4387231840185101,-0.8992543397803568,0.25,16,-1.1707919098902058,US500Cash,月末2日売,0.010403567383258084,-0.004641095890410958,0.000536986301369863,2011-08-09
3887,0.00503833110259967,0.9594717232938494,-0.13016671086482068,1.4923529687585235,0.5625,16,1.2239995622378077,US500Cash,月初2日買,0.010403567383258084,-0.004641095890410958,0.000536986301369863,2011-08-09
3887,-0.00639690954816615,-1.2166689364860446,-0.05386636256732847,-1.671547781592802,0.4375,16,-1.5540492133576143,US500Cash,月初2日売,0.010403567383258084,-0.004641095890410958,0.000536986301369863,2011-08-09
3887,0.05090912557624785,2.9954696725495404,2.3479769336276837,1.9918270143972052,0.8125,16,12.367735694679716,US500Cash,常時買,0.010403567383258084,-0.004641095890410958,0.000536986301369863,2011-08-09
3887,-0.055018588171403364,-3.2371701997396043,-2.552239673668312,-2.141633460624508,0.1875,16,-13.366078263890298,US500Cash,常時売,0.010403567383258084,-0.004641095890410958,0.000536986301369863,2011-08-09
3893,-0.0229799267382908,-1.4258101487902297,-2.9020359531302473,0.29013486395789245,0.25,16,-5.591303424510382,US30Cash,MA5/20,0.011355365012530646,-0.032180821917808224,0.003643835616438356,2011-08-11
3893,-0.026665016290200946,-1.6729961241618385,-0.8251006918699267,-1.461600707212985,0.25,16,-6.487931776109518,US30Cash,MA10/50,0.011355365012530646,-0.032180821917808224,0.003643835616438356,2011-08-11
3893,-0.0329776336194639,-2.099897111924086,-1.5931980534585453,-1.4710137545687625,0.1875,16,-8.023870480035812,US30Cash,MA20/100,0.011355365012530646,-0.032180821917808224,0.003643835616438356,2011-08-11
3893,-0.02467377220760869,-1.5790345336983334,-0.49977668217859633,-1.5526385697426575,0.5,16,-6.0034372002637895,US30Cash,MA50/200,0.011355365012530646,-0.032180821917808224,0.003643835616438356,2011-08-11
3893,-0.030276343429542458,-1.8791403398148474,-1.3646216246571325,-1.3382958234567357,0.1875,16,-7.366612810700552,US30Cash,モメ20,0.011355365012530646,-0.032180821917808224,0.003643835616438356,2011-08-11
3893,-0.022782682845074186,-1.4357845443467456,-1.7912612954764608,-0.5310320243969531,0.3125,16,-5.543311519742114,US30Cash,モメ60,0.011355365012530646,-0.032180821917808224,0.003643835616438356,2011-08-11
3893,-0.011356609093393054,-0.7234058124552538,-0.44791145001789107,-0.5719122411889925,0.4375,16,-2.763204950036198,US30Cash,モメ120,0.011355365012530646,-0.032180821917808224,0.003643835616438356,2011-08-11
3893,-0.017102238483535384,-1.102303075088563,0.14156336317434323,-1.3828877558459882,0.375,16,-4.161188401025205,US30Cash,モメ250,0.011355365012530646,-0.032180821917808224,0.003643835616438356,2011-08-11
3893,0.010450241077849514,1.019130072768955,0.24414955618303746,1.0523632603067483,0.625,16,2.54267428225426,US30Cash,逆張z1_1日,0.011355365012530646,-0.032180821917808224,0.003643835616438356,2011-08-11
3893,-0.02479659981341301,-2.415561115587715,-1.5504815265472025,-1.876548874370245,0.25,16,-6.033322692101053,US30Cash,順張z1_1日,0.011355365012530646,-0.032180821917808224,0.003643835616438356,2011-08-11
3893,0.007588573362300697,0.5603388430930782,-0.819608927449328,1.2605274401266209,0.5,16,1.8463947562147873,US30Cash,逆張z1_3日,0.011355365012530646,-0.032180821917808224,0.003643835616438356,2011-08-11
3893,-0.030048081356112758,-2.217921464336319,-0.616143016531824,-2.2780297996560277,0.1875,16,-7.311073794959185,US30Cash,順張z1_3日,0.011355365012530646,-0.032180821917808224,0.003643835616438356,2011-08-11
3893,0.00032325758959070484,0.022102414524250012,-0.9599467269808485,0.7196433623858287,0.5,16,0.07865261226728726,US30Cash,逆張z1_5日,0.011355365012530646,-0.032180821917808224,0.003643835616438356,2011-08-11
3893,-0.02669661271765955,-1.8248894728084846,-0.5551642533702634,-1.849814641082839,0.1875,16,-6.49561958186554,US30Cash,順張z1_5日,0.011355365012530646,-0.032180821917808224,0.003643835616438356,2011-08-11
3893,-0.027698563429073786,-1.725987633912673,-2.0716871076041175,-0.6662130396309005,0.3125,16,-6.739406714336519,US30Cash,ドンチャン20,0.011355365012530646,-0.032180821917808224,0.003643835616438356,2011-08-11
3893,-0.029999828554604435,-1.8847891818899192,-1.3562458920671268,-1.3586063850616639,0.25,16,-7.299333285192192,US30Cash,ドンチャン55,0.011355365012530646,-0.032180821917808224,0.003643835616438356,2011-08-11
3893,0.0046288900312477866,0.6109177161639339,-0.5059497855835173,1.0859209859224175,0.4375,16,1.126266805727976,US30Cash,月曜買,0.011355365012530646,-0.032180821917808224,0.003643835616438356,2011-08-11
3893,-0.014831042652101662,-1.953901542501988,-0.6823113734817077,-1.899845399293283,0.25,16,-3.6085780652894854,US30Cash,月曜売,0.011355365012530646,-0.032180821917808224,0.003643835616438356,2011-08-11
3893,0.00044196565755328954,0.06478374557540445,0.6996672892074218,-0.4015268580421052,0.5,16,0.10753576905343487,US30Cash,火曜買,0.011355365012530646,-0.032180821917808224,0.003643835616438356,2011-08-11
3893,-0.010749430821590177,-1.573672807867438,-2.022164487994538,-0.5180505139071251,0.3125,16,-2.6154708867781595,US30Cash,火曜売,0.011355365012530646,-0.032180821917808224,0.003643835616438356,2011-08-11
3893,0.00386217266944917,0.5359797507797004,0.46942494148988634,0.3156854341839343,0.6875,16,0.9397148876353505,US30Cash,水曜買,0.011355365012530646,-0.032180821917808224,0.003643835616438356,2011-08-11
3893,-0.014130145629792425,-1.957368114680698,-1.6410862058488063,-1.2084659850126658,0.1875,16,-3.438041058548869,US30Cash,水曜売,0.011355365012530646,-0.032180821917808224,0.003643835616438356,2011-08-11
3893,-0.0028106248525956432,-0.37781716259071013,0.687907998068111,-0.9488176365018762,0.625,16,-0.6838601594471773,US30Cash,木曜買,0.011355365012530646,-0.032180821917808224,0.003643835616438356,2011-08-11
3893,-0.007496840311441245,-1.0073113363970128,-1.8839521755211268,0.1016220640416964,0.25,16,-1.8240749582775475,US30Cash,木曜売,0.011355365012530646,-0.032180821917808224,0.003643835616438356,2011-08-11
3893,-0.0036535952335011966,-0.5035488768559053,-0.6673292865494828,-0.1294574149153712,0.4375,16,-0.8889653902512602,US30Cash,金曜買,0.011355365012530646,-0.032180821917808224,0.003643835616438356,2011-08-11
3893,-0.006509065183659049,-0.8968411423944105,-0.50448452790811,-0.7424840989149643,0.4375,16,-1.5837369224990425,US30Cash,金曜売,0.011355365012530646,-0.032180821917808224,0.003643835616438356,2011-08-11
3893,-0.00024711412239634305,-0.054080977570054686,-0.1855810747283245,0.08048592652144025,0.75,16,-0.060125954905560386,US30Cash,月末2日買,0.011355365012530646,-0.032180821917808224,0.003643835616438356,2011-08-11
3893,-0.003482866837855336,-0.7606929816155196,-0.45613257339558255,-0.6092692676855715,0.25,16,-0.8474250374856763,US30Cash,月末2日売,0.011355365012530646,-0.032180821917808224,0.003643835616438356,2011-08-11
3893,0.0018034789270017844,0.3843390566230358,-0.8709806290055594,1.2693500036469445,0.5,16,0.4388089664261221,US30Cash,月初2日買,0.011355365012530646,-0.032180821917808224,0.003643835616438356,2011-08-11
3893,-0.005533459887253463,-1.177379102558346,0.2663798714061164,-1.7902318924612233,0.5,16,-1.3463599588173583,US30Cash,月初2日売,0.011355365012530646,-0.032180821917808224,0.003643835616438356,2011-08-11
3893,0.013821256417226408,0.8508488169174186,0.878259979341964,0.41694287320728757,0.75,16,3.362884452016401,US30Cash,常時買,0.011355365012530646,-0.032180821917808224,0.003643835616438356,2011-08-11
3893,-0.042364076453511514,-2.6079254600576265,-2.3850043460749406,-1.4981459502430234,0.1875,16,-10.307709352095028,US30Cash,常時売,0.011355365012530646,-0.032180821917808224,0.003643835616438356,2011-08-11
3844,-0.017541597416206103,-0.8686759531987487,-1.8409606857006608,0.547510116602294,0.375,16,-4.21436877924352,GER40Cash,MA5/20,0.009999192372932121,-0.013002739726027399,-0.0008821917808219178,2011-07-21
3844,-0.02869247005952017,-1.4487168355676565,-1.1067549334163098,-0.9514709309028831,0.3125,16,-6.893365931799725,GER40Cash,MA10/50,0.009999192372932121,-0.013002739726027399,-0.0008821917808219178,2011-07-21
3844,-0.012383921458238766,-0.6453744473991705,-0.26558010120415604,-0.6204611028451872,0.4375,16,-2.9752371303418657,GER40Cash,MA20/100,0.009999192372932121,-0.013002739726027399,-0.0008821917808219178,2011-07-21
3844,-0.002613209897758918,-0.13832304470970666,0.8498291014801921,-0.8694837265018394,0.5625,16,-0.6278236779365831,GER40Cash,MA50/200,0.009999192372932121,-0.013002739726027399,-0.0008821917808219178,2011-07-21
3844,-0.03074306624824625,-1.5263679703391635,-0.9262417605487556,-1.2243119599719716,0.1875,16,-7.386021666141165,GER40Cash,モメ20,0.009999192372932121,-0.013002739726027399,-0.0008821917808219178,2011-07-21
3844,-0.012047741774983236,-0.6123916634931889,-0.15170648469364117,-0.6861344410900309,0.5,16,-2.8944699614397242,GER40Cash,モメ60,0.009999192372932121,-0.013002739726027399,-0.0008821917808219178,2011-07-21
3844,-0.025105778240708594,-1.3141436816718908,-0.8163559691457968,-1.0302088902576991,0.375,16,-6.031663222330243,GER40Cash,モメ120,0.009999192372932121,-0.013002739726027399,-0.0008821917808219178,2011-07-21
3844,-0.005815344453901727,-0.3107402331185659,0.2562381044923283,-0.6002573009288352,0.5,16,-1.3971365050498938,GER40Cash,モメ250,0.009999192372932121,-0.013002739726027399,-0.0008821917808219178,2011-07-21
3844,0.010665789506507208,0.849504014564973,-0.17117346049039917,1.2209782186011406,0.625,16,2.5624559289383573,GER40Cash,逆張z1_1日,0.009999192372932121,-0.013002739726027399,-0.0008821917808219178,2011-07-21
3844,-0.01987249040383321,-1.581890205427998,-0.4038456661871179,-1.6991828560392332,0.3125,16,-4.774365819520929,GER40Cash,順張z1_1日,0.009999192372932121,-0.013002739726027399,-0.0008821917808219178,2011-07-21
3844,-0.0020423044684700423,-0.12086228040819855,-0.8925324540706239,0.6648236401516621,0.5,16,-0.49066364854992717,GER40Cash,逆張z1_3日,0.009999192372932121,-0.013002739726027399,-0.0008821917808219178,2011-07-21
3844,-0.010608946499023435,-0.6277246012034088,0.34341828941437286,-1.1761673526404661,0.4375,16,-2.54879939639038,GER40Cash,順張z1_3日,0.009999192372932121,-0.013002739726027399,-0.0008821917808219178,2011-07-21
3844,-0.0024547954891960175,-0.1327195667158199,-0.2566255318442097,0.06214845453948602,0.4375,16,-0.5897646162793435,GER40Cash,逆張z1_5日,0.009999192372932121,-0.013002739726027399,-0.0008821917808219178,2011-07-21
3844,-0.011915872697583733,-0.6441456247056666,-0.30680810122424784,-0.5980230786780091,0.3125,16,-2.862788415594492,GER40Cash,順張z1_5日,0.009999192372932121,-0.013002739726027399,-0.0008821917808219178,2011-07-21
3844,-0.025466690657961866,-1.264359659774745,-0.8358285312034196,-0.9494549333996259,0.375,16,-6.11837243057534,GER40Cash,ドンチャン20,0.009999192372932121,-0.013002739726027399,-0.0008821917808219178,2011-07-21
3844,-0.01766447120040876,-0.9010252420529288,-0.5008241156194605,-0.7601871565850373,0.5,16,-4.243889205898205,GER40Cash,ドンチャン55,0.009999192372932121,-0.013002739726027399,-0.0008821917808219178,2011-07-21
3844,-0.0033579257405742737,-0.3336936527756041,-1.21550429449671,0.6862138970186524,0.5625,16,-0.806741659172969,GER40Cash,月曜買,0.009999192372932121,-0.013002739726027399,-0.0008821917808219178,2011-07-21
3844,-0.003323539847239701,-0.3302769537817054,0.7344936232319791,-1.1436701502887576,0.3125,16,-0.7984804482993384,GER40Cash,月曜売,0.009999192372932121,-0.013002739726027399,-0.0008821917808219178,2011-07-21
3844,0.013347879996927707,1.5387868138815244,1.4200131344965095,0.7482653525444408,0.6875,16,3.2068281692618816,GER40Cash,火曜買,0.009999192372932121,-0.013002739726027399,-0.0008821917808219178,2011-07-21
3844,-0.020161564560753832,-2.320653357166885,-1.9602904033959645,-1.3137501239284226,0.25,16,-4.843815885721109,GER40Cash,火曜売,0.009999192372932121,-0.013002739726027399,-0.0008821917808219178,2011-07-21
3844,0.015861068966892898,1.7394582361073112,0.7629966266570248,1.6665358490161608,0.875,16,3.8106218192960197,GER40Cash,水曜買,0.009999192372932121,-0.013002739726027399,-0.0008821917808219178,2011-07-21
3844,-0.022674753530719027,-2.4826549714596187,-1.3101212818054289,-2.1721747996717586,0.125,16,-5.447609535755246,GER40Cash,水曜売,0.009999192372932121,-0.013002739726027399,-0.0008821917808219178,2011-07-21
3844,-0.005928565114889557,-0.6280623029532324,-0.07908966326354826,-0.8135993185978687,0.375,16,-1.424337768852215,GER40Cash,木曜買,0.009999192372932121,-0.013002739726027399,-0.0008821917808219178,2011-07-21
3844,-0.0009115632441390013,-0.09658862728000973,-0.43265872242409,0.3008936068523328,0.5625,16,-0.2190030694043945,GER40Cash,木曜売,0.009999192372932121,-0.013002739726027399,-0.0008821917808219178,2011-07-21
3844,-0.0013582673045955368,-0.1529369763496896,-0.052898901065315605,-0.16923494681153314,0.375,16,-0.32632371992907716,GER40Cash,金曜買,0.009999192372932121,-0.013002739726027399,-0.0008821917808219178,2011-07-21
3844,-0.0053760858736233,-0.6052228588464388,-0.4630040697854999,-0.39028219329368113,0.625,16,-1.2916046311379978,GER40Cash,金曜売,0.009999192372932121,-0.013002739726027399,-0.0008821917808219178,2011-07-21
3844,-0.004016724072171218,-0.6939560939743525,-0.7243760996560367,-0.23040576048708966,0.4375,16,-0.9650179583391352,GER40Cash,月末2日買,0.009999192372932121,-0.013002739726027399,-0.0008821917808219178,2011-07-21
3844,0.0017426373552097154,0.30100055869082465,0.4628907974982547,-0.06612426895742611,0.5,16,0.4186686245891338,GER40Cash,月末2日売,0.009999192372932121,-0.013002739726027399,-0.0008821917808219178,2011-07-21
3844,0.0002930389759208576,0.04491603736758892,-1.529154049148346,1.6269201850717085,0.625,16,0.07040261396498626,GER40Cash,月初2日買,0.009999192372932121,-0.013002739726027399,-0.0008821917808219178,2011-07-21
3844,-0.002567125692882361,-0.3932297496812694,1.2849999655609106,-1.870686650170173,0.375,16,-0.6167519477149875,GER40Cash,月初2日売,0.009999192372932121,-0.013002739726027399,-0.0008821917808219178,2011-07-21
3844,0.02856078192997829,1.3810817308636791,0.6361773566935599,1.3156829926612186,0.75,16,6.86172785867728,GER40Cash,常時買,0.009999192372932121,-0.013002739726027399,-0.0008821917808219178,2011-07-21
3844,-0.04245091593025784,-2.0527430763349646,-1.112006043208932,-1.7896389899841014,0.1875,16,-10.198832552244447,GER40Cash,常時売,0.009999192372932121,-0.013002739726027399,-0.0008821917808219178,2011-07-21
3833,-0.03942962157662193,-2.4805272627043005,-3.1645936707830997,-0.587411198897786,0.3125,16,-9.445858718949491,UK100Cash,MA5/20,0.022194704898292353,-0.007786301369863012,0.0008438356164383562,2011-08-03
3833,-0.03987466819409398,-2.5494801880849933,-2.4098451205931193,-1.3329894113533036,0.25,16,-9.55247519924764,UK100Cash,MA10/50,0.022194704898292353,-0.007786301369863012,0.0008438356164383562,2011-08-03
3833,-0.026865905466908306,-1.7451939738383933,-1.1292835534173378,-1.3326756417852963,0.1875,16,-6.436063478416221,UK100Cash,MA20/100,0.022194704898292353,-0.007786301369863012,0.0008438356164383562,2011-08-03
3833,-0.010452686297310223,-0.6870716255761673,-0.3315508100329115,-0.6098242862598126,0.4375,16,-2.50407166109938,UK100Cash,MA50/200,0.022194704898292353,-0.007786301369863012,0.0008438356164383562,2011-08-03
3833,-0.02326112095624249,-1.463763053858882,-1.4201209606714713,-0.7203064643191021,0.1875,16,-5.572492289079842,UK100Cash,モメ20,0.022194704898292353,-0.007786301369863012,0.0008438356164383562,2011-08-03
3833,-0.0263218269657013,-1.6867815282922372,-0.5184897686828231,-1.7457679892064615,0.1875,16,-6.305722672470819,UK100Cash,モメ60,0.022194704898292353,-0.007786301369863012,0.0008438356164383562,2011-08-03
3833,-0.030394120575983563,-1.9768578662880794,-1.9679479345528288,-0.9800290446818966,0.3125,16,-7.28129151048406,UK100Cash,モメ120,0.022194704898292353,-0.007786301369863012,0.0008438356164383562,2011-08-03
3833,-0.006516868854161544,-0.43200885330296496,-0.3206426204797659,-0.300798675998921,0.5625,16,-1.561197394875075,UK100Cash,モメ250,0.022194704898292353,-0.007786301369863012,0.0008438356164383562,2011-08-03
3833,0.005018227110264248,0.48086749960276337,0.04952381075907407,0.5588201857046639,0.5625,16,1.2021790321026788,UK100Cash,逆張z1_1日,0.022194704898292353,-0.007786301369863012,0.0008438356164383562,2011-08-03
3833,-0.018136603134815826,-1.7347053291934114,-1.149295009577277,-1.3086790391794647,0.3125,16,-4.344849988484318,UK100Cash,順張z1_1日,0.022194704898292353,-0.007786301369863012,0.0008438356164383562,2011-08-03
3833,0.0029042309063255956,0.21557412278942362,-0.2814136886652792,0.5182020691076955,0.5625,16,0.6957448164966262,UK100Cash,逆張z1_3日,0.022194704898292353,-0.007786301369863012,0.0008438356164383562,2011-08-03
3833,-0.016035959011371618,-1.189473127301255,-0.494403851839522,-1.138218155131657,0.25,16,-3.841614430661713,UK100Cash,順張z1_3日,0.022194704898292353,-0.007786301369863012,0.0008438356164383562,2011-08-03
3833,0.0010536986681154742,0.07244481484994875,0.10985546987933918,0.001229809260125326,0.5625,16,0.25242668718041306,UK100Cash,逆張z1_5日,0.022194704898292353,-0.007786301369863012,0.0008438356164383562,2011-08-03
3833,-0.014299376428559791,-0.9824786670082216,-0.8265855608869899,-0.5852972086885175,0.25,16,-3.425594365666855,UK100Cash,順張z1_5日,0.022194704898292353,-0.007786301369863012,0.0008438356164383562,2011-08-03
3833,-0.0315511831179079,-1.985985601439138,-1.8470957932724226,-1.043973912498127,0.1875,16,-7.55848030568381,UK100Cash,ドンチャン20,0.022194704898292353,-0.007786301369863012,0.0008438356164383562,2011-08-03
3833,-0.02898701583823948,-1.8563498054023435,-2.125672014408958,-0.6757412497690077,0.25,16,-6.944201981748245,UK100Cash,ドンチャン55,0.022194704898292353,-0.007786301369863012,0.0008438356164383562,2011-08-03
3833,-0.010811882601876604,-1.382093393877761,-2.3610371943698993,0.18930646583668917,0.3125,16,-2.5901216258120634,UK100Cash,月曜買,0.022194704898292353,-0.007786301369863012,0.0008438356164383562,2011-08-03
3833,0.0009820895797772308,0.1256726836896021,1.3762059539236127,-0.9963848925546721,0.3125,16,0.23527183495538329,UK100Cash,月曜売,0.022194704898292353,-0.007786301369863012,0.0008438356164383562,2011-08-03
3833,0.006450791363279504,0.9000712916604703,0.9976672668452717,0.26690866054277074,0.5625,16,1.5453677059656465,UK100Cash,火曜買,0.022194704898292353,-0.007786301369863012,0.0008438356164383562,2011-08-03
3833,-0.016843052105989468,-2.3444187390774953,-1.9921728434899049,-1.3150965033044963,0.3125,16,-4.034963670141101,UK100Cash,火曜売,0.022194704898292353,-0.007786301369863012,0.0008438356164383562,2011-08-03
3833,0.012669340825092629,1.7824902795513828,0.6529904446922076,1.8088418241097823,0.6875,16,3.035098961411253,UK100Cash,水曜買,0.022194704898292353,-0.007786301369863012,0.0008438356164383562,2011-08-03
3833,-0.023101777833560492,-3.238050828411799,-1.7429723831679054,-2.7856777598618603,0.125,16,-5.534319652252335,UK100Cash,水曜売,0.022194704898292353,-0.007786301369863012,0.0008438356164383562,2011-08-03
3833,-0.01428674756365329,-1.8683547664076217,-0.28032226498785523,-2.311382261185749,0.3125,16,-3.422568963217691,UK100Cash,木曜買,0.022194704898292353,-0.007786301369863012,0.0008438356164383562,2011-08-03
3833,0.003854310555185424,0.5048855292593785,-0.708543256372868,1.3738898282574659,0.4375,16,0.9233482723766093,UK100Cash,木曜売,0.022194704898292353,-0.007786301369863012,0.0008438356164383562,2011-08-03
3833,-0.001596164009116342,-0.2255612338132213,-0.2599511414606693,-0.07469290571012104,0.5,16,-0.38238104043393356,UK100Cash,金曜買,0.022194704898292353,-0.007786301369863012,0.0008438356164383562,2011-08-03
3833,-0.008648783759147991,-1.2212774044651749,-0.853247720586623,-0.8772049787308943,0.375,16,-2.07192425930089,UK100Cash,金曜売,0.022194704898292353,-0.007786301369863012,0.0008438356164383562,2011-08-03
3833,-0.005972404505004156,-1.2227149142980516,-0.5931417673064435,-1.1173836649011528,0.4375,16,-1.4307641542300582,UK100Cash,月末2日買,0.022194704898292353,-0.007786301369863012,0.0008438356164383562,2011-08-03
3833,0.0032053995174682855,0.6551788048349535,0.18114934255970513,0.7251128201467527,0.5,16,0.7678935219034959,UK100Cash,月末2日売,0.022194704898292353,-0.007786301369863012,0.0008438356164383562,2011-08-03
3833,0.0063902202257982476,1.309020749469424,0.027657141383990787,1.8837477770257982,0.5625,16,1.5308571328427925,UK100Cash,月初2日買,0.022194704898292353,-0.007786301369863012,0.0008438356164383562,2011-08-03
3833,-0.009157225213334117,-1.8692965347093717,-0.41527786602495254,-2.287380187793718,0.375,16,-2.1937277651693545,UK100Cash,月初2日売,0.022194704898292353,-0.007786301369863012,0.0008438356164383562,2011-08-03
3833,0.014614252485485963,0.8865255393601631,0.4224009304175198,0.8143088205111907,0.75,16,3.5010268610542323,UK100Cash,常時買,0.022194704898292353,-0.007786301369863012,0.0008438356164383562,2011-08-03
3833,-0.02156829909197521,-1.3083686358565951,-0.7359870572797589,-1.0992093078964824,0.25,16,-5.166955651221313,UK100Cash,常時売,0.022194704898292353,-0.007786301369863012,0.0008438356164383562,2011-08-03
3870,-0.012462920577324623,-0.5728266536298636,-0.5010985353547613,-0.3185744729117815,0.4117647058823529,17,-2.8371472137791938,JP225Cash,MA5/20,0.012237655265251177,-0.017375342465753424,-0.005753424657534246,2010-09-09
3870,-0.03159000570407699,-1.4595666939848,-1.7983295350221424,-0.34695236757305625,0.35294117647058826,17,-7.191371886751643,JP225Cash,MA10/50,0.012237655265251177,-0.017375342465753424,-0.005753424657534246,2010-09-09
3870,-0.024371258563083937,-1.128171094962527,-0.5580907905255281,-1.0142569201651155,0.23529411764705882,17,-5.548045331713816,JP225Cash,MA20/100,0.012237655265251177,-0.017375342465753424,-0.005753424657534246,2010-09-09
3870,0.0056456300949723134,0.2638185433534676,0.878140032647611,-0.41779907224575774,0.47058823529411764,17,1.2852110863260517,JP225Cash,MA50/200,0.012237655265251177,-0.017375342465753424,-0.005753424657534246,2010-09-09
3870,0.005929989702772555,0.2726050856242426,0.29225286579862564,0.10275562884845352,0.47058823529411764,17,1.3499447146899872,JP225Cash,モメ20,0.012237655265251177,-0.017375342465753424,-0.005753424657534246,2010-09-09
3870,-0.0030953608982689784,-0.1430625492091319,0.24038808288612049,-0.4078993797545313,0.5294117647058824,17,-0.7046498044882895,JP225Cash,モメ60,0.012237655265251177,-0.017375342465753424,-0.005753424657534246,2010-09-09
3870,-0.005661334394624443,-0.26269452711576313,0.39888201926436423,-0.7063001874064041,0.29411764705882354,17,-1.288786123952742,JP225Cash,モメ120,0.012237655265251177,-0.017375342465753424,-0.005753424657534246,2010-09-09
3870,0.033582573419970604,1.5761031379955885,0.9131776485223821,1.294146904694071,0.7647058823529411,17,7.644974066781545,JP225Cash,モメ250,0.012237655265251177,-0.017375342465753424,-0.005753424657534246,2010-09-09
3870,0.00932048561673832,0.7104309016913627,-0.14565305202939371,1.0850007650762485,0.47058823529411764,17,2.1217811374574884,JP225Cash,逆張z1_1日,0.012237655265251177,-0.017375342465753424,-0.005753424657534246,2010-09-09
3870,-0.02256881037341422,-1.7192768885517893,-0.6068698113114017,-1.7647915575816744,0.35294117647058826,17,-5.137723302653707,JP225Cash,順張z1_1日,0.012237655265251177,-0.017375342465753424,-0.005753424657534246,2010-09-09
3870,-0.010468932006380216,-0.583083885861644,-0.37090951515587683,-0.4506245126962537,0.35294117647058826,17,-2.383221580275967,JP225Cash,逆張z1_3日,0.012237655265251177,-0.017375342465753424,-0.005753424657534246,2010-09-09
3870,-0.009178097554479415,-0.5111901878493723,-0.43490288307996766,-0.2958624518644921,0.4117647058823529,17,-2.0893669138726665,JP225Cash,順張z1_3日,0.012237655265251177,-0.017375342465753424,-0.005753424657534246,2010-09-09
3870,-0.016489942857670723,-0.813454955240961,-0.2521414308279422,-0.867242764888976,0.4117647058823529,17,-3.7538869917168056,JP225Cash,逆張z1_5日,0.012237655265251177,-0.017375342465753424,-0.005753424657534246,2010-09-09
3870,-0.006396329703865538,-0.31554122764483133,-0.577847049628219,0.09537907275110001,0.47058823529411764,17,-1.4561056443505658,JP225Cash,順張z1_5日,0.012237655265251177,-0.017375342465753424,-0.005753424657534246,2010-09-09
3870,-0.01789170372152435,-0.8223816791669941,-0.1796243111337529,-0.9477759503335565,0.4117647058823529,17,-4.072993729547014,JP225Cash,ドンチャン20,0.012237655265251177,-0.017375342465753424,-0.005753424657534246,2010-09-09
3870,-0.02120147435315949,-0.9810838580279782,-1.017197956299211,-0.40616112862934095,0.23529411764705882,17,-4.8264532792192485,JP225Cash,ドンチャン55,0.012237655265251177,-0.017375342465753424,-0.005753424657534246,2010-09-09
3870,0.011663273710398388,1.1751744736902583,-0.9294565720217814,2.4179087160872887,0.47058823529411764,17,2.655109956425986,JP225Cash,月曜買,0.012237655265251177,-0.017375342465753424,-0.005753424657534246,2010-09-09
3870,-0.021159487650637646,-2.1285090089034946,0.21573179370011644,-3.0523512588909654,0.35294117647058826,17,-4.816895129880454,JP225Cash,月曜売,0.012237655265251177,-0.017375342465753424,-0.005753424657534246,2010-09-09
3870,0.007024461709040281,0.7542606562180743,1.409750346444141,-0.23990883029361537,0.5882352941176471,17,1.5990980478815242,JP225Cash,火曜買,0.012237655265251177,-0.017375342465753424,-0.005753424657534246,2010-09-09
3870,-0.016582179625576433,-1.7781549567595247,-2.1730948141281528,-0.449508430904941,0.35294117647058826,17,-3.7748844206459284,JP225Cash,火曜売,0.012237655265251177,-0.017375342465753424,-0.005753424657534246,2010-09-09
3870,0.015501782232133316,1.6643022853195582,0.7496685549908292,1.5810471105673065,0.5882352941176471,17,3.5289351316679967,JP225Cash,水曜買,0.012237655265251177,-0.017375342465753424,-0.005753424657534246,2010-09-09
3870,-0.025034898558150716,-2.681639013817369,-1.495212595438476,-2.2757956123258882,0.29411764705882354,17,-5.699121024708425,JP225Cash,水曜売,0.012237655265251177,-0.017375342465753424,-0.005753424657534246,2010-09-09
3870,-0.0042666156928753505,-0.42507883757549203,0.30696845848988347,-0.8589469030536113,0.35294117647058826,17,-0.9712825136133887,JP225Cash,木曜買,0.012237655265251177,-0.017375342465753424,-0.005753424657534246,2010-09-09
3870,-0.0052911022236607945,-0.5271210950791445,-1.0108251609430716,0.21357069540112808,0.47058823529411764,17,-1.2045038591510167,JP225Cash,木曜売,0.012237655265251177,-0.017375342465753424,-0.005753424657534246,2010-09-09
3870,0.000592182712925463,0.05827383752133482,0.27965892215210847,-0.1810431343776331,0.47058823529411764,17,0.13480865288362076,JP225Cash,金曜買,0.012237655265251177,-0.017375342465753424,-0.005753424657534246,2010-09-09
3870,-0.010051494267386591,-0.9886167802288135,-0.9639483543515389,-0.45260830632401616,0.4117647058823529,17,-2.2881931067521237,JP225Cash,金曜売,0.012237655265251177,-0.017375342465753424,-0.005753424657534246,2010-09-09
3870,-0.008760582092447398,-1.3254428267082652,-0.598907579409061,-1.2914086337671977,0.4117647058823529,17,-1.9943207469277302,JP225Cash,月末2日買,0.012237655265251177,-0.017375342465753424,-0.005753424657534246,2010-09-09
3870,0.0054401043192420055,0.8240154432054964,0.25224728643952404,0.9287801829134334,0.5882352941176471,17,1.2384237479686209,JP225Cash,月末2日売,0.012237655265251177,-0.017375342465753424,-0.005753424657534246,2010-09-09
3870,-0.002657080696602152,-0.3699929040166813,-0.2665031842349624,-0.2567373573967552,0.4117647058823529,17,-0.6048766056382543,JP225Cash,月初2日買,0.012237655265251177,-0.017375342465753424,-0.005753424657534246,2010-09-09
3870,-0.0006570727069571157,-0.09148122629852344,-0.06392236182003037,-0.065428606503471,0.5882352941176471,17,-0.14958066917200244,JP225Cash,月初2日売,0.012237655265251177,-0.017375342465753424,-0.005753424657534246,2010-09-09
3870,0.042749577752050245,1.959675956102269,1.1853042227850092,1.5714829760998053,0.7058823529411765,17,9.731815641202024,JP225Cash,常時買,0.012237655265251177,-0.017375342465753424,-0.005753424657534246,2010-09-09
3870,-0.06588466924498405,-3.0202138554484574,-1.9705902078783923,-2.2902285682697014,0.23529411764705882,17,-14.99845117518166,JP225Cash,常時売,0.012237655265251177,-0.017375342465753424,-0.005753424657534246,2010-09-09
6204,-0.006036919092946386,-0.23540306073531986,0.18331195295940522,-0.5389043381143607,0.4,25,-1.498121842105575,SILVER.,MA5/20,0.07240692692934565,-0.04817172509503408,0.007644964701623122,2002-09-17
6204,-0.012842041238169963,-0.501044807256232,0.07985716196953956,-0.8159256318968648,0.4,25,-3.1868809536642595,SILVER.,MA10/50,0.07240692692934565,-0.04817172509503408,0.007644964701623122,2002-09-17
6204,-0.04863779833092193,-1.9003501639914686,-1.0586868227407125,-1.6470211086204725,0.24,25,-12.069956033801587,SILVER.,MA20/100,0.07240692692934565,-0.04817172509503408,0.007644964701623122,2002-09-17
6204,0.004957191031159022,0.19402066377637153,0.6485067687308532,-0.40278185198843813,0.44,25,1.2301765262924214,SILVER.,MA50/200,0.07240692692934565,-0.04817172509503408,0.007644964701623122,2002-09-17
6204,-0.008749521781321816,-0.34135672786010557,0.5057623626720085,-1.0360612229364992,0.48,25,-2.1712813252528225,SILVER.,モメ20,0.07240692692934565,-0.04817172509503408,0.007644964701623122,2002-09-17
6204,-0.03234407198974767,-1.2625364869339328,-1.240536756684583,-0.5240450151157516,0.36,25,-8.026504904975782,SILVER.,モメ60,0.07240692692934565,-0.04817172509503408,0.007644964701623122,2002-09-17
6204,-0.014295442910024362,-0.5589183365317326,-0.6781935487590807,-0.09594556409002533,0.32,25,-3.547557112551648,SILVER.,モメ120,0.07240692692934565,-0.04817172509503408,0.007644964701623122,2002-09-17
6204,0.01988186791565226,0.7801271812244539,0.875378444729637,0.21142925371487659,0.6,25,4.933884341948264,SILVER.,モメ250,0.07240692692934565,-0.04817172509503408,0.007644964701623122,2002-09-17
6204,-0.052171362484007056,-3.69241059697241,-2.8117133037694155,-2.393224088046192,0.28,25,-12.946845314031187,SILVER.,逆張z1_1日,0.07240692692934565,-0.04817172509503408,0.007644964701623122,2002-09-17
6204,0.005220847786765039,0.37038557490971796,0.6383588490649179,-0.183634061003158,0.52,25,1.2956055867636125,SILVER.,順張z1_1日,0.07240692692934565,-0.04817172509503408,0.007644964701623122,2002-09-17
6204,-0.05523710373917997,-2.629320970144057,-2.39808135600824,-1.2883820915164552,0.24,25,-13.707639663914906,SILVER.,逆張z1_3日,0.07240692692934565,-0.04817172509503408,0.007644964701623122,2002-09-17
6204,0.0015994522072016932,0.07617785275114376,0.6476179476808203,-0.5766096917010259,0.44,25,0.39692005973917227,SILVER.,順張z1_3日,0.07240692692934565,-0.04817172509503408,0.007644964701623122,2002-09-17
6204,-0.04117766111654626,-1.7656384120489892,-1.3940098461408676,-1.0958696777914363,0.32,25,-10.218648382682122,SILVER.,逆張z1_5日,0.07240692692934565,-0.04817172509503408,0.007644964701623122,2002-09-17
6204,-0.016251759538950555,-0.6969765520305903,-0.2998914437077839,-0.6964590589859181,0.36,25,-4.0330366471859715,SILVER.,順張z1_5日,0.07240692692934565,-0.04817172509503408,0.007644964701623122,2002-09-17
6204,-0.015816338877823893,-0.6168428186907015,0.9506433371010918,-1.911865943034382,0.52,25,-3.924982655920776,SILVER.,ドンチャン20,0.07240692692934565,-0.04817172509503408,0.007644964701623122,2002-09-17
6204,-0.0375278957130191,-1.4641105027063561,-0.7921491218056609,-1.294552811197555,0.36,25,-9.312922600142821,SILVER.,ドンチャン55,0.07240692692934565,-0.04817172509503408,0.007644964701623122,2002-09-17
6204,-0.015664651264172397,-1.417427521114012,-1.470049704075291,-0.5134314110000268,0.32,25,-3.887339857717022,SILVER.,月曜買,0.07240692692934565,-0.04817172509503408,0.007644964701623122,2002-09-17
6204,-0.021319823339970526,-1.9280726451765577,-0.8456238358933671,-1.903689022245521,0.44,25,-5.290727360047084,SILVER.,月曜売,0.07240692692934565,-0.04817172509503408,0.007644964701623122,2002-09-17
6204,-0.020877126391254504,-1.844631712274537,-1.0141303988555708,-1.6168001625894506,0.32,25,-5.180867685253719,SILVER.,火曜買,0.07240692692934565,-0.04817172509503408,0.007644964701623122,2002-09-17
6204,-0.016376217575923384,-1.4475540355125152,-1.2273232715125377,-0.8060600528437473,0.36,25,-4.063922153641147,SILVER.,火曜売,0.07240692692934565,-0.04817172509503408,0.007644964701623122,2002-09-17
6204,0.005511011233438945,0.5047428996555332,0.0570240608582526,0.716309980650679,0.56,25,1.367612547690209,SILVER.,水曜買,0.07240692692934565,-0.04817172509503408,0.007644964701623122,2002-09-17
6204,-0.042644857705934625,-3.8870475324683,-2.265982381503728,-3.341311104280557,0.24,25,-10.58274788830474,SILVER.,水曜売,0.07240692692934565,-0.04817172509503408,0.007644964701623122,2002-09-17
6204,-0.032189363670625824,-2.7480784073075895,-1.5946938293221518,-2.3592327174505967,0.32,25,-7.988112488502504,SILVER.,木曜買,0.07240692692934565,-0.04817172509503408,0.007644964701623122,2002-09-17
6204,-0.004974357175540408,-0.42568176199442265,-0.4960504329388114,-0.07584420855681898,0.52,25,-1.2344364766821068,SILVER.,木曜売,0.07240692692934565,-0.04817172509503408,0.007644964701623122,2002-09-17
6204,0.006538558471605733,0.5309281965550374,0.9525448241725571,-0.149951175249335,0.52,25,1.6226086703136786,SILVER.,金曜買,0.07240692692934565,-0.04817172509503408,0.007644964701623122,2002-09-17
6204,-0.04334378683372536,-3.505719538037651,-3.1696627570608356,-1.8514184177033073,0.12,25,-10.756194140657282,SILVER.,金曜売,0.07240692692934565,-0.04817172509503408,0.007644964701623122,2002-09-17
6204,-0.002181316677835739,-0.2599493739093514,1.8978183340932846,-1.859990208942667,0.44,25,-0.5413155467717167,SILVER.,月末2日買,0.07240692692934565,-0.04817172509503408,0.007644964701623122,2002-09-17
6204,-0.008340229304200586,-0.9937975170585207,-2.877667120496759,1.0562847157125248,0.4,25,-2.069711304130417,SILVER.,月末2日売,0.07240692692934565,-0.04817172509503408,0.007644964701623122,2002-09-17
6204,0.0074410474957248415,0.8633013922517465,-0.07961320979977231,1.3676443183916294,0.6,25,1.8465703465390773,SILVER.,月初2日買,0.07240692692934565,-0.04817172509503408,0.007644964701623122,2002-09-17
6204,-0.017962593477761166,-2.075902664461705,-0.7477248278292156,-2.2549360482477736,0.36,25,-4.45759719744121,SILVER.,月初2日売,0.07240692692934565,-0.04817172509503408,0.007644964701623122,2002-09-17
6204,0.015713684301418007,0.6125454104158925,0.5497634139835521,0.30933039848440264,0.56,25,3.8995078962398906,SILVER.,常時買,0.07240692692934565,-0.04817172509503408,0.007644964701623122,2002-09-17
6204,-0.05626378670866824,-2.1932535384313523,-1.6346031003301387,-1.4630307582264017,0.28,25,-13.962421309623112,SILVER.,常時売,0.07240692692934565,-0.04817172509503408,0.007644964701623122,2002-09-17
6542,-0.007937915565818694,-0.588116466355265,-0.5910492299224416,-0.20872596004582175,0.38461538461538464,26,-1.9973016781379218,GOLD.,MA5/20,0.0027280229335769806,-0.030748001154863046,0.004172511076909786,2001-06-05
6542,-0.0023357256600704665,-0.173180539056373,-0.15525475767321176,-0.08412363893513629,0.46153846153846156,26,-0.5877045103146569,GOLD.,MA10/50,0.0027280229335769806,-0.030748001154863046,0.004172511076909786,2001-06-05
6542,-0.004003576072262964,-0.29813049529939956,-0.6270853938973219,0.284580836368701,0.5384615384615384,26,-1.0073613332593996,GOLD.,MA20/100,0.0027280229335769806,-0.030748001154863046,0.004172511076909786,2001-06-05
6542,0.004582944509928598,0.342414729476982,0.7823961397994604,-0.3973830446221992,0.5,26,1.1531393455366465,GOLD.,MA50/200,0.0027280229335769806,-0.030748001154863046,0.004172511076909786,2001-06-05
6542,-0.0010310411728545019,-0.07640182443431934,0.6891169879974666,-0.9491766095932604,0.38461538461538464,26,-0.25942582126208646,GOLD.,モメ20,0.0027280229335769806,-0.030748001154863046,0.004172511076909786,2001-06-05
6542,-0.010012579530453262,-0.742607365493431,-1.23425248020194,0.3226818276475971,0.46153846153846156,26,-2.5193190495471276,GOLD.,モメ60,0.0027280229335769806,-0.030748001154863046,0.004172511076909786,2001-06-05
6542,0.01282057364437945,0.9552689499857836,0.6377362839769629,0.7261681375007473,0.5384615384615384,26,3.225853568520394,GOLD.,モメ120,0.0027280229335769806,-0.030748001154863046,0.004172511076909786,2001-06-05
6542,0.008265389614113184,0.6186418594440657,0.5882620403011909,0.2621924838967335,0.5769230769230769,26,2.079699186751091,GOLD.,モメ250,0.0027280229335769806,-0.030748001154863046,0.004172511076909786,2001-06-05
6542,-0.0022702231011968786,-0.3161046838860251,0.6940118439180917,-1.286575155564944,0.5,26,-0.5712230587703835,GOLD.,逆張z1_1日,0.0027280229335769806,-0.030748001154863046,0.004172511076909786,2001-06-05
6542,-0.006959952700273928,-0.9689394615410974,-1.5455930162516955,0.3076895957922616,0.4230769230769231,26,-1.751231175584309,GOLD.,順張z1_1日,0.0027280229335769806,-0.030748001154863046,0.004172511076909786,2001-06-05
6542,-0.012679918779749635,-1.1550903404423778,-0.5536321617881481,-1.1256049037978724,0.34615384615384615,26,-3.1904626406585446,GOLD.,逆張z1_3日,0.0027280229335769806,-0.030748001154863046,0.004172511076909786,2001-06-05
6542,-0.005997516784088133,-0.5463492346970243,-0.581941331870875,-0.16220681102670628,0.4230769230769231,26,-1.5090674923655603,GOLD.,順張z1_3日,0.0027280229335769806,-0.030748001154863046,0.004172511076909786,2001-06-05
6542,-0.021487771147567267,-1.7426627040864584,-0.6450017312336204,-1.9349388554788338,0.3076923076923077,26,-5.406653801822504,GOLD.,逆張z1_5日,0.0027280229335769806,-0.030748001154863046,0.004172511076909786,2001-06-05
6542,-0.0017737500029820221,-0.14385040760137136,-0.6007279579017203,0.4869014591834096,0.38461538461538464,26,-0.44630278921186295,GOLD.,順張z1_5日,0.0027280229335769806,-0.030748001154863046,0.004172511076909786,2001-06-05
6542,-0.0013181433991334007,-0.09767421688147072,0.05251227941318603,-0.21611098234869933,0.5,26,-0.33166515835118343,GOLD.,ドンチャン20,0.0027280229335769806,-0.030748001154863046,0.004172511076909786,2001-06-05
6542,-0.014720763490552844,-1.093928821074753,-1.446601596560615,0.026086341752625825,0.2692307692307692,26,-3.7039705675075685,GOLD.,ドンチャン55,0.0027280229335769806,-0.030748001154863046,0.004172511076909786,2001-06-05
6542,-0.005485891763968674,-0.9459672474892414,-0.4775174028117449,-0.887740181813701,0.34615384615384615,26,-1.3803347661493484,GOLD.,月曜買,0.0027280229335769806,-0.030748001154863046,0.004172511076909786,2001-06-05
6542,-0.0009135606176050263,-0.15757305450591905,-0.25862915036541734,0.05457902155185083,0.5384615384615384,26,-0.22986590616815714,GOLD.,月曜売,0.0027280229335769806,-0.030748001154863046,0.004172511076909786,2001-06-05
6542,-0.004012134834188403,-0.6513675859461513,-0.5836919219867867,-0.3135139015087187,0.46153846153846156,26,-1.0095148494330983,GOLD.,火曜買,0.0027280229335769806,-0.030748001154863046,0.004172511076909786,2001-06-05
6542,-0.0024264878756581247,-0.3939710053026382,-0.08445868197008163,-0.5234655370437933,0.46153846153846156,26,-0.6105416800982865,GOLD.,火曜売,0.0027280229335769806,-0.030748001154863046,0.004172511076909786,2001-06-05
6542,0.0059669832174035885,0.9876912176817753,0.9301910170163487,0.4129007260729311,0.5384615384615384,26,1.5013847772405482,GOLD.,水曜買,0.0027280229335769806,-0.030748001154863046,0.004172511076909786,2001-06-05
6542,-0.0123860207631137,-2.048193742554883,-1.6002166143437224,-1.278508373776016,0.4230769230769231,26,-3.1165133781649934,GOLD.,水曜売,0.0027280229335769806,-0.030748001154863046,0.004172511076909786,2001-06-05
6542,-0.0008926493952752646,-0.14851463441191,-0.6994539624641912,0.6455040199659579,0.46153846153846156,26,-0.2246043209188763,GOLD.,木曜買,0.0027280229335769806,-0.030748001154863046,0.004172511076909786,2001-06-05
6542,-0.005526388150434849,-0.9192225848958427,0.020404823720136724,-1.5069515413391554,0.46153846153846156,26,-1.3905242800055686,GOLD.,木曜売,0.0027280229335769806,-0.030748001154863046,0.004172511076909786,2001-06-05
6542,0.019825278140551867,3.2023002171984634,3.0377267144805926,1.4042859833612147,0.8461538461538461,26,4.988344984441934,GOLD.,金曜買,0.0027280229335769806,-0.030748001154863046,0.004172511076909786,2001-06-05
6542,-0.026180663902818625,-4.218933341267607,-3.7207749032851014,-2.165294505513389,0.07692307692307693,26,-6.587457817393826,GOLD.,金曜売,0.0027280229335769806,-0.030748001154863046,0.004172511076909786,2001-06-05
6542,0.0005124777740651434,0.12686968242103977,1.8516566924876006,-1.7664258217741682,0.5,26,0.12894729222823736,GOLD.,月末2日買,0.0027280229335769806,-0.030748001154863046,0.004172511076909786,2001-06-05
6542,-0.0032358858925320365,-0.8008064986155233,-2.3073520651151065,1.2762329882393553,0.38461538461538464,26,-0.814198673420945,GOLD.,月末2日売,0.0027280229335769806,-0.030748001154863046,0.004172511076909786,2001-06-05
6542,0.007106553914342622,1.5521190358448498,0.1541988703515052,2.207647199454051,0.6538461538461539,26,1.7881182964472855,GOLD.,月初2日買,0.0027280229335769806,-0.030748001154863046,0.004172511076909786,2001-06-05
6542,-0.00982996203280951,-2.1433509814610643,-0.5454041906996147,-2.6559419059137688,0.3076923076923077,26,-2.473369677639993,GOLD.,月初2日売,0.0027280229335769806,-0.030748001154863046,0.004172511076909786,2001-06-05
6542,0.018129191296734518,1.3417633647830098,1.1212522001970964,0.7496164096270395,0.6538461538461539,26,4.561583440893734,GOLD.,常時買,0.0027280229335769806,-0.030748001154863046,0.004172511076909786,2001-06-05
6542,-0.04470551537741894,-3.308708917467753,-2.3982650391134572,-2.2911741116076523,0.23076923076923078,26,-11.248595446118257,GOLD.,常時売,0.0027280229335769806,-0.030748001154863046,0.004172511076909786,2001-06-05
4150,-0.006448318143127161,-0.16863602807368436,-0.01999269727230513,-0.18870591084603808,0.5882352941176471,17,-1.5741482525869248,OILCash,MA5/20,0.05391416864353178,0.0,0.0,2010-08-17
4150,0.03422325030354394,0.8970058258195914,0.422642524019263,0.7952519062288916,0.7647058823529411,17,8.354499338806315,OILCash,MA10/50,0.05391416864353178,0.0,0.0,2010-08-17
4150,-0.011186837425251922,-0.2937567113911361,0.13646960125037855,-0.43875985896795944,0.4117647058823529,17,-2.7309044302820866,OILCash,MA20/100,0.05391416864353178,0.0,0.0,2010-08-17
4150,-0.009233830257670675,-0.24507294258724213,-0.07803548878470137,-0.24022605730417423,0.47058823529411764,17,-2.254140915843136,OILCash,MA50/200,0.05391416864353178,0.0,0.0,2010-08-17
4150,0.026327672313014163,0.6908326169861245,-0.055048370341526556,0.8643009933613798,0.5882352941176471,17,6.427049417588753,OILCash,モメ20,0.05391416864353178,0.0,0.0,2010-08-17
4150,0.007142886655967844,0.18724797734437829,1.1817813140947673,-0.5476069871899829,0.5294117647058824,17,1.7437046836627366,OILCash,モメ60,0.05391416864353178,0.0,0.0,2010-08-17
4150,-0.024736395476900288,-0.6505224905448544,-0.26276576610277114,-0.6046199328181505,0.35294117647058826,17,-6.038590660537424,OILCash,モメ120,0.05391416864353178,0.0,0.0,2010-08-17
4150,-0.012190727542524581,-0.32487432880776734,0.35496474308525844,-0.6003980752963015,0.35294117647058826,17,-2.975971723616295,OILCash,モメ250,0.05391416864353178,0.0,0.0,2010-08-17
4150,-0.02538713911270009,-1.0631389996282872,1.1768223748185154,-1.987480154280589,0.47058823529411764,17,-6.197448665747377,OILCash,逆張z1_1日,0.05391416864353178,0.0,0.0,2010-08-17
4150,-0.0018427638937680273,-0.07724407982442873,-2.266499996322354,1.326597391981917,0.35294117647058826,17,-0.4498511858316044,OILCash,順張z1_1日,0.05391416864353178,0.0,0.0,2010-08-17
4150,-0.010228616557118915,-0.3138857511067141,0.2797119165232995,-0.550961448930997,0.5294117647058824,17,-2.4969858065907946,OILCash,逆張z1_3日,0.05391416864353178,0.0,0.0,2010-08-17
4150,-0.011337050900293811,-0.3481135002900969,-0.905485265942451,0.16618817600378924,0.4117647058823529,17,-2.7675741903658406,OILCash,順張z1_3日,0.05391416864353178,0.0,0.0,2010-08-17
4150,0.006890627506111357,0.19416857501735835,0.6434785367634197,-0.1884843696953209,0.6470588235294118,17,1.6821237735507142,OILCash,逆張z1_5日,0.05391416864353178,0.0,0.0,2010-08-17
4150,-0.025858021775883998,-0.7289841501325862,-1.1350695938408788,-0.1282119668849579,0.29411764705882354,17,-6.312399433524624,OILCash,順張z1_5日,0.05391416864353178,0.0,0.0,2010-08-17
4150,0.026348273296172585,0.6891560501508274,0.015099131856092124,0.8149839010760807,0.5882352941176471,17,6.432078481124484,OILCash,ドンチャン20,0.05391416864353178,0.0,0.0,2010-08-17
4150,-8.173919052819074e-05,-0.002142547343948556,0.6932815769041988,-0.4552202474449112,0.5882352941176471,17,-0.01995397886423647,OILCash,ドンチャン55,0.05391416864353178,0.0,0.0,2010-08-17
4150,-0.0370880463836486,-2.011157241124146,-2.9985968848354463,-0.5720015104077408,0.35294117647058826,17,-9.053846617184805,OILCash,月曜買,0.05391416864353178,0.0,0.0,2010-08-17
4150,0.015496396194359472,0.8416698893570775,1.8534851302195379,-0.10766236628458487,0.5882352941176471,17,3.7829437768583425,OILCash,月曜売,0.05391416864353178,0.0,0.0,2010-08-17
4150,-0.007279752466193884,-0.4065248570240381,0.518524371673295,-0.7566084884653049,0.5294117647058824,17,-1.7771160432179192,OILCash,火曜買,0.05391416864353178,0.0,0.0,2010-08-17
4150,-0.014415828650600846,-0.8048404774987019,-1.751364490051739,0.06139961409842206,0.47058823529411764,17,-3.5191581705878536,OILCash,火曜売,0.05391416864353178,0.0,0.0,2010-08-17
4150,0.001981512232165357,0.11459943399964474,0.1735750085556566,0.011878781497188129,0.5294117647058824,17,0.48372210373448316,OILCash,水曜買,0.05391416864353178,0.0,0.0,2010-08-17
4150,-0.023599145153330885,-1.3636291265130505,-1.206349309617841,-0.7950398199117288,0.35294117647058826,17,-5.760967787430774,OILCash,水曜売,0.05391416864353178,0.0,0.0,2010-08-17
4150,0.014801022963112339,0.8971044417877816,-0.10392050120798407,1.1581012818984018,0.47058823529411764,17,3.613190899818601,OILCash,木曜買,0.05391416864353178,0.0,0.0,2010-08-17
4150,-0.03647062134803067,-2.2062094336898714,-1.0579239819548345,-1.9491957917623812,0.23529411764705882,17,-8.903122270254546,OILCash,木曜売,0.05391416864353178,0.0,0.0,2010-08-17
4150,0.009771526320893805,0.640433349408647,0.2935764572066858,0.580781502321223,0.5294117647058824,17,2.385402013629958,OILCash,金曜買,0.05391416864353178,0.0,0.0,2010-08-17
4150,-0.03102540099578972,-2.0297209215417484,-1.445945049240028,-1.4511154665547892,0.23529411764705882,17,-7.5738478901486666,OILCash,金曜売,0.05391416864353178,0.0,0.0,2010-08-17
4150,0.0038697496361559227,0.3347848440373233,0.7815783370603229,-0.16050902941106976,0.47058823529411764,17,0.944674175885122,OILCash,月末2日買,0.05391416864353178,0.0,0.0,2010-08-17
4150,-0.008910399620177693,-0.7699086716673367,-1.1444704548736662,-0.11301444976489929,0.47058823529411764,17,-2.1751857896316134,OILCash,月末2日売,0.05391416864353178,0.0,0.0,2010-08-17
4150,0.010222422395075136,0.8335018301025979,-1.0560478171759975,1.6932137256215065,0.35294117647058826,17,2.495473702327164,OILCash,月初2日買,0.05391416864353178,0.0,0.0,2010-08-17
4150,-0.015263072379096904,-1.2448219491723338,0.684780538726465,-1.9367799305932245,0.5294117647058824,17,-3.7259853160736554,OILCash,月初2日売,0.05391416864353178,0.0,0.0,2010-08-17
4150,0.03608743994392263,0.942818856478958,0.33384208119031145,0.9093251427224084,0.6470588235294118,17,8.809580927486994,OILCash,常時買,0.05391416864353178,0.0,0.0,2010-08-17
4150,-0.036113422675799034,-0.9434953021460072,-0.3350707405245476,-0.9093251427224084,0.35294117647058826,17,-8.815923770856822,OILCash,常時売,0.05391416864353178,0.0,0.0,2010-08-17
2330,0.025094856801340083,0.33654262281388175,0.07189809899967033,0.3635110725414449,0.6,10,5.847101634712242,NGASCash,MA5/20,0.5608131791097096,0.0,0.0,2017-08-29
2330,0.04804586497507133,0.6447503857345429,0.8376609797059181,0.19058607766319252,0.7,10,11.19468653919162,NGASCash,MA10/50,0.5608131791097096,0.0,0.0,2017-08-29
2330,-0.06341124799353398,-0.8558890609060349,-0.8663227854093664,-0.43382376091571906,0.2,10,-14.774820782493421,NGASCash,MA20/100,0.5608131791097096,0.0,0.0,2017-08-29
2330,-0.006215761250844303,-0.08416819856060832,0.05234891477346546,-0.13981980701017097,0.4,10,-1.4482723714467265,NGASCash,MA50/200,0.5608131791097096,0.0,0.0,2017-08-29
2330,0.03619076474603788,0.4854626035983498,0.39542527417467876,0.3126068707806476,0.5,10,8.432448185826825,NGASCash,モメ20,0.5608131791097096,0.0,0.0,2017-08-29
2330,-0.06091302550563688,-0.8183572330981952,-1.5054673725079188,0.07703867847799682,0.4,10,-14.192734942813399,NGASCash,モメ60,0.5608131791097096,0.0,0.0,2017-08-29
2330,-0.022826132129198463,-0.3083081713493971,-0.17536787388058334,-0.2535162149067881,0.4,10,-5.318488786103247,NGASCash,モメ120,0.5608131791097096,0.0,0.0,2017-08-29
2330,0.04194579683130984,0.5686621116962319,0.30265140861881595,0.48222083236993746,0.5,10,9.773370661695193,NGASCash,モメ250,0.5608131791097096,0.0,0.0,2017-08-29
2330,-0.12451905638535489,-2.7652227761892765,-3.368417618462523,-0.9121434848367517,0.2,10,-29.012940137787695,NGASCash,逆張z1_1日,0.5608131791097096,0.0,0.0,2017-08-29
2330,-0.18693684651935086,-4.120725110107866,-1.9923375615403476,-3.657006568267547,0.1,10,-43.55628523900875,NGASCash,順張z1_1日,0.5608131791097096,0.0,0.0,2017-08-29
2330,-0.15302725785333499,-2.3963110031146138,-2.2960043712343587,-1.314529548209505,0.2,10,-35.65535107982704,NGASCash,逆張z1_3日,0.5608131791097096,0.0,0.0,2017-08-29
2330,-0.0809257078525182,-1.2630136989453729,-0.7985399667176009,-0.9826482348246562,0.3,10,-18.855689929636743,NGASCash,順張z1_3日,0.5608131791097096,0.0,0.0,2017-08-29
2330,-0.16101581315599958,-2.2988162566041725,-1.1520691263976912,-2.0015646256668784,0.2,10,-37.5166844653479,NGASCash,逆張z1_5日,0.5608131791097096,0.0,0.0,2017-08-29
2330,-0.0454982244732412,-0.6473545223668749,-1.386966484256054,0.18700590394522132,0.4,10,-10.601086302265198,NGASCash,順張z1_5日,0.5608131791097096,0.0,0.0,2017-08-29
2330,0.09336801261406603,1.2533897689523825,0.8201196230431324,0.9533085909910242,0.7,10,21.754746939077382,NGASCash,ドンチャン20,0.5608131791097096,0.0,0.0,2017-08-29
2330,-0.11538682082288391,-1.5502282165482366,-0.7724576269901998,-1.3539818703593574,0.3,10,-26.88512925173195,NGASCash,ドンチャン55,0.5608131791097096,0.0,0.0,2017-08-29
2330,-0.03225729536007447,-0.7662907418678581,-0.9167534968519594,-0.28196341129809005,0.4,10,-7.515949818897353,NGASCash,月曜買,0.5608131791097096,0.0,0.0,2017-08-29
2330,-0.19158659158071095,-4.474370156992861,-3.550189566353597,-2.9484590338645953,0.1,10,-44.639675838305656,NGASCash,月曜売,0.5608131791097096,0.0,0.0,2017-08-29
2330,-0.11526995099812083,-3.7675772766549005,-1.9944051441328199,-3.198356928804749,0.1,10,-26.857898582562154,NGASCash,火曜買,0.5608131791097096,0.0,0.0,2017-08-29
2330,-0.11098085945815689,-3.6305882313164375,-4.66364754463237,-1.2364683893087638,0.1,10,-25.858540253750554,NGASCash,火曜売,0.5608131791097096,0.0,0.0,2017-08-29
2330,-0.08008637324155518,-2.4137440303157986,-2.239354441963682,-1.3685788262168617,0.2,10,-18.660124965282357,NGASCash,水曜買,0.5608131791097096,0.0,0.0,2017-08-29
2330,-0.14472028310542717,-4.313277562280986,-3.5676419997579494,-2.751556464284209,0.1,10,-33.71982596356453,NGASCash,水曜売,0.5608131791097096,0.0,0.0,2017-08-29
2330,-0.1753080986200965,-5.439980710799546,-4.877952298382882,-3.0275907151404886,0.0,10,-40.84678697848249,NGASCash,木曜買,0.5608131791097096,0.0,0.0,2017-08-29
2330,-0.050461327133082746,-1.6033744810087946,-0.6895208377866439,-1.5019012401283325,0.2,10,-11.757489222008278,NGASCash,木曜売,0.5608131791097096,0.0,0.0,2017-08-29
2330,-0.09462010178870899,-3.345737311040163,-2.2885200929070777,-2.4667497392082374,0.0,10,-22.046483716769192,NGASCash,金曜買,0.5608131791097096,0.0,0.0,2017-08-29
2330,-0.12633547693348565,-4.433319977835795,-4.118876809298739,-2.435645193994442,0.1,10,-29.436166125502155,NGASCash,金曜売,0.5608131791097096,0.0,0.0,2017-08-29
2330,-0.027069228939469826,-1.1101142733690492,-2.1415320548474637,0.3548390146437217,0.5,10,-6.307130342896469,NGASCash,月末2日買,0.5608131791097096,0.0,0.0,2017-08-29
2330,-0.025883088401361134,-1.0612208369191332,0.47243529062403483,-1.738722327171488,0.4,10,-6.030759597517145,NGASCash,月末2日売,0.5608131791097096,0.0,0.0,2017-08-29
2330,-0.03167289794959476,-1.2156872323066896,-0.2542429670198231,-1.3140563784760624,0.4,10,-7.37978522225558,NGASCash,月初2日買,0.5608131791097096,0.0,0.0,2017-08-29
2330,-0.02127941939123619,-0.8291763039010384,-1.534653161974384,0.0872689133497322,0.3,10,-4.958104718158032,NGASCash,月初2日売,0.5608131791097096,0.0,0.0,2017-08-29
2330,0.06303066674960449,0.8447870466294607,0.974690579446635,0.3358508944942311,0.6,10,14.686145352657842,NGASCash,常時買,0.5608131791097096,0.0,0.0,2017-08-29
2330,-0.06351205145270294,-0.8512185846375353,-0.9855991206430743,-0.3358508944942311,0.3,10,-14.798307988479786,NGASCash,常時売,0.5608131791097096,0.0,0.0,2017-08-29
3157,-0.030714136805336214,-1.5891242703675645,-1.1305777317738332,-1.1847903774253405,0.23076923076923078,13,-7.458809991880491,AUS200Cash,MA5/20,0.12562225308483216,-0.006865753424657534,0.0012657534246575343,2014-05-13
3157,-0.025307491796481764,-1.3117431434626647,-0.7517085203303274,-1.2637748714812915,0.3076923076923077,13,-6.145827046268686,AUS200Cash,MA10/50,0.12562225308483216,-0.006865753424657534,0.0012657534246575343,2014-05-13
3157,-0.023993094189033854,-1.247211682361626,-0.30842292667815707,-1.8389329145607396,0.3076923076923077,13,-5.826630642675374,AUS200Cash,MA20/100,0.12562225308483216,-0.006865753424657534,0.0012657534246575343,2014-05-13
3157,-0.02822439494937968,-1.483788085173611,-1.0756667508672084,-1.068354004317349,0.3076923076923077,13,-6.854185758091662,AUS200Cash,MA50/200,0.12562225308483216,-0.006865753424657534,0.0012657534246575343,2014-05-13
3157,-0.029581124851459435,-1.5299098747275015,-0.8351472434237244,-1.539981474631909,0.15384615384615385,13,-7.1836623966198,AUS200Cash,モメ20,0.12562225308483216,-0.006865753424657534,0.0012657534246575343,2014-05-13
3157,-0.03253844557628349,-1.6880781124527868,-0.4256210122258753,-2.481275159255258,0.15384615384615385,13,-7.901836360332842,AUS200Cash,モメ60,0.12562225308483216,-0.006865753424657534,0.0012657534246575343,2014-05-13
3157,-0.0275767519236751,-1.4365698105355678,-0.741530769296297,-1.5066629984040558,0.23076923076923078,13,-6.6969081402340205,AUS200Cash,モメ120,0.12562225308483216,-0.006865753424657534,0.0012657534246575343,2014-05-13
3157,-0.03309647188663634,-1.7482383915303608,-0.7947536469080998,-1.9815625588152486,0.3076923076923077,13,-8.037350903546992,AUS200Cash,モメ250,0.12562225308483216,-0.006865753424657534,0.0012657534246575343,2014-05-13
3157,-0.01313589128082898,-0.9479472297888778,-0.5105472529556712,-1.1406991749029811,0.23076923076923078,13,-3.1900006748905443,AUS200Cash,逆張z1_1日,0.12562225308483216,-0.006865753424657534,0.0012657534246575343,2014-05-13
3157,-0.05198956688110401,-3.7306865321349334,-2.05134553876598,-4.366238755928747,0.07692307692307693,13,-12.625466357203486,AUS200Cash,順張z1_1日,0.12562225308483216,-0.006865753424657534,0.0012657534246575343,2014-05-13
3157,-0.007388720043830256,-0.44226964463882207,-0.32117127219410024,-0.3241707531480884,0.38461538461538464,13,-1.7943222444901623,AUS200Cash,逆張z1_3日,0.12562225308483216,-0.006865753424657534,0.0012657534246575343,2014-05-13
3157,-0.046441412328430694,-2.770686873033858,-1.5423504521396623,-2.812699824983912,0.15384615384615385,13,-11.278118363142747,AUS200Cash,順張z1_3日,0.12562225308483216,-0.006865753424657534,0.0012657534246575343,2014-05-13
3157,0.004859706356789583,0.26775139358121053,0.4699252107111434,-0.2567807429568384,0.3076923076923077,13,1.1801609975680558,AUS200Cash,逆張z1_5日,0.12562225308483216,-0.006865753424657534,0.0012657534246575343,2014-05-13
3157,-0.054398520103447694,-2.9884335815047796,-2.040826278491637,-2.3900742581523806,0.15384615384615385,13,-13.210471382044952,AUS200Cash,順張z1_5日,0.12562225308483216,-0.006865753424657534,0.0012657534246575343,2014-05-13
3157,-0.031738432054199885,-1.642913152224429,-0.9551641185574269,-1.5627331312792807,0.23076923076923078,13,-7.707556153469924,AUS200Cash,ドンチャン20,0.12562225308483216,-0.006865753424657534,0.0012657534246575343,2014-05-13
3157,-0.018933823170304474,-0.9813481840099701,0.013532810974224267,-1.8526433790887304,0.46153846153846156,13,-4.59800613451163,AUS200Cash,ドンチャン55,0.12562225308483216,-0.006865753424657534,0.0012657534246575343,2014-05-13
3157,-0.021529933320940157,-2.313817395068265,-2.2187125712650757,-0.7240383291300692,0.23076923076923078,13,-5.228461499554469,AUS200Cash,月曜買,0.12562225308483216,-0.006865753424657534,0.0012657534246575343,2014-05-13
3157,-0.02883013931733104,-3.0898582199725437,-0.7982681404648808,-5.335922709814039,0.15384615384615385,13,-7.001288448062622,AUS200Cash,月曜売,0.12562225308483216,-0.006865753424657534,0.0012657534246575343,2014-05-13
3157,-0.017305528675087556,-1.9010891749239678,-0.9134655162346751,-2.2258044264161305,0.07692307692307693,13,-4.20258107901934,AUS200Cash,火曜買,0.12562225308483216,-0.006865753424657534,0.0012657534246575343,2014-05-13
3157,-0.034518972569789266,-3.7667321944111394,-2.34979679702499,-3.465403893263079,0.07692307692307693,13,-8.382799723294209,AUS200Cash,火曜売,0.12562225308483216,-0.006865753424657534,0.0012657534246575343,2014-05-13
3157,-0.012054820840075935,-1.5328687155374774,-1.1172836673356183,-1.0618010859018954,0.15384615384615385,13,-2.927466876316902,AUS200Cash,水曜買,0.12562225308483216,-0.006865753424657534,0.0012657534246575343,2014-05-13
3157,-0.03993239469442373,-5.005036428005631,-3.009065836897485,-4.286215492616284,0.0,13,-9.697428465407363,AUS200Cash,水曜売,0.12562225308483216,-0.006865753424657534,0.0012657534246575343,2014-05-13
3157,-0.024909558142255442,-3.099570107747418,-1.5651331361101002,-3.032226026977494,0.23076923076923078,13,-6.049190388853878,AUS200Cash,木曜買,0.12562225308483216,-0.006865753424657534,0.0012657534246575343,2014-05-13
3157,-0.026914943102621384,-3.3457334557154246,-2.505588980095311,-2.2288616229462535,0.23076923076923078,13,-6.53619041345967,AUS200Cash,木曜売,0.12562225308483216,-0.006865753424657534,0.0012657534246575343,2014-05-13
3157,-0.035914243666027613,-3.9881363105697045,-2.2210617674809914,-3.898473292146188,0.07692307692307693,13,-8.721635942588398,AUS200Cash,金曜買,0.12562225308483216,-0.006865753424657534,0.0012657534246575343,2014-05-13
3157,-0.014933971841112132,-1.6725409915439264,-1.1464041623976016,-1.309687126710045,0.3076923076923077,13,-3.6266576232608454,AUS200Cash,金曜売,0.12562225308483216,-0.006865753424657534,0.0012657534246575343,2014-05-13
3157,-0.0136572828496279,-2.5738600983795576,-1.7766279912405814,-1.9703310547738673,0.23076923076923078,13,-3.316618612021176,AUS200Cash,月末2日買,0.12562225308483216,-0.006865753424657534,0.0012657534246575343,2014-05-13
3157,0.0012707667206193556,0.2369411484721303,0.37863338144530434,-0.13295605256266377,0.46153846153846156,13,0.3086008105381003,AUS200Cash,月末2日売,0.12562225308483216,-0.006865753424657534,0.0012657534246575343,2014-05-13
3157,0.006158753443107094,1.1578495206208288,0.07698593140654827,1.6546355405871334,0.5384615384615384,13,1.4956295861453144,AUS200Cash,月初2日買,0.12562225308483216,-0.006865753424657534,0.0012657534246575343,2014-05-13
3157,-0.018545269572115636,-3.4121178222826534,-1.6231932874998134,-3.291267590518461,0.23076923076923078,13,-4.50364738762839,AUS200Cash,月初2日売,0.12562225308483216,-0.006865753424657534,0.0012657534246575343,2014-05-13
3157,0.013868376785999784,0.7171999732201646,0.19834065810861146,1.0285368192116924,0.6153846153846154,13,3.3678819625693333,AUS200Cash,常時買,0.12562225308483216,-0.006865753424657534,0.0012657534246575343,2014-05-13
3157,-0.01954796009489105,-1.0109227470316788,-0.3744215386836312,-1.2996538962566513,0.3076923076923077,13,-4.747146924582386,AUS200Cash,常時売,0.12562225308483216,-0.006865753424657534,0.0012657534246575343,2014-05-13
4012,-0.028354802556554006,-1.406004722394208,-1.5003112625517967,-0.48235691953879545,0.29411764705882354,17,-6.6917334033467455,EU50Cash,MA5/20,0.03639701228003545,-0.0034904109589041095,-0.00019178082191780824,2010-12-03
4012,-0.026742877225788553,-1.329581860408675,-1.4085784658541034,-0.4686239962130618,0.35294117647058826,17,-6.311319025286099,EU50Cash,MA10/50,0.03639701228003545,-0.0034904109589041095,-0.00019178082191780824,2010-12-03
4012,-0.01799402728686253,-0.8997673387963814,-0.8627284437672609,-0.41073578635891783,0.29411764705882354,17,-4.246590439699559,EU50Cash,MA20/100,0.03639701228003545,-0.0034904109589041095,-0.00019178082191780824,2010-12-03
4012,-0.020465958024275553,-1.0650486846807,-0.3520146479456563,-1.121560813082825,0.5294117647058824,17,-4.829966093729032,EU50Cash,MA50/200,0.03639701228003545,-0.0034904109589041095,-0.00019178082191780824,2010-12-03
4012,-0.013307918069801963,-0.6602264350487802,-0.2672901636293851,-0.6686061688513402,0.29411764705882354,17,-3.1406686644732646,EU50Cash,モメ20,0.03639701228003545,-0.0034904109589041095,-0.00019178082191780824,2010-12-03
4012,-0.0377368360476751,-1.8789787017815793,-1.1623718155407958,-1.4952841501747665,0.23529411764705882,17,-8.905893307251326,EU50Cash,モメ60,0.03639701228003545,-0.0034904109589041095,-0.00019178082191780824,2010-12-03
4012,-0.016597434584079612,-0.831078119844665,-0.8693645316631263,-0.30806682417271447,0.35294117647058826,17,-3.916994561842792,EU50Cash,モメ120,0.03639701228003545,-0.0034904109589041095,-0.00019178082191780824,2010-12-03
4012,-0.023526066326694267,-1.2577472573989632,-1.0011603861465037,-0.797566110271669,0.29411764705882354,17,-5.55215165309985,EU50Cash,モメ250,0.03639701228003545,-0.0034904109589041095,-0.00019178082191780824,2010-12-03
4012,0.01835008667824965,1.381591705144907,0.46009921418878535,1.4395162500540446,0.6470588235294118,17,4.3306204560669155,EU50Cash,逆張z1_1日,0.03639701228003545,-0.0034904109589041095,-0.00019178082191780824,2010-12-03
4012,-0.03858764902584797,-2.8988229951735582,-1.6145742469216522,-2.4429871388604067,0.17647058823529413,17,-9.106685170100121,EU50Cash,順張z1_1日,0.03639701228003545,-0.0034904109589041095,-0.00019178082191780824,2010-12-03
4012,0.010467570035486096,0.607284357060019,-0.2621378626350559,1.1255193359462534,0.5294117647058824,17,2.4703465283747166,EU50Cash,逆張z1_3日,0.03639701228003545,-0.0034904109589041095,-0.00019178082191780824,2010-12-03
4012,-0.027635749371455638,-1.601577291586385,-0.42608079040824814,-1.8432584000878338,0.35294117647058826,17,-6.5220368516635325,EU50Cash,順張z1_3日,0.03639701228003545,-0.0034904109589041095,-0.00019178082191780824,2010-12-03
4012,0.00965956207848446,0.5183953373432911,0.26402358137163445,0.47162432016141587,0.47058823529411764,17,2.2796566505223304,EU50Cash,逆張z1_5日,0.03639701228003545,-0.0034904109589041095,-0.00019178082191780824,2010-12-03
4012,-0.02579345915854703,-1.3829367512931883,-0.8616206351609081,-1.0968991986764804,0.23529411764705882,17,-6.0872563614171,EU50Cash,順張z1_5日,0.03639701228003545,-0.0034904109589041095,-0.00019178082191780824,2010-12-03
4012,-0.026571437041066685,-1.3182383521915544,-0.9710285723225293,-0.8926003574833227,0.058823529411764705,17,-6.270859141691739,EU50Cash,ドンチャン20,0.03639701228003545,-0.0034904109589041095,-0.00019178082191780824,2010-12-03
4012,-0.01589940031627893,-0.7926529653441415,-0.7614004172236891,-0.35928450801989975,0.47058823529411764,17,-3.7522584746418306,EU50Cash,ドンチャン55,0.03639701228003545,-0.0034904109589041095,-0.00019178082191780824,2010-12-03
4012,-0.019730948971639205,-2.0556740927671204,-2.5596943002438772,-0.39076108163442347,0.29411764705882354,17,-4.656503957306852,EU50Cash,月曜買,0.03639701228003545,-0.0034904109589041095,-0.00019178082191780824,2010-12-03
4012,0.004672072872609951,0.48775129429143504,1.4402280507901184,-0.7030502064549895,0.47058823529411764,17,1.1026091979359491,EU50Cash,月曜売,0.03639701228003545,-0.0034904109589041095,-0.00019178082191780824,2010-12-03
4012,0.0078848438977689,0.9383625708282141,1.0539776706297128,0.26108818731366656,0.5882352941176471,17,1.8608231598734604,EU50Cash,火曜買,0.03639701228003545,-0.0034904109589041095,-0.00019178082191780824,2010-12-03
4012,-0.023305895497914043,-2.764318524246487,-2.324010708631095,-1.5734250113918258,0.11764705882352941,17,-5.500191337507713,EU50Cash,火曜売,0.03639701228003545,-0.0034904109589041095,-0.00019178082191780824,2010-12-03
4012,0.009994753740328996,1.1400228079691288,-0.016116328146793625,1.6024624006595223,0.6470588235294118,17,2.358761882717643,EU50Cash,水曜買,0.03639701228003545,-0.0034904109589041095,-0.00019178082191780824,2010-12-03
4012,-0.025396743471994356,-2.8867045859274048,-1.2479594023137854,-2.807130267879472,0.11764705882352941,17,-5.993631459390667,EU50Cash,水曜売,0.03639701228003545,-0.0034904109589041095,-0.00019178082191780824,2010-12-03
4012,-0.004854826805815976,-0.5222092896621042,0.30419482298228506,-1.0537832940795184,0.4117647058823529,17,-1.1457391261725707,EU50Cash,木曜買,0.03639701228003545,-0.0034904109589041095,-0.00019178082191780824,2010-12-03
4012,-0.01058528666280895,-1.138032062127916,-1.4661276628141178,-0.1303977065807946,0.35294117647058826,17,-2.498127652422912,EU50Cash,木曜売,0.03639701228003545,-0.0034904109589041095,-0.00019178082191780824,2010-12-03
4012,-0.0046054116088262926,-0.5112523785240848,-0.5742267428269567,-0.12708473417435004,0.4117647058823529,17,-1.086877139683005,EU50Cash,金曜買,0.03639701228003545,-0.0034904109589041095,-0.00019178082191780824,2010-12-03
4012,-0.010548773832601877,-1.170377197280595,-0.5609721032966569,-1.1240955652323605,0.4117647058823529,17,-2.4895106244940424,EU50Cash,金曜売,0.03639701228003545,-0.0034904109589041095,-0.00019178082191780824,2010-12-03
4012,-0.003808495360773418,-0.6676751815166424,-0.4590466932944583,-0.4911518557771232,0.29411764705882354,17,-0.8988049051425269,EU50Cash,月末2日買,0.03639701228003545,-0.0034904109589041095,-0.00019178082191780824,2010-12-03
4012,1.2359382925512286e-05,0.0021598483551560615,0.028214847092717574,-0.029875873503581753,0.5882352941176471,17,0.0029168143704206904,EU50Cash,月末2日売,0.03639701228003545,-0.0034904109589041095,-0.00019178082191780824,2010-12-03
4012,-0.0006390861445049088,-0.10207456305232658,-1.4442336860046687,1.367461347172255,0.5294117647058824,17,-0.15082433010315846,EU50Cash,月初2日買,0.03639701228003545,-0.0034904109589041095,-0.00019178082191780824,2010-12-03
4012,-0.003157049833342998,-0.5031102270705342,1.024364856933777,-1.8003545862635046,0.47058823529411764,17,-0.7450637606689476,EU50Cash,月初2日売,0.03639701228003545,-0.0034904109589041095,-0.00019178082191780824,2010-12-03
4012,0.02507635049489277,1.2425485554843316,0.389596911416061,1.3743941821664498,0.7647058823529411,17,5.918018716794691,EU50Cash,常時買,0.03639701228003545,-0.0034904109589041095,-0.00019178082191780824,2010-12-03
4012,-0.02877668634963293,-1.425903487425433,-0.5189805684979774,-1.5043055629168909,0.17647058823529413,17,-6.791297978513373,EU50Cash,常時売,0.03639701228003545,-0.0034904109589041095,-0.00019178082191780824,2010-12-03
3871,-0.012034597956804486,-0.6020378395200806,-1.16552523263931,0.29562103566594106,0.375,16,-2.9116205431743856,FRA40Cash,MA5/20,0.04038287863843618,-0.0045260273972602735,-0.0002684931506849315,2011-07-08
3871,-0.04069521333582665,-2.112365991158583,-1.8921749654587579,-1.1378724552707566,0.1875,16,-9.84569817643656,FRA40Cash,MA10/50,0.04038287863843618,-0.0045260273972602735,-0.0002684931506849315,2011-07-08
3871,-0.03305914952543987,-1.7631623282915276,-1.6603467565544403,-0.9042454765217578,0.3125,16,-7.998247988311109,FRA40Cash,MA20/100,0.04038287863843618,-0.0045260273972602735,-0.0002684931506849315,2011-07-08
3871,-0.02369141570297525,-1.282574208043594,-0.2667559656453232,-1.438181172120224,0.375,16,-5.731841886638573,FRA40Cash,MA50/200,0.04038287863843618,-0.0045260273972602735,-0.0002684931506849315,2011-07-08
3871,-0.022835130620347713,-1.1431611674029165,-0.5833808349940564,-1.0274097318269901,0.375,16,-5.524674414460374,FRA40Cash,モメ20,0.04038287863843618,-0.0045260273972602735,-0.0002684931506849315,2011-07-08
3871,-0.02372401477560402,-1.235274781574382,-0.694516796356519,-1.036108794877772,0.25,16,-5.739728824772699,FRA40Cash,モメ60,0.04038287863843618,-0.0045260273972602735,-0.0002684931506849315,2011-07-08
3871,-0.023512722966633225,-1.2559882574785162,-1.5649559537581812,-0.3233001476603643,0.375,16,-5.688609412739824,FRA40Cash,モメ120,0.04038287863843618,-0.0045260273972602735,-0.0002684931506849315,2011-07-08
3871,-0.010569155520632503,-0.5795046738540265,-0.4605722155773997,-0.3745433217700932,0.4375,16,-2.5570750637730253,FRA40Cash,モメ250,0.04038287863843618,-0.0045260273972602735,-0.0002684931506849315,2011-07-08
3871,0.011642192026548674,0.8810508391578018,1.0910422303735081,0.2094677295016621,0.625,16,2.816682833423121,FRA40Cash,逆張z1_1日,0.04038287863843618,-0.0045260273972602735,-0.0002684931506849315,2011-07-08
3871,-0.033678399715173675,-2.543377875748381,-2.3613456874468355,-1.3034546280811674,0.125,16,-8.14806783108983,FRA40Cash,順張z1_1日,0.04038287863843618,-0.0045260273972602735,-0.0002684931506849315,2011-07-08
3871,0.008069206930268871,0.47508646598767384,0.5763014202776827,0.10581388756852439,0.5625,16,1.9522437516919255,FRA40Cash,逆張z1_3日,0.04038287863843618,-0.0045260273972602735,-0.0002684931506849315,2011-07-08
3871,-0.027329956581814373,-1.6071393686430369,-1.4055428894762756,-0.8785957739809924,0.25,16,-6.612141370512717,FRA40Cash,順張z1_3日,0.04038287863843618,-0.0045260273972602735,-0.0002684931506849315,2011-07-08
3871,0.006697269849027644,0.365399021495238,0.613149056750991,-0.08255980560115665,0.5,16,1.6203207240991253,FRA40Cash,逆張z1_5日,0.04038287863843618,-0.0045260273972602735,-0.0002684931506849315,2011-07-08
3871,-0.025062600377927728,-1.3657561203491664,-1.342708426073763,-0.6030926856680076,0.3125,16,-6.06358287893489,FRA40Cash,順張z1_5日,0.04038287863843618,-0.0045260273972602735,-0.0002684931506849315,2011-07-08
3871,-0.045093837382948566,-2.257036067550676,-1.8470243145329397,-1.350975237671439,0.0625,16,-10.909890281837118,FRA40Cash,ドンチャン20,0.04038287863843618,-0.0045260273972602735,-0.0002684931506849315,2011-07-08
3871,-0.02189970505715633,-1.1702072130474266,-1.3935643017810155,-0.3556894072243201,0.375,16,-5.29835989226576,FRA40Cash,ドンチャン55,0.04038287863843618,-0.0045260273972602735,-0.0002684931506849315,2011-07-08
3871,-0.024526192427410512,-2.499724678920833,-2.6451683759238636,-0.9196983232809565,0.125,16,-5.93380568040663,FRA40Cash,月曜買,0.04038287863843618,-0.0045260273972602735,-0.0002684931506849315,2011-07-08
3871,0.007573277653027908,0.7741646800424639,1.4047701015010148,-0.2776063633792499,0.5625,16,1.8322598621794397,FRA40Cash,月曜売,0.04038287863843618,-0.0045260273972602735,-0.0002684931506849315,2011-07-08
3871,0.0039005949359860177,0.4630884345009663,0.6637655828490971,-0.033052669296512946,0.625,16,0.9437001873251181,FRA40Cash,火曜買,0.04038287863843618,-0.0045260273972602735,-0.0002684931506849315,2011-07-08
3871,-0.021140847248917478,-2.502111212524312,-2.043868033347742,-1.4761388227915107,0.125,16,-5.114763731284972,FRA40Cash,火曜売,0.04038287863843618,-0.0045260273972602735,-0.0002684931506849315,2011-07-08
3871,0.008025722232844411,0.9482258256180592,0.0545741718958159,1.2417916187864413,0.5625,16,1.9417231727087947,FRA40Cash,水曜買,0.04038287863843618,-0.0045260273972602735,-0.0002684931506849315,2011-07-08
3871,-0.02522176877061451,-2.967769587547438,-1.545792562441751,-2.611941717891144,0.125,16,-6.102091681940548,FRA40Cash,水曜売,0.04038287863843618,-0.0045260273972602735,-0.0002684931506849315,2011-07-08
3871,-0.007317627758624908,-0.7793243240576144,0.09454837160467124,-1.1995269945568319,0.4375,16,-1.770408565852313,FRA40Cash,木曜買,0.04038287863843618,-0.0045260273972602735,-0.0002684931506849315,2011-07-08
3871,-0.009922624554306553,-1.0564799077274794,-1.387227073853178,-0.10178605773216888,0.25,16,-2.400654978107542,FRA40Cash,木曜売,0.04038287863843618,-0.0045260273972602735,-0.0002684931506849315,2011-07-08
3871,0.0014820472734854175,0.1665358248944527,0.19037056188651316,0.04487360538951593,0.5,16,0.35856281222887865,FRA40Cash,金曜買,0.04038287863843618,-0.0045260273972602735,-0.0002684931506849315,2011-07-08
3871,-0.018412859160287343,-2.0644370169178208,-1.5330101998360173,-1.3859014660208047,0.25,16,-4.454761113092019,FRA40Cash,金曜売,0.04038287863843618,-0.0045260273972602735,-0.0002684931506849315,2011-07-08
3871,-0.0038931565382314642,-0.6951898512473222,-0.33656720473189616,-0.6816077483945726,0.4375,16,-0.9419005599683747,FRA40Cash,月末2日買,0.04038287863843618,-0.0045260273972602735,-0.0002684931506849315,2011-07-08
3871,-0.00037833095911174913,-0.0673427860861264,-0.15742468648114313,0.08245100651768118,0.5,16,-0.0915324464200985,FRA40Cash,月末2日売,0.04038287863843618,-0.0045260273972602735,-0.0002684931506849315,2011-07-08
3871,-0.0030136106247051525,-0.48040616885143717,-1.8465903170926043,1.368885218633474,0.625,16,-0.7291054205146026,FRA40Cash,月初2日買,0.04038287863843618,-0.0045260273972602735,-0.0002684931506849315,2011-07-08
3871,-0.0012578768726380586,-0.2004299244153003,1.3919228666037946,-1.876294498351076,0.375,16,-0.3043275858738704,FRA40Cash,月初2日売,0.04038287863843618,-0.0045260273972602735,-0.0002684931506849315,2011-07-08
3871,0.021936990738002985,1.088276821346255,0.5893557121210906,0.9481862292011511,0.625,16,5.307380696675597,FRA40Cash,常時買,0.04038287863843618,-0.0045260273972602735,-0.0002684931506849315,2011-07-08
3871,-0.026752375599375405,-1.3271921265383742,-0.7596110129475094,-1.115772256356055,0.25,16,-6.472402871573888,FRA40Cash,常時売,0.04038287863843618,-0.0045260273972602735,-0.0002684931506849315,2011-07-08
3918,-0.019631086404747193,-0.892610366274738,-2.1360223976806196,0.5598490471182881,0.4117647058823529,17,-4.5243880313999725,HK50Cash,MA5/20,0.05644478490505181,-0.015534246575342463,-0.00030684931506849315,2010-09-24
3918,-0.028175292974379176,-1.2858728107490556,-0.4586633821743684,-1.2763334142807246,0.47058823529411764,17,-6.493576345506922,HK50Cash,MA10/50,0.05644478490505181,-0.015534246575342463,-0.00030684931506849315,2010-09-24
3918,-0.005111448016381747,-0.23402347636270215,0.2934696304642732,-0.5270492025105492,0.47058823529411764,17,-1.178038431069631,HK50Cash,MA20/100,0.05644478490505181,-0.015534246575342463,-0.00030684931506849315,2010-09-24
3918,-0.019694159884054742,-0.9101604558546492,-0.7784810540847154,-0.550490940218688,0.4117647058823529,17,-4.538924613278029,HK50Cash,MA50/200,0.05644478490505181,-0.015534246575342463,-0.00030684931506849315,2010-09-24
3918,-0.0214184507385752,-0.9742464927246718,-0.9036685780283865,-0.5255906860972995,0.35294117647058826,17,-4.936322940808099,HK50Cash,モメ20,0.05644478490505181,-0.015534246575342463,-0.00030684931506849315,2010-09-24
3918,-0.01454547636162729,-0.6641470358333159,0.03718955684475035,-0.8749542502890243,0.47058823529411764,17,-3.3523044932268076,HK50Cash,モメ60,0.05644478490505181,-0.015534246575342463,-0.00030684931506849315,2010-09-24
3918,-0.013417193121465784,-0.6157257703020692,-0.7135398107336508,-0.22493054962715225,0.47058823529411764,17,-3.0922683911707645,HK50Cash,モメ120,0.05644478490505181,-0.015534246575342463,-0.00030684931506849315,2010-09-24
3918,-0.01344207599224932,-0.6293049482455885,-0.6218085444205421,-0.3233786309608286,0.35294117647058826,17,-3.0980031610372274,HK50Cash,モメ250,0.05644478490505181,-0.015534246575342463,-0.00030684931506849315,2010-09-24
3918,-0.004369824087141491,-0.34992678646911224,-0.6346031755047352,0.0521037540489156,0.4117647058823529,17,-1.0071159278482573,HK50Cash,逆張z1_1日,0.05644478490505181,-0.015534246575342463,-0.00030684931506849315,2010-09-24
3918,-0.02992384883817095,-2.3930303369967505,-1.5706241647163468,-1.8092869911282436,0.23529411764705882,17,-6.8965670439972815,HK50Cash,順張z1_1日,0.05644478490505181,-0.015534246575342463,-0.00030684931506849315,2010-09-24
3918,-0.012057376793954053,-0.6674690697954299,-0.2096155912253307,-0.6852810831545072,0.29411764705882354,17,-2.778870722277175,HK50Cash,逆張z1_3日,0.05644478490505181,-0.015534246575342463,-0.00030684931506849315,2010-09-24
3918,-0.021689780932208785,-1.1999383782818973,-1.2947078015503004,-0.505031747921734,0.35294117647058826,17,-4.998856570140824,HK50Cash,順張z1_3日,0.05644478490505181,-0.015534246575342463,-0.00030684931506849315,2010-09-24
3918,-0.020924422512449244,-1.0239876649650839,-0.42131450464958337,-0.9726276585369821,0.29411764705882354,17,-4.822463964928009,HK50Cash,逆張z1_5日,0.05644478490505181,-0.015534246575342463,-0.00030684931506849315,2010-09-24
3918,-0.012135753617203508,-0.5933703079214736,-0.878527638445964,-0.06061256455402799,0.4117647058823529,17,-2.796934274835491,HK50Cash,順張z1_5日,0.05644478490505181,-0.015534246575342463,-0.00030684931506849315,2010-09-24
3918,-0.03225191983645325,-1.468428327390147,-1.4123835498513835,-0.753220040001483,0.29411764705882354,17,-7.433118936424933,HK50Cash,ドンチャン20,0.05644478490505181,-0.015534246575342463,-0.00030684931506849315,2010-09-24
3918,-0.011202834970765942,-0.5141017690419527,0.2893045574699721,-0.8764834348505621,0.4117647058823529,17,-2.5819239656153514,HK50Cash,ドンチャン55,0.05644478490505181,-0.015534246575342463,-0.00030684931506849315,2010-09-24
3918,-0.014013240241235111,-1.3420853112634286,-1.6480458206511974,-0.4353852595926719,0.5294117647058824,17,-3.2296397214799515,HK50Cash,月曜買,0.05644478490505181,-0.015534246575342463,-0.00030684931506849315,2010-09-24
3918,-0.010891773694699049,-1.043530203253641,-0.3230821796456626,-1.0633270789790572,0.35294117647058826,17,-2.510233490342993,HK50Cash,月曜売,0.05644478490505181,-0.015534246575342463,-0.00030684931506849315,2010-09-24
3918,-0.009074779638740023,-0.913287909801701,-0.795912891710903,-0.5293841738251827,0.5294117647058824,17,-2.0914698014460837,HK50Cash,火曜買,0.05644478490505181,-0.015534246575342463,-0.00030684931506849315,2010-09-24
3918,-0.016947345740230754,-1.703804545295536,-1.2701281343825854,-1.162586360114366,0.4117647058823529,17,-3.9058647417778882,HK50Cash,火曜売,0.05644478490505181,-0.015534246575342463,-0.00030684931506849315,2010-09-24
3918,-0.0014421853703458633,-0.14953320666627715,-0.2153578268153357,-0.020222955948009637,0.47058823529411764,17,-0.33238131064794646,HK50Cash,水曜買,0.05644478490505181,-0.015534246575342463,-0.00030684931506849315,2010-09-24
3918,-0.024612796227537762,-2.543690381433864,-1.9669683152971302,-1.6864907058122904,0.23529411764705882,17,-5.672525624676057,HK50Cash,水曜売,0.05644478490505181,-0.015534246575342463,-0.00030684931506849315,2010-09-24
3918,-0.01944433298078129,-1.998019380758321,-0.9696704108773548,-1.7948949410166042,0.29411764705882354,17,-4.481346859923595,HK50Cash,木曜買,0.05644478490505181,-0.015534246575342463,-0.00030684931506849315,2010-09-24
3918,-0.006742073492753699,-0.6940070976999888,-1.1129455402930968,0.030910394800369893,0.29411764705882354,17,-1.5538496438005296,HK50Cash,木曜売,0.05644478490505181,-0.015534246575342463,-0.00030684931506849315,2010-09-24
3918,-0.015419761321206813,-1.6257288538950918,-0.6539942213351119,-1.5590428706103105,0.29411764705882354,17,-3.5538014621463705,HK50Cash,金曜買,0.05644478490505181,-0.015534246575342463,-0.00030684931506849315,2010-09-24
3918,-0.010142376992984186,-1.0701532697216751,-1.5039712750252965,-0.1634145110711688,0.4117647058823529,17,-2.3375195916771796,HK50Cash,金曜売,0.05644478490505181,-0.015534246575342463,-0.00030684931506849315,2010-09-24
3918,-0.006636807309720432,-1.1000102961295128,0.29558161444015035,-1.722789782968939,0.35294117647058826,17,-1.5295888846755679,HK50Cash,月末2日買,0.05644478490505181,-0.015534246575342463,-0.00030684931506849315,2010-09-24
3918,-0.0004847725746717661,-0.08041981550935408,-1.18595920286222,0.9350443244003881,0.47058823529411764,17,-0.11172582044493978,HK50Cash,月末2日売,0.05644478490505181,-0.015534246575342463,-0.00030684931506849315,2010-09-24
3918,0.011906513628048234,1.5621764299818413,-0.5096126076352762,2.3593827061998125,0.7058823529411765,17,2.744101199687822,HK50Cash,月初2日買,0.05644478490505181,-0.015534246575342463,-0.00030684931506849315,2010-09-24
3918,-0.01902809351244043,-2.4785630948233286,-0.26177210852404,-2.918920666340633,0.17647058823529413,17,-4.38541590480833,HK50Cash,月初2日売,0.05644478490505181,-0.015534246575342463,-0.00030684931506849315,2010-09-24
3918,-0.0029639211773504694,-0.1346173752289568,0.11510382789458681,-0.26437003279919474,0.4117647058823529,17,-0.6830966572270087,HK50Cash,常時買,0.05644478490505181,-0.015534246575342463,-0.00030684931506849315,2010-09-24
3918,-0.01290598777324683,-0.5861654656455844,-0.6931672909603854,-0.19617049290552402,0.4117647058823529,17,-2.974450593857711,HK50Cash,常時売,0.05644478490505181,-0.015534246575342463,-0.00030684931506849315,2010-09-24
3775,-0.015714352357961547,-0.7026952028141956,-0.8410977534886046,-0.11745439010881392,0.3125,16,-3.7076050094565516,IT40Cash,MA5/20,0.02854858969966884,-0.028843835616438353,-0.0017260273972602737,2011-09-21
3775,-0.050572366485887685,-2.2994615248413086,-1.5561555444794826,-1.7025207133958602,0.125,16,-11.931917717764122,IT40Cash,MA10/50,0.02854858969966884,-0.028843835616438353,-0.0017260273972602737,2011-09-21
3775,-0.028306247302864705,-1.3002882030145129,-0.7677503833664884,-1.0793706987094158,0.5,16,-6.678505223019639,IT40Cash,MA20/100,0.02854858969966884,-0.028843835616438353,-0.0017260273972602737,2011-09-21
3775,-0.004762932221853239,-0.22441507963401394,-0.09084788165627376,-0.22653674139886326,0.625,16,-1.1237543210934957,IT40Cash,MA50/200,0.02854858969966884,-0.028843835616438353,-0.0017260273972602737,2011-09-21
3775,-0.03682941022222232,-1.6476153920586765,-1.1463413741577833,-1.1884455046880738,0.1875,16,-8.689438974305576,IT40Cash,モメ20,0.02854858969966884,-0.028843835616438353,-0.0017260273972602737,2011-09-21
3775,-0.027084562218320642,-1.2374098852957107,-0.752324168553727,-1.006051142532839,0.375,16,-6.390263898385026,IT40Cash,モメ60,0.02854858969966884,-0.028843835616438353,-0.0017260273972602737,2011-09-21
3775,-0.007285659645075744,-0.33567197402946236,-0.4070548433681372,-0.059953030712077436,0.4375,16,-1.7189603225100547,IT40Cash,モメ120,0.02854858969966884,-0.028843835616438353,-0.0017260273972602737,2011-09-21
3775,-0.02881083632498668,-1.383028359439062,-1.144354781552514,-0.817633711316183,0.5,16,-6.797556695426545,IT40Cash,モメ250,0.02854858969966884,-0.028843835616438353,-0.0017260273972602737,2011-09-21
3775,0.01677812704577018,1.2599410228627437,1.9669345779743261,-0.3191111333601781,0.75,16,3.958589349861402,IT40Cash,逆張z1_1日,0.02854858969966884,-0.028843835616438353,-0.0017260273972602737,2011-09-21
3775,-0.040553121244814874,-3.0353602149091787,-3.1444091231552096,-1.02784935131636,0.1875,16,-9.56800204369851,IT40Cash,順張z1_1日,0.02854858969966884,-0.028843835616438353,-0.0017260273972602737,2011-09-21
3775,0.015825726519592243,0.8483165919121832,0.7942614932313738,0.39009797288863074,0.625,16,3.7338823507162937,IT40Cash,逆張z1_3日,0.02854858969966884,-0.028843835616438353,-0.0017260273972602737,2011-09-21
3775,-0.0471134472142176,-2.5234170168823566,-1.9291422208987348,-1.6299420025972773,0.25,16,-11.115828952104465,IT40Cash,順張z1_3日,0.02854858969966884,-0.028843835616438353,-0.0017260273972602737,2011-09-21
3775,0.023208501151172834,1.1368705492758853,1.2588404723484339,0.3041509558869586,0.625,16,5.475755740354839,IT40Cash,逆張z1_5日,0.02854858969966884,-0.028843835616438353,-0.0017260273972602737,2011-09-21
3775,-0.05842247453241914,-2.85996166907154,-2.4223599567928855,-1.5861628173122273,0.25,16,-13.78405258499264,IT40Cash,順張z1_5日,0.02854858969966884,-0.028843835616438353,-0.0017260273972602737,2011-09-21
3775,-0.04880390240161011,-2.19346842389697,-2.0570223545556168,-0.9998873668593418,0.25,16,-11.514670722879885,IT40Cash,ドンチャン20,0.02854858969966884,-0.028843835616438353,-0.0017260273972602737,2011-09-21
3775,-0.01546284764322988,-0.7093777941143814,-0.6587884125208073,-0.3361093156723114,0.375,16,-3.648265615824547,IT40Cash,ドンチャン55,0.02854858969966884,-0.028843835616438353,-0.0017260273972602737,2011-09-21
3775,-0.019296703540648698,-1.826527271893557,-2.493587084401658,0.09611452206374867,0.3125,16,-4.552815991621802,IT40Cash,月曜買,0.02854858969966884,-0.028843835616438353,-0.0017260273972602737,2011-09-21
3775,0.0019409815418270139,0.18408384512752787,1.4201899027305964,-1.3575044790931727,0.4375,16,0.4579503325248104,IT40Cash,月曜売,0.02854858969966884,-0.028843835616438353,-0.0017260273972602737,2011-09-21
3775,0.011415451136319825,1.211041245787689,0.6297660764539635,1.1115700301791223,0.75,16,2.6933330024754594,IT40Cash,火曜買,0.02854858969966884,-0.028843835616438353,-0.0017260273972602737,2011-09-21
3775,-0.02900340371107009,-3.0647122696390525,-1.866111350623403,-2.5079834791659503,0.1875,16,-6.8429905630806,IT40Cash,火曜売,0.02854858969966884,-0.028843835616438353,-0.0017260273972602737,2011-09-21
3775,0.015084954407139351,1.5390291993268412,0.7553954926035052,1.477584712766192,0.75,16,3.5591064304344417,IT40Cash,水曜買,0.02854858969966884,-0.028843835616438353,-0.0017260273972602737,2011-09-21
3775,-0.03275770123530378,-3.326748107355966,-1.943733876340906,-2.83371443267222,0.0,16,-7.728770135204485,IT40Cash,水曜売,0.02854858969966884,-0.028843835616438353,-0.0017260273972602737,2011-09-21
3775,-0.012398040518334255,-1.1660455068531625,-0.1607491239725705,-1.5066820278610356,0.5,16,-2.925162684794488,IT40Cash,木曜買,0.02854858969966884,-0.028843835616438353,-0.0017260273972602737,2011-09-21
3775,-0.005236358171601726,-0.49279068736071346,-0.9974967877736117,0.32054310974488454,0.375,16,-1.2354532561122817,IT40Cash,木曜売,0.02854858969966884,-0.028843835616438353,-0.0017260273972602737,2011-09-21
3775,-0.008100614519835259,-0.8115643690429899,-0.14271872714248646,-1.0903428068647858,0.3125,16,-1.9112387382736313,IT40Cash,金曜買,0.02854858969966884,-0.028843835616438353,-0.0017260273972602737,2011-09-21
3775,-0.009270232559622015,-0.9286416474410505,-0.9998079004888827,-0.2535143230029595,0.4375,16,-2.1871954945358194,IT40Cash,金曜売,0.02854858969966884,-0.028843835616438353,-0.0017260273972602737,2011-09-21
3775,0.00184687484232223,0.2897341758134048,0.3705012129182301,-0.023610204175740706,0.5,16,0.4357470331104015,IT40Cash,月末2日買,0.02854858969966884,-0.028843835616438353,-0.0017260273972602737,2011-09-21
3775,-0.007515982095895488,-1.1758518795589006,-0.9155644519231549,-0.7417755350164675,0.375,16,-1.7733020257503416,IT40Cash,月末2日売,0.02854858969966884,-0.028843835616438353,-0.0017260273972602737,2011-09-21
3775,-0.0011692020101198434,-0.15862314936495164,-1.4025473308103233,1.5252444321200729,0.5,16,-0.27585859926265044,IT40Cash,月初2日買,0.02854858969966884,-0.028843835616438353,-0.0017260273972602737,2011-09-21
3775,-0.004499905243453414,-0.609690598460725,0.9051974880945008,-2.128169509758011,0.5,16,-1.0616963933772896,IT40Cash,月初2日売,0.02854858969966884,-0.028843835616438353,-0.0017260273972602737,2011-09-21
3775,0.015223386503038642,0.6745116092028415,0.11742042835773121,0.8831598181752083,0.6875,16,3.5917677530606844,IT40Cash,常時買,0.02854858969966884,-0.028843835616438353,-0.0017260273972602737,2011-09-21
3775,-0.045808374597372886,-2.029678325320281,-1.024041202026546,-1.9028178794065511,0.1875,16,-10.80791338156767,IT40Cash,常時売,0.02854858969966884,-0.028843835616438353,-0.0017260273972602737,2011-09-21
3834,-0.012171920830686623,-0.6900354836936479,-1.5260987180441998,0.39440594820173386,0.4375,16,-2.916696529053283,NETH25Cash,MA5/20,0.08189784608664791,-0.0006136986301369863,-3.8356164383561644e-05,2011-09-21
3834,-0.028411415301776224,-1.6337433374288308,-1.8192697234468174,-0.6170169156039432,0.5,16,-6.808085391688128,NETH25Cash,MA10/50,0.08189784608664791,-0.0006136986301369863,-3.8356164383561644e-05,2011-09-21
3834,-0.021202461584396294,-1.2279716966468244,-1.3385199045409562,-0.49545236681440746,0.4375,16,-5.080639857160963,NETH25Cash,MA20/100,0.08189784608664791,-0.0006136986301369863,-3.8356164383561644e-05,2011-09-21
3834,-0.002274258164882492,-0.13389006721101762,0.4469007294420368,-0.516656558604738,0.4375,16,-0.544969112759969,NETH25Cash,MA50/200,0.08189784608664791,-0.0006136986301369863,-3.8356164383561644e-05,2011-09-21
3834,-0.01450563168103052,-0.8227737587712667,-1.1584538493666974,-0.09349809278971442,0.5,16,-3.47591199156694,NETH25Cash,モメ20,0.08189784608664791,-0.0006136986301369863,-3.8356164383561644e-05,2011-09-21
3834,-0.01737612286680402,-1.004034985823959,-1.0627132720454548,-0.4286213890705981,0.5,16,-4.1637534419579145,NETH25Cash,モメ60,0.08189784608664791,-0.0006136986301369863,-3.8356164383561644e-05,2011-09-21
3834,-0.016933023501990344,-0.9831510768884562,-1.3805048802640172,-0.15082866366199044,0.375,16,-4.057575756664437,NETH25Cash,モメ120,0.08189784608664791,-0.0006136986301369863,-3.8356164383561644e-05,2011-09-21
3834,-0.014601549250681816,-0.8647266242020333,0.25453340577269673,-1.283157211295821,0.5,16,-3.4988962391946306,NETH25Cash,モメ250,0.08189784608664791,-0.0006136986301369863,-3.8356164383561644e-05,2011-09-21
3834,-0.0001528998097040463,-0.01354433186257999,-1.3785454914677067,1.0241217028928602,0.5625,16,-0.036638616900332766,NETH25Cash,逆張z1_1日,0.08189784608664791,-0.0006136986301369863,-3.8356164383561644e-05,2011-09-21
3834,-0.041654645173201894,-3.6682432144322656,-1.6797987060822428,-3.3265164409202272,0.125,16,-9.981494349628505,NETH25Cash,順張z1_1日,0.08189784608664791,-0.0006136986301369863,-3.8356164383561644e-05,2011-09-21
3834,0.0021690052383629634,0.14613173398855933,-1.454570675281053,1.4268018762925252,0.5625,16,0.5197478802427261,NETH25Cash,逆張z1_3日,0.08189784608664791,-0.0006136986301369863,-3.8356164383561644e-05,2011-09-21
3834,-0.035603572354672375,-2.3919543334092643,-0.22604044322519423,-2.9458673641752986,0.25,16,-8.531506025488367,NETH25Cash,順張z1_3日,0.08189784608664791,-0.0006136986301369863,-3.8356164383561644e-05,2011-09-21
3834,0.012174649397735715,0.7570901638455281,-0.8680182890193396,1.7468280474297744,0.5625,16,2.9173503619324213,NETH25Cash,逆張z1_5日,0.08189784608664791,-0.0006136986301369863,-3.8356164383561644e-05,2011-09-21
3834,-0.04237674185960237,-2.6291849194915136,-0.49961822178691945,-3.03982826009284,0.25,16,-10.154526768107218,NETH25Cash,順張z1_5日,0.08189784608664791,-0.0006136986301369863,-3.8356164383561644e-05,2011-09-21
3834,-0.02720204816053894,-1.543775433062858,-1.4799499764877044,-0.7669236982760156,0.25,16,-6.518290790469145,NETH25Cash,ドンチャン20,0.08189784608664791,-0.0006136986301369863,-3.8356164383561644e-05,2011-09-21
3834,-0.022132756072340366,-1.2794888014824308,-1.591805452233394,-0.35379872333464385,0.3125,16,-5.303561673834561,NETH25Cash,ドンチャン55,0.08189784608664791,-0.0006136986301369863,-3.8356164383561644e-05,2011-09-21
3834,-0.01246438851221742,-1.5227979136926537,-1.8911253557163106,-0.4072611279941269,0.25,16,-2.9867790972400985,NETH25Cash,月曜買,0.08189784608664791,-0.0006136986301369863,-3.8356164383561644e-05,2011-09-21
3834,-0.020090603649642953,-2.4497141797866866,-1.2325661935220082,-2.159294075269492,0.1875,16,-4.814210899545692,NETH25Cash,月曜売,0.08189784608664791,-0.0006136986301369863,-3.8356164383561644e-05,2011-09-21
3834,-0.0018054309121321931,-0.24624462345667403,0.44737440254808686,-0.763121887080919,0.4375,16,-0.43262638231967654,NETH25Cash,火曜買,0.08189784608664791,-0.0006136986301369863,-3.8356164383561644e-05,2011-09-21
3834,-0.0313071566358997,-4.230425832588657,-3.645221552383228,-2.3675828656974294,0.0625,16,-7.501977408877465,NETH25Cash,火曜売,0.08189784608664791,-0.0006136986301369863,-3.8356164383561644e-05,2011-09-21
3834,0.0015087215196790261,0.1964505457093893,-0.4560730642020552,0.6330826630123052,0.5,16,0.3615273941530867,NETH25Cash,水曜買,0.08189784608664791,-0.0006136986301369863,-3.8356164383561644e-05,2011-09-21
3834,-0.03457841711492849,-4.455972506592974,-2.8974200276964397,-3.385919861881691,0.125,16,-8.28585320116474,NETH25Cash,水曜売,0.08189784608664791,-0.0006136986301369863,-3.8356164383561644e-05,2011-09-21
3834,-0.014512519977536973,-1.687428160452711,-0.7319614355428432,-1.5822969924276726,0.4375,16,-3.4775625996172974,NETH25Cash,木曜買,0.08189784608664791,-0.0006136986301369863,-3.8356164383561644e-05,2011-09-21
3834,-0.018642959523277342,-2.1656205493214844,-2.2976314689157373,-0.9101910971451356,0.375,16,-4.467319175765333,NETH25Cash,木曜売,0.08189784608664791,-0.0006136986301369863,-3.8356164383561644e-05,2011-09-21
3834,-0.013219843309971592,-1.6704539085274253,-1.2333555044600746,-1.131662782411278,0.375,16,-3.167804953151943,NETH25Cash,金曜買,0.08189784608664791,-0.0006136986301369863,-3.8356164383561644e-05,2011-09-21
3834,-0.019335148851888778,-2.439087358777505,-1.75286986143747,-1.6982304901777994,0.125,16,-4.633185043633849,NETH25Cash,金曜売,0.08189784608664791,-0.0006136986301369863,-3.8356164383561644e-05,2011-09-21
3834,-0.0032122186249899085,-0.6096906264730046,-0.19545606168186844,-0.6814593556552527,0.5,16,-0.7697278880132064,NETH25Cash,月末2日買,0.08189784608664791,-0.0006136986301369863,-3.8356164383561644e-05,2011-09-21
3834,-0.004582007801453228,-0.8649392934547115,-0.815486991444097,-0.39809932225515726,0.3125,16,-1.0979636194232298,NETH25Cash,月末2日売,0.08189784608664791,-0.0006136986301369863,-3.8356164383561644e-05,2011-09-21
3834,0.0029769738702542406,0.5510891263523893,-1.0717690205066397,1.7641999949120546,0.5,16,0.7133573636596726,NETH25Cash,月初2日買,0.08189784608664791,-0.0006136986301369863,-3.8356164383561644e-05,2011-09-21
3834,-0.010771200296697377,-1.974941884151819,0.012189881248869782,-2.7125778542859327,0.375,16,-2.581048871096109,NETH25Cash,月初2日売,0.08189784608664791,-0.0006136986301369863,-3.8356164383561644e-05,2011-09-21
3834,0.04138302395391411,2.327711529274365,1.738575408190918,1.5720918387794034,0.875,16,9.916407114956668,NETH25Cash,常時買,0.08189784608664791,-0.0006136986301369863,-3.8356164383561644e-05,2011-09-21
3834,-0.042077800629544,-2.366984529679911,-1.7704786631536862,-1.59641207546621,0.125,16,-10.082892975854481,NETH25Cash,常時売,0.08189784608664791,-0.0006136986301369863,-3.8356164383561644e-05,2011-09-21
3759,-0.021303407627599587,-1.3404491761932864,-2.0866827780975337,0.042390140417265354,0.3125,16,-5.004969329509178,SWI20Cash,MA5/20,0.03625920983929918,-0.004334246575342465,-0.00444931506849315,2011-08-22
3759,-0.04751691275717605,-3.011422236046881,-3.314782089578254,-1.1223682230133265,0.1875,16,-11.163504690889047,SWI20Cash,MA10/50,0.03625920983929918,-0.004334246575342465,-0.00444931506849315,2011-08-22
3759,-0.03307954032454668,-2.1078682363973633,-1.8805649938628584,-1.1679798921532136,0.1875,16,-7.7716245049981865,SWI20Cash,MA20/100,0.03625920983929918,-0.004334246575342465,-0.00444931506849315,2011-08-22
3759,-0.005294193080382506,-0.34057661439521253,0.034187284038879565,-0.47070605280893907,0.4375,16,-1.2438044868223663,SWI20Cash,MA50/200,0.03625920983929918,-0.004334246575342465,-0.00444931506849315,2011-08-22
3759,-0.027082828569624403,-1.7042379318539578,-1.6099019842461129,-0.8562999239945674,0.3125,16,-6.362772037076134,SWI20Cash,モメ20,0.03625920983929918,-0.004334246575342465,-0.00444931506849315,2011-08-22
3759,-0.02566829517640409,-1.630323080131077,-0.5398325561889686,-1.684039310756972,0.4375,16,-6.030445098006436,SWI20Cash,モメ60,0.03625920983929918,-0.004334246575342465,-0.00444931506849315,2011-08-22
3759,-0.006485341361149978,-0.41381012460617805,-0.6689687367415765,0.02388949570494322,0.5,16,-1.523649886035175,SWI20Cash,モメ120,0.03625920983929918,-0.004334246575342465,-0.00444931506849315,2011-08-22
3759,-0.023078466089290497,-1.4894538361204448,-0.4431067214068585,-1.5644730807802347,0.4375,16,-5.421997126852687,SWI20Cash,モメ250,0.03625920983929918,-0.004334246575342465,-0.00444931506849315,2011-08-22
3759,-0.011758774039353704,-1.1709938672799776,-1.9658279285233167,-0.05422988001860604,0.3125,16,-2.7625769758706613,SWI20Cash,逆張z1_1日,0.03625920983929918,-0.004334246575342465,-0.00444931506849315,2011-08-22
3759,-0.009414758566604214,-0.9379658273595105,0.1642073521933879,-1.2575105614600215,0.3125,16,-2.2118798407415774,SWI20Cash,順張z1_1日,0.03625920983929918,-0.004334246575342465,-0.00444931506849315,2011-08-22
3759,-0.009947898080998527,-0.7417552738316261,-1.6773891320820145,0.426949452741142,0.3125,16,-2.337134305404591,SWI20Cash,逆張z1_3日,0.03625920983929918,-0.004334246575342465,-0.00444931506849315,2011-08-22
3759,-0.010088159993796144,-0.7524383473701056,0.5436169221042675,-1.4268794749107079,0.375,16,-2.3700870885424816,SWI20Cash,順張z1_3日,0.03625920983929918,-0.004334246575342465,-0.00444931506849315,2011-08-22
3759,-0.013490956506030686,-0.9144951625557415,-1.5885113761848253,0.17228878532807657,0.4375,16,-3.1695315941355826,SWI20Cash,逆張z1_5日,0.03625920983929918,-0.004334246575342465,-0.00444931506849315,2011-08-22
3759,-0.006408481903898062,-0.43430367080303245,0.5991501263087711,-1.0982946004510556,0.25,16,-1.5055927172970514,SWI20Cash,順張z1_5日,0.03625920983929918,-0.004334246575342465,-0.00444931506849315,2011-08-22
3759,-0.02682156374068104,-1.6880076829774198,-1.987326464044237,-0.5056917500900158,0.125,16,-6.301391131326251,SWI20Cash,ドンチャン20,0.03625920983929918,-0.004334246575342465,-0.00444931506849315,2011-08-22
3759,-0.04088332457274223,-2.599728760417404,-2.5089801475819,-1.276220132653971,0.375,16,-9.605026066808627,SWI20Cash,ドンチャン55,0.03625920983929918,-0.004334246575342465,-0.00444931506849315,2011-08-22
3759,-0.0072956276299346754,-1.032258667153937,-0.54917654687555,-0.880414655264952,0.375,16,-1.7140165163077783,SWI20Cash,月曜買,0.03625920983929918,-0.004334246575342465,-0.00444931506849315,2011-08-22
3759,-0.008558150584841613,-1.210626675801997,-1.2735468637400746,-0.5423210717141086,0.25,16,-2.010630503026227,SWI20Cash,月曜売,0.03625920983929918,-0.004334246575342465,-0.00444931506849315,2011-08-22
3759,0.0023504519179957392,0.3395459699417027,0.8400078735324915,-0.3240784934710627,0.625,16,0.552209297484124,SWI20Cash,火曜買,0.03625920983929918,-0.004334246575342465,-0.00444931506849315,2011-08-22
3759,-0.018853088722735587,-2.7131837379217445,-2.5523504360632248,-1.320865388223115,0.125,16,-4.429297531797692,SWI20Cash,火曜売,0.03625920983929918,-0.004334246575342465,-0.00444931506849315,2011-08-22
3759,0.008511441328630144,1.283623510175913,0.5822273673143503,1.1916398518876936,0.75,16,1.9996567471450442,SWI20Cash,水曜買,0.03625920983929918,-0.004334246575342465,-0.00444931506849315,2011-08-22
3759,-0.02501407813336999,-3.7478535947409255,-2.4704214972611354,-2.8182314121776497,0.0625,16,-5.876744981458613,SWI20Cash,水曜売,0.03625920983929918,-0.004334246575342465,-0.00444931506849315,2011-08-22
3759,-0.013225346783576722,-1.6516985984412893,-0.7821779187130457,-1.5517701621383115,0.375,16,-3.1071299099665564,SWI20Cash,木曜買,0.03625920983929918,-0.004334246575342465,-0.00444931506849315,2011-08-22
3759,-0.0029744893458467972,-0.37199614150648724,-0.6611454202795236,0.13431389984596184,0.25,16,-0.6988190906898822,SWI20Cash,木曜売,0.03625920983929918,-0.004334246575342465,-0.00444931506849315,2011-08-22
3759,0.0005931753385376158,0.0836774446344857,-0.23116438123421826,0.308016681924515,0.5625,16,0.13935913109768072,SWI20Cash,金曜買,0.03625920983929918,-0.004334246575342465,-0.00444931506849315,2011-08-22
3759,-0.01683626870729204,-2.367942692545931,-1.5336977679081603,-1.8037975966713096,0.25,16,-3.9554708794194235,SWI20Cash,金曜売,0.03625920983929918,-0.004334246575342465,-0.00444931506849315,2011-08-22
3759,-0.0034630664014969493,-0.7611978842050703,-0.34196811913405756,-0.7463782121053395,0.4375,16,-0.8136041627016899,SWI20Cash,月末2日買,0.03625920983929918,-0.004334246575342465,-0.00444931506849315,2011-08-22
3759,-0.0008986172430524143,-0.19668925139427876,-0.3164704151266853,0.048057086652487126,0.375,16,-0.21111888853962635,SWI20Cash,月末2日売,0.03625920983929918,-0.004334246575342465,-0.00444931506849315,2011-08-22
3759,0.010767971969368982,2.113654417164599,1.4641381005324747,1.5245540868202185,0.625,16,2.5298004145536246,SWI20Cash,月初2日買,0.03625920983929918,-0.004334246575342465,-0.00444931506849315,2011-08-22
3759,-0.015129655613918344,-2.9467243790355457,-2.0576586376774872,-2.1090997871736605,0.3125,16,-3.5545234657949405,SWI20Cash,月初2日売,0.03625920983929918,-0.004334246575342465,-0.00444931506849315,2011-08-22
3759,0.027183658038660963,1.6981242078468939,1.5741822137928974,0.8723751608296664,0.75,16,6.3864606604579075,SWI20Cash,常時買,0.03625920983929918,-0.004334246575342465,-0.00444931506849315,2011-08-22
3759,-0.0359865116270772,-2.247980108281981,-1.9886330851246767,-1.2395422261738667,0.1875,16,-8.454581075386447,SWI20Cash,常時売,0.03625920983929918,-0.004334246575342465,-0.00444931506849315,2011-08-22
3862,-0.0002898465564034676,-0.014113111711668824,-1.4793856066389621,0.952613314884756,0.5,16,-0.06996171255188344,US100Cash,MA5/20,0.0098744817173971,-0.017682191780821917,0.0019945205479452053,2011-09-20
3862,-0.001763602168635857,-0.08641398808193666,-0.3019559836005796,0.09108096665170684,0.4375,16,-0.4256894734544756,US100Cash,MA10/50,0.0098744817173971,-0.017682191780821917,0.0019945205479452053,2011-09-20
3862,0.0014941604377738023,0.07343399555625202,-0.37432444196935344,0.3246679945756,0.4375,16,0.3606529756676574,US100Cash,MA20/100,0.0098744817173971,-0.017682191780821917,0.0019945205479452053,2011-09-20
3862,0.031209628767121262,1.5484151856558896,0.39574656183935303,1.5746390017823078,0.625,16,7.533224143663901,US100Cash,MA50/200,0.0098744817173971,-0.017682191780821917,0.0019945205479452053,2011-09-20
3862,0.0006107341565153842,0.02973904854406069,-0.36150379495474605,0.27242059706654403,0.4375,16,0.1474159570289073,US100Cash,モメ20,0.0098744817173971,-0.017682191780821917,0.0019945205479452053,2011-09-20
3862,0.005723708438167801,0.28088050303351936,0.6397000070097528,-0.07504584813361605,0.375,16,1.3815601242627578,US100Cash,モメ60,0.0098744817173971,-0.017682191780821917,0.0019945205479452053,2011-09-20
3862,0.018560837384443897,0.9130928475087385,1.1845917396044938,0.33084633446261824,0.5625,16,4.480122123670151,US100Cash,モメ120,0.0098744817173971,-0.017682191780821917,0.0019945205479452053,2011-09-20
3862,0.012056503707825272,0.6001985312019619,0.3764704773024833,0.473563531252608,0.5625,16,2.9101385824763306,US100Cash,モメ250,0.0098744817173971,-0.017682191780821917,0.0019945205479452053,2011-09-20
3862,0.015409833524202138,1.2154257918823737,-0.16917629265347803,1.5107371370657066,0.5625,16,3.7195485669042916,US100Cash,逆張z1_1日,0.0098744817173971,-0.017682191780821917,0.0019945205479452053,2011-09-20
3862,-0.025536798108365264,-2.01274548684782,-0.5828421702599997,-1.9928388802984804,0.375,16,-6.163944643406666,US100Cash,順張z1_1日,0.0098744817173971,-0.017682191780821917,0.0019945205479452053,2011-09-20
3862,0.004815731850913946,0.2769976414475638,-0.2450248483964233,0.49194671363061465,0.5,16,1.162397275514357,US100Cash,逆張z1_3日,0.0098744817173971,-0.017682191780821917,0.0019945205479452053,2011-09-20
3862,-0.019225816851806465,-1.1057254451922036,-0.48744347823806494,-1.002518932463844,0.3125,16,-4.640631542604783,US100Cash,順張z1_3日,0.0098744817173971,-0.017682191780821917,0.0019945205479452053,2011-09-20
3862,-0.00390918925132255,-0.20778346657664504,-0.6095222444815579,0.1573041269138325,0.4375,16,-0.943580555537977,US100Cash,逆張z1_5日,0.0098744817173971,-0.017682191780821917,0.0019945205479452053,2011-09-20
3862,-0.012370040362869074,-0.6574233164844144,-0.15058563738862474,-0.689926706936074,0.375,16,-2.98581849258752,US100Cash,順張z1_5日,0.0098744817173971,-0.017682191780821917,0.0019945205479452053,2011-09-20
3862,-0.019074118122742272,-0.929242004025751,-1.5796822451751547,-0.07727164360045466,0.375,16,-4.604015261876913,US100Cash,ドンチャン20,0.0098744817173971,-0.017682191780821917,0.0019945205479452053,2011-09-20
3862,-0.010856331043945334,-0.5330699415286477,-0.08480805649241442,-0.5779178674466329,0.4375,16,-2.6204469057322997,US100Cash,ドンチャン55,0.0098744817173971,-0.017682191780821917,0.0019945205479452053,2011-09-20
3862,0.021386380660397195,2.354407463768431,0.5259017869369008,2.4856308691871942,0.6875,16,5.162137631903373,US100Cash,月曜買,0.0098744817173971,-0.017682191780821917,0.0019945205479452053,2011-09-20
3862,-0.028433334421342618,-3.1232748069964225,-1.216734965433455,-2.946954463665344,0.25,16,-6.863096095951574,US100Cash,月曜売,0.0098744817173971,-0.017682191780821917,0.0019945205479452053,2011-09-20
3862,0.012745407233106769,1.4870120196547647,2.0656216719292364,0.42183732616007236,0.75,16,3.0764226708911457,US100Cash,火曜買,0.0098744817173971,-0.017682191780821917,0.0019945205479452053,2011-09-20
3862,-0.019865766762395373,-2.313983775587277,-2.807344474606968,-0.9207708482159562,0.1875,16,-4.795099452273183,US100Cash,火曜売,0.0098744817173971,-0.017682191780821917,0.0019945205479452053,2011-09-20
3862,0.018645820258092954,1.945796537038014,1.1818373738073524,1.5512266709168727,0.6875,16,4.5006348647971866,US100Cash,水曜買,0.0098744817173971,-0.017682191780821917,0.0019945205479452053,2011-09-20
3862,-0.02575700406633866,-2.683133722992436,-1.8542758188011623,-1.9907532211930334,0.1875,16,-6.2170968565124936,US100Cash,水曜売,0.0098744817173971,-0.017682191780821917,0.0019945205479452053,2011-09-20
3862,0.0002710259826612716,0.028276314319360996,0.6246844322212403,-0.35968409580101396,0.5625,16,0.06541889656486433,US100Cash,木曜買,0.0098744817173971,-0.017682191780821917,0.0019945205479452053,2011-09-20
3862,-0.0074005612329927795,-0.7718690532335053,-1.3219933155452017,-0.07914813577480381,0.4375,16,-1.7863104676136317,US100Cash,木曜売,0.0098744817173971,-0.017682191780821917,0.0019945205479452053,2011-09-20
3862,-0.0063639008220041605,-0.6861679097465355,-0.5525071033433214,-0.4478359069474932,0.375,16,-1.536086560911254,US100Cash,金曜買,0.0098744817173971,-0.017682191780821917,0.0019945205479452053,2011-09-20
3862,-0.0006647014968554708,-0.07168685721894072,-0.09853419448751928,-0.01746915070960378,0.5,16,-0.1604423238034895,US100Cash,金曜売,0.0098744817173971,-0.017682191780821917,0.0019945205479452053,2011-09-20
3862,0.006088643512182938,0.9894859906426343,0.35551052757695134,0.947970004167757,0.625,16,1.4696463277531564,US100Cash,月末2日買,0.0098744817173971,-0.017682191780821917,0.0019945205479452053,2011-09-20
3862,-0.008484681670649825,-1.377018875337416,-0.7123555462028592,-1.1789705606884684,0.375,16,-2.0479900382531016,US100Cash,月末2日売,0.0098744817173971,-0.017682191780821917,0.0019945205479452053,2011-09-20
3862,0.0047108597044819706,0.7675111886544439,0.09613142344560556,0.8933107830734874,0.625,16,1.1370837611693358,US100Cash,月初2日買,0.0098744817173971,-0.017682191780821917,0.0019945205479452053,2011-09-20
3862,-0.0071068978629488565,-1.1561035862496116,-0.4181789397269079,-1.1359354186461341,0.375,16,-1.7154274716692806,US100Cash,月初2日売,0.0098744817173971,-0.017682191780821917,0.0019945205479452053,2011-09-20
3862,0.0565566581985487,2.742155423913785,2.076001808873699,1.9110836502362938,0.8125,16,13.651363372674702,US100Cash,常時買,0.0098744817173971,-0.017682191780821917,0.0019945205479452053,2011-09-20
3862,-0.07224944309363023,-3.503018256987292,-2.761683820311877,-2.3681983209200137,0.0625,16,-17.43920932672499,US100Cash,常時売,0.0098744817173971,-0.017682191780821917,0.0019945205479452053,2011-09-20
1598,0.0012521076747485052,0.06203623528839529,0.4625402651371278,-0.3874912456339283,0.5714285714285714,7,0.2858382948925904,CA60Cash,MA5/20,0.08776950963556573,-0.0011506849315068492,-0.00015342465753424657,2020-04-30
1598,0.0008935527381278064,0.04505067153351058,-0.7318353865954397,0.7934252083762862,0.7142857142857143,7,0.20398532507546246,CA60Cash,MA10/50,0.08776950963556573,-0.0011506849315068492,-0.00015342465753424657,2020-04-30
1598,0.007462094459812044,0.382387751164618,-0.3154251096703054,0.8346631690050667,0.5714285714285714,7,1.703489563825665,CA60Cash,MA20/100,0.08776950963556573,-0.0011506849315068492,-0.00015342465753424657,2020-04-30
1598,0.03454149277750596,1.8427830673421213,0.5007099160431323,2.01939440222458,0.7142857142857143,7,7.885329351207791,CA60Cash,MA50/200,0.08776950963556573,-0.0011506849315068492,-0.00015342465753424657,2020-04-30
1598,-0.019629470370643998,-0.9729053660352411,-0.6224781638676914,-0.7553869884597995,0.2857142857142857,7,-4.481127664612728,CA60Cash,モメ20,0.08776950963556573,-0.0011506849315068492,-0.00015342465753424657,2020-04-30
1598,0.012871915972643644,0.6525624806236066,-0.39636368314438525,1.312352382579478,0.5714285714285714,7,2.938474532040652,CA60Cash,モメ60,0.08776950963556573,-0.0011506849315068492,-0.00015342465753424657,2020-04-30
1598,0.0371202336563917,1.918502445080915,1.1500845733053002,1.5528583660902535,0.8571428571428571,7,8.474019054701992,CA60Cash,モメ120,0.08776950963556573,-0.0011506849315068492,-0.00015342465753424657,2020-04-30
1598,0.023303281960943754,1.2618529550194002,-0.24388813363227627,1.8723097784705665,0.5714285714285714,7,5.319806367655447,CA60Cash,モメ250,0.08776950963556573,-0.0011506849315068492,-0.00015342465753424657,2020-04-30
1598,-0.022406181892498992,-1.7125556584145278,-1.972181897095618,-0.48898475733774016,0.2857142857142857,7,-5.115011237744769,CA60Cash,逆張z1_1日,0.08776950963556573,-0.0011506849315068492,-0.00015342465753424657,2020-04-30
1598,-0.021828428273549718,-1.6692868364260511,-0.38023209118914436,-1.9355615245681423,0.2857142857142857,7,-4.983118340161779,CA60Cash,順張z1_1日,0.08776950963556573,-0.0011506849315068492,-0.00015342465753424657,2020-04-30
1598,-0.02825523363736393,-1.6354672078201933,-1.4990539285206717,-0.8016477998554024,0.42857142857142855,7,-6.4502661932153655,CA60Cash,逆張z1_3日,0.08776950963556573,-0.0011506849315068492,-0.00015342465753424657,2020-04-30
1598,-0.006183686695231048,-0.3573549701327405,0.17614602221749198,-0.6977277592314187,0.5714285714285714,7,-1.411647334139887,CA60Cash,順張z1_3日,0.08776950963556573,-0.0011506849315068492,-0.00015342465753424657,2020-04-30
1598,-0.03454150080298525,-1.8490983488750175,-1.2716829540030399,-1.34463705301521,0.2857142857142857,7,-7.885331183310063,CA60Cash,逆張z1_5日,0.08776950963556573,-0.0011506849315068492,-0.00015342465753424657,2020-04-30
1598,0.0033144926260863647,0.17735043815333545,0.13532427181936318,0.11501232510918348,0.5714285714285714,7,0.7566513166408585,CA60Cash,順張z1_5日,0.08776950963556573,-0.0011506849315068492,-0.00015342465753424657,2020-04-30
1598,-0.0014739691060199065,-0.07302462039935508,-0.3352751836400671,0.24041728773775853,0.42857142857142855,7,-0.33648609020282766,CA60Cash,ドンチャン20,0.08776950963556573,-0.0011506849315068492,-0.00015342465753424657,2020-04-30
1598,0.010150502754170752,0.512775338242224,0.20126314627450714,0.5224488786267785,0.42857142857142855,7,2.3172147715949825,CA60Cash,ドンチャン55,0.08776950963556573,-0.0011506849315068492,-0.00015342465753424657,2020-04-30
1598,0.011072423680422492,1.4448068951665822,1.0683373733166204,0.9762299275570703,0.8571428571428571,7,2.5276761487593054,CA60Cash,月曜買,0.08776950963556573,-0.0011506849315068492,-0.00015342465753424657,2020-04-30
1598,-0.043165356952919384,-5.41061893264498,-3.607838683232133,-4.134665589745241,0.0,7,-9.854034344395027,CA60Cash,月曜売,0.08776950963556573,-0.0011506849315068492,-0.00015342465753424657,2020-04-30
1598,-0.012821111001467421,-1.477631929607175,-0.682535150398974,-1.4313249049941674,0.2857142857142857,7,-2.9268764829064198,CA60Cash,火曜買,0.08776950963556573,-0.0011506849315068492,-0.00015342465753424657,2020-04-30
1598,-0.023477103182598033,-2.6890383434491754,-2.1632661150052,-1.6216464711068754,0.2857142857142857,7,-5.359487269398808,CA60Cash,火曜売,0.08776950963556573,-0.0011506849315068492,-0.00015342465753424657,2020-04-30
1598,-0.0029619817935434083,-0.31489491822980903,-1.2106144181669694,0.7345169312341966,0.2857142857142857,7,-0.676178129440338,CA60Cash,水曜買,0.08776950963556573,-0.0011506849315068492,-0.00015342465753424657,2020-04-30
1598,-0.03333623239052205,-3.491696104477121,-1.5757844034342454,-3.317132868026337,0.0,7,-7.610185622864891,CA60Cash,水曜売,0.08776950963556573,-0.0011506849315068492,-0.00015342465753424657,2020-04-30
1598,-0.015489087605562925,-1.5319223534298225,-2.047848519618219,-0.023391701536543366,0.2857142857142857,7,-3.535937427669936,CA60Cash,木曜買,0.08776950963556573,-0.0011506849315068492,-0.00015342465753424657,2020-04-30
1598,-0.020919791865649073,-2.0642213190291807,-0.41008160341382416,-2.589557173645576,0.2857142857142857,7,-4.775689628758173,CA60Cash,木曜売,0.08776950963556573,-0.0011506849315068492,-0.00015342465753424657,2020-04-30
1598,-0.01398817339618264,-1.4471466228448033,-0.789620761918002,-1.262201967236528,0.14285714285714285,7,-3.19330015529998,CA60Cash,金曜買,0.08776950963556573,-0.0011506849315068492,-0.00015342465753424657,2020-04-30
1598,-0.02175671435215011,-2.2426188841318386,-1.7586721262360132,-1.407144386540532,0.14285714285714285,7,-4.966747076390839,CA60Cash,金曜売,0.08776950963556573,-0.0011506849315068492,-0.00015342465753424657,2020-04-30
1598,-0.006760543265233834,-0.9678887895402645,-1.494402674704981,0.2690757521889808,0.42857142857142855,7,-1.543335448263381,CA60Cash,月末2日買,0.08776950963556573,-0.0011506849315068492,-0.00015342465753424657,2020-04-30
1598,-0.0019341879546970937,-0.2740337709665431,0.6697704618975704,-1.22838795431722,0.42857142857142855,7,-0.4415474788008508,CA60Cash,月末2日売,0.08776950963556573,-0.0011506849315068492,-0.00015342465753424657,2020-04-30
1598,0.01386409189189323,1.890601830500086,2.8565758873070566,-0.20911171619420935,0.7142857142857143,7,3.1649741204636257,CA60Cash,月初2日買,0.08776950963556573,-0.0011506849315068492,-0.00015342465753424657,2020-04-30
1598,-0.02244897391328152,-3.019714620430893,-3.582578644830818,-0.6185504919476424,0.14285714285714285,7,-5.124780044774839,CA60Cash,月初2日売,0.08776950963556573,-0.0011506849315068492,-0.00015342465753424657,2020-04-30
1598,0.05352665491996049,2.6177119753872193,1.152033721169606,2.5972186483776114,0.8571428571428571,7,12.219370651728127,CA60Cash,常時買,0.08776950963556573,-0.0011506849315068492,-0.00015342465753424657,2020-04-30
1598,-0.05494061370754421,-2.6883354790604943,-1.2043781532406386,-2.643804999230288,0.14285714285714285,7,-12.54215724352224,CA60Cash,常時売,0.08776950963556573,-0.0011506849315068492,-0.00015342465753424657,2020-04-30
2334,-0.009918368775625826,-0.3230354805697149,-0.3690527322184697,-0.06985050414570396,0.3,10,-2.314947272231067,US2000Cash,MA5/20,0.03444344558452249,-0.002032876712328767,7.671232876712329e-05,2017-08-29
2334,-0.010763871684928908,-0.35094244390490087,-0.016812169746863847,-0.5109347587064117,0.5,10,-2.512287651262407,US2000Cash,MA10/50,0.03444344558452249,-0.002032876712328767,7.671232876712329e-05,2017-08-29
2334,-0.030285325539360045,-0.9900303009300592,-0.12867249184251514,-1.3471940169605316,0.3,10,-7.068594980886637,US2000Cash,MA20/100,0.03444344558452249,-0.002032876712328767,7.671232876712329e-05,2017-08-29
2334,-0.040168554474438255,-1.3262529054197112,-1.6771288532805448,-0.1227788571561212,0.5,10,-9.37534061433389,US2000Cash,MA50/200,0.03444344558452249,-0.002032876712328767,7.671232876712329e-05,2017-08-29
2334,-0.018826216875834106,-0.6130757543901494,-0.4057966739496432,-0.46657360285101007,0.4,10,-4.394039018819683,US2000Cash,モメ20,0.03444344558452249,-0.002032876712328767,7.671232876712329e-05,2017-08-29
2334,0.00652562909084971,0.21293001810164158,0.6391835558770402,-0.4012376057223445,0.6,10,1.5230818298043203,US2000Cash,モメ60,0.03444344558452249,-0.002032876712328767,7.671232876712329e-05,2017-08-29
2334,-0.028055855090902453,-0.9201957213038453,-0.08419647422301389,-1.2876846936920974,0.3,10,-6.548236578216634,US2000Cash,モメ120,0.03444344558452249,-0.002032876712328767,7.671232876712329e-05,2017-08-29
2334,-0.004718529447718674,-0.15617584908309154,-0.43701605197078125,0.2490297881372096,0.5,10,-1.101304773097541,US2000Cash,モメ250,0.03444344558452249,-0.002032876712328767,7.671232876712329e-05,2017-08-29
2334,0.002046898731106582,0.10242424052966484,0.681567134771347,-0.6649433717780723,0.6,10,0.47774616384027624,US2000Cash,逆張z1_1日,0.03444344558452249,-0.002032876712328767,7.671232876712329e-05,2017-08-29
2334,-0.02069461038382174,-1.0352873387310877,-1.298128914950919,-0.05274007637734762,0.3,10,-4.8301220635839925,US2000Cash,順張z1_1日,0.03444344558452249,-0.002032876712328767,7.671232876712329e-05,2017-08-29
2334,-0.016411664750061044,-0.6315821642535336,-1.2614662045882317,0.4870526205842275,0.7,10,-3.8304825526642476,US2000Cash,逆張z1_3日,0.03444344558452249,-0.002032876712328767,7.671232876712329e-05,2017-08-29
2334,0.0011344347126668536,0.043658262541063836,0.873174857722541,-0.9372689777794943,0.3,10,0.2647770619364449,US2000Cash,順張z1_3日,0.03444344558452249,-0.002032876712328767,7.671232876712329e-05,2017-08-29
2334,-0.011530718315493863,-0.40520615138008637,-1.1957828324425415,0.7716248109521154,0.5,10,-2.6912696548362662,US2000Cash,逆張z1_5日,0.03444344558452249,-0.002032876712328767,7.671232876712329e-05,2017-08-29
2334,-0.002414697263218917,-0.0848838257165411,0.8760280109918764,-1.153002362580377,0.3,10,-0.5635903412352957,US2000Cash,順張z1_5日,0.03444344558452249,-0.002032876712328767,7.671232876712329e-05,2017-08-29
2334,-0.010171954279959847,-0.33128056767313974,-0.13960846741058508,-0.34243886046677335,0.5,10,-2.3741341289426274,US2000Cash,ドンチャン20,0.03444344558452249,-0.002032876712328767,7.671232876712329e-05,2017-08-29
2334,-0.013289999902726956,-0.43357899021144475,-0.04939899329059698,-0.5985111233813254,0.5,10,-3.1018859772964715,US2000Cash,ドンチャン55,0.03444344558452249,-0.002032876712328767,7.671232876712329e-05,2017-08-29
2334,0.018572321482831434,1.3290435812654777,0.44399798885039843,1.76420821824522,0.7,10,4.334779834092858,US2000Cash,月曜買,0.03444344558452249,-0.002032876712328767,7.671232876712329e-05,2017-08-29
2334,-0.03265594520879951,-2.329452116942334,-1.0443697676083337,-2.671267684948469,0.2,10,-7.6218976117338055,US2000Cash,月曜売,0.03444344558452249,-0.002032876712328767,7.671232876712329e-05,2017-08-29
2334,0.0001559863286624187,0.012171675024569284,0.05856716365277513,-0.04496074385678114,0.5,10,0.036407209109808124,US2000Cash,火曜買,0.03444344558452249,-0.002032876712328767,7.671232876712329e-05,2017-08-29
2334,-0.014421725878673177,-1.1241237920585536,-0.8185140218032277,-0.7701794728982334,0.2,10,-3.366030820082319,US2000Cash,火曜売,0.03444344558452249,-0.002032876712328767,7.671232876712329e-05,2017-08-29
2334,-0.0045789566156000504,-0.3261006079332548,-0.42523366421769854,-0.03197161333097572,0.3,10,-1.0687284740810519,US2000Cash,水曜買,0.03444344558452249,-0.002032876712328767,7.671232876712329e-05,2017-08-29
2334,-0.009595725022389364,-0.6831698767224773,-0.2799954533096202,-0.6898696511410085,0.3,10,-2.239642220225677,US2000Cash,水曜売,0.03444344558452249,-0.002032876712328767,7.671232876712329e-05,2017-08-29
2334,-0.006166400383727761,-0.4277752212601452,-0.09561928492479117,-0.5452852466699731,0.6,10,-1.4392378495620597,US2000Cash,木曜買,0.03444344558452249,-0.002032876712328767,7.671232876712329e-05,2017-08-29
2334,-0.008099339166282997,-0.5618035903751831,-0.5588141425186354,-0.21119591325361753,0.4,10,-1.890385761410451,US2000Cash,木曜売,0.03444344558452249,-0.002032876712328767,7.671232876712329e-05,2017-08-29
2334,-0.0013186284310798115,-0.0987373062979243,0.28890118261931297,-0.41195014625181847,0.6,10,-0.3077678758140284,US2000Cash,金曜買,0.03444344558452249,-0.002032876712328767,7.671232876712329e-05,2017-08-29
2334,-0.012734642657547809,-0.9528126940629197,-1.0443482610305785,-0.31974712894550644,0.4,10,-2.972265596271659,US2000Cash,金曜売,0.03444344558452249,-0.002032876712328767,7.671232876712329e-05,2017-08-29
2334,0.0014461959343268652,0.1801212319407843,0.41477571836006005,-0.20101467231830406,0.6,10,0.3375421310718911,US2000Cash,月末2日買,0.03444344558452249,-0.002032876712328767,7.671232876712329e-05,2017-08-29
2334,-0.0048771788790477385,-0.6048612329043338,-0.6938052461939714,-0.12353082193591744,0.4,10,-1.1383335503697425,US2000Cash,月末2日売,0.03444344558452249,-0.002032876712328767,7.671232876712329e-05,2017-08-29
2334,0.009511888541088842,1.0337495178489624,1.0613631691543557,0.39350859752690437,0.7,10,2.2200747854901355,US2000Cash,月初2日買,0.03444344558452249,-0.002032876712328767,7.671232876712329e-05,2017-08-29
2334,-0.01294287148580971,-1.4039320605799614,-1.3238565256587365,-0.6541344168893485,0.3,10,-3.0208662047879864,US2000Cash,月初2日売,0.03444344558452249,-0.002032876712328767,7.671232876712329e-05,2017-08-29
2334,0.04109301070528972,1.3381903029303859,0.8818527789898581,1.0229547064251776,0.8,10,9.591108698614619,US2000Cash,常時買,0.03444344558452249,-0.002032876712328767,7.671232876712329e-05,2017-08-29
2334,-0.04307868960948936,-1.402841416657212,-0.9255562868703477,-1.0711305331006546,0.2,10,-10.054566154854816,US2000Cash,常時売,0.03444344558452249,-0.002032876712328767,7.671232876712329e-05,2017-08-29
2346,-0.03032748939061645,-0.9094226928832699,-1.8063023312134148,0.19661408364096525,0.3,10,-7.114829011038621,ChinaHCash,MA5/20,0.09966842018261197,-0.0051397260273972605,-0.00011506849315068492,2017-03-15
2346,-0.0552315900424028,-1.6608992447388968,-1.6513167397993866,-0.8510672149067586,0.3,10,-12.957331023947697,ChinaHCash,MA10/50,0.09966842018261197,-0.0051397260273972605,-0.00011506849315068492,2017-03-15
2346,0.019669973699900013,0.5932358185089277,0.8780378949201469,0.09730877454036325,0.6,10,4.614575829996543,ChinaHCash,MA20/100,0.09966842018261197,-0.0051397260273972605,-0.00011506849315068492,2017-03-15
2346,-0.016233534364972033,-0.4947647315289708,-1.2245292890139399,0.2532124293852933,0.4,10,-3.808387162022438,ChinaHCash,MA50/200,0.09966842018261197,-0.0051397260273972605,-0.00011506849315068492,2017-03-15
2346,-0.03979271459111595,-1.1939552042382906,-1.8974340580140234,-0.08880653218163059,0.2,10,-9.335370843075802,ChinaHCash,モメ20,0.09966842018261197,-0.0051397260273972605,-0.00011506849315068492,2017-03-15
2346,-0.01653252160202894,-0.4970995716519698,-0.548930125363684,-0.21500957203921928,0.6,10,-3.8785295678359892,ChinaHCash,モメ60,0.09966842018261197,-0.0051397260273972605,-0.00011506849315068492,2017-03-15
2346,-0.013530610229829697,-0.40860229493153477,-0.8293194642708244,0.09341355812721011,0.6,10,-3.1742811599180483,ChinaHCash,モメ120,0.09966842018261197,-0.0051397260273972605,-0.00011506849315068492,2017-03-15
2346,-0.01757570414406522,-0.5425894393427313,-1.578227265825202,0.40764326843141624,0.3,10,-4.1232601921977,ChinaHCash,モメ250,0.09966842018261197,-0.0051397260273972605,-0.00011506849315068492,2017-03-15
2346,-0.001560929855294372,-0.08197234066237533,0.9313308751950892,-0.8604093467824254,0.6,10,-0.36619414405205986,ChinaHCash,逆張z1_1日,0.09966842018261197,-0.0051397260273972605,-0.00011506849315068492,2017-03-15
2346,-0.05119406195057825,-2.6756417388816254,-3.1651812560549226,-0.8692195658250303,0.2,10,-12.010126933605656,ChinaHCash,順張z1_1日,0.09966842018261197,-0.0051397260273972605,-0.00011506849315068492,2017-03-15
2346,0.0004321444613635252,0.015906668788709107,0.0026699715172793033,0.01780814730255143,0.4,10,0.1013810906358831,ChinaHCash,逆張z1_3日,0.09966842018261197,-0.0051397260273972605,-0.00011506849315068492,2017-03-15
2346,-0.04507129961400315,-1.6564583110377062,-1.3799012793096306,-1.0378385683910694,0.2,10,-10.573726889445139,ChinaHCash,順張z1_3日,0.09966842018261197,-0.0051397260273972605,-0.00011506849315068492,2017-03-15
2346,0.0026163752665321035,0.08444206574808845,0.2599458296972167,-0.08604855657116396,0.4,10,0.613801637528432,ChinaHCash,逆張z1_5日,0.09966842018261197,-0.0051397260273972605,-0.00011506849315068492,2017-03-15
2346,-0.042644194846334325,-1.37383708143038,-1.349751522400933,-0.7118227532237934,0.3,10,-10.004328110950032,ChinaHCash,順張z1_5日,0.09966842018261197,-0.0051397260273972605,-0.00011506849315068492,2017-03-15
2346,-0.040505487397836305,-1.2156000714900306,-1.2358039818188509,-0.6012970590605724,0.2,10,-9.502587343532397,ChinaHCash,ドンチャン20,0.09966842018261197,-0.0051397260273972605,-0.00011506849315068492,2017-03-15
2346,-0.0038359253274800114,-0.11553811563796054,0.4103786807707715,-0.44008493612452637,0.4,10,-0.8999080818268095,ChinaHCash,ドンチャン55,0.09966842018261197,-0.0051397260273972605,-0.00011506849315068492,2017-03-15
2346,-0.010304277453991878,-0.6542542923627136,-0.6684263295091989,-0.31551739360627495,0.5,10,-2.4173834907064933,ChinaHCash,月曜買,0.09966842018261197,-0.0051397260273972605,-0.00011506849315068492,2017-03-15
2346,-0.029288477123220594,-1.8546399868674623,-1.4259848092245724,-1.2473603251012015,0.2,10,-6.871076733107552,ChinaHCash,月曜売,0.09966842018261197,-0.0051397260273972605,-0.00011506849315068492,2017-03-15
2346,-0.011196551169867737,-0.7515721388773676,0.795808329595952,-1.5043730404047126,0.5,10,-2.626710904450971,ChinaHCash,火曜買,0.09966842018261197,-0.0051397260273972605,-0.00011506849315068492,2017-03-15
2346,-0.029878751486227137,-1.9997604581911657,-3.0845031013212,-0.20988816479884304,0.3,10,-7.009555098668888,ChinaHCash,火曜売,0.09966842018261197,-0.0051397260273972605,-0.00011506849315068492,2017-03-15
2346,-0.009398817858582946,-0.6107692413637487,-1.4568979619279099,0.2724660080488056,0.3,10,-2.20496266962356,ChinaHCash,水曜買,0.09966842018261197,-0.0051397260273972605,-0.00011506849315068492,2017-03-15
2346,-0.03176369350803442,-2.057360185722059,-0.8810610780828594,-1.8924702452213757,0.2,10,-7.451762496984875,ChinaHCash,水曜売,0.09966842018261197,-0.0051397260273972605,-0.00011506849315068492,2017-03-15
2346,-0.04221019412190783,-2.8965962114456603,-3.3050494447554053,-1.071346410859511,0.2,10,-9.902511540999575,ChinaHCash,木曜買,0.09966842018261197,-0.0051397260273972605,-0.00011506849315068492,2017-03-15
2346,0.0003500130711105031,0.024187791555790848,1.0257929964235375,-0.773229637096518,0.4,10,0.08211306648252314,ChinaHCash,木曜売,0.09966842018261197,-0.0051397260273972605,-0.00011506849315068492,2017-03-15
2346,-0.027403775274502357,-1.9429525684972595,-1.6219806591036212,-1.2245245556936322,0.2,10,-6.428925679398253,ChinaHCash,金曜買,0.09966842018261197,-0.0051397260273972605,-0.00011506849315068492,2017-03-15
2346,-0.013497109960547525,-0.9593008531747527,-0.8714977919753573,-0.5537675898856849,0.3,10,-3.1664219967444494,ChinaHCash,金曜売,0.09966842018261197,-0.0051397260273972605,-0.00011506849315068492,2017-03-15
2346,-0.02466470177458313,-2.680860438975961,-2.802220229785403,-1.313339389166359,0.1,10,-5.786339036317203,ChinaHCash,月末2日買,0.09966842018261197,-0.0051397260273972605,-0.00011506849315068492,2017-03-15
2346,0.014378112097802744,1.5795206523688712,1.8686913753558174,0.6301005534596223,0.8,10,3.3731050981445243,ChinaHCash,月末2日売,0.09966842018261197,-0.0051397260273972605,-0.00011506849315068492,2017-03-15
2346,0.020112406208785807,1.7284014657937556,0.467144881223991,1.8336876134738265,0.6,10,4.71837049658115,ChinaHCash,月初2日買,0.09966842018261197,-0.0051397260273972605,-0.00011506849315068492,2017-03-15
2346,-0.030398995885566195,-2.573399362578405,-1.163971913902622,-2.3622839135762415,0.2,10,-7.13160443475383,ChinaHCash,月初2日売,0.09966842018261197,-0.0051397260273972605,-0.00011506849315068492,2017-03-15
2346,-0.0008876801038207202,-0.02658481221686719,-0.2941575863373045,0.18385415896919902,0.4,10,-0.2082497523563453,ChinaHCash,常時買,0.09966842018261197,-0.0051397260273972605,-0.00011506849315068492,2017-03-15
2346,-0.004452083231887199,-0.13332678756699767,0.15727460063222648,-0.2815970367421395,0.6,10,-1.044458726200732,ChinaHCash,常時売,0.09966842018261197,-0.0051397260273972605,-0.00011506849315068492,2017-03-15
1620,-0.013857696556511544,-0.4763700711436213,-0.39119839626634045,-0.2771229894940768,0.42857142857142855,7,-3.207066917364101,GerMid50Cash,MA5/20,0.0,-0.01752876712328767,-0.0010356164383561644,2020-04-28
1620,-0.054703907610366316,-1.9091028693335717,-0.9031741168350248,-1.837093107506152,0.14285714285714285,7,-12.660047189827633,GerMid50Cash,MA10/50,0.0,-0.01752876712328767,-0.0010356164383561644,2020-04-28
1620,-0.017420076033404994,-0.6153305218826833,0.8961090958016631,-1.8473755478796452,0.2857142857142857,7,-4.03150331058801,GerMid50Cash,MA20/100,0.0,-0.01752876712328767,-0.0010356164383561644,2020-04-28
1620,-0.03188894156540173,-1.1545623805523306,0.13416665634000954,-1.7783701312327236,0.42857142857142855,7,-7.380012190850114,GerMid50Cash,MA50/200,0.0,-0.01752876712328767,-0.0010356164383561644,2020-04-28
1620,-0.023048407555236038,-0.792633119969684,-0.2573065179117952,-0.8993902835506461,0.14285714285714285,7,-5.334060034211768,GerMid50Cash,モメ20,0.0,-0.01752876712328767,-0.0010356164383561644,2020-04-28
1620,-0.026142662386472823,-0.9134730332979085,0.4807869705666264,-1.8673567325746296,0.2857142857142857,7,-6.050159009440849,GerMid50Cash,モメ60,0.0,-0.01752876712328767,-0.0010356164383561644,2020-04-28
1620,-0.00814704784560093,-0.2899816773868028,0.9301169574361848,-1.3902970504687984,0.42857142857142855,7,-1.8854596442676435,GerMid50Cash,モメ120,0.0,-0.01752876712328767,-0.0010356164383561644,2020-04-28
1620,-0.028224743963291637,-1.0332171328918414,-0.4813308482413507,-0.9765741384520752,0.2857142857142857,7,-6.532012174361777,GerMid50Cash,モメ250,0.0,-0.01752876712328767,-0.0010356164383561644,2020-04-28
1620,-0.011866535002569623,-0.6665242903729559,-0.2924505968675249,-0.6511900425506787,0.42857142857142855,7,-2.7462552434518264,GerMid50Cash,逆張z1_1日,0.0,-0.01752876712328767,-0.0010356164383561644,2020-04-28
1620,0.005987813541382396,0.3364001542370061,0.06668165370943267,0.4102061740317411,0.42857142857142855,7,1.3857511338627826,GerMid50Cash,順張z1_1日,0.0,-0.01752876712328767,-0.0010356164383561644,2020-04-28
1620,-0.02001357047930647,-0.8091874232465528,-0.9030388634840338,-0.20746343143025137,0.2857142857142857,7,-4.631712025210924,GerMid50Cash,逆張z1_3日,0.0,-0.01752876712328767,-0.0010356164383561644,2020-04-28
1620,0.007717531243723823,0.3120621254959156,0.571542489009608,-0.1669239461485962,0.42857142857142855,7,1.7860572306903713,GerMid50Cash,順張z1_3日,0.0,-0.01752876712328767,-0.0010356164383561644,2020-04-28
1620,-0.030560395646942008,-1.1287853888808022,-1.3919078215158247,-0.14011461279574988,0.42857142857142855,7,-7.07254870686372,GerMid50Cash,逆張z1_5日,0.0,-0.01752876712328767,-0.0010356164383561644,2020-04-28
1620,0.015445320389035667,0.570529844640903,1.0198031528966334,-0.2808662252746944,0.5714285714285714,7,3.574488432891111,GerMid50Cash,順張z1_5日,0.0,-0.01752876712328767,-0.0010356164383561644,2020-04-28
1620,-0.006281421705841963,-0.2159282579355173,-0.24449751728859737,-0.050799100405970556,0.42857142857142855,7,-1.453700451923426,GerMid50Cash,ドンチャン20,0.0,-0.01752876712328767,-0.0010356164383561644,2020-04-28
1620,-0.03216625602842402,-1.123988361741548,0.5682760714404493,-2.274505410664734,0.2857142857142857,7,-7.4441906808638425,GerMid50Cash,ドンチャン55,0.0,-0.01752876712328767,-0.0010356164383561644,2020-04-28
1620,0.013231347375237344,1.0588925408042258,0.7659499292427909,0.7378912704006951,0.42857142857142855,7,3.0621118211263574,GerMid50Cash,月曜買,0.0,-0.01752876712328767,-0.0010356164383561644,2020-04-28
1620,-0.016886926607437593,-1.3502464748476655,-0.9499670246225066,-0.9746480606797274,0.42857142857142855,7,-3.9081173005784136,GerMid50Cash,月曜売,0.0,-0.01752876712328767,-0.0010356164383561644,2020-04-28
1620,-0.0016252196672253267,-0.1252377551571054,0.45005656276167955,-0.6636990275829083,0.5714285714285714,7,-0.37612226584357517,GerMid50Cash,火曜買,0.0,-0.01752876712328767,-0.0010356164383561644,2020-04-28
1620,-0.0021449545252319817,-0.16528565785204619,-0.6505306420465897,0.4534252495324633,0.42857142857142855,7,-0.49640376155368615,GerMid50Cash,火曜売,0.0,-0.01752876712328767,-0.0010356164383561644,2020-04-28
1620,0.015230777455456838,1.1225848614287501,0.39979884301535396,1.2053521113976051,0.7142857142857143,7,3.524837068262868,GerMid50Cash,水曜買,0.0,-0.01752876712328767,-0.0010356164383561644,2020-04-28
1620,-0.01897803265586273,-1.3975884129314617,-0.593584948150709,-1.4001615207855707,0.2857142857142857,7,-4.392058986071089,GerMid50Cash,水曜売,0.0,-0.01752876712328767,-0.0010356164383561644,2020-04-28
1620,-0.003731752410639033,-0.27422534444720603,-0.5710232947829356,0.2468767975108565,0.5714285714285714,7,-0.8636341293193189,GerMid50Cash,木曜買,0.0,-0.01752876712328767,-0.0010356164383561644,2020-04-28
1620,-4.043293741156029e-06,-0.0002971461452761626,0.39079650110006803,-0.4581483130561901,0.42857142857142855,7,-0.0009357336943811896,GerMid50Cash,木曜売,0.0,-0.01752876712328767,-0.0010356164383561644,2020-04-28
1620,-0.012664181733039764,-0.9548396226323309,-0.25440868521657206,-1.1835040446787255,0.42857142857142855,7,-2.9308534867892013,GerMid50Cash,金曜買,0.0,-0.01752876712328767,-0.0010356164383561644,2020-04-28
1620,0.009008602500839513,0.6796060296292937,0.07757736176442996,0.9665695260663474,0.5714285714285714,7,2.084848007337145,GerMid50Cash,金曜売,0.0,-0.01752876712328767,-0.0010356164383561644,2020-04-28
1620,0.003820799867033858,0.4944855384019473,-0.06586019401760448,0.9300618624704543,0.5714285714285714,7,0.8842422549421214,GerMid50Cash,月末2日買,0.0,-0.01752876712328767,-0.0010356164383561644,2020-04-28
1620,-0.005608481247044008,-0.7252529246723178,-0.0772302709242205,-1.123860491921035,0.2857142857142857,7,-1.2979628028873271,GerMid50Cash,月末2日売,0.0,-0.01752876712328767,-0.0010356164383561644,2020-04-28
1620,0.017558343083086736,1.5971478400463628,3.0442124678440496,-0.9727252010367891,0.7142857142857143,7,4.0635022563715015,GerMid50Cash,月初2日買,0.0,-0.01752876712328767,-0.0010356164383561644,2020-04-28
1620,-0.019346024463096887,-1.7569820028615595,-3.144685896377654,0.8556644194713496,0.2857142857142857,7,-4.477222804316709,GerMid50Cash,月初2日売,0.0,-0.01752876712328767,-0.0010356164383561644,2020-04-28
1620,0.010440971019790071,0.3539796053051468,0.32377187730427487,0.1674243581545719,0.7142857142857143,7,2.41633900743713,GerMid50Cash,常時買,0.0,-0.01752876712328767,-0.0010356164383561644,2020-04-28
1620,-0.029005354581433957,-0.9833667718271534,-0.741970388976011,-0.6449163951252157,0.2857142857142857,7,-6.712667774560425,GerMid50Cash,常時売,0.0,-0.01752876712328767,-0.0010356164383561644,2020-04-28
1621,0.00704261255724984,0.23612449276115666,0.2276211124280605,0.09603714649535633,0.5714285714285714,7,1.6308678507574281,GerTech30Cash,MA5/20,0.0,-0.0021863013698630133,-0.00011506849315068492,2020-04-28
1621,-0.0822666040096129,-2.8238812234052215,-2.5144371257844584,-1.4139967499873534,0.0,7,-19.05059501422607,GerTech30Cash,MA10/50,0.0,-0.0021863013698630133,-0.00011506849315068492,2020-04-28
1621,-0.04679890066149015,-1.6411201092319951,-0.7325482393698496,-1.6346056762612642,0.2857142857142857,7,-10.837288281753647,GerTech30Cash,MA20/100,0.0,-0.0021863013698630133,-0.00011506849315068492,2020-04-28
1621,0.0005811869411538656,0.021030167508357907,0.27178796841575764,-0.25146656340370355,0.42857142857142855,7,0.1345862902300597,GerTech30Cash,MA50/200,0.0,-0.0021863013698630133,-0.00011506849315068492,2020-04-28
1621,-0.03535782323305232,-1.1870916853862141,-0.48725030914026496,-1.2645713872272832,0.5714285714285714,7,-8.187861637253969,GerTech30Cash,モメ20,0.0,-0.0021863013698630133,-0.00011506849315068492,2020-04-28
1621,-0.0657372109409576,-2.2634169540013644,-0.5503889786306383,-2.8114469911918145,0.2857142857142857,7,-15.22285984789889,GerTech30Cash,モメ60,0.0,-0.0021863013698630133,-0.00011506849315068492,2020-04-28
1621,-0.024132749528848148,-0.8541085757428517,-0.33527586437369966,-0.8952555099082988,0.2857142857142857,7,-5.588455283751833,GerTech30Cash,モメ120,0.0,-0.0021863013698630133,-0.00011506849315068492,2020-04-28
1621,-0.024446456955300535,-0.8963239263469617,-0.6347209198222598,-0.6324874559892395,0.2857142857142857,7,-5.661100960648882,GerTech30Cash,モメ250,0.0,-0.0021863013698630133,-0.00011506849315068492,2020-04-28
1621,0.010629935474038097,0.6031850695493527,1.1404679407838332,-0.380600836524864,0.5714285714285714,7,2.4615893433451084,GerTech30Cash,逆張z1_1日,0.0,-0.0021863013698630133,-0.00011506849315068492,2020-04-28
1621,-0.011329858572413028,-0.6428790389342752,-1.1669090046375334,0.3506601389590217,0.42857142857142855,7,-2.6236715351259328,GerTech30Cash,順張z1_1日,0.0,-0.0021863013698630133,-0.00011506849315068492,2020-04-28
1621,-0.0033570946297628128,-0.13623086919850008,0.16080921248133376,-0.4065725066657105,0.42857142857142855,7,-0.7774071992636442,GerTech30Cash,逆張z1_3日,0.0,-0.0021863013698630133,-0.00011506849315068492,2020-04-28
1621,0.0018763242613955402,0.0761413874643064,-0.19982708991509257,0.3595381039134005,0.5714285714285714,7,0.43450308967459705,GerTech30Cash,順張z1_3日,0.0,-0.0021863013698630133,-0.00011506849315068492,2020-04-28
1621,0.0064269861574980155,0.23341219294056637,0.13627397681666475,0.2009441415914076,0.42857142857142855,7,1.4883063659006124,GerTech30Cash,逆張z1_5日,0.0,-0.0021863013698630133,-0.00011506849315068492,2020-04-28
1621,-0.008291081549316064,-0.30111072416345935,-0.179824726612767,-0.2543958694428959,0.5714285714285714,7,-1.9199775987773324,GerTech30Cash,順張z1_5日,0.0,-0.0021863013698630133,-0.00011506849315068492,2020-04-28
1621,-0.037447374777792836,-1.2560794128095085,-0.4377058710112468,-1.4319713364086972,0.2857142857142857,7,-8.671742073543168,GerTech30Cash,ドンチャン20,0.0,-0.0021863013698630133,-0.00011506849315068492,2020-04-28
1621,-0.05928153034004717,-2.0612530656291908,-0.06655217520010032,-3.031024235792893,0.42857142857142855,7,-13.72790866874521,GerTech30Cash,ドンチャン55,0.0,-0.0021863013698630133,-0.00011506849315068492,2020-04-28
1621,0.008469371067934902,0.6757817246959027,0.0804221404194932,1.0402790641964592,0.7142857142857143,7,1.9612643573032114,GerTech30Cash,月曜買,0.0,-0.0021863013698630133,-0.00011506849315068492,2020-04-28
1621,-0.008922262484530456,-0.7118735294266277,-0.10252205881544171,-1.0711738979235306,0.2857142857142857,7,-2.0661410696319797,GerTech30Cash,月曜売,0.0,-0.0021863013698630133,-0.00011506849315068492,2020-04-28
1621,-0.00029687737702808705,-0.021426565164016587,-0.26807606899613123,0.31010871884957364,0.5714285714285714,7,-0.06874831830893273,GerTech30Cash,火曜買,0.0,-0.0021863013698630133,-0.00011506849315068492,2020-04-28
1621,-0.00017021126265823696,-0.012284681674997055,0.24654804503972402,-0.3373088981263989,0.42857142857142855,7,-0.03941606525271319,GerTech30Cash,火曜売,0.0,-0.0021863013698630133,-0.00011506849315068492,2020-04-28
1621,0.024429680070338883,1.8597728314132822,1.416626803291386,1.2053217854257698,0.7142857142857143,7,5.657215913431331,GerTech30Cash,水曜買,0.0,-0.0021863013698630133,-0.00011506849315068492,2020-04-28
1621,-0.024895348987716125,-1.8949162106367199,-1.4405415773536623,-1.2312633609133838,0.2857142857142857,7,-5.76505152986969,GerTech30Cash,水曜売,0.0,-0.0021863013698630133,-0.00011506849315068492,2020-04-28
1621,0.0002328935509093999,0.015705729943723438,-0.05907914344863752,0.09826857973500856,0.5714285714285714,7,0.053931492289161956,GerTech30Cash,木曜買,0.0,-0.0021863013698630133,-0.00011506849315068492,2020-04-28
1621,-0.0006957230236684897,-0.04691762265344937,0.03903688366712425,-0.12311929758010091,0.42857142857142855,7,-0.16110957448094534,GerTech30Cash,木曜売,0.0,-0.0021863013698630133,-0.00011506849315068492,2020-04-28
1621,-0.008934545175761949,-0.6833920921674842,-0.3395295210254411,-0.6419295215745503,0.5714285714285714,7,-2.068985389987159,GerTech30Cash,金曜買,0.0,-0.0021863013698630133,-0.00011506849315068492,2020-04-28
1621,0.008481653759166399,0.6487887156011007,0.3164949742579062,0.6158522051161367,0.42857142857142855,7,1.9641086776583911,GerTech30Cash,金曜売,0.0,-0.0021863013698630133,-0.00011506849315068492,2020-04-28
1621,0.012135785347376067,1.4464230369648554,1.1059379935791875,0.9339834021111924,0.7142857142857143,7,2.8103011497280863,GerTech30Cash,月末2日買,0.0,-0.0021863013698630133,-0.00011506849315068492,2020-04-28
1621,-0.012357262027592068,-1.4724912401600285,-1.123211389038995,-0.9536809359343362,0.2857142857142857,7,-2.8615888209609635,GerTech30Cash,月末2日売,0.0,-0.0021863013698630133,-0.00011506849315068492,2020-04-28
1621,0.00923801929095452,0.8539501587573632,1.7132931181899433,-0.6205237383445805,0.7142857142857143,7,2.139261324376754,GerTech30Cash,月初2日買,0.0,-0.0021863013698630133,-0.00011506849315068492,2020-04-28
1621,-0.009459495971170528,-0.8743334981737859,-1.7266274739066256,0.6053201978845141,0.2857142857142857,7,-2.190548995609632,GerTech30Cash,月初2日売,0.0,-0.0021863013698630133,-0.00011506849315068492,2020-04-28
1621,0.023900522136393147,0.791201298589021,0.33150364717199476,0.8424598737131623,0.8571428571428571,7,5.534678054727613,GerTech30Cash,常時買,0.0,-0.0021863013698630133,-0.00011506849315068492,2020-04-28
1621,-0.026201891999406916,-0.867385693798427,-0.3807616526946712,-0.902480212035329,0.14285714285714285,7,-6.067609561576938,GerTech30Cash,常時売,0.0,-0.0021863013698630133,-0.00011506849315068492,2020-04-28
2335,0.015618721162487283,0.3115565939371736,1.728709655254222,-1.379259415237123,0.5,10,3.646971391440778,BRENTCash,MA5/20,0.0,0.0,0.0,2017-08-29
2335,0.0732253866572822,1.4643759886959529,1.581120172376979,0.4598731916992889,0.6,10,17.0981277844754,BRENTCash,MA10/50,0.0,0.0,0.0,2017-08-29
2335,-0.0036268069700307938,-0.07267132895719379,0.3754488204899622,-0.5005805995481208,0.4,10,-0.8468594275021903,BRENTCash,MA20/100,0.0,0.0,0.0,2017-08-29
2335,0.022221525793089857,0.4485056542793532,0.7986755088358121,-0.18243774678508043,0.5,10,5.188726272686482,BRENTCash,MA50/200,0.0,0.0,0.0,2017-08-29
2335,0.0729864043110997,1.4566528960050713,1.6882925956870554,0.3330779022784266,0.7,10,17.04232540664178,BRENTCash,モメ20,0.0,0.0,0.0,2017-08-29
2335,-0.006002999118975003,-0.12005477531711647,-0.24919762632745232,0.08859941597495918,0.6,10,-1.4017002942806642,BRENTCash,モメ60,0.0,0.0,0.0,2017-08-29
2335,-0.014349990645224181,-0.28800549515970947,0.24056763931916914,-0.6698001315683317,0.4,10,-3.3507228156598456,BRENTCash,モメ120,0.0,0.0,0.0,2017-08-29
2335,0.02826781970605816,0.5740870809102825,0.45726273838861853,0.3532030929734114,0.5,10,6.60053590136458,BRENTCash,モメ250,0.0,0.0,0.0,2017-08-29
2335,-0.03210305044484602,-1.0679035870929614,-0.8040843039562715,-0.7051937464090785,0.3,10,-7.496062278871546,BRENTCash,逆張z1_1日,0.0,0.0,0.0,2017-08-29
2335,0.03210305044484602,1.0679035870929614,0.8040843039562715,0.7051937464090785,0.7,10,7.496062278871546,BRENTCash,順張z1_1日,0.0,0.0,0.0,2017-08-29
2335,-0.004853238841222087,-0.11370693471237509,-0.6718121426182354,0.5359630358931676,0.5,10,-1.1332312694253546,BRENTCash,逆張z1_3日,0.0,0.0,0.0,2017-08-29
2335,0.004853238841222087,0.11370693471237509,0.6718121426182354,-0.5359630358931676,0.5,10,1.1332312694253546,BRENTCash,順張z1_3日,0.0,0.0,0.0,2017-08-29
2335,0.0007168965769863658,0.015576544662674394,-1.1142125839915225,1.1599841277803782,0.5,10,0.16739535072631995,BRENTCash,逆張z1_5日,0.0,0.0,0.0,2017-08-29
2335,-0.0007168965769863658,-0.015576544662674394,1.1142125839915225,-1.1599841277803782,0.5,10,-0.16739535072631995,BRENTCash,順張z1_5日,0.0,0.0,0.0,2017-08-29
2335,0.0807466889204358,1.6115681047145376,2.242974180724464,-0.02717177544574468,0.7,10,18.854351862921753,BRENTCash,ドンチャン20,0.0,0.0,0.0,2017-08-29
2335,0.011223116753682455,0.22466756462018433,0.5906324427044165,-0.2961862194251511,0.6,10,2.620597761984852,BRENTCash,ドンチャン55,0.0,0.0,0.0,2017-08-29
2335,-0.002404974351122942,-0.09245537291566765,-0.1015764843505986,-0.0238930139653611,0.7,10,-0.5615615109872056,BRENTCash,月曜買,0.0,0.0,0.0,2017-08-29
2335,0.002404974351122942,0.09245537291566765,0.1015764843505986,0.0238930139653611,0.3,10,0.5615615109872056,BRENTCash,月曜売,0.0,0.0,0.0,2017-08-29
2335,-0.00695035566504031,-0.30274006971970213,0.7434354749665398,-1.3026578522397863,0.5,10,-1.6229080477869118,BRENTCash,火曜買,0.0,0.0,0.0,2017-08-29
2335,0.00695035566504031,0.30274006971970213,-0.7434354749665398,1.3026578522397863,0.5,10,1.6229080477869118,BRENTCash,火曜売,0.0,0.0,0.0,2017-08-29
2335,0.0060120017848308465,0.2751176964217687,1.2159956858981307,-0.6848710508916506,0.7,10,1.4038024167580019,BRENTCash,水曜買,0.0,0.0,0.0,2017-08-29
2335,-0.0060120017848308465,-0.2751176964217687,-1.2159956858981307,0.6848710508916506,0.3,10,-1.4038024167580019,BRENTCash,水曜売,0.0,0.0,0.0,2017-08-29
2335,0.03363723674969557,1.6381298229513457,0.3820937728769327,1.9654112933922807,0.7,10,7.854294781053916,BRENTCash,木曜買,0.0,0.0,0.0,2017-08-29
2335,-0.03363723674969557,-1.6381298229513457,-0.3820937728769327,-1.9654112933922807,0.3,10,-7.854294781053916,BRENTCash,木曜売,0.0,0.0,0.0,2017-08-29
2335,0.030098878008060024,1.4697795671456966,0.9910298118116166,1.0973379260751273,0.7,10,7.028088014882018,BRENTCash,金曜買,0.0,0.0,0.0,2017-08-29
2335,-0.030098878008060024,-1.4697795671456966,-0.9910298118116166,-1.0973379260751273,0.3,10,-7.028088014882018,BRENTCash,金曜売,0.0,0.0,0.0,2017-08-29
2335,-0.009223866158751296,-0.6968465589466047,-0.7318229455877368,-0.2449669915694811,0.5,10,-2.1537727480684277,BRENTCash,月末2日買,0.0,0.0,0.0,2017-08-29
2335,0.009223866158751296,0.6968465589466047,0.7318229455877368,0.2449669915694811,0.5,10,2.1537727480684277,BRENTCash,月末2日売,0.0,0.0,0.0,2017-08-29
2335,0.023971054915401222,1.400526839181392,1.6276804723034455,0.32395592505975035,0.5,10,5.597241322746185,BRENTCash,月初2日買,0.0,0.0,0.0,2017-08-29
2335,-0.023971054915401222,-1.400526839181392,-1.6276804723034455,-0.32395592505975035,0.5,10,-5.597241322746185,BRENTCash,月初2日売,0.0,0.0,0.0,2017-08-29
2335,0.06039278652642321,1.2026699368132732,1.3387905114504444,0.33123949040262674,0.6,10,14.101715653919815,BRENTCash,常時買,0.0,0.0,0.0,2017-08-29
2335,-0.06039278652642321,-1.2026699368132732,-1.3387905114504444,-0.33123949040262674,0.4,10,-14.101715653919815,BRENTCash,常時売,0.0,0.0,0.0,2017-08-29
