label,n,t,t1,t2,wy,ny,ann,tc2,tt3,pf,win,avg,tot,real,pbo,psd,delta,z,dirn,trail,e16-19,e20-21,e22-24,e25-26
SMA10/25/75|BB3.0|MTF1|TP20/SL20|TR0-0|both,621,0.2316179931389209,-0.06216973163223,0.3699342750340626,7,11,10.545454545453346,-0.7612194850784968,-0.11573172385021,1.0193960472193404,52.17391304347826,0.18679549114329672,115.99999999998727,0.18679549114329672,-0.9387205749007244,0.34724530952120913,1.125516066044021,3.2412707535082674,both,False,-0.04228571428570173,-0.46874999999999467,0.31479591836733384,0.9975409836064505
SMA10/25/75|BB3.0|MTF1|TP20/SL20|TR0-0|long,430,0.9794663312661885,0.8011829655781879,0.5950391765374679,7,11,36.6818181818172,0.1446401091959678,0.6211775171995336,1.1018630717964246,54.18604651162791,0.9383720930232312,403.4999999999894,0.9383720930232312,-0.30242514306742335,0.6335875372542739,1.2407972360906545,1.9583674916773068,long,False,1.7663551401869506,0.01951219512196484,0.8648648648648262,0.912903225806348
SMA10/25/75|BB3.0|MTF1|TP20/SL20|TR0-0|short,206,-1.1514170594197402,-0.9391528910145969,-0.6870972333143771,4,11,-29.609090909091265,-1.7374630578435635,-1.6087754533253797,0.8496167697848337,47.57281553398058,-1.5810679611650664,-325.7000000000037,-1.5810679611650664,-0.9974811581926171,0.9067195798472124,-0.5835868029724494,-0.6436243530450585,short,False,-2.3432432432432577,-2.2867924528302095,-1.7775510204081038,1.8666666666665142
SMA10/25/75|BB3.0|MTF1|TP20/SL20|TR5-3|both,690,0.11786566154018616,-1.5033556617390553,1.516433190360326,5,11,3.081818181812697,-1.8039845191188209,-0.18859590138830565,1.012494931996587,81.01449275362319,0.04913043478252134,33.89999999993972,0.04913043478252134,-0.9763369965455191,0.2768875065926435,1.0254674313280405,3.7035525508079594,both,True,-0.7426395939088319,-1.3664285714287492,0.4266355140187049,2.0158273381295073
SMA10/25/75|BB3.0|MTF1|TP20/SL20|TR5-3|long,481,1.129407006600673,-0.19210111944980285,1.6841522747127027,8,11,23.59090909090493,-0.5467414383132324,0.7847914730342405,1.1520745428973045,82.74428274428274,0.5395010395009447,259.4999999999544,0.5395010395009447,-0.8804630589695155,0.4846060429345042,1.4199640984704602,2.930141130457121,long,True,0.6249999999998337,-1.3043478260871095,1.0957575757574984,1.1685185185185225
SMA10/25/75|BB3.0|MTF1|TP20/SL20|TR5-3|short,217,-1.6145972430022337,-2.382276063179244,0.03577139917895166,4,11,-25.11818181818313,-2.6357385504545414,-2.097828816776397,0.7417515655668611,76.036866359447,-1.2732718894009878,-276.30000000001434,-1.2732718894009878,-1.125508239205898,0.4223606180068425,-0.14776365019508986,-0.3498518656696728,short,True,-2.767857142857387,-2.0433962264152936,-1.8265306122445792,4.967741935483904
SMA10/25/75|BB3.0|MTF1|TP15/SL15|TR0-0|both,648,-0.4814271051091311,0.30069452776762257,-0.9457120781667689,4,11,-16.790909090907814,-1.8330373566672076,-0.7898182717503361,0.9625164890918357,51.54320987654321,-0.28503086419750856,-184.69999999998555,-0.28503086419750856,-0.4962102312980985,0.4495050517499767,0.21117936710058993,0.4698042130526532,both,False,-0.3891891891891709,0.628148148148209,-0.33019801980196,-1.0380952380952477
SMA10/25/75|BB3.0|MTF1|TP15/SL15|TR0-0|long,446,0.3907600222400688,1.4155250793177776,-0.7927836008464462,5,11,11.32727272727444,-0.7295062400224124,0.03526984473712851,1.038279569892477,53.36322869955157,0.2793721973094602,124.60000000001926,0.2793721973094602,0.19459581287721012,0.6084895287603053,0.08477638443225011,0.13932266772933247,long,False,1.663636363636461,1.240697674418682,-0.08169934640519858,-1.5731958762886882
SMA10/25/75|BB3.0|MTF1|TP15/SL15|TR0-0|short,212,-1.300986843139142,-1.3171763454597085,-0.51575031204648,4,11,-25.409090909091216,-2.0966485449400216,-1.7498325127611938,0.8375661068169963,48.113207547169814,-1.3183962264151097,-279.50000000000324,-1.3183962264151097,-0.8506300311482242,0.7648360538218328,-0.46776619526688545,-0.6115901478878907,short,False,-2.7650000000000747,-0.46730769230766206,-1.4000000000000228,1.200000000000075
SMA10/25/75|BB3.0|MTF1|TP15/SL15|TR5-3|both,694,-0.08886843917389588,-1.4480558450608314,1.1324760926382287,5,11,-1.9454545454664987,-2.398264963969654,-0.41942837414649425,0.9914587906604946,77.08933717579251,-0.03083573487050642,-21.400000000131456,-0.03083573487050642,-0.961474523164122,0.3328331634488296,0.9306387882936156,2.7961119578659224,both,True,-1.0350253807109093,-0.6258741258743381,0.3632558139532925,1.3949640287769076
SMA10/25/75|BB3.0|MTF1|TP15/SL15|TR5-3|long,481,1.211105708046467,-0.28855424060436297,1.8133868233333301,7,11,21.172727272718667,-0.7937946456679308,0.8619463061562106,1.1518847006651212,79.62577962577963,0.4841995841993877,232.89999999990548,0.4841995841993877,-0.9942348017947082,0.2790549862691853,1.4784343859940958,5.298003829854347,long,True,0.19051724137911513,-0.4869565217393349,1.024848484848241,0.8009259259258065
SMA10/25/75|BB3.0|MTF1|TP15/SL15|TR5-3|short,218,-1.9777212012780867,-2.6931839288421062,-0.14352294636629104,3,11,-25.418181818185246,-3.211670208001157,-2.4858646690523654,0.7216525634643827,70.64220183486239,-1.282568807339622,-279.6000000000376,-1.282568807339622,-1.0136157535785393,0.5419519335503372,-0.2689530537610827,-0.4962673571421108,short,True,-2.7940476190479377,-1.156603773585134,-1.8200000000000387,3.464516129032359
SMA10/25/75|BB3.0|MTF1|TP30/SL30|TR0-0|both,591,0.8897157675322359,-0.13105309152468952,1.3165579045098437,7,11,56.40000000000283,0.21184951814511488,0.565477380535267,1.0786780464915755,53.13028764805414,1.0497461928934542,620.4000000000315,1.0497461928934542,-0.013081284639817708,0.7853614720239128,1.0628274775332718,1.3532971954867052,both,False,-1.0443113772455104,0.8033613445378157,1.265775401069587,3.919491525423886
SMA10/25/75|BB3.0|MTF1|TP30/SL30|TR0-0|long,413,1.868613767502186,0.9438850880573465,1.655768290360634,7,11,98.00000000000206,1.2974770148449486,1.5458953501181538,1.20819653134536,55.932203389830505,2.610169491525479,1078.0000000000227,2.610169491525479,0.4597071356939922,1.0803354398990526,2.1504623558314866,1.9905505979072828,long,False,1.2295238095237957,3.142857142857107,2.7478873239437793,3.558426966292251
SMA10/25/75|BB3.0|MTF1|TP30/SL30|TR0-0|short,199,-1.1745819946399232,-1.3392705151988953,-0.3587513739886852,3,11,-42.42727272727174,-1.5767693114857881,-1.6357256484679321,0.8425119794830307,47.23618090452261,-2.3452261306532107,-466.6999999999889,-2.3452261306532107,-1.477703927909512,2.41748066312889,-0.8675222027436986,-0.35885383323847747,short,False,-4.74428571428569,-2.8588235294117044,-3.4125000000000703,5.833333333333644
SMA10/25/75|BB3.0|MTF1|TP30/SL30|TR5-3|both,687,1.0421308011036594,-0.6458003785031853,1.9586615090001231,5,11,32.827272727263285,-0.5451569550625398,0.7286881505894685,1.1328697060013582,86.60844250363901,0.5256186317320178,361.0999999998963,0.5256186317320178,-1.1101530791706105,0.45584220255430596,1.6357717109026284,3.588460440337912,both,True,-0.4878172588833739,-0.48043478260878636,0.34131455399038924,3.2431654676257593
SMA10/25/75|BB3.0|MTF1|TP30/SL30|TR5-3|long,480,1.5681386589527924,0.007840824591627743,2.0108191403117432,7,11,40.65454545453767,0.22235068175034348,1.2021766727757475,1.2522563176894788,87.29166666666667,0.9316666666664889,447.19999999991467,0.9316666666664889,-0.9209502069208885,0.3324163633216801,1.8526168735873774,5.573181942895499,long,True,0.637931034482642,-0.8857142857143671,1.2103030303027766,2.352777777777568
SMA10/25/75|BB3.0|MTF1|TP30/SL30|TR5-3|short,217,-0.795836793470723,-1.579425837682651,0.3981775818465053,4,11,-14.554545454546961,-1.6626308743478413,-1.2860109671620492,0.8457759368076144,83.87096774193549,-0.7377880184332554,-160.10000000001642,-0.7377880184332554,-1.3305517573107593,1.0603061189887772,0.5927637388775039,0.5590496256334233,short,True,-2.307142857142982,-0.7792452830189569,-2.483673469387848,6.3451612903226815
SMA10/25/75|BB3.0|MTF1|TP20/SL10|TR0-0|both,647,-0.8897827582050161,-1.012905769243991,-0.2632505564022016,4,11,-29.42727272725888,-2.310060006436401,-1.2911998630236785,0.9288368105173205,34.46676970633694,-0.5003091190105833,-323.69999999984736,-0.5003091190105833,-0.5386024976235757,0.362747772128219,0.038293378612992424,0.1055647520268078,both,False,-0.8194594594589922,-1.2052238805965538,-0.04099999999994974,-0.018750000000044315
SMA10/25/75|BB3.0|MTF1|TP20/SL10|TR0-0|long,441,-0.39038983008264627,-0.5235906320332285,-0.04319913386602225,4,11,-10.581818181810036,-1.575238781325442,-0.873233644595036,0.9619396396691248,35.147392290249435,-0.2639455782310886,-116.39999999991008,-0.2639455782310886,-0.44279340976267784,0.35654152975907377,0.17884783153158923,0.5016185117409528,long,False,0.020370370370826986,-1.4428571428566768,-0.32450331125821935,0.5265306122448224
SMA10/25/75|BB3.0|MTF1|TP20/SL10|TR0-0|short,211,-0.9603742829403217,-0.9327926254587028,-0.42806993728297216,4,11,-18.299999999994096,-1.7681523719546868,-1.5990262941753273,0.8678092986603987,33.175355450236964,-0.954028436018649,-201.29999999993493,-0.954028436018649,-1.0106155072731873,0.6065167808150921,0.056587071254538324,0.0932984429194053,short,False,-1.4607594936704076,-1.1903846153841569,0.6000000000000337,-1.799999999999944
SMA10/25/75|BB3.0|MTF1|TP20/SL10|TR5-3|both,700,-1.3883560701536903,-2.7058056452466865,0.47030646435439166,5,11,-28.21818181817723,-3.8855544197719794,-1.8197108514424858,0.8802838630052586,65.57142857142857,-0.44342857142849945,-310.3999999999496,-0.44342857142849945,-1.074981388336813,0.24003705968609068,0.6315528169083134,2.6310637937917956,both,True,-1.465671641790943,-1.0041666666665365,-0.07083333333330583,1.0366906474820525
SMA10/25/75|BB3.0|MTF1|TP20/SL10|TR5-3|long,482,-0.44962569311900696,-1.6117314381299335,0.725736061721307,3,11,-7.290909090907408,-2.6182242396168722,-0.9361209866890655,0.9527234142890916,67.21991701244814,-0.1663900414937372,-80.19999999998133,-0.1663900414937372,-1.0458665904568443,0.2755707902797095,0.8794765489631071,3.191472318493633,long,True,-0.6327586206895794,-1.1913043478259318,0.07409638554212192,0.8379629629629941
SMA10/25/75|BB3.0|MTF1|TP20/SL10|TR5-3|short,219,-1.912881201808536,-2.756265675275854,-0.14508249002112525,4,11,-21.909090909087954,-3.2977313406266524,-2.6223361898896047,0.7343474426807982,61.64383561643836,-1.1004566210044175,-240.99999999996746,-1.1004566210044175,-1.4673770490592077,0.4738152050171373,0.3669204280547902,0.7743956381507832,short,True,-2.6023529411763335,-0.8641509433961309,-0.5519999999997254,1.7290322580645812
SMA10/25/75|BB3.0|MTF1|TP10/SL20|TR0-0|both,660,-0.9791349282822751,0.4236273254966962,-1.693778901283427,3,11,-32.95454545455983,-2.407902073274666,-1.2413911836584512,0.9183209030891225,67.12121212121212,-0.5492424242426633,-362.5000000001578,-0.5492424242426633,-0.7201232995636195,0.4951094085731512,0.1708808753209562,0.34513760466280646,both,False,0.2967741935479088,-0.1313868613143382,-1.28125000000003,-1.0325581395348713
SMA10/25/75|BB3.0|MTF1|TP10/SL20|TR0-0|long,458,-0.4334223434144334,0.7906170049467103,-1.2588145960144532,5,11,-11.863636363645487,-1.652399760573469,-0.7513773585600766,0.9565130460861399,68.12227074235808,-0.28493449781681246,-130.5000000001001,-0.28493449781681246,-0.9091225698372212,0.530365833602061,0.6241880720204087,1.176900985082579,long,False,1.553982300884462,-0.22528735632231325,-0.7377358490566552,-1.7090909090908575
SMA10/25/75|BB3.0|MTF1|TP10/SL20|TR0-0|short,211,-1.2098355572913475,-1.0201907814391877,-0.6892775017080119,4,11,-22.854545454550966,-2.0286543873834764,-1.4960702840902846,0.8324446814182465,64.45497630331754,-1.1914691943130828,-251.40000000006046,-1.1914691943130828,-1.9149174504823847,0.7703933774345144,0.7234482561693019,0.9390634413011902,short,False,-1.7512820512824954,-0.2037735849061121,-3.044897959183633,1.4580645161289036
SMA10/25/75|BB3.0|MTF1|TP10/SL20|TR5-3|both,690,-1.1097301000593098,-1.9467152751293075,0.3263562721877161,5,11,-27.18181818182568,-3.160921007254499,-1.3605529306788233,0.8897939626257464,81.01449275362319,-0.4333333333334528,-299.0000000000824,-0.4333333333334528,-1.1900203048185949,0.2936271427198317,0.7566869714851421,2.5770334597682107,both,True,-0.8888324873098886,-1.686428571428805,-0.15373831775703786,1.043884892086363
SMA10/25/75|BB3.0|MTF1|TP10/SL20|TR5-3|long,481,0.0710966405639609,-0.6018887470919109,0.6573936399358358,7,11,1.3818181818130042,-1.7320725583731122,-0.23130300391064165,1.008907641819001,82.74428274428274,0.0316008316007134,15.199999999943145,0.0316008316007134,-1.1423255293828185,0.20488441820444,1.173926360983532,5.7297005368761225,long,True,0.416379310344596,-1.5836956521741183,0.44969696969687384,0.35555555555559915
SMA10/25/75|BB3.0|MTF1|TP10/SL20|TR5-3|short,217,-2.2575574756379337,-2.613967622571874,-0.567536097213423,4,11,-33.172727272729574,-3.3397708868240765,-2.57770974811224,0.6589400878586534,76.036866359447,-1.681566820276614,-364.9000000000253,-1.681566820276614,-1.3178606743612857,0.49562167385649325,-0.36370614591532835,-0.73383825829344,short,True,-2.8226190476192996,-2.403773584905918,-2.185714285714087,3.441935483870961
SMA10/25/75|BB3.0|MTF0|TP20/SL20|TR0-0|both,829,0.03807330144280784,-0.5642961247285586,0.5813567534446763,8,11,1.9999999999970093,-1.1104223875271597,-0.26497238327192524,1.0027322743700202,52.23160434258143,0.026537997587416023,21.999999999967883,0.026537997587416023,-0.6737095884967602,0.8399003536173997,0.7002475860841763,0.8337269809070237,both,False,-0.6694214876033052,-0.5869047619047684,0.3939999999999487,1.0893491124259254
SMA10/25/75|BB3.0|MTF0|TP20/SL20|TR0-0|long,550,0.31149055795211866,-0.40873936931908406,0.8072944453590589,6,11,13.127272727270956,-0.6381572046097966,-0.06272900453192815,1.027518390059836,52.90909090909091,0.2625454545454198,144.39999999998088,0.2625454545454198,-0.31547048842228953,0.6556281429885856,0.5780159429677093,0.881621616077839,long,False,0.4263157894736968,-1.450961538461545,0.7050847457626647,0.9034188034187012
SMA10/25/75|BB3.0|MTF0|TP20/SL20|TR0-0|short,323,-0.9898960988174484,-0.7033700534546358,-0.6942389651039285,4,11,-31.663636363637558,-1.7254809035918797,-1.3433080017787267,0.8954242478832591,49.22600619195047,-1.078328173374653,-348.3000000000129,-1.078328173374653,-1.2747660134395622,1.0465263087168124,0.19643784006490916,0.1877046362128912,short,False,-1.8000000000000076,-1.4962025316456016,-1.406329113924086,1.2689655172412613
SMA10/25/75|BB3.0|MTF0|TP20/SL20|TR5-3|both,934,-0.8003609647944824,-1.9579389964896383,0.7307950102094337,5,11,-25.41818181818815,-2.93885123058549,-1.065853498432723,0.9286643704553963,79.7644539614561,-0.29935760171313625,-279.60000000006926,-0.29935760171313625,-1.127660555555871,0.2073683289019912,0.8283029538427347,3.9943561209591305,both,True,-1.0762773722629575,-1.1661458333334829,0.2572463768116426,0.8760416666666463
SMA10/25/75|BB3.0|MTF0|TP20/SL20|TR5-3|long,607,-0.18500174856910118,-1.1552438339023572,0.8135825876568168,5,11,-4.59090909091234,-1.9649040367347244,-0.49690896610444835,0.9794314108830091,80.39538714991762,-0.08319604612855959,-50.50000000003567,-0.08319604612855959,-0.90650268674754,0.35146073059038446,0.8233066406189804,2.3425281090037804,long,True,-0.28456790123473824,-1.331623931624066,0.8035714285714508,-0.046212121212096564
SMA10/25/75|BB3.0|MTF0|TP20/SL20|TR5-3|short,344,-1.5747452905971269,-2.486017857817005,0.19838496147259924,4,11,-30.47272727273046,-2.869252721380868,-1.9709093702215301,0.7918917240950908,77.32558139534885,-0.9744186046512642,-335.2000000000349,-0.9744186046512642,-1.140937362632077,0.30366596789878264,0.16651875798081273,0.5483616064488216,short,True,-2.1161016949154448,-2.141666666666831,-1.081249999999886,2.9177419354837433
SMA10/25/75|BB3.0|MTF0|TP15/SL15|TR0-0|both,869,-0.7236249107696721,-0.019136223091618894,-0.9782670544102642,4,11,-28.981818181816855,-2.299896972552921,-1.0286306833878447,0.9519438037956591,51.43843498273878,-0.3668584579976809,-318.7999999999847,-0.3668584579976809,-0.7744374075897466,0.3872292964433041,0.40757894959206564,1.0525519461871113,both,False,-0.9796078431372599,0.8702247191011867,-0.3789272030651167,-0.7142857142857107
SMA10/25/75|BB3.0|MTF0|TP15/SL15|TR0-0|long,572,-0.2502473742736749,0.2857305945195892,-0.6131916072090317,5,11,-8.19999999999869,-1.5217347453377206,-0.618122867539136,0.9790125180324859,52.09790209790209,-0.15769230769228204,-90.19999999998532,-0.15769230769228204,-0.4761266585779317,0.6711742176376843,0.31843435088564964,0.47444365787237086,long,False,0.014102564102597553,0.9162162162162811,-0.2842391304347604,-1.1719008264462951
SMA10/25/75|BB3.0|MTF0|TP15/SL15|TR0-0|short,331,-0.9380585028440731,-0.7599687367239802,-0.5613446016569097,4,11,-22.545454545454508,-1.9428560020357544,-1.2843503667536234,0.904236011893273,50.15105740181269,-0.7492447129909346,-247.99999999999937,-0.7492447129909346,-1.3952804264131773,0.5114462599153886,0.6460357134222426,1.2631546343287756,short,False,-1.3309734513274536,-0.3974683544303646,-0.9851851851851918,0.23448275862072834
SMA10/25/75|BB3.0|MTF0|TP15/SL15|TR5-3|both,939,-1.1211780695616271,-2.0490891107617677,0.31446329583333527,4,11,-29.809090909107432,-3.69066221900316,-1.4294319689529735,0.9088077425813694,75.71884984025559,-0.3492012779554649,-327.90000000018154,-0.3492012779554649,-1.1256838399276847,0.24192756839868043,0.7764825619722198,3.2095662644475,both,True,-1.3269090909093229,-0.445077720207444,0.06618705035954366,0.5414507772018948
SMA10/25/75|BB3.0|MTF0|TP15/SL15|TR5-3|long,609,-0.17427973670593455,-0.998328690925809,0.6183965237969486,5,11,-3.6363636363741665,-2.300690558655052,-0.4907612841299613,0.981793354574368,77.01149425287356,-0.06568144499197995,-40.00000000011579,-0.06568144499197995,-1.301027221783564,0.3769662311015344,1.2353457767915839,3.277072784959479,long,True,-0.6376543209878703,-0.43135593220358065,0.5837563451774983,-0.006060606060798774
SMA10/25/75|BB3.0|MTF0|TP15/SL15|TR5-3|short,345,-2.0532379663743385,-2.78761087493527,-0.14366320724729098,4,11,-33.0090909090972,-3.6130450985998115,-2.4867555090658655,0.7595523475266166,72.17391304347827,-1.0524637681161426,-363.1000000000692,-1.0524637681161426,-1.0786793570796758,0.430623712726925,0.026215588963533154,0.06087818247983353,short,True,-2.2118644067799,-1.3559523809525824,-1.192592592592765,1.74838709677403
SMA10/25/75|BB3.0|MTF0|TP30/SL30|TR0-0|both,778,1.5410137870900156,-0.11983793843122217,2.2282278028793137,8,11,112.25454545455096,0.7645727833337568,1.2345698178695632,1.1214696768481671,54.498714652956295,1.5871465295630605,1234.8000000000611,1.5871465295630605,-0.5783737381899526,0.9711251011220188,2.165520267753013,2.2299086546635585,both,False,-0.6730088495575199,1.0961290322580697,2.426582278481153,4.011875000000167
SMA10/25/75|BB3.0|MTF0|TP30/SL30|TR0-0|long,526,1.7897026170395178,0.6131946202819265,1.8563053113370618,9,11,105.79090909091201,1.1430041139892901,1.46145591939831,1.1741309910368274,55.70342205323195,2.2123574144487304,1163.700000000032,2.2123574144487304,0.6334403239362777,1.7376022230739083,1.5789170905124528,0.9086758002181113,long,False,0.967123287671223,2.2622448979591745,2.737790697674554,2.999090909091012
SMA10/25/75|BB3.0|MTF0|TP30/SL30|TR0-0|short,314,-0.14718361185058332,-0.9187100484715339,0.6808103478322667,5,11,-6.709090909088468,-0.648420381205937,-0.5072477067863754,0.9830691229438681,50.955414012738856,-0.235031847133672,-73.79999999997301,-0.235031847133672,-0.9701767461547377,1.5292153407315192,0.7351448990210657,0.4807334058455103,short,False,-2.720388349514531,-0.25131578947366334,-0.43717948717937644,4.554385964912516
SMA10/25/75|BB3.0|MTF0|TP30/SL30|TR5-3|both,928,0.5380481925150139,-0.9867959897996986,1.572877525998059,4,11,20.454545454531548,-1.2381737880971062,0.2711118735789291,1.0575256308643786,85.99137931034483,0.24245689655155986,224.99999999984755,0.24245689655155986,-0.7444735436905711,0.11890731778186615,0.986930440242131,8.299997499335081,both,True,-0.7250922509226181,-0.5194736842105927,0.661818181817984,1.7614583333330411
SMA10/25/75|BB3.0|MTF0|TP30/SL30|TR5-3|long,605,0.5710800221054553,-0.9500468295218847,1.6079232894265305,7,11,17.77272727271824,-0.8436611078921551,0.24543329030831737,1.0759636307118037,85.6198347107438,0.32314049586760435,195.49999999990064,0.32314049586760435,-0.7665726411850997,0.4638605695773331,1.089713137052704,2.3492256262385998,long,True,-0.5745341614907983,-0.8715517241379905,1.4627551020406364,0.7757575757572837
SMA10/25/75|BB3.0|MTF0|TP30/SL30|TR5-3|short,344,-0.40928778719486536,-1.4931094672700047,0.8354504210609682,4,11,-9.236363636368248,-1.519567916012297,-0.7868052712858293,0.9336338101769873,85.17441860465115,-0.2953488372094496,-101.60000000005067,-0.2953488372094496,-0.8693834912991145,0.6224743360682651,0.5740346540896649,0.9221820416170733,short,True,-1.1203389830509325,-1.3380952380952866,-1.2425000000002298,3.909677419354542
SMA10/25/75|BB3.0|MTF0|TP20/SL10|TR0-0|both,877,-1.4518298830392817,-1.4262895213968567,-0.6331871358638037,4,11,-55.50909090907175,-3.11098732769386,-1.8050483069710634,0.9020453998556475,33.8654503990878,-0.6962371721776381,-610.5999999997887,-0.6962371721776381,-0.8313957482159587,0.49134633736824834,0.1351585760383206,0.27507801678599586,both,False,-1.3057915057910292,-0.7426966292130261,-0.8314176245210001,0.4290502793295388
SMA10/25/75|BB3.0|MTF0|TP20/SL10|TR0-0|long,566,-0.846649601627803,-0.9204336170209992,-0.2909023514027682,5,11,-25.79999999998869,-2.198287272456156,-1.2851888157236426,0.9286271156603146,34.45229681978799,-0.5014134275616172,-283.79999999987535,-0.5014134275616172,-0.38558494428305834,0.5379400454533068,-0.11582848327855888,-0.21531857361716494,long,False,-0.7922077922073212,-1.0222222222217572,-0.9549450549449752,1.0032786885244873
SMA10/25/75|BB3.0|MTF0|TP20/SL10|TR0-0|short,333,-1.4915241716127332,-1.0018544866179713,-1.105383472223845,2,11,-34.94545454544572,-2.5248405924505235,-2.0122445547459216,0.8418106995885087,32.432432432432435,-1.1543543543540622,-384.3999999999027,-1.1543543543540622,-0.7833477959376136,0.6595775121185166,-0.3710065584164486,-0.5624912183934252,short,False,-1.6964912280696947,-0.7468354430375231,-0.7999999999999298,-1.1389830508474383
SMA10/25/75|BB3.0|MTF0|TP20/SL10|TR5-3|both,950,-2.847431440935639,-3.6604850292001565,-0.5876429541535323,3,11,-68.28181818180957,-5.7103931720382395,-3.249962701762804,0.7972848969016669,63.78947368421053,-0.7906315789472685,-751.0999999999051,-0.7906315789472685,-1.1679532586562895,0.24032088036706864,0.377321679709021,1.5700744734818541,both,True,-1.7645390070920575,-0.9790816326529305,-0.5426523297490113,0.4652849740932824
SMA10/25/75|BB3.0|MTF0|TP20/SL10|TR5-3|long,611,-1.9346900675787746,-2.65875093979355,-0.3012569162068615,2,11,-35.81818181817725,-4.336553300694978,-2.3999006239203053,0.8303771310487472,64.6481178396072,-0.6448445171848602,-393.99999999994964,-0.6448445171848602,-1.188417117019531,0.2428363125023068,0.5435725998346708,2.2384321118758015,long,True,-1.3030864197529624,-1.1016806722687598,-0.4398989898989363,0.2674242424242575
SMA10/25/75|BB3.0|MTF0|TP20/SL10|TR5-3|short,348,-2.5460802308981454,-3.380580465797339,-0.4196746303689537,4,11,-36.809090909086656,-4.2872968957727196,-3.138053984317454,0.7202183526810574,61.49425287356321,-1.1635057471263026,-404.8999999999533,-1.1635057471263026,-1.106876565891289,0.36451980180262056,-0.056629181235013704,-0.15535282570376563,short,True,-2.457024793388262,-1.201190476190345,-0.7938271604936398,0.9290322580645202
SMA10/25/75|BB3.0|MTF0|TP10/SL20|TR0-0|both,888,-1.4203529174605625,0.1386567624084777,-2.067893005302328,2,11,-55.66363636365547,-3.0682216063664867,-1.647358780948841,0.8989687319527726,66.77927927927928,-0.6895270270272631,-612.3000000002096,-0.6895270270272631,-1.0220177190098654,0.49884147345671226,0.3324906919826023,0.666525759533614,both,False,-0.2705426356593834,0.4109289617481566,-1.6212686567164316,-1.0234636871508251
SMA10/25/75|BB3.0|MTF0|TP10/SL20|TR0-0|long,584,-1.216693698208611,-0.04584612708442649,-1.6021013160504398,6,11,-38.06363636364791,-2.575144312458922,-1.5035949926996401,0.895306678668733,66.78082191780823,-0.7169520547947376,-418.70000000012675,-0.7169520547947376,-0.8246810176862172,0.5806637281440878,0.1077289628914796,0.18552728140227034,long,False,0.32327044025109924,-0.2642857142861889,-1.0110526315789834,-2.019512195121882
SMA10/25/75|BB3.0|MTF0|TP10/SL20|TR0-0|short,334,-1.3589417491050075,-0.7450266911943217,-1.1703008551054854,5,11,-31.800000000008364,-2.4004557735392,-1.5873135962444906,0.8513513513513103,65.26946107784431,-1.0473053892218318,-349.8000000000918,-1.0473053892218318,-1.4588364511809118,0.6091291165675707,0.41153106195907996,0.6756056323133074,short,False,-1.198198198198654,-0.5365853658541165,-2.799999999999975,0.8393442622949888
SMA10/25/75|BB3.0|MTF0|TP10/SL20|TR5-3|both,934,-2.260777218313766,-2.579549397211503,-0.6390776872043296,2,11,-67.3181818181912,-4.537219194674384,-2.473744952114071,0.8110728409235578,79.7644539614561,-0.7928265524626369,-740.5000000001029,-0.7928265524626369,-1.2453658173469457,0.4061220826797886,0.45253926488430885,1.1142936673087003,both,True,-1.345620437956445,-1.4151041666668727,-0.36376811594201625,0.0015624999999931388
SMA10/25/75|BB3.0|MTF0|TP10/SL20|TR5-3|long,607,-1.3615241762096137,-1.6762277738504505,-0.27805639292456324,4,11,-31.590909090914398,-3.2641669862972473,-1.6304228211920087,0.8584636689475135,80.39538714991762,-0.5724876441516611,-347.50000000005826,-0.5724876441516611,-1.2181215007457111,0.38766541038034563,0.64563385659405,1.6654409686967089,long,True,-0.6117283950619784,-1.585470085470278,0.14081632653060186,-0.6856060606060099
SMA10/25/75|BB3.0|MTF0|TP10/SL20|TR5-3|short,344,-2.5102696296641507,-2.814597977236042,-0.7091887225740243,4,11,-45.400000000004304,-3.8947752071434576,-2.7690531035491395,0.6899484696094549,77.32558139534885,-1.4517441860466491,-499.4000000000473,-1.4517441860466491,-1.4086042415764144,0.3991486566126141,-0.043139944470234726,-0.10807989393311011,short,True,-2.276271186440899,-2.3833333333335522,-1.5999999999999297,1.5709677419353443
SMA20/50/200|BB3.0|MTF1|TP20/SL20|TR0-0|both,1111,-0.36265117376741784,-0.0022744401402338427,-0.4801096019734965,5,11,-21.972727272726544,-1.7014373107985652,-0.6602390495297149,0.977897066354525,50.94509450945095,-0.21755175517550968,-241.69999999999123,-0.21755175517550968,-0.6005777166803764,0.38205954803018977,0.38302596150486673,1.0025294838976269,both,False,-0.47654723127035076,0.3061728395061798,0.021428571428581768,-0.9015228426395884
SMA20/50/200|BB3.0|MTF1|TP20/SL20|TR0-0|long,742,0.20992305042806647,0.06828491442002942,0.21828481270105485,8,11,10.454545454544746,-0.8771896016527194,-0.10730310076498364,1.0160929191155883,51.886792452830186,0.15498652291104154,114.99999999999282,0.15498652291104154,-0.12864931544337135,0.5271537135668056,0.28363583835441286,0.5380514848985656,long,False,-0.8436464088397834,0.6093959731543875,0.79141791044774,-0.24444444444447586
SMA20/50/200|BB3.0|MTF1|TP20/SL20|TR0-0|short,385,-0.6217428011738282,0.5080192483046467,-1.372233251785624,5,11,-21.927272727271532,-1.4206620816209994,-1.105745506956847,0.9373783004906947,49.61038961038961,-0.6264935064934715,-241.19999999998652,-0.6264935064934715,-1.4794752652867842,0.18059692087376206,0.8529817587933127,4.723124595183714,short,False,0.2774436090225829,0.10999999999998288,-1.6928571428570705,-2.2814814814813977
SMA20/50/200|BB3.0|MTF1|TP20/SL20|TR5-3|both,1267,-1.2901026881457187,-1.9549337420871027,0.0007209714078013243,3,11,-43.345454545456555,-4.045195322514283,-1.5278477197879545,0.9033604929263387,81.13654301499605,-0.37632202052093283,-476.8000000000219,-0.37632202052093283,-0.9908526654198069,0.22816597805319555,0.6145306448988741,2.6933491581098035,both,True,-0.8211267605634811,-1.0679442508711863,0.3885856079404586,-0.15945945945928147
SMA20/50/200|BB3.0|MTF1|TP20/SL20|TR5-3|long,861,-0.3616109376502145,-1.2406173079140355,0.6010200764151157,3,11,-9.863636363638726,-2.6704785827364668,-0.6313432367317992,0.9656884447536437,81.99767711962835,-0.12601626016263168,-108.50000000002586,-0.12601626016263168,-1.0918087892341621,0.3102999698907502,0.9657925290715305,3.1124480270222543,long,True,-0.5985714285715159,-0.6730769230770515,0.7052980132450257,-0.4389221556885156
SMA20/50/200|BB3.0|MTF1|TP20/SL20|TR5-3|short,413,-1.6806368988880864,-1.7836706240750446,-0.6596839061635718,4,11,-33.518181818181525,-3.2008148840575843,-2.0613610816296335,0.7949274153178701,78.93462469733656,-0.8927360774818324,-368.69999999999675,-0.8927360774818324,-1.2994176377255051,0.3595193939953401,0.40668156024367275,1.1311811463749406,short,True,-1.2716216216217424,-1.4862385321101617,-0.558415841584088,0.6890909090913014
SMA20/50/200|BB3.0|MTF1|TP15/SL15|TR0-0|both,1178,-0.8911674646980761,-0.16581855004164667,-1.049770601893899,4,11,-41.88181818181665,-2.720610011908599,-1.1815122623390575,0.9487758233449748,51.188455008488965,-0.3910865874363177,-460.69999999998225,-0.3910865874363177,-0.8629134973154009,0.2982482232224457,0.4718269098790832,1.5819940343020096,both,False,-0.23303030303027872,-0.2162264150943245,-0.47303664921464594,-0.7253731343283557
SMA20/50/200|BB3.0|MTF1|TP15/SL15|TR0-0|long,789,0.2228211297767102,0.5116004669873849,-0.1441064281121745,7,11,8.663636363638766,-1.257219467444472,-0.0771436990750731,1.0163973915587021,52.72496831432193,0.12078580481625731,95.30000000002701,0.12078580481625731,-0.7088607979342588,0.36798759137402953,0.8296466027505162,2.2545504853919045,long,False,0.17668393782387357,0.8854545454546002,-0.19964664310951633,-0.1918918918918689
SMA20/50/200|BB3.0|MTF1|TP15/SL15|TR0-0|short,399,-1.6079428017656319,-0.637925731750795,-1.6317147011076623,3,11,-43.44545454545512,-2.692608761082943,-2.0466369163017424,0.8508054445554476,48.62155388471178,-1.1977443609022704,-477.90000000000595,-1.1977443609022704,-0.923547343899909,0.5794779974921285,-0.27419701700236143,-0.47317934104320514,short,False,-0.6260563380281599,-1.706796116504894,-1.1000000000000112,-1.9111111111111536
SMA20/50/200|BB3.0|MTF1|TP15/SL15|TR5-3|both,1276,-1.7789124818060127,-2.5935735612904276,-0.06473614363778578,3,11,-49.736363636381796,-5.1189299115535905,-2.04770511868046,0.8815313657131332,77.03761755485894,-0.42876175548605,-547.1000000001998,-0.42876175548605,-1.0997790875505566,0.17382827069579143,0.6710173320645066,3.860231304025466,both,True,-0.964887640449603,-0.9100000000001628,0.15798525798506236,-0.017937219731005604
SMA20/50/200|BB3.0|MTF1|TP15/SL15|TR5-3|long,867,-0.5401550928617013,-1.6424534439139455,0.724738801344767,3,11,-12.3090909091048,-3.326924776077797,-0.8201129647890426,0.9539408783208667,78.31603229527106,-0.15617070357572418,-135.40000000015286,-0.15617070357572418,-1.1993812680788787,0.2631340551249286,1.0432105645031544,3.964559296621137,long,True,-0.7303317535546684,-0.6311475409837943,0.38459016393423495,0.10059523809508875
SMA20/50/200|BB3.0|MTF1|TP15/SL15|TR5-3|short,415,-2.221470317366508,-2.360075196492626,-0.8801015429769585,3,11,-36.972727272731554,-4.047097216365079,-2.6609466674554656,0.7607224804377051,73.97590361445782,-0.9800000000001131,-406.70000000004694,-0.9800000000001131,-1.2002294928998918,0.22531529263151892,0.22022949289977867,0.977428075687443,short,True,-1.3972972972974609,-1.1454545454546576,-0.5196078431374624,-0.37999999999980355
SMA20/50/200|BB3.0|MTF1|TP30/SL30|TR0-0|both,1019,1.0704072770374073,-0.16754591470761235,1.545321500312561,7,11,89.08181818182024,0.18018287454684453,0.7940719269907366,1.0720011756493628,52.01177625122669,0.9616290480863817,979.9000000000229,0.9616290480863817,-0.16671011209232042,0.5872641499701978,1.128339160178702,1.9213486132875002,both,False,-1.228368794326251,1.5165898617511198,2.4708823529412243,0.8727777777778695
SMA20/50/200|BB3.0|MTF1|TP30/SL30|TR0-0|long,677,1.2372090146497725,0.7659067759597913,0.9707547246077493,7,11,84.35454545454704,0.5163356459521838,0.9049405497884767,1.1038465412465166,53.028064992614475,1.370605612998549,927.9000000000177,1.370605612998549,0.6367408216914907,0.8819071953289445,0.7338647913070584,0.832133806361941,long,False,-0.5184523809523984,2.243076923076892,2.0297188755020614,1.676923076923163
SMA20/50/200|BB3.0|MTF1|TP30/SL30|TR0-0|short,367,0.25816119782781166,-0.35818339047154674,0.6928331147896664,6,11,12.56363636363645,-0.2908350141178782,-0.18435175229309306,1.0281037112353832,50.13623978201635,0.3765667574931909,138.20000000000107,0.3765667574931909,-0.6307583277392368,0.7566707013693931,1.0073250852324276,1.331259533915361,short,False,-0.960483870967764,0.29247311827953015,3.132291666666717,-1.3074074074073574
SMA20/50/200|BB3.0|MTF1|TP30/SL30|TR5-3|both,1254,-0.08960556065184272,-1.2429454934663051,1.0234892539829996,5,11,-3.6636363636487412,-2.328017376137905,-0.38889858138360217,0.9919303163796281,86.52312599681021,-0.03213716108463785,-40.30000000013587,-0.03213716108463785,-0.9809042409488946,0.22718787711694916,0.9487670798642568,4.176134272234347,both,True,-0.5901408450704491,-0.8878136200717172,0.39975124378085597,1.1752293577980668
SMA20/50/200|BB3.0|MTF1|TP30/SL30|TR5-3|long,857,0.7433858088857637,-0.053049406678598754,1.003631192586206,7,11,24.53636363635309,-1.152151846551486,0.45680012881250903,1.0850105515133956,87.16452742123687,0.3149358226369713,269.8999999998844,0.3149358226369713,-0.9704022813426254,0.4168289935859808,1.2853381039795968,3.0836101225153034,long,True,-0.03619047619049657,-0.0143646408840344,0.5794701986752648,0.6408536585363943
SMA20/50/200|BB3.0|MTF1|TP30/SL30|TR5-3|short,413,-1.2273807499373817,-1.8899089318602484,0.13532579555520677,4,11,-29.427272727274477,-2.4889047050699022,-1.6015093803552467,0.82838511292545,84.7457627118644,-0.7837772397094895,-323.7000000000192,-0.7837772397094895,-0.8249944755394333,0.5541279300371759,0.041217235829943744,0.07438216627553591,short,True,-1.656081081081117,-2.0651376146788776,-0.09702970297055596,2.8418181818183617
SMA20/50/200|BB3.0|MTF1|TP20/SL10|TR0-0|both,1177,-0.5650403639679316,-0.6524715762033745,-0.18089003748221608,6,11,-25.58181818179291,-2.4637319342996955,-0.9759181508485246,0.9655834546188693,35.34409515717927,-0.23908241291395166,-281.3999999997211,-0.23908241291395166,-0.6598026173000722,0.22027271040171403,0.4207202043861205,1.9099969470518974,both,False,-0.8443425076447896,0.2707031250004437,0.26373056994821453,-0.8480769230769203
SMA20/50/200|BB3.0|MTF1|TP20/SL10|TR0-0|long,787,0.40118430585999804,-0.24184901508867046,0.7097621585529025,6,11,14.9454545454683,-1.1389108251365365,-0.021132300589377193,1.030845435100784,36.72172808132147,0.20889453621366177,164.4000000001518,0.20889453621366177,-0.17385886040291143,0.25492658239513044,0.3827533966165732,1.5014259910459793,long,False,-0.5407407407402773,0.5569620253168907,0.526132404181198,0.18039215686268933
SMA20/50/200|BB3.0|MTF1|TP20/SL10|TR0-0|short,398,-1.229892152050192,-0.12530796871129746,-1.6184328395400958,4,11,-31.4636363636249,-2.371217445906688,-1.6902879127410186,0.8790705800140141,33.41708542713568,-0.8695979899494316,-346.0999999998738,-0.8695979899494316,-0.9105911289576776,0.3709729032717558,0.04099313900824597,0.11050170685435882,short,False,-0.9943262411342796,0.08811881188164367,-0.2999999999999429,-3.299999999999858
SMA20/50/200|BB3.0|MTF1|TP20/SL10|TR5-3|both,1293,-3.131062588352812,-3.6745457270048325,-0.9544730957324471,2,11,-77.31818181816921,-6.9477851356765585,-3.4680991278048183,0.8138623829116902,67.20804331013149,-0.6577726218096375,-850.4999999998613,-0.6577726218096375,-0.9693381172303501,0.19836245161888508,0.31156549542071266,1.5706878639477861,both,True,-1.260055865921631,-0.8546075085322768,-0.15084337349395513,-0.3806167400879687
SMA20/50/200|BB3.0|MTF1|TP20/SL10|TR5-3|long,879,-1.660512300301894,-2.099524762910943,-0.3518854754528616,4,11,-33.654545454539424,-4.8296182214144165,-2.0340930073371615,0.8746741595856485,68.71444823663253,-0.4211604095562384,-370.19999999993354,-0.4211604095562384,-1.0891180961740807,0.11732495044305577,0.6679576866178423,5.693227945934985,long,True,-0.9355450236965555,-0.6211956521737932,-0.13674121405749212,-0.09181286549700227
SMA20/50/200|BB3.0|MTF1|TP20/SL10|TR5-3|short,418,-2.9099719406395725,-3.1509753182314646,-1.209125946447289,2,11,-41.954545454538895,-5.028304451292311,-3.4304223845362074,0.7151234567901534,64.11483253588517,-1.1040669856457601,-461.4999999999277,-1.1040669856457601,-0.8715525719346309,0.3500351005873256,-0.23251441371112924,-0.6642602793862449,short,True,-1.7134228187917495,-1.0423423423421554,-0.19411764705878676,-1.2624999999996713
SMA20/50/200|BB3.0|MTF1|TP10/SL20|TR0-0|both,1204,-1.8981677960692334,-0.9148530094476399,-1.7214311465800958,3,11,-84.42727272729995,-3.880212526438548,-2.1214936859362896,0.8876060463033177,66.27906976744185,-0.7713455149504143,-928.7000000002987,-0.7713455149504143,-0.9056863991313808,0.33222930572459825,0.13434088418096657,0.40436193275595184,both,False,-0.8892537313437439,-0.3836363636368308,-0.41465295629827137,-1.7756097560975062
SMA20/50/200|BB3.0|MTF1|TP10/SL20|TR0-0|long,814,-0.5904717238710683,-0.30757995127191934,-0.5154482946889519,4,11,-21.609090909109003,-2.2191340282137335,-0.8020334646039328,0.9552867703767417,67.81326781326781,-0.292014742014986,-237.70000000019863,-0.292014742014986,-0.7787103918915441,0.42091726604622637,0.4866956498765581,1.156273902584713,long,False,-0.39650000000046803,0.3728323699417265,0.027241379310241794,-1.5284768211920114
SMA20/50/200|BB3.0|MTF1|TP10/SL20|TR0-0|short,403,-2.38480744571835,-1.4512340032333504,-1.9053060790795069,2,11,-61.154545454555176,-3.537555785441049,-2.7239466982085636,0.7759235202024868,63.0272952853598,-1.669230769231034,-672.7000000001067,-1.669230769231034,-1.4350477769796308,0.5195919167615439,-0.23418299225140315,-0.4507056108782321,short,False,-1.6063380281694624,-1.515094339623107,-1.5999999999999832,-2.2545454545453723
SMA20/50/200|BB3.0|MTF1|TP10/SL20|TR5-3|both,1267,-2.472811769222215,-2.445669083814321,-1.11706838806358,2,11,-79.74545454546139,-5.346021791359216,-2.704377396838453,0.822206007539809,81.13654301499605,-0.6923441199684884,-877.2000000000749,-0.6923441199684884,-1.2172883495078826,0.13587898105155974,0.5249442295393941,3.8633217991250777,both,True,-1.0273239436621366,-1.1850174216029379,-0.13598014888338503,-0.5297297297295914
SMA20/50/200|BB3.0|MTF1|TP10/SL20|TR5-3|long,861,-1.3880311712319906,-1.6741717553656155,-0.3575353364488092,3,11,-36.19090909091418,-3.808164588775871,-1.6571999309742127,0.8741066346214458,81.99767711962835,-0.462369337979159,-398.1000000000559,-0.462369337979159,-1.1004260515559279,0.3478602537541357,0.6380567135767689,1.8342328756758202,long,True,-0.7942857142858768,-0.8736263736265462,0.16490066225162753,-0.7311377245507907
SMA20/50/200|BB3.0|MTF1|TP10/SL20|TR5-3|short,413,-2.2759166377837463,-2.0419334260375046,-1.2141390903164468,3,11,-43.772727272729185,-3.8541884453917925,-2.6005240868363324,0.7321875521441532,78.93462469733656,-1.1658595641646996,-481.5000000000209,-1.1658595641646996,-1.3418624009018856,0.24791804032898915,0.17600283673718597,0.7099234751276222,short,True,-1.488513513513681,-1.4779816513762682,-1.035643564356393,0.08181818181841287
SMA10/25/75|BB2.5|MTF1|TP20/SL20|TR0-0|both,1235,0.10066138706093677,-0.8463114651136199,0.9172915992289625,7,11,6.490909090905972,-1.2941654568732222,-0.1443936068516557,1.0059475218658862,52.06477732793522,0.05781376518215943,71.3999999999669,0.05781376518215943,-0.6466751911082417,0.5773051425308,0.7044889562904011,1.2203060468196256,both,False,0.011944444444440844,-1.5735632183908126,0.5343324250681137,1.1404858299594016
SMA10/25/75|BB2.5|MTF1|TP20/SL20|TR0-0|long,797,0.7720705006342345,-0.3185717164643213,1.32738073350586,7,11,39.554545454542456,-0.360817861095464,0.4727791944022443,1.057599385747756,53.324968632371395,0.5459222082810133,435.0999999999676,0.5459222082810133,0.37535408862105774,0.57427365682046,0.1705681196599556,0.2970153995994313,long,False,0.22697674418604563,-0.7911949685534708,0.9624999999999727,1.5910179640717164
SMA10/25/75|BB2.5|MTF1|TP20/SL20|TR0-0|short,492,-0.7168505304092481,-0.42287504163772455,-0.585971115866627,5,11,-28.636363636364045,-1.6177385644929843,-1.0904071856166848,0.9361093645417095,50.20325203252033,-0.640243902439033,-315.0000000000042,-0.640243902439033,-1.5978259360345937,0.8319930646745065,0.9575820335955607,1.1509495382274457,short,False,-0.15471698113207846,-2.1,-0.8121951219511849,0.8470588235293182
SMA10/25/75|BB2.5|MTF1|TP20/SL20|TR5-3|both,1427,-1.6315285540954092,-3.1891427597198514,0.713676515131969,3,11,-58.272727272737114,-4.54821225251478,-1.9386256021531831,0.8871379522845114,80.72880168185004,-0.449194113524953,-641.0000000001079,-0.449194113524953,-0.9331603039829159,0.18173531913054866,0.48396619045796296,2.6630277085012204,both,True,-1.0446078431374441,-1.640566037735993,0.3361904761904845,0.5896797153025322
SMA10/25/75|BB2.5|MTF1|TP20/SL20|TR5-3|long,910,0.3054590551580694,-1.4751646630831001,1.8343277740232118,5,11,8.418181818173565,-2.1080962790343665,-0.04585495815691197,1.0284188558801592,82.52747252747253,0.10175824175814221,92.59999999990941,0.10175824175814221,-0.881807635813925,0.35879596786647433,0.9835658775720671,2.7412957938760907,long,True,-0.4772151898735973,-1.0647368421053978,1.016838487972418,0.5838541666666873
SMA10/25/75|BB2.5|MTF1|TP20/SL20|TR5-3|short,544,-3.14831316283758,-3.1348622056726674,-1.3909788335735305,3,11,-73.05454545454751,-4.859030466736671,-3.5904267802058256,0.6870107108081673,77.20588235294117,-1.4772058823529828,-803.6000000000226,-1.4772058823529828,-1.0860269059311292,0.5215025098260964,-0.3911789764218536,-0.7500998922369496,short,True,-1.854748603352149,-2.6489510489512123,-1.1435114503814756,0.6263736263737227
SMA10/25/75|BB2.5|MTF1|TP15/SL15|TR0-0|both,1335,-0.5899937545683767,-0.36670887205062935,-0.4643148278236864,4,11,-29.52727272727047,-2.529970311433308,-0.8578697302125693,0.9678431760803955,51.91011235955057,-0.24329588014979353,-324.7999999999744,-0.24329588014979353,-0.7102576774761865,0.3030487822810694,0.466961797326393,1.5408799659630334,both,False,-0.8270341207349182,0.20201342281883114,0.31933842239190086,-0.7429657794676788
SMA10/25/75|BB2.5|MTF1|TP15/SL15|TR0-0|long,849,-0.17525391993456313,-0.0335456825876051,-0.20905978174814527,5,11,-6.918181818179883,-1.7464904587202235,-0.5117615188023638,0.9880293210847577,52.29681978798587,-0.08963486454649922,-76.09999999997784,-0.08963486454649922,-0.3033276329396757,0.30538586410735497,0.21369276839317647,0.6997467581474406,long,False,-0.08888888888886577,0.2468571428571795,0.2106617647059221,-0.8847457627118674
SMA10/25/75|BB2.5|MTF1|TP15/SL15|TR0-0|short,517,-0.7898281068919604,-0.8955075980826532,-0.22601132554580247,3,11,-24.399999999999668,-2.0132607486918617,-1.1472768099778081,0.9323264668061857,51.06382978723404,-0.5191489361702049,-268.3999999999959,-0.5191489361702049,-1.5175182406849046,0.3857731904016329,0.9983693045146997,2.5879696395576013,short,False,-1.594082840236728,-0.04696969696966545,0.026771653543338825,0.04269662921351485
SMA10/25/75|BB2.5|MTF1|TP15/SL15|TR5-3|both,1447,-2.212387685067484,-3.2481653505010795,-0.06394997210360347,3,11,-67.71818181820889,-5.6583099412478255,-2.5231216794015463,0.8608937608544938,76.50310988251555,-0.5147892190741516,-744.9000000002975,-0.5147892190741516,-1.0704641109570405,0.07766302377168939,0.5556748918828889,7.1549479391433355,both,True,-0.9657766990293696,-1.403658536585571,0.18537735849036077,0.12296819787970605
SMA10/25/75|BB2.5|MTF1|TP15/SL15|TR5-3|long,915,-0.18765288482250056,-1.3545973776613744,0.9637731148344005,4,11,-4.518181818199462,-2.968414974531009,-0.5395034579572713,0.9839012697589425,78.46994535519126,-0.05431693989092234,-49.70000000019394,-0.05431693989092234,-0.9583353518184954,0.2196774027381006,0.904018411927573,4.115208941200674,long,True,-0.3159663865548426,-0.9197916666668539,0.7030821917805672,-0.0165803108809908
SMA10/25/75|BB2.5|MTF1|TP15/SL15|TR5-3|short,548,-3.406912734821918,-3.352776929526964,-1.4847648351656204,1,11,-64.9090909091006,-5.498475480111235,-3.8525411328499297,0.6937856499549339,72.99270072992701,-1.3029197080293917,-714.0000000001066,-1.3029197080293917,-1.0372296025085914,0.2641180487410947,-0.2656901055208003,-1.0059520990223831,short,True,-1.8690607734809315,-2.0293706293708658,-0.9421052631579965,0.4373626373625174
SMA10/25/75|BB2.5|MTF1|TP30/SL30|TR0-0|both,1093,0.2330069367244073,-1.1261692030247348,1.2786720301938581,5,11,20.3000000000041,-0.6797822323984272,-0.04174284803220444,1.0148540867031668,51.692589204025616,0.2043000914913501,223.30000000004566,0.2043000914913501,0.03393731970335754,0.8292846624827012,0.17036277178799256,0.2054334048310538,both,False,-0.6525641025641232,-1.8755656108597143,1.6921511627907817,1.200462962963054
SMA10/25/75|BB2.5|MTF1|TP30/SL30|TR0-0|long,722,1.2668328930227677,-0.012673267939884953,1.6524263086808617,6,11,88.6727272727302,0.5180967230276029,0.9434638982852819,1.1029185219575004,53.601108033241,1.3509695290859178,975.4000000000326,1.3509695290859178,0.7377371856111792,0.7369626049379084,0.6132323434747387,0.8321078157370082,long,False,1.1984924623115165,-1.7489208633093651,2.8468619246862965,2.066206896551846
SMA10/25/75|BB2.5|MTF1|TP30/SL30|TR0-0|short,461,-1.3985122791353362,-0.9160809642674096,-1.05603120633339,4,11,-77.6181818181809,-2.0038749473181854,-1.7110266881735074,0.8738549731103387,47.939262472885034,-1.8520607375270928,-853.7999999999897,-1.8520607375270928,-1.9712212827636844,1.2358053820129637,0.11916054523659159,0.09642339074660349,short,False,-1.5200000000000176,-2.931034482758543,-1.81610169491523,-0.9646341463414523
SMA10/25/75|BB2.5|MTF1|TP30/SL30|TR5-3|both,1403,0.043196564693460615,-1.72794308135928,1.527512618125696,5,11,1.8909090908893285,-2.295222874046056,-0.27064393186548075,1.0037101118384284,86.3863150392017,0.01482537419799235,20.799999999783267,0.01482537419799235,-0.7397697184211239,0.2967846138694504,0.7545950926191163,2.5425681027758658,both,True,-0.836228287841297,-1.2087378640777406,0.5306954436448403,1.861313868612953
SMA10/25/75|BB2.5|MTF1|TP30/SL30|TR5-3|long,903,1.5959770111515117,-1.2371193130813152,3.327767168726143,5,11,53.79090909089493,-0.3550257617940333,1.226838060208605,1.1873001804310839,87.81838316722038,0.6552602436321642,591.6999999998443,0.6552602436321642,-0.9485305687865558,0.3965581761018102,1.60379081241872,4.044276247646881,long,True,-0.4974683544304943,-1.0427807486631666,1.6024054982815037,2.3313829787232234
SMA10/25/75|BB2.5|MTF1|TP30/SL30|TR5-3|short,544,-1.9172466545614817,-1.540595291054662,-1.2069566974622943,4,11,-55.12727272727857,-3.2968066318752487,-2.283952095286847,0.7696748708598988,83.82352941176471,-1.1147058823530591,-606.4000000000642,-1.1147058823530591,-1.0173353787697046,0.42201132982957484,-0.09737050358335453,-0.23072959586814093,short,True,-1.115642458100653,-1.8251748251748912,-1.7328244274810747,0.893406593406403
SMA10/25/75|BB2.5|MTF1|TP20/SL10|TR0-0|both,1331,-0.7942726314223967,-0.4137096166497605,-0.706373287982548,5,11,-37.372727272697986,-2.853331534108659,-1.1501229424329398,0.9556358927319161,35.236664162284,-0.3088655146503958,-411.0999999996768,-0.3088655146503958,-0.7422821635717913,0.2543229836939343,0.43341664892139553,1.7041977198686533,both,False,-0.06569920844281771,-0.6054421768702887,-0.37309644670044617,-0.23181818181821376
SMA10/25/75|BB2.5|MTF1|TP20/SL10|TR0-0|long,841,-0.22454128390867478,-0.7458140826655385,0.4024381552206136,7,11,-8.327272727256918,-1.882187280246418,-0.6686588331689622,0.9841962699056555,35.79072532699168,-0.10891795481548802,-91.59999999982543,-0.10891795481548802,-0.25196875740381863,0.37447044194669593,0.1430508025883306,0.38200826170598856,long,False,-0.0360360360355827,-1.1405882352936545,0.3877323420074484,0.033333333333285725
SMA10/25/75|BB2.5|MTF1|TP20/SL10|TR0-0|short,511,-0.963358332551355,0.572646307287033,-1.9559925175006005,5,11,-28.38181818180418,-2.23131427865059,-1.4229435429980257,0.9133211172192066,34.44227005870842,-0.6109589041092872,-312.1999999998458,-0.6109589041092872,-1.4803285659618397,0.43892066490076115,0.8693696618525525,1.9806988628551239,short,False,0.19272727272772325,-0.07615384615339664,-2.348461538461357,-0.33488372093025914
SMA10/25/75|BB2.5|MTF1|TP20/SL10|TR5-3|both,1464,-3.669841257410239,-4.168362125455119,-1.3075014230955282,1,11,-101.10909090908021,-7.521265459754434,-4.126724711530797,0.7926160730934291,65.98360655737704,-0.759699453551832,-1112.199999999882,-0.759699453551832,-1.0149604841365836,0.13947204624919216,0.2552610305847516,1.83019492041209,both,True,-1.2473684210525378,-1.2594594594593191,-0.3140845070422154,-0.1310104529616177
SMA10/25/75|BB2.5|MTF1|TP20/SL10|TR5-3|long,922,-1.8893197535149326,-3.3160823175729623,0.35363368775077586,4,11,-40.7909090909045,-5.0126042328161935,-2.377048533655553,0.8613154478580788,67.353579175705,-0.4866594360086218,-448.69999999994934,-0.4866594360086218,-1.0736270627093483,0.1353348004292405,0.5869676267007264,4.3371521946982226,long,True,-1.0401673640166524,-1.3652849740931068,-0.003754266211624253,0.3274111675127208
SMA10/25/75|BB2.5|MTF1|TP20/SL10|TR5-3|short,550,-3.6626240948482347,-3.015989320117719,-2.252721664413742,0,11,-61.05454545453929,-6.055482195331897,-4.2747169451764355,0.6875116322352655,63.81818181818182,-1.221090909090786,-671.5999999999323,-1.221090909090786,-1.058129943366588,0.3600649590976508,-0.16296096572419794,-0.4525876834352059,short,True,-1.449999999999895,-1.2314685314684157,-0.9798507462684978,-1.1021978021976837
SMA10/25/75|BB2.5|MTF1|TP10/SL20|TR0-0|both,1351,-1.4185227173761512,-1.0847534237508452,-0.9282501984200504,3,11,-66.43636363639642,-3.5198667054091453,-1.646044599423324,0.9195694522401942,67.35751295336787,-0.540932642487313,-730.8000000003598,-0.540932642487313,-0.9920331951764487,0.2736968587732808,0.45110055268913574,1.6481758494086658,both,False,-0.7329048843192426,-0.7865771812085193,-0.5231738035265084,-0.013483146067460684
SMA10/25/75|BB2.5|MTF1|TP10/SL20|TR0-0|long,867,-0.5832033472185753,-0.5070169421572643,-0.3226263852739263,5,11,-21.80909090911119,-2.280754928886103,-0.86227022525247,0.9576873555919667,68.16608996539793,-0.2767012687430479,-239.90000000022252,-0.2767012687430479,-0.8455850206412998,0.3844933334459729,0.5688837518982519,1.4795672705159884,long,False,-0.1878787878792672,-0.5617977528094564,-0.5115523465704616,0.24972375690601778
SMA10/25/75|BB2.5|MTF1|TP10/SL20|TR0-0|short,523,-2.0923624216866434,-1.8754408258725443,-1.0962662834406234,2,11,-61.90909090910416,-3.388410242003275,-2.375751029974691,0.8201077768385054,64.81835564053537,-1.3021032504782897,-681.0000000001455,-1.3021032504782897,-0.9707722284732917,0.3151549393341207,-0.331331022004998,-1.0513273969465784,short,False,-1.889940828402829,-1.445255474453012,-1.1937007874015861,-0.13333333333337144
SMA10/25/75|BB2.5|MTF1|TP10/SL20|TR5-3|both,1427,-2.87359137997386,-3.5802897985506466,-0.5376006774188702,2,11,-98.00000000001401,-5.928829312871201,-3.1025145754844194,0.8101945593801971,80.72880168185004,-0.7554309740715865,-1078.000000000154,-0.7554309740715865,-1.120249440635978,0.22204645667325776,0.36481846656439143,1.6429826083702082,both,True,-1.1132352941178714,-1.8540880503146546,-0.03023809523812458,-0.07651245551597838
SMA10/25/75|BB2.5|MTF1|TP10/SL20|TR5-3|long,910,-0.7646682118576599,-1.9287774768897583,0.8422909779861376,4,11,-20.027272727283354,-3.307534412676836,-1.0445135405923796,0.9323901301251779,82.52747252747253,-0.2420879120880404,-220.30000000011677,-0.2420879120880404,-1.0249056964481442,0.2345021389415014,0.7828177843601039,3.338211702006627,long,True,-0.5793248945149975,-1.377894736842292,0.5907216494844274,0.03593750000002425
SMA10/25/75|BB2.5|MTF1|TP10/SL20|TR5-3|short,544,-3.8023527454904658,-3.194853461934925,-2.1887921030151514,1,11,-84.8363636363677,-5.582829275029375,-4.070416552464319,0.6365335929892681,77.20588235294117,-1.7154411764706703,-933.2000000000446,-1.7154411764706703,-1.3788835752490107,0.26449978007107444,-0.33655760122165956,-1.2724305522341919,short,True,-1.86201117318457,-2.763636363636568,-1.3717557251907169,-0.27472527472520264
SMA20/50/200|BB3.0|MTF0|TP20/SL20|TR0-0|both,1437,0.25451544828615413,0.5697514228542263,-0.17007591785219983,6,11,17.390909090908014,-1.2782175742680215,-0.02683689272300499,1.0137694251103055,51.913709116214335,0.13312456506610215,191.29999999998878,0.13312456506610215,-0.5991971375900775,0.3524308950971987,0.7323217026561797,2.0779157356627573,both,False,0.11358313817331142,0.3134228187919549,0.6262672811059511,-0.8000000000000004
SMA20/50/200|BB3.0|MTF0|TP20/SL20|TR0-0|long,946,0.9601356367315738,0.16523961498349732,1.1239132015497297,7,11,53.7727272727244,-0.26948310488249494,0.6885250617934319,1.066360760203736,53.17124735729387,0.6252642706130751,591.4999999999691,0.6252642706130751,-0.1229490301640324,0.3490809197297425,0.7482133007771075,2.1433806847889945,long,False,-0.45366795366795165,0.8689839572192799,1.4361563517914597,0.5471502590672811
SMA20/50/200|BB3.0|MTF0|TP20/SL20|TR0-0|short,565,-0.46309768270934154,0.8704379022593111,-1.516209447278036,6,11,-19.581818181817184,-1.4398053114933782,-0.8549751491552429,0.9612729234088473,50.26548672566372,-0.38123893805307735,-215.3999999999887,-0.38123893805307735,-1.0602330406989295,0.46284357420149747,0.6789941026458521,1.46700557270836,short,False,0.8340101522842824,-0.21285714285715146,-1.2999999999999772,-1.8752688172042402
SMA20/50/200|BB3.0|MTF0|TP20/SL20|TR5-3|both,1671,-1.047470289370359,-1.7737270206497784,0.1974098674869134,5,11,-40.12727272728031,-4.227838788816791,-1.2721026188291211,0.9316464321109871,81.2687013764213,-0.264153201675693,-441.400000000083,-0.264153201675693,-1.0571694916088588,0.16066498538248836,0.7930162899331658,4.935837687628485,both,True,-0.6005940594060664,-0.9767759562842636,0.2539256198347196,0.30537974683549535
SMA20/50/200|BB3.0|MTF0|TP20/SL20|TR5-3|long,1091,-0.022303866629258373,-1.0609361679225857,0.9283559804842829,5,11,-0.681818181824735,-2.630667537539351,-0.27439334109070607,0.9981051035876524,82.21814848762602,-0.006874427131138372,-7.500000000071964,-0.006874427131138372,-0.8984522040739966,0.20524012772391634,0.8915777769428582,4.344071438808426,long,True,-0.43367003367015544,-0.33568281938337785,0.750144927536211,-0.27612612612613385
SMA20/50/200|BB3.0|MTF0|TP20/SL20|TR5-3|short,606,-1.7549913718619738,-1.7958236867242052,-0.7509612670005367,3,11,-42.73636363636514,-3.5808184499745077,-2.106696393173481,0.8198229274462377,79.20792079207921,-0.7757425742574531,-470.10000000001656,-0.7757425742574531,-0.8664094844860875,0.21586813267074134,0.09066691022863438,0.42001062920633364,short,True,-0.9922374429225204,-1.6934210526316655,-1.1207142857142032,1.7000000000001796
SMA20/50/200|BB3.0|MTF0|TP15/SL15|TR0-0|both,1539,-0.397533460525591,0.29135545550425673,-0.8057789130691073,4,11,-21.245454545451345,-2.4946615540831556,-0.6456002472699652,0.9797558926204764,52.046783625730995,-0.15185185185182842,-233.69999999996395,-0.15185185185182842,-0.6487675190726994,0.20441253469774914,0.49691566722087094,2.430945186192355,both,False,0.1375536480687059,0.057957957957983565,-0.22879120879118645,-0.74736842105263
SMA20/50/200|BB3.0|MTF0|TP15/SL15|TR0-0|long,1002,0.7676542557983863,1.0757413210525228,0.07981091055854099,6,11,33.290909090913125,-0.9163543075655978,0.5057273128051973,1.0504817965012931,53.59281437125748,0.3654690618762926,366.2000000000452,0.3654690618762926,-0.4252681874980572,0.3688876205886372,0.7907372493743499,2.143572202592658,long,False,0.4222627737226808,0.9707317073171333,0.1904024767802245,-0.04999999999997158
SMA20/50/200|BB3.0|MTF0|TP15/SL15|TR0-0|short,587,-1.3171378042392625,-0.34714726028585396,-1.5242958090225136,5,11,-43.40000000000019,-2.6255826811170055,-1.660476181431571,0.8957482584674545,49.91482112436116,-0.8132879045996622,-477.4000000000017,-0.8132879045996622,-1.2781720703280663,0.4605044988293663,0.4648841657284042,1.0095105843920555,short,False,-0.33033175355448924,-0.8131034482758661,-1.4521739130435034,-0.9612903225806518
SMA20/50/200|BB3.0|MTF0|TP15/SL15|TR5-3|both,1691,-1.9297099080077345,-2.6933352733703524,-0.13461428229817446,3,11,-62.309090909118545,-5.746943601329478,-2.187484397677246,0.8889482979308996,76.81845062093436,-0.4053222945004752,-685.4000000003035,-0.4053222945004752,-1.1521016234797354,0.13855696811116364,0.7467793289792602,5.389691613200735,both,True,-0.858939096267377,-0.8155080213905321,-0.016904276985946234,0.20536277602507869
SMA20/50/200|BB3.0|MTF0|TP15/SL15|TR5-3|long,1099,-0.31023725773649796,-1.44669300307094,0.8835545053540549,5,11,-7.972727272747261,-3.439906056994353,-0.5547714467369482,0.9764202941413123,78.343949044586,-0.0797998180165785,-87.70000000021977,-0.0797998180165785,-0.973362442165795,0.1986358147263798,0.8935626241492165,4.498497037808091,long,True,-0.652684563758573,-0.2820960698691664,0.40229226361011106,0.13901345291455364
SMA20/50/200|BB3.0|MTF0|TP15/SL15|TR5-3|short,612,-2.6848390421607022,-2.4004433512970693,-1.4503663525122124,2,11,-55.05454545455384,-4.876074152171242,-3.110987078014243,0.7598064490540317,73.8562091503268,-0.9895424836602812,-605.6000000000921,-0.9895424836602812,-1.0930222331498838,0.20612189648729204,0.10347974948960259,0.5020318134710273,short,True,-1.1524886877830098,-1.4422077922079337,-1.1732394366199195,0.39789473684214105
SMA20/50/200|BB3.0|MTF0|TP30/SL30|TR0-0|both,1279,1.0337086281303067,-0.5795675476000236,1.8706111005656243,7,11,96.41818181818698,0.03648440391550458,0.7594578654496569,1.0615643593092463,51.75918686473807,0.8292415949961355,1060.6000000000572,0.8292415949961355,-0.25407231854036677,0.6745777642117531,1.0833139135365022,1.6059140561835135,both,False,-1.8740540540540551,1.22730769230767,2.8567164179105395,1.1599190283401877
SMA20/50/200|BB3.0|MTF0|TP30/SL30|TR0-0|long,866,1.7073801973453622,0.4998243962179171,1.7997349031584642,9,11,131.04545454545763,0.8887792496230987,1.4182795048250922,1.127625101816766,53.695150115473446,1.664549653579716,1441.500000000034,1.664549653579716,0.9471826378298662,0.4940066244231309,0.7173670157498497,1.4521404780503595,long,False,-0.43553719008266056,2.259036144578272,2.827972027972124,2.1110465116280084
SMA20/50/200|BB3.0|MTF0|TP30/SL30|TR0-0|short,535,-0.05100974923737423,-0.49090222607512646,0.389990087562752,6,11,-2.945454545453652,-0.7261659216483498,-0.42897266607370127,0.9955358988137075,49.1588785046729,-0.060560747663532394,-32.39999999998983,-0.060560747663532394,-0.7834092403332811,0.6754067038778508,0.7228484926697487,1.070241809149229,short,False,-1.5911602209944848,0.5446969696969418,2.188636363636455,-1.1688888888888511
SMA20/50/200|BB3.0|MTF0|TP30/SL30|TR5-3|both,1641,0.23652993272848993,-0.7427543686662282,1.0096190094151687,7,11,10.936363636343755,-2.351137492411667,-0.038052254821160564,1.0186176798315865,86.654478976234,0.073308957952335,120.29999999978173,0.073308957952335,-0.916923863869808,0.29757526432284426,0.990232821822143,3.327671821364236,both,True,-0.444000000000045,-0.5276353276353634,0.25821205821182036,1.3051779935272858
SMA20/50/200|BB3.0|MTF0|TP30/SL30|TR5-3|long,1087,0.994580146888996,0.18520342297983608,1.153418136366135,5,11,36.90909090907411,-1.1424308464286095,0.7285420745417723,1.1011989331737608,87.30450781968722,0.37350505979743837,405.9999999998155,0.37350505979743837,-1.0537335335692362,0.22760866353742867,1.4272385933666745,6.270581142145211,long,True,-0.04511784511790098,0.2898230088494985,0.6657971014490416,0.5671232876708958
SMA20/50/200|BB3.0|MTF0|TP30/SL30|TR5-3|short,606,-1.3046914324851004,-1.774827737645856,-0.12795364704877818,4,11,-37.809090909095,-2.8384379992943027,-1.6155040084655707,0.8474153428476935,84.81848184818482,-0.6863036303631103,-415.9000000000448,-0.6863036303631103,-1.1287955962616676,0.5215869863380433,0.4424919658985573,0.848356990279232,short,True,-1.272146118721522,-1.8618421052631609,-0.8464285714288233,2.781052631578994
SMA20/50/200|BB3.0|MTF0|TP20/SL10|TR0-0|both,1567,-0.11563084660619863,-0.2678028234220478,0.09018332947251315,5,11,-6.0454545454212285,-2.2997657872856174,-0.45829943124425837,0.9938185536345381,36.056158264199105,-0.042437779195681355,-66.49999999963268,-0.042437779195681355,-0.6874822530524534,0.30137662813905103,0.645044473856772,2.140326799194121,both,False,-0.4581052631574291,0.17327327327371697,0.7164502164502135,-0.8
SMA20/50/200|BB3.0|MTF0|TP20/SL10|TR0-0|long,1004,1.0005110153748111,0.15738933013044587,1.1795833545954102,6,11,42.07272727274461,-0.7388278157276869,0.6417961957346102,1.0689490777986672,37.64940239043825,0.46095617529899563,462.80000000019163,0.46095617529899563,-0.25795276512232024,0.3863665342698186,0.7189089404213158,1.8606915368070327,long,False,-0.2208955223876012,0.6366336633667733,1.0310975609755884,0.2679611650484828
SMA20/50/200|BB3.0|MTF0|TP20/SL10|TR0-0|short,586,-1.3818161456081655,-0.3070976914922223,-1.6768047951152305,2,11,-42.87272727271108,-2.7687831383275174,-1.7549625673821618,0.8871797325423202,33.617747440273035,-0.8047781569962825,-471.59999999982153,-0.8047781569962825,-1.1441194479656223,0.30741358968494326,0.33934129096933974,1.103859108236295,short,False,-0.7843601895729875,-0.49084507042207987,-0.14782608695647678,-2.2736842105262327
SMA20/50/200|BB3.0|MTF0|TP20/SL10|TR5-3|both,1721,-3.180484590061444,-3.8169387643316424,-0.8074025221743701,3,11,-91.75454545453195,-7.504256611788103,-3.486437809379398,0.8331404576114431,67.4026728646136,-0.5864613596745214,-1009.2999999998514,-0.5864613596745214,-1.1534072030595157,0.13967713005321347,0.5669458433849943,4.058974029384784,both,True,-1.2367504835588587,-0.7160104986875206,-0.16352705410819346,-0.047839506172801236
SMA20/50/200|BB3.0|MTF0|TP20/SL10|TR5-3|long,1115,-1.4492533111524848,-2.0525012669966762,-0.08586013921861473,5,11,-33.10909090908597,-5.01142136533407,-1.7850392082883655,0.9015436187180763,69.14798206278027,-0.32663677130039975,-364.1999999999457,-0.32663677130039975,-1.0668528122734229,0.16071896684037626,0.7402160409730232,4.605654550456356,long,True,-0.8664429530200274,-0.44545454545443364,-0.0182072829131624,0.014847161572033422
SMA20/50/200|BB3.0|MTF0|TP20/SL10|TR5-3|short,616,-3.2144227533882046,-3.4911163789243047,-1.2783207224653819,3,11,-57.799999999991684,-5.726551989577791,-3.755834112750447,0.7324074074074319,64.28571428571429,-1.0321428571427087,-635.7999999999086,-1.0321428571427087,-1.1650974235158853,0.19012105777896374,0.1329545663731766,0.6993153095526674,short,True,-1.678475336322706,-1.104516129032071,-0.5288732394365465,-0.15833333333317126
SMA20/50/200|BB3.0|MTF0|TP10/SL20|TR0-0|both,1566,-1.245980640305205,-0.4558592413716938,-1.2645305895946681,4,11,-63.045454545492596,-3.507651343067942,-1.4727967047689532,0.9332595515349409,67.43295019157088,-0.4428480204344939,-693.5000000004175,-0.4428480204344939,-1.041146693871196,0.18612395236405646,0.5982986734367021,3.214517346302835,both,False,-0.3002127659579149,-0.3442477876110887,-0.3034557235422076,-1.0040816326530502
SMA20/50/200|BB3.0|MTF0|TP10/SL20|TR0-0|long,1029,-0.08525988530923855,0.09175348263118425,-0.19325257765319248,6,11,-3.4909090909337155,-1.9240546925943287,-0.2706435536030016,0.994130863404975,68.70748299319727,-0.037317784256822334,-38.40000000027018,-0.037317784256822334,-0.8103362799049203,0.40461419617762834,0.773018495648098,1.910507596991821,long,False,-0.05053003533615799,0.298113207546702,0.32090909090896963,-0.9470588235294034
SMA20/50/200|BB3.0|MTF0|TP10/SL20|TR0-0|short,590,-2.124440554629839,-1.2203317978211994,-1.7723427029750065,2,11,-65.61818181819727,-3.5266213475468846,-2.394729612924071,0.8285347776510411,64.7457627118644,-1.2233898305087623,-721.8000000001697,-1.2233898305087623,-1.530565076170696,0.5812976565196162,0.30717524566193366,0.5284302150830499,short,False,-1.0137440758298457,-1.3722972972977645,-1.7489051094890702,-0.6936170212766016
SMA20/50/200|BB3.0|MTF0|TP10/SL20|TR5-3|both,1671,-2.459098686961852,-2.541408439086382,-0.9965966647157878,3,11,-89.9000000000158,-5.792086030591396,-2.6686152090322435,0.8468626114965019,81.2687013764213,-0.591801316577004,-988.9000000001736,-0.591801316577004,-1.3035373019779577,0.12875636550167358,0.7117359854009537,5.527773191079261,both,True,-0.8180198019803967,-1.2177595628416966,-0.22727272727275258,-0.06360759493670956
SMA20/50/200|BB3.0|MTF0|TP10/SL20|TR5-3|long,1091,-1.1074340450908797,-1.677813670992173,0.03167445922233392,4,11,-32.281818181829514,-3.8474596896338746,-1.3464369959936753,0.9102829711975414,82.21814848762602,-0.3254812098992893,-355.1000000001246,-0.3254812098992893,-1.1286042507308942,0.27097609582488075,0.8031230408316049,2.9638150862968593,long,True,-0.6410774410776491,-0.6202643171807913,0.2730434782608197,-0.531981981982008
SMA20/50/200|BB3.0|MTF0|TP10/SL20|TR5-3|short,606,-2.594261237217615,-2.189123313134812,-1.5106706124618137,2,11,-60.3363636363687,-4.507809174241939,-2.8592932404947864,0.7456210953968563,79.20792079207921,-1.095214521452237,-663.7000000000556,-1.095214521452237,-1.5655360812775592,0.24760538460961912,0.4703215598253221,1.8994803387125159,short,True,-1.1926940639271353,-1.8355263157896218,-1.608571428571392,1.0705263157895202
SMA10/25/75|BB2.5|MTF0|TP20/SL20|TR0-0|both,1630,-0.052674110141355285,-1.7945835883185068,1.5178576340760725,5,11,-3.863636363644554,-1.6713449411393506,-0.2689141844808112,0.9973309720285809,51.96319018404908,-0.026073619631956382,-42.5000000000889,-0.026073619631956382,-0.6439551208360096,0.27793989180990525,0.6178815012040532,2.2230759938074964,both,False,-0.6649269311064827,-2.20872274143305,0.469556451612871,2.251796407185454
SMA10/25/75|BB2.5|MTF0|TP20/SL20|TR0-0|long,1061,0.37499616402285413,-1.100861424413482,1.5005063971893335,7,11,21.809090909085924,-0.9548093624913412,0.10617842547411921,1.0234839214918454,52.780395852968894,0.22610744580579262,239.89999999994598,0.22610744580579262,-0.37261365681054937,0.48255410400169507,0.5987211026163419,1.2407336247921306,long,False,-0.1742574257425786,-1.7393364928910149,0.6617737003057718,2.0149999999998376
SMA10/25/75|BB2.5|MTF0|TP20/SL20|TR0-0|short,753,-1.4216883764805401,-1.1409881927078642,-0.8826800464058683,4,11,-70.40000000000197,-2.5346738579161476,-1.7703418592215592,0.8997605332988111,49.26958831341302,-1.0284196547145033,-774.400000000021,-1.0284196547145033,-1.264925406015282,0.648637276790855,0.23650575130077867,0.36461942562242994,short,False,-0.7409090909090966,-2.7590909090909466,-1.7074999999999705,1.7185185185183744
SMA10/25/75|BB2.5|MTF0|TP20/SL20|TR5-3|both,1948,-2.3160487021480503,-4.03589297407645,0.4958500098943615,3,11,-101.17272727274009,-5.566221531429406,-2.6240328394627372,0.8623585430709101,79.92813141683777,-0.5713039014374438,-1112.9000000001406,-0.5713039014374438,-1.0892244779871496,0.2211792464803373,0.5179205765497058,2.341632792368468,both,True,-1.2519366197184765,-1.6244019138757537,0.10436300174524328,0.5588688946015283
SMA10/25/75|BB2.5|MTF0|TP20/SL20|TR5-3|long,1204,-0.9308048850451198,-2.8227037855708623,1.4275641146439972,3,11,-30.400000000009857,-3.6251072219508274,-1.2460889023311907,0.9289659274364617,80.98006644518271,-0.2777408637874656,-334.4000000001086,-0.2777408637874656,-0.9939223262573815,0.2178620905502269,0.7161814624699159,3.287315662220749,long,True,-1.0384615384617184,-1.2011952191236441,0.8287671232876267,0.062400000000014076
SMA10/25/75|BB2.5|MTF0|TP20/SL20|TR5-3|short,835,-3.3984893891604746,-3.654466115815703,-1.2568469717213377,3,11,-100.2636363636404,-5.457850774560394,-3.799767225980118,0.7200974545085256,77.24550898203593,-1.3208383233533463,-1102.9000000000442,-1.3208383233533463,-1.2358658105233922,0.3422443991016614,-0.0849725128299541,-0.2482802145279625,short,True,-1.7579335793359312,-2.723645320197227,-1.0495327102802106,1.0272108843537076
SMA10/25/75|BB2.5|MTF0|TP15/SL15|TR0-0|both,1789,-0.890042415835158,-1.559151641254813,0.2274884310802788,3,11,-50.92727272727032,-3.162229054518716,-1.1256632245006803,0.9588278959011666,51.704863051984354,-0.31313583007265067,-560.1999999999721,-0.31313583007265067,-0.777437868877224,0.34220560986971293,0.4643020388045733,1.3567925989914247,both,False,-1.1793893129771236,-0.2823056300267915,0.028705440900594948,0.41169916434545006
SMA10/25/75|BB2.5|MTF0|TP15/SL15|TR0-0|long,1136,-0.384068639273192,-0.935820543706561,0.3471013824788095,7,11,-17.418181818179466,-2.2135209471112938,-0.6782507432295206,0.9775780555165514,52.112676056338024,-0.16866197183096246,-191.59999999997336,-0.16866197183096246,-0.49328249351653924,0.23544407876393092,0.32462052168557676,1.3787584864729556,long,False,-0.5437499999999934,-0.30210084033611545,0.08641618497113299,0.10517241379313753
SMA10/25/75|BB2.5|MTF0|TP15/SL15|TR0-0|short,787,-1.5252490947406885,-1.4224140822327942,-0.7474101282325574,3,11,-58.42727272727303,-3.027325120859025,-1.819025505975459,0.8959712532979426,50.06353240152478,-0.8166454891994955,-642.700000000003,-0.8166454891994955,-1.1287499023636007,0.4893344521128555,0.3121044131641052,0.6378140999810992,short,False,-1.4181102362205038,-0.9134408602150607,-0.7275362318840555,0.27142857142861193
SMA10/25/75|BB2.5|MTF0|TP15/SL15|TR5-3|both,1988,-3.081413498350361,-4.360703089470589,-0.246147059131947,2,11,-113.88181818185518,-6.987640655237391,-3.3598758929254187,0.8361219764262159,75.6036217303823,-0.6301307847084543,-1252.700000000407,-0.6301307847084543,-1.1983790456368006,0.10870084842057415,0.5682482609283463,5.227634091039829,both,True,-1.1818181818183986,-1.3055555555557687,-0.10362694300536375,0.1530456852789772
SMA10/25/75|BB2.5|MTF0|TP15/SL15|TR5-3|long,1215,-1.3474298258880213,-2.591923393545942,0.5286842245016098,3,11,-38.090909090933,-4.4919592003252795,-1.6627531339823272,0.904703420669522,76.95473251028807,-0.3448559670784057,-419.00000000026296,-0.3448559670784057,-1.1756102207371844,0.1850265929016883,0.8307542536587786,4.489918128148153,long,True,-0.9115044247789834,-0.8692607003893031,0.4411444141687184,-0.1924603174605405
SMA10/25/75|BB2.5|MTF0|TP15/SL15|TR5-3|short,841,-3.9114105710975604,-3.91715857786166,-1.6524395174924549,2,11,-95.21818181819663,-6.415488290574354,-4.3119290184380406,0.7099820019382179,72.77051129607611,-1.2454221165281365,-1047.400000000163,-1.2454221165281365,-1.266676526044326,0.2231242439303359,0.02125440951618951,0.09525818056251022,short,True,-1.6715328467155277,-2.208866995074144,-0.9552995391706393,0.4510204081630709
SMA10/25/75|BB2.5|MTF0|TP30/SL30|TR0-0|both,1424,0.727673367283507,-1.7376442206825133,2.4299054557450965,5,11,72.38181818182763,-0.3136049845120972,0.4921850285992934,1.0410338341020995,52.52808988764045,0.5591292134832194,796.2000000001044,0.5591292134832194,-0.3147424343081253,0.38736689194253315,0.8738716477913447,2.2559275611013905,both,False,-1.7638820638820618,-1.7147058823529362,2.243046357616015,3.302739726027559
SMA10/25/75|BB2.5|MTF0|TP30/SL30|TR0-0|long,961,1.2398059099843122,-0.36708148425440656,1.9590874593188559,6,11,99.5090909090955,0.3695447271999668,0.9559935112356952,1.085692365503854,53.485952133194594,1.1390218522373055,1094.6000000000506,1.1390218522373055,0.4102188783450467,0.5380423740629906,0.7288029738922588,1.3545456808331886,long,False,0.5599999999999723,-1.6043478260869586,2.367202572347375,2.6157068062828563
SMA10/25/75|BB2.5|MTF0|TP30/SL30|TR0-0|short,701,-0.9216131207735437,-1.3493156179231716,-0.03701096727457309,5,11,-64.34545454545098,-1.6534697863369858,-1.2464579225595538,0.9288464438301124,49.21540656205421,-1.0097004279600008,-707.7999999999606,-1.0097004279600008,-1.6699828728170445,0.9557292476282899,0.6602824448570437,0.6908676766935631,short,False,-2.579816513761453,-1.7506172839505865,-0.7878947368420256,2.1977099236642466
SMA10/25/75|BB2.5|MTF0|TP30/SL30|TR5-3|both,1906,-0.5744859548630307,-3.09629863192898,1.9972775105075689,5,11,-30.73636363639024,-3.173205911834238,-0.8649544287755816,0.958460290937649,85.67681007345226,-0.1773871983212443,-338.10000000029163,-0.1773871983212443,-0.9085207467436607,0.31111956332491564,0.7311335484224164,2.3500082753036713,both,True,-1.25260323159792,-1.4556930693070007,0.6194690265484608,1.5728947368418356
SMA10/25/75|BB2.5|MTF0|TP30/SL30|TR5-3|long,1192,0.18827681081064884,-2.8956111314600297,3.0537801925278694,4,11,7.663636363618195,-1.9499370480733131,-0.14726963404221546,1.0175423993340547,86.24161073825503,0.0707214765098996,84.29999999980032,0.0707214765098996,-0.8314302757468912,0.14980004228773894,0.9021517522567908,6.022373148092439,long,True,-1.5419642857143856,-1.3812244897959731,1.612602739725778,1.4317073170729209
SMA10/25/75|BB2.5|MTF0|TP30/SL30|TR5-3|short,833,-1.8754140187888468,-1.8921910895187037,-0.8251017693404047,3,11,-68.11818181819173,-3.546558810259887,-2.214191808119828,0.8139355864021003,83.91356542617046,-0.8995198079232994,-749.3000000001084,-0.8995198079232994,-1.3799225836690734,0.4380004546022319,0.48040277574577395,1.0968088519041597,short,True,-1.1690036900369367,-1.702475247524833,-1.2182242990655976,1.1787671232873669
SMA10/25/75|BB2.5|MTF0|TP20/SL10|TR0-0|both,1814,-1.62712804471808,-1.764198500973951,-0.5809133151056194,3,11,-90.32727272723365,-3.999227012817374,-1.9370129636251698,0.9224289361303764,34.39911797133407,-0.5477398015433123,-993.5999999995685,-0.5477398015433123,-0.8862704835652855,0.22821480957349477,0.33853068202197323,1.483386124917332,both,False,-0.5711610486886763,-1.3127659574463395,-0.821933085501787,0.6754098360654899
SMA10/25/75|BB2.5|MTF0|TP20/SL10|TR0-0|long,1123,-0.5947224322893955,-1.5726511789306483,0.664871865596644,5,11,-25.136363636341926,-2.536996358586935,-0.9898307640693447,0.9645635485152863,35.44078361531612,-0.24621549421171907,-276.4999999997605,-0.24621549421171907,-0.4715636778958617,0.2970708935372402,0.2253481836841426,0.7585670241904511,long,False,-0.5031746031741424,-1.3536796536791844,-0.1110787172011372,0.9948717948716929
SMA10/25/75|BB2.5|MTF0|TP20/SL10|TR0-0|short,790,-2.0264300142314506,-0.6874564569780993,-2.1568496414970793,2,11,-74.35454545452451,-3.5972483318476134,-2.409109848378314,0.856704860016151,32.91139240506329,-1.0353164556959105,-817.8999999997693,-1.0353164556959105,-1.16757576562345,0.4921592476446183,0.13225930992753954,0.2687327537997259,short,False,-0.5011673151746326,-0.9706521739125841,-2.425238095237938,-0.008633093525225167
SMA10/25/75|BB2.5|MTF0|TP20/SL10|TR5-3|both,2031,-5.089159809575882,-5.5474788890910345,-1.9710470414849863,1,11,-169.79999999998307,-9.482849111580979,-5.517647532146417,0.7580757972178445,64.74643032988675,-0.919645494830041,-1867.7999999998133,-0.919645494830041,-1.1275795247069735,0.13649294458214,0.20793402987693255,1.5234049680260218,both,True,-1.4455906821962066,-1.25438202247179,-0.5841025641024833,-0.2477499999999852
SMA10/25/75|BB2.5|MTF0|TP20/SL10|TR5-3|long,1226,-3.4344018747821288,-4.58077393667151,-0.5900626952841459,2,11,-85.26363636362888,-7.052438095119173,-3.890749187040987,0.7936595239142945,65.57911908646004,-0.7650081566067843,-937.8999999999177,-0.7650081566067843,-1.1420425180063218,0.18410872864799344,0.3770343613995375,2.0478896582921284,long,True,-1.4597058823528273,-1.4449999999998662,-0.22675675675672766,0.07031249999999217
SMA10/25/75|BB2.5|MTF0|TP20/SL10|TR5-3|short,850,-4.590081305672132,-3.679471304858491,-2.8776377719924793,0,11,-98.73636363635377,-7.437946099344524,-5.136550598631854,0.6817569151430064,62.82352941176471,-1.277764705882225,-1086.0999999998912,-1.277764705882225,-1.0963641287737915,0.19834888131928471,-0.1814005771084335,-0.9145530637827529,short,True,-1.4345195729535805,-1.4738916256156496,-1.1467889908255384,-0.9040540540539942
SMA10/25/75|BB2.5|MTF0|TP10/SL20|TR0-0|both,1816,-2.1021624045489222,-2.2553386576561687,-0.7707378044007362,3,11,-114.2454545454982,-4.537254248548939,-2.3007793144948634,0.898725098317283,66.85022026431719,-0.6920154185024666,-1256.7000000004793,-0.6920154185024666,-1.2225559991636086,0.2825823049499487,0.530540580661142,1.8774727623341878,both,False,-1.0166351606810022,-1.185224274406796,-0.8615526802218587,0.5351498637601418
SMA10/25/75|BB2.5|MTF0|TP10/SL20|TR0-0|long,1154,-1.2226347756533054,-1.5348865472218416,-0.21978928548314325,2,11,-52.27272727275488,-3.1979981210122,-1.4715228089036823,0.925575977219737,67.50433275563257,-0.4982668977472298,-575.0000000003032,-0.4982668977472298,-0.6836616975055064,0.3021340371536424,0.1853947997582766,0.6136177224679883,long,False,-0.6804281345570431,-1.043037974684009,-0.5814814814815477,0.41338912133884304
SMA10/25/75|BB2.5|MTF0|TP10/SL20|TR0-0|short,796,-3.140176169716511,-2.4877255634409328,-1.9698825336543817,3,11,-115.46363636365567,-4.72579413157615,-3.372143904267589,0.7857998144868492,63.81909547738693,-1.595603015075643,-1270.1000000002118,-1.595603015075643,-1.357549267502258,0.40244187050900876,-0.23805374757338504,-0.5915233106145106,short,False,-1.9260869565222016,-2.2424870466325766,-1.7615384615384617,0.11549295774642644
SMA10/25/75|BB2.5|MTF0|TP10/SL20|TR5-3|both,1948,-3.9262365309970315,-4.842462082129383,-0.8712331894392005,2,11,-162.87272727274637,-7.344253171261826,-4.133115489793464,0.7784181559581675,79.92813141683777,-0.9197125256674585,-1791.6000000002093,-0.9197125256674585,-1.1829822454248937,0.1954029567304468,0.2632697197574352,1.3473169708512076,both,True,-1.4649647887326074,-1.8607655502394378,-0.28411867364746174,-0.048586118251949806
SMA10/25/75|BB2.5|MTF0|TP10/SL20|TR5-3|long,1204,-2.1729671712920102,-3.409698330963797,0.3128346719135711,3,11,-67.59090909092278,-5.002526598210665,-2.41975745998049,0.8420638966776783,80.98006644518271,-0.6175249169436468,-743.5000000001507,-0.6175249169436468,-1.2300446808922778,0.2960309670760772,0.6125197639486311,2.0691070599759898,long,True,-1.2337278106511171,-1.4824701195221024,0.37095890410951926,-0.35919999999999835
SMA10/25/75|BB2.5|MTF0|TP10/SL20|TR5-3|short,835,-4.486456719650695,-4.139311863047725,-2.2390698283904578,2,11,-125.88181818182493,-6.649242457607028,-4.738397698771121,0.6485800573560162,77.24550898203593,-1.6583233532935018,-1384.700000000074,-1.6583233532935018,-1.4752433128435485,0.34364105966851416,-0.1830800404499533,-0.5327653238718256,short,True,-1.9723247232474082,-2.907389162561803,-1.3088785046727835,0.13673469387751858
SMA20/50/200|BB2.5|MTF1|TP20/SL20|TR0-0|both,2164,-0.715989622309589,-0.6102160095117722,-0.41056769818772787,4,11,-60.45454545454567,-2.589608381410103,-0.9742640290835862,0.9691418177093475,51.15526802218115,-0.30730129390018524,-665.0000000000008,-0.30730129390018524,-0.5692063043571631,0.23639260758522418,0.2619050104569779,1.1079238607855197,both,False,-0.47808641975308214,-0.4000000000000043,0.20995542347696408,-0.7904411764705843
SMA20/50/200|BB2.5|MTF1|TP20/SL20|TR0-0|long,1316,0.0914348691724479,0.09535686221184624,0.03691615916645966,5,11,5.890909090909014,-1.4039743470067418,-0.20976294070822452,1.0050464145536102,52.12765957446809,0.049240121580547205,64.80000000000013,0.049240121580547205,-0.21395572760152107,0.38820396723358025,0.2631958491820683,0.6779834092311189,long,False,0.20526315789474217,0.15311203319503114,0.07960526315789694,-0.3197674418604856
SMA20/50/200|BB2.5|MTF1|TP20/SL20|TR0-0|short,883,-1.1225568331675135,-0.883998365975082,-0.7087679769533783,4,11,-61.84545454545478,-2.3037293120796014,-1.5034688946595407,0.9243539563225531,49.830124575311444,-0.7704416761041922,-680.3000000000018,-0.7704416761041922,-1.0102480863398626,0.39772537038754646,0.2398064102356704,0.602944715349693,short,False,-1.2554098360655725,-0.9639024390244034,0.5450450450450215,-1.4622516556291012
SMA20/50/200|BB2.5|MTF1|TP20/SL20|TR5-3|both,2714,-3.6038386464692223,-3.8108150446430322,-1.4004295083073452,2,11,-177.40909090909943,-7.662092175029248,-3.8946792311690577,0.82123391196811,80.54532056005895,-0.71904937361831,-1951.5000000000935,-0.71904937361831,-1.0026076238454538,0.18740526071791982,0.28355825022714376,1.5130751887160323,both,True,-0.850553505535183,-1.3592592592593962,-0.16862026862023138,-0.6444672131146285
SMA20/50/200|BB2.5|MTF1|TP20/SL20|TR5-3|long,1684,-1.6474924298791969,-2.0030732780238325,-0.40126976676584064,1,11,-62.454545454553845,-4.935977725668658,-1.9890929201479648,0.8908831003811779,81.76959619952494,-0.40795724465563654,-687.000000000092,-0.40795724465563654,-1.0551113605315838,0.14972325696085148,0.6471541158759473,4.322335280517978,long,True,-0.6133771929825746,-0.7835777126101048,0.09788359788356911,-0.6112499999999248
SMA20/50/200|BB2.5|MTF1|TP20/SL20|TR5-3|short,1049,-3.566307737778361,-2.7920794125511974,-2.2655365107719887,2,11,-114.06363636363677,-5.999879591914866,-3.903589700814977,0.7324219999573438,78.4556720686368,-1.1960915157292702,-1254.7000000000044,-1.1960915157292702,-0.9546730616834151,0.277271565782671,-0.24141845404585505,-0.8706931537115563,short,True,-1.1642076502733634,-2.046153846153986,-0.7248031496061194,-0.66568047337256
SMA20/50/200|BB2.5|MTF1|TP15/SL15|TR0-0|both,2381,-1.7341204866825288,-1.2294007771901965,-1.2237967468198707,3,11,-115.45454545454368,-4.350704184514293,-1.9854566084641694,0.9308474723934432,50.77698446031079,-0.533389332213347,-1269.999999999979,-0.533389332213347,-0.7695347817773953,0.20448358499825572,0.23614544956404837,1.1548381722966308,both,False,-0.42346368715082455,-0.7692771084337391,-0.1411684782608439,-1.1132250580046525
SMA20/50/200|BB2.5|MTF1|TP15/SL15|TR0-0|long,1449,-0.7536657103598003,-0.022675744981678434,-0.9953335825932995,5,11,-39.18181818181599,-2.8016449557425074,-1.067908573918295,0.9608032157732986,51.48378191856453,-0.29744651483780193,-430.999999999975,-0.29744651483780193,-0.626115847449322,0.21941845512196012,0.3286693326115201,1.497911068733187,long,False,0.19517766497465347,-0.25806451612901665,-0.3121513944222911,-1.0189781021897895
SMA20/50/200|BB2.5|MTF1|TP15/SL15|TR0-0|short,949,-1.6283273722205123,-1.405912313279844,-0.9158783253023699,4,11,-68.3818181818183,-3.2985036845704445,-2.0077417377083493,0.8988815400333418,49.94731296101159,-0.7926238145416233,-752.2000000000005,-0.7926238145416233,-0.9885887797525725,0.3271344570236163,0.1959649652109492,0.5990349258647559,short,False,-1.1839879154078683,-1.0706666666666826,0.3440677966102126,-1.277707006369445
SMA20/50/200|BB2.5|MTF1|TP15/SL15|TR5-3|both,2747,-4.225356234251478,-4.399377386728995,-1.7300973059711129,1,11,-174.19090909095684,-9.11945979526983,-4.517751219930926,0.8123549401153178,76.44703312704769,-0.6975245722608392,-1916.1000000005251,-0.6975245722608392,-1.070170343044408,0.12191128517572598,0.37264577078356886,3.0566962709516834,both,True,-0.8701711491444454,-1.1850498338872506,-0.2316167664672638,-0.6046747967481267
SMA20/50/200|BB2.5|MTF1|TP15/SL15|TR5-3|long,1702,-2.1257297058415823,-2.2227201204179154,-0.8745058098669235,1,11,-68.39090909094152,-6.030629478812943,-2.480772739513977,0.8734013193322009,77.79083431257344,-0.4420094007052622,-752.3000000003562,-0.4420094007052622,-1.2057243108714262,0.1485799677259085,0.763714910166164,5.140093391156336,long,True,-0.576419213973979,-0.7510144927538219,-0.05364583333357656,-0.6139318885450944
SMA20/50/200|BB2.5|MTF1|TP15/SL15|TR5-3|short,1058,-4.068418137843165,-3.6278832060085198,-2.1677736643344936,3,11,-105.44545454547011,-7.099555251750558,-4.3535187119941074,0.7306754591682428,74.19659735349717,-1.09631379962209,-1159.900000000171,-1.09631379962209,-1.041591764397805,0.20856410773045483,-0.05472203522428498,-0.2623751316549966,short,True,-1.295640326975683,-1.6301526717559418,-0.6080769230770235,-0.5869822485207864
SMA20/50/200|BB2.5|MTF1|TP30/SL30|TR0-0|both,1845,0.9600282932328492,0.640432459250903,0.7151468649513009,6,11,109.80000000000008,-0.21374609586533724,0.690375215927224,1.047685413664448,52.574525745257446,0.6546341463414642,1207.8000000000015,0.6546341463414642,0.09446996266724281,0.3761818436413543,0.5601641836742214,1.4890782028498772,both,False,0.18413284132839527,1.5393678160919058,1.5549084858569462,-1.0231638418078999
SMA20/50/200|BB2.5|MTF1|TP30/SL30|TR0-0|long,1114,0.4296533715477194,-0.010965473877328463,0.5594128305736368,6,11,37.54545454545474,-0.49968060446110996,0.09735259027989346,1.0268521829589408,51.97486535008977,0.3707360861759451,413.00000000000284,0.3707360861759451,0.3614675045472947,0.4052424721468855,0.009268581628650407,0.022871693530906324,long,False,-0.25864406779664106,0.8515306122448578,0.6511221945137265,0.27612612612619397
SMA20/50/200|BB2.5|MTF1|TP30/SL30|TR0-0|short,792,0.7455613871230833,0.7656552598748515,0.3011153024318898,5,11,57.327272727272245,-0.0035631897025537084,0.44189785240355456,1.0583656507131403,52.52525252525253,0.7962121212121148,630.5999999999949,0.7962121212121148,-0.24064718558400128,0.6529130185420057,1.036859306796116,1.588051206440156,short,False,0.44052044609663354,1.7693181818181274,3.1755980861245092,-3.3550724637682063
SMA20/50/200|BB2.5|MTF1|TP30/SL30|TR5-3|both,2669,-1.4093023595083431,-1.8231644832712048,-0.2962355871478007,3,11,-85.99090909094349,-4.626679186697132,-1.6831252085595179,0.9141371046802614,86.13713001124016,-0.35440239790197736,-945.9000000003775,-0.35440239790197736,-0.8550907857641616,0.23821654796503638,0.5006883878621843,2.1018203484993476,both,True,-0.34689054726374147,-1.1770434782609327,0.1753997539973018,-0.27840670859559585
SMA20/50/200|BB2.5|MTF1|TP30/SL30|TR5-3|long,1669,-0.002933408278263242,-0.7864324195572315,0.651351018376903,5,11,-0.13636363638945878,-2.650936937339148,-0.3223878510661652,0.9997636082831209,87.05811863391251,-0.0008987417617036335,-1.5000000002833644,-0.0008987417617036335,-1.035989467187853,0.18675520619794608,1.0350907254261492,5.542499973623403,long,True,-0.22885462555071623,-0.3251479289941615,0.3413120567373085,0.06325878594225566
SMA20/50/200|BB2.5|MTF1|TP30/SL30|TR5-3|short,1044,-2.201376831127696,-1.4311573525647387,-1.6711399169855352,3,11,-89.53636363637256,-4.104715340255069,-2.5395563917606894,0.7972705940471597,84.48275862068965,-0.9433908045977948,-984.9000000000977,-0.9433908045977948,-0.8412256491304969,0.2690164949349034,-0.10216515546729787,-0.3797728295137433,short,True,-0.6134246575343135,-2.1511627906977253,-0.13201581027682646,-1.0273809523810906
SMA20/50/200|BB2.5|MTF1|TP20/SL10|TR0-0|both,2377,-1.1253964946618573,-0.6411590085406587,-0.9415233220221818,3,11,-70.54545454540163,-3.8897233313299493,-1.404886661387313,0.953342953342986,35.00210349179638,-0.32646192679823993,-775.9999999994163,-0.32646192679823993,-0.5612425705597728,0.1748481746171689,0.23478064376153285,1.3427686292727188,both,False,-0.314509246087727,-0.1957142857138278,-0.08239999999996163,-0.915207373271883
SMA20/50/200|BB2.5|MTF1|TP20/SL10|TR0-0|long,1440,-0.009408718213604098,0.22227120477159445,-0.21574328102323367,6,11,-0.45454545451765943,-2.186249248873385,-0.3574389992880127,0.9994952197308816,36.11111111111111,-0.003472222222009257,-4.99999999969333,-0.003472222222009257,-0.37856669590652736,0.20820299518968782,0.3750944736845181,1.8015805840966899,long,False,0.011780104712499535,0.2684014869893001,0.058398437500032485,-0.4028880866426224
SMA20/50/200|BB2.5|MTF1|TP20/SL10|TR0-0|short,947,-1.642616121450547,-0.9170904553734571,-1.3834157565472105,3,11,-65.78181818179304,-3.384892423808553,-2.0917298101379207,0.893200301093714,33.47412882787751,-0.7640971488909427,-723.5999999997227,-0.7640971488909427,-0.8893316238699789,0.30159343275253503,0.12523447497903617,0.4152427121375491,short,False,-0.6870370370365634,-0.7172566371676776,-0.30334728033468167,-1.686075949367038
SMA20/50/200|BB2.5|MTF1|TP20/SL10|TR5-3|both,2808,-5.588660381942979,-4.719753504471669,-3.3035819038213514,1,11,-200.78181818179175,-11.238604787937453,-5.962564739151638,0.7762763371150906,67.41452991452992,-0.786538461538358,-2208.5999999997093,-0.786538461538358,-1.0639013630274001,0.09161634660355757,0.2773629014890421,3.0274390081198868,both,True,-0.8990326481256342,-0.9901134521878943,-0.5351916376305844,-0.782107355864703
SMA20/50/200|BB2.5|MTF1|TP20/SL10|TR5-3|long,1742,-3.5033448262543256,-3.1934905089230123,-1.8517397345124995,1,11,-98.24545454544342,-8.030185863634328,-3.9516155692800203,0.8169235981704334,68.5419058553387,-0.6203788748564165,-1080.6999999998775,-0.6203788748564165,-1.0618940930043315,0.0829596381472322,0.44151521814791495,5.3220485046516,long,True,-0.8733188720172324,-0.8093749999998875,-0.44632107023409107,-0.3815709969788119
SMA20/50/200|BB2.5|MTF1|TP20/SL10|TR5-3|short,1074,-4.6038869602301675,-3.333850528361507,-3.1968844689131086,2,11,-102.32727272725738,-8.136454121477309,-5.008262323173217,0.7183183183183459,65.54934823091247,-1.048044692737273,-1125.5999999998312,-1.048044692737273,-0.8529453107618703,0.25636775806101486,-0.19509938197540277,-0.7610137228292554,short,True,-0.95081081081069,-1.1835820895521247,-0.7178030303028319,-1.5529069767439476
SMA20/50/200|BB2.5|MTF1|TP10/SL20|TR0-0|both,2473,-3.6064228691957276,-2.056788275632651,-3.0191848639235257,1,11,-232.24545454551034,-6.432227177902632,-3.8276660267747147,0.8536709701808475,65.54791750909827,-1.0330367974122976,-2554.700000000612,-1.0330367974122976,-0.9685418601463386,0.2619009676527195,-0.06449493726595901,-0.24625696439380573,both,False,-0.9701871657758682,-1.0545454545459216,-0.7265251989390409,-1.6352144469525485
SMA20/50/200|BB2.5|MTF1|TP10/SL20|TR0-0|long,1521,-2.017827324817937,-1.3299784677737936,-1.5174250837570935,2,11,-101.08181818185143,-4.268995892458765,-2.2938182920803447,0.8932435935594376,66.53517422748192,-0.7310322156478402,-1111.9000000003648,-0.7310322156478402,-0.8107598053850238,0.3352940196240165,0.07972758973718364,0.23778410908308634,long,False,-0.5440191387564552,-0.8922818791950955,-0.36819923371655056,-1.5067137809186884
SMA20/50/200|BB2.5|MTF1|TP10/SL20|TR0-0|short,981,-3.2900746250635797,-1.9736643056082928,-2.6688758792646556,2,11,-136.41818181820554,-5.057750372761403,-3.5994382119376263,0.7932345849121213,63.81243628950051,-1.5296636085629567,-1500.6000000002605,-1.5296636085629567,-1.4552666229079296,0.34310210232984534,-0.07439698565502706,-0.21683628619536882,short,False,-1.6953623188410367,-1.1635983263603025,-1.4779661016949128,-1.79378881987572
SMA20/50/200|BB2.5|MTF1|TP10/SL20|TR5-3|both,2714,-4.8420225915575195,-4.41589700033936,-2.5112552885731536,1,11,-231.19090909092913,-9.027159156065911,-5.048785531300833,0.7670407181788792,80.54532056005895,-0.9370302137067871,-2543.10000000022,-0.9370302137067871,-1.2655415165728854,0.15885464982333403,0.3285113028660983,2.0679992888558405,both,True,-1.0607626076262586,-1.392929292929471,-0.479365079365079,-0.9440573770491109
SMA20/50/200|BB2.5|MTF1|TP10/SL20|TR5-3|long,1684,-2.694084872500243,-2.572955580916198,-1.2906845365239459,1,11,-98.41818181819632,-6.114497858437233,-2.94154590212132,0.8280495552731608,81.76959619952494,-0.6428741092637524,-1082.600000000159,-0.6428741092637524,-1.2563839368190615,0.17709984565135356,0.613509827555309,3.4642030618315225,long,True,-0.8037280701756151,-0.9331378299122008,-0.21216931216936774,-0.8674999999999583
SMA20/50/200|BB2.5|MTF1|TP10/SL20|TR5-3|short,1049,-4.248359220474886,-3.181088451297621,-2.834529008912516,2,11,-132.64545454546064,-6.744536075730285,-4.514966692323875,0.6888315454991182,78.4556720686368,-1.390943755958119,-1459.1000000000668,-1.390943755958119,-1.2668619895304603,0.18397218219250017,-0.12408176642765878,-0.6744593935284479,short,True,-1.421311475410027,-1.9315384615386446,-1.0346456692912176,-1.0289940828401194
SMA10/25/75|BB2.0|MTF1|TP20/SL20|TR0-0|both,2252,-1.5878107584716978,-1.760493112052786,-0.5604557186517481,2,11,-134.80000000000183,-3.5163512460391737,-1.8540475783929191,0.9351322029152865,50.08880994671403,-0.6584369449378412,-1482.8000000000184,-0.6584369449378412,-0.7560325114084234,0.18453841778984548,0.0975955664705822,0.5288631366815184,both,False,-1.2361271676300678,-0.6943262411347273,0.17537313432832352,-0.9661670235546003
SMA10/25/75|BB2.0|MTF1|TP20/SL20|TR0-0|long,1354,-0.06212407056424708,-0.5057619230870102,0.36282118902685995,5,11,-4.100000000001514,-1.5621235143519419,-0.3582488912723086,0.9966060879708003,51.6248153618907,-0.033308714918770584,-45.10000000001537,-0.033308714918770584,-0.22449850785929507,0.32486356771276137,0.1911897929405245,0.5885233431579227,long,False,-0.3738578680203113,-0.08495934959346643,1.0321513002363496,-1.0773195876288524
SMA10/25/75|BB2.0|MTF1|TP20/SL20|TR0-0|short,1034,-2.197172117092926,-1.5053136045068691,-1.5986754958458989,1,11,-122.87272727272698,-3.556970024984665,-2.5135433917354364,0.8748796563726561,48.45261121856866,-1.307156673114116,-1351.5999999999958,-1.307156673114116,-1.0239957050948783,0.5190118603863373,-0.28316096801923774,-0.5455770660201502,short,False,-1.6514450867052097,-0.6756521739130245,-1.4722222222222214,-1.2090425531914772
SMA10/25/75|BB2.0|MTF1|TP20/SL20|TR5-3|both,2810,-3.7525597095969623,-4.645790598474949,-0.9032539787790326,2,11,-189.127272727284,-7.811320912510926,-3.9853582782852452,0.820608778132262,79.9644128113879,-0.7403558718861649,-2080.4000000001233,-0.7403558718861649,-0.979882891106584,0.12185445311451576,0.23952701922041908,1.965681295170375,both,True,-1.3214964370547775,-1.343543046357748,0.19862671660430448,-0.5600355239786303
SMA10/25/75|BB2.0|MTF1|TP20/SL20|TR5-3|long,1679,-1.3638382714347284,-2.168415088213705,0.16879866328318824,3,11,-51.027272727281,-4.670950310405197,-1.6575944553122965,0.9116980775886322,81.53662894580107,-0.3343061346039849,-561.3000000000907,-0.3343061346039849,-0.836671843163599,0.13394062081937713,0.502365708559614,3.750659848270145,long,True,-0.6874468085107841,-1.000874635568652,0.9833333333333029,-1.1494285714284533
SMA10/25/75|BB2.0|MTF1|TP20/SL20|TR5-3|short,1224,-4.50170210746214,-4.413654799048259,-2.0412377967775,2,11,-152.527272727276,-7.163251634517975,-4.8016368693061535,0.7035741417996053,77.5326797385621,-1.3707516339869577,-1677.800000000036,-1.3707516339869577,-1.0144890706704035,0.2502396725066264,-0.35626256331655415,-1.4236853802912497,short,True,-2.047815533980722,-1.7838926174497793,-1.3363636363634224,0.43502304147461845
SMA10/25/75|BB2.0|MTF1|TP15/SL15|TR0-0|both,2475,-2.7950843550569657,-2.0370006064909645,-1.927542678763066,2,11,-186.71818181818216,-5.481885105049755,-3.056073035341885,0.8946485635293974,49.858585858585855,-0.8298585858585869,-2053.9000000000024,-0.8298585858585869,-0.8337684507282725,0.16501864100132171,0.0039098648696856975,0.023693473937010434,both,False,-1.19760638297874,-0.5466531440162108,-0.20249999999997956,-1.4470588235294366
SMA10/25/75|BB2.0|MTF1|TP15/SL15|TR0-0|long,1460,-1.1304886506398373,-0.571500649192415,-1.0110785966827127,5,11,-57.709090909089646,-3.2289074446311297,-1.457104968338683,0.9433416636915419,51.16438356164383,-0.434794520547935,-634.7999999999851,-0.434794520547935,-0.28866143023247387,0.25868291088066625,-0.14613309031546112,-0.5649120377452154,long,False,-0.5196642685851259,-0.020363636363608644,0.20860927152321068,-1.6095238095238407
SMA10/25/75|BB2.0|MTF1|TP15/SL15|TR0-0|short,1105,-2.660156190452209,-1.7811342503533962,-1.974027656839148,3,11,-117.37272727272821,-4.504084411063657,-2.9998953640586827,0.8543647705097442,48.68778280542986,-1.1684162895927692,-1291.10000000001,-1.1684162895927692,-1.0993725575614122,0.3258586038225853,-0.06904373203135705,-0.2118824889734939,short,False,-1.6645945945946246,-0.8617529880477981,-1.0560714285714337,-0.8000000000000004
SMA10/25/75|BB2.0|MTF1|TP15/SL15|TR5-3|both,2865,-4.929088488297489,-5.0840881708261465,-2.0665813678669167,2,11,-214.65454545459752,-9.70943253867941,-5.167329646805925,0.7870317756671728,75.42757417102966,-0.8241535776616309,-2361.2000000005723,-0.8241535776616309,-1.1144137733878532,0.17919848358528115,0.2902601957262223,1.6197692632152578,both,True,-1.3858796296298417,-0.9626003210274777,-0.08397040690522349,-0.8747795414464451
SMA10/25/75|BB2.0|MTF1|TP15/SL15|TR5-3|long,1686,-2.3955220650156197,-2.228113300629786,-1.1981385329813228,2,11,-77.70000000002985,-6.23207706958363,-2.698201404098977,0.8598438883604511,76.98695136417555,-0.506939501779554,-854.7000000003281,-0.506939501779554,-1.1017517178902776,0.1247718104138159,0.5948122161107235,4.7672003326551105,long,True,-0.824788135593414,-0.6797101449277241,0.38046421663422486,-1.2147727272729152
SMA10/25/75|BB2.0|MTF1|TP15/SL15|TR5-3|short,1235,-5.002050100989561,-4.595711938747745,-2.5432130219860185,0,11,-144.2090909091137,-8.15497316585292,-5.332172678183819,0.694824932666373,73.19838056680162,-1.2844534412957493,-1586.3000000002505,-1.2844534412957493,-1.0950980325443178,0.1875615105429441,-0.18935540875143153,-1.009564319477352,short,True,-1.919904076738831,-1.3926421404684244,-1.0282392026579248,-0.2743119266057977
SMA10/25/75|BB2.0|MTF1|TP30/SL30|TR0-0|both,1895,-0.3733504654077111,-0.47053283452854205,-0.09061852195371377,5,11,-42.68181818181609,-1.5797857401476285,-0.5866662434252048,0.9825305575710226,50.76517150395779,-0.2477572559366631,-469.4999999999766,-0.2477572559366631,-0.14948234173513317,0.34881448313698643,-0.09827491420152992,-0.2817397755899241,both,False,-0.6895117540687259,-0.06771428571428552,0.5472454090150736,-0.9982188295165388
SMA10/25/75|BB2.0|MTF1|TP30/SL30|TR0-0|long,1181,1.2499137506190143,-0.005365571703036081,1.654795392022837,7,11,110.36363636364023,0.2782468951893564,0.9911898894894726,1.0768276630214677,52.9212531752752,1.0279424216765818,1214.0000000000432,1.0279424216765818,0.9189065253069462,0.4800796437255411,0.10903589636963562,0.2271204326088253,long,False,0.8026239067055141,-0.7966981132075248,3.164041994750773,-0.39959183673468474
SMA10/25/75|BB2.0|MTF1|TP30/SL30|TR0-0|short,927,-1.600605828100019,-0.09682728021119268,-2.1066099313214606,3,11,-126.09090909091104,-2.461566135408854,-1.8952082256716998,0.8986614840576316,48.43581445523193,-1.496224379719548,-1387.000000000021,-1.496224379719548,-1.5250971753151448,0.3965406103453861,0.028872795595596745,0.07281169908536882,short,False,-0.8066445182724239,0.3640394088669801,-3.2799196787148928,-2.306896551724196
SMA10/25/75|BB2.0|MTF1|TP30/SL30|TR5-3|both,2720,-1.5549638113091997,-2.775999249343346,0.35910335199703763,3,11,-96.70000000003564,-4.749989354516602,-1.8039610551463656,0.9087610649831553,85.55147058823529,-0.3910661764707321,-1063.7000000003914,-0.3910661764707321,-0.876739187574087,0.19400683337774846,0.48567301110335487,2.503380951317867,both,True,-1.2201982651797452,-0.9377816291161823,0.6567088607593172,-0.10384615384644755
SMA10/25/75|BB2.0|MTF1|TP30/SL30|TR5-3|long,1666,0.6688860966125488,-1.3523116365087027,2.140065413195217,5,11,31.32727272724998,-1.9410693598914754,0.3719813965204089,1.0554857823720325,87.21488595438174,0.20684273709468817,344.5999999997505,0.20684273709468817,-0.7886959409583566,0.10082813393419231,0.9955386780530447,9.873619982918704,long,True,-0.4185897435898228,-0.8471976401180642,1.6493177387912206,-0.0531791907516902
SMA10/25/75|BB2.0|MTF1|TP30/SL30|TR5-3|short,1218,-3.015573526946165,-2.690481615182207,-1.6084820369060486,1,11,-129.08181818183164,-5.1117122933369865,-3.263008405266511,0.7646522575084311,83.41543513957306,-1.1657635467981506,-1419.9000000001474,-1.1657635467981506,-1.11415343398706,0.3645387121489307,-0.051610112811090625,-0.14157649404874603,short,True,-1.6324390243902915,-1.4128813559322444,-1.273310810810944,0.19861751152038432
SMA10/25/75|BB2.0|MTF1|TP20/SL10|TR0-0|both,2511,-2.2365812136417187,-1.454631438474123,-1.7009195013901397,4,11,-141.77272727267038,-5.109673452957007,-2.511359391095082,0.9124776213219298,34.05017921146953,-0.621067303862753,-1559.4999999993727,-0.621067303862753,-0.6959157813224908,0.16950756245591725,0.07484847745973777,0.4415642368711611,both,False,-0.643979057591159,-0.31627450980345934,-0.5202200825309073,-1.0352941176470454
SMA10/25/75|BB2.0|MTF1|TP20/SL10|TR0-0|long,1464,-0.951877659932932,-0.8214773187232115,-0.5309643465935094,5,11,-46.3909090908794,-3.150515904980584,-1.2973797255359698,0.9502355109564083,34.904371584699454,-0.34856557377026814,-510.29999999967254,-0.34856557377026814,-0.3401261809722934,0.22416533865671567,-0.008439392797974732,-0.03764807194790594,long,False,-0.24952153110001912,-0.5959999999995323,0.20154185022026982,-1.0523659305993547
SMA10/25/75|BB2.0|MTF1|TP20/SL10|TR0-0|short,1092,-2.2853283792752435,-0.7586997944857782,-2.4300281667012973,2,11,-94.13636363633503,-4.235771409788849,-2.7372630647546004,0.8682871607011448,33.05860805860806,-0.9482600732597847,-1035.4999999996849,-0.9482600732597847,-0.923443580345852,0.377113069728328,-0.02481649291393262,-0.06580650448368286,short,False,-0.8159340659335996,-0.18167330677245314,-1.9039007092197473,-0.8000000000000003
SMA10/25/75|BB2.0|MTF1|TP20/SL10|TR5-3|both,2934,-6.680673975144876,-6.220413341751471,-3.4735503045285134,0,11,-256.4999999999734,-12.167840130197103,-7.047809613590814,0.7399659001889448,65.67825494205863,-0.9616564417176916,-2821.499999999707,-0.9616564417176916,-0.979499572720006,0.14094328006371082,0.017843131002314383,0.1265979548244423,both,True,-1.344219977553182,-0.9860681114549852,-0.6056029232642319,-0.849999999999943
SMA10/25/75|BB2.0|MTF1|TP20/SL10|TR5-3|long,1706,-4.001793034730321,-3.7961517520572086,-1.98567702887436,1,11,-116.37272727271444,-8.298746754827274,-4.434596639087913,0.7889365210222712,66.99882766705744,-0.750351699882684,-1280.099999999859,-0.750351699882684,-1.0926414071059698,0.145136492320174,0.3422897072232858,2.358398647723881,long,True,-1.154297693920213,-0.9790830945557562,-0.1709369024856424,-0.8358543417366032
SMA10/25/75|BB2.0|MTF1|TP20/SL10|TR5-3|short,1246,-5.85141211844066,-4.6908349011896435,-3.6964122833428625,0,11,-144.12727272725863,-9.567758307061842,-6.37386915835145,0.67422171992193,63.7239165329053,-1.2723916532904054,-1585.399999999845,-1.2723916532904054,-1.1464059682372185,0.23540875043646312,-0.12598568505318686,-0.5351784282427956,short,True,-1.5214285714284366,-1.030592105263025,-1.4584158415839774,-0.8730593607305791
SMA10/25/75|BB2.0|MTF1|TP10/SL20|TR0-0|both,2552,-3.198421990632059,-2.3168095672844404,-2.222245007464542,2,11,-204.04545454551217,-6.100976162279016,-3.4188660196753364,0.8735599808466512,66.14420062695925,-0.8795062695927245,-2244.500000000633,-0.8795062695927245,-0.8519068561099183,0.12362534947968051,-0.027599413482806145,-0.22325043851416962,both,False,-1.0308690012974853,-0.712190476190942,-0.7058663028649859,-1.0676864244741724
SMA10/25/75|BB2.0|MTF1|TP10/SL20|TR0-0|long,1531,-1.5690016079314162,-0.5888703990042179,-1.588793605571935,2,11,-76.81818181821562,-3.869680816656953,-1.806884712088772,0.9180288111752058,67.27629000653168,-0.5519268451994584,-845.0000000003708,-0.5519268451994584,-0.761700861009703,0.2256938321180366,0.20977401581024457,0.9294627763710174,long,False,-0.3866666666671435,-0.38976897689816076,-0.0040254237288938986,-1.7345794392522835
SMA10/25/75|BB2.0|MTF1|TP10/SL20|TR0-0|short,1147,-3.5046213529464674,-2.612046454583194,-2.3494985705380746,2,11,-149.93636363639104,-5.482517857096283,-3.727767812613174,0.8036033246802349,64.16739319965127,-1.4379250217962518,-1649.3000000003008,-1.4379250217962518,-1.2772706771057016,0.30360453602715354,-0.16065434469055018,-0.5291566021799546,short,False,-1.9958115183250604,-0.8304832713759273,-2.2320422535211097,-0.13962264150947182
SMA10/25/75|BB2.0|MTF1|TP10/SL20|TR5-3|both,2810,-5.2618478724045,-5.500412821213202,-2.1412358274221845,1,11,-253.30909090911265,-9.506334712656619,-5.453918459725326,0.7597309649046922,79.9644128113879,-0.9916014234876295,-2786.400000000239,-0.9916014234876295,-1.2941513925019916,0.1149976580798264,0.30254996901436215,2.6309228732670804,both,True,-1.4792161520191922,-1.503145695364422,-0.09837702871410518,-0.984369449378277
SMA10/25/75|BB2.0|MTF1|TP10/SL20|TR5-3|long,1679,-2.617993719833219,-2.7584191805800238,-0.983080120690964,3,11,-93.15454545455904,-6.104286117444777,-2.864883091892183,0.838797470345756,81.53662894580107,-0.610303752233561,-1024.700000000149,-0.610303752233561,-1.0394945493663725,0.21296817254037786,0.4291907971328115,2.015281401033944,long,True,-0.861914893617214,-1.2061224489797786,0.5972868217053563,-1.4688571428570236
SMA10/25/75|BB2.0|MTF1|TP10/SL20|TR5-3|short,1224,-5.398747928486817,-4.903225555075362,-2.7955642853972704,1,11,-176.38181818182724,-8.15924203944328,-5.630400397587531,0.6572145368456174,77.5326797385621,-1.5851307189543296,-1940.2000000000994,-1.5851307189543296,-1.3217845777977533,0.2885862964588981,-0.2633461411565763,-0.9125386215075647,short,True,-2.160436893204064,-1.952348993288771,-1.4666666666665389,-0.1506912442396745
SMA20/50/200|BB2.5|MTF0|TP20/SL20|TR0-0|both,2752,-0.32421991735112093,-0.008397802155522528,-0.4361194772243286,4,11,-30.29090909091061,-2.471511933073316,-0.5531039296539083,0.9877432407577699,51.63517441860465,-0.12107558139535413,-333.20000000001454,-0.12107558139535413,-0.719303867974804,0.24373578716421493,0.5982282865794498,2.4544130081989093,both,False,-0.09422169811320091,-0.13040152963670967,0.25353293413171424,-0.7267399267399313
SMA20/50/200|BB2.5|MTF0|TP20/SL20|TR0-0|long,1696,0.5615523411014138,0.3962254530753773,0.3981772156168897,6,11,40.727272727271085,-1.1473707496282741,0.2765984295442885,1.0273134091768168,52.7122641509434,0.2641509433962166,447.9999999999833,0.2641509433962166,-0.2961511307485007,0.4012376574129583,0.5603020741447173,1.3964344168425054,long,False,0.39879759519038954,0.3019354838709804,0.44743589743586737,-0.26070381231674067
SMA20/50/200|BB2.5|MTF0|TP20/SL20|TR0-0|short,1250,-0.5222637115789593,-0.3833919407536752,-0.3560593308580519,5,11,-33.427272727274165,-1.9557140660028975,-0.8352797301345262,0.9703309826197796,50.96000000000001,-0.29416000000001186,-367.7000000000148,-0.29416000000001186,-1.128857359458105,0.20855654758833186,0.8346973594580932,4.002259191141271,short,False,-0.7018957345971527,-0.32410071942445784,0.2386503067484342,-0.2642857142857449
SMA20/50/200|BB2.5|MTF0|TP20/SL20|TR5-3|both,3527,-4.36577097727009,-4.57465151429542,-1.7624692793984333,1,11,-241.90909090910353,-9.034054701887477,-4.636737933700586,0.8164726329728412,80.12475191380777,-0.7544655514602037,-2661.0000000001382,-0.7544655514602037,-1.0470375828929261,0.192677533687583,0.2925720314327225,1.5184543098164907,both,True,-0.9391025641027053,-1.5473901098902412,-0.30115606936410705,-0.29357249626299786
SMA20/50/200|BB2.5|MTF0|TP20/SL20|TR5-3|long,2144,-1.9023509480335274,-2.216562068638757,-0.5753985673615364,2,11,-81.10000000001236,-5.623127799595338,-2.2056400243369083,0.89029084424766,81.52985074626866,-0.416091417910511,-892.1000000001357,-0.416091417910511,-0.9846585657167488,0.09270165775253372,0.5685671478062377,6.133300758482905,long,True,-0.5540930979134554,-0.8565420560749035,0.09434523809522406,-0.5788598574821487
SMA20/50/200|BB2.5|MTF0|TP20/SL20|TR5-3|short,1499,-4.142898893379253,-3.5056547460783767,-2.396318649250089,2,11,-158.4727272727291,-7.055415331577469,-4.463467061992077,0.7400808147076743,78.45230153435624,-1.1629086057371711,-1743.2000000000196,-1.1629086057371711,-1.011430420006708,0.20686029459695002,-0.15147818573046323,-0.7322728899018819,short,True,-1.3031250000001513,-2.122222222222353,-0.9673740053048665,0.12972972972987812
SMA20/50/200|BB2.5|MTF0|TP15/SL15|TR0-0|both,3088,-1.3979128382213621,-0.4464109394484903,-1.5029651348634272,2,11,-104.44545454545046,-4.404366397486383,-1.61723098083007,0.9512461118678771,51.29533678756477,-0.37205310880827486,-1148.8999999999528,-0.37205310880827486,-0.7365852943444802,0.2263970951224965,0.3645321855362053,1.610145153757243,both,False,-0.09435146443512012,-0.39090909090907994,-0.13128371089533575,-1.1820033955857532
SMA20/50/200|BB2.5|MTF0|TP15/SL15|TR0-0|long,1861,-0.6579129344482948,0.12521045095983208,-1.0065510749007025,4,11,-38.54545454545109,-2.9915415139285346,-0.9334462783867684,0.9698544624638323,51.74637291778613,-0.22783449758192395,-423.9999999999605,-0.22783449758192395,-0.4148959109879121,0.24883488562784276,0.18706141340598817,0.7517491485729901,long,False,0.2692307692308096,-0.13492957746476766,-0.11340033500834848,-1.254545454545472
SMA20/50/200|BB2.5|MTF0|TP15/SL15|TR0-0|short,1346,-1.3394407288827552,-0.7964883668999191,-1.0910981619030127,5,11,-65.88181818181725,-3.3541064651214345,-1.6833643047747087,0.9299664666260822,50.74294205052006,-0.5384101040118786,-724.6999999999887,-0.5384101040118786,-1.2333435743013599,0.17916714683178891,0.6949334702894813,3.8786880439744884,short,False,-0.9432608695652249,-0.2620462046204452,-0.1023255813953222,-0.7372384937238472
SMA20/50/200|BB2.5|MTF0|TP15/SL15|TR5-3|both,3609,-4.910009945689675,-4.903005390723351,-2.1942288897555713,1,11,-231.50909090915349,-10.504237271744472,-5.174614361002177,0.812716950049965,76.11526738708784,-0.7056248268220247,-2546.600000000687,-0.7056248268220247,-1.0123377146534351,0.07403579024123033,0.3067128878314105,4.142765098232219,both,True,-0.8849684968498901,-1.2850529100531078,-0.2847601128882369,-0.4259204712814649
SMA20/50/200|BB2.5|MTF0|TP15/SL15|TR5-3|long,2167,-2.4566047980588355,-2.6722634707931032,-0.9443693123429631,2,11,-89.01818181822414,-6.8737563472707075,-2.7788353696526182,0.8723287742675162,77.48038763267189,-0.4518689432397164,-979.2000000004654,-0.4518689432397164,-1.0518974378925177,0.15758509711255778,0.6000284946528013,3.8076474593547442,long,True,-0.5247208931421364,-0.8217090069286055,-0.023607038123400273,-0.6548235294120013
SMA20/50/200|BB2.5|MTF0|TP15/SL15|TR5-3|short,1519,-4.417004029992851,-3.940072366126317,-2.354053211436816,2,11,-137.7727272727495,-8.035395128818086,-4.7500601228199555,0.7525189019709995,74.45687952600395,-0.9976958525347233,-1515.5000000002447,-0.9976958525347233,-1.123600139696055,0.13171976919583528,0.12590428716133184,0.955849588334328,short,True,-1.1971042471044697,-1.6435028248589592,-0.746113989637402,-0.09808429118781843
SMA20/50/200|BB2.5|MTF0|TP30/SL30|TR0-0|both,2239,0.6706888188560286,0.30986353912106995,0.6166147393628202,6,11,83.681818181821,-0.6352386155369327,0.41993056095997194,1.029588176301173,51.987494417150515,0.4111210361768791,920.5000000000323,0.4111210361768791,-0.11697223828498551,0.5432124466309319,0.5280932744618646,0.972167110192636,both,False,-0.24193061840121496,0.7339950372208086,1.3324621733150412,-0.41165919282507474
SMA20/50/200|BB2.5|MTF0|TP30/SL30|TR0-0|long,1434,0.876055062594541,-0.01990545775205958,1.1492455028984678,6,11,86.4272727272752,-0.1818194532385013,0.5629192241402919,1.048563824624674,52.440725244072524,0.6629707112970904,950.7000000000276,0.6629707112970904,0.7097486969190513,0.3556169897328858,-0.046777985621960894,-0.1315403565422934,long,False,-0.0836982968370106,0.290551181102338,1.6208333333333897,0.46124567474054684
SMA20/50/200|BB2.5|MTF0|TP30/SL30|TR0-0|short,1110,0.36084432157021545,0.6958203072529778,-0.14892097354962983,6,11,32.45454545454618,-0.5390155772758023,0.09634856878100238,1.0232591472949024,51.44144144144144,0.321621621621629,357.0000000000082,0.321621621621629,-1.187060142243484,0.4202703997625168,1.508681763865113,3.5897882999079345,short,False,-0.0877717391304403,1.5804979253111706,0.9013245033113164,-1.325628140703513
SMA20/50/200|BB2.5|MTF0|TP30/SL30|TR5-3|both,3396,-1.9272237853993033,-2.190401740072838,-0.6801454986566972,4,11,-131.1000000000433,-5.592120309147853,-2.186592644848505,0.9003331213888494,85.68904593639576,-0.42464664310968053,-1442.1000000004751,-0.42464664310968053,-0.7824123766093194,0.14468710905962315,0.35776573349963886,2.4726856167414994,both,True,-0.5152606635071728,-1.406194690265531,-0.08336614173250198,0.2157650695515364
SMA20/50/200|BB2.5|MTF0|TP30/SL30|TR5-3|long,2124,0.23267277338858208,-0.8740213249459505,1.0202874779190285,5,11,12.099999999966847,-2.7733676516835164,-0.048718439682034105,1.0164047575028823,87.05273069679849,0.06266478342732394,133.09999999963605,0.06266478342732394,-0.7750799077390929,0.13783995681657835,0.8377446911664168,6.077662170782538,long,True,-0.2748387096774855,-0.31981132075479024,0.49266467065842184,0.26699029126185
SMA20/50/200|BB2.5|MTF0|TP30/SL30|TR5-3|short,1488,-3.0758398342624744,-2.1123768891999863,-2.2369227931060265,2,11,-148.0181818181951,-5.374462929454275,-3.3660880691701034,0.7718425514622239,83.93817204301075,-1.0942204301076253,-1628.2000000001462,-1.0942204301076253,-0.8032218576679947,0.2846824472712064,-0.29099857243963057,-1.0221865634111507,short,True,-0.8457925636008568,-2.416618075801787,-0.9569148936171732,-0.02829457364355982
SMA20/50/200|BB2.5|MTF0|TP20/SL10|TR0-0|both,3117,-0.40972259863594346,-0.28399958104448875,-0.2951778914666679,4,11,-29.772727272660312,-3.5225845864729353,-0.6788222695068509,0.984787465800863,35.835739493102345,-0.10506897657980795,-327.4999999992614,-0.10506897657980795,-0.6701607560167194,0.17408022884479638,0.5650917794369115,3.2461571494183112,both,False,-0.10794148380308924,-0.004494382022017574,0.28919491525424873,-0.8337268128161869
SMA20/50/200|BB2.5|MTF0|TP20/SL10|TR0-0|long,1852,0.6605868323054421,0.4376244461817441,0.494699652264876,5,11,36.65454545458071,-1.7757068454352096,0.3556973330314582,1.0320139743539172,36.879049676025915,0.21771058315355818,403.20000000038976,0.21771058315355818,-0.4077643575661648,0.17017718856877903,0.625474940719723,3.6754335053956435,long,False,0.20619136960645962,0.356521739130886,0.632454695222397,-0.5820163487738546
SMA20/50/200|BB2.5|MTF0|TP20/SL10|TR0-0|short,1341,-1.233709994210425,-0.19277238033819763,-1.5291192087248435,3,11,-57.69090909087568,-3.3377084039873974,-1.6009273024508295,0.932605509653611,34.60104399701715,-0.47322893363134355,-634.5999999996317,-0.47322893363134355,-1.0422918279931042,0.1885793246094383,0.5690628943617606,3.017631416065,short,False,-0.36048565121366066,-0.3999999999995449,-0.43123209169048987,-0.8420168067226871
SMA20/50/200|BB2.5|MTF0|TP20/SL10|TR5-3|both,3715,-5.469978135123323,-4.9792064411921935,-2.8832079169099343,1,11,-227.74545454542155,-11.913728874675261,-5.815309839918845,0.8059007654879778,67.80619111709287,-0.6743472409151107,-2505.199999999636,-0.6743472409151107,-1.0675182850906428,0.08826077301603497,0.39317104417553217,4.454652171515674,both,True,-0.8839895013122251,-0.9213010204080467,-0.424633699633615,-0.4436781609194644
SMA20/50/200|BB2.5|MTF0|TP20/SL10|TR5-3|long,2219,-3.6523373183305323,-3.5376286867307254,-1.7418898758782495,2,11,-115.60909090907757,-8.770204714173468,-4.041017313893993,0.8302272181133796,68.67958539882831,-0.5730959891842512,-1271.6999999998534,-0.5730959891842512,-1.0205061037271241,0.07941157533325573,0.44741011454287294,5.634066729759332,long,True,-0.8356918238992647,-0.8281179138320891,-0.3083569405098865,-0.36077981651373736
SMA20/50/200|BB2.5|MTF0|TP20/SL10|TR5-3|short,1541,-4.467580949870932,-3.4818251477132147,-2.8824931405713454,2,11,-119.64545454543457,-8.691404059114967,-4.823872713416806,0.7647468897469167,66.3854639844257,-0.8540558079167941,-1316.0999999997798,-0.8540558079167941,-1.1031673059299982,0.16752166602633725,0.2491114980132041,1.4870404761497509,short,True,-0.9236190476189368,-1.055555555555434,-0.6976982097184798,-0.6732075471696458
SMA20/50/200|BB2.5|MTF0|TP10/SL20|TR0-0|both,3166,-3.4895432078410056,-2.0968083763427674,-2.8189077786082732,1,11,-248.1818181818916,-6.741511938840047,-3.686752122584844,0.875832897459766,66.17182564750473,-0.8622867972207219,-2730.0000000008054,-0.8622867972207219,-0.9478338034777869,0.20729223736484007,0.08554700625706502,0.4126879392328615,both,False,-0.7474645030430679,-1.1414012738858177,-0.7094379639449144,-0.9970443349753585
SMA20/50/200|BB2.5|MTF0|TP10/SL20|TR0-0|long,1946,-1.7681012784905317,-0.9120412717760787,-1.5611966254805605,2,11,-98.85454545459014,-4.340326715079647,-2.0102101060073605,0.9169771561201663,67.1634121274409,-0.55878725590981,-1087.4000000004903,-0.55878725590981,-0.7640688308244286,0.31991322581982196,0.20528157491461851,0.6416789252415434,long,False,-0.343455497382673,-0.8466843501330902,-0.2896440129450629,-1.0380952380952249
SMA20/50/200|BB2.5|MTF0|TP10/SL20|TR0-0|short,1389,-3.3005317135127843,-2.0574539038704067,-2.6040938179893702,1,11,-160.16363636367095,-5.4332412572275395,-3.5578971834157636,0.8241014376996403,64.79481641468684,-1.2683945284379985,-1761.80000000038,-1.2683945284379985,-1.2744462916138142,0.19923334333441273,0.006051763175815683,0.030375252829330943,short,False,-1.4981210855954545,-1.071069182390405,-1.5204610951008852,-0.7183673469387801
SMA20/50/200|BB2.5|MTF0|TP10/SL20|TR5-3|both,3527,-5.9430622002570255,-5.371881807712593,-3.1405457267521597,1,11,-317.68181818184706,-10.77636918613393,-6.150403861184206,0.7589867027146069,80.12475191380777,-0.990785370002925,-3494.5000000003165,-0.990785370002925,-1.1795071917684286,0.1240086763027094,0.18872182176550356,1.521843691846425,both,True,-1.1315018315020313,-1.6277472527474295,-0.6114643545279318,-0.6565022421524315
SMA20/50/200|BB2.5|MTF0|TP10/SL20|TR5-3|long,2144,-3.135812252669312,-2.9105318747107223,-1.6003113053042282,2,11,-128.3636363636576,-7.017308554119147,-3.363464799861899,0.8263543011744131,81.52985074626866,-0.658582089552348,-1412.000000000234,-0.658582089552348,-1.198531389993277,0.2255286182660654,0.539949300440929,2.39414981829015,long,True,-0.742054574639042,-1.0413551401870988,-0.22247023809529112,-0.8420427553444095
SMA20/50/200|BB2.5|MTF0|TP10/SL20|TR5-3|short,1499,-5.089141796338699,-3.941694303328844,-3.272783131963571,1,11,-188.94545454546432,-8.092504499496707,-5.353203259773897,0.6901009438322674,78.45230153435624,-1.386524349566449,-2078.400000000107,-1.386524349566449,-1.39290963950352,0.13364633718786056,0.006385289937071104,0.047777515429364835,short,True,-1.5037109375002042,-2.1136752136753887,-1.2493368700264167,-0.3691119691118982
SMA10/25/75|BB2.0|MTF0|TP20/SL20|TR0-0|both,2860,-2.302275197428735,-2.649573037800726,-0.7715505502956351,3,11,-220.33636363636927,-4.471026128350327,-2.5648515108101875,0.9174244411661454,49.75524475524475,-0.8474475524475734,-2423.70000000006,-0.8474475524475734,-0.6330544208991538,0.22679164423331213,-0.21439313154841966,-0.94533082236426,both,False,-1.464964370546329,-1.7460317460317465,-0.38407572383075406,0.05633116883111446
SMA10/25/75|BB2.0|MTF0|TP20/SL20|TR0-0|long,1823,-0.4679173788118722,-1.0694685170453126,0.3130541041714703,5,11,-35.36363636363956,-2.231237683336965,-0.7548993287019714,0.9784667674134078,51.39879319802523,-0.21338453099288734,-389.00000000003365,-0.21338453099288734,-0.462396220081982,0.39602185068324,0.24901168908909466,0.6287827014077259,long,False,-0.2688888888888873,-1.2927710843373434,0.30837789661316106,0.03179487179482036
SMA10/25/75|BB2.0|MTF0|TP20/SL20|TR0-0|short,1527,-3.0022116879417537,-2.093034263326405,-2.1532686740535243,2,11,-205.5545454545454,-4.638479763112099,-3.262619338980115,0.8597793529422686,48.06810740013098,-1.4807465618860498,-2261.099999999998,-1.4807465618860498,-1.3036034816194775,0.39113381889472715,-0.17714308026657233,-0.4528963533942076,short,False,-1.3616465863453842,-1.8122641509434079,-2.0759433962263816,-0.4407665505226756
SMA10/25/75|BB2.0|MTF0|TP20/SL20|TR5-3|both,3737,-3.6066826253950506,-4.991645597875934,-0.367117088220919,2,11,-214.7545454545608,-8.167604901692343,-3.8523819699538184,0.8467909305522993,80.03746320578003,-0.6321380786727768,-2362.300000000167,-0.6321380786727768,-0.9896884880031414,0.1389705684612806,0.3575504093303645,2.5728498723813145,both,True,-1.131846565566602,-1.5102666666668085,0.20972727272734737,-0.2499999999999786
SMA10/25/75|BB2.0|MTF0|TP20/SL20|TR5-3|long,2241,-2.6575054810392946,-3.7231782354427696,-0.1882646710127064,2,11,-118.58181818183024,-6.335527073633346,-2.9193111244618613,0.8552628658928838,80.45515394912985,-0.5820615796520003,-1304.4000000001326,-0.5820615796520003,-0.913616072998965,0.16844432396431144,0.33155449334696463,1.9683328327359466,long,True,-0.9535768645359093,-1.4462555066080822,0.6974550898203464,-1.0545454545453716
SMA10/25/75|BB2.0|MTF0|TP20/SL20|TR5-3|short,1824,-4.167473340261408,-4.5492186470431415,-1.4139589861173032,2,11,-171.81818181818682,-7.403453650611936,-4.486500821636225,0.7670836157495744,78.45394736842105,-1.0361842105263455,-1890.0000000000541,-1.0361842105263455,-1.2017790253510685,0.12182475461451414,0.16559481482472305,1.3592870787937066,short,True,-1.545500000000123,-1.9478155339807166,-0.6606315789471994,0.45578635014835067
SMA10/25/75|BB2.0|MTF0|TP15/SL15|TR0-0|both,3228,-3.0255753811327204,-2.8609130451831755,-1.5302237818028863,2,11,-225.44545454545406,-6.1549614481838715,-3.25851412627471,0.9021272397190025,50.09293680297397,-0.7682465923172219,-2479.8999999999924,-0.7682465923172219,-0.9112055087433253,0.19291802952536108,0.14295891642610337,0.7410345045397114,both,False,-1.1906444906445048,-1.0953255425709576,-0.2987730061349504,-0.5605224963715439
SMA10/25/75|BB2.0|MTF0|TP15/SL15|TR0-0|long,1971,-1.6210319956766905,-1.7728628476016954,-0.5807539510506696,4,11,-95.96363636363503,-4.0570217610527815,-1.90532126023538,0.9306602906014378,50.83713850837138,-0.5355657026889821,-1055.5999999999838,-0.5355657026889821,-0.59787065519643,0.23842393550506646,0.06230495250744794,0.26132004060525194,long,False,-0.7434482758620686,-0.9620967741935548,0.06594323873124634,-0.728571428571426
SMA10/25/75|BB2.0|MTF0|TP15/SL15|TR0-0|short,1640,-3.3600320242715562,-2.408383542445092,-2.346398161135336,2,11,-180.60000000000173,-5.602973948744716,-3.673230300350539,0.849796992310662,48.59756097560975,-1.2113414634146449,-1986.6000000000176,-1.2113414634146449,-1.1376742860051523,0.17147035843341302,-0.07366717740949258,-0.4296204783294934,short,False,-1.335834896810524,-1.4031250000000137,-1.5374717832957323,-0.3192307692307511
SMA10/25/75|BB2.0|MTF0|TP15/SL15|TR5-3|both,3856,-5.109659533825028,-5.684183135075854,-1.7949903330083918,1,11,-264.4181818182497,-10.491006649382845,-5.362275991019287,0.8056852724053416,75.3890041493776,-0.7543049792533053,-2908.6000000007452,-0.7543049792533053,-1.0976628244604205,0.13802084909367446,0.3433578452071152,2.487724481205582,both,True,-1.2031841652325588,-1.1393129770994395,-0.06441281138804589,-0.6920918367349365
SMA10/25/75|BB2.0|MTF0|TP15/SL15|TR5-3|long,2262,-3.9206054780971105,-4.222440793929589,-1.4844445505166004,1,11,-152.3727272727691,-8.182248230785596,-4.192053283406628,0.8070698466779783,75.59681697612733,-0.7409814323609463,-1676.1000000004603,-0.7409814323609463,-0.9616177777249435,0.18303034198641652,0.22063634536399723,1.2054632197560535,long,True,-1.125113464447998,-1.0917748917751038,0.20446428571409725,-1.2107066381158647
SMA10/25/75|BB2.0|MTF0|TP15/SL15|TR5-3|short,1841,-5.102928586920725,-4.957911714194925,-2.317762359664225,1,11,-180.7000000000313,-8.90071367238641,-5.461047563140226,0.7373546511627544,73.87289516567083,-1.0796849538296271,-1987.7000000003436,-1.0796849538296271,-1.1580986650830798,0.17205635186300577,0.07841371125345264,0.4557443558717727,short,True,-1.533828382838479,-1.5978417266189193,-0.696666666666777,-0.170118343195513
SMA10/25/75|BB2.0|MTF0|TP30/SL30|TR0-0|both,2329,-0.1671169171263057,-0.9735148622332467,0.5592395682150526,5,11,-21.309090909083363,-1.4951725315070914,-0.3781132912796098,0.9929153468578498,51.22370115929583,-0.10064405324169837,-234.3999999999155,-0.10064405324169837,-0.39252612479966786,0.4280606501886521,0.2918820715579695,0.6818708316901663,both,False,-1.2302611367127438,-0.20471464019851454,0.5084415584416265,0.5099009900990675
SMA10/25/75|BB2.0|MTF0|TP30/SL30|TR0-0|long,1578,0.9176647930250625,-0.6499878674481192,1.7587249709482355,7,11,94.33636363637069,-0.19910613776841624,0.6914095682639689,1.047970820871031,52.53485424588086,0.6576045627376921,1037.700000000078,0.6576045627376921,0.2787957464553638,0.4059989899197,0.37880881628232826,0.9330289623559174,long,False,-0.30718954248367525,-1.1096774193548047,1.8949019607844044,1.5815151515152397
SMA10/25/75|BB2.0|MTF0|TP30/SL30|TR0-0|short,1361,-1.5336124300377845,-0.7771108183565212,-1.3569660208288399,3,11,-149.236363636363,-2.556604113045898,-1.8632623578862466,0.9176684771978405,49.008082292432036,-1.2061719324026394,-1641.5999999999922,-1.2061719324026394,-1.7000982148479504,0.4871443491905642,0.493926282445311,1.0139218144806885,short,False,-1.3770685579196058,-0.02214285714285832,-2.0576530612244848,-0.9259398496240634
SMA10/25/75|BB2.0|MTF0|TP30/SL30|TR5-3|both,3579,-1.1738217032349003,-3.200654174648941,1.3278914180091321,5,11,-84.30909090913794,-4.8155982003134685,-1.3954748371564332,0.9395200208686247,85.72226879016485,-0.259122659961027,-927.4000000005157,-0.259122659961027,-0.8579133464873155,0.15134112013442103,0.5987906865262885,3.956563067555224,both,True,-1.0421641791045415,-1.1826647564470592,0.7258669165884016,0.32452830188648923
SMA10/25/75|BB2.0|MTF0|TP30/SL30|TR5-3|long,2213,-0.6412990324638463,-2.9627262937171057,1.855508342940249,4,11,-36.15454545457569,-3.5206255091976435,-0.908923551808214,0.9564164383561284,86.03705377315862,-0.17971079981939997,-397.7000000003321,-0.17971079981939997,-0.7444198957421088,0.18684679230369106,0.5647090959227088,3.0223108941836156,long,True,-1.0653312788906635,-1.3242081447964489,1.4359398496238616,-0.16608315098496398
SMA10/25/75|BB2.0|MTF0|TP30/SL30|TR5-3|short,1808,-2.4801503278491412,-2.4063532914215116,-1.120526705601109,3,11,-126.90909090911106,-5.06831200082522,-2.7249027678611615,0.8363173754499269,84.23672566371681,-0.7721238938054317,-1396.0000000002206,-0.7721238938054317,-1.1529000464830177,0.16104879804628697,0.380776152677586,2.3643526514749107,short,True,-1.118487394958023,-1.5836633663366857,-0.5843551797041586,0.5526785714282465
SMA10/25/75|BB2.0|MTF0|TP20/SL10|TR0-0|both,3344,-2.818652009818481,-1.9474734487204426,-2.038507801523273,3,11,-206.50909090901814,-6.116291844488781,-3.1146300520589425,0.9046483709294512,33.881578947368425,-0.6793062200954535,-2271.5999999991964,-0.6793062200954535,-0.8236688954544791,0.1715887400017447,0.14436267535902558,0.8413295380428676,both,False,-0.6076540755462517,-0.898906249999531,-0.8564870259480529,-0.3258620689655443
SMA10/25/75|BB2.0|MTF0|TP20/SL10|TR0-0|long,1974,-0.9423702092568381,-1.5800759471477697,0.18974302545247454,6,11,-53.30909090905152,-3.4912003458541485,-1.2518040837138458,0.9574903041067384,35.15704154002026,-0.2970618034445619,-586.3999999995652,-0.2970618034445619,-0.4732382416505299,0.10596745997701679,0.176176438205968,1.6625522423976078,long,False,-0.3222222222217593,-1.0231382978718675,-0.08441127694857208,0.08305489260138178
SMA10/25/75|BB2.0|MTF0|TP20/SL10|TR0-0|short,1638,-3.3095826401057664,-1.495919869916283,-3.1305299305848986,1,11,-169.45454545450335,-5.6551297172268296,-3.678221137547613,0.8437997553086602,32.356532356532355,-1.1379731379728542,-1863.9999999995352,-1.1379731379728542,-0.9481053845430729,0.18984676429448452,-0.18986775342978124,-1.0001105582988192,short,False,-0.7394785847295101,-1.0107042253516458,-2.0613483146066325,-0.633887043189378
SMA10/25/75|BB2.0|MTF0|TP20/SL10|TR5-3|both,4006,-7.230589739366458,-6.728137122173891,-3.736926501196708,0,11,-328.7909090908733,-13.531376652953051,-7.5682066789646685,0.756216423896426,65.65152271592612,-0.9028207688466312,-3616.6999999996046,-0.9028207688466312,-1.1445478070619823,0.07386142417136983,0.24172703821535113,3.27271022630849,both,True,-1.235855263157765,-1.066706161137327,-0.540472027971932,-0.7422693266832537
SMA10/25/75|BB2.0|MTF0|TP20/SL10|TR5-3|long,2291,-4.9908113222818455,-5.284597369568726,-2.0229264552961665,1,11,-171.16363636361896,-9.857406290230493,-5.385828327407924,0.7741416952568428,66.25927542557835,-0.8218245307725051,-1882.799999999809,-0.8218245307725051,-1.1717466359682989,0.09252247207118672,0.3499221051957938,3.7820228682018353,long,True,-1.201943198804057,-1.254352441613474,-0.1871870397643175,-0.7644067796609677
SMA10/25/75|BB2.0|MTF0|TP20/SL10|TR5-3|short,1869,-6.243036362897003,-4.778390073323687,-4.100503104886297,0,11,-192.21818181816025,-10.658605368983011,-6.740279721168288,0.7067447053439102,64.20545746388443,-1.1313001605135165,-2114.3999999997623,-1.1313001605135165,-1.0462405190002904,0.11821857255906952,-0.08505964151322609,-0.719511661086289,short,True,-1.2546042003229587,-1.2779342723003433,-1.0975206611568544,-0.7711764705881982
SMA10/25/75|BB2.0|MTF0|TP10/SL20|TR0-0|both,3313,-3.5300359558895145,-2.9143286286995727,-2.1338946201215117,1,11,-254.28181818189196,-6.866788567459346,-3.7247169051921944,0.8783197678717876,66.34470268638695,-0.8442801086630876,-2797.100000000809,-0.8442801086630876,-1.0490203020890416,0.10847609007126467,0.20474019342595406,1.8874223185168966,both,False,-0.996516393443091,-1.1389857369259786,-0.7909729187563144,-0.4473906911142656
SMA10/25/75|BB2.0|MTF0|TP10/SL20|TR0-0|long,2060,-2.3273808330899226,-2.025069946781084,-1.301644953323248,1,11,-130.52727272731988,-5.021355388691281,-2.5383940357287025,0.898046567113269,66.84466019417475,-0.696990291262387,-1435.8000000005172,-0.696990291262387,-0.7660124366949754,0.20804662833700166,0.06902214543258844,0.3317628648169381,long,False,-0.6590759075912308,-1.1853960396044252,-0.14870550161820528,-1.0777777777777617
SMA10/25/75|BB2.0|MTF0|TP10/SL20|TR0-0|short,1697,-4.066041458234566,-3.162125321841013,-2.6063070916503572,2,11,-209.32727272731253,-6.490383733584227,-4.291481744422131,0.8135878628907831,64.52563347083088,-1.3568650559814004,-2302.6000000004365,-1.3568650559814004,-1.4379560688071404,0.30704101087852387,0.08109101282574005,0.26410482623711296,short,False,-1.6744990892536469,-1.2509383378020706,-2.0148888888888856,-0.030769230769274583
SMA10/25/75|BB2.0|MTF0|TP10/SL20|TR5-3|both,3737,-5.585747914518217,-6.154712218103795,-1.9581652701784629,1,11,-316.4363636363934,-10.364307895867697,-5.772627436481933,0.7742496173502229,80.03746320578003,-0.9314423334226186,-3480.800000000326,-0.9314423334226186,-1.230004859728907,0.14331126406724062,0.29856252630628843,2.083315140994116,both,True,-1.3631578947370366,-1.6952000000001912,-0.12881818181815533,-0.7044386422976432
SMA10/25/75|BB2.0|MTF0|TP10/SL20|TR5-3|long,2241,-4.106400478484258,-4.510722273882039,-1.4178473673146026,2,11,-174.24545454547442,-7.974602442535585,-4.319932263445714,0.787321630678386,80.45515394912985,-0.8552878179385177,-1916.700000000218,-0.8552878179385177,-1.173265147061227,0.14896796711357077,0.31797732912270926,2.1345349291118976,long,True,-1.1546423135466155,-1.6202643171808149,0.29116766467060773,-1.3354978354977656
SMA10/25/75|BB2.0|MTF0|TP10/SL20|TR5-3|short,1824,-5.58559895994335,-5.427786702965685,-2.5126539746044756,1,11,-220.04545454546687,-8.96615166151487,-5.82522697175587,0.7017068211226613,78.45394736842105,-1.3270285087720035,-2420.5000000001346,-1.3270285087720035,-1.442424543230279,0.15792200390107106,0.1153960344582754,0.7307153633293831,short,True,-1.7723333333335043,-2.1308252427186374,-0.8757894736840938,-0.1875370919881583
SMA20/50/200|BB2.0|MTF1|TP20/SL20|TR0-0|both,3309,-1.4215980219344937,-1.5191149693168733,-0.5485262425593835,4,11,-144.9454545454577,-3.8045119224922557,-1.6780053460081388,0.9522774754712666,50.770625566636454,-0.48183741311575473,-1594.4000000000324,-0.48183741311575473,-0.4172515339259689,0.15302503828631434,-0.06458587918978581,-0.42206085953688005,both,False,-0.3990981963927809,-1.1186666666666725,0.4979087452470899,-1.5913505311076965
SMA20/50/200|BB2.0|MTF1|TP20/SL20|TR0-0|long,1866,-0.3829682999892318,-0.41194615037765747,-0.1472682696791154,5,11,-28.872727272727822,-2.2049349524565462,-0.6695662147984716,0.9828439316350112,51.60771704180064,-0.17020364415863037,-317.6000000000043,-0.17020364415863037,-0.2615633451962217,0.1949193130381028,0.09135970103759133,0.4687052278895132,long,False,0.11472275334608432,-0.6935185185185101,0.7044207317072735,-1.6942148760330056
SMA20/50/200|BB2.0|MTF1|TP20/SL20|TR0-0|short,1492,-1.6653131140731425,-1.2938410364073594,-1.0737460622030712,3,11,-116.55454545454819,-3.2513545315719052,-2.0588638661574348,0.9163993218570647,49.73190348525469,-0.8593163538874186,-1282.1000000000286,-0.8593163538874186,-0.7562322853561898,0.20224620893689096,-0.10308406853122876,-0.5096959249475731,short,False,-1.0971602434077057,-1.3508417508417636,0.1839506172838662,-1.3956228956228691
SMA20/50/200|BB2.0|MTF1|TP20/SL20|TR5-3|both,4717,-5.496528296188076,-5.493425316697284,-2.4463524461078743,1,11,-348.6363636363769,-11.00621873955965,-5.789455015719534,0.8000542225836952,80.34767860928557,-0.8130167479330394,-3835.0000000001464,-0.8130167479330394,-0.8809848286188056,0.10316916899481081,0.06796808068576621,0.6588022502069864,both,True,-1.1451296426070077,-1.0939759036146,-0.12019635343612615,-1.082834101382359
SMA20/50/200|BB2.0|MTF1|TP20/SL20|TR5-3|long,2751,-3.7088310108077294,-3.570504374045371,-1.7970469303573984,1,11,-176.30909090909864,-8.073888552588805,-4.0716144270558505,0.8198655075048183,80.98873137041076,-0.7049800072701143,-1939.4000000000847,-0.7049800072701143,-0.9510716900684308,0.14597090834874973,0.2460916827983165,1.6858953991733814,long,True,-0.8948952879582444,-0.999090909091056,0.05263724434879666,-1.4864173228345214
SMA20/50/200|BB2.0|MTF1|TP20/SL20|TR5-3|short,2011,-3.9152567605213475,-3.5294203865536744,-2.106103330082264,1,11,-168.17272727273325,-7.422541729571583,-4.241659711196213,0.7837386018236976,79.46295375435108,-0.9198906016907337,-1849.9000000000653,-0.9198906016907337,-0.7941395158076643,0.1337783942097725,-0.12575108588306938,-0.9399954800315825,short,True,-1.4068914956013265,-1.105831533477453,-0.3999999999998998,-0.48839779005511125
SMA20/50/200|BB2.0|MTF1|TP15/SL15|TR0-0|both,3766,-1.2880339835022792,-0.7808955818252793,-1.0346283514125003,4,11,-105.61818181817571,-4.658114747238917,-1.5389017131414522,0.9594639386760394,51.566648964418484,-0.3084970791290305,-1161.799999999929,-0.3084970791290305,-0.7833172401989777,0.08121087246198125,0.47482016106994723,5.846756064494118,both,False,-0.15202108963090707,-0.5814661134163094,0.2904156064461801,-1.254545454545472
SMA20/50/200|BB2.0|MTF1|TP15/SL15|TR0-0|long,2129,-0.2757038477250653,0.4270574651989196,-0.7757065218820326,5,11,-17.045454545449942,-2.817127533760659,-0.5963235597549172,0.9882471667836763,52.32503522780648,-0.0880695162047666,-187.4999999999481,-0.0880695162047666,-0.44278773679685796,0.15823043382815702,0.35471822059209135,2.2417825193939995,long,False,0.2891666666667039,0.022163588390531255,0.2466936572200096,-1.3501222493887737
SMA20/50/200|BB2.0|MTF1|TP15/SL15|TR0-0|short,1666,-1.3660993295184136,-0.7894168275600691,-1.1284874448079791,4,11,-74.29999999999792,-3.641699517318176,-1.760964125597825,0.9362684320927044,50.90036014405762,-0.49057623049218224,-817.2999999999756,-0.49057623049218224,-0.8794784557455262,0.22886417265022174,0.38890222525334395,1.6992708852150133,short,False,-0.5925454545454436,-0.8941176470588195,0.3904761904762357,-1.0830188679245394
SMA20/50/200|BB2.0|MTF1|TP15/SL15|TR5-3|both,4808,-5.8725619646376295,-5.492111446609574,-2.905515548572722,1,11,-314.37272727281265,-12.510619728741021,-6.205933229854348,0.8058218081969797,76.53910149750416,-0.7192387687189973,-3458.100000000939,-0.7192387687189973,-1.0599916994965135,0.07819874082186025,0.3407529307775162,4.357524522725559,both,True,-1.0907586206898605,-0.8030693069308976,-0.14416382252578433,-0.9673839184599775
SMA20/50/200|BB2.0|MTF1|TP15/SL15|TR5-3|long,2792,-4.142496254197658,-3.8489231924652203,-2.1245276441558674,1,11,-166.71818181823173,-9.37386840646686,-4.5715620726200346,0.8169139228879577,77.22063037249283,-0.656840974212231,-1833.900000000549,-0.656840974212231,-1.0952374984465079,0.091471652315152,0.4383965242342769,4.792703675274682,long,True,-0.9693798449614324,-0.614466546112317,-0.15447839831421184,-1.1573643410854686
SMA20/50/200|BB2.0|MTF1|TP15/SL15|TR5-3|short,2042,-3.9633145606234543,-3.538952382121264,-2.1375303244864874,2,11,-142.17272727276296,-8.209747838172687,-4.332857253577932,0.8002707500542349,75.71008814887365,-0.7658667972577825,-1563.9000000003919,-0.7658667972577825,-0.8274037317621952,0.15951060524855037,0.061536934504412666,0.385785850467594,short,True,-1.2127721335270705,-0.8756929637528664,-0.11721470019359373,-0.7002724795641919
SMA20/50/200|BB2.0|MTF1|TP30/SL30|TR0-0|both,2617,0.7990722141663479,0.4022717763705642,0.7049794299591007,7,11,106.6727272727316,-0.629577532608513,0.5083297399269457,1.0319203053293913,52.3118074130684,0.4483760030569541,1173.4000000000487,0.4483760030569541,0.05210502167275022,0.2560353989035788,0.39627098138420386,1.5477195070726797,both,False,0.3531830238726609,0.12624728850327696,1.772291904218998,-1.343619047619067
SMA20/50/200|BB2.0|MTF1|TP30/SL30|TR0-0|long,1470,0.6913372637338885,0.20589034929112854,0.7291539590347436,6,11,67.34545454545618,-0.408694213438503,0.34584330109878614,1.0362625313283207,52.31292517006803,0.503945578231305,740.8000000000184,0.503945578231305,0.6350705926586646,0.35157270782771655,-0.13112501442735958,-0.3729669894957137,long,False,0.13879093198989628,0.40944881889766116,1.7863551401869686,-1.3169014084507205
SMA20/50/200|BB2.0|MTF1|TP30/SL30|TR0-0|short,1239,0.2106849140180986,0.5158156992509173,-0.1737735195305723,6,11,20.363636363638616,-0.7270951596183425,-0.20723302678378552,1.0126896364192577,51.65456012913639,0.18079096045199772,224.00000000002518,0.18079096045199772,-0.5244615224805341,0.4022393617255777,0.7052524829325318,1.7533154386160763,short,False,0.47647058823528265,-0.3955102040816219,1.392957746478968,-1.4512096774193832
SMA20/50/200|BB2.0|MTF1|TP30/SL30|TR5-3|both,4572,-2.8572983325653434,-3.658048665221145,-0.5740641312836883,3,11,-224.34545454551278,-7.179631711322611,-3.113128961304278,0.8723245743376113,85.89238845144357,-0.5397637795276989,-2467.8000000006396,-0.5397637795276989,-0.8475393447560231,0.09325880679221403,0.30777556522832417,3.3002305714040046,both,True,-0.9190751445087367,-1.2023206751055424,0.2592964824118544,-0.4925619834713175
SMA20/50/200|BB2.0|MTF1|TP30/SL30|TR5-3|long,2698,-2.2071322152995307,-3.2877978051510377,-0.03971352774272338,1,11,-132.572727272762,-5.591647298337641,-2.5281200748342805,0.8702245241209594,85.9896219421794,-0.5405114899927285,-1458.3000000003813,-0.5405114899927285,-0.9068574045991673,0.11331406040985355,0.36634591460643884,3.233013743231658,long,True,-1.115620827770412,-1.1211111111111782,0.42628696604579847,-0.819556451613145
SMA20/50/200|BB2.0|MTF1|TP30/SL30|TR5-3|short,1984,-1.9714826944431507,-1.606438780662033,-1.205014447018354,4,11,-106.29090909093398,-4.7359635157700435,-2.318110886344144,0.8644688644688343,85.53427419354838,-0.5893145161291697,-1169.2000000002727,-0.5893145161291697,-0.6178402206069404,0.15127462557827642,0.028525704477770697,0.1885689974027415,short,True,-0.7915555555556394,-1.2021834061135896,-0.04919028340102722,-0.16806722689099488
SMA20/50/200|BB2.0|MTF1|TP20/SL10|TR0-0|both,3844,-2.303015168810915,-0.9900694936088174,-2.2037551440996435,2,11,-177.66363636355175,-5.943523296338744,-2.6044085877575545,0.9281673729981963,34.391259105098854,-0.5084027055148457,-1954.2999999990666,-0.5084027055148457,-0.5350216649557751,0.15572812347212608,0.0266189594409294,0.17093225582785598,both,False,-0.06433566433520022,-0.6646408839774312,-0.06822660098520342,-1.7366754617413718
SMA20/50/200|BB2.0|MTF1|TP20/SL10|TR0-0|long,2173,-1.5138863326405256,-0.3475196994576007,-1.721124539568697,5,11,-85.89999999995426,-4.335985637457509,-1.8636649006310524,0.9383248697831973,34.65255407271054,-0.43483663138494966,-944.8999999994957,-0.43483663138494966,-0.48962152398860315,0.15772342007556503,0.05478489260365349,0.3473478610684839,long,False,-0.12248322147604832,-0.20182291666620142,0.0735332464146303,-1.9971830985914814
SMA20/50/200|BB2.0|MTF1|TP20/SL10|TR0-0|short,1685,-1.7149406590007348,-0.41197313717468653,-1.9093823688780711,2,11,-88.65454545450622,-4.125997763832163,-2.1327420560996355,0.9185071907878015,34.124629080118694,-0.5787537091985563,-975.1999999995674,-0.5787537091985563,-0.8198209327849886,0.2226677493026258,0.2410672235864323,1.0826319677700604,short,False,-0.015217391303883254,-1.0914040114608448,-0.2661504424778769,-1.4024096385541829
SMA20/50/200|BB2.0|MTF1|TP20/SL10|TR5-3|both,5006,-8.39336112262651,-6.434153352618869,-5.49583554724623,1,11,-390.68181818177237,-16.215719087398046,-8.794938731943946,0.7567856657762643,67.29924091090692,-0.8584698361964634,-4297.499999999496,-0.8584698361964634,-0.9817227626650755,0.05464306134387325,0.12325292646861208,2.255600682636929,both,True,-1.0476541554958687,-0.7473138548538155,-0.43650065530792065,-1.375836030204827
SMA20/50/200|BB2.0|MTF1|TP20/SL10|TR5-3|long,2905,-6.567569535663228,-4.671383768169713,-4.623522376221132,1,11,-232.65454545452113,-12.627782677567085,-7.104123964906301,0.7486001689620752,67.50430292598966,-0.8809638554215946,-2559.1999999997324,-0.8809638554215946,-1.0698258281341217,0.0741361809749271,0.18886197271252714,2.5475006970806926,long,True,-1.160201511334891,-0.624006908462783,-0.42098890010086243,-1.5887245841033697
SMA20/50/200|BB2.0|MTF1|TP20/SL10|TR5-3|short,2115,-5.07514826723061,-3.9860342378848266,-3.2731162697816134,2,11,-156.82727272725108,-10.110222382322034,-5.469389589283974,0.7708300122217107,67.04491725768321,-0.8156501182031972,-1725.099999999762,-0.8156501182031972,-0.9107206208203211,0.12262062197936541,0.09507050261712391,0.775322299646485,short,True,-0.9361702127658601,-0.8224948875254521,-0.4616822429905292,-1.0774611398962477
SMA20/50/200|BB2.0|MTF1|TP10/SL20|TR0-0|both,4010,-3.354332358176033,-2.953551229301087,-1.8152998996521301,3,11,-267.34545454555007,-7.069967064628004,-3.579316645738233,0.8931348750671868,66.65835411471322,-0.7333665835414083,-2940.800000001047,-0.7333665835414083,-0.9119345430711663,0.10022627849867617,0.178567959529758,1.781648108705509,both,False,-0.7916802610118908,-1.141840490798012,-0.11452009844143354,-1.1999999999999775
SMA20/50/200|BB2.0|MTF1|TP10/SL20|TR0-0|long,2303,-1.7985306309782978,-1.542493433280802,-1.0192579452436414,2,11,-108.22727272732631,-4.65053852396525,-2.0882380596145773,0.9229714078665175,67.39036039947894,-0.5169344333480628,-1190.5000000005884,-0.5169344333480628,-0.8210311983435592,0.09114261008783194,0.3040967649954964,3.336493926413186,long,False,-0.6407975460127459,-0.7718468468473177,0.34234693877539635,-1.6510638297871858
SMA20/50/200|BB2.0|MTF1|TP10/SL20|TR0-0|short,1762,-2.791106172442659,-1.755963595401302,-2.185699074039687,3,11,-150.2272727273168,-5.246625993040803,-3.1148398432298485,0.8659609847101831,65.89103291713961,-0.9378547105564606,-1652.5000000004836,-0.9378547105564606,-1.1901937830815525,0.27019231970638774,0.2523390725250919,0.9339239279610295,short,False,-0.9882154882159543,-1.2088832487314276,-0.9123595505618427,-0.5568389057750902
SMA20/50/200|BB2.0|MTF1|TP10/SL20|TR5-3|both,4717,-6.8891349850560575,-6.213198190694689,-3.6648956918767905,1,11,-424.6636363636672,-12.559141124491335,-7.1564486218172805,0.7564519660900086,80.34767860928557,-0.9903116387535169,-4671.300000000339,-0.9903116387535169,-1.1941945360663828,0.14813057149186354,0.2038828973128659,1.376372853081612,both,True,-1.2648213034339673,-1.1930722891568153,-0.35743338008412817,-1.3460829493086555
SMA20/50/200|BB2.0|MTF1|TP10/SL20|TR5-3|long,2751,-4.935250609181815,-4.267978040836931,-2.8121101195240312,1,11,-227.10909090910843,-9.461183111183264,-5.290797499651725,0.767963293208478,80.98873137041076,-0.9081061432207169,-2498.200000000192,-0.9081061432207169,-1.155572944197099,0.07545506601142996,0.24746680097638207,3.2796578686830085,long,True,-1.0641361256546344,-1.1361818181820154,-0.2300322927879483,-1.666535433070746
SMA20/50/200|BB2.0|MTF1|TP10/SL20|TR5-3|short,2011,-4.653296323546483,-3.8574470467694195,-2.7945206113185233,1,11,-194.80000000001428,-8.25330144525054,-4.9492335879577425,0.7494973111994171,79.46295375435108,-1.0655395325709383,-2142.8000000001566,-1.0655395325709383,-1.0722633574391884,0.16312333204775745,0.006723824868250183,0.041219271233876316,short,True,-1.484017595308119,-1.1552915766740435,-0.5650793650792921,-0.8591160220993765
SMA20/50/200|BB2.0|MTF0|TP20/SL20|TR0-0|both,4205,-1.4403688348212484,-1.7809561798650408,-0.3569681476135819,4,11,-164.73636363636982,-4.1242527840417775,-1.6844652413281076,0.9572567519754661,50.844233055885844,-0.43093935790726895,-1812.1000000000658,-0.43093935790726895,-0.6380873465712709,0.1394033550372526,0.20714798866400191,1.4859612855705373,both,False,-0.4967767295597451,-0.9775280898876456,0.3911344853493015,-1.1289887640449277
SMA20/50/200|BB2.0|MTF0|TP20/SL20|TR0-0|long,2428,-0.2881889050171752,-0.3745129346327682,-0.05855439384320927,5,11,-24.790909090910905,-2.364323772747213,-0.5370547146466269,0.9886680019613859,51.81219110378913,-0.11231466227348348,-272.7000000000179,-0.11231466227348348,-0.1847794354616149,0.15642477673304633,0.07246477318813142,0.46325636322818226,long,False,0.12482269503546624,-0.6204761904761826,0.5004968944098985,-1.0100401606425575
SMA20/50/200|BB2.0|MTF0|TP20/SL20|TR0-0|short,2082,-1.0281573366802026,-1.11618513215365,-0.3822773264439584,6,11,-84.0818181818234,-2.913722643748637,-1.3478186590060375,0.9557506458712048,50.720461095100866,-0.44423631123921986,-924.9000000000558,-0.44423631123921986,-1.011531475694532,0.15513893137082987,0.5672951644553121,3.656691195708328,short,False,-0.8139053254437818,-0.6390000000000021,0.4001718213057442,-0.8301886792452863
SMA20/50/200|BB2.0|MTF0|TP20/SL20|TR5-3|both,6135,-5.84832035276133,-5.9147950723324465,-2.5478248702284176,1,11,-417.23636363637985,-12.177110522528489,-6.129122496364499,0.8149899424765992,80.4563977180114,-0.7481010594947315,-4589.600000000178,-0.7481010594947315,-0.9272180183752827,0.06310081935977505,0.17911695888055124,2.838583725185875,both,True,-1.0766578249338234,-1.1569421487604765,-0.18881004366806384,-0.6740894039733865
SMA20/50/200|BB2.0|MTF0|TP20/SL20|TR5-3|long,3550,-4.009380342756457,-3.5583388988268143,-2.2267786470178508,1,11,-216.9636363636464,-8.940883539817653,-4.323902882897119,0.8282712718114658,80.98591549295774,-0.6722816901408759,-2386.6000000001095,-0.6722816901408759,-0.9832246473165529,0.1165564076986816,0.310942957175677,2.6677465727969083,long,True,-0.8117704280156839,-1.010571428571575,0.06528268551238886,-1.3313043478259547
SMA20/50/200|BB2.0|MTF0|TP20/SL20|TR5-3|short,2842,-4.181963081439885,-4.392542841672724,-1.6584826677681608,2,11,-210.94545454546198,-8.42200232401177,-4.465623139240196,0.8035091284760937,79.87332864180155,-0.8164672765658274,-2320.4000000000815,-0.8164672765658274,-0.9067156278054508,0.1033592826128573,0.09024835123962338,0.8731518733315686,short,True,-1.30938818565415,-1.131840000000127,-0.6155737704917051,0.1469273743017884
SMA20/50/200|BB2.0|MTF0|TP15/SL15|TR0-0|both,4928,-0.7893428290911001,-0.383622326320043,-0.7216137045541504,4,11,-73.3545454545348,-4.652169199488813,-1.020236126387635,0.9782603424353091,52.04951298701299,-0.16373782467530018,-806.8999999998794,-0.16373782467530018,-0.7826073034329394,0.11433983869789197,0.6188694787576392,5.412544619665001,both,False,-0.039226150767147146,-0.1648106904231363,0.31989494418914133,-1.0786706349206456
SMA20/50/200|BB2.0|MTF0|TP15/SL15|TR0-0|long,2788,-0.34443781014248087,0.32287685158236795,-0.7522398381761236,6,11,-24.52727272726651,-3.231472432095784,-0.6219860423423811,0.9870998589495362,52.29555236728838,-0.09677187948347546,-269.7999999999296,-0.09677187948347546,-0.4184779555313648,0.140602295340169,0.32170607604788937,2.2880570709714467,long,False,0.2449204406365123,0.05630081300816354,0.2795180722891954,-1.330035335689066
SMA20/50/200|BB2.0|MTF0|TP15/SL15|TR0-0|short,2340,-0.7799075439163172,-0.8615374580685417,-0.2703345336849789,5,11,-50.709090909086065,-3.4445423337508285,-1.116975963950261,0.968442372536156,51.70940170940172,-0.2383760683760449,-557.799999999945,-0.2383760683760449,-1.0340602609838112,0.17735557275442926,0.7956841926077663,4.486378297847396,short,False,-0.5886543535619937,-0.1881742738588918,0.37924528301891247,-0.5648706896551644
SMA20/50/200|BB2.0|MTF0|TP15/SL15|TR5-3|both,6350,-6.703208790318808,-6.112789427107854,-3.4589277908348004,1,11,-411.79090909101944,-14.277955776211028,-6.99388782795707,0.8082439400224767,76.40944881889764,-0.7133385826773564,-4529.700000001213,-0.7133385826773564,-1.0118554011727408,0.06154732365323327,0.29851681849538436,4.850199826352683,both,True,-1.0426380368100125,-0.8470774091629231,-0.21556728232209002,-0.8186536901867045
SMA20/50/200|BB2.0|MTF0|TP15/SL15|TR5-3|long,3613,-4.67761920916667,-3.8713008245707323,-2.838695994864806,1,11,-215.71818181824563,-10.573111899746626,-5.048827375318522,0.8183258940533777,77.02740105175754,-0.6567672294494051,-2372.900000000701,-0.6567672294494051,-1.018531703510877,0.06928534448447976,0.36176447406147183,5.221370792816203,long,True,-0.8173371647511345,-0.7548797736918575,-0.1054404145079815,-1.2269886363638223
SMA20/50/200|BB2.0|MTF0|TP15/SL15|TR5-3|short,2895,-4.75803196582135,-4.508712506624276,-2.31619803960669,1,11,-204.20909090913975,-9.825206872308652,-5.085815809073592,0.7971848026291617,75.71675302245251,-0.7759240069086483,-2246.300000000537,-0.7759240069086483,-0.9759318461656583,0.0984013671499568,0.20000783925701004,2.0325717523031166,short,True,-1.190289256198559,-0.9417061611376369,-0.4241333333335036,-0.3306985294119118
SMA20/50/200|BB2.0|MTF0|TP30/SL30|TR0-0|both,3167,0.705641388929596,-0.007523581539020092,0.9290273500370799,5,11,103.18181818182501,-0.8715594422300894,0.4387469493863399,1.0254327488656108,51.878749605304705,0.3583833280707535,1135.0000000000764,0.3583833280707535,-0.17641636586805468,0.2464131319414127,0.5347996939388082,2.1703376347083743,both,False,0.09834070796459181,0.03442307692310071,1.480279069767511,-0.8429640718562889
SMA20/50/200|BB2.0|MTF0|TP30/SL30|TR0-0|long,1910,1.146199217862157,0.2264955618110764,1.2945550302095679,6,11,127.73636363636788,-0.10084452902085375,0.8513914473956787,1.0535396527219456,52.82722513089006,0.735654450261805,1405.1000000000474,0.735654450261805,0.8923817765741144,0.4247957589506747,-0.15672732631230946,-0.368947483608253,long,False,0.2935064935064838,0.4662613981763075,2.220637329286874,-0.9657963446475248
SMA20/50/200|BB2.0|MTF0|TP30/SL30|TR0-0|short,1709,0.020699531798340012,0.19583291083442184,-0.1420065472970495,5,11,2.2818181818210572,-1.1150847302245641,-0.3481922922659036,1.0010356537203082,50.84844938560562,0.014686951433605665,25.100000000032082,0.014686951433605665,-0.922376850605559,0.3695598733745191,0.9370638020391646,2.5356210713102123,short,False,0.3351503759398443,-0.32354740061161935,0.2998019801980787,-0.5762318840579576
SMA20/50/200|BB2.0|MTF0|TP30/SL30|TR5-3|both,5767,-3.2186257581993436,-4.1424888485107045,-0.5722657457113031,3,11,-280.5909090909829,-8.102423692230383,-3.4377380563747106,0.8754006636685541,85.72914860412692,-0.5352002774407509,-3086.5000000008104,-0.5352002774407509,-0.780391346352191,0.1144452130884035,0.24519106891144005,2.1424318439779704,both,True,-0.9865142857143437,-1.3298642533937297,0.18757094211102993,-0.1922608695654542
SMA20/50/200|BB2.0|MTF0|TP30/SL30|TR5-3|long,3482,-1.919601564555372,-2.8160539200793497,-0.09514633371577502,3,11,-129.73636363640892,-5.785528368830937,-2.1972642402334546,0.9002453498856793,86.18609994256174,-0.4098506605400621,-1427.1000000004963,-0.4098506605400621,-0.9085970044104403,0.16209918925702826,0.49874634387037825,3.0767972755221766,long,True,-0.897532082922057,-0.9322206095791704,0.5918991899187845,-0.797010463378438
SMA20/50/200|BB2.0|MTF0|TP30/SL30|TR5-3|short,2798,-2.7180079990190573,-2.5966922650137643,-1.3066936355029743,3,11,-172.0545454545778,-6.046200027343475,-3.0169918917943366,0.8468671111398521,85.23945675482487,-0.676411722659169,-1892.600000000355,-0.676411722659169,-0.8224312626725153,0.14076075513663347,0.14601954001334627,1.0373597376030572,short,True,-0.8665957446809164,-1.4210873146623149,-0.5110957004163094,0.2888679245280958
SMA20/50/200|BB2.0|MTF0|TP20/SL10|TR0-0|both,5083,-1.9093579352303016,-0.8970571319254269,-1.7546678150331485,3,11,-167.89999999989215,-6.097282852665447,-2.1792601343541342,0.9482180957694972,34.92032264410781,-0.36334841628935877,-1846.8999999988105,-0.36334841628935877,-0.669729495569805,0.12450846480622285,0.3063810792804462,2.460724897357609,both,False,-0.02186076772888012,-0.3619047619042986,0.03780177890724971,-1.467938931297672
SMA20/50/200|BB2.0|MTF0|TP20/SL10|TR0-0|long,2836,-1.1647358675815083,-0.6384075534017571,-0.988130562884808,5,11,-75.86363636357814,-4.371825406662377,-1.460222338364694,0.9579368119682544,35.15514809590973,-0.29425246826493573,-834.4999999993577,-0.29425246826493573,-0.42487294737798875,0.1649946264806508,0.13062047911305302,0.7916650493364468,long,False,-0.012009803921108269,-0.2150602409633908,0.24255319148937068,-1.6247422680411905
SMA20/50/200|BB2.0|MTF0|TP20/SL10|TR0-0|short,2352,-1.62062987520351,-0.5877809499020408,-1.6379902518199296,4,11,-98.46363636358382,-4.480605690919425,-2.0227385502887127,0.9345965954723356,34.60884353741497,-0.46050170068002577,-1083.0999999994206,-0.46050170068002577,-0.8324078059628182,0.1446294810807727,0.3719061052827924,2.5714405009521553,short,False,-0.0859764089117258,-0.6443010752683551,-0.3203389830508412,-1.0736842105263003
SMA20/50/200|BB2.0|MTF0|TP20/SL10|TR5-3|both,6692,-9.525048777535002,-7.793650213200889,-5.797514383118591,0,11,-519.8545454544823,-18.35603780208006,-9.872475826351176,0.758962405317816,67.13986849970114,-0.8545128511654668,-5718.399999999304,-0.8545128511654668,-0.998662485445694,0.06955762135499659,0.1441496342802272,2.0723772819162454,both,True,-1.1089712335444928,-0.7923865300145416,-0.4381578947367708,-1.1514241724402055
SMA20/50/200|BB2.0|MTF0|TP20/SL10|TR5-3|long,3761,-7.261564334719171,-5.681108410217498,-4.665296415603172,1,11,-298.2272727272409,-14.035166645597034,-7.714218395967997,0.7523590246848478,67.34910927944695,-0.8722414251527916,-3280.499999999649,-0.8722414251527916,-1.0782318303615561,0.07308358202692342,0.20599040520876455,2.8185592371878996,long,True,-1.1592592592591302,-0.8064864864863948,-0.32855960264897693,-1.4117326057297315
SMA20/50/200|BB2.0|MTF0|TP20/SL10|TR5-3|short,3000,-6.1387861779241515,-5.1990577414436965,-3.6507148097018782,0,11,-226.90909090905916,-12.149466629163673,-6.502723111481796,0.7664605106805225,66.96666666666667,-0.8319999999998834,-2495.9999999996503,-0.8319999999998834,-1.0337632951397113,0.07907346791572045,0.20176329513982794,2.5515928472351184,short,True,-1.0083417085426059,-0.8549999999998859,-0.6308785529714445,-0.7707530647984845
SMA20/50/200|BB2.0|MTF0|TP10/SL20|TR0-0|both,5156,-3.3197910779232527,-3.036321250478309,-1.7028122797349208,3,11,-297.309090909212,-7.5335033887636635,-3.517235826577645,0.9066895681995463,67.02870442203258,-0.6342901474013438,-3270.400000001329,-0.6342901474013438,-1.002769912790529,0.14252221087959313,0.36847976538918514,2.585419936408982,both,False,-0.7437460716535196,-0.9658410732718818,-0.13359073359081822,-0.9055662188099748
SMA20/50/200|BB2.0|MTF0|TP10/SL20|TR0-0|long,2992,-1.776298626197431,-1.6405393976925953,-0.911323613077091,2,11,-121.53636363643392,-5.024676087155077,-2.0276688662995737,0.9329673084636582,67.64705882352942,-0.4468248663104182,-1336.9000000007711,-0.4468248663104182,-0.631062106397086,0.12225659389153973,0.18423724008666786,1.5069718059552226,long,False,-0.5111490329925116,-0.7348511383542337,0.2694473409800827,-1.2459691252143832
SMA20/50/200|BB2.0|MTF0|TP10/SL20|TR0-0|short,2485,-2.6150900449917462,-1.9922782512488735,-1.7103448825763077,3,11,-165.70909090915305,-5.556769990384741,-2.881545581680728,0.8929213417141099,66.55935613682092,-0.7335211267608381,-1822.8000000006828,-0.7335211267608381,-1.1941433635155057,0.12888631535639478,0.4606222367546675,3.5738645757771943,short,False,-0.8731559854901882,-0.8461977186316452,-0.7230769230769847,-0.3850622406639244
SMA20/50/200|BB2.0|MTF0|TP10/SL20|TR5-3|both,6135,-7.6332570867069345,-6.832627286353581,-4.103352208049722,1,11,-526.29090909095,-14.17576611159481,-7.899485290524371,0.7666332087732018,80.4563977180114,-0.9436348818256641,-5789.200000000449,-0.9436348818256641,-1.1833843012602778,0.05728297535524623,0.2397494194346137,4.185352069227954,both,True,-1.2076923076924955,-1.2630578512398583,-0.4354803493449613,-0.9822847682118357
SMA20/50/200|BB2.0|MTF0|TP10/SL20|TR5-3|long,3550,-5.415439863926699,-4.3449098025144925,-3.3969184176732217,1,11,-282.37272727275064,-10.546095830931234,-5.725840348442912,0.7764993703903352,80.98591549295774,-0.8749577464789453,-3106.100000000256,-0.8749577464789453,-1.144146838691816,0.0999205588991951,0.2691890922128708,2.694031090082696,long,True,-0.967509727626634,-1.1485714285716189,-0.23012367491167665,-1.5173913043477174
SMA20/50/200|BB2.0|MTF0|TP10/SL20|TR5-3|short,2842,-5.292631608369536,-4.832326268179329,-2.734416615109052,2,11,-258.8818181818379,-9.673620291054297,-5.543594161929233,0.7588575009314553,79.87332864180155,-1.0020056298382183,-2847.7000000002163,-1.0020056298382183,-1.2247211466241528,0.0835528674459384,0.2227155167859345,2.665564014664597,short,True,-1.407805907173186,-1.2105600000001686,-0.7949453551912017,-0.3251396648044146
SMA25/75/200|BB3.0|MTF1|TP20/SL20|TR0-0|both,1156,-0.3004443176828229,-0.09692412790382147,-0.31297545565378765,5,11,-18.40909090909151,-1.6795403319828444,-0.59365201984627,0.982170685966348,51.384083044982695,-0.17517301038062766,-202.50000000000557,-0.17517301038062766,-0.6061818258735621,0.39567874251949914,0.4310088154929344,1.0892897928973129,both,False,-0.4352941176470595,-0.04959999999999809,0.1789610389610293,-0.5979797979798093
SMA25/75/200|BB3.0|MTF1|TP20/SL20|TR0-0|long,765,-0.18350272614375293,-1.1169819000892693,0.6836782810162819,4,11,-9.11818181818351,-1.3098792575217415,-0.5082930736925961,0.9866109568560415,51.503267973856204,-0.1311111111111347,-100.30000000001803,-0.1311111111111347,0.08982896006060795,0.5643842984806324,-0.22094007117174264,-0.3914709742395934,long,False,-1.106565656565678,-0.6959731543624155,0.9032142857142522,-0.22028985507249665
SMA25/75/200|BB3.0|MTF1|TP20/SL20|TR0-0|short,398,-0.37228589939555423,0.9154917376184097,-1.4365166822358197,3,11,-13.17272727272627,-1.1946315888697518,-0.7889100014243159,0.9631147540983627,50.502512562814076,-0.36407035175876556,-144.8999999999887,-0.36407035175876556,-1.038921156530736,0.6427557017974584,0.6748508047719703,1.049933595119823,short,False,0.2515625000000252,0.903809523809525,-1.7523809523808989,-1.4666666666666284
SMA25/75/200|BB3.0|MTF1|TP20/SL20|TR5-3|both,1330,-0.8394706589214654,-1.6610216619485738,0.36476647761034603,2,11,-28.018181818185646,-3.7534628185621415,-1.102340272189778,0.9376529848481685,81.95488721804512,-0.23172932330830218,-308.2000000000419,-0.23172932330830218,-0.9993192478746042,0.1826266226368607,0.767589924566302,4.203056013868235,both,True,-0.6579787234043595,-0.9063333333334767,0.7389277389277696,-0.4706666666665468
SMA25/75/200|BB3.0|MTF1|TP20/SL20|TR5-3|long,901,-0.40188792344496443,-1.865231420794215,1.2041263922902692,4,11,-10.972727272729822,-2.8184709042339406,-0.6689904010378196,0.9623259878893721,82.5749167591565,-0.13396226415097423,-120.70000000002779,-0.13396226415097423,-0.9031448863911289,0.22555405278679366,0.7691826222401547,3.4101919816410002,long,True,-0.8580086580087626,-0.9940860215055316,1.1256250000000418,-0.596341463414563
SMA25/75/200|BB3.0|MTF1|TP20/SL20|TR5-3|short,435,-0.9017323194752707,-0.7162964782147113,-0.5740691404082976,3,11,-17.818181818183152,-2.519954195568607,-1.314905915901998,0.8890021519990842,80.22988505747126,-0.4505747126437117,-196.00000000001458,-0.4505747126437117,-1.0582551319827755,0.300290957764427,0.6076804193390639,2.0236387531048425,short,True,-0.47770270270280635,-0.6324786324787554,-0.39633027522935965,-0.13278688524565138
SMA25/75/200|BB3.0|MTF1|TP15/SL15|TR0-0|both,1230,-1.1869401877674495,-0.074970467903239,-1.5224258007074623,5,11,-56.290909090907796,-3.0872503295005473,-1.4785068886616828,0.9345779580969326,50.81300813008131,-0.5034146341463291,-619.1999999999848,-0.5034146341463291,-0.6893806721078974,0.3155323543285895,0.1859660379615683,0.589372327149395,both,False,-0.30968660968658845,-0.33186813186811426,-0.6017369727047057,-0.873891625615766
SMA25/75/200|BB3.0|MTF1|TP15/SL15|TR0-0|long,816,-0.7942448847786605,-0.3037017939237059,-0.7827645735456561,7,11,-30.854545454544347,-2.3352408436869614,-1.110551670071154,0.9456664425447481,50.98039215686274,-0.41593137254900414,-339.39999999998736,-0.41593137254900414,-0.4209514246054932,0.2852064361079027,0.005020052056489033,0.017601468343406482,long,False,-0.40613207547168106,0.10909090909094352,-0.4793918918918782,-0.9048951048951085
SMA25/75/200|BB3.0|MTF1|TP15/SL15|TR0-0|short,418,-1.0497814675784238,-0.12350514252133951,-1.3619288729191488,4,11,-28.80909090909083,-2.1656163882152883,-1.407500381421042,0.9026480707790645,50.0,-0.7581339712918631,-316.8999999999988,-0.7581339712918631,-1.2393807274895519,0.48605682201783423,0.48124675619768875,0.9901039022553437,short,False,-0.30567375886522663,-0.8654545454545479,-1.2205607476635678,-0.8000000000000009
SMA25/75/200|BB3.0|MTF1|TP15/SL15|TR5-3|both,1343,-1.48437404236967,-2.390752811075797,0.16704200330026506,2,11,-42.54545454547453,-4.913958862093484,-1.7371185106687221,0.9013594688586358,77.58749069247952,-0.3484735666420102,-468.00000000021964,-0.3484735666420102,-1.172230031734356,0.2100998675692784,0.8237564650923457,3.9207852657057005,both,True,-0.9686842105264819,-0.7342105263159804,0.43819444444429406,-0.29074889867856174
SMA25/75/200|BB3.0|MTF1|TP15/SL15|TR5-3|long,910,-0.701928428574354,-2.313967157760927,1.1222236321080388,3,11,-16.5454545454687,-3.5308447013973026,-0.9745409965801782,0.9403337376650988,78.57142857142857,-0.2000000000001709,-182.00000000015552,-0.2000000000001709,-1.048211413149183,0.23218499808118576,0.8482114131490122,3.6531706189407926,long,True,-0.983690987124639,-0.8393617021278704,0.6752321981422874,-0.07891566265080624
SMA25/75/200|BB3.0|MTF1|TP15/SL15|TR5-3|short,437,-1.5750760697933062,-1.5822254780010592,-0.670857018984168,3,11,-26.645454545460385,-3.471847976164824,-1.9547069940226898,0.8291460215680244,75.05720823798627,-0.6707093821511768,-293.10000000006426,-0.6707093821511768,-0.9345742827702587,0.432200723348581,0.26386490061908185,0.6105147131053458,short,True,-1.0697986577182745,-0.44067796610184606,-0.26422018348645715,-0.8672131147540936
SMA25/75/200|BB3.0|MTF1|TP30/SL30|TR0-0|both,1054,0.5359610326956397,-0.015130959379430837,0.7136664464065036,5,11,45.92727272727365,-0.3592760351200006,0.26052610465353054,1.0350943003021775,51.61290322580645,0.4793168880455508,505.2000000000105,0.4793168880455508,0.06679563014520246,0.6377675655940641,0.4125212579003483,0.6468206916670266,both,False,-0.7546666666666875,1.1431818181818005,1.403988603988641,-0.06939890710378563
SMA25/75/200|BB3.0|MTF1|TP30/SL30|TR0-0|long,687,1.2463472388061534,0.14276047305714845,1.4779808866080182,6,11,84.66363636363847,0.5124313814337274,0.9130866563176724,1.1023507819454677,53.42066957787481,1.355604075691446,931.3000000000234,1.355604075691446,1.1730149551933873,0.5993877979794555,0.18258912049805875,0.3046260219403351,long,False,-0.1582417582417864,1.5023437499999681,2.289682539682619,1.5264000000001021
SMA25/75/200|BB3.0|MTF1|TP30/SL30|TR0-0|short,379,-0.7400212551500462,-0.46470632835783937,-0.5772777968962884,6,11,-37.23636363636489,-1.2907903905849643,-1.1378127387842063,0.9242995490500461,48.284960422163586,-1.0807387862797198,-409.6000000000138,-1.0807387862797198,-0.9901015940078486,0.7570661355756516,-0.09063719227187117,-0.11972163066434509,short,False,-1.6311475409836271,0.8364583333333316,-1.143137254902026,-2.9542372881356678
SMA25/75/200|BB3.0|MTF1|TP30/SL30|TR5-3|both,1313,0.03351790607899198,-1.1080994255542451,1.0889410898290073,5,11,1.3636363636221154,-2.324224069697852,-0.3145860024433751,1.0029717093271737,86.82406702208682,0.011424219344892239,14.99999999984351,0.011424219344892239,-0.9011757629542853,0.2561336029194099,0.9125999822991775,3.5629842078406195,both,True,-0.39276139410191696,-0.8636678200692721,0.7123831775699208,0.4762331838562876
SMA25/75/200|BB3.0|MTF1|TP30/SL30|TR5-3|long,897,0.40673766545365914,-0.6510966155478132,1.1282244891571245,6,11,13.245454545444426,-1.6083660290064095,0.117794292908947,1.0446070477298124,87.17948717948718,0.16243032329976478,145.699999999889,0.16243032329976478,-0.6276748327355548,0.36825609937742404,0.7901051560353196,2.1455317573044304,long,True,-0.23549783549787742,-0.49565217391312716,0.9571874999998682,-0.09259259259286401
SMA25/75/200|BB3.0|MTF1|TP30/SL30|TR5-3|short,432,-0.6252039120000095,-1.0984466432390407,0.1476460135550284,6,11,-15.218181818185986,-1.9264350095188334,-1.0927084825085194,0.9094351871888965,85.64814814814815,-0.38750000000010587,-167.40000000004574,-0.38750000000010587,-1.0332395892704864,0.536454038608265,0.6457395892703806,1.2037183855407958,short,True,-0.8741496598639812,-1.3681034482759038,-0.012962962963257727,1.986885245901574
SMA25/75/200|BB3.0|MTF1|TP20/SL10|TR0-0|both,1238,-0.635779951900405,-0.644385241960374,-0.28567399278456307,3,11,-29.28181818179147,-2.6018683059943317,-1.0408986464329766,0.9626736815269231,35.21809369951534,-0.2601777059771448,-322.09999999970523,-0.2601777059771448,-0.5740562161093371,0.3187000546590444,0.3138785101321923,0.9848712152496795,both,False,-0.8212034383949433,-0.039179104477160866,0.10904645476776187,-0.3283018867924794
SMA25/75/200|BB3.0|MTF1|TP20/SL10|TR0-0|long,826,-0.07024245799520601,-1.0101084240524265,0.6908989885065531,6,11,-2.6090909090757433,-1.69680513114638,-0.508692985879604,0.9949521598424379,35.83535108958838,-0.03474576271166169,-28.699999999832556,-0.03474576271166169,-0.17669708093178135,0.3396190945847499,0.14195131822011967,0.4179721354998682,long,False,-0.9606635071085327,-0.09068322981321697,0.4600660066006777,0.32582781456947224
SMA25/75/200|BB3.0|MTF1|TP20/SL10|TR0-0|short,414,-0.9763895311518056,0.03040726859323396,-1.4253433389533332,4,11,-25.354545454533888,-2.144288590029426,-1.420814480635711,0.9054063220730274,34.05797101449276,-0.6736714975842333,-278.8999999998726,-0.6736714975842333,-0.9564841944641278,0.4272066293020002,0.2828126968798945,0.6620044668828606,short,False,-0.637410071941977,0.2157407407411958,-0.8943396226414235,-1.9475409836064923
SMA25/75/200|BB3.0|MTF1|TP20/SL10|TR5-3|both,1370,-3.1723373034751687,-3.6208952267408754,-1.051630456893871,2,11,-80.6090909090793,-7.0881146316138,-3.5545915156497325,0.8155321627694271,67.44525547445257,-0.6472262773721694,-886.699999999872,-0.6472262773721694,-1.036601137572879,0.16229998163470818,0.38937486020070955,2.399106002840366,both,True,-1.3134366925062975,-0.8466237942121262,0.1316742081448401,-0.7534782608694917
SMA25/75/200|BB3.0|MTF1|TP20/SL10|TR5-3|long,928,-2.199726378257074,-3.07346044059581,-0.2068096885849561,2,11,-44.87272727272019,-5.513781487241596,-2.5451495325884994,0.8421338791697486,68.64224137931035,-0.5318965517240539,-493.59999999992203,-0.5318965517240539,-1.189629793997074,0.18595034880763162,0.65773324227302,3.5371444393118874,long,True,-1.2084745762710416,-0.9157068062826283,0.17447447447453548,-0.5452380952380633
SMA25/75/200|BB3.0|MTF1|TP20/SL10|TR5-3|short,444,-2.3358020817178837,-2.6706278049959034,-0.8143712866389535,2,11,-35.127272727268185,-4.486906727901868,-2.9320382041774455,0.7706552706552885,64.86486486486487,-0.8702702702701578,-386.39999999995007,-0.8702702702701578,-1.0231957430710419,0.27070837611958687,0.1529254728008841,0.5649085373454734,short,True,-1.4986842105261273,-0.6363636363635483,0.0009174311926513395,-1.3177419354836846
SMA25/75/200|BB3.0|MTF1|TP10/SL20|TR0-0|both,1262,-1.7217980593424866,-0.5651793482960369,-1.8136070447286985,5,11,-77.1909090909386,-3.7881593173934296,-1.9630591057146942,0.9009380031266375,66.64025356576863,-0.6728209191761679,-849.1000000003239,-0.6728209191761679,-0.9283005820186745,0.22180765202080716,0.25547966284250656,1.1518072551371705,both,False,-0.4267409470756793,-0.7411347517735096,-0.02915662650612765,-2.304854368931954
SMA25/75/200|BB3.0|MTF1|TP10/SL20|TR0-0|long,844,-1.0316060367518953,-1.2716512052571647,-0.2324857487910167,4,11,-37.4909090909284,-2.7400961596358577,-1.2996009628582728,0.9266361873587571,67.18009478672985,-0.4886255924173125,-412.4000000002118,-0.4886255924173125,-0.6261480023544083,0.3820054190220212,0.13752240993709575,0.3600012017870566,long,False,-0.5368181818186567,-0.8877192982460662,0.6328990228011641,-2.306849315068408
SMA25/75/200|BB3.0|MTF1|TP10/SL20|TR0-0|short,424,-1.6978792208514597,-0.13219329712948905,-2.2198364277932643,2,11,-43.83636363637407,-2.9022961446648727,-1.9828510767601017,0.8395234291799386,64.85849056603774,-1.1372641509436658,-482.20000000011436,-1.1372641509436658,-1.4113866340025796,0.6831324989805586,0.27412248305891374,0.4012727889069658,short,False,-0.573239436620177,-0.49473684210573776,-1.911111111111114,-2.2999999999999146
SMA25/75/200|BB3.0|MTF1|TP10/SL20|TR5-3|both,1330,-1.8855635586120707,-2.0744157848463036,-0.6429449831047533,2,11,-60.60909090909947,-4.914689220156193,-2.1154248834394838,0.865130580786093,81.95488721804512,-0.5012781954887925,-666.700000000094,-0.5012781954887925,-1.140243826086557,0.12070151120308928,0.6389656305977646,5.293766616746474,both,True,-0.8082446808512355,-1.019666666666849,0.3228438228438343,-0.8684444444443545
SMA25/75/200|BB3.0|MTF1|TP10/SL20|TR5-3|long,901,-1.178739247808068,-2.1631790994911055,0.4620952107413317,3,11,-31.018181818187074,-3.691680909525843,-1.455995487122166,0.8935014670079082,82.5749167591565,-0.3786903440622169,-341.20000000005746,-0.3786903440622169,-1.1541564840045688,0.235059183844559,0.7754661399423519,3.2990250678959034,long,True,-0.9385281385283015,-1.1822580645163194,0.7665625000000059,-0.913414634146259
SMA25/75/200|BB3.0|MTF1|TP10/SL20|TR5-3|short,435,-1.6208296132887936,-1.008900454151039,-1.268197483312932,1,11,-30.563636363639777,-3.3199158575690584,-1.8913021403288501,0.8096047117453602,80.22988505747126,-0.7728735632184769,-336.20000000003745,-0.7728735632184769,-1.4266597962780727,0.2861178291927859,0.6537862330595958,2.28502444221704,short,True,-0.7337837837839674,-0.6427350427352145,-0.97981651376144,-0.7475409836064468
SMA25/75/200|BB3.0|MTF0|TP20/SL20|TR0-0|both,1483,-0.37016149156142153,-0.417434002929445,-0.12735437837261462,4,11,-26.072727272729743,-1.9071504551788863,-0.6510911602096164,0.9803875979594323,51.38233310856373,-0.19339177343224942,-286.8000000000259,-0.19339177343224942,-0.46240689751109504,0.34342987608548836,0.26901512407884565,0.7833189329511944,both,False,-0.30697674418604204,-0.8529411764705997,0.5531453362255534,-0.5202797202797366
SMA25/75/200|BB3.0|MTF0|TP20/SL20|TR0-0|long,972,0.22581463499608895,-0.8866743393617795,1.0420877221333489,5,11,12.745454545450839,-1.031889912791393,-0.08482174913565954,1.0149137830161536,52.2633744855967,0.14423868312753083,140.19999999995997,0.14423868312753083,-0.13392990524363185,0.33372555432141915,0.27816858837116265,0.8335249871313474,long,False,-1.3868913857678145,0.03386243386244568,1.3153124999999308,0.4244897959182973
SMA25/75/200|BB3.0|MTF0|TP20/SL20|TR0-0|short,575,-0.6340661858724403,0.46571989431404615,-1.3946991349813351,6,11,-27.218181818180998,-1.6135076293768265,-0.9778590661528709,0.9476005460464145,49.913043478260875,-0.5206956521738968,-299.39999999999065,-0.5206956521738968,-1.2716798932106097,0.5192598221530755,0.7509842410367129,1.4462590961164834,short,False,0.8153439153439365,-0.7424657534246651,-1.1662068965517185,-1.8526315789473096
SMA25/75/200|BB3.0|MTF0|TP20/SL20|TR5-3|both,1742,-1.1092224995672155,-2.070259295717492,0.3793631797476956,4,11,-43.46363636364272,-4.356293613601047,-1.360238806986635,0.9287619388195913,81.34328358208955,-0.27445464982782397,-478.1000000000694,-0.27445464982782397,-1.1080872698448343,0.18842609139054092,0.8336326200170103,4.424188889473823,both,True,-0.7463035019456339,-0.8956185567011686,0.5437743190661832,-0.08128834355821578
SMA25/75/200|BB3.0|MTF0|TP20/SL20|TR5-3|long,1136,-0.3267034945256689,-1.8720813975100694,1.3290151531655647,3,11,-10.227272727277581,-2.9857482211340085,-0.5746355516292397,0.9728247741436651,82.21830985915493,-0.09903169014089201,-112.50000000005332,-0.09903169014089201,-0.9215648377239184,0.20846648838839832,0.8225331475830264,3.9456372769639,long,True,-0.9328990228014099,-0.6261603375528838,1.1352617079890175,-0.39213973799126756
SMA25/75/200|BB3.0|MTF0|TP20/SL20|TR5-3|short,629,-1.3217001844357592,-1.2109997631125367,-0.7033704128057906,4,11,-32.42727272727452,-3.202273760483793,-1.7114103503524394,0.8648556490111295,79.65023847376789,-0.5670906200318275,-356.7000000000195,-0.5670906200318275,-1.1137523069031707,0.3145885764100126,0.5466616868713432,1.73770355271535,short,True,-0.4683486238533287,-1.1368098159510462,-0.878145695364207,0.6525773195878551
SMA25/75/200|BB3.0|MTF0|TP15/SL15|TR0-0|both,1596,-1.2028439517955192,-0.27023807382231735,-1.3692330946098894,3,11,-64.95454545454358,-3.3612047928929507,-1.4838005158573804,0.9415479764719394,51.06516290726817,-0.447681704260638,-714.4999999999783,-0.447681704260638,-0.8248280249719985,0.2471105225233955,0.37714632071136045,1.5262252568611425,both,False,-0.1713684210526068,-0.5273255813953402,-0.4786307053941776,-0.74915254237288
SMA25/75/200|BB3.0|MTF0|TP15/SL15|TR0-0|long,1035,-0.6096706087978353,-0.37923714536833986,-0.47762461340162976,6,11,-26.699999999998102,-2.3426579422760705,-0.9183954217464233,0.9626202718525722,51.4975845410628,-0.2837681159420082,-293.69999999997844,-0.2837681159420082,-0.3843295968038082,0.4190311482111294,0.1005614808618,0.23998569388243177,long,False,-0.6614035087719214,0.18038277511965417,-0.20682492581599987,-0.3588235294117478
SMA25/75/200|BB3.0|MTF0|TP15/SL15|TR0-0|short,600,-1.1713970911527107,0.09263959503635631,-1.7603957179481424,2,11,-38.672727272726995,-2.5026732560315494,-1.4653837404186463,0.9083308192906129,50.0,-0.7089999999999943,-425.39999999999657,-0.7089999999999943,-1.2324651073439026,0.41305658599166045,0.5234651073439083,1.2672963586506691,short,False,0.37087378640781093,-1.0407894736842105,-1.514285714285741,-1.2736842105263335
SMA25/75/200|BB3.0|MTF0|TP15/SL15|TR5-3|both,1764,-1.8938029051428582,-2.786539096213052,-0.01148796365153483,3,11,-63.2272727272998,-5.747390845567005,-2.120310274069899,0.8916548533328755,76.92743764172334,-0.3942743764174022,-695.5000000002975,-0.3942743764174022,-1.1161742235166856,0.16613601660818964,0.7218998470992835,4.345233874252512,both,True,-0.9614942528737355,-0.7143939393941229,0.17548262548247412,-0.0048780487806601375
SMA25/75/200|BB3.0|MTF0|TP15/SL15|TR5-3|long,1147,-0.7079447270524314,-2.245042852635683,1.0595364736633701,4,11,-19.027272727291503,-3.838145555442334,-0.9528242421370224,0.9468120251073167,78.11682650392328,-0.18247602441168823,-209.3000000002064,-0.18247602441168823,-1.1395255229049766,0.2215300975432072,0.9570494984932884,4.320178202000862,long,True,-0.9780645161292042,-0.640167364016931,0.6536784741143119,0.030303030302774453
SMA25/75/200|BB3.0|MTF0|TP15/SL15|TR5-3|short,633,-2.0499069614585825,-1.7829254718076413,-1.1479118169606994,3,11,-42.509090909099534,-4.286068915378095,-2.4418952065319863,0.814540118192965,74.72353870458136,-0.7387045813587594,-467.6000000000947,-0.7387045813587594,-1.2108027038343647,0.2984375135309481,0.47209812247560534,1.5818993962588705,short,True,-0.8452488687784581,-0.751219512195288,-0.9867549668876224,-0.0886597938144058
SMA25/75/200|BB3.0|MTF0|TP30/SL30|TR0-0|both,1325,-0.09617402916607988,-1.055262556904186,0.7788054006502083,4,11,-9.381818181814943,-1.0849329369322482,-0.3445652383027773,0.9944454909981449,50.79245283018869,-0.07788679245280311,-103.19999999996412,-0.07788679245280311,-0.15025004547670776,0.5680294346739048,0.07236325302390464,0.12739349161623473,both,False,-1.9226804123711332,-0.22342007434944242,1.4682692307692935,0.3654761904762288
SMA25/75/200|BB3.0|MTF0|TP30/SL30|TR0-0|long,878,1.5296346549293782,0.2286132322924174,1.7839148523853268,6,11,118.53636363636683,0.7076800642624161,1.2404520185525527,1.1126761780489292,53.64464692482915,1.4850797266515212,1303.9000000000356,1.4850797266515212,0.5365973415903867,0.6582461827056783,0.9484823850611345,1.440923487261953,long,False,-0.6308000000000279,1.6885542168674357,2.6311418685122123,2.4329479768787214
SMA25/75/200|BB3.0|MTF0|TP30/SL30|TR0-0|short,545,-1.3409121921256546,-1.0606871071894763,-0.8409473223081493,3,11,-80.36363636363734,-2.005989983209407,-1.6809389124845064,0.8888357938683629,47.1559633027523,-1.622018348623872,-884.0000000000102,-1.622018348623872,-1.6023314275106812,0.775060400224522,-0.019686921113190703,-0.025400499248171796,short,False,-1.804519774011312,-0.5955555555555484,-1.446099290780163,-3.0467391304348537
SMA25/75/200|BB3.0|MTF0|TP30/SL30|TR5-3|both,1707,-0.4712887615497291,-1.5109071318330538,0.7756113380403855,4,11,-22.48181818183752,-3.0849385675699033,-0.7780541410149674,0.9645524260015466,86.11599297012302,-0.14487404803761686,-247.30000000021198,-0.14487404803761686,-1.1355963383294947,0.2046237701664128,0.9907222902918779,4.8416774331064305,both,True,-0.5867588932806673,-0.8775675675676269,0.3526418786690926,0.606562499999753
SMA25/75/200|BB3.0|MTF0|TP30/SL30|TR5-3|long,1131,0.3901123299790953,-0.8066245739501393,1.2979085611810903,4,11,14.618181818167782,-1.8179145630667723,0.12763946454804243,1.037419715163326,86.82581786030062,0.14217506631286086,160.79999999984562,0.14217506631286086,-0.9500727514792786,0.197453584816586,1.0922478177921395,5.5316687149880055,long,True,-0.529315960912088,-0.22297872340433614,0.9961432506885712,0.06238938053063966
SMA25/75/200|BB3.0|MTF0|TP30/SL30|TR5-3|short,625,-1.0327873059920243,-1.2346253009750234,-0.2940935532717979,5,11,-30.909090909096655,-2.564183865309775,-1.4206805016521675,0.877278469590305,85.11999999999999,-0.5440000000001008,-340.00000000006304,-0.5440000000001008,-0.9503350215421487,0.44008460777959973,0.4063350215420478,0.9233111414465689,short,True,-0.4949308755760868,-1.5658385093168077,-1.1360000000002968,1.9577319587628697
SMA25/75/200|BB3.0|MTF0|TP20/SL10|TR0-0|both,1627,-0.4670401804672159,-0.6549805497359317,-0.03964139276077041,3,11,-24.881818181783316,-2.697519732670427,-0.8464717222795427,0.9757278539946941,35.525507068223725,-0.16822372464635232,-273.6999999996152,-0.16822372464635232,-0.4854571308438246,0.3389112431766317,0.31723340619747226,0.9360368314253255,both,False,-0.4031055900616467,-0.49999999999953954,0.47157464212680206,-0.441693811074939
SMA25/75/200|BB3.0|MTF0|TP20/SL10|TR0-0|long,1050,0.47228919470510417,-0.5593538232726282,1.0660858567438478,5,11,20.100000000018568,-1.3301792716250567,0.06401032197635574,1.030997644683745,36.76190476190476,0.2105714285716238,221.100000000205,0.2105714285716238,-0.2024992462875656,0.3121810578802411,0.4130706748591894,1.3231766131616212,long,False,-0.5696113074200324,-0.10721153846108616,0.9153623188405651,0.41495327102796786
SMA25/75/200|BB3.0|MTF0|TP20/SL10|TR0-0|short,595,-1.2871863475950704,-0.19166233267823418,-1.6592447101581784,4,11,-40.28181818180149,-2.680143831930492,-1.6547153637735148,0.8956282093560464,33.61344537815126,-0.744705882352632,-443.099999999816,-0.744705882352632,-1.1245008617665024,0.36106103144288043,0.3797949794138704,1.0518858207880395,short,False,-0.19901960784267134,-0.6637583892612758,-0.7315068493149852,-2.049999999999929
SMA25/75/200|BB3.0|MTF0|TP20/SL10|TR5-3|both,1806,-3.3720156764267806,-3.8531660630145064,-1.0135065412077535,2,11,-101.46363636362034,-7.706702060676665,-3.6906296159007437,0.8257509523512332,67.109634551495,-0.617995570321054,-1116.0999999998235,-0.617995570321054,-1.0155082033997607,0.17594681237393012,0.39751263307870666,2.25927726518793,both,True,-1.208007448789411,-0.9492610837437224,0.034404536862057404,-0.2999999999999615
SMA25/75/200|BB3.0|MTF0|TP20/SL10|TR5-3|long,1172,-1.8704427157824883,-2.827200527692722,0.043997492914836386,3,11,-44.03636363635556,-5.503891468797787,-2.20776941568501,0.8769527777072331,68.77133105802048,-0.4133105802047023,-484.3999999999111,-0.4133105802047023,-1.0210555761008528,0.12996855207164876,0.6077449958961505,4.676092687107219,long,True,-1.016455696202378,-0.8876033057850141,0.28915343915349645,-0.24449152542376223
SMA25/75/200|BB3.0|MTF0|TP20/SL10|TR5-3|short,641,-2.9906888228428206,-3.245527141828587,-1.159670664313692,1,11,-56.24545454544664,-5.465135076670977,-3.591814750725448,0.7509259259259478,64.1185647425897,-0.9652106084242016,-618.6999999999132,-0.9652106084242016,-1.0687924673576863,0.21222293029249512,0.1035818589334847,0.4880804293425011,short,True,-1.4392857142855497,-0.9684523809522465,-0.6033112582781007,-0.4336734693875437
SMA25/75/200|BB3.0|MTF0|TP10/SL20|TR0-0|both,1634,-1.75960809113491,-0.9713011436882346,-1.4906644611935556,2,11,-89.97272727276669,-4.100849704271608,-1.9692672625493715,0.9102963835765024,66.95226438188494,-0.605691554467829,-989.7000000004325,-0.605691554467829,-1.0637074598279777,0.15237753858937034,0.4580159053601487,3.0057967178116582,both,False,-0.3237113402066568,-1.036260623229922,-0.07145748987864836,-1.4291390728476465
SMA25/75/200|BB3.0|MTF0|TP10/SL20|TR0-0|long,1068,-0.6797261496453338,-0.8024559141164203,-0.19439836590294962,4,11,-27.89090909093462,-2.591813204225579,-0.9339321099346197,0.9559777305859662,67.88389513108615,-0.2872659176032587,-306.8000000002803,-0.2872659176032587,-0.6667521855361698,0.2688415509081129,0.37948626793291107,1.4115610725018295,long,False,-0.4176271186445402,-0.5470046082953864,0.6939655172412355,-1.473076923076885
SMA25/75/200|BB3.0|MTF0|TP10/SL20|TR0-0|short,609,-1.9365979536768287,-0.6317612200128078,-2.0990361512203424,1,11,-60.96363636365193,-3.35375348341561,-2.199004217005437,0.8439049370358748,65.02463054187191,-1.101149425287637,-670.600000000171,-1.101149425287637,-1.333146944894582,0.2588075496166606,0.23199751960694504,0.8964093974483128,short,False,-0.45576923076969844,-1.0848101265827392,-1.9486486486486696,-1.2210526315789227
SMA25/75/200|BB3.0|MTF0|TP10/SL20|TR5-3|both,1742,-2.428173964622621,-2.76949754184505,-0.741177805221838,1,11,-90.82727272728704,-5.830974784900526,-2.6314157895226877,0.8511316734462515,81.34328358208955,-0.5735361653273002,-999.100000000157,-0.5735361653273002,-1.1823709963682876,0.17430146519180012,0.6088348310409873,3.4929989278691935,both,True,-0.9143968871597146,-1.1373711340208084,0.12723735408561232,-0.46993865030673326
SMA25/75/200|BB3.0|MTF0|TP10/SL20|TR5-3|long,1136,-1.2250649691985194,-2.399580590109906,0.6165775772793612,3,11,-36.763636363645844,-4.004849162331772,-1.4686915978702761,0.902314121455116,82.21830985915493,-0.3559859154930495,-404.4000000001042,-0.3559859154930495,-1.1985673985340157,0.2756832017455453,0.8425814830409663,3.056339587272591,long,True,-1.0540716612379613,-0.9232067510550388,0.7975206611570226,-0.6615720524017684
SMA25/75/200|BB3.0|MTF0|TP10/SL20|TR5-3|short,629,-2.332767235006643,-1.6885905297254322,-1.617325319263103,3,11,-54.172727272732374,-4.321871731666738,-2.5717562938198673,0.7742289914374234,79.65023847376789,-0.9473767885533484,-595.9000000000561,-0.9473767885533484,-1.3774344719813392,0.2086292752258475,0.4300576834279908,2.061348691176923,short,True,-0.7389908256882644,-1.2822085889572394,-1.4841059602648639,-0.017525773195773288
SMA5/20/60|BB2.0|MTF1|TP20/SL20|TR0-0|both,970,-0.6655550059973266,-1.8143323464248582,0.7443962968051688,4,11,-37.30909090909325,-1.925578882168919,-0.9938022848138565,0.9576418132276406,50.92783505154639,-0.42309278350518054,-410.4000000000251,-0.42309278350518054,-0.5442201125386334,0.4699912733167058,0.12112732903345291,0.25772250658754403,both,False,-0.8493288590603948,-2.4291262135922587,2.5149466192169645,-1.9654054054053471
SMA5/20/60|BB2.0|MTF1|TP20/SL20|TR0-0|long,600,0.5957410205688949,-1.6513444825387875,2.2089929777913495,4,11,25.863636363632022,-0.4107816196868106,0.19919150844683636,1.049846692947868,53.0,0.47416666666658785,284.4999999999527,0.47416666666658785,-0.03505823004038611,0.5779509615367304,0.5092248967069739,0.881086684851222,long,False,-1.66508875739646,-1.697520661157048,3.9601063829785415,0.2196721311474709
SMA5/20/60|BB2.0|MTF1|TP20/SL20|TR0-0|short,413,-1.9318108053652847,-0.9909982651677286,-1.7296258040655272,3,11,-70.71818181817973,-2.757890407510003,-2.252719264299,0.824258991505515,46.973365617433416,-1.8835351089587802,-777.8999999999762,-1.8835351089587802,-1.2016791466368153,0.48066933830084424,-0.6818559623219649,-1.4185551438173922,short,False,-0.04662162162159564,-3.0267326732673503,-0.9468749999999613,-5.50588235294091
SMA5/20/60|BB2.0|MTF1|TP20/SL20|TR5-3|both,1104,-2.1866247375545775,-3.66457463264077,0.5177737196973028,3,11,-73.77272727273647,-4.578699892436017,-2.511310317008074,0.834008345606261,78.53260869565217,-0.7350543478261785,-811.5000000001011,-0.7350543478261785,-1.1438138282822001,0.2950689137481198,0.4087594804560216,1.3853017427818632,both,True,-1.59404761904779,-1.8370370370372104,1.0098412698412544,-0.7028571428571257
SMA5/20/60|BB2.0|MTF1|TP20/SL20|TR5-3|long,672,-0.7323013448644244,-2.764270629682694,1.622535861483114,3,11,-18.618181818190205,-2.677845298422901,-1.1428302047400933,0.9265423242467378,79.76190476190477,-0.30476190476204174,-204.80000000009204,-0.30476190476204174,-1.0738709969267828,0.2325322226224172,0.769109092164741,3.307537697317805,long,True,-1.271270718232253,-2.385611510791547,1.8331775700933344,-0.25652173913045534
SMA5/20/60|BB2.0|MTF1|TP20/SL20|TR5-3|short,455,-2.567329545962542,-2.629088259558847,-1.0065182777120065,3,11,-55.98181818181936,-4.085909570233784,-2.97381449341258,0.7180402930402837,76.92307692307693,-1.3534065934066215,-615.8000000000128,-1.3534065934066215,-0.9821719403487187,0.31037874303622903,-0.3712346530579028,-1.1960698385023434,short,True,-2.1286585365854975,-0.6191304347827702,-0.7346534653463213,-1.6173333333332571
SMA5/20/60|BB2.0|MTF1|TP15/SL15|TR0-0|both,1026,-2.3477170886166743,-2.3805965136616054,-0.9812778858666692,3,11,-101.87272727272854,-4.067613568990429,-2.6886819021809307,0.8636208743063023,48.927875243664715,-1.0922027290448475,-1120.6000000000136,-1.0922027290448475,-0.5808354903809654,0.43984921226129214,-0.5113672386638821,-1.1625966908862047,both,False,-1.2200626959247838,-2.1449074074074606,0.2874149659864341,-1.7898477157360788
SMA5/20/60|BB2.0|MTF1|TP15/SL15|TR0-0|long,624,-1.0333805661693187,-2.135542088166365,0.4745105088824912,3,11,-34.55454545454522,-2.3990341700532496,-1.4583230642857306,0.9213206375491652,50.480769230769226,-0.6091346153846106,-380.09999999999695,-0.6091346153846106,-0.2562968944185108,0.5719066637672501,-0.3528377209660998,-0.6169498334604032,long,False,-1.6075581395349146,-2.133600000000058,1.0512690355330627,-0.33846153846152155
SMA5/20/60|BB2.0|MTF1|TP15/SL15|TR0-0|short,427,-1.9697083477322865,-0.7098344818604527,-2.1185457572348354,2,11,-55.200000000000976,-3.0826707167787157,-2.27910395221586,0.8262113970062136,47.7751756440281,-1.422014051522273,-607.2000000000106,-1.422014051522273,-0.8895495791607863,0.6559716255512004,-0.5324644723614868,-0.8117187567588264,short,False,-0.2878205128204992,-1.2834951456310861,-1.3683673469387931,-4.22857142857156
SMA5/20/60|BB2.0|MTF1|TP15/SL15|TR5-3|both,1118,-3.2612810894533224,-3.887589254959371,-0.7791405438157752,2,11,-93.14545454547738,-6.122737798633775,-3.5932326455250245,0.7798925886143474,73.52415026833631,-0.9164579606442316,-1024.600000000251,-0.9164579606442316,-0.9608191792959342,0.25267688672928473,0.044361218651702616,0.1755650040885249,both,True,-1.6252906976746457,-1.3765182186237206,0.23575949367070043,-0.9478672985784609
SMA5/20/60|BB2.0|MTF1|TP15/SL15|TR5-3|long,676,-1.7286662205658319,-3.000203795478988,0.36556310712430723,3,11,-37.28181818183381,-4.047668694370002,-2.152701420165146,0.8469776119402399,74.70414201183432,-0.606656804733982,-410.1000000001718,-0.606656804733982,-1.122904413624898,0.2797218778771792,0.516247608890916,1.8455746572586322,long,True,-1.2414364640886448,-1.8893617021279134,0.7288372093020773,-0.5446043165470358
SMA5/20/60|BB2.0|MTF1|TP15/SL15|TR5-3|short,458,-2.7724970343372655,-2.7405348672579857,-1.1806584485059701,2,11,-51.58181818182573,-4.5555559556713785,-3.184023393914463,0.7149889491661326,72.48908296943232,-1.2388646288211418,-567.400000000083,-1.2388646288211418,-0.980273917819156,0.3427169643000368,-0.25859071100198583,-0.7545314003645255,short,True,-1.9335329341319416,-0.2947826086958593,-0.8138613861386661,-1.7120000000002626
SMA5/20/60|BB2.0|MTF1|TP30/SL30|TR0-0|both,894,0.9192243268815384,-0.16124409207084972,1.3494561501243023,7,11,72.30000000000308,0.09259393897934143,0.6257116611688576,1.0661895052224226,52.79642058165548,0.8895973154362796,795.300000000034,0.8895973154362796,0.03022839232329464,0.9817161297666736,0.859368923112985,0.8753741504860808,both,False,0.6003745318351913,-1.1689119170984326,3.6378787878789143,-0.5870588235293981
SMA5/20/60|BB2.0|MTF1|TP30/SL30|TR0-0|long,565,1.7194342309230575,-0.26851906798230496,2.4826086232800595,8,11,106.37272727273103,1.0578057280562996,1.3687349556247945,1.1610887013505546,54.15929203539823,2.070973451327507,1170.1000000000413,2.070973451327507,0.7670109139896356,0.962763795659108,1.3039625373378714,1.3543950688810216,long,False,0.08944099378879485,-1.2591304347826142,6.165730337078859,1.8288288288289107
SMA5/20/60|BB2.0|MTF1|TP30/SL30|TR0-0|short,390,-1.36281953190812,-0.512522186062131,-1.3955240321837703,2,11,-70.04545454545516,-1.916438276314962,-1.7025305157428883,0.8661629320826817,47.94871794871795,-1.975641025641042,-770.5000000000064,-1.975641025641042,-1.0046364886867667,0.9902375977316816,-0.9710045369542752,-0.9805773272783591,short,False,-0.6022222222222153,-1.9711340206185375,-1.92553191489364,-4.953125000000113
SMA5/20/60|BB2.0|MTF1|TP30/SL30|TR5-3|both,1098,-0.9698323340197429,-2.2486028337371797,0.8451289018085036,3,11,-40.4272727272908,-2.89630251871755,-1.278529450657682,0.9129745596868508,84.15300546448088,-0.4050091074683047,-444.70000000019854,-0.4050091074683047,-0.6751410282436268,0.4847152711387274,0.27013192077532205,0.557300206656805,both,True,-1.374251497006079,-1.4659751037345414,1.4455414012736916,-0.412918660287477
SMA5/20/60|BB2.0|MTF1|TP30/SL30|TR5-3|long,672,0.24625886410794892,-2.061639333164574,2.405852160488459,6,11,7.918181818168889,-1.2837811701060609,-0.13295128000362585,1.030414135065248,85.11904761904762,0.12961309523788397,87.09999999985803,0.12961309523788397,-1.0458615498747954,0.43576840158461067,1.1754746451126794,2.697475633474641,long,True,-1.0232044198896417,-2.5280575539569274,2.643457943925001,0.42028985507207073
SMA5/20/60|BB2.0|MTF1|TP30/SL30|TR5-3|short,454,-1.7263000150796857,-1.2674014404225362,-1.1731860217261814,3,11,-46.88181818182366,-2.9483828711685716,-2.115475267491297,0.7794834516377086,83.03964757709251,-1.1359030837005728,-515.7000000000601,-1.1359030837005728,-0.5973046708975293,0.47142847496482493,-0.5385984128030435,-1.1424817154781124,short,True,-1.8073170731707586,0.45739130434771347,-1.118000000000112,-2.13466666666709
SMA5/20/60|BB2.0|MTF1|TP20/SL10|TR0-0|both,1024,-1.012213297051056,-1.9470640809943676,0.4478284292791344,6,11,-41.245454545432125,-2.8379081746493005,-1.3769462603558966,0.936913386264753,34.66796875,-0.4430664062497583,-453.6999999997525,-0.4430664062497583,-0.5754295760391849,0.34648884382016065,0.13236316978942658,0.38201278958963397,both,False,-0.5476489028208469,-2.0153846153841424,1.48827586206892,-1.3670103092783186
SMA5/20/60|BB2.0|MTF1|TP20/SL10|TR0-0|long,621,-0.4136124377147882,-2.7369746320015604,1.791754812132529,6,11,-13.027272727262078,-1.854665334711757,-0.8792393746469604,0.9667956530806381,35.42673107890499,-0.23075684380013287,-143.29999999988252,-0.23075684380013287,-0.4197362418176773,0.41731930205814943,0.18897939801754446,0.45284125868496733,long,False,-1.4470588235289323,-3.0415384615379817,2.4558974358973353,0.15238095238089783
SMA5/20/60|BB2.0|MTF1|TP20/SL10|TR0-0|short,423,-1.0508076257546186,0.04086255695766939,-1.576662813365208,4,11,-27.94545454544215,-2.2094214441071065,-1.4856774671770447,0.89778546252581,33.56973995271868,-0.7267139479902209,-307.39999999986344,-0.7267139479902209,-0.7635061288358685,0.5105828353993056,0.036792180845647615,0.07205918079262101,short,False,0.5493589743594324,-0.7825242718442041,-0.4978947368420397,-3.843478260869394
SMA5/20/60|BB2.0|MTF1|TP20/SL10|TR5-3|both,1132,-3.586635510896664,-4.082111806299663,-1.1882356524181028,1,11,-92.39090909090177,-6.761164447119478,-4.05075933188475,0.7671173235563766,64.2226148409894,-0.8977915194345576,-1016.2999999999192,-0.8977915194345576,-1.075084294038065,0.15422946009983007,0.17729277460350734,1.1495389693301707,both,True,-1.517816091953898,-1.455952380952265,0.19716088328077977,-0.8544186046511584
SMA5/20/60|BB2.0|MTF1|TP20/SL10|TR5-3|long,680,-2.640480891919879,-3.8248848591292717,-0.29567133102381965,2,11,-51.89090909090731,-5.192594279769876,-3.249433159062097,0.7834597875569004,63.970588235294116,-0.8394117647058535,-570.7999999999804,-0.8394117647058535,-1.078564496886522,0.21031103466108564,0.23915273218066846,1.1371382988346805,long,True,-1.2972375690606743,-2.4566433566431987,0.4347222222221639,-0.5614285714286303
SMA5/20/60|BB2.0|MTF1|TP20/SL10|TR5-3|short,459,-2.4573066027664328,-2.6745709778881226,-0.8726338629651558,2,11,-39.1272727272671,-4.542406631322912,-3.0480225671233114,0.7524729698642969,64.92374727668845,-0.9376906318081439,-430.3999999999381,-0.9376906318081439,-1.0347524530865373,0.33196957592921555,0.09706182127839336,0.29238167686513966,short,True,-1.7291666666665106,-0.02956521739124659,-0.3108910891087145,-1.401333333333211
SMA5/20/60|BB2.0|MTF1|TP10/SL20|TR0-0|both,1045,-2.0017468205211806,-2.1083519529544947,-0.7668270353844608,1,11,-82.51818181820705,-3.8460053109860155,-2.221495079674407,0.8751272527169773,66.2200956937799,-0.8686124401916531,-907.7000000002774,-0.8686124401916531,-0.8731405736469247,0.2844842572176155,0.004528133455271588,0.0159169913286548,both,False,-1.1021875000004706,-1.1524017467253636,-0.27575757575764714,-1.0512562814070217
SMA5/20/60|BB2.0|MTF1|TP10/SL20|TR0-0|long,636,-1.1075655429010327,-1.732564577411515,0.06847089333368715,2,11,-35.42727272728798,-2.5646196385875935,-1.3861613740332637,0.9095592842720478,66.98113207547169,-0.6127358490568673,-389.70000000016756,-0.6127358490568673,-0.43147022713154326,0.3895987546557982,-0.18126562192532403,-0.46526232376042415,long,False,-1.2689655172418461,-1.9923076923081606,0.8284999999998817,-0.5727272727272863
SMA5/20/60|BB2.0|MTF1|TP10/SL20|TR0-0|short,437,-1.7631212262904818,-1.1440978303332878,-1.3465936952683437,2,11,-47.37272727273818,-2.9509390914417404,-2.0366549804318543,0.8339388145315083,65.21739130434783,-1.1924485125860864,-521.1000000001197,-1.1924485125860864,-1.413550848818207,0.5749187482334208,0.2211023362321205,0.38458014617110986,short,False,-1.1509554140132112,0.6027272727267878,-2.82727272727269,-1.7859154929576913
SMA5/20/60|BB2.0|MTF1|TP10/SL20|TR5-3|both,1104,-3.6443701150979977,-4.459159789088143,-0.6803894428769851,2,11,-115.84545454546851,-6.179561858491418,-3.8633908976814553,0.7393429880542934,78.53260869565217,-1.154257246376951,-1274.300000000154,-1.154257246376951,-1.1693934174233,0.1978005953454597,0.015136171046349123,0.07652237355460799,both,True,-1.9226190476192817,-2.0271604938273824,0.398095238095166,-1.2433333333333254
SMA5/20/60|BB2.0|MTF1|TP10/SL20|TR5-3|long,672,-2.0122417393871395,-3.41018481111322,0.5862657416832011,2,11,-47.49090909091931,-4.112808886359474,-2.2849657328929625,0.8126255380200431,79.76190476190477,-0.7773809523811194,-522.4000000001122,-0.7773809523811194,-1.181302379809695,0.216443433992053,0.40392142742857573,1.8661754712476342,long,True,-1.612707182320711,-2.6467625899282883,1.1275700934577977,-0.7528985507246393
SMA5/20/60|BB2.0|MTF1|TP10/SL20|TR5-3|short,455,-3.3125247448790716,-3.104945858083644,-1.5778669571791384,2,11,-69.16363636364053,-4.896270706061825,-3.623189684203309,0.6516483516483262,76.92307692307693,-1.6720879120880128,-760.8000000000458,-1.6720879120880128,-1.2999698456243833,0.4095395076367045,-0.37211806646362944,-0.9086255648715802,short,True,-2.425000000000195,-0.6939130434784707,-1.1475247524751624,-2.2319999999999793
SMA5/20/60|BB2.0|MTF0|TP20/SL20|TR0-0|both,1276,-1.0660849339030403,-1.7040602813740109,0.12153733736558231,5,11,-68.49090909091183,-2.5109357308105804,-1.3553734783246851,0.9414944010436854,50.705329153605014,-0.5904388714733769,-753.400000000029,-0.5904388714733769,-0.6841334346707076,0.5000157549367257,0.09369456319733072,0.18738322197305016,both,False,-0.3778350515463828,-2.7187265917603334,0.9444751381214834,-0.860231660231663
SMA5/20/60|BB2.0|MTF0|TP20/SL20|TR0-0|long,784,-0.671919278531654,-2.41290930401173,1.2123981261092556,5,11,-33.418181818185715,-1.8226507607659406,-1.0455118920936806,0.9530649506517981,50.89285714285714,-0.46887755102046214,-367.6000000000423,-0.46887755102046214,-0.4072036912248806,0.35398056047588145,-0.06167385979558154,-0.17422951054902266,long,False,-0.9683257918552042,-4.0453416149068815,2.0238493723848334,0.08588957055208796
SMA5/20/60|BB2.0|MTF0|TP20/SL20|TR0-0|short,614,-1.7648238179978557,-0.9549738011303757,-1.5347948680179142,3,11,-78.94545454545309,-2.7670506797168892,-2.115225974393473,0.8649266615856034,48.37133550488599,-1.4143322475569762,-868.3999999999834,-1.4143322475569762,-1.3528174422892163,0.6519325294081735,-0.061514805267759876,-0.09435762520333695,short,False,-1.01627906976743,-1.0595744680851158,-2.28680555555548,-1.5017543859648719
SMA5/20/60|BB2.0|MTF0|TP20/SL20|TR5-3|both,1498,-2.850919788066882,-3.648956704393037,-0.46879670832725,3,11,-111.53636363637088,-5.634665731546604,-3.159159099109169,0.8162663232298882,78.43791722296395,-0.819025367156261,-1226.900000000079,-0.819025367156261,-1.2091218520733458,0.2854472612335499,0.3900964849170848,1.3666149159438319,both,True,-1.2427015250546076,-1.7335384615386074,0.12929782082329488,-0.48671096345510806
SMA5/20/60|BB2.0|MTF0|TP20/SL20|TR5-3|long,877,-2.1926305459668893,-3.7612304325080914,0.5312000671084285,2,11,-64.80909090909921,-4.373996643519491,-2.5706285356829053,0.817728574350557,78.33523375142532,-0.8128848346637294,-712.9000000000907,-0.8128848346637294,-1.0361570364376265,0.19651990425954885,0.22327220177389706,1.136130218540183,long,True,-1.345643153527153,-2.929347826087106,0.8145522388059058,-0.3690217391304467
SMA5/20/60|BB2.0|MTF0|TP20/SL20|TR5-3|short,689,-2.329979432997424,-2.0563483743474786,-1.2553491572011417,2,11,-61.518181818181915,-4.224794184707192,-2.687672967586256,0.7845453387671899,78.08417997097243,-0.982148040638608,-676.700000000001,-0.982148040638608,-1.1077301007536637,0.30513987880438953,0.12558206011505568,0.4115557121118223,short,True,-1.3627530364373561,-0.43619631901855943,-1.2006535947710002,-0.6769841269840127
SMA5/20/60|BB2.0|MTF0|TP15/SL15|TR0-0|both,1365,-2.473881128812822,-2.645510929575573,-0.8719688992551804,2,11,-123.80000000000122,-4.451889562247632,-2.765301823829982,0.8745035157077988,49.37728937728938,-0.9976556776556866,-1361.8000000000122,-0.9976556776556866,-0.5933729130124306,0.4123546531430076,-0.4042827646432561,-0.9804248880466685,both,False,-1.1592857142857311,-2.023157894736889,-0.00443864229762166,-1.0707581227436929
SMA5/20/60|BB2.0|MTF0|TP15/SL15|TR0-0|long,817,-2.534768218541356,-3.345217109581421,-0.4461095812667252,4,11,-97.89090909091068,-4.078208527755857,-2.929441385273761,0.8372528867662202,48.34761321909425,-1.3179926560587722,-1076.800000000017,-1.3179926560587722,-0.5662692845904096,0.3169077678223702,-0.7517233714683627,-2.372057260173284,long,False,-1.573893805309764,-3.7000000000001125,0.11880000000003263,-0.7122807017543829
SMA5/20/60|BB2.0|MTF0|TP15/SL15|TR0-0|short,644,-1.4903557613448273,-1.14230172841708,-0.9587920070848417,4,11,-51.27272727272744,-2.8576434358648535,-1.8207339275785022,0.8890986314299234,49.68944099378882,-0.87577639751553,-564.0000000000014,-0.87577639751553,-0.9259004361461327,0.4460406666758576,0.05012403863060266,0.11237549034296535,short,False,-1.132608695652186,-0.13061224489793397,-1.1763513513513622,-0.9260504201680724
SMA5/20/60|BB2.0|MTF0|TP15/SL15|TR5-3|both,1517,-4.063587703420957,-4.429895189422608,-1.4378228191621087,1,11,-135.5818181818454,-7.3569709445184825,-4.385160778928167,0.7655547520985561,73.36849044166117,-0.9831245880028341,-1491.4000000002993,-0.9831245880028341,-1.1740205001045902,0.2643633270947017,0.19089591210175616,0.7220967983708737,both,True,-1.4509635974306059,-1.515454545454762,-0.23812949640303693,-0.7075907590761324
SMA5/20/60|BB2.0|MTF0|TP15/SL15|TR5-3|long,884,-3.2908759649947417,-4.314491180383104,-0.550287675923709,2,11,-83.03636363638329,-5.869626294400472,-3.676368848850608,0.7556839458620382,73.07692307692307,-1.0332579185522803,-913.4000000002158,-1.0332579185522803,-1.1810171982195554,0.20628383723371413,0.1477592796672751,0.7162911144602557,long,True,-1.3145228215769913,-2.6531914893619413,0.020370370370129575,-0.5583783783786535
SMA5/20/60|BB2.0|MTF0|TP15/SL15|TR5-3|short,694,-2.835283293583119,-2.6433439466016635,-1.3932010194733642,2,11,-63.918181818190995,-5.06094019714436,-3.1929210507041077,0.7581521739130175,73.48703170028818,-1.0131123919309812,-703.100000000101,-1.0131123919309812,-1.192458068435599,0.29312790847405584,0.17934567650461775,0.6118341901944532,short,True,-1.5390438247013725,-0.24817073170750711,-1.1797385620915333,-0.7587301587303228
SMA5/20/60|BB2.0|MTF0|TP30/SL30|TR0-0|both,1148,1.072167710434424,0.4462832386708008,1.024289655588672,8,11,94.87272727273049,0.12856908497619976,0.7840408126987566,1.067711273317114,53.22299651567944,0.9090592334495086,1043.6000000000358,0.9090592334495086,-0.3694472189152462,0.7329991903219796,1.2785064523647547,1.7442126393115849,both,False,1.4426426426426262,-0.40370370370369485,1.5779411764706652,0.5379310344828131
SMA5/20/60|BB2.0|MTF0|TP30/SL30|TR0-0|long,730,1.3049992780390798,-0.8954194508980952,2.4689296403588967,7,11,90.76363636364121,0.5425394299101615,0.9818851110374318,1.1039242219215195,53.42465753424658,1.3676712328767853,998.4000000000533,1.3676712328767853,0.0835789412743509,0.6639121074080538,1.2840922916024344,1.9341299507484433,long,False,0.32364532019703285,-2.83552631578946,3.7898678414098326,3.4013513513514972
SMA5/20/60|BB2.0|MTF0|TP30/SL30|TR0-0|short,579,-1.1623321998030316,-0.6028105159125984,-1.0304411052178284,3,11,-72.62727272727224,-1.8371785987828924,-1.483824620763729,0.904441228185593,49.568221070811745,-1.37979274611398,-798.8999999999944,-1.37979274611398,-1.2337147358651697,0.7692587343680046,-0.1460780102488104,-0.18989450976961977,short,False,-1.6092307692307415,0.21119402985076927,-3.592907801418502,-0.06238532110086372
SMA5/20/60|BB2.0|MTF0|TP30/SL30|TR5-3|both,1484,-1.1355574720918142,-1.727514142782296,0.04541866024205067,3,11,-54.354545454567685,-3.396127161054297,-1.4036673619445756,0.9127917152858464,84.50134770889488,-0.40289757412415367,-597.9000000002441,-0.40289757412415367,-1.0465695169159233,0.4059733203812056,0.6436719427917696,1.5855030625839328,both,True,-0.6849889624724809,-1.2267912772586522,0.2639902676397002,-0.007692307692640426
SMA5/20/60|BB2.0|MTF0|TP30/SL30|TR5-3|long,876,-0.7026033164626185,-2.408291825534214,1.3116649764499784,4,11,-26.11818181819767,-2.431467280651562,-1.0469964708556683,0.9278847360626092,84.3607305936073,-0.327968036529879,-287.300000000174,-0.327968036529879,-0.8981392168050351,0.41318661719528116,0.5701711802751561,1.3799362238435728,long,True,-1.1390041493777021,-2.311475409836131,1.332462686566906,0.2885869565213766
SMA5/20/60|BB2.0|MTF0|TP30/SL30|TR5-3|short,685,-1.3055952510320343,-0.6988783362226544,-1.1319181103528269,4,11,-42.66363636364368,-2.832285946608689,-1.643119787377115,0.8578611018565964,84.08759124087591,-0.6851094890512122,-469.30000000008033,-0.6851094890512122,-1.1567686358348852,0.3076381273627405,0.47165914678367304,1.5331621955543016,short,True,-0.688114754098397,0.15460122699375947,-1.8796052631580011,-0.32460317460347554
SMA5/20/60|BB2.0|MTF0|TP20/SL10|TR0-0|both,1376,-1.1139599156255606,-2.144350532951745,0.5088894709448998,5,11,-53.072727272697904,-3.2077238405865085,-1.4471390541240892,0.9396258415463035,34.81104651162791,-0.42427325581371805,-583.7999999996761,-0.42427325581371805,-0.7674311295694581,0.26898999383701483,0.3431578737557401,1.2757272821221175,both,False,-0.3247058823524737,-2.1993150684926737,0.5706806282722451,-0.07797833935022183
SMA5/20/60|BB2.0|MTF0|TP20/SL10|TR0-0|long,821,-1.332850568165638,-3.586097508383678,1.3770623950239202,6,11,-48.27272727271186,-2.9856913128297218,-1.7571978001378143,0.9087816944960048,34.104750304506695,-0.6467722289888305,-530.9999999998298,-0.6467722289888305,-0.3613876793786607,0.49993478237872613,-0.2853845496101698,-0.5708435573381978,long,False,-1.2013043478256182,-3.712643678160429,1.147389558232893,0.6285714285713471
SMA5/20/60|BB2.0|MTF0|TP20/SL10|TR0-0|short,641,-1.0999077250947542,0.12438568188559695,-1.7375514269450336,5,11,-36.12727272725536,-2.5217846568217666,-1.444590967257199,0.9124862365118187,34.009360374414975,-0.6199687987516517,-397.39999999980876,-0.6199687987516517,-0.9592992661632035,0.5649248770518793,0.3393304674115518,0.6006647630431572,short,False,-0.039565217390830944,-0.6536912751673252,-1.2951388888887962,-0.88474576271186
SMA5/20/60|BB2.0|MTF0|TP20/SL10|TR5-3|both,1550,-4.734625702814805,-4.683586545950271,-2.2023126769633516,1,11,-140.5090909090761,-8.488505516269083,-5.206577607824459,0.7462902166776236,63.54838709677419,-0.9971612903224752,-1545.5999999998367,-0.9971612903224752,-1.1377839689142353,0.2358084462701037,0.14062267859176003,0.5963428401995645,both,True,-1.344166666666529,-1.5035398230087005,-0.44333333333324454,-0.657556270096432
SMA5/20/60|BB2.0|MTF0|TP20/SL10|TR5-3|long,892,-4.1530925161306556,-4.755122205902004,-1.3994603231778824,1,11,-92.69999999999466,-7.074214304058831,-4.725209817408017,0.7165295229623057,62.5560538116592,-1.1431614349775125,-1019.6999999999412,-1.1431614349775125,-1.1165618870613332,0.2090689454549982,-0.026599547916179356,-0.12722859369807685,long,True,-1.351229508196616,-2.59789473684191,-0.27720588235292176,-0.6505376344086525
SMA5/20/60|BB2.0|MTF0|TP20/SL10|TR5-3|short,699,-3.0229491137229663,-2.52088059211708,-1.78193098815859,3,11,-60.39999999998975,-5.551124034766642,-3.5427446124806763,0.7549063007230626,64.09155937052932,-0.9505007153074208,-664.3999999998871,-0.9505007153074208,-1.1837643074308262,0.14725834046779188,0.23326359212340542,1.5840433308049162,short,True,-1.4666666666664891,-0.299999999999909,-1.0771241830063087,-0.6015748031494642
SMA5/20/60|BB2.0|MTF0|TP10/SL20|TR0-0|both,1397,-2.609523554151091,-2.2785526531937936,-1.434053138826432,1,11,-123.74545454548728,-4.7492063639325615,-2.8021667920396807,0.8613030099243566,65.92698639942735,-0.9743736578384818,-1361.200000000359,-0.9743736578384818,-0.9874525784706458,0.25138245467414605,0.013078920632163982,0.052027977247328196,both,False,-0.7819248826295817,-1.487707641196479,-1.017829457364379,-0.6586572438162627
SMA5/20/60|BB2.0|MTF0|TP10/SL20|TR0-0|long,833,-2.6613611592916344,-3.079999601738462,-0.7785721204462117,2,11,-98.40000000001865,-4.311035039811442,-2.9159420586790694,0.8206551455602503,64.82593037214886,-1.2993997599042069,-1082.4000000002043,-1.2993997599042069,-0.7670354849619025,0.3735115473971971,-0.5323642749423043,-1.425295358743437,long,False,-1.2820960698694606,-3.5086206896556185,-0.30119047619054773,-0.5752808988764174
SMA5/20/60|BB2.0|MTF0|TP10/SL20|TR0-0|short,659,-1.7031290388187286,-0.8331008687470377,-1.5792271276898662,4,11,-55.47272727274356,-3.179191603366514,-1.953274544426663,0.8677732512784547,66.1608497723824,-0.9259484066770546,-610.200000000179,-0.9259484066770546,-1.189885169802336,0.5841701910874374,0.26393676312528147,0.4518148429209664,short,False,-1.043965517241846,0.7761290322575768,-2.9379999999999487,-0.3901639344262523
SMA5/20/60|BB2.0|MTF0|TP10/SL20|TR5-3|both,1498,-4.601628095740904,-4.705473983188599,-1.8432360755866115,1,11,-169.17272727274087,-7.553347520271771,-4.832320083023996,0.7213220318677102,78.43791722296395,-1.2422563417891517,-1860.9000000001492,-1.2422563417891517,-1.3022083738524228,0.21719064384162037,0.059952032063271155,0.2760341375800209,both,True,-1.6389978213509666,-1.9864615384617335,-0.3467312348668179,-1.0624584717607855
SMA5/20/60|BB2.0|MTF0|TP10/SL20|TR5-3|long,877,-3.498510437419696,-4.439373408837019,-0.5414849087565591,2,11,-97.17272727273817,-5.818063530238542,-3.740345272082678,0.7267079157291532,78.33523375142532,-1.2188141391107408,-1068.9000000001197,-1.2188141391107408,-1.1708716998663053,0.21289353346219952,-0.04794243924443542,-0.22519443622719465,long,True,-1.6327800829877839,-3.231521739130637,0.2481343283581231,-0.8005434782608876
SMA5/20/60|BB2.0|MTF0|TP10/SL20|TR5-3|short,689,-3.487185490114167,-2.8597116704030543,-2.084328918897313,1,11,-87.21818181818578,-5.482392290867128,-3.7396259861165024,0.6945364238410414,78.08417997097243,-1.3924528301887424,-959.4000000000435,-1.3924528301887424,-1.4506286706453202,0.42040529262241927,0.058175840456577754,0.13838037122150962,short,True,-1.7858299595143496,-0.5914110429449836,-1.5895424836599534,-1.4182539682539204
SMA5/20/60|BB2.5|MTF1|TP20/SL20|TR0-0|both,527,-0.3402674512673304,-0.4368801730986324,-0.06319509438918107,5,11,-13.845454545455123,-1.285055844028102,-0.7454760164825791,0.9709556229380001,51.23339658444023,-0.2889943074003909,-152.300000000006,-0.2889943074003909,-0.4468688742881558,0.7013910979518435,0.1578745668877649,0.22508778247796402,both,False,0.9473333333333581,-3.0017543859649667,2.526543209876426,-3.5792079207919265
SMA5/20/60|BB2.5|MTF1|TP20/SL20|TR0-0|long,331,0.5490145232866459,0.21364940924810633,0.5365504304139819,6,11,18.045454545453197,-0.18397679588393223,0.07392111622263184,1.063140148864428,53.17220543806647,0.59969788519633,198.49999999998525,0.59969788519633,0.1722956198585987,0.6782635833651072,0.42740226533773135,0.6301418442919146,long,False,1.4784810126582602,-2.4338461538462166,3.32456140350862,-1.9054794520547396
SMA5/20/60|BB2.5|MTF1|TP20/SL20|TR0-0|short,209,-1.2219420953177667,-0.29186894921228695,-1.4416707662107118,4,11,-31.10909090909041,-1.8204232543402439,-1.68725041642282,0.8449127577611608,47.84688995215311,-1.6373205741626522,-342.1999999999943,-1.6373205741626522,-1.143003921302856,1.4655456149324486,-0.4943166528597962,-0.337291891718144,short,False,0.29466666666668295,-3.870370370370427,0.6312499999999651,-5.7999999999997165
SMA5/20/60|BB2.5|MTF1|TP20/SL20|TR5-3|both,564,-0.6431820382457671,-0.9653193502974207,0.026774788720176225,4,11,-15.600000000005378,-2.337203271035487,-1.039085688958497,0.9289028836592388,79.25531914893617,-0.3042553191490408,-171.60000000005903,-0.3042553191490408,-0.925553499622991,0.23759723870315347,0.6212981804739502,2.6149217215869274,both,True,-0.18679245283040685,-1.756000000000154,1.13195266272181,-1.0243243243242428
SMA5/20/60|BB2.5|MTF1|TP20/SL20|TR5-3|long,350,0.6948223888098874,0.11148179264480026,0.8329297866331351,5,11,12.445454545450248,-0.7283785858041218,0.20409395726258603,1.1044081757168671,81.71428571428572,0.3911428571427223,136.8999999999528,0.3911428571427223,-0.9475422241580201,0.41298047521278386,1.3386850813007425,3.241521480188619,long,True,1.033749999999803,-1.635211267605779,1.7583333333331383,-0.5151898734176927
SMA5/20/60|BB2.5|MTF1|TP20/SL20|TR5-3|short,219,-1.6425146672659001,-1.507301630237725,-0.801219090639203,4,11,-26.163636363637444,-2.6386039926822984,-2.119278510256955,0.738933236574733,75.79908675799086,-1.3141552511416066,-287.80000000001183,-1.3141552511416066,-1.1447483421758629,0.31605245473760696,-0.16940690896574373,-0.5360088378569586,short,True,-1.3074074074076374,-1.7767857142858612,-0.40204081632634187,-1.899999999999827
SMA5/20/60|BB2.5|MTF1|TP15/SL15|TR0-0|both,539,-1.3448450551027065,-0.1204991505963286,-1.7399915265931747,5,11,-41.89090909090931,-2.6060362613468584,-1.7110138116543647,0.8917369546319605,49.721706864564005,-0.8549165120593734,-460.8000000000022,-0.8549165120593734,-0.5238636407038688,0.6280211401629133,-0.33105287135550454,-0.5271365089232936,both,False,-0.670779220779222,0.05897435897439206,0.20000000000003798,-3.858252427184582
SMA5/20/60|BB2.5|MTF1|TP15/SL15|TR0-0|long,336,-0.7839924928368147,0.01824119568347823,-1.0647643475811335,5,11,-19.39090909090892,-1.7772414668624106,-1.2412505614821636,0.9183728138992036,50.297619047619044,-0.6348214285714222,-213.29999999999788,-0.6348214285714222,-0.5782710246019829,0.7603398960249691,-0.05655040396943933,-0.07437516335139444,long,False,-0.049999999999971664,-0.4136363636363489,0.3538461538461975,-3.060273972602826
SMA5/20/60|BB2.5|MTF1|TP15/SL15|TR0-0|short,211,-0.9741060964496808,-0.22869414833891547,-1.200215476187209,5,11,-19.081818181818466,-1.7561295324647355,-1.410460434464719,0.8748061553143289,49.28909952606635,-0.9947867298578341,-209.900000000003,-0.9947867298578341,-1.4942956044564624,0.7627722303309581,0.49950887459862825,0.6548598057665224,short,False,-0.7363636363636462,0.5703703703704132,-0.1749999999999766,-5.487500000000178
SMA5/20/60|BB2.5|MTF1|TP15/SL15|TR5-3|both,567,-1.6050134854167295,-1.542545142533383,-0.7507778800888367,3,11,-32.44545454546607,-3.6507053698311087,-1.9920137194929668,0.8463889128001578,73.89770723104057,-0.6294532627868196,-356.9000000001267,-0.6294532627868196,-0.7971680688928815,0.34446158933365434,0.16771480610606193,0.4868897180393866,both,True,-0.8750000000002517,-1.0921259842521773,0.3621301775145907,-1.2558558558560868
SMA5/20/60|BB2.5|MTF1|TP15/SL15|TR5-3|long,351,-0.3272922792678831,-0.49413206474695887,-0.0054916439179102826,4,11,-5.0000000000080576,-2.005971786212124,-0.8119694800079339,0.9580856576740688,76.06837606837607,-0.15669515669540898,-55.000000000088555,-0.15669515669540898,-1.0967084322395926,0.4390216614349163,0.9400132755441836,2.1411546584553616,long,True,0.15374999999979355,-1.1513888888891064,0.8858333333330339,-1.1481012658230438
SMA5/20/60|BB2.5|MTF1|TP15/SL15|TR5-3|short,219,-1.9691573337056425,-1.8531893752982875,-0.9053656071621873,3,11,-25.96363636363985,-3.1720245169820056,-2.358859965853372,0.7175632911392128,70.77625570776256,-1.3041095890412706,-285.6000000000383,-1.3041095890412706,-1.223551247630272,0.5577180700479367,-0.08055834141099871,-0.14444276730010666,short,True,-1.8308641975311548,-0.9607142857144695,-0.9204081632652726,-1.1636363636365503
SMA5/20/60|BB2.5|MTF1|TP30/SL30|TR0-0|both,503,0.8580068749175712,0.18293842501280783,0.9712139501314551,5,11,50.20000000000184,0.2330083126150729,0.5063777760414429,1.0834315414135938,53.47912524850894,1.0978131212724056,552.20000000002,1.0978131212724056,0.37249589001353806,1.2592255913959638,0.7253172312588676,0.5760026132051437,both,False,1.9141843971630785,-2.4841121495327045,3.7388535031848518,-0.39693877551016477
SMA5/20/60|BB2.5|MTF1|TP30/SL30|TR0-0|long,322,2.0301640315592357,1.1124464049955876,1.7066474961160598,8,11,96.02727272727475,1.5385777358522361,1.6343386707355168,1.2700774718110006,56.52173913043478,3.2804347826087645,1056.3000000000222,3.2804347826087645,0.8216623945135995,0.548758523481669,2.458772388095165,4.480609016321364,long,False,5.049333333333258,-2.485937500000035,5.867567567567757,2.5750000000001267
SMA5/20/60|BB2.5|MTF1|TP30/SL30|TR0-0|short,201,-1.804744886904715,-0.8932870936360177,-1.6355788270156888,2,11,-63.83636363636379,-2.2183150328206462,-2.2475725581108095,0.7700494482103688,46.26865671641791,-3.4935323383084658,-702.2000000000016,-3.4935323383084658,-0.6538095771095052,1.3805910226091374,-2.839722761198961,-2.0568891979554196,short,False,-1.9930555555555682,-4.224999999999931,-2.0234042553190945,-8.130000000000233
SMA5/20/60|BB2.5|MTF1|TP30/SL30|TR5-3|both,562,0.5804614197822798,0.01586995081014828,0.7736981513400252,6,11,17.172727272716592,-0.8020679416389251,0.19490745394076836,1.079466576921409,85.58718861209964,0.3361209964410723,188.89999999988262,0.3361209964410723,-1.21133199634628,0.7116097912551906,1.5474529927873524,2.1745808051036493,both,True,0.6647798742136716,-1.6080645161291087,1.5011904761902226,0.2738738738735222
SMA5/20/60|BB2.5|MTF1|TP30/SL30|TR5-3|long,350,1.652966402730915,0.2130663924065068,2.068277645886564,7,11,36.99090909090108,0.5170536986404056,1.1883420687861495,1.3240423668072843,87.42857142857143,1.1625714285711768,406.89999999991187,1.1625714285711768,-0.6514946166013591,0.5198951609937353,1.814066045172536,3.4892920366965967,long,True,1.9812499999998152,-2.297183098591614,2.7991666666663253,0.9569620253161026
SMA5/20/60|BB2.5|MTF1|TP30/SL30|TR5-3|short,218,-0.9078325348706497,-0.29822321525522144,-0.9555170634126308,5,11,-17.30000000000264,-1.7394278848000302,-1.3982632186134767,0.8303014089530704,83.02752293577981,-0.8729357798166467,-190.30000000002897,-0.8729357798166467,-0.6078997549782723,0.5480402180553215,-0.2650360248383744,-0.4836068888864294,short,True,-0.571604938271742,-0.4535714285715003,-1.7437500000000359,-1.0575757575761269
SMA5/20/60|BB2.5|MTF1|TP20/SL10|TR0-0|both,544,-1.2353166535224434,-1.3614870206327838,-0.42489225447426365,4,11,-36.42727272726011,-2.580166488930603,-1.7368469155578001,0.8965374783754081,33.82352941176471,-0.7365808823526857,-400.699999999861,-0.7365808823526857,-0.6914037440748672,0.554270326612953,-0.04517713827781855,-0.08150740912631564,both,False,-0.4458064516124409,-1.9805084745758148,1.2539393939394,-2.87547169811309
SMA5/20/60|BB2.5|MTF1|TP20/SL10|TR0-0|long,338,-0.34034753836950027,-0.8797397533091378,0.3305396420560594,5,11,-8.10909090908488,-1.3784923625128416,-0.9353126634080531,0.9620441683332885,35.20710059171598,-0.2639053254435901,-89.19999999993345,-0.2639053254435901,-0.21662700594390444,0.7237636854296553,-0.04727831949968564,-0.06532286774186429,long,False,-0.9265822784805376,-1.9617647058819028,1.9367521367520981,-1.4756756756756377
SMA5/20/60|BB2.5|MTF1|TP20/SL10|TR0-0|short,211,-1.4968446391299228,-0.2203639455398519,-2.0005062603391304,4,11,-26.954545454538756,-2.347705396789858,-1.9475398245813957,0.8082395550381958,31.753554502369667,-1.4052132701418307,-296.4999999999263,-1.4052132701418307,-0.47644932277919727,0.523643202082904,-0.9287639473626335,-1.7736579863316742,short,False,0.16025641025685927,-1.7679245283014413,-0.4104166666665539,-6.112499999999699
SMA5/20/60|BB2.5|MTF1|TP20/SL10|TR5-3|both,572,-1.6440693273102298,-1.4520688710817802,-0.9278297426316309,2,11,-30.290909090906396,-3.8989581031727436,-2.146004853547274,0.8450232558139592,65.03496503496503,-0.5825174825174307,-333.1999999999704,-0.5825174825174307,-0.8940786468602155,0.2616482002271876,0.3115611643427848,1.1907636439778988,both,True,-0.8288343558281582,-0.8692913385825717,0.3035502958579684,-1.2300884955751372
SMA5/20/60|BB2.5|MTF1|TP20/SL10|TR5-3|long,352,-0.5745986428658757,-0.5496707500224812,-0.2921470291002985,4,11,-8.127272727273281,-2.394065935576783,-1.196644729736522,0.9292945270483938,66.47727272727273,-0.25397727272729004,-89.40000000000609,-0.25397727272729004,-1.0324568157700273,0.4046645566079457,0.7784795430427374,1.923765079818833,long,True,-0.024999999999958965,-0.9819444444443464,0.5708333333331876,-1.0649999999999866
SMA5/20/60|BB2.5|MTF1|TP20/SL10|TR5-3|short,221,-1.9928840804008825,-1.8391326028689092,-0.9981983440539891,3,11,-21.981818181814884,-3.4419210779564753,-2.6414462824788,0.7269647696477233,62.89592760180995,-1.0941176470586589,-241.79999999996363,-1.0941176470586589,-1.3172641743361575,0.5565817709020552,0.22314652727749862,0.40092316878406525,short,True,-1.6036144578312423,-0.6732142857141626,-0.35102040816297825,-1.6303030303027752
SMA5/20/60|BB2.5|MTF1|TP10/SL20|TR0-0|both,545,-1.2778667160116348,-0.1325465849953226,-1.6294208014529503,4,11,-37.890909090921205,-2.6145297319079677,-1.5497281124240057,0.88889185082501,66.60550458715596,-0.7647706422020789,-416.800000000133,-0.7647706422020789,-0.975291085048467,0.22941162959504888,0.21052044284638805,0.9176537528546088,both,False,0.40064935064886353,-1.177685950413688,-0.37831325301212376,-2.626923076922973
SMA5/20/60|BB2.5|MTF1|TP10/SL20|TR0-0|long,340,-0.48348838918626963,0.628437509421375,-1.1724106103189031,5,11,-11.090909090915961,-1.5652458371222406,-0.8272618491749536,0.9457102171590964,67.94117647058823,-0.3588235294119865,-122.0000000000754,-0.3588235294119865,-0.3751676565042585,0.5889169699266895,0.01634412709227201,0.027752854692413745,long,False,1.324999999999506,-1.2477611940303137,0.3016949152541386,-2.3999999999999098
SMA5/20/60|BB2.5|MTF1|TP10/SL20|TR0-0|short,214,-1.3139657337278274,-0.9047488465530984,-0.9513022586886231,3,11,-24.727272727278386,-2.139741442647068,-1.6031855148181038,0.8240279485022547,64.95327102803739,-1.2710280373834677,-272.0000000000621,-1.2710280373834677,-1.2825175296254037,1.1028540067600676,0.011489492241935961,0.010417963004631462,short,False,-0.480769230769711,-1.258928571429038,-2.050000000000018,-2.0499999999999297
SMA5/20/60|BB2.5|MTF1|TP10/SL20|TR5-3|both,564,-1.794202075309719,-1.550843955329044,-0.9907829982140832,3,11,-40.84545454546188,-3.5966831609716263,-2.033088224568034,0.8138465362942958,79.25531914893617,-0.7966312056739017,-449.30000000008056,-0.7966312056739017,-1.2963672428053084,0.2940521129267738,0.4997360371314067,1.6994811979326032,both,True,-0.638993710692119,-1.9064000000002126,0.34260355029574713,-1.507207207207102
SMA5/20/60|BB2.5|MTF1|TP10/SL20|TR5-3|long,350,-0.31783841254124584,-0.38468025280138507,-0.07375263638310414,5,11,-5.26363636364099,-1.8567479473509683,-0.6309146046329253,0.9558419768150914,81.71428571428572,-0.16542857142871675,-57.90000000005086,-0.16542857142871675,-0.9479301101836072,0.40616071453082403,0.7825015387548904,1.9265810571039494,long,True,0.57374999999972,-1.905633802817117,0.9799999999998309,-1.089873417721428
SMA5/20/60|BB2.5|MTF1|TP10/SL20|TR5-3|short,219,-2.221526688135616,-1.8755726788607,-1.248068984993933,3,11,-33.80000000000266,-3.2608028637071524,-2.514713907859469,0.6627358490565741,75.79908675799086,-1.6977168949773027,-371.8000000000293,-1.6977168949773027,-0.8784586939288864,0.5832811392482229,-0.8192582010484163,-1.4045683049246862,short,True,-1.7407407407410398,-1.7696428571430463,-1.2183673469387433,-2.1818181818180626
SMA25/75/200|BB2.5|MTF1|TP20/SL20|TR0-0|both,2182,-0.2487614290511455,0.36045666502879387,-0.6708297130156776,3,11,-20.88181818181842,-2.1503002641451014,-0.5256382737967747,0.9893093176952429,51.69569202566453,-0.10527039413382264,-229.70000000000098,-0.10527039413382264,-0.4087250030383983,0.22601444845633364,0.30345460890457565,1.3426336722150025,both,False,0.3203007518797104,-0.574942528735639,0.38810572687222517,-1.139401496259328
SMA25/75/200|BB2.5|MTF1|TP20/SL20|TR0-0|long,1322,-0.1402407779095456,-0.026282697255710377,-0.1653078339070834,4,11,-8.881818181818359,-1.6722956364217683,-0.4802382774755861,0.9924765131680267,51.8910741301059,-0.0739031770045393,-97.70000000000095,-0.0739031770045393,0.04779261698616147,0.36039107947862387,-0.12169579399070077,-0.3376770428578796,long,False,0.3723860589812342,-0.6461538461538463,0.5645435244161103,-1.4397540983606123
SMA25/75/200|BB2.5|MTF1|TP20/SL20|TR0-0|short,882,-0.34996281444326066,0.04717697038979483,-0.5370150953343878,5,11,-19.027272727272585,-1.5422375427902382,-0.6832750047483643,0.9760276718322278,51.02040816326531,-0.23730158730158493,-209.2999999999979,-0.23730158730158493,-0.9525845455209622,0.3699501898024634,0.7152829582193773,1.9334574705889618,short,False,0.11772575250838017,-0.44047619047619996,-0.21481481481481726,-0.6726114649681602
SMA25/75/200|BB2.5|MTF1|TP20/SL20|TR5-3|both,2787,-2.750068581265255,-2.3311965921697047,-1.5913911244404568,3,11,-135.13636363637107,-6.954887529956588,-3.028166949423917,0.8614825513674595,81.3778256189451,-0.5333692142088559,-1486.5000000000812,-0.5333692142088559,-0.9981159462025744,0.08133255981783308,0.4647467319937185,5.714153507951161,both,True,-0.37171129220036514,-1.1779264214048235,-0.14698224852063255,-0.6981443298968019
SMA25/75/200|BB2.5|MTF1|TP20/SL20|TR5-3|long,1712,-1.9011120934408485,-1.9690562869577062,-0.765445615239403,2,11,-71.86363636364325,-5.269541554833356,-2.2352309025446937,0.8765268189059869,81.77570093457945,-0.4617406542056516,-790.5000000000755,-0.4617406542056516,-1.0871352416169067,0.13960364766157282,0.6253945874112551,4.479786867226684,long,True,-0.4498956158665232,-1.0385321100918914,0.13762541806022408,-1.031493506493431
SMA25/75/200|BB2.5|MTF1|TP20/SL20|TR5-3|short,1090,-2.0586056214269566,-1.3997261052755001,-1.5084219733898059,3,11,-65.47272727272819,-4.625114333176079,-2.441603558077306,0.8365930026773112,80.45871559633028,-0.6607339449541376,-720.20000000001,-0.6607339449541376,-0.9468285729051378,0.3039070249012041,0.28609462795100016,0.9413886633387482,short,True,-0.41584415584428525,-1.2931654676260305,-0.7345381526102437,-0.0994382022470393
SMA25/75/200|BB2.5|MTF1|TP15/SL15|TR0-0|both,2414,-0.7986930723531996,0.13209401903434725,-1.2016846498722071,3,11,-52.76363636363205,-3.4763982583232114,-1.0645692227303027,0.9681822667119887,51.698425849212924,-0.2404308202153898,-580.399999999951,-0.2404308202153898,-0.7718010735993175,0.16427490543757717,0.5313702533839277,3.2346404459556553,both,False,0.2245614035088102,-0.7965863453815298,0.20922459893052034,-1.1864168618267126
SMA25/75/200|BB2.5|MTF1|TP15/SL15|TR0-0|long,1469,-0.5382129279451645,-0.05619503079336357,-0.677567456219899,5,11,-27.59999999999718,-2.6502220368003466,-0.8817942298896645,0.9726019979965925,51.80394826412525,-0.20667120490127155,-303.5999999999679,-0.20667120490127155,-0.4183373335643711,0.2627298036539238,0.21166612866309953,0.8056418636916922,long,False,0.46432038834956024,-0.7970149253731359,0.09504761904765414,-1.2545454545454717
SMA25/75/200|BB2.5|MTF1|TP15/SL15|TR0-0|short,959,-0.551311619989244,-0.2779811834722125,-0.49421835291099386,4,11,-22.509090909089313,-2.2791085612936324,-0.847672899761153,0.9658232915096587,51.6162669447341,-0.25818561001040835,-247.59999999998163,-0.25818561001040835,-1.0082885867491411,0.2374566542704457,0.7501029767387328,3.158904849574864,short,False,-0.10029940119757824,-0.5397435897435857,0.45550660792956255,-1.165853658536599
SMA25/75/200|BB2.5|MTF1|TP15/SL15|TR5-3|both,2826,-3.497608102051824,-3.1883755332778074,-1.8361486102680442,2,11,-146.02727272731926,-8.516462076245302,-3.7731510820935843,0.841686131890398,77.24699221514508,-0.5684005661714477,-1606.3000000005113,-0.5684005661714477,-1.0587426365561203,0.11127607442432809,0.4903420703846726,4.406536381889744,both,True,-0.5063510392611515,-1.1707717569788605,-0.11846689895485958,-0.7200000000001924
SMA25/75/200|BB2.5|MTF1|TP15/SL15|TR5-3|long,1737,-2.3484417790756296,-2.246546864749519,-1.1475775165416167,2,11,-76.10000000003161,-6.330947365271415,-2.6992524677437477,0.8613016535771749,77.89291882556131,-0.48192285549818514,-837.1000000003476,-0.48192285549818514,-1.0564549319182155,0.10279076799804088,0.5745320764200303,5.589335381081894,long,True,-0.5026915113873502,-1.017417417417632,0.031855500820827005,-0.8810897435899671
SMA25/75/200|BB2.5|MTF1|TP15/SL15|TR5-3|short,1099,-2.719418590801222,-2.1134107262534276,-1.728381936366568,2,11,-72.1818181818334,-5.8169549611634315,-3.01182091275221,0.8093408572457347,75.97816196542311,-0.7224749772521998,-794.0000000001676,-0.7224749772521998,-1.0196059994768154,0.2733490697513867,0.2971310222246156,1.0870021342851426,short,True,-0.5948320413438463,-1.2610714285716256,-0.462450592885449,-0.5234636871509786
SMA25/75/200|BB2.5|MTF1|TP30/SL30|TR0-0|both,1849,0.8829702088964038,0.6289280631167037,0.6236622177418123,6,11,100.9818181818195,-0.29382172707894477,0.6346057888092779,1.043682753413452,52.352623039480804,0.600757166035703,1110.8000000000147,0.600757166035703,-0.021106199147825223,0.4729063098402524,0.6218633651835281,1.3149821692875983,both,False,0.31832740213521266,0.9060869565217128,2.07671691792302,-1.7985507246377046
SMA25/75/200|BB2.5|MTF1|TP30/SL30|TR0-0|long,1102,0.6562690233084066,-0.39985631898235074,1.1482725505723297,3,11,56.390909090911535,-0.27788792622147523,0.35305082043292657,1.0411530551316932,52.45009074410163,0.5628856624319667,620.3000000000272,0.5628856624319667,0.7870618219748557,0.583299346712015,-0.22417615954288905,-0.3843243795943573,long,False,-0.5852941176470833,0.05698924731180883,2.4713580246914435,-1.0346341463414472
SMA25/75/200|BB2.5|MTF1|TP30/SL30|TR0-0|short,789,0.6328611188977353,1.301701481216914,-0.378371845651365,4,11,48.2272727272713,-0.12071340094572997,0.3246437721789591,1.0490840118430766,51.837769328263626,0.6723700887198792,530.4999999999848,0.6723700887198792,-0.3329325319976738,0.4930240224935699,1.005302620717553,2.039054031552112,short,False,1.5526119402984733,1.7915730337078324,1.0034825870647257,-2.860563380281759
SMA25/75/200|BB2.5|MTF1|TP30/SL30|TR5-3|both,2741,-0.5522044095546571,-0.6162350584985626,-0.18675716068310225,3,11,-33.41818181821586,-3.890073147518143,-0.8383470093189439,0.9657134329471551,86.79314118934695,-0.13411163808842538,-367.60000000037394,-0.13411163808842538,-0.9226285053212278,0.20541779361979648,0.7885168672328023,3.8386006067821556,both,True,0.12096584216718254,-1.0556325823224373,0.3977380952379138,-0.4111578947370793
SMA25/75/200|BB2.5|MTF1|TP30/SL30|TR5-3|long,1700,-0.06970914207484062,-0.7232376065614998,0.5574364163397991,5,11,-3.2000000000247697,-2.806100209875649,-0.3945254802765548,0.9944999140611147,87.05882352941177,-0.0207058823531012,-35.20000000027204,-0.0207058823531012,-0.8062773148692148,0.17266043608456413,0.7855714325161136,4.549805678304688,long,True,0.010062893081684763,-0.6645061728396005,0.6065326633163817,-0.6185430463578975
SMA25/75/200|BB2.5|MTF1|TP30/SL30|TR5-3|short,1081,-0.8465347476215206,-0.34110698300259984,-0.8302027081028942,5,11,-33.59090909091838,-2.8690233504605174,-1.2675301186310561,0.9173636892248294,86.12395929694728,-0.3418131359852932,-369.500000000102,-0.3418131359852932,-0.7340595088280732,0.24936697233353572,0.39224637284278,1.572968421488227,short,True,0.12689295039157372,-1.4351449275362889,0.041700404858176665,-0.18457142857159178
SMA25/75/200|BB2.5|MTF1|TP20/SL10|TR0-0|both,2440,-0.4716453446301954,0.018216884372950076,-0.6672988640133735,4,11,-30.081818181765154,-3.2652993125820458,-0.7683170181681092,0.9804232459903187,35.614754098360656,-0.13561475409812102,-330.8999999994153,-0.13561475409812102,-0.4985074110591631,0.1830018536211951,0.36289265696104206,1.9829998974338925,both,False,0.1342503438794141,-0.436237623761917,0.1494132985658678,-0.7319727891156501
SMA25/75/200|BB2.5|MTF1|TP20/SL10|TR0-0|long,1484,0.19800743107050417,-0.11204401359433552,0.3709852706991048,6,11,9.700000000028133,-2.020725328553045,-0.1782023368703326,1.0104854559748735,36.32075471698113,0.0719002695419882,106.70000000031048,0.0719002695419882,-0.31425559176285606,0.13858885411580055,0.38615586130484425,2.786341396416947,long,False,0.11116625310219111,-0.26080586080539986,0.5311444652908173,-0.5454545454545602
SMA25/75/200|BB2.5|MTF1|TP20/SL10|TR0-0|short,960,-1.021275150569361,-0.08691859016508661,-1.3474459254499307,4,11,-40.49090909088397,-2.8009327554896952,-1.4573324917744566,0.9340509646564481,34.479166666666664,-0.4639583333330446,-445.3999999997228,-0.4639583333330446,-0.7149418416823184,0.3518825941484342,0.25098350834927385,0.7132592305585931,short,False,0.11226993865076985,-0.4730769230764672,-0.848290598290525,-1.0409638554216734
SMA25/75/200|BB2.5|MTF1|TP20/SL10|TR5-3|both,2916,-5.402241479108774,-4.058485502840802,-3.625055636799398,1,11,-198.2181818181537,-11.180388899006507,-5.778081635847861,0.7843238110311184,67.86694101508917,-0.7477366255142973,-2180.399999999691,-0.7477366255142973,-1.0622352127869403,0.07199052532926481,0.314498587272643,4.368610811411824,both,True,-0.730237825594453,-1.0319182389936072,-0.423146067415617,-0.991518737672495
SMA25/75/200|BB2.5|MTF1|TP20/SL10|TR5-3|long,1795,-3.9616173884386123,-3.396880401792646,-2.2844922747486014,1,11,-111.69999999998642,-8.624022212211395,-4.4505320628641485,0.7981303190615592,68.52367688022284,-0.6845125348188582,-1228.6999999998504,-0.6845125348188582,-1.0635014859365814,0.07199276987915294,0.37898895111772324,5.264264060875752,long,True,-0.8140243902437906,-0.991977077363796,-0.31158730158723225,-0.8817901234567423
SMA25/75/200|BB2.5|MTF1|TP20/SL10|TR5-3|short,1126,-3.7145009052044324,-2.5762721565535296,-2.6740248223292964,1,11,-85.80909090907645,-7.300278980817264,-4.108782354166814,0.7663151119033745,66.78507992895204,-0.8382770870336065,-943.8999999998409,-0.8382770870336065,-0.9374665906494155,0.16096675754213066,0.09918950361580903,0.616211105512563,short,True,-0.6628498727734282,-1.0051903114185785,-0.6739463601530417,-1.1857923497266145
SMA25/75/200|BB2.5|MTF1|TP10/SL20|TR0-0|both,2507,-2.7158624742448683,-0.9403086357370034,-2.834200848640149,2,11,-174.86363636369532,-5.586862443505209,-2.9305401552399757,0.8883885829672519,66.45392899880335,-0.7672516952535489,-1923.500000000647,-0.7672516952535489,-1.0562037964023443,0.1657888880191974,0.28895210114879544,1.742891846378368,both,False,-0.5000000000004742,-0.9290874524719509,-0.3198423127464597,-1.8273972602739146
SMA25/75/200|BB2.5|MTF1|TP10/SL20|TR0-0|long,1529,-1.9452082316836794,-1.5484062155141367,-1.216838156296633,2,11,-95.5545454545795,-4.261253077790799,-2.206070044922006,0.8991324875726547,66.71026814911707,-0.6874427730545282,-1051.1000000003735,-0.6874427730545282,-0.67180768807405,0.20634646697793282,-0.015635084980478164,-0.07577103310496815,long,False,-0.3462242562933866,-1.4106761565840886,-0.010760667903619243,-1.829411764705824
SMA25/75/200|BB2.5|MTF1|TP10/SL20|TR0-0|short,998,-2.0155268429814632,-0.8961960652745304,-1.955282540283452,3,11,-82.88181818184393,-3.8247777354178614,-2.334645859379317,0.8688918289280257,65.83166332665331,-0.9135270541084994,-911.7000000002824,-0.9135270541084994,-1.3794258819011127,0.2620062654506378,0.46589882779261327,1.7781972770433192,short,False,-0.8482954545459197,-0.38849206349254106,-0.9762114537445276,-1.758083832335275
SMA25/75/200|BB2.5|MTF1|TP10/SL20|TR5-3|both,2787,-4.036834385543081,-3.10173157578706,-2.629090640403231,2,11,-192.34545454547367,-8.383024451077867,-4.230971801335542,0.8028421003587338,81.3778256189451,-0.7591675636886295,-2115.8000000002103,-0.7591675636886295,-1.1544361044925373,0.17222473466452695,0.39526854080390783,2.2950741748787906,both,True,-0.6138533178115988,-1.2638795986623907,-0.4002366863904956,-1.0195876288659147
SMA25/75/200|BB2.5|MTF1|TP10/SL20|TR5-3|long,1712,-2.8886242685973533,-2.5649396812152445,-1.5580436806886933,2,11,-105.46363636364921,-6.387415135980009,-3.133522640071659,0.818796663646846,81.77570093457945,-0.6776285046729795,-1160.1000000001409,-0.6776285046729795,-1.0850803413576624,0.12928894612747294,0.4074518366846829,3.1514823880067375,long,True,-0.6532359081421518,-1.211314984709671,-0.08745819397994126,-1.29480519480514
SMA25/75/200|BB2.5|MTF1|TP10/SL20|TR5-3|short,1090,-2.9345790972561336,-1.8318137674266146,-2.3129586090527767,2,11,-90.3636363636431,-5.5965848061925,-3.1976379719405617,0.7744702091936092,80.45871559633028,-0.9119266055046551,-994.000000000074,-0.9119266055046551,-1.3236979007567684,0.2674970768535965,0.4117712952521133,1.5393487663324237,short,True,-0.7106493506495404,-1.2791366906476587,-1.093574297188616,-0.5196629213482377
SMA5/20/60|BB2.5|MTF0|TP20/SL20|TR0-0|both,697,-0.7315821695636507,-0.8367629628714943,-0.22255324119535452,5,11,-34.136363636365516,-1.8201594799315135,-1.0896310806115337,0.9464351944309679,50.78909612625539,-0.5387374461980201,-375.50000000002,-0.5387374461980201,-0.5751069748026187,1.3450273153053123,0.03636952860459863,0.027039992564272194,both,False,0.6328282828282917,-3.465333333333403,1.127053140096538,-1.5091549295774285
SMA5/20/60|BB2.5|MTF0|TP20/SL20|TR0-0|long,419,-0.33327116364293313,-0.8518306471000512,0.30853544356443996,6,11,-12.354545454547337,-1.1581355875022301,-0.7813410422131715,0.9673889568785486,51.07398568019092,-0.32434367541770975,-135.90000000002038,-0.32434367541770975,-1.0609762469347612,0.7658244200238525,0.7366325715170514,0.9618817998701427,long,False,0.7375000000000033,-4.49166666666675,2.0275362318839454,-1.2376344086021314
SMA5/20/60|BB2.5|MTF0|TP20/SL20|TR0-0|short,315,-1.4153955685119912,-0.44974347238890827,-1.5445571029942595,3,11,-44.56363636363656,-2.143498554126656,-1.7846915318193721,0.8525226390685614,48.25396825396825,-1.5561904761904821,-490.20000000000186,-1.5561904761904821,-0.9320059889478092,0.6052992827246416,-0.624184487242673,-1.0311997801038573,short,False,-0.38679245283018654,-3.5723684210527065,-2.0013157894736238,-0.44912280701756413
SMA5/20/60|BB2.5|MTF0|TP20/SL20|TR5-3|both,768,-1.388703002658236,-1.7683543442132246,-0.21987561433134822,5,11,-39.75454545455037,-3.3422665000619554,-1.7552141780736032,0.8733785035904388,78.25520833333334,-0.5694010416667367,-437.3000000000538,-0.5694010416667367,-1.0221566295417266,0.3312843636229174,0.45275558787498993,1.3666675448357004,both,True,-0.5755760368665255,-1.8161676646707967,0.2725225225225232,-0.429629629629598
SMA5/20/60|BB2.5|MTF0|TP20/SL20|TR5-3|long,445,-0.3744512236736399,-0.7439646535039591,0.1760096600513254,4,11,-7.772727272731172,-1.9375521692570672,-0.8326824747506,0.9538336933045115,79.7752808988764,-0.1921348314607702,-85.50000000004275,-0.1921348314607702,-1.0881865253075842,0.5396886712205702,0.8960516938468139,1.660312216338146,long,True,-0.09252336448614884,-1.9076923076924286,1.1110344827585035,-0.6186274509803618
SMA5/20/60|BB2.5|MTF0|TP20/SL20|TR5-3|short,334,-1.6767987524963905,-1.2998159450938438,-1.0696105246227383,4,11,-32.74545454545565,-2.916709228669669,-2.0632749850316916,0.7807935735150825,76.34730538922156,-1.078443113772491,-360.200000000012,-1.078443113772491,-1.393526343203319,0.5057006740572353,0.3150832294308279,0.6230627040753494,short,True,-1.0250000000001673,-1.5658227848102755,-1.5564102564100237,0.062295081967229785
SMA5/20/60|BB2.5|MTF0|TP15/SL15|TR0-0|both,718,-1.7665991060422443,-1.318733097409997,-1.1799269467377418,3,11,-64.46363636363714,-3.1968083125983937,-2.1234763990213597,0.8759056385845818,49.30362116991643,-0.9876044568245238,-709.1000000000081,-0.9876044568245238,-0.7542084280965613,0.27850672215933914,-0.2333960287279625,-0.8380265543265131,both,False,-0.997058823529433,-1.5064516129032526,0.11549295774651368,-2.032876712328814
SMA5/20/60|BB2.5|MTF0|TP15/SL15|TR0-0|long,427,-1.7352213577648017,-1.2885340794766935,-1.168472289021017,3,11,-49.200000000000884,-2.834571192331777,-2.1534271839197174,0.8433483848558552,48.24355971896955,-1.2674473067915912,-541.2000000000095,-1.2674473067915912,-0.2112064574845617,0.9232132459039797,-1.0562408493070294,-1.1440919570784467,long,False,-0.658095238095251,-2.7482758620690397,-0.05531914893614207,-2.3957446808511254
SMA5/20/60|BB2.5|MTF0|TP15/SL15|TR0-0|short,319,-0.8858327508705013,-0.49360691233784637,-0.7646978828028981,3,11,-21.481818181818262,-1.8419134819849647,-1.227790939548096,0.9054118965655302,50.15673981191222,-0.7407523510971809,-236.3000000000007,-0.7407523510971809,-1.0030317107639308,0.5241856369920169,0.26227935966675,0.50035586852744,short,False,-1.0302752293578152,-0.61578947368421,-0.215584415584393,-1.0631578947368523
SMA5/20/60|BB2.5|MTF0|TP15/SL15|TR5-3|both,773,-2.5100370299448955,-2.454810968352999,-1.1398388447132317,2,11,-60.87272727274099,-4.829739522091287,-2.88308511135664,0.7982403278292977,72.70375161707634,-0.8662354463132609,-669.6000000001507,-0.8662354463132609,-1.211376774644486,0.38767464113630956,0.345141328331225,0.8902860587413829,both,True,-1.064220183486444,-1.5000000000002076,-0.3484304932736996,-0.6475308641977504
SMA5/20/60|BB2.5|MTF0|TP15/SL15|TR5-3|long,447,-1.4265132687247046,-1.4657084083313987,-0.5969366902154133,3,11,-25.55454545455476,-3.2482089749545637,-1.8661553384251552,0.8453625261304364,74.04921700223713,-0.6288590604029134,-281.1000000001023,-0.6288590604029134,-1.006447171512299,0.4522889732190348,0.3775881111093855,0.8348381974073176,long,True,-0.5831775700936578,-1.8344086021507562,0.3103448275859712,-0.912745098039475
SMA5/20/60|BB2.5|MTF0|TP15/SL15|TR5-3|short,334,-2.082494459292905,-1.8698813780554047,-1.0731017503182865,3,11,-34.13636363636828,-3.5571626587378833,-2.417432564534684,0.7524393459915368,71.25748502994011,-1.1242514970061406,-375.500000000051,-1.1242514970061406,-1.055500127741928,0.5729434952587447,-0.06875136926421255,-0.11999677076910355,short,True,-1.4741379310347003,-1.01645569620272,-1.573076923076934,-0.02459016393459111
SMA5/20/60|BB2.5|MTF0|TP30/SL30|TR0-0|both,656,0.761560439675417,0.23330506470788998,0.802782700047916,7,11,50.34545454545723,0.039894739271759405,0.4482076378868164,1.063657367495433,53.20121951219512,0.8442073170732161,553.8000000000297,0.8442073170732161,-0.6982443710846431,0.9774571662188168,1.5424516881578592,1.5780248398246033,both,False,1.7266666666666355,-2.322142857142858,1.9060000000001092,1.3742647058824524
SMA5/20/60|BB2.5|MTF0|TP30/SL30|TR0-0|long,405,1.2833354973820381,-0.030872044647829066,1.6894082940233737,7,11,67.25454545454794,0.7227495065432633,0.9029200691491065,1.1417105641222132,54.32098765432099,1.826666666666734,739.8000000000272,1.826666666666734,0.5811593197171045,1.0650047253290522,1.2455073469496294,1.169485277696592,long,False,2.9275510204081097,-4.417073170731718,3.6932835820896894,3.518681318681482
SMA5/20/60|BB2.5|MTF0|TP30/SL30|TR0-0|short,303,-1.529158631003167,-0.6229357175256439,-1.5126271650755898,3,11,-67.14545454545433,-2.030267183772937,-1.8659394187344442,0.8344540075309327,48.18481848184818,-2.43762376237623,-738.5999999999976,-2.43762376237623,-1.570025022790205,1.304018388711016,-0.867598739586025,-0.6653270744468726,short,False,-1.6910891089108977,-2.766666666666623,-3.611999999999993,-1.7763636363636481
SMA5/20/60|BB2.5|MTF0|TP30/SL30|TR5-3|both,764,-0.2716087007611434,-0.7647361498882591,0.3570569821365225,6,11,-9.663636363649102,-1.8351292806052282,-0.6073785392433061,0.9701051802688174,84.29319371727748,-0.13913612565463324,-106.30000000013979,-0.13913612565463324,-0.6153553765116413,0.2886737218671312,0.47621925085700806,1.649679949310381,both,True,-0.08186046511637925,-1.6427710843374104,0.4733031674205803,0.49012345678977465
SMA5/20/60|BB2.5|MTF0|TP30/SL30|TR5-3|long,445,0.793938092745099,-0.48530934556096783,1.5775059108895402,6,11,20.71818181817327,-0.4475127846634062,0.363102874992307,1.125904646152093,86.06741573033709,0.5121348314604635,227.89999999990624,0.5121348314604635,-1.0650272796423983,0.7023372478013962,1.5771621111028618,2.245590869685506,long,True,0.28971962616810254,-2.22637362637366,2.167586206896246,0.835294117646731
SMA5/20/60|BB2.5|MTF0|TP30/SL30|TR5-3|short,333,-1.2991840662349838,-0.5382200339397465,-1.2731833796010086,5,11,-31.55454545455,-2.295459895768473,-1.6905055131059832,0.8079455541415117,81.98198198198197,-1.042342342342492,-347.1000000000498,-1.042342342342492,-1.242930853622814,0.8341428673287364,0.20058851128032207,0.2404726086344031,short,True,-0.4655172413794031,-0.7227848101266632,-3.123376623376737,0.07377049180288474
SMA5/20/60|BB2.5|MTF0|TP20/SL10|TR0-0|both,735,-2.04066004319196,-1.6722762414335157,-1.2287948451529307,3,11,-68.93636363634627,-3.6216808115451493,-2.4926046074656236,0.8572907256850633,32.7891156462585,-1.0317006802718482,-758.2999999998085,-1.0317006802718482,-0.4810258133243783,0.4110537898262385,-0.5506748669474699,-1.3396661959502971,both,False,-0.4178403755863976,-2.5759493670881386,-0.10420560747657355,-1.5999999999999546
SMA5/20/60|BB2.5|MTF0|TP20/SL10|TR0-0|long,430,-1.1518703268102002,-1.9379889596923014,0.18016818174548038,3,11,-30.690909090900785,-2.331435061242131,-1.7136842841599698,0.8899321857068577,33.48837209302326,-0.785116279069554,-337.5999999999082,-0.785116279069554,-0.5290109824546811,0.35945908046557795,-0.2561052966148728,-0.7124741327529146,long,False,-1.116037735848595,-3.1629213483141374,0.8326241134751923,-0.5872340425532037
SMA5/20/60|BB2.5|MTF0|TP20/SL10|TR0-0|short,324,-1.8865261404248284,0.006036743939843268,-2.8215172227764884,3,11,-42.445454545444996,-2.9307251320765566,-2.345866948081644,0.8045298501214436,31.48148148148148,-1.4410493827157245,-466.8999999998947,-1.4410493827157245,-1.4264416780452605,0.6965810239925928,-0.014607704670464017,-0.020970575090801424,short,False,0.21681415929248948,-2.1328947368416453,-2.264473684210358,-2.664406779660912
SMA5/20/60|BB2.5|MTF0|TP20/SL10|TR5-3|both,783,-2.8378353228238122,-2.283091583923185,-1.776096802293757,4,11,-61.22727272726581,-5.466345958593648,-3.352195436162159,0.7850165985699827,62.83524904214559,-0.8601532567048835,-673.4999999999238,-0.8601532567048835,-1.3115540506792494,0.29672840762598734,0.45140079397436583,1.5212591122833645,both,True,-0.9097345132742192,-1.2070588235292656,-0.5704035874438702,-0.8262195121950742
SMA5/20/60|BB2.5|MTF0|TP20/SL10|TR5-3|long,448,-1.594730416141481,-1.2080651826140434,-1.0633563676241096,3,11,-25.772727272725774,-3.6168495515130696,-2.176587088010534,0.8349825378346926,64.28571428571429,-0.632812499999963,-283.49999999998346,-0.632812499999963,-1.0797525677867676,0.21946642214870307,0.4469400677868046,2.0364849593436807,long,True,-0.4831775700933659,-1.2967741935482533,-0.050344827586244215,-1.0087378640776734
SMA5/20/60|BB2.5|MTF0|TP20/SL10|TR5-3|short,338,-2.438561511309319,-1.6177354572891993,-1.8228305022754765,3,11,-34.59090909090367,-4.156745530798947,-2.944965121275288,0.7310573932711624,61.24260355029586,-1.1257396449702377,-380.4999999999403,-1.1257396449702377,-1.1615649984289385,0.49841529952430247,0.03582535345870075,0.0718785187631543,short,True,-1.2374999999998628,-1.0189873417719926,-1.5371794871791995,-0.5180327868851115
SMA5/20/60|BB2.5|MTF0|TP10/SL20|TR0-0|both,735,-1.97798909732077,-0.8302024050822431,-1.9459057712349759,2,11,-68.39090909092542,-3.5270080057255675,-2.2149991998406815,0.8550705093626815,65.71428571428571,-1.0235374149662302,-752.3000000001791,-1.0235374149662302,-1.0084733084079278,0.42655376943677037,-0.01506410655830237,-0.035315844420255156,both,False,0.02403846153797618,-1.90503144654134,-1.168663594470091,-1.329801324503282
SMA5/20/60|BB2.5|MTF0|TP10/SL20|TR0-0|long,434,-1.4233411483337788,-0.5550995143482443,-1.420534242072557,4,11,-37.33636363637249,-2.6312006312971534,-1.7364900197541884,0.8649856997271094,65.89861751152074,-0.9463133640555234,-410.70000000009713,-0.9463133640555234,-0.7470735885690992,0.5910745626791831,-0.19923977548642413,-0.33708061227220376,long,False,0.2990566037730948,-2.2942528735636736,-0.6601398601399278,-1.5142857142856747
SMA5/20/60|BB2.5|MTF0|TP10/SL20|TR0-0|short,325,-1.4130208068276444,-0.723941120015012,-1.2761469902493099,4,11,-32.800000000008374,-2.4314048556289314,-1.6440198789982734,0.8441670625836409,65.53846153846153,-1.1101538461541287,-360.8000000000918,-1.1101538461541287,-1.498532762746699,0.7869909075811419,0.3883789165925704,0.49349860697409265,short,False,-0.5756756756761526,-1.7705128205132836,-2.0987012987013,0.04745762711859566
SMA5/20/60|BB2.5|MTF0|TP10/SL20|TR5-3|both,768,-2.834784564581123,-2.681156194111139,-1.3339924904141736,3,11,-75.69090909091675,-4.926278329330679,-3.0435716695294173,0.7589182302524617,78.25520833333334,-1.0841145833334427,-832.600000000084,-1.0841145833334427,-1.1579224451240617,0.25339036898438216,0.07380786179061904,0.29128124358652413,both,True,-1.102304147465676,-2.112574850299602,-0.33963963963966254,-1.0197530864197148
SMA5/20/60|BB2.5|MTF0|TP10/SL20|TR5-3|long,445,-1.4883592124458613,-1.3532740096060771,-0.7641533987442527,3,11,-28.727272727277466,-3.167796115218253,-1.7704647396645254,0.8293736501079597,79.7752808988764,-0.7101123595506788,-316.00000000005207,-0.7101123595506788,-1.1441904761224757,0.4670172663123216,0.43407811657179696,0.9294690965055319,long,True,-0.5299065420563124,-2.236263736263927,0.4193103448274786,-1.1431372549018994
SMA5/20/60|BB2.5|MTF0|TP10/SL20|TR5-3|short,334,-2.587144905592922,-1.9877657025225623,-1.6685647073636907,4,11,-47.827272727275684,-3.8918977127200938,-2.8403654043296473,0.6798320350535302,76.34730538922156,-1.5751497005989,-526.1000000000325,-1.5751497005989,-1.5788816274915831,0.495306390756804,0.0037319268926832017,0.007534582558042507,short,True,-1.606896551724377,-1.8139240506331127,-2.0128205128203653,-0.6459016393442721
SMA5/20/60|BB3.0|MTF0|TP20/SL20|TR0-0|both,390,-0.9140054144638619,-1.631403869777337,0.26045922784097153,5,11,-31.93636363636574,-1.7267620365683942,-1.2929488122760955,0.9112968387031537,50.256410256410255,-0.9007692307692895,-351.3000000000229,-0.9007692307692895,-0.9353898204533133,0.9514805311837629,0.03462058968402382,0.036386020049145304,both,False,-0.3096153846153934,-4.494252873563315,1.652100840335996,-1.5587499999999639
SMA5/20/60|BB3.0|MTF0|TP20/SL20|TR0-0|long,229,-0.026745514262501654,-0.331039847588199,0.2609205523459612,5,11,-0.7181818181833819,-0.6481043313860068,-0.5004297468141397,0.9964285714285634,51.96506550218341,-0.034497816593960645,-7.900000000016988,-0.034497816593960645,-0.1311401424065241,1.0413809650897259,0.09664232581256346,0.09280208593426395,long,False,1.6196078431372718,-4.96744186046522,3.0024390243900294,-2.3226415094338853
SMA5/20/60|BB3.0|MTF0|TP20/SL20|TR0-0|short,171,-1.9550618242068862,-1.66999529657723,-1.0913952089125454,5,11,-45.081818181818655,-2.4922400699624694,-2.308078452377975,0.7417322014478364,45.614035087719294,-2.9000000000000297,-495.9000000000051,-2.9000000000000297,-1.1530933868929123,1.4524501823487341,-1.7469066131071174,-1.2027308298328157,short,False,-2.7719298245614454,-5.106250000000103,-1.8526315789473091,-0.8000000000000004
SMA5/20/60|BB3.0|MTF0|TP20/SL20|TR5-3|both,413,-1.2293278572269077,-2.553594037347068,0.78111771323582,4,11,-26.818181818185327,-2.6002154795774035,-1.640848550945384,0.8507689194657815,76.75544794188862,-0.7142857142858073,-295.0000000000384,-0.7142857142858073,-1.1969607939490086,0.45494261168640643,0.4826750796632012,1.0609581676115027,both,True,-1.640540540540727,-2.7714285714287086,1.6471999999999183,-0.7744186046511067
SMA5/20/60|BB3.0|MTF0|TP20/SL20|TR5-3|long,242,0.4046798909451212,0.1605384766375992,0.40468173500543786,5,11,6.1999999999985285,-0.7438455934191543,-0.05972245654657532,1.0697056418642537,80.16528925619835,0.2818181818181153,68.1999999999839,0.2818181818181153,-1.1438137480252197,0.5742887202547934,1.425631929843335,2.4824306652076125,long,True,0.7403846153844549,-2.350000000000079,2.7379310344825813,-1.7614035087717337
SMA5/20/60|BB3.0|MTF0|TP20/SL20|TR5-3|short,176,-2.0875507251527017,-2.8316591679465515,-0.17163276754820464,6,11,-31.972727272729433,-2.909709067186313,-2.535216641775012,0.6477363782051024,72.72727272727273,-1.9982954545455884,-351.7000000000236,-1.9982954545455884,-1.4097764762639478,0.8114297661476215,-0.5885189782816407,-0.7252864053480789,short,True,-3.4370967741937637,-2.980851063829981,-0.849999999999865,1.1655172413790902
SMA5/20/60|BB3.0|MTF0|TP15/SL15|TR0-0|both,395,-2.123790197230602,-2.4735059585981274,-0.544477007074612,4,11,-57.01818181818308,-3.190814380332974,-2.5162544598958365,0.807660461835692,47.34177215189874,-1.5878481012658574,-627.2000000000137,-1.5878481012658574,-1.1503541332155265,0.692143974302374,-0.4374939680503309,-0.6320852081263729,both,False,-2.5448598130841957,-2.8965909090909885,0.45000000000004725,-1.925000000000043
SMA5/20/60|BB3.0|MTF0|TP15/SL15|TR0-0|long,230,-1.5906067711796055,-1.193713044611077,-1.0562519111387978,3,11,-31.8272727272734,-2.427451200482015,-2.0456442150172336,0.8143985580236465,47.391304347826086,-1.5221739130435095,-350.1000000000072,-1.5221739130435095,-0.552726671599643,0.877729288526873,-0.9694472414438665,-1.1044945794972014,long,False,-1.321568627451019,-3.3465116279070735,0.10361445783135918,-2.7811320754717737
SMA5/20/60|BB3.0|MTF0|TP15/SL15|TR0-0|short,172,-1.6487747968477615,-2.383553223150364,0.050384212722167546,3,11,-29.79090909090984,-2.338254656765639,-2.0632183316418407,0.7745597138139815,46.51162790697674,-1.9052325581395824,-327.7000000000082,-1.9052325581395824,-1.3781622406217882,1.0519947542266912,-0.5270703175177942,-0.501019910413182,short,False,-3.7677966101696208,-2.395744680851124,0.7789473684211118,-0.8000000000000004
SMA5/20/60|BB3.0|MTF0|TP15/SL15|TR5-3|both,415,-1.7204710948825934,-3.1656275459885674,0.6552022609551322,3,11,-30.645454545462062,-3.4019232846281486,-2.107091364700237,0.814556056771883,72.04819277108435,-0.8122891566267051,-337.1000000000826,-0.8122891566267051,-0.9868409620954981,0.2040247702491355,0.174551805468793,0.8555422229156149,both,True,-2.1750000000002343,-2.045652173913261,1.008799999999849,-0.3651162790699716
SMA5/20/60|BB3.0|MTF0|TP15/SL15|TR5-3|long,242,-0.2160738572011955,-0.3405194276212385,0.026813693775910055,3,11,-2.727272727276778,-1.6085912026968376,-0.6040720554310183,0.9678456591639409,75.20661157024794,-0.12396694214894416,-30.000000000044487,-0.12396694214894416,-0.8922027336457548,0.505451185037806,0.7682357914968105,1.5199010591682542,long,True,-0.4423076923078701,-2.021739130434963,1.6712643678158852,-1.0421052631580536
SMA5/20/60|BB3.0|MTF0|TP15/SL15|TR5-3|short,176,-2.1507378454092727,-3.1370299687059084,0.06170533540243288,4,11,-27.27272727273089,-3.1449008653716186,-2.591893920971706,0.660940325497255,68.18181818181817,-1.70454545454568,-300.0000000000397,-1.70454545454568,-1.3748117553638814,0.6176159726409771,-0.3297336991817985,-0.5338814308377257,short,True,-3.4774193548390033,-1.9808510638300436,-0.5078947368421319,0.9655172413790174
SMA5/20/60|BB3.0|MTF0|TP30/SL30|TR0-0|both,377,0.9493899405118774,0.01185560151863033,1.2560842896126239,7,11,47.272727272729384,0.39874080646625326,0.5901739501884721,1.1068727392305195,54.907161803713535,1.3793103448276478,520.0000000000232,1.3793103448276478,-0.5522286377439267,2.058117834274005,1.9315389825715745,0.9384977625700032,both,False,3.1278350515463345,-3.459302325581387,2.508620689655325,2.8602564102565418
SMA5/20/60|BB3.0|MTF0|TP30/SL30|TR0-0|long,226,1.4934521443565407,0.478018757132978,1.5477572504626294,8,11,58.20909090909268,1.073073708373807,1.0561962323938903,1.23014161454964,56.19469026548673,2.833185840708052,640.3000000000197,2.833185840708052,-0.29114916137219055,1.7820218496431781,3.1243350020802425,1.7532529147753388,long,False,6.463999999999925,-4.151162790697681,3.7337500000001898,3.7150943396228007
SMA5/20/60|BB3.0|MTF0|TP30/SL30|TR0-0|short,167,-0.96454197244847,-0.7766558793278782,-0.5912250620192784,5,11,-31.13636363636351,-1.339632050135129,-1.2259608247232925,0.8571488154821503,50.29940119760479,-2.0508982035928054,-342.4999999999985,-2.0508982035928054,-2.8568517562644486,1.7779468054293772,0.8059535526716433,0.45330577394693433,short,False,-0.9314814814815304,-3.906249999999971,-2.6621621621621054,-0.22142857142855085
SMA5/20/60|BB3.0|MTF0|TP30/SL30|TR5-3|both,409,-0.19180473618256966,-1.3842031481449333,1.0655797590899496,6,11,-5.11818181818903,-1.3064665776097386,-0.56155311141268,0.971215297305548,83.61858190709046,-0.13765281173613467,-56.30000000007908,-0.13765281173613467,-0.7027665004442565,0.450917257676266,0.5651136887081218,1.253253627107443,both,True,-0.6834862385322049,-2.3322222222222595,1.3911290322578114,0.6465116279065801
SMA5/20/60|BB3.0|MTF0|TP30/SL30|TR5-3|long,242,1.129798536254989,0.5178598818522054,1.060334407145679,5,11,21.699999999995544,0.2138061712224177,0.6832048379100804,1.2492429779679939,85.9504132231405,0.986363636363434,238.69999999995105,0.986363636363434,-0.8425699312504584,1.0678404269042003,1.8289335676138925,1.712740519588862,long,True,1.4980769230768007,-2.0391304347825936,2.974712643677873,-0.07368421052663758
SMA5/20/60|BB3.0|MTF0|TP30/SL30|TR5-3|short,175,-1.3090177272784151,-1.819487870157457,-0.0987708024136821,4,11,-24.363636363639344,-1.9897587422565246,-1.7854691252813242,0.7315167301141746,81.14285714285714,-1.5314285714287588,-268.0000000000328,-1.5314285714287588,-0.8409084539920352,1.035619494801582,-0.6905201174367236,-0.6667701032115302,short,True,-2.2000000000001076,-2.2361702127660417,-2.3324324324326056,2.0620689655166964
SMA5/20/60|BB3.0|MTF0|TP20/SL10|TR0-0|both,404,-2.2488633430392593,-3.0091140116668824,-0.35035955666327484,5,11,-57.00909090908203,-3.4071045487402074,-2.8591153874013813,0.7900779968533678,31.18811881188119,-1.552227722772035,-627.0999999999021,-1.552227722772035,-0.5947221733019278,0.6333756060191282,-0.9575055494701071,-1.5117499637982428,both,False,-2.0955357142852393,-4.028888888888421,0.7851239669421423,-1.5407407407406986
SMA5/20/60|BB3.0|MTF0|TP20/SL10|TR0-0|long,232,-1.132353024954728,-1.825696973133706,0.09787485005654922,5,11,-22.190909090905304,-1.997808723916043,-1.898021316154793,0.8538060729472537,32.758620689655174,-1.052155172413613,-244.0999999999582,-1.052155172413613,-0.08138783280475237,0.726757075233946,-0.9707673396088605,-1.3357521690399323,long,False,-1.569230769230289,-5.5795454545449905,1.3903614457830955,-0.6113207547169921
SMA5/20/60|BB3.0|MTF0|TP20/SL10|TR0-0|short,176,-2.1912280374222006,-1.5975303954432751,-1.4909268042137198,4,11,-36.01818181817656,-2.9659494354174254,-2.7292371376277242,0.706518518518546,28.97727272727273,-2.251136363636034,-396.199999999942,-2.251136363636034,-0.7046519438994949,1.183954228499517,-1.546484419736539,-1.3062028771977732,short,False,-2.333870967741469,-2.7212765957442095,-0.5368421052630987,-3.5586206896550183
SMA5/20/60|BB3.0|MTF0|TP20/SL10|TR5-3|both,419,-2.1407696901346394,-3.3828636447350746,0.0365918988216221,3,11,-34.27272727272412,-4.0300360911782365,-2.70977879736684,0.783283513451377,61.336515513126486,-0.8997613365154301,-376.9999999999652,-0.8997613365154301,-1.1707657803954832,0.3599495287313117,0.27100444388005307,0.7528956763334099,both,True,-1.8862068965515821,-2.007608695651994,0.539999999999975,-0.4767441860464555
SMA5/20/60|BB3.0|MTF0|TP20/SL10|TR5-3|long,242,-1.0564393833230656,-0.6070221537568871,-0.8726956487160445,4,11,-12.418181818180726,-2.552149953754136,-1.5992207370089047,0.8563919259882308,63.22314049586777,-0.5644628099173057,-136.59999999998797,-0.5644628099173057,-1.2299456054376476,0.44115659812022556,0.665482795520342,1.5084956189162158,long,True,-0.7942307692306325,-1.713043478260657,0.5252873563217151,-1.0912280701753339
SMA5/20/60|BB3.0|MTF0|TP20/SL10|TR5-3|short,178,-2.0205001246812735,-3.353890042559736,0.14469237337239557,4,11,-21.66363636363434,-3.2118790178372305,-2.699021320292491,0.6977422628107688,58.98876404494382,-1.3387640449436944,-238.29999999997762,-1.3387640449436944,-1.544680875557474,0.4288095047933581,0.20591683061377952,0.4802058450476982,short,True,-2.7734374999998535,-2.208510638297734,0.5736842105265171,0.7310344827585802
SMA5/20/60|BB3.0|MTF0|TP10/SL20|TR0-0|both,399,-1.969335476469683,-1.6832032927854372,-1.1021016147329168,2,11,-50.9090909090996,-3.088065091055519,-2.218802402631843,0.8081731922035745,64.41102756892231,-1.4035087719300636,-560.0000000000954,-1.4035087719300636,-1.0113485216663893,0.6190491379360984,-0.3921602502636743,-0.6334880807218816,both,False,-1.0367924528306625,-2.6829545454549932,-0.7173553719009017,-1.5142857142856743
SMA5/20/60|BB3.0|MTF0|TP10/SL20|TR0-0|long,234,-1.0758929487597326,-0.4790340379974259,-1.019479712718958,4,11,-20.654545454549783,-1.961888264572808,-1.4064143987344078,0.8618004866179728,65.8119658119658,-0.9709401709403741,-227.20000000004754,-0.9709401709403741,-0.5829371899886429,0.8513619733176774,-0.38800298095173125,-0.45574384704982795,long,False,0.3764705882348083,-1.9363636363640888,0.2714285714284423,-3.3454545454544022
SMA5/20/60|BB3.0|MTF0|TP10/SL20|TR0-0|short,174,-1.7495106958101156,-2.1423393575115046,-0.2958421943847191,6,11,-30.909090909095664,-2.461145141117753,-2.0691391433993442,0.745832398893583,62.643678160919535,-1.9540229885060463,-340.00000000005207,-1.9540229885060463,-1.2414905087027084,0.9022547757813425,-0.7125324798033379,-0.789724254090307,short,False,-2.5813559322038517,-3.0020833333337826,-2.6421052631578648,1.9586206896550145
SMA5/20/60|BB3.0|MTF0|TP10/SL20|TR5-3|both,413,-2.350775730159667,-3.0344999954119323,-0.2483347294336014,3,11,-47.67272727273203,-3.818892557480881,-2.6300814425167416,0.7347227842978248,76.75544794188862,-1.269733656174461,-524.4000000000524,-1.269733656174461,-1.4611420207264387,0.5421256984773003,0.19140836455197774,0.35307008151356306,both,True,-2.0387387387390086,-2.92967032967052,0.7927999999999088,-1.518604651162719
SMA5/20/60|BB3.0|MTF0|TP10/SL20|TR5-3|long,242,-0.4954997978383328,-0.27866915596334835,-0.418664587235084,4,11,-7.02727272727509,-1.7333790778602474,-0.8407365520684646,0.9209934587080666,80.16528925619835,-0.3194214876034128,-77.3000000000259,-0.3194214876034128,-1.0959716909148458,0.6482542434715258,0.776550203311433,1.1979099421746284,long,True,0.14038461538432226,-2.628260869565389,1.8885057471262874,-2.2456140350875415
SMA5/20/60|BB3.0|MTF0|TP10/SL20|TR5-3|short,176,-2.736274057617447,-2.9865771587103795,-0.8479002691554042,4,11,-39.60000000000253,-3.6009064328319376,-3.003461645559393,0.5637019230768926,72.72727272727273,-2.4750000000001577,-435.60000000002776,-2.4750000000001577,-1.673380586883966,0.6522800985263087,-0.8016194131161918,-1.228949671969579,short,True,-3.646774193548641,-3.014893617021482,-1.7157894736841706,-0.08965517241393024
SMA25/75/200|BB2.5|MTF0|TP20/SL20|TR0-0|both,2777,-0.007900580609838488,0.23020848285239606,-0.21688759301008415,5,11,-0.7454545454556503,-2.154223233860356,-0.269960106373559,0.9996989953050602,51.8905293482175,-0.0029528267915052498,-8.200000000010078,-0.0029528267915052498,-0.6829974844427122,0.16206534091604777,0.680044657651207,4.1961140723079104,both,False,0.3218859138533294,-0.27462121212120955,0.49106933019973104,-1.0345083487940492
SMA25/75/200|BB2.5|MTF0|TP20/SL20|TR0-0|long,1681,0.5522731647833506,0.4216663958406356,0.3635361449992939,6,11,39.80909090908922,-1.1532143319435522,0.21749352334678382,1.0269322787573871,52.76621058893516,0.260499702557991,437.8999999999828,0.260499702557991,-0.1122829901975186,0.1821396842520861,0.37278269275550957,2.046685730714063,long,False,0.5084677419354915,0.22026578073090558,0.8235611510790831,-1.0320121951219328
SMA25/75/200|BB2.5|MTF0|TP20/SL20|TR0-0|short,1246,-0.2631144138513025,0.12360012134461022,-0.48789007121347766,6,11,-16.87272727272689,-1.6888941420745118,-0.57135416825713,0.9848614611626332,51.36436597110754,-0.1489566613162078,-185.5999999999949,-0.1489566613162078,-1.0149719612441763,0.32549848581790725,0.8660152999279686,2.660581654479466,short,False,0.3043165467626077,-0.3273684210526287,-0.31097178683385535,-0.5333333333333482
SMA25/75/200|BB2.5|MTF0|TP20/SL20|TR5-3|both,3613,-3.4671834139551567,-3.1394250247112097,-1.8242617301960327,2,11,-194.35454545455258,-8.219643271444445,-3.731761475802877,0.850591581580944,80.8746194298367,-0.5917243288126425,-2137.9000000000774,-0.5917243288126425,-1.0526916126518098,0.12702490123916255,0.4609672838391673,3.628952113658863,both,True,-0.6998239436621079,-0.8924932975872606,-0.30649717514114533,-0.5255605381164882
SMA25/75/200|BB2.5|MTF0|TP20/SL20|TR5-3|long,2166,-2.256934231260417,-2.32586417381811,-0.928520784611456,2,11,-96.05454545455363,-6.037342228069062,-2.5684516580517767,0.8719800324714533,81.48661126500461,-0.487811634349072,-1056.60000000009,-0.487811634349072,-1.0020188171358766,0.14804563897548997,0.5142071827868047,3.4733017895375857,long,True,-0.6647058823530747,-0.8309692671396208,0.15457142857146738,-0.9545893719806113
SMA25/75/200|BB2.5|MTF0|TP20/SL20|TR5-3|short,1539,-2.537930393562574,-1.8447211122715392,-1.74447893274275,3,11,-97.2090909090908,-5.539900740991336,-2.875513504984788,0.8313885647607913,80.11695906432749,-0.6948018193632218,-1069.2999999999984,-0.6948018193632218,-1.0830091294897006,0.2232062896409533,0.3882073101264788,1.7392310528119257,short,True,-0.6198884758365618,-1.0421621621622892,-1.0796195652171892,0.1790874524716519
SMA25/75/200|BB2.5|MTF0|TP15/SL15|TR0-0|both,3128,-0.8166441158942493,0.1229172256016996,-1.2132141040380475,3,11,-61.445454545448705,-3.8472512961358305,-1.086245022749723,0.9713722998729388,51.790281329923275,-0.21608056265982506,-675.8999999999328,-0.21608056265982506,-0.7752270687041489,0.12599198945489978,0.5591465060443239,4.437952829092175,both,False,0.1796938775510567,-0.3343450479233082,0.08569903948776077,-1.2358974358974524
SMA25/75/200|BB2.5|MTF0|TP15/SL15|TR0-0|long,1864,-0.43693939049443714,0.23324432988355184,-0.8059849577661929,6,11,-25.33636363635962,-2.8041826422878695,-0.7857781441998937,0.9801196955538629,52.03862660944206,-0.14951716738194976,-278.69999999995434,-0.14951716738194976,-0.42116997028868636,0.2383600474895557,0.2716528029067366,1.1396742271526847,long,False,0.31254545454549554,-0.33420289855070856,0.23403908794792253,-1.3492957746479084
SMA25/75/200|BB2.5|MTF0|TP15/SL15|TR0-0|short,1353,-0.682219041556786,0.2011891108592921,-1.1389671348342012,4,11,-33.24545454545217,-2.724122390236936,-0.9889306952184028,0.964177613212264,51.5890613451589,-0.2702882483370089,-365.699999999973,-0.2702882483370089,-1.1409739082613424,0.22892882006812146,0.8706856599243336,3.803302964062135,short,False,-0.033405172413764804,0.010126582278512816,-0.35089820359279744,-0.9882845188284594
SMA25/75/200|BB2.5|MTF0|TP15/SL15|TR5-3|both,3699,-4.191570464358767,-3.7442779211572965,-2.2645524377199244,2,11,-202.09090909096824,-9.834307375677758,-4.456066196625716,0.8360510653361528,76.77750743444174,-0.6009732360099082,-2223.0000000006503,-0.6009732360099082,-1.079812007617511,0.09785475352538354,0.4788387716076029,4.89336240046215,both,True,-0.717428817946699,-0.9019255455714364,-0.27541589648812853,-0.5756995581739658
SMA25/75/200|BB2.5|MTF0|TP15/SL15|TR5-3|long,2197,-2.7838548190631984,-2.8955148359371137,-1.175740659504176,2,11,-101.85454545458491,-7.242061885301877,-3.102584232157737,0.8561598110203368,77.46927628584433,-0.5099681383707028,-1120.400000000434,-0.5099681383707028,-1.0882486640549094,0.07010262234590794,0.5782805256842066,8.249056972944496,long,True,-0.6502354788070982,-0.8948717948719994,0.06292134831442986,-0.8761336515515475
SMA25/75/200|BB2.5|MTF0|TP15/SL15|TR5-3|short,1553,-3.1374648474625553,-2.2347358790324914,-2.1998691039669045,2,11,-99.52727272729317,-6.789370223193753,-3.4850749436865076,0.8150144467160864,75.85318737926595,-0.7049581455249355,-1094.8000000002248,-0.7049581455249355,-1.1480566441639604,0.1973475306039214,0.44309849863902484,2.245270043577734,short,True,-0.689522058823718,-0.9118279569894302,-0.8860589812333196,-0.18939393939403829
SMA25/75/200|BB2.5|MTF0|TP30/SL30|TR0-0|both,2254,0.5730144513990372,-0.15685293629789637,0.8720743840690118,4,11,72.74545454545971,-0.7195854700646714,0.3255065703181549,1.0254835083294334,51.8189884649512,0.3550133096717205,800.200000000058,0.3550133096717205,-0.07224577604251696,0.34205192927918326,0.4272590857142375,1.2491059080257607,both,False,-0.9927514792899471,0.9777499999999868,2.276598639455874,-1.3388261851015812
SMA25/75/200|BB2.5|MTF0|TP30/SL30|TR0-0|long,1406,1.399617069999652,-0.1328280299148634,1.9074421642219743,7,11,138.54545454545948,0.36843097824257526,1.0727916462514209,1.0805931316037198,53.200568990042676,1.0839260312944914,1524.000000000055,1.0839260312944914,0.7703762335928408,0.517604673495532,0.3135497977016506,0.6057708010713261,long,False,-0.4092682926829502,0.5504098360655502,3.2697095435685877,-0.06851851851847852
SMA25/75/200|BB2.5|MTF0|TP30/SL30|TR0-0|short,1107,-0.05253321242305261,0.8350398301174988,-0.8487380757276756,5,11,-4.681818181819221,-0.9606599487835374,-0.3558298378594566,0.9966785122314584,50.58717253839205,-0.046522131887995095,-51.50000000001057,-0.046522131887995095,-0.7849085394115033,0.49197569626539106,0.7383864075235081,1.5008595203556425,short,False,0.5005494505494253,1.5247933884297304,0.06822742474920734,-3.0846534653465816
SMA25/75/200|BB2.5|MTF0|TP30/SL30|TR5-3|both,3484,-0.8056381213727106,-0.9614536229150823,-0.22526319697996025,4,11,-54.60909090913038,-4.582642786987236,-1.0584361192054095,0.9572355072721401,86.42365097588977,-0.17241676234225975,-600.700000000433,-0.17241676234225975,-0.9341264409479647,0.11118922210557498,0.7617096786057049,6.850571163115576,both,True,-0.2000000000000644,-0.7014388489209306,0.12237093690232279,-0.03476923076945542
SMA25/75/200|BB2.5|MTF0|TP30/SL30|TR5-3|long,2149,0.09416465688878854,-0.9088435894593543,0.9409956978750348,4,11,4.881818181789478,-2.9608676378028305,-0.18999256836638004,1.0065541356962011,87.01721731037692,0.024988366682030975,53.699999999684565,0.024988366682030975,-0.8723350706628723,0.17425941761181066,0.8973234373449033,5.149354047216132,long,True,-0.3198400000000651,-0.4211904761905617,0.720457796852466,-0.1804938271607708
SMA25/75/200|BB2.5|MTF0|TP30/SL30|TR5-3|short,1522,-1.4258297928319623,-0.5523754006968016,-1.4157952743049862,4,11,-66.95454545455728,-3.837180326978903,-1.7875072948485673,0.8873508718262278,85.61103810775296,-0.48390275952702333,-736.5000000001295,-0.48390275952702333,-0.875766296145712,0.22507565026351387,0.39186353661868867,1.741030343175297,short,True,-0.035767790262238114,-1.140883977900598,-0.8590163934427453,0.03846153846141023
SMA25/75/200|BB2.5|MTF0|TP20/SL10|TR0-0|both,3183,-0.3210721617350292,0.25468901667068083,-0.6733291101673997,5,11,-23.745454545385098,-3.45378652281291,-0.6493566280469201,0.9881123050386509,35.878102419101474,-0.08206094879020857,-261.1999999992339,-0.08206094879020857,-0.6109903264710719,0.11276704282683159,0.5289293776808633,4.690460656072209,both,False,0.17862985685117463,-0.10031104199020997,0.24911550468263774,-1.016306156405978
SMA25/75/200|BB2.5|MTF0|TP20/SL10|TR0-0|long,1885,0.7173702703302625,0.24036759612276185,0.748998575698111,6,11,40.92727272730806,-1.698340722563942,0.31529276661531813,1.0351411265143322,36.92307692307693,0.23883289124689142,450.20000000039033,0.23883289124689142,-0.27473568836041823,0.13525105480842045,0.5135685796073096,3.797150272393557,long,False,0.2070110701111541,0.06790830945604615,0.9355305466237716,-0.7193548387096818
SMA25/75/200|BB2.5|MTF0|TP20/SL10|TR0-0|short,1347,-1.1647737404923604,0.47476055516714655,-2.1708991883286544,2,11,-53.954545454510594,-3.29802284722546,-1.534421230067005,0.9372495532929818,34.66963622865627,-0.44060876020758405,-593.4999999996157,-0.44060876020758405,-1.045698594874276,0.20241083251942693,0.605089834666692,2.989414287442431,short,False,0.1256637168146208,-0.16451612903180057,-0.9766570605186461,-1.0941176470588072
SMA25/75/200|BB2.5|MTF0|TP20/SL10|TR5-3|both,3834,-5.744024953393539,-4.5625391989904545,-3.6044996903301953,1,11,-243.8909090908702,-12.28554183699889,-6.082708259375153,0.7980549199084886,67.8925404277517,-0.6997391757954022,-2682.7999999995723,-0.6997391757954022,-1.064099023662631,0.08007612582253569,0.36435984786722886,4.550168282051024,both,True,-0.8124581939798194,-0.8453987730060261,-0.4791964285713068,-0.6904694167851122
SMA25/75/200|BB2.5|MTF0|TP20/SL10|TR5-3|long,2269,-4.266179441098999,-3.7207080232092697,-2.3946099923454933,1,11,-135.74545454543627,-9.491045379829536,-4.716129082961445,0.8059720886717592,68.53239312472455,-0.6580872631114144,-1493.1999999997993,-0.6580872631114144,-1.0812837213831847,0.11319660775110389,0.4231964582717703,3.7385966477219217,long,True,-0.8777947932617526,-0.9359550561796712,-0.2511564625849542,-0.731422018348577
SMA25/75/200|BB2.5|MTF0|TP20/SL10|TR5-3|short,1589,-3.8413975360501538,-2.5690890587837534,-2.8544792874230063,0,11,-106.15454545452458,-8.069059594280032,-4.17779117486465,0.793268890305249,67.0862177470107,-0.7348646947764449,-1167.6999999997709,-0.7348646947764449,-1.164615856387038,0.15698379006925936,0.429751161610593,2.7375511918841555,short,True,-0.7266304347824981,-0.6545931758529062,-0.8829457364339063,-0.6524163568771474
SMA25/75/200|BB2.5|MTF0|TP10/SL20|TR0-0|both,3212,-3.0569053405489366,-1.8692222444999644,-2.431469335815259,1,11,-218.84545454553054,-6.337465537041895,-3.250073067175246,0.890842723377202,66.56288916562889,-0.7494707347449671,-2407.300000000834,-0.7494707347449671,-1.067119710160624,0.08847790867437362,0.31764897541565695,3.5901501309745525,both,False,-0.7166175024586832,-0.8435257410301109,-0.36088794926011664,-1.3098684210526028
SMA25/75/200|BB2.5|MTF0|TP10/SL20|TR0-0|long,1938,-1.7470448053142449,-1.0274212713197488,-1.4269890421629754,2,11,-95.9363636364084,-4.363173903059155,-1.9937181915072835,0.918999408978876,67.23426212590299,-0.5445304437567032,-1055.3000000004909,-0.5445304437567032,-0.7945623850801635,0.22357689690356594,0.2500319413234603,1.1183263780215407,long,False,-0.363541666667144,-0.969505494505957,0.05254777070053919,-1.4216216216215867
SMA25/75/200|BB2.5|MTF0|TP10/SL20|TR0-0|short,1406,-2.583646066142726,-1.351602732324727,-2.3049096601395953,1,11,-126.30000000003544,-4.726104823213235,-2.8742602375535036,0.8590759243292175,65.64722617354197,-0.988122332859452,-1389.3000000003894,-0.988122332859452,-1.2605161190871939,0.18740086817389628,0.2723937862277419,1.4535353484860993,short,False,-0.980327868852927,-0.43244047619094583,-1.4567164179104704,-1.1238866396760954
SMA25/75/200|BB2.5|MTF0|TP10/SL20|TR5-3|both,3613,-5.079103600881159,-4.208237023234873,-3.0341521742212216,2,11,-274.26363636366074,-10.013256562397583,-5.290903388819838,0.7891621415742207,80.8746194298367,-0.8350124550236001,-3016.900000000267,-0.8350124550236001,-1.2627195207618531,0.10853272538076049,0.427707065738253,3.9408119923069056,both,True,-0.9263204225354068,-1.0654155495980349,-0.5599811676082348,-0.8596412556053306
SMA25/75/200|BB2.5|MTF0|TP10/SL20|TR5-3|long,2166,-3.3980467574190487,-3.1619679914393153,-1.7152717702238534,2,11,-139.29090909092616,-7.331726746551064,-3.6241404948818814,0.8143552959991986,81.48661126500461,-0.7073868882734016,-1532.2000000001879,-0.7073868882734016,-1.1338568313021047,0.12515422411542784,0.4264699430287031,3.4075553265815173,long,True,-0.8931637519874732,-1.0491725768323363,-0.06914285714285719,-1.1550724637680887
SMA25/75/200|BB2.5|MTF0|TP10/SL20|TR5-3|short,1539,-3.70072843934677,-2.4044731959829972,-2.8251004008450193,1,11,-136.32727272728127,-6.831823619186565,-3.945825403218587,0.7635371661042426,80.11695906432749,-0.9743989603639335,-1499.6000000000936,-0.9743989603639335,-1.3862080739497926,0.19683236463766834,0.41180911358585914,2.092181915021561,short,True,-0.8689591078068833,-1.13945945945964,-1.4127717391302905,-0.3444866920151195
SMA25/75/200|BB2.0|MTF1|TP20/SL20|TR0-0|both,3228,-0.6085110529854992,-0.036245765474428995,-0.7735022658316865,4,11,-60.59090909091095,-2.9872289945430186,-0.9011056962277976,0.9792461349234755,51.45600991325898,-0.20647459727385928,-666.5000000000177,-0.20647459727385928,-0.4044298689717173,0.13236763827910047,0.197955271697858,1.4954959858123658,both,False,0.20501535312181476,-0.631818181818179,0.4134357005757614,-1.469701726844547
SMA25/75/200|BB2.0|MTF1|TP20/SL20|TR0-0|long,1814,-0.17021925798133677,-0.03825797774345596,-0.19079181794863997,5,11,-12.481818181818353,-1.991962112135198,-0.5135271623900276,0.9923351327814031,51.81918412348401,-0.07568908489525931,-137.3000000000004,-0.07568908489525931,-0.20423096260433743,0.14564727188540227,0.1285418777090781,0.8825560276214237,long,False,0.4847524752475358,-0.8102564102564048,0.8737804878048269,-2.0601173020527104
SMA25/75/200|BB2.0|MTF1|TP20/SL20|TR0-0|short,1448,-0.737691917550464,-0.11139244132917389,-0.9025049282399583,5,11,-50.081818181819806,-2.3156201598546717,-1.1229066778822772,0.9620500809423737,50.89779005524861,-0.38045580110498406,-550.9000000000169,-0.38045580110498406,-0.7809236673111198,0.25270604179886896,0.4004678662061358,1.584718209962197,short,False,-0.21645833333332132,-0.15776173285198203,-0.4293670886076491,-0.7895270270270348
SMA25/75/200|BB2.0|MTF1|TP20/SL20|TR5-3|both,4752,-5.133518845024058,-4.621586428204161,-2.769583030567294,1,11,-325.3000000000081,-10.716682076577172,-5.502896966823591,0.8119238087228843,80.63973063973064,-0.7530092592592779,-3578.3000000000884,-0.7530092592592779,-0.8994953299205404,0.09430523376133321,0.1464860706612625,1.5533185680021544,both,True,-0.8292582417583805,-1.1709053916583323,-0.10787671232867334,-1.2454865181710222
SMA25/75/200|BB2.0|MTF1|TP20/SL20|TR5-3|long,2742,-4.116133698634626,-3.501237913863541,-2.3869175579250625,2,11,-194.05454545454947,-8.51584794425209,-4.512203445549998,0.803095712493535,80.78045222465354,-0.7784828592268576,-2134.6000000000436,-0.7784828592268576,-0.953952943839794,0.14834092995530576,0.17547008461293645,1.1828838114052846,long,True,-0.8344240837697756,-1.2120075046905723,0.06261682242998211,-1.890871369294466
SMA25/75/200|BB2.0|MTF1|TP20/SL20|TR5-3|short,2040,-3.096438787497267,-2.6996681444492023,-1.774928401314378,1,11,-132.56363636364094,-6.698648494249409,-3.529165462741686,0.8244063388083339,80.34313725490196,-0.7148039215686518,-1458.2000000000496,-0.7148039215686518,-0.7289266559278751,0.14707518157024327,0.014122734359223288,0.09602391245376947,short,True,-0.8634423897583167,-1.0749460043197976,-0.4137724550896951,-0.39195710455750593
SMA25/75/200|BB2.0|MTF1|TP15/SL15|TR0-0|both,3717,-0.46616912844918423,0.7590863512866404,-1.3252639615041018,5,11,-37.881818181809884,-3.823977449311651,-0.7112903317223984,0.9850599109402932,52.21953188054883,-0.11210653753024082,-416.6999999999051,-0.11210653753024082,-0.5514331764066781,0.08984651896303567,0.4393266388764373,4.889745801472659,both,False,0.23946666666670463,0.01451149425290559,0.2749576988156055,-1.4302521008403601
SMA25/75/200|BB2.0|MTF1|TP15/SL15|TR0-0|long,2097,0.16333220879121224,0.75097757436273,-0.46760910316758114,6,11,9.88181818182372,-2.3947395714985134,-0.13746623530432103,1.0069867592235542,52.78969957081545,0.05183595612783141,108.70000000006246,0.05183595612783141,-0.47572801991691893,0.1481711124032153,0.5275639760447504,3.5605049289844053,long,False,0.28875638841571,0.4881081081081554,0.5123834886818042,-1.6097686375321645
SMA25/75/200|BB2.0|MTF1|TP15/SL15|TR0-0|short,1641,-0.7717429734457376,0.41343979458010643,-1.4480442867958898,4,11,-41.52727272726972,-3.028247511869441,-1.1573837129905644,0.9633074686330302,51.61486898232784,-0.2783668494820022,-456.7999999999656,-0.2783668494820022,-0.642062909574715,0.13140609867089056,0.3636960600927128,2.7677258800871756,short,False,0.19393382352945032,-0.35267857142855036,-0.1448275862068715,-1.1680981595092164
SMA25/75/200|BB2.0|MTF1|TP15/SL15|TR5-3|both,4871,-5.8696687994769015,-5.102850546848749,-3.3173925505953292,1,11,-320.10909090917306,-12.505129143445258,-6.197434924090205,0.8043614745672821,76.59618148224185,-0.7228905768837822,-3521.200000000903,-0.7228905768837822,-1.0016386128912078,0.08365750251279896,0.2787480360074256,3.332014794067983,both,True,-0.8534459459461446,-1.0118172790468816,-0.11909814323622982,-1.2095890410960777
SMA25/75/200|BB2.0|MTF1|TP15/SL15|TR5-3|long,2797,-4.671637553030827,-4.09876278283582,-2.581864200006791,1,11,-189.24545454550173,-9.87740521202423,-5.099858835176422,0.7950840650470091,76.93957811941365,-0.7442617089740864,-2081.7000000005196,-0.7442617089740864,-1.047721956122827,0.12995489353497822,0.30346024714874065,2.3351198165312823,long,True,-1.0393548387098834,-0.909444444444646,-0.0964682139254792,-1.4042769857435862
SMA25/75/200|BB2.0|MTF1|TP15/SL15|TR5-3|short,2087,-3.540442161864085,-2.683948425359083,-2.366388807905193,2,11,-130.71818181821706,-7.790360426508715,-3.9252900511005553,0.8174674706441973,76.09008145663631,-0.6889793962627635,-1437.9000000003875,-0.6889793962627635,-0.8875276315209885,0.11722745607910794,0.19854823525822496,1.6937007924512137,short,True,-0.683146067415923,-1.0556025369981,-0.1588007736945562,-0.9612987012988661
SMA25/75/200|BB2.0|MTF1|TP30/SL30|TR0-0|both,2584,1.1491374697329368,0.640162727305349,0.9618142387161946,7,11,152.24545454545932,-0.27076521793133285,0.8440628706068528,1.0466074807970616,52.592879256965944,0.6481037151702996,1674.7000000000544,0.6481037151702996,0.06376110548355371,0.2481207777730421,0.5843426096867459,2.355073262833508,both,False,0.533065595716184,0.48141592920354614,1.9725490196079305,-1.257335907335936
SMA25/75/200|BB2.0|MTF1|TP30/SL30|TR0-0|long,1431,0.8483001141991577,0.23360567420215225,0.9035301729119914,5,11,81.28181818182037,-0.23958048114877892,0.47425935324826374,1.0452757002010342,52.55066387141859,0.624807826694636,894.100000000024,0.624807826694636,0.7508615843777074,0.2187341444831629,-0.12605375768307148,-0.5762875200893681,long,False,0.2041775456918803,0.3219512195122138,2.3241573033708693,-1.8820895522388619
SMA25/75/200|BB2.0|MTF1|TP30/SL30|TR0-0|short,1221,0.5448669617559104,0.5924630141417926,0.19732946120275455,6,11,51.73636363636603,-0.39342555449782923,0.12934652957474496,1.033171488024808,52.006552006552006,0.4660933660933882,569.100000000027,0.4660933660933882,-0.28434665553990524,0.38642750814973936,0.7504400216332934,1.941994308910587,short,False,0.45154639175256717,0.8242553191489266,0.8921965317919901,-0.43055555555554087
SMA25/75/200|BB2.0|MTF1|TP30/SL30|TR5-3|both,4627,-2.57233485681525,-3.433865439880977,-0.3246050988923176,3,11,-201.62727272732647,-6.968702520681803,-2.9229635812382413,0.8847478941378533,86.08169440242057,-0.4793386643614848,-2217.9000000005904,-0.4793386643614848,-0.7027049149621725,0.18859866765799452,0.22336625060068765,1.1843469170510832,both,True,-0.8847612359551275,-1.1658848614073163,0.5089260808924525,-0.7150421179304485
SMA25/75/200|BB2.0|MTF1|TP30/SL30|TR5-3|long,2700,-1.9890753152154141,-2.9527073149741385,-0.011017538148161305,2,11,-117.60000000003176,-5.430238713473913,-2.394760361999905,0.883129906854433,86.11111111111111,-0.47911111111124033,-1293.600000000349,-0.47911111111124033,-0.9263964447777042,0.10367584984786307,0.4472853336664639,4.314267346955181,long,True,-1.0558201058201766,-1.0380497131931878,0.6767857142855754,-1.272494669509863
SMA25/75/200|BB2.0|MTF1|TP30/SL30|TR5-3|short,2010,-1.8793175569286158,-1.9124199816858283,-0.7992907282147379,4,11,-99.46363636365915,-4.747563109686122,-2.301849563001065,0.8725894354387645,85.82089552238806,-0.5443283582090797,-1094.10000000025,-0.5443283582090797,-0.6142868699531284,0.1514693214162245,0.06995851174404877,0.46186588208056256,short,True,-0.8270893371758623,-1.187363834422724,0.09085365853639699,-0.05424657534268144
SMA25/75/200|BB2.0|MTF1|TP20/SL10|TR0-0|both,3858,-1.4430721744384138,-0.09231488673507712,-1.81664847930737,4,11,-112.09090909082755,-5.077516829300201,-1.7578841627399302,0.9543819925413202,34.99222395023328,-0.3195956454118974,-1232.9999999991,-0.3195956454118974,-0.5726571937489064,0.09937955513161133,0.25306154833700906,2.5464145819718356,both,False,0.3006999125113951,-0.6783707865163872,0.0734412955465671,-1.542187499999958
SMA25/75/200|BB2.0|MTF1|TP20/SL10|TR0-0|long,2175,-1.0121683567005273,-0.11672810431079349,-1.242816912968097,5,11,-57.199999999956326,-3.848330654932596,-1.411636565186516,0.9586490625061909,35.08045977011494,-0.28928735632161756,-629.1999999995182,-0.28928735632161756,-0.4493306217561261,0.15470686910680898,0.16004326543450853,1.0344935965578577,long,False,0.07457912457958255,-0.3986737400525855,0.40204603580563436,-1.9848341232226816
SMA25/75/200|BB2.0|MTF1|TP20/SL10|TR0-0|short,1689,-1.1121034036725483,0.1994901856030774,-1.640636994997912,4,11,-57.56363636359829,-3.523424998559842,-1.5700595260078811,0.9466163068129453,34.81349911190053,-0.37489638839525163,-633.19999999958,-0.37489638839525163,-0.7358836198104519,0.2755273938213733,0.3609872314152003,1.3101682065385893,short,False,0.49347826087002333,-0.9914201183427265,-0.4938189845474518,-1.0023121387283125
SMA25/75/200|BB2.0|MTF1|TP20/SL10|TR5-3|both,5131,-8.359275268172974,-6.681450812882684,-5.306342030302255,1,11,-407.0181818181303,-16.039269354874445,-8.904034094240911,0.7529575350931587,67.2773338530501,-0.8725784447475021,-4477.199999999433,-0.8725784447475021,-0.9418409626501297,0.044171382302099264,0.06926251790262761,1.5680405342292372,both,True,-0.990985732814414,-0.9354716981131052,-0.3001264222502182,-1.56568109820472
SMA25/75/200|BB2.0|MTF1|TP20/SL10|TR5-3|long,2947,-7.028297004011196,-5.152402747123315,-4.813526375006857,1,11,-255.4636363636065,-12.97121867250783,-7.62649085320775,0.7308075486157852,67.1530369867662,-0.9535459789615444,-2810.099999999671,-0.9535459789615444,-1.0106307237978611,0.06714591809927013,0.05708474483631676,0.850159569669169,long,True,-1.205445544554334,-0.9031802120140321,-0.3111753371868106,-1.872710280373679
SMA25/75/200|BB2.0|MTF1|TP20/SL10|TR5-3|short,2189,-4.714767008570924,-3.89699852542935,-2.9402931541356896,1,11,-153.84545454543291,-9.683562579968568,-5.306020950185459,0.7808469308469504,67.33668341708542,-0.7730927364092106,-1692.2999999997621,-0.7730927364092106,-0.8313732707001048,0.07663087757936254,0.05828053429089419,0.760535911004492,short,True,-0.7884667571233706,-0.9687499999998977,-0.27555147058811913,-1.1669902912620187
SMA25/75/200|BB2.0|MTF1|TP10/SL20|TR0-0|both,3966,-2.247121680586159,-1.1542970335335467,-1.9887232629513973,4,11,-177.2090909091855,-5.9647186656110565,-2.478828157687494,0.9265584616195692,67.47352496217852,-0.4915027735756525,-1949.3000000010377,-0.4915027735756525,-0.9071579191745709,0.10805057746729105,0.4156551455989184,3.846857234286833,both,False,-0.4286296900494129,-0.35139949109462204,-0.08052588331972979,-1.4241519674355143
SMA25/75/200|BB2.0|MTF1|TP10/SL20|TR0-0|long,2264,-1.3907781496082496,-0.9102490399885839,-1.0513414046443679,3,11,-82.20000000005203,-4.252353044506896,-1.6765656558938715,0.9397404882339612,67.80035335689047,-0.3993816254419484,-904.2000000005711,-0.3993816254419484,-0.8117977629350646,0.10303486781295529,0.4124161374931162,4.002685171021884,long,False,-0.411700468019197,-0.34491725768368947,0.4050441361915606,-2.003931203931136
SMA25/75/200|BB2.0|MTF1|TP10/SL20|TR0-0|short,1743,-1.807552972879612,-0.6483325429710174,-1.894951303982094,3,11,-94.62727272731668,-4.297476385065566,-2.146113743204766,0.9116481203262375,67.0109007458405,-0.5971887550203571,-1040.9000000004824,-0.5971887550203571,-1.0749539609246204,0.11266971051131662,0.4777652059042633,4.240405018669825,short,False,-0.47550335570516855,-0.27342105263205263,-1.006896551724182,-0.6493975903614546
SMA25/75/200|BB2.0|MTF1|TP10/SL20|TR5-3|both,4752,-6.620742878383239,-5.529968094555461,-3.9427007892252477,1,11,-405.7272727272991,-12.391979079530358,-6.877337040096682,0.7654237929548106,80.63973063973064,-0.9391835016835626,-4463.000000000289,-0.9391835016835626,-1.1150605216913736,0.08688367575311733,0.17587702000781102,2.0242815291053184,both,True,-0.9831730769232675,-1.2933875890134137,-0.3275342465752853,-1.5028135990620277
SMA25/75/200|BB2.0|MTF1|TP10/SL20|TR5-3|long,2742,-5.345954370062184,-4.280507793821705,-3.335032821891559,1,11,-242.67272727274033,-9.932387140825995,-5.70019995194139,0.7537635598848614,80.78045222465354,-0.9735229759300303,-2669.4000000001433,-0.9735229759300303,-1.0918367730371705,0.11270587165675193,0.11831379710714018,1.0497571720794396,long,True,-1.0116492146598801,-1.3840525328332096,-0.17954309449632774,-2.0454356846471584
SMA25/75/200|BB2.0|MTF1|TP10/SL20|TR5-3|short,2040,-3.992406880870008,-3.1310967209474936,-2.574402559543351,0,11,-165.4727272727412,-7.716654806333743,-4.319344977322669,0.7808149896440225,80.34313725490196,-0.8922549019608591,-1820.2000000001526,-0.8922549019608591,-1.1000705786984168,0.08655325346729466,0.20781567673755774,2.4010151948370577,short,True,-0.9961593172121378,-1.1369330453565594,-0.603393213572761,-0.7806970509382841
SMA5/20/60|BB3.0|MTF1|TP20/SL20|TR0-0|both,298,-1.285054782134931,-1.2392240322833352,-0.6049895522607961,4,11,-39.33636363636389,-1.995147556151885,-1.7371733377998417,0.8609977834173888,48.322147651006716,-1.452013422818801,-432.7000000000027,-1.452013422818801,-0.5025664534859773,1.4185216056111685,-0.9494469693328238,-0.6693214721419457,both,False,0.013580246913587326,-5.083823529411866,2.0312499999999005,-5.341509433962017
SMA5/20/60|BB3.0|MTF1|TP20/SL20|TR0-0|long,183,0.11082586006899131,0.3067945664266945,-0.11996626105614042,6,11,2.6727272727264433,-0.44185748190944996,-0.4150051659236113,1.0167578659370677,51.91256830601093,0.16065573770486938,29.399999999991095,0.16065573770486938,0.04792138425029298,1.5019875955132032,0.1127343534545764,0.07505678062278338,long,False,2.7897435897436407,-4.779411764705992,3.309859154929386,-3.894871794871633
SMA5/20/60|BB3.0|MTF1|TP20/SL20|TR0-0|short,118,-2.3314810686121414,-1.5221121367468728,-1.7660923842906413,2,11,-44.045454545454,-2.7846782941527906,-2.8014484026796262,0.6539532890507836,42.3728813559322,-4.10593220338978,-484.499999999994,-4.10593220338978,-0.9795540702443375,1.0444583247731232,-3.126378133145442,-2.9933009857760986,short,False,-2.4840909090909413,-5.828571428571526,-1.599999999999842,
SMA5/20/60|BB3.0|MTF1|TP20/SL20|TR5-3|both,313,-0.9341281578148983,-1.6219621899700905,0.25133773542377985,3,11,-17.690909090912267,-2.129961869722353,-1.3456372157141523,0.8701281366790994,76.6773162939297,-0.6217252396167248,-194.60000000003487,-0.6217252396167248,-0.8484088531852189,0.49098751844268806,0.2266836135684941,0.4616891571653148,both,True,-1.2360465116281218,-2.665714285714425,2.0495049504949083,-1.9410714285712936
SMA5/20/60|BB3.0|MTF1|TP20/SL20|TR5-3|long,194,0.9732011913422041,0.7409636650495923,0.6417772241857804,5,11,13.081818181815846,-0.07643426075749528,0.4676963790343305,1.1974478594950306,81.44329896907216,0.7417525773194558,143.89999999997443,0.7417525773194558,-0.8674619799369332,0.6464607813610693,1.609214557256389,2.4892686511752835,long,True,1.84358974358954,-2.2810810810811626,2.8171052631576075,-1.3738095238093544
SMA5/20/60|BB3.0|MTF1|TP20/SL20|TR5-3|short,121,-2.340206300943029,-2.5313734373665624,-0.7627526538513825,4,11,-30.372727272728095,-3.0020512769686376,-2.9032149867709935,0.5658783783783639,69.42148760330579,-2.7611570247934623,-334.10000000000895,-2.7611570247934623,-0.9836622596736007,1.007858594067165,-1.7774947651198616,-1.7636350729985513,short,True,-3.6604166666668836,-2.9500000000001934,-0.28399999999969716,
SMA5/20/60|BB3.0|MTF1|TP15/SL15|TR0-0|both,302,-2.420961126563076,-1.5825566416887102,-1.8331007659202745,2,11,-56.018181818183216,-3.3691878850981674,-2.901416432254291,0.7598316248976914,45.6953642384106,-2.040397350993428,-616.2000000000153,-2.040397350993428,-1.0046846033289398,0.8278327085424596,-1.0357127476644883,-1.2511135848788058,both,False,-2.3488095238095945,-2.1897058823529947,-0.02680412371131074,-5.045283018868086
SMA5/20/60|BB3.0|MTF1|TP15/SL15|TR0-0|long,184,-1.3793019735702245,-0.6749600033840603,-1.251048169036054,3,11,-24.70000000000044,-2.127536048054866,-1.890831085755044,0.8197199920376912,47.28260869565217,-1.4766304347826342,-271.7000000000047,-1.4766304347826342,-0.03762086931050751,0.7092808801986926,-1.4390095654721267,-2.028828924683566,long,False,-1.1846153846153993,-2.6970588235294843,0.45000000000004703,-4.261538461538594
SMA5/20/60|BB3.0|MTF1|TP15/SL15|TR0-0|short,119,-2.0333401467715713,-1.879358789823305,-0.9592509248379653,1,11,-30.027272727273626,-2.6152409459147603,-2.4598454491525255,0.6879841299829984,43.69747899159664,-2.7756302521009246,-330.30000000001,-2.7756302521009246,-1.4687710706958115,1.5269881358597583,-1.3068591814051131,-0.8558410839710268,short,False,-2.976086956521843,-1.6823529411765046,-1.4000000000000237,
SMA5/20/60|BB3.0|MTF1|TP15/SL15|TR5-3|both,315,-1.301069969087567,-2.043650209322829,0.1453631967103658,3,11,-19.936363636370245,-2.7838797799679695,-1.6697193587213852,0.8387025595762982,72.38095238095238,-0.6961904761907071,-219.3000000000727,-0.6961904761907071,-1.0994432868238644,0.7696302355548246,0.4032528106331573,0.5239565599218609,both,True,-1.9321839080462386,-1.583098591549512,1.276237623762159,-1.208928571428798
SMA5/20/60|BB3.0|MTF1|TP15/SL15|TR5-3|long,194,0.29875545876677734,0.1669732189418552,0.24992506637623135,4,11,3.309090909086741,-0.9740624062155838,-0.130444321392378,1.0511379601010862,76.28865979381443,0.18762886597914508,36.39999999995415,0.18762886597914508,-1.0285795170119711,0.7438507447204483,1.216208382991116,1.6350166906778965,long,True,-0.1179487179489234,-1.659459459459646,1.8302631578944117,-0.8738095238096739
SMA5/20/60|BB3.0|MTF1|TP15/SL15|TR5-3|short,121,-2.2001238337163675,-2.5964386434980344,-0.49228447692465316,2,11,-23.245454545456994,-3.0174165567718,-2.70931381137645,0.6052794072244249,66.11570247933885,-2.11322314049609,-255.70000000002688,-2.11322314049609,-0.9953229176884602,0.6128847669391448,-1.1179002228076298,-1.8239974023022658,short,True,-3.406250000000306,-1.50000000000025,-0.4079999999998911,
SMA5/20/60|BB3.0|MTF1|TP30/SL30|TR0-0|both,291,0.1390857911806884,0.008811751896427987,0.1765376741767649,7,11,6.099999999999944,-0.3436569805063812,-0.29396500656660585,1.0170711850608043,52.23367697594502,0.23058419243986072,67.09999999999947,0.23058419243986072,1.0744491630773436,1.5196017407297078,-0.8438649706374829,-0.5553198236218535,both,False,3.60779220779214,-4.677611940298507,2.5440860215054664,-2.4796296296297022
SMA5/20/60|BB3.0|MTF1|TP30/SL30|TR0-0|long,181,1.3977886898095429,1.1649270088958057,0.8504174001931922,8,11,49.16363636363721,1.0249045534342045,0.9114536453711484,1.2436804397783083,55.80110497237569,2.9878453038674544,540.8000000000093,2.9878453038674544,0.676624569951415,1.7297401763282207,2.3112207339160395,1.336166417098635,long,False,8.571052631578851,-3.5205882352941518,4.891304347826281,-0.06749999999998409
SMA5/20/60|BB3.0|MTF1|TP30/SL30|TR0-0|short,114,-1.9714916284134227,-1.0624587248689161,-1.7078469045276592,4,11,-51.5818181818191,-2.287117578051494,-2.3281144476084443,0.6856509695290831,44.73684210526316,-4.977192982456227,-567.4000000000099,-4.977192982456227,-1.075087684141091,2.153337722301506,-3.902105298315136,-1.812119510052762,short,False,-1.951219512195177,-5.579999999999966,-6.704166666666853,
SMA5/20/60|BB3.0|MTF1|TP30/SL30|TR5-3|both,311,0.17434670758710163,-0.5042539686245167,0.6943065095522049,5,11,3.963636363630087,-0.8204654085890964,-0.24930217538270266,1.0304405501640233,83.92282958199357,0.14019292604479436,43.59999999993104,0.14019292604479436,-0.7975426545117533,0.7527857903513983,0.9377355805565477,1.2456871431098817,both,True,-0.25116279069781333,-1.840579710144974,2.1359999999997084,-0.3821428571432974
SMA5/20/60|BB3.0|MTF1|TP30/SL30|TR5-3|long,194,1.4856002376658561,0.9799459137632511,1.1116972785490362,6,11,24.96363636363159,0.6467833665595086,0.9928973357786988,1.386053704484666,86.5979381443299,1.4154639175255035,274.59999999994767,1.4154639175255035,-0.7559055793742907,0.7114407891742702,2.171369496899794,3.0520733839564946,long,True,2.7230769230767287,-2.2378378378378283,3.2197368421048793,0.15476190476152368
SMA5/20/60|BB3.0|MTF1|TP30/SL30|TR5-3|short,120,-1.2949078962244411,-1.1833735906482932,-0.653990271697684,4,11,-19.96363636363783,-1.859651042934092,-1.8086721730430813,0.6954230235783436,80.0,-1.8300000000001333,-219.600000000016,-1.8300000000001333,-0.5637827054864604,1.0566127159000585,-1.266217294513673,-1.198374083010222,short,True,-2.610416666666755,-1.0382352941177397,-1.295833333333333,
SMA5/20/60|BB3.0|MTF1|TP20/SL10|TR0-0|both,303,-2.1418661971274218,-2.9982474953036387,-0.2383017725624568,3,11,-46.81818181817511,-3.155532950440757,-2.87767613234364,0.7714057437081305,30.693069306930692,-1.699669966996456,-514.9999999999261,-1.699669966996456,-0.6511185853734065,0.49559131609907997,-1.0485513816230494,-2.1157581813104653,both,False,-2.765476190475713,-4.413043478260411,2.105154639175198,-3.441509433962115
SMA5/20/60|BB3.0|MTF1|TP20/SL10|TR0-0|long,185,-1.0634520868957205,-1.640823649004635,0.03469746056698582,4,11,-18.654545454542653,-1.8365868249337984,-1.945369366886496,0.8462806202711965,32.432432432432435,-1.1091891891890218,-205.19999999996904,-1.1091891891890218,-0.5998943289754586,1.1251237208324463,-0.5092948602135632,-0.45265676190414933,long,False,-2.33846153846105,-6.485714285713826,2.419444444444363,-1.5692307692307264
SMA5/20/60|BB3.0|MTF1|TP20/SL10|TR0-0|short,119,-1.9847735477005357,-1.6340204846385433,-1.1492685829910214,3,11,-26.41818181817789,-2.6364052375931886,-2.6851587516559605,0.6834422657952378,28.57142857142857,-2.442016806722326,-290.5999999999568,-2.442016806722326,-1.141561205958212,0.6114042229324788,-1.300455600764114,-2.126998067705089,short,False,-2.6499999999995354,-2.279411764705424,1.1999999999999993,
SMA5/20/60|BB3.0|MTF1|TP20/SL10|TR5-3|both,315,-1.3731460561774527,-2.3797055956266093,0.1724538338406835,3,11,-18.890909090908,-3.029150609569956,-1.8755247685825234,0.8342373962986607,62.857142857142854,-0.6596825396825015,-207.79999999998796,-0.6596825396825015,-1.1915018394845351,0.3591162151215017,0.5318192998020337,1.480911408085821,both,True,-1.8965517241378105,-1.4169014084505673,1.2079207920790869,-1.1464285714285005
SMA5/20/60|BB3.0|MTF1|TP20/SL10|TR5-3|long,194,-0.5281040023611835,-0.35267693035930425,-0.3913787473077638,3,11,-5.5000000000003695,-1.884789516874446,-1.1241221335188407,0.9177094668117429,64.43298969072166,-0.3118556701031138,-60.50000000000408,-0.3118556701031138,-1.2534545930620098,0.5275401075562697,0.9415989229588959,1.7848859441620009,long,True,-0.9102564102563176,-1.6216216216214354,1.0473684210523835,-1.0619047619046595
SMA5/20/60|BB3.0|MTF1|TP20/SL10|TR5-3|short,121,-1.5413323221203514,-2.695470347265849,0.26458262095631757,3,11,-13.390909090907634,-2.544033310249274,-2.399809270792274,0.7158564814814976,60.33057851239669,-1.2173553719006935,-147.29999999998392,-1.2173553719006935,-1.2940740471294467,0.5043277827074519,0.0767186752287532,0.15212066013276884,short,True,-2.697916666666522,-1.1941176470587411,1.6960000000002646,
SMA5/20/60|BB3.0|MTF1|TP10/SL20|TR0-0|both,303,-1.9487297119142721,-0.9089718424500968,-1.833164016415034,4,11,-43.9272727272787,-2.9202247276782765,-2.2396714309805725,0.7855970182366443,63.6963696369637,-1.5947194719474114,-483.20000000006564,-1.5947194719474114,-0.8324515321639788,0.5974017583256181,-0.7622679397834325,-1.2759720391849816,both,False,-0.37439024390291986,-2.4768115942033475,-0.2897959183674195,-4.688888888888669
SMA5/20/60|BB3.0|MTF1|TP10/SL20|TR0-0|long,187,-0.7950384526753228,0.2327754774132516,-1.2597862386794265,4,11,-13.600000000003241,-1.589620935965136,-1.1637000858023339,0.8840669559826104,66.31016042780749,-0.8000000000001901,-149.60000000003555,-0.8000000000001901,-0.6925007131949734,0.9446765693605669,-0.1074992868052167,-0.11379480585400871,long,False,1.5076923076918116,-2.2285714285718754,0.9808219178080784,-5.049999999999758
SMA5/20/60|BB3.0|MTF1|TP10/SL20|TR0-0|short,119,-2.2840813112487273,-2.020345810853248,-1.1673851919128866,3,11,-33.27272727273011,-2.8692401175872937,-2.554060015819948,0.6357846551895373,58.82352941176471,-3.075630252101102,-366.00000000003115,-3.075630252101102,-1.2675199202047471,1.4112771761842071,-1.808110331896355,-1.2811872553519927,short,False,-2.246666666667132,-3.248571428571874,-3.9999999999998765,
SMA5/20/60|BB3.0|MTF1|TP10/SL20|TR5-3|both,313,-1.903107309635218,-1.954539703463564,-0.7319023736411425,3,11,-33.65454545454941,-3.1771036136117505,-2.1986765850828123,0.7529364655632349,76.6773162939297,-1.1827476038340048,-370.2000000000435,-1.1827476038340048,-1.181819751081094,0.5349897015386603,-0.0009278527529108516,-0.0017343375961112804,both,True,-1.6267441860468084,-2.7185714285716176,1.0346534653463888,-2.5803571428569647
SMA5/20/60|BB3.0|MTF1|TP10/SL20|TR5-3|long,194,0.11619899716716349,0.4567662541458311,-0.257477355357931,5,11,1.4363636363611194,-1.0235039561056718,-0.26765242380646664,1.0216794731064394,81.44329896907216,0.08144329896892953,15.799999999972329,0.08144329896892953,-0.9830555522598059,0.6979886592714376,1.0644988512287354,1.52509476635317,long,True,1.2538461538458303,-2.3378378378379985,1.8499999999997692,-2.076190476190277
SMA5/20/60|BB3.0|MTF1|TP10/SL20|TR5-3|short,121,-2.8051989639935,-2.70568710693736,-1.2110985800329273,3,11,-34.6909090909105,-3.4951659219111484,-3.094386314733354,0.5041580041579807,69.42148760330579,-3.153719008264591,-381.6000000000155,-3.153719008264591,-0.8839670357003463,0.9150568494085809,-2.2697519725642445,-2.480449137156046,short,True,-3.8812500000002643,-2.997058823529621,-1.4439999999998927,
SMA25/75/200|BB2.0|MTF0|TP20/SL20|TR0-0|both,4143,-1.2694039763061218,-0.8604308399727492,-0.933886553532077,4,11,-144.26363636363996,-3.934451638061017,-1.5311007080826737,0.9619038245016797,50.977552498189716,-0.38303161959933285,-1586.900000000036,-0.38303161959933285,-0.6248913803385703,0.22429014504662076,0.24185976073923743,1.07833431865214,both,False,-0.11833333333332659,-0.822543352601157,0.11987906273615946,-1.183410138248829
SMA25/75/200|BB2.0|MTF0|TP20/SL20|TR0-0|long,2354,-0.5848979561263683,-0.2980779184671568,-0.5129947828931934,5,11,-48.99090909090966,-2.6591149606814923,-0.8900455453615504,0.9770363268349836,51.52931180968564,-0.22892948173322203,-538.9000000000046,-0.22892948173322203,-0.295087328059876,0.20385189519091063,0.06615784632665395,0.32453878471277414,long,False,0.1212609970674572,-0.7310945273631806,0.6724999999999488,-1.841914893616959
SMA25/75/200|BB2.0|MTF0|TP20/SL20|TR0-0|short,2012,-0.2610909701126429,0.18326078590358433,-0.523318506117964,5,11,-21.09090909091159,-2.096670361349848,-0.5958113739679317,0.9883059800798398,51.441351888667995,-0.1153081510934522,-232.00000000002584,-0.1153081510934522,-0.9835945441564512,0.22042016684417678,0.868286393062999,3.939232990767233,short,False,0.1235204855842397,0.12648648648649727,-0.34401408450709914,-0.39710843373496785
SMA25/75/200|BB2.0|MTF0|TP20/SL20|TR5-3|both,6153,-6.097870620410675,-5.728899756751763,-3.052206100976251,1,11,-440.50909090909886,-12.392386670678954,-6.444027204551944,0.8066230874218737,80.33479603445474,-0.7875182837640317,-4845.600000000087,-0.7875182837640317,-0.9624219043352442,0.09524980466954272,0.17490362057121256,1.8362622493349858,both,True,-1.0315513626835737,-1.084250000000147,-0.20263440860205398,-1.0121518987340343
SMA25/75/200|BB2.0|MTF0|TP20/SL20|TR5-3|long,3515,-4.812705106302662,-4.075528240720739,-2.810478516711747,1,11,-257.6454545454598,-9.767735445210425,-5.167834301694479,0.7990911926501367,80.54054054054053,-0.8062873399715667,-2834.1000000000568,-0.8062873399715667,-0.8898334388716307,0.09028044556409795,0.08354609890006404,0.9254063643355347,long,True,-0.9795073891626919,-1.1141802067948305,0.08933791917461478,-1.8022727272725778
SMA25/75/200|BB2.0|MTF0|TP20/SL20|TR5-3|short,2832,-3.731098871609801,-3.693084820375399,-1.7098659142057926,1,11,-187.96363636363986,-7.98565078423653,-4.106607501097553,0.8217770575457648,80.15536723163842,-0.7300847457627252,-2067.6000000000377,-0.7300847457627252,-0.9797085527408956,0.10848618680668579,0.24962380697817044,2.3009731867798178,short,True,-0.9396891191711138,-1.0373770491804688,-0.6598337950137104,-0.09644859813070615
SMA25/75/200|BB2.0|MTF0|TP15/SL15|TR0-0|both,4863,-0.5631944451422258,0.6490367987870936,-1.3232804840719525,5,11,-52.07272727271621,-4.400626538826205,-0.793343126038795,0.9843125225945726,52.210569607238334,-0.1177873740489153,-572.7999999998751,-0.1177873740489153,-0.77828631402785,0.12038343366414689,0.6604989399789347,5.486626522230918,both,False,0.15026881720433827,0.37114942528740147,0.10321733420883107,-1.2998981670061296
SMA25/75/200|BB2.0|MTF0|TP15/SL15|TR0-0|long,2726,-0.3383999413699632,0.4510270154467547,-0.8567594753448939,7,11,-23.3090909090849,-3.26532523007704,-0.6079312208997775,0.9874607537241206,52.311078503301545,-0.094057226705771,-256.39999999993177,-0.094057226705771,-0.39018159792158214,0.09671208787161495,0.29612437121581114,3.0619168475497656,long,False,0.06754385964915349,0.46617954070985923,0.4588621444201765,-1.7813084112149906
SMA25/75/200|BB2.0|MTF0|TP15/SL15|TR0-0|short,2286,-0.5158442558497391,0.6004662988723948,-1.254285007224983,4,11,-33.26363636363106,-3.1354169602574,-0.8511221611458906,0.9786967710383259,51.96850393700787,-0.16006124234468075,-365.8999999999402,-0.16006124234468075,-1.0203006000239374,0.18582536865724,0.8602393576792566,4.629289121799036,short,False,0.13530201342285925,0.26711409395977526,-0.44342313787637344,-0.6615550755939482
SMA25/75/200|BB2.0|MTF0|TP15/SL15|TR5-3|both,6393,-7.335440411061134,-6.262391154784403,-4.227927637898638,1,11,-459.83636363646997,-14.85012088841604,-7.631920203317559,0.7905359797583685,76.06757390896293,-0.7912091349915797,-5058.200000001169,-0.7912091349915797,-1.0463558623796583,0.09553653048712471,0.25514672738807853,2.670671899922765,both,True,-0.9970766129034219,-0.9145339652450726,-0.3059678256358619,-1.0958881578949111
SMA25/75/200|BB2.0|MTF0|TP15/SL15|TR5-3|long,3595,-5.722952144403613,-4.7607033909953875,-3.4121355753097804,1,11,-261.67272727278873,-11.650244786085842,-6.108206892917131,0.7841405066518251,76.4673157162726,-0.8006675938805772,-2878.400000000675,-0.8006675938805772,-1.0729295960087537,0.12335821789872314,0.27226200212817653,2.207084430740586,long,True,-1.0367760617762527,-0.9638081395350936,-0.10668337510458994,-1.5037091988132623
SMA25/75/200|BB2.0|MTF0|TP15/SL15|TR5-3|short,2897,-4.589190763130215,-3.913057570866861,-2.6635970603373815,0,11,-200.02727272731929,-9.605010047711895,-4.924608998277913,0.8016210757884097,75.69899896444598,-0.75950983776338,-2200.300000000512,-0.75950983776338,-0.9940472576454903,0.06620476962744726,0.2345374198821103,3.5426060871734455,short,True,-0.8737055837565427,-0.9163987138265731,-0.557008086253523,-0.650364963503786
SMA25/75/200|BB2.0|MTF0|TP30/SL30|TR0-0|both,3167,0.8478034799952098,-0.5256774464921512,1.547802704574612,6,11,124.10909090909827,-0.7279743897052583,0.5665967151101251,1.030652132424757,52.00505209977897,0.4310704136406955,1365.2000000000826,0.4310704136406955,-0.18416460204565235,0.25080587372518476,0.6152350156863479,2.4530327242673695,both,False,-0.3008800880088165,-0.051823416506708575,1.9793135435993476,-0.7101669195751207
SMA25/75/200|BB2.0|MTF0|TP30/SL30|TR0-0|long,1869,1.4147026869223336,0.0029921306898063075,1.825893609886915,7,11,156.21818181818733,0.18505078867421842,1.1007327303274372,1.0672816400682847,53.18352059925093,0.9194221508828577,1718.400000000061,0.9194221508828577,0.8136192165298229,0.44354286388055225,0.10580293435303478,0.23854049511103825,long,False,0.14064272211719092,0.35232198142415067,3.045871559633147,-1.2721763085399762
SMA25/75/200|BB2.0|MTF0|TP30/SL30|TR0-0|short,1672,0.3191418315585171,0.723417600695481,-0.21872278165567363,5,11,34.82727272727409,-0.8011727058716096,-0.04678308708062136,1.0163037927277678,51.31578947368421,0.22912679425838253,383.1000000000156,0.22912679425838253,-0.8285469428848004,0.3488449718628897,1.0576737371431828,3.031930577915544,short,False,0.8754789272030554,0.7298701298701216,0.017241379310397983,-0.8802292263610406
SMA25/75/200|BB2.0|MTF0|TP30/SL30|TR5-3|both,5812,-3.555518068990417,-4.467307243919284,-0.7236365618277867,1,11,-312.38181818188787,-8.448758694244267,-3.8583999782790506,0.8630706882329445,85.65037852718514,-0.5912250516174751,-3436.200000000765,-0.5912250516174751,-0.764991961122826,0.07919568782190142,0.1737669095053509,2.19414609916799,both,True,-1.1164237668162043,-1.136554238833256,0.30894941634224865,-0.6656360424030742
SMA25/75/200|BB2.0|MTF0|TP30/SL30|TR5-3|long,3447,-2.1898523156093805,-3.212864129677582,-0.06386128537650088,4,11,-145.90909090913155,-6.074568336435522,-2.547013732233388,0.887655392541128,86.07484769364665,-0.4656222802438193,-1605.0000000004452,-0.4656222802438193,-0.6952911707146062,0.13561754812679488,0.22966889047078692,1.6935042230380042,long,True,-1.1404785643071342,-0.8686746987952622,0.8015720524016097,-1.263149606299495
SMA25/75/200|BB2.0|MTF0|TP30/SL30|TR5-3|short,2784,-2.588928190293575,-2.568561878345293,-1.1459115236737343,2,11,-161.5454545454847,-5.959943923016735,-2.9563944232993817,0.8539924079338477,85.41666666666666,-0.6382902298851764,-1777.000000000331,-0.6382902298851764,-0.7719338516825449,0.16607370568701957,0.13364362179736855,0.8047247530517062,short,True,-0.8036687631027827,-1.2045454545455152,-0.4056338028170897,-0.012927756654194421
SMA25/75/200|BB2.0|MTF0|TP20/SL10|TR0-0|both,5061,-1.8152932066760774,-0.07754705316129454,-2.338964418153244,5,11,-161.99999999989294,-5.93863963794338,-2.0872316254571297,0.9497903705707637,34.953566488836195,-0.3521043272078283,-1781.999999998819,-0.3521043272078283,-0.6071241459374012,0.04651788141062413,0.25501981872957286,5.482189020571547,both,False,0.2937090432507876,-0.5216759776531679,-0.11571338780639685,-1.5054337464251268
SMA25/75/200|BB2.0|MTF0|TP20/SL10|TR0-0|long,2822,-1.14972122201899,-0.3216849037283915,-1.2391685695582373,5,11,-74.91818181812484,-4.342393316857006,-1.493743150730899,0.958250376156997,35.152374202693125,-0.29202693125420665,-824.0999999993712,-0.29202693125420665,-0.41825349633102515,0.07803017889117266,0.1262265650768185,1.617663407549847,long,False,0.10360696517458899,-0.41522633744809384,0.4067156348373529,-1.8880829015543426
SMA25/75/200|BB2.0|MTF0|TP20/SL10|TR0-0|short,2322,-1.4603499619178162,0.19651075049723837,-2.114639101410221,2,11,-89.81818181812956,-4.248576487505114,-1.8451810265074478,0.9394808090460584,34.7114556416882,-0.4254952627043169,-987.999999999424,-0.4254952627043169,-0.9265220895021891,0.16083821794781175,0.5010268267978721,3.1150980978938954,short,False,0.39774834437131895,-0.6552036199090391,-0.8289473684210193,-0.9670146137786962
SMA25/75/200|BB2.0|MTF0|TP20/SL10|TR5-3|both,6771,-9.871922503819537,-7.890401029590229,-6.223027071643299,1,11,-547.7363636362934,-18.71872922631681,-10.413936504066728,0.7503532287803958,66.96204401122434,-0.8898390193471019,-6025.099999999226,-0.8898390193471019,-1.028901372568178,0.04377177392686558,0.13906235322107607,3.1769869197767306,both,True,-1.0278712157615333,-0.9393515106852343,-0.4267883571779936,-1.3371362940274272
SMA25/75/200|BB2.0|MTF0|TP20/SL10|TR5-3|long,3783,-8.009088977763307,-6.092268288219766,-5.30524195901958,1,11,-328.94545454541634,-14.757707917459653,-8.548109804901472,0.7316642688696908,66.9574411842453,-0.9564895585513028,-3618.3999999995785,-0.9564895585513028,-1.0764524064531045,0.0994166104092345,0.11996284790180167,1.2066680548450754,long,True,-1.1479629629628287,-1.0661111111110102,-0.3331474103584883,-1.6385989010987556
SMA25/75/200|BB2.0|MTF0|TP20/SL10|TR5-3|short,3029,-5.752460673828357,-5.007361797359831,-3.345917693192478,0,11,-220.84545454542192,-11.609561062130917,-6.273404095862665,0.7747498817791757,66.98580389567515,-0.8020138659622451,-2429.2999999996405,-0.8020138659622451,-0.9469287150487163,0.07870128694652342,0.14491484908647123,1.8413275653921533,short,True,-0.8851669941059835,-0.8199695121950203,-0.5559999999998602,-0.9644827586205591
SMA25/75/200|BB2.0|MTF0|TP10/SL20|TR0-0|both,5112,-3.411033346542479,-2.3873360505405876,-2.439446955836214,3,11,-307.1090909092088,-7.5780732666794375,-3.6193560983524486,0.9030105711643971,66.94053208137714,-0.6608372456966537,-3378.2000000012936,-0.6608372456966537,-1.0511141838819804,0.08554824353882001,0.3902769381853267,4.56206839604167,both,False,-0.6598870056501895,-0.6288421052636299,-0.29217840982554516,-1.250097847358096
SMA25/75/200|BB2.0|MTF0|TP10/SL20|TR0-0|long,2924,-1.8600783676332058,-1.173127820563581,-1.446294036436637,3,11,-123.91818181824911,-5.137209797217354,-2.1158829868928315,0.9302058852142173,67.61285909712723,-0.46617647058848793,-1363.1000000007386,-0.46617647058848793,-0.6133069929833795,0.16717207048497315,0.1471305223948916,0.880114255736977,long,False,-0.49988372093070815,-0.39042357274448786,0.309999999999891,-1.8160427807486053
SMA25/75/200|BB2.0|MTF0|TP10/SL20|TR0-0|short,2433,-2.4277064065356884,-1.1569179095242728,-2.2676432168342604,3,11,-151.84545454551392,-5.3498896756008225,-2.7128477278938057,0.8992569271040255,66.70776818742293,-0.686518701192212,-1670.3000000006518,-0.686518701192212,-1.1654501543261944,0.11945926130871554,0.47893145313398233,4.009161348288367,short,False,-0.5330085261880443,-0.39029702970344266,-1.2120443740095443,-0.5689075630252232
SMA25/75/200|BB2.0|MTF0|TP10/SL20|TR5-3|both,6153,-7.924650305869097,-6.779053377985036,-4.547299672675714,1,11,-551.7363636363976,-14.445010173580535,-8.199111783797223,0.7577959757041526,80.33479603445474,-0.986364375101637,-6069.100000000372,-0.986364375101637,-1.1629269651523728,0.0457154702215549,0.17656259005073582,3.86220658335231,both,True,-1.1776205450735633,-1.228583333333529,-0.4180645161289781,-1.3251476793247925
SMA25/75/200|BB2.0|MTF0|TP10/SL20|TR5-3|long,3515,-6.237066597491799,-5.052984292283693,-3.838591743256347,1,11,-320.29090909092764,-11.41794145494485,-6.551483783977501,0.7502410253501766,80.54054054054053,-1.002332859175022,-3523.2000000002026,-1.002332859175022,-1.1330533381183907,0.06036450630941584,0.1307204789433687,2.1655188940554377,long,True,-1.1706403940888561,-1.2939438700149652,-0.14909716251072072,-1.9478787878786574
SMA25/75/200|BB2.0|MTF0|TP10/SL20|TR5-3|short,2832,-4.94989486647912,-4.233546742037485,-2.838471329380097,0,11,-240.27272727274428,-9.37589998168668,-5.230787148429012,0.7721787401303116,80.15536723163842,-0.9332627118644724,-2643.000000000186,-0.9332627118644724,-1.2031181814710905,0.12054986606709721,0.2698554696066181,2.2385381121569927,short,True,-1.068808290155621,-1.1193442622952698,-0.8343490304708223,-0.6100934579438578
