sig,h,sess,n,gross,net,t,pf,yrs_pos,yrs,h1,h2,net_yr
z3>2 逆張り,1,全,228704,0.024197714075835767,-0.23580228592416413,-87.5223701368767,0.45226837166097295,0,11,-0.24298814085370554,-0.22976790655769364,-5040.0865420560785
z3>2 逆張り,1,Asia,86842,0.011411874438636019,-0.24858812556136392,-66.23737781105731,0.3662360692250598,0,11,-0.2511388511985525,-0.24664164044259412,-2017.5598130841092
z3>2 逆張り,1,London,66294,0.026784837240172568,-0.23321516275982737,-53.200198074626826,0.4336334646400931,0,11,-0.2365972359960334,-0.23019760239760204,-1444.9314018691587
z3>2 逆張り,1,NY,75568,0.03662145352530058,-0.2233785464746994,-38.83166156877075,0.5449757950133634,0,11,-0.23998956282000863,-0.2086252810953989,-1577.5953271028118
z3>2 逆張り,3,全,135359,0.041948300445481645,-0.21805169955451828,-39.218739803523604,0.6205838499155796,0,11,-0.22883329244557846,-0.2091692626926813,-2758.4355140186954
z3>2 逆張り,3,Asia,50641,0.021156335775360243,-0.2388436642246397,-30.962926017091362,0.5318897555058566,0,11,-0.24033452725352358,-0.23771885393569825,-1130.400186915886
z3>2 逆張り,3,London,39973,0.05133940409776548,-0.20866059590223449,-23.42191829368302,0.6149416022378174,0,11,-0.2182878290359052,-0.20030178538044524,-779.5130841121513
z3>2 逆張り,3,NY,44745,0.057090445859871525,-0.2029095541401284,-16.949352242156806,0.7002739569376631,0,11,-0.22620886045504887,-0.1826904324595105,-848.5222429906585
z3>2 逆張り,5,全,116349,0.04775386982268804,-0.21224613017731186,-29.71593336736713,0.6828260401630396,0,11,-0.22097892782020465,-0.20499773506558938,-2307.9088785046783
z3>2 逆張り,5,Asia,42978,0.019470799013448913,-0.240529200986551,-23.258533910935082,0.5938362536166388,0,11,-0.24216530480593476,-0.23928064489661924,-966.1181308411205
z3>2 逆張り,5,London,34579,0.051798085543248114,-0.20820191445675182,-17.98251738329251,0.6726298953430804,0,11,-0.20533464150003114,-0.21068644067796718,-672.842429906544
z3>2 逆張り,5,NY,38792,0.07548393998762495,-0.18451606001237497,-12.409050760691985,0.7646651847742776,1,11,-0.21308693972179402,-0.15948268523892575,-668.948317757014
z3>2 逆張り,15,全,77067,0.04488699443341484,-0.21511300556658502,-15.940705814876916,0.7809756938595533,0,11,-0.20742337727768922,-0.22175856313497844,-1549.3564485981317
z3>2 逆張り,15,Asia,27272,0.005707392197125875,-0.254292607802874,-12.354658142112047,0.7080471806285339,0,11,-0.23139283040838368,-0.27234782608695546,-648.1371962616804
z3>2 逆張り,15,London,23276,0.04808863206736502,-0.21191136793263488,-9.972021804088739,0.7750109964084855,0,11,-0.18909509821920378,-0.23198570505572635,-460.9765420560757
z3>2 逆張り,15,NY,26519,0.08236898073079589,-0.177631019269204,-6.521345115863413,0.8430513128509819,1,11,-0.2005134270101483,-0.15624917937121754,-440.2427102803758
z3>2 逆張り,30,全,54732,0.055709219469414026,-0.20429078053058583,-9.733966603458358,0.8394332532034455,0,11,-0.20312679360362865,-0.20531191905333615,-1044.9759813084136
z3>2 逆張り,30,Asia,18749,0.007616459544509389,-0.2523835404554905,-7.705779765829935,0.7797151333604181,0,11,-0.23554098163926482,-0.2658579109062978,-442.2372897196254
z3>2 逆張り,30,London,16412,0.062087131367292596,-0.19791286863270727,-5.898627794763314,0.8399823397313876,1,11,-0.20290566283924782,-0.19353875171467724,-303.5650467289712
z3>2 逆張り,30,NY,19571,0.09643360073578028,-0.16356639926421962,-4.0041837791349115,0.8850837158451885,2,11,-0.17510876826722557,-0.15249884896406976,-299.17364485981705
z3>2 逆張り,60,全,36521,0.03667268147093377,-0.22332731852906612,-6.281109930936795,0.868716459357191,0,11,-0.19622588508415612,-0.2475333056865903,-762.2557943925256
z3>2 逆張り,60,Asia,12296,-0.009979017566688946,-0.2699790175666888,-4.7833166408569365,0.8275786523962041,0,11,-0.2363783490224483,-0.29738747784997066,-310.24878504672955
z3>2 逆張り,60,London,10655,0.1498450492726428,-0.11015495072735706,-1.9259195666413325,0.9334281798042248,3,11,-0.1306112341453593,-0.0922916666666649,-109.69168224298969
z3>2 逆張り,60,NY,13570,-0.009917022844512131,-0.269917022844512,-4.013166357503682,0.8548955433029419,0,11,-0.21167413562843232,-0.3273754940711495,-342.3153271028064
z3>2 順張り,1,全,228704,-0.024197714075835767,-0.2841977140758357,-105.48522642990456,0.3937400678615527,0,11,-0.27701185914629434,-0.29023209344230616,-6074.50037383177
z3>2 順張り,1,Asia,86842,-0.011411874438636019,-0.27141187443863596,-72.31886410101842,0.34443295708563343,0,11,-0.26886114880144746,-0.27335835955740573,-2202.7990654205632
z3>2 順張り,1,London,66294,-0.026784837240172568,-0.28678483724017245,-65.42031815353687,0.3692938512059263,0,11,-0.28340276400396636,-0.2898023976023979,-1776.8330841121492
z3>2 順張り,1,NY,75568,-0.03662145352530058,-0.2966214535253005,-51.564056079288406,0.4547844051307044,0,11,-0.2800104371799913,-0.31137471890460094,-2094.868224299057
z3>2 順張り,3,全,135359,-0.041948300445481645,-0.3019483004454816,-54.308367481110665,0.5240459038574226,0,11,-0.29116670755442137,-0.3108307373073185,-3819.7588785046673
z3>2 順張り,3,Asia,50641,-0.021156335775360243,-0.2811563357753602,-36.44820494656815,0.4844608709090273,0,11,-0.27966547274647624,-0.2822811460643016,-1330.6577570093473
z3>2 順張り,3,London,39973,-0.05133940409776548,-0.3113394040977654,-34.947499564309126,0.49340802379439624,0,11,-0.3017121709640947,-0.3196982146195546,-1163.0999999999979
z3>2 順張り,3,NY,44745,-0.057090445859871525,-0.31709044585987145,-26.487060613173117,0.5788396880254423,0,11,-0.293791139544951,-0.33730956754048924,-1326.0011214953224
z3>2 順張り,5,全,116349,-0.04775386982268804,-0.307753869822688,-43.08768071088229,0.5812675287996251,0,11,-0.29902107217979523,-0.3150022649344104,-3346.435046728965
z3>2 順張り,5,Asia,42978,-0.019470799013448913,-0.27947079901344885,-27.024082852767094,0.5534577378508183,0,11,-0.2778346951940652,-0.28071935510338053,-1122.5323364485987
z3>2 順張り,5,London,34579,-0.051798085543248114,-0.31179808554324806,-26.930177409696515,0.5603690649259432,0,11,-0.31466535849996863,-0.30931355932203264,-1007.6323364485958
z3>2 順張り,5,NY,38792,-0.07548393998762495,-0.3354839399876249,-22.561923555186347,0.6182444916233086,0,11,-0.3069130602782058,-0.360517314761074,-1216.2703738317705
z3>2 順張り,15,全,77067,-0.04488699443341484,-0.3048869944334147,-22.59330565459792,0.7078493587730292,0,11,-0.3125766227223106,-0.29824143686502125,-2195.955700934577
z3>2 順張り,15,Asia,27272,-0.005707392197125875,-0.26570739219712575,-12.909238789089477,0.7018101777257545,1,11,-0.2886071695916162,-0.2476521739130443,-677.2310280373845
z3>2 順張り,15,London,23276,-0.04808863206736502,-0.3080886320673649,-14.497884594583375,0.6937646208757282,0,11,-0.33090490178079607,-0.2880142949442734,-670.1935514018679
z3>2 順張り,15,NY,26519,-0.08236898073079589,-0.3423689807307958,-12.56934903316741,0.722419792933883,0,11,-0.3194865729898515,-0.3637508206287822,-848.5311214953248
z3>2 順張り,30,全,54732,-0.055709219469414026,-0.31570921946941394,-15.042788474045137,0.7648723080766857,0,11,-0.3168732063963712,-0.3146880809466636,-1614.8969158878472
z3>2 順張り,30,Asia,18749,-0.007616459544509389,-0.2676164595445093,-8.170871583936776,0.7702677266818609,0,11,-0.28445901836073495,-0.25414208909370195,-468.92906542056124
z3>2 順張り,30,London,16412,-0.062087131367292596,-0.32208713136729245,-9.59953801157081,0.7545603783733185,0,11,-0.31709433716075197,-0.3264612482853224,-494.0274766355144
z3>2 順張り,30,NY,19571,-0.09643360073578028,-0.3564336007357802,-8.725665227241253,0.7683344652431738,0,11,-0.34489123173277425,-0.36750115103592995,-651.9403738317714
z3>2 順張り,60,全,36521,-0.03667268147093377,-0.2966726814709337,-8.343957819841032,0.8304694669081902,0,11,-0.3237741149158437,-0.2724666943134094,-1012.5965420560719
z3>2 順張り,60,Asia,12296,0.009979017566688946,-0.25002098243331095,-4.429712859227084,0.8401123841757209,1,11,-0.28362165097755154,-0.22261252215002905,-287.3138317757002
z3>2 順張り,60,London,10655,-0.1498450492726428,-0.40984504927264265,-7.165620741267629,0.774727329678676,0,11,-0.3893887658546405,-0.4277083333333348,-408.1214018691596
z3>2 順張り,60,NY,13570,0.009917022844512131,-0.2500829771554878,-3.718270822373851,0.8658536889063531,1,11,-0.3083258643715674,-0.19262450592885025,-317.1613084112121
z3>3 逆張り,1,全,62884,0.033709767190382295,-0.22629023280961763,-33.34040697522874,0.5371232276100016,0,11,-0.2265579862941489,-0.22604042173859545,-1329.9098130841116
z3>3 逆張り,1,Asia,25184,0.009561030813216088,-0.2504389691867838,-28.315644617398732,0.42605736882859174,0,11,-0.2356475583864111,-0.26248523054754846,-589.4443925233611
z3>3 逆張り,1,London,16803,0.04840802237695695,-0.21159197762304296,-18.51392695045782,0.5477794081135102,0,11,-0.21607884972170863,-0.20686098545054118,-332.27850467289636
z3>3 逆張り,1,NY,20897,0.05099392257261609,-0.20900607742738386,-14.121672453324438,0.6327140477542351,0,11,-0.22537068303914054,-0.1927180368566828,-408.18691588785424
z3>3 逆張り,3,全,38728,0.051356047304275745,-0.2086439526957242,-16.06484851677671,0.6805874602372969,0,11,-0.20419145205479494,-0.21261202265846263,-755.1741121495334
z3>3 逆張り,3,Asia,15472,0.025054550155119718,-0.23494544984488022,-14.483120405354578,0.5828865665661263,0,11,-0.22508562197092014,-0.24269514025164396,-339.7267289719614
z3>3 逆張り,3,London,10636,0.07354277924031465,-0.1864572207596853,-9.406416644862361,0.6948221800783322,1,11,-0.18697127300037972,-0.18594161958568559,-185.34196261682365
z3>3 逆張り,3,NY,12620,0.06490269413629098,-0.19509730586370896,-6.453770054384747,0.7558470210224414,0,11,-0.1959242845461963,-0.19431990776326155,-230.10542056074834
z3>3 逆張り,5,全,35306,0.05963558601937321,-0.2003644139806267,-12.806302045889863,0.735858271698038,0,11,-0.19486187779433692,-0.2053455291133778,-661.1276635514025
z3>3 逆張り,5,Asia,13991,0.00994696590665453,-0.2500530340933454,-12.561949750921153,0.6216152959270427,0,11,-0.22491151866151854,-0.27015331189710556,-326.9618691588781
z3>3 逆張り,5,London,9819,0.09026265403808963,-0.16973734596191029,-6.671297140605518,0.7569684247979117,1,11,-0.15544934277047603,-0.1842334837915456,-155.76177570093432
z3>3 逆張り,5,NY,11496,0.093948938761307,-0.16605106123869293,-4.697727554991958,0.8212235917207722,1,11,-0.19630584253651565,-0.13717477048623172,-178.4040186915901
z3>3 逆張り,15,全,27952,0.03705090870062934,-0.22294909129937052,-8.458458723405776,0.7987019889856861,0,11,-0.20204169752629234,-0.24248484429065795,-582.4180373831781
z3>3 逆張り,15,Asia,10742,-0.03312465090299824,-0.29312465090299816,-8.022967061417093,0.6973367514269289,0,11,-0.25301157024793514,-0.3260198237885463,-294.2752336448604
z3>3 逆張り,15,London,7934,0.08231308293420751,-0.1776869170657924,-4.690745891892089,0.8246887993894686,2,11,-0.16301568334578012,-0.19273270359969313,-131.7540186915885
z3>3 逆張り,15,NY,9276,0.07960327727468694,-0.18039672272531293,-3.0632234783090584,0.8662752589889963,2,11,-0.18268180839612375,-0.17810472900021768,-156.38878504672925
z3>3 逆張り,30,全,23190,0.04847770590771954,-0.21152229409228035,-5.71560744228575,0.8506326580725574,0,11,-0.22113095870990673,-0.20241246639784724,-458.4300934579422
z3>3 逆張り,30,Asia,8687,-0.007901692183721632,-0.2679016921837215,-5.364529228893848,0.7778487122450962,0,11,-0.2596719939117202,-0.27473867228661497,-217.50112149532606
z3>3 逆張り,30,London,6622,0.06706810631229174,-0.19293189368770813,-3.3651061438654426,0.8558907427374614,1,11,-0.20253139080805438,-0.18322745217126946,-119.40140186915919
z3>3 逆張り,30,NY,7881,0.09500253774901792,-0.164997462250982,-2.0453191819578085,0.9036665310453742,3,11,-0.1987123287671216,-0.12998318675633624,-121.52757009345693
z3>3 逆張り,60,全,18377,0.015356260543071392,-0.24464373945692852,-4.720038779566174,0.8681625814717713,0,11,-0.2350371730662215,-0.2538340076660961,-420.1699065420538
z3>3 逆張り,60,Asia,6703,-0.03797851708190341,-0.2979785170819033,-3.8376986220665916,0.8185215505374803,1,11,-0.29003753263707766,-0.3046647430612782,-186.66822429906523
z3>3 逆張り,60,London,5292,0.06283125472411293,-0.197168745275887,-2.3377439762265237,0.8911914364446444,2,11,-0.19637400228050225,-0.19795452837278937,-97.51560747663495
z3>3 逆張り,60,NY,6382,0.032007051081168275,-0.22799294891883157,-2.2005232218821806,0.8922644435368495,1,11,-0.21473373860182163,-0.2421012289780046,-135.98607476635357
z3>3 順張り,1,全,62884,-0.033709767190382295,-0.2937097671903822,-43.27364486369842,0.4584619584203967,0,11,-0.293442013705851,-0.29395957826140434,-1726.1350467289717
z3>3 順張り,1,Asia,25184,-0.009561030813216088,-0.26956103081321603,-30.477662386135922,0.4148288441442523,0,11,-0.28435244161358875,-0.25751476945245133,-634.4509345794423
z3>3 順張り,1,London,16803,-0.04840802237695695,-0.30840802237695686,-26.985161069737654,0.430879585573485,0,11,-0.3039211502782913,-0.3131390145494587,-484.31588785046785
z3>3 順張り,1,NY,20897,-0.05099392257261609,-0.31099392257261604,-21.012567498525858,0.5149835994148036,0,11,-0.2946293169608593,-0.32728196314331703,-607.3682242990615
z3>3 順張り,3,全,38728,-0.051356047304275745,-0.3113560473042757,-23.973317558932813,0.5731228927535347,0,11,-0.31580854794520496,-0.30738797734153717,-1126.9342990654197
z3>3 順張り,3,Asia,15472,-0.025054550155119718,-0.2850545501551196,-17.57207630416575,0.5315958211599887,0,11,-0.2949143780290797,-0.27730485974835595,-412.18355140187015
z3>3 順張り,3,London,10636,-0.07354277924031465,-0.3335427792403146,-16.82660686261879,0.5348505358534597,0,11,-0.3330287269996202,-0.3340583804143143,-331.54775700934454
z3>3 順張り,3,NY,12620,-0.06490269413629098,-0.32490269413629086,-10.747699814320018,0.6340686934227415,0,11,-0.3240757154538036,-0.32568009223673816,-383.20299065420477
z3>3 順張り,5,全,35306,-0.05963558601937321,-0.31963558601937314,-20.429525272760714,0.6208365337522248,0,11,-0.3251381222056629,-0.314654470886622,-1054.6779439252325
z3>3 順張り,5,Asia,13991,-0.00994696590665453,-0.26994696590665446,-13.5613640259495,0.6090210619604058,0,11,-0.29508848133848126,-0.24984668810289423,-352.9745794392526
z3>3 順張り,5,London,9819,-0.09026265403808963,-0.35026265403808954,-13.766600562197855,0.5726863762875242,0,11,-0.36455065722952384,-0.33576651620845416,-321.4232710280375
z3>3 順張り,5,NY,11496,-0.093948938761307,-0.3539489387613069,-10.013520360999053,0.6624531766464558,0,11,-0.32369415746348423,-0.3828252295137681,-380.2800934579425
z3>3 順張り,15,全,27952,-0.03705090870062934,-0.29705090870062917,-11.269805296584959,0.7446578973605055,0,11,-0.3179583024737075,-0.2775151557093418,-775.9969158878492
z3>3 順張り,15,Asia,10742,0.03312465090299824,-0.2268753490970017,-6.209690816672735,0.7601854244473812,1,11,-0.26698842975206477,-0.19398017621145344,-227.76588785046656
z3>3 順張り,15,London,7934,-0.08231308293420751,-0.34231308293420737,-9.036701823803957,0.6943272341987322,0,11,-0.35698431665421976,-0.32726729640030655,-253.82355140186928
z3>3 順張り,15,NY,9276,-0.07960327727468694,-0.33960327727468675,-5.766627666748357,0.7661415214386482,0,11,-0.3373181916038761,-0.341895270999782,-294.4074766355135
z3>3 順張り,30,全,23190,-0.04847770590771954,-0.30847770590771945,-8.335468746836664,0.7917541720425528,0,11,-0.2988690412900931,-0.3175875336021525,-668.5605607476649
z3>3 順張り,30,Asia,8687,0.007901692183721632,-0.25209830781627823,-5.048078382079283,0.7910557011978725,1,11,-0.26032800608827955,-0.24526132771338482,-204.6708411214962
z3>3 順張り,30,London,6622,-0.06706810631229174,-0.32706810631229155,-5.704701659101838,0.7707420518488185,0,11,-0.31746860919194547,-0.33677254782873023,-202.41542056074718
z3>3 順張り,30,NY,7881,-0.09500253774901792,-0.35500253774901774,-4.40063435034708,0.8060245386905738,0,11,-0.32128767123287816,-0.3900168132436636,-261.4742990654214
z3>3 順張り,60,全,18377,-0.015356260543071392,-0.27535626054307133,-5.312591406772724,0.8539085542316154,0,11,-0.2849628269337782,-0.2661659923339037,-472.9179439252357
z3>3 順張り,60,Asia,6703,0.03797851708190341,-0.22202148291809648,-2.859439490497775,0.8623488154881609,1,11,-0.22996246736292214,-0.2153352569387214,-139.08504672897203
z3>3 順張り,60,London,5292,-0.06283125472411293,-0.32283125472411284,-3.8276696441565377,0.8293539770555903,1,11,-0.3236259977194975,-0.3220454716272105,-159.66570093457992
z3>3 順張り,60,NY,6382,-0.032007051081168275,-0.29200705108116815,-2.818369164066601,0.8650980860551302,1,11,-0.30526626139817814,-0.2778987710219952,-174.16719626168367
z3>4 逆張り,1,全,21804,0.05931663914878047,-0.2006833608512195,-13.432560134221866,0.6358873283597813,0,11,-0.2088627147922544,-0.19235714946783736,-408.94392523364394
z3>4 逆張り,1,Asia,8896,0.027005283273383956,-0.232994716726616,-12.83199662726953,0.5085108078153769,0,11,-0.2212448441246997,-0.24336225137536566,-193.71224299065196
z3>4 逆張り,1,London,5374,0.08786844064011726,-0.1721315593598827,-6.427844502560075,0.6895532756763261,2,11,-0.19134433480776133,-0.14894209445585171,-86.4518691588794
z3>4 逆張り,1,NY,7534,0.07710326519776953,-0.1828967348022304,-5.65817993704138,0.7141502220300797,1,11,-0.2088249357326473,-0.15521816684961737,-128.7798130841125
z3>4 逆張り,3,全,13318,0.09759423336837336,-0.16240576663162654,-5.6251520400219635,0.780612664077469,0,11,-0.17032897308675485,-0.1545015749212533,-202.1420560747666
z3>4 逆張り,3,Asia,5392,0.011492952522257644,-0.2485070474777423,-7.22804312175213,0.6179058290925988,0,11,-0.1984896166134198,-0.2918739612188308,-125.22897196261556
z3>4 逆張り,3,London,3391,0.1623308758478268,-0.09766912415217315,-2.121213977918522,0.8605100541793504,4,11,-0.14369494290375753,-0.04313208762887175,-30.95289719626347
z3>4 逆張り,3,NY,4535,0.15156030871003362,-0.10843969128996628,-1.6479030118708278,0.8763677447057562,3,11,-0.16099870017330734,-0.05396901661428102,-45.960186915887576
z3>4 逆張り,5,全,12469,0.08169949474697129,-0.17830050525302862,-5.747983921983796,0.7941494465523756,1,11,-0.17693893494897958,-0.1796785541391018,-207.7784112149546
z3>4 逆張り,5,Asia,5037,0.010212626563428995,-0.24978737343657093,-6.040132130840549,0.6679466583902652,0,11,-0.20353855932203502,-0.2905595816212197,-117.58682242990729
z3>4 逆張り,5,London,3196,0.1693000625782211,-0.0906999374217788,-1.7340073499090844,0.8874466892179409,3,11,-0.12623951751866988,-0.04817457044673597,-27.09130841121543
z3>4 逆張り,5,NY,4236,0.10061071765816773,-0.1593892823418322,-2.413836594614802,0.8477851538599231,2,11,-0.18868125287885454,-0.12859370460048808,-63.100280373831886
z3>4 逆張り,15,全,10885,0.06985686724850698,-0.19014313275149292,-3.830604192347666,0.8468019352163513,1,11,-0.20928338411901742,-0.17001809272521715,-193.43065420560754
z3>4 逆張り,15,Asia,4383,-0.03574332648870554,-0.2957433264887055,-4.526875151707437,0.7240785130449578,1,11,-0.22120775490665653,-0.3636181342632914,-121.14420560747628
z3>4 逆張り,15,London,2822,0.13686073706590676,-0.12313926293409319,-1.7120882940835138,0.8905138742163022,2,11,-0.20692258477287417,-0.019125496425741455,-32.47654205607579
z3>4 逆張り,15,NY,3680,0.14424836956521903,-0.1157516304347809,-1.0370464693714836,0.9244504841585216,3,11,-0.19827140633107956,-0.025041072447235337,-39.80990654205549
z3>4 逆張り,30,全,9905,0.052910247349821166,-0.2070897526501787,-3.3323718799598123,0.8671870518214353,1,11,-0.2045593750000006,-0.20979728317659715,-191.70317757009536
z3>4 逆張り,30,Asia,3915,0.02943805874840404,-0.2305619412515959,-2.8615102111325053,0.8199375142380324,1,11,-0.15135570824524544,-0.3046391497775548,-84.35981308411196
z3>4 逆張り,30,London,2575,-0.006451650485440624,-0.2664516504854405,-2.553212275109506,0.8280509045889795,1,11,-0.23292167832168173,-0.30832751091703436,-64.1227102803747
z3>4 逆張り,30,NY,3415,0.1245795021961893,-0.1354204978038106,-1.0159112289603145,0.9282033997664416,4,11,-0.2379872080088954,-0.021372912801496148,-43.22065420560871
z3>4 逆張り,60,全,8870,-0.04680248027057427,-0.3068024802705741,-3.464859974697664,0.8506932082625918,0,11,-0.24854411764705867,-0.3683289290681487,-254.33065420560678
z3>4 逆張り,60,Asia,3433,0.00665598601806243,-0.2533440139819375,-2.2542454862842023,0.8514727209013057,2,11,-0.2310181598062962,-0.2740527793374453,-81.28317757009266
z3>4 逆張り,60,London,2381,-0.03360604787904064,-0.29360604787904043,-2.1961898591554725,0.8519777978130676,2,11,-0.29074366845740734,-0.2970658627087138,-65.33420560747619
z3>4 逆張り,60,NY,3056,-0.1171374345549759,-0.3771374345549757,-1.9029935790073884,0.8493031198291314,1,11,-0.23228357276701816,-0.5365264604811064,-107.71327102803794
z3>4 順張り,1,全,21804,-0.05931663914878047,-0.31931663914878045,-21.373171841603394,0.4967136006340387,0,11,-0.3111372852077455,-0.32764285053216247,-650.689719626169
z3>4 順張り,1,Asia,8896,-0.027005283273383956,-0.2870052832733839,-15.806585139412695,0.4489179409311067,0,11,-0.29875515587530016,-0.27663774862463425,-238.61672897196482
z3>4 順張り,1,London,5374,-0.08786844064011726,-0.3478684406401172,-12.990321194428565,0.48467670954124703,0,11,-0.3286556651922386,-0.3710579055441481,-174.71448598130746
z3>4 順張り,1,NY,7534,-0.07710326519776953,-0.33710326519776945,-10.42878613396601,0.5442829830317486,0,11,-0.31117506426735253,-0.36478183315038243,-237.35850467289674
z3>4 順張り,3,全,13318,-0.09759423336837336,-0.35759423336837326,-12.385778984651372,0.5879242324802867,0,11,-0.34967102691324503,-0.3654984250787465,-445.0878504672893
z3>4 順張り,3,Asia,5392,-0.011492952522257644,-0.2714929525222576,-7.8966081163490625,0.603178604731852,1,11,-0.32151038338658017,-0.22812603878116902,-136.8121495327115
z3>4 順張り,3,London,3391,-0.1623308758478268,-0.4223308758478267,-9.172337367940338,0.5333287495759801,0,11,-0.37630505709624235,-0.47686791237112797,-133.84336448597946
z3>4 順張り,3,NY,4535,-0.15156030871003362,-0.4115603087100336,-6.254273358969859,0.6111084255611385,0,11,-0.35900129982669254,-0.4660309833857188,-174.43233644859833
z3>4 順張り,5,全,12469,-0.08169949474697129,-0.34169949474697114,-11.015578442519384,0.6500395986222549,0,11,-0.3430610650510203,-0.3403214458608979,-398.19168224298915
z3>4 順張り,5,Asia,5037,-0.010212626563428995,-0.2702126265634289,-6.534037110883162,0.6555929103397474,0,11,-0.31646144067796494,-0.2294404183787801,-127.20196261682165
z3>4 順張り,5,London,3196,-0.1693000625782211,-0.42930006257822095,-8.207386741242866,0.5764143673767792,0,11,-0.39376048248133,-0.4718254295532638,-128.22831775700882
z3>4 順張り,5,NY,4236,-0.10061071765816773,-0.36061071765816766,-5.461191203727114,0.6934885527767382,0,11,-0.33131874712114534,-0.3914062953995116,-142.76140186915873
z3>4 順張り,15,全,10885,-0.06985686724850698,-0.3298568672485069,-6.645262862099746,0.7524056801801082,0,11,-0.3107166158809825,-0.34998190727478257,-335.5599999999998
z3>4 順張り,15,Asia,4383,0.03574332648870554,-0.2242566735112944,-3.4326453785986475,0.7861479158974696,2,11,-0.29879224509334334,-0.15638186573670845,-91.86140186915921
z3>4 順張り,15,London,2822,-0.13686073706590676,-0.3968607370659067,-5.517822716508838,0.6923942109935335,0,11,-0.3130774152271257,-0.5008745035742582,-104.66738317756904
z3>4 順張り,15,NY,3680,-0.14424836956521903,-0.4042483695652189,-3.6217575755271696,0.7625269517608368,0,11,-0.32172859366892026,-0.49495892755276466,-139.03121495327156
z3>4 順張り,30,全,9905,-0.052910247349821166,-0.31291024734982104,-5.0351757915381965,0.8083791523014846,0,11,-0.31544062499999914,-0.31020271682340267,-289.6613084112129
z3>4 順張り,30,Asia,3915,-0.02943805874840404,-0.28943805874840395,-3.5922232268817478,0.7816178146980465,1,11,-0.36864429175475444,-0.21536085022244494,-105.90186915887865
z3>4 順張り,30,London,2575,0.006451650485440624,-0.25354834951455923,-2.4295693313774436,0.83861529212969,1,11,-0.28707832167831804,-0.21167248908296526,-61.01747663551309
z3>4 順張り,30,NY,3415,-0.1245795021961893,-0.38457950219618925,-2.8850775255242245,0.8107622411206223,1,11,-0.28201279199110435,-0.49862708719850357,-122.74196261682116
z3>4 順張り,60,全,8870,0.04680248027057427,-0.21319751972942563,-2.4077365742409618,0.8946138991071787,2,11,-0.2714558823529411,-0.15167107093185106,-176.7347663551407
z3>4 順張り,60,Asia,3433,-0.00665598601806243,-0.2666559860180623,-2.372694911649805,0.8452605366108931,2,11,-0.28898184019370365,-0.24594722066255453,-85.55420560747739
z3>4 順張り,60,London,2381,0.03360604787904064,-0.22639395212095914,-1.693439578012432,0.8849596730133573,2,11,-0.22925633154259237,-0.2229341372912856,-50.377943925234
z3>4 順張り,60,NY,3056,0.1171374345549759,-0.1428625654450239,-0.7208686272239385,0.9405395253463718,2,11,-0.2877164272329815,0.016526460481106675,-40.80261682242926
z5>2 逆張り,1,全,224431,0.019197450441338082,-0.24080254955866184,-86.4532088747216,0.45025644144081955,0,11,-0.24242187242379307,-0.23942637070983486,-5050.799719626172
z5>2 逆張り,1,Asia,85756,0.007761894211483778,-0.25223810578851624,-65.32523089628633,0.36388754145176555,0,11,-0.2475406420123896,-0.2558521880867393,-2021.582336448598
z5>2 逆張り,1,London,64547,0.025322028909167002,-0.23467797109083294,-50.94581662125855,0.43779413005868095,0,11,-0.2396490791926992,-0.23020505651047762,-1415.6784112149526
z5>2 逆張り,1,NY,74128,0.02709385117634284,-0.23290614882365715,-39.32897032869237,0.5378600590398018,0,11,-0.23941149601384604,-0.22700882178956364,-1613.5389719626223
z5>2 逆張り,3,全,120914,0.039333633822385895,-0.220666366177614,-36.327179032237346,0.6241105492826119,0,11,-0.22526080498496565,-0.21680624885858657,-2493.612429906544
z5>2 逆張り,3,Asia,45719,0.015787659397624068,-0.24421234060237587,-29.02241178900175,0.5267056646560638,0,11,-0.23678477703483958,-0.24993255381756346,-1043.471401869161
z5>2 逆張り,3,London,35301,0.046129628055862515,-0.21387037194413744,-21.531550699312685,0.6176372381309649,0,11,-0.21933790478492063,-0.20904352232118986,-705.5923364485978
z5>2 逆張り,3,NY,39894,0.060304030681305215,-0.1996959693186947,-15.375229327272544,0.7118454322377654,1,11,-0.2182689868357947,-0.1832042970044007,-744.5486915887857
z5>2 逆張り,5,全,94903,0.04902684846632778,-0.21097315153367216,-25.15892642974221,0.6937255778203543,0,11,-0.214321446018564,-0.2082007280992387,-1871.2135514018776
z5>2 逆張り,5,Asia,35640,0.019659259259258672,-0.24034074074074127,-20.00885620166129,0.5986324042375109,0,11,-0.23022286194850575,-0.24809032801506378,-800.5368224299084
z5>2 逆張り,5,London,28034,0.06322975672397672,-0.1967702432760232,-14.35470857923235,0.698287896400521,0,11,-0.20668340006159536,-0.1882130134254974,-515.5380373831808
z5>2 逆張り,5,NY,31229,0.06979269268948615,-0.19020730731051375,-10.802591328759577,0.7693041845925683,1,11,-0.20423952960594235,-0.17798040508149723,-555.1386915887882
z5>2 逆張り,15,全,64758,0.05519355137589181,-0.20480644862410807,-13.516937376616957,0.7954308254620084,0,11,-0.19518654915890363,-0.21302838240348232,-1239.5192523364478
z5>2 逆張り,15,Asia,23379,-0.007733863723855021,-0.26773386372385494,-12.24642402000234,0.6982934263264491,0,11,-0.21687912942091,-0.30772751585542896,-584.9859813084117
z5>2 逆張り,15,London,19454,0.08456764675645075,-0.17543235324354917,-7.163954833035477,0.815403164442075,1,11,-0.17906046203161272,-0.17227837032766455,-318.95897196261734
z5>2 逆張り,15,NY,21925,0.09623055872291977,-0.16376944127708015,-5.212866946138473,0.8597318875786233,1,11,-0.18782033704655776,-0.14165365084923703,-335.5742990654189
z5>2 逆張り,30,全,47479,0.0208517028581046,-0.23914829714189526,-10.518110481713254,0.8180947161011032,0,11,-0.21987256813749967,-0.2558640868334136,-1061.170280373836
z5>2 逆張り,30,Asia,16620,-0.042791516245488576,-0.3027915162454885,-8.826897070044847,0.7423451488915148,0,11,-0.25554047457627105,-0.340485018929153,-470.3172897196279
z5>2 逆張り,30,London,14207,0.06193812909129179,-0.1980618709087081,-5.240907252853223,0.8442671885608033,2,11,-0.24123280584297038,-0.16090150622135094,-262.97803738317907
z5>2 逆張り,30,NY,16652,0.049318880614940316,-0.21068111938505954,-4.721936529629996,0.8586511809138223,1,11,-0.1700909427443244,-0.2491629620963976,-327.87495327102914
z5>2 逆張り,60,全,32678,-0.012539476100129407,-0.2725394761001293,-7.437478603730852,0.8445150282204842,0,11,-0.2175854881782063,-0.3212383838383851,-832.3406542056099
z5>2 逆張り,60,Asia,11171,-0.05138796884791079,-0.3113879688479107,-5.272806578293706,0.8054486448998647,0,11,-0.2273331332533009,-0.37944338247205767,-325.0948598130851
z5>2 逆張り,60,London,9614,0.07489712918660049,-0.18510287081339938,-3.030302349565343,0.8925129779003916,1,11,-0.25584760620364233,-0.124165150048406,-166.3157943925254
z5>2 逆張り,60,NY,11893,-0.046730934162952535,-0.30673093416295244,-4.511596259389329,0.8403050092718898,0,11,-0.18051354554690127,-0.431240688157674,-340.92999999999944
z5>2 順張り,1,全,224431,-0.019197450441338082,-0.279197450441338,-100.23779044089643,0.40680058488596055,0,11,-0.2775781275762068,-0.28057362929016494,-5856.127383177564
z5>2 順張り,1,Asia,85756,-0.007761894211483778,-0.2677618942114837,-69.3456189337928,0.35465737259520397,0,11,-0.27245935798761034,-0.26414781191326053,-2145.998971962617
z5>2 順張り,1,London,64547,-0.025322028909167002,-0.2853220289091669,-61.94004360633259,0.377994288134437,0,11,-0.2803509208073007,-0.2897949434895223,-1721.1851401869158
z5>2 順張り,1,NY,74128,-0.02709385117634284,-0.2870938511763428,-48.47920766150905,0.4737672841826251,0,11,-0.2805885039861539,-0.29299117821043624,-1988.9432710280316
z5>2 順張り,3,全,120914,-0.039333633822385895,-0.29933363382238587,-49.277770303624635,0.5361868639010691,0,11,-0.2947391950150342,-0.3031937511414132,-3382.5819626168195
z5>2 順張り,3,Asia,45719,-0.015787659397624068,-0.275787659397624,-32.774850761513626,0.4960996158663256,0,11,-0.2832152229651604,-0.2700674461824364,-1178.3865420560721
z5>2 順張り,3,London,35301,-0.046129628055862515,-0.30612962805586247,-30.819816448293324,0.5121181067386252,0,11,-0.3006620952150792,-0.31095647767881,-1009.9702803738319
z5>2 順張り,3,NY,39894,-0.060304030681305215,-0.32030403068130514,-24.661228481359103,0.5859626258483088,0,11,-0.3017310131642052,-0.33679570299559913,-1194.2251401869148
z5>2 順張り,5,全,94903,-0.04902684846632778,-0.30902684846632766,-36.852005522316645,0.5920275990762853,0,11,-0.3056785539814359,-0.3117992719007611,-2740.8948598130746
z5>2 順張り,5,Asia,35640,-0.019659259259258672,-0.27965925925925866,-23.282202953754457,0.5602854444800084,0,11,-0.2897771380514941,-0.2719096719849361,-931.5005607476617
z5>2 順張り,5,London,28034,-0.06322975672397672,-0.3232297567239767,-23.58013531243233,0.5616405652361945,0,11,-0.31331659993840455,-0.3317869865745024,-846.861962616819
z5>2 順張り,5,NY,31229,-0.06979269268948615,-0.329792692689486,-18.73017252970065,0.6392339430651397,0,11,-0.3157604703940574,-0.34201959491850253,-962.5323364485944
z5>2 順張り,15,全,64758,-0.05519355137589181,-0.31519355137589167,-20.802330805905704,0.7064382183759057,0,11,-0.3248134508410962,-0.3069716175965174,-1907.5985046728968
z5>2 順張り,15,Asia,23379,0.007733863723855021,-0.2522661362761449,-11.538914158097604,0.7176636743614105,1,11,-0.3031208705790898,-0.21227248414457087,-551.1897196261675
z5>2 順張り,15,London,19454,-0.08456764675645075,-0.34456764675645063,-14.070762961616396,0.6727854232743258,0,11,-0.34093953796838716,-0.34772162967233516,-626.4690654205599
z5>2 順張り,15,NY,21925,-0.09623055872291977,-0.3562305587229197,-11.339004946773525,0.7225955705392123,0,11,-0.33217966295344203,-0.3783463491507627,-729.9397196261696
z5>2 順張り,30,全,47479,-0.0208517028581046,-0.28085170285810446,-12.352290503185616,0.7918631772590495,0,11,-0.30012743186250007,-0.2641359131665862,-1246.2203738317705
z5>2 順張り,30,Asia,16620,0.042791516245488576,-0.21720848375451127,-6.332003461045273,0.8096395749178508,1,11,-0.26445952542372875,-0.17951498107084676,-337.383644859811
z5>2 順張り,30,London,14207,-0.06193812909129179,-0.3219381290912917,-8.518791971334274,0.7611650517883249,0,11,-0.2787671941570294,-0.3590984937786489,-427.4556074766338
z5>2 順張り,30,NY,16652,-0.049318880614940316,-0.3093188806149402,-6.932676862279493,0.8015259616078951,0,11,-0.3499090572556754,-0.2708370379036021,-481.3811214953256
z5>2 順張り,60,全,32678,0.012539476100129407,-0.24746052389987044,-6.753085380912421,0.8588545352459293,1,11,-0.3024145118217935,-0.19876161616161453,-755.7490654205577
z5>2 順張り,60,Asia,11171,0.05138796884791079,-0.20861203115208907,-3.532477167437381,0.8660272621059124,1,11,-0.2926668667466989,-0.140556617527942,-217.79485981308292
z5>2 順張り,60,London,9614,-0.07489712918660049,-0.33489712918660036,-5.482570599674246,0.8151444619429214,0,11,-0.2641523937963574,-0.39583484995159374,-300.90663551401644
z5>2 順張り,60,NY,11893,0.046730934162952535,-0.21326906583704736,-3.136898866427062,0.8871706841616431,2,11,-0.3394864544530985,-0.08875931184232584,-237.04757009345835
z5>3 逆張り,1,全,60558,0.030803213448264467,-0.22919678655173545,-32.26029081878326,0.5443342662974207,0,11,-0.23595770734719146,-0.2229202649344025,-1297.1681308411212
z5>3 逆張り,1,Asia,24628,0.010629040116941128,-0.24937095988305882,-26.849433052570802,0.44152842508856915,0,11,-0.24564740566037735,-0.2523883416642144,-573.9727102803713
z5>3 逆張り,1,London,16018,0.04860432013984312,-0.21139567986015678,-17.420177263879573,0.5578224479016024,0,11,-0.22231085824960764,-0.1997713033389175,-316.4613084112142
z5>3 逆張り,1,NY,19912,0.041435566492565606,-0.21856443350743432,-14.120595195616914,0.6313507022671878,0,11,-0.23655730063836372,-0.20088330180225236,-406.73411214953575
z5>3 逆張り,3,全,33758,0.05812847325078458,-0.20187152674921532,-14.251850002908432,0.7031246113322073,0,11,-0.21291073988655584,-0.19187423087778696,-636.8952336448609
z5>3 逆張り,3,Asia,13666,0.01811042002048931,-0.24188957997951063,-12.007090856491413,0.5932128032648684,0,11,-0.24001850016518056,-0.243377693116131,-308.9404672897189
z5>3 逆張り,3,London,9122,0.0768082657311985,-0.18319173426880145,-8.12184062768813,0.7118786034032648,0,11,-0.19069371897258877,-0.17544909779460974,-156.17523364486047
z5>3 逆張り,3,NY,10970,0.09244840474019929,-0.16755159525980062,-5.529559784257834,0.7964256779244732,1,11,-0.20148823749066644,-0.1351745635910231,-171.7795327102816
z5>3 逆張り,5,全,27114,0.07174400678616173,-0.18825599321383818,-9.419921251277884,0.761238097683809,1,11,-0.2049516559409829,-0.17345386863345424,-477.04420560747747
z5>3 逆張り,5,Asia,10900,0.02472963302752253,-0.2352703669724774,-9.847373393456717,0.6513501369408583,0,11,-0.23063653483992386,-0.23888825355334217,-239.667943925234
z5>3 逆張り,5,London,7455,0.10089470154258982,-0.15910529845741006,-5.135372322241324,0.7779248962904991,1,11,-0.17467832354511506,-0.14337692100296337,-110.85327102803663
z5>3 逆張り,5,NY,8759,0.10543943372530956,-0.15456056627469034,-3.260139729806567,0.8440690249424633,1,11,-0.20273583115959373,-0.10983245266402598,-126.5229906542068
z5>3 逆張り,15,全,21811,0.028455458255009017,-0.2315445417449909,-7.334502100639229,0.8006897415886316,0,11,-0.20668038972203714,-0.25449488626344463,-471.9829906542053
z5>3 逆張り,15,Asia,8575,-0.04406110787172121,-0.30406110787172114,-7.073155999882106,0.6977702808671548,0,11,-0.23279812938425648,-0.3620998730427434,-243.6751401869167
z5>3 逆張り,15,London,6175,0.0680646153846174,-0.19193538461538248,-4.2384991557184755,0.8192833030690574,1,11,-0.21101984635083162,-0.1723942969518154,-110.76644859812961
z5>3 逆張り,15,NY,7061,0.08188174479535457,-0.17811825520464533,-2.4665177625515926,0.8761281321107667,2,11,-0.1740477688787202,-0.18210995792426227,-117.54140186915895
z5>3 逆張り,30,全,18532,0.02106987912799388,-0.23893012087200602,-5.431383635173335,0.8383332303714027,0,11,-0.22206539873206585,-0.2548226600985234,-413.81803738317905
z5>3 逆張り,30,Asia,7167,0.0002949630249754602,-0.25970503697502445,-4.774593577233503,0.7870129465913769,1,11,-0.2052570194384453,-0.30465308201732016,-173.95383177570096
z5>3 逆張り,30,London,5250,0.0021373333333348067,-0.25786266666666513,-3.6775015749909614,0.8185873527238929,0,11,-0.24814992503748073,-0.26789891556932344,-126.52140186915813
z5>3 逆張り,30,NY,6115,0.061673262469333724,-0.1983267375306661,-1.9747153035262994,0.8915940052620467,2,11,-0.21716028552887864,-0.17918892185955138,-113.34280373831993
z5>3 逆張り,60,全,15181,-0.0005596469270792498,-0.26055964692707917,-4.382849974086967,0.8638801124071791,1,11,-0.24448550626938084,-0.2759153786707871,-369.67813084112043
z5>3 逆張り,60,Asia,5730,-0.0285808027923185,-0.2885808027923184,-3.3992113234005368,0.8262112478055292,1,11,-0.2623703136954857,-0.3105686777920361,-154.5390654205593
z5>3 逆張り,60,London,4387,-0.006834283109184152,-0.266834283109184,-2.7494508901668064,0.8586764893542155,2,11,-0.2779113012156678,-0.25547599261310805,-109.40205607476545
z5>3 逆張り,60,NY,5064,0.036582543443915046,-0.22341745655608483,-1.7962903423834955,0.8995341698603919,1,11,-0.1976266460108443,-0.25024738114424405,-105.73700934579567
z5>3 順張り,1,全,60558,-0.030803213448264467,-0.2908032134482644,-40.9316220267342,0.4728707506629876,0,11,-0.2840422926528084,-0.2970797350655973,-1645.8374766355137
z5>3 順張り,1,Asia,24628,-0.010629040116941128,-0.270629040116941,-29.138261721047108,0.42522002733395786,0,11,-0.27435259433962256,-0.2676116583357855,-622.9020560747686
z5>3 順張り,1,London,16018,-0.04860432013984312,-0.308604320139843,-25.43070872967422,0.4385487477864679,0,11,-0.2976891417503922,-0.32022869666108233,-461.9835514018697
z5>3 順張り,1,NY,19912,-0.041435566492565606,-0.30143556649256553,-19.474575728983847,0.5385788327834187,0,11,-0.2834426993616362,-0.31911669819774746,-560.9518691588753
z5>3 順張り,3,全,33758,-0.05812847325078458,-0.31812847325078447,-22.459429298600035,0.5826559456690876,0,11,-0.30708926011344395,-0.3281257691222129,-1003.6804672897181
z5>3 順張り,3,Asia,13666,-0.01811042002048931,-0.2781104200204892,-13.805047251749572,0.559419053014403,0,11,-0.27998149983481935,-0.27662230688386885,-355.20158878504725
z5>3 順張り,3,London,9122,-0.0768082657311985,-0.3368082657311985,-14.932458974065721,0.547204711812796,0,11,-0.32930628102741116,-0.3445509022053901,-287.1369158878498
z5>3 順張り,3,NY,10970,-0.09244840474019929,-0.3524484047401992,-11.631548609581126,0.6253848992004962,0,11,-0.3185117625093335,-0.3848254364089767,-361.34196261682104
z5>3 順張り,5,全,27114,-0.07174400678616173,-0.33174400678616156,-16.59974997958964,0.6249135457441325,0,11,-0.31504834405901694,-0.34654613136654555,-840.6455140186902
z5>3 順張り,5,Asia,10900,-0.02472963302752253,-0.2847296330275224,-11.917518762283905,0.6034530871355918,0,11,-0.28936346516007605,-0.2811117464466576,-290.0516822429901
z5>3 順張り,5,London,7455,-0.10089470154258982,-0.3608947015425897,-11.648440872265887,0.5752451938469615,1,11,-0.34532167645488476,-0.37662307899703645,-251.44579439252396
z5>3 順張り,5,NY,8759,-0.10543943372530956,-0.36543943372530946,-7.708199092700834,0.6740534274407075,0,11,-0.3172641688404061,-0.41016754733597377,-299.14803738317624
z5>3 順張り,15,全,21811,-0.028455458255009017,-0.28845545825500896,-9.13723618172046,0.7615856401047422,0,11,-0.3133196102779626,-0.26550511373655517,-587.9908411214954
z5>3 順張り,15,Asia,8575,0.04406110787172121,-0.2159388921282787,-5.023231945564718,0.7784822710545067,1,11,-0.2872018706157433,-0.1579001269572564,-173.0538317757
z5>3 順張り,15,London,6175,-0.0680646153846174,-0.3280646153846173,-7.244633906953738,0.7157181103285942,1,11,-0.3089801536491682,-0.3476057030481844,-189.32700934579552
z5>3 順張り,15,NY,7061,-0.08188174479535457,-0.34188174479535444,-4.734255875463348,0.7786083387786453,0,11,-0.3459522311212796,-0.3378900420757375,-225.60999999999981
z5>3 順張り,30,全,18532,-0.02106987912799388,-0.28106987912799375,-6.389308875182486,0.8145483362375803,0,11,-0.2979346012679339,-0.2651773399014764,-486.80252336448416
z5>3 順張り,30,Asia,7167,-0.0002949630249754602,-0.2602949630249754,-4.785439177927067,0.7886304876184815,1,11,-0.31474298056155453,-0.21534691798267963,-174.3489719626167
z5>3 順張り,30,London,5250,-0.0021373333333348067,-0.2621373333333347,-3.738464620174854,0.8183546631138875,1,11,-0.27185007496251906,-0.2521010844306764,-128.61878504672967
z5>3 順張り,30,NY,6115,-0.061673262469333724,-0.32167326246933353,-3.2028617121541956,0.831657149645033,0,11,-0.3028397144711211,-0.34081107814044825,-183.83476635513784
z5>3 順張り,60,全,15181,0.0005596469270792498,-0.2594403530729207,-4.364022434605893,0.8654208936296988,1,11,-0.2755144937306189,-0.24408462132921277,-368.09009345794476
z5>3 順張り,60,Asia,5730,0.0285808027923185,-0.23141919720768137,-2.725901196437976,0.8590410494236275,1,11,-0.25762968630451405,-0.2094313222079636,-123.92822429906676
z5>3 順張り,60,London,4387,0.006834283109184152,-0.25316571689081574,-2.6086104737161997,0.8664620581741872,1,11,-0.2420886987843319,-0.2645240073868917,-103.79794392523445
z5>3 順張り,60,NY,5064,-0.036582543443915046,-0.2965825434439149,-2.3845422229757642,0.8698706620637038,2,11,-0.3223733539891555,-0.26975261885575585,-140.36392523364347
z5>4 逆張り,1,全,20085,0.04538790141897031,-0.21461209858102964,-13.794882110653521,0.6276564399435396,0,11,-0.21911939995945676,-0.2102604951560798,-402.848971962615
z5>4 逆張り,1,Asia,8665,0.03681984997115046,-0.2231801500288495,-12.9921141387935,0.5380496072293246,1,11,-0.23349134687735026,-0.2143920478837078,-180.73420560747485
z5>4 逆張り,1,London,4853,0.06426643313414392,-0.195733566865856,-6.655049069849728,0.6677040111859702,1,11,-0.2076369598765445,-0.18208757187085176,-88.77523364485974
z5>4 逆張り,1,NY,6567,0.042742043551088696,-0.21725795644891124,-6.077166910396803,0.6851705682002491,0,11,-0.21074140553696424,-0.22378841463414587,-133.3395327102804
z5>4 逆張り,3,全,11221,0.07992745744585877,-0.18007254255414115,-6.169959425587769,0.7720055727121683,1,11,-0.18409677419355022,-0.17622166027206274,-188.84056074766522
z5>4 逆張り,3,Asia,4744,0.06617032040472282,-0.19382967959527714,-5.106637974140914,0.7070073923018106,1,11,-0.20167005076142158,-0.18723670935195738,-85.93719626168175
z5>4 逆張り,3,London,2795,0.10842146690518434,-0.15157853309481556,-2.792935122693174,0.8040578508994821,1,11,-0.15643059299191758,-0.14608619374523554,-39.59457943925323
z5>4 逆張り,3,NY,3682,0.07602281368820915,-0.18397718631179077,-2.97542637394166,0.8098190512233352,1,11,-0.18571732026144003,-0.18224647887324472,-63.30878504673025
z5>4 逆張り,5,全,9010,0.09307702552719158,-0.16692297447280832,-4.084625983064854,0.8218930348762449,1,11,-0.17971082132235205,-0.1548738952360427,-140.5585046728975
z5>4 逆張り,5,Asia,3770,0.08153076923076884,-0.17846923076923113,-3.058014294579532,0.776239658015283,1,11,-0.21106914893617176,-0.15192492781520628,-62.881214953271154
z5>4 逆張り,5,London,2296,0.1473828397212523,-0.1126171602787476,-1.7785529204752082,0.8695021966735704,3,11,-0.1549778142974528,-0.06483873957368343,-24.16532710280416
z5>4 逆張り,5,NY,2944,0.0655101902173921,-0.19448980978260777,-2.2279321647091264,0.8343189890002803,2,11,-0.16400752393980725,-0.2245607287449387,-53.511962616822174
z5>4 逆張り,15,全,7886,0.034373953842250636,-0.22562604615774925,-3.5286072846782695,0.8326868665706321,1,11,-0.24685147247119207,-0.20480582768148847,-166.2885046728982
z5>4 逆張り,15,Asia,3289,0.03043235025843524,-0.22956764974156468,-2.76005362011162,0.7967117866013297,1,11,-0.2241755775577583,-0.2341724915445335,-70.5652336448604
z5>4 逆張り,15,London,2047,0.12419785051294531,-0.1358021494870546,-1.5415151372843205,0.8873821609862216,2,11,-0.24594080145719807,-0.008370916754475526,-25.980093457943997
z5>4 逆張り,15,NY,2550,-0.03264784313725649,-0.2926478431372564,-1.946750835633899,0.8323740399578776,1,11,-0.2742151702786361,-0.31157869634340696,-69.74317757009382
z5>4 逆張り,30,全,7316,0.027363039912519895,-0.23263696008748,-3.0260061133208116,0.8596628538366221,1,11,-0.26065497396546927,-0.20475647668393954,-159.0628037383181
z5>4 逆張り,30,Asia,3005,0.07037737104825402,-0.1896226289517459,-1.7607163970159947,0.8604749106751087,3,11,-0.20804704205274574,-0.17348689138576417,-53.253831775700604
z5>4 逆張り,30,London,1926,0.008534787123570335,-0.2514652128764296,-1.9947449307758922,0.8447180733475784,1,11,-0.2694135922330098,-0.23083258928571807,-45.26373831775733
z5>4 逆張り,30,NY,2385,-0.011628511530400102,-0.2716285115304,-1.6576372717370844,0.8684543322103053,1,11,-0.3139342105263118,-0.22762189905903227,-60.5452336448602
z5>4 逆張り,60,全,6682,-0.09461104459742392,-0.3546110445974238,-3.2268212794420466,0.8382387044956743,0,11,-0.3198175797712225,-0.38901101190475745,-221.449626168223
z5>4 逆張り,60,Asia,2703,0.02018830928598223,-0.23981169071401767,-1.6977289668184854,0.8666440227314407,1,11,-0.28095106550907956,-0.2035139275765918,-60.580467289718676
z5>4 逆張り,60,London,1811,0.01685698509111228,-0.24314301490888748,-1.5002019770476678,0.8840732788976324,2,11,-0.3532654127481683,-0.11973887587821816,-41.15252336448554
z5>4 逆張り,60,NY,2168,-0.3308523985239857,-0.5908523985239856,-2.310865703454977,0.786115814584327,0,11,-0.3355136612021859,-0.8528728971962624,-119.71663551401878
z5>4 順張り,1,全,20085,-0.04538790141897031,-0.3053879014189702,-19.629788469283238,0.5249038881144091,0,11,-0.3008806000405431,-0.30973950484392004,-573.24448598131
z5>4 順張り,1,Asia,8665,-0.03681984997115046,-0.29681984997115046,-17.27894424744432,0.4484258348209547,0,11,-0.28650865312264956,-0.30560795211629205,-240.36859813084288
z5>4 順張り,1,London,4853,-0.06426643313414392,-0.3242664331341438,-11.02523730991855,0.5256750622570977,0,11,-0.3123630401234554,-0.33791242812914807,-147.0714953271028
z5>4 順張り,1,NY,6567,-0.042742043551088696,-0.3027420435510886,-8.468338557199033,0.5967217351229164,0,11,-0.30925859446303566,-0.2962115853658539,-185.80439252336438
z5>4 順張り,3,全,11221,-0.07992745744585877,-0.33992745744585867,-11.647187240961895,0.6203417707004554,0,11,-0.33590322580644966,-0.34377833972793714,-356.4790654205589
z5>4 順張り,3,Asia,4744,-0.06617032040472282,-0.3261703204047227,-8.593285340482248,0.563946248240469,0,11,-0.3183299492385783,-0.33276329064804244,-144.61233644859857
z5>4 順張り,3,London,2795,-0.10842146690518434,-0.3684214669051843,-6.788410165112121,0.6012606467261782,0,11,-0.36356940700808227,-0.37391380625476417,-96.23719626168132
z5>4 順張り,3,NY,3682,-0.07602281368820915,-0.3360228136882091,-5.434430008074897,0.6840333456171656,0,11,-0.33428267973855985,-0.3377535211267551,-115.62953271027905
z5>4 順張り,5,全,9010,-0.09307702552719158,-0.3530770255271915,-8.639838806170753,0.6659967824137486,0,11,-0.3402891786776478,-0.36512610476395707,-297.3106542056071
z5>4 順張り,5,Asia,3770,-0.08153076923076884,-0.34153076923076886,-5.852022613897513,0.6210545492431226,0,11,-0.3089308510638281,-0.36807507218479363,-120.33373831775688
z5>4 順張り,5,London,2296,-0.1473828397212523,-0.4073828397212522,-6.4337614049610305,0.6123144885259154,0,11,-0.36502218570254713,-0.45516126042631616,-87.41598130841076
z5>4 順張り,5,NY,2944,-0.0655101902173921,-0.325510190217392,-3.7288052445345437,0.7419829229291697,0,11,-0.35599247606019263,-0.29543927125506103,-89.56093457943945
z5>4 順張り,15,全,7886,-0.034373953842250636,-0.29437395384225046,-4.603768472816602,0.7901661509025067,0,11,-0.2731485275288077,-0.31519417231851127,-216.95635514018574
z5>4 順張り,15,Asia,3289,-0.03043235025843524,-0.2904323502584352,-3.491819777876934,0.7528063893474315,1,11,-0.29582442244224155,-0.2858275084554664,-89.27401869158817
z5>4 順張り,15,London,2047,-0.12419785051294531,-0.3841978505129452,-4.361100354558524,0.717152277914405,2,11,-0.2740591985428018,-0.5116290832455241,-73.50028037383167
z5>4 順張り,15,NY,2550,0.03264784313725649,-0.22735215686274343,-1.5123911272024297,0.8687880043644697,1,11,-0.24578482972136376,-0.20842130365659273,-54.18205607476596
z5>4 順張り,30,全,7316,-0.027363039912519895,-0.28736303991251977,-3.737851092925002,0.8312290631640696,1,11,-0.25934502603453047,-0.31524352331606026,-196.4811214953266
z5>4 順張り,30,Asia,3005,-0.07037737104825402,-0.3303773710482539,-3.0676763507783975,0.7709204057875363,2,11,-0.3119529579472541,-0.34651310861423573,-92.78355140186945
z5>4 順張り,30,London,1926,-0.008534787123570335,-0.2685347871235703,-2.1301491336495464,0.8378904107356341,2,11,-0.25058640776699004,-0.2891674107142818,-48.336261682242665
z5>4 順張り,30,NY,2385,0.011628511530400102,-0.24837148846959978,-1.5157092096274598,0.8799078619047664,2,11,-0.20606578947368798,-0.29237810094096744,-55.36130841121453
z5>4 順張り,60,全,6682,0.09461104459742392,-0.16538895540257595,-1.5049745596152837,0.9216902195698728,2,11,-0.20018242022877733,-0.13098898809524234,-103.2830841121507
z5>4 順張り,60,Asia,2703,-0.02018830928598223,-0.2801883092859821,-1.9835722246167522,0.8468832455659545,1,11,-0.2390489344909202,-0.31648607242340787,-70.78028037383268
z5>4 順張り,60,London,1811,-0.01685698509111228,-0.27685698509111206,-1.7082185007403279,0.8703153399104901,1,11,-0.1667345872518315,-0.4002611241217814,-46.85869158878542
z5>4 順張り,60,NY,2168,0.3308523985239857,0.07085239852398571,0.2771087638226046,1.0289834891397767,3,11,-0.1844863387978139,0.33287289719626223,14.355887850467386
z15>2 逆張り,1,全,214590,0.014085143762523643,-0.24591485623747628,-84.00299792646553,0.45179272151458194,0,11,-0.2469820126397665,-0.24500537745783532,-4931.8569158878545
z15>2 逆張り,1,Asia,84086,0.0002746117070611458,-0.2597253882929388,-64.13865705979187,0.36222264553936995,0,11,-0.25442897153475325,-0.2639140842970643,-2041.0531775700983
z15>2 逆張り,1,London,60891,0.024403655712667227,-0.2355963442873327,-50.076498879707415,0.4462922644322534,0,11,-0.24186895568079025,-0.22998699642246007,-1340.7193457943902
z15>2 逆張り,1,NY,69613,0.02174129832071574,-0.23825870167928423,-37.40595522821058,0.5406787100235341,0,11,-0.24303923060535032,-0.23398528131461574,-1550.0843925233658
z15>2 逆張り,3,全,95117,0.026518529810654775,-0.23348147018934515,-33.06271359583377,0.6206901805244012,0,11,-0.23148262459465,-0.23516463320164163,-2075.5193457943874
z15>2 逆張り,3,Asia,36883,-0.0051798660629554134,-0.26517986606295535,-26.106872310587264,0.5182734276566868,0,11,-0.24697850993992634,-0.2793531539351848,-914.0774766355124
z15>2 逆張り,3,London,27323,0.04785795849650488,-0.21214204150349505,-19.13781923850311,0.63112000939326,1,11,-0.2182785647571611,-0.20669526770293534,-541.7156074766351
z15>2 逆張り,3,NY,30911,0.045478599851186706,-0.2145214001488132,-14.168556874894293,0.7057032553948696,0,11,-0.225920958166504,-0.20446757990867498,-619.7262616822397
z15>2 逆張り,5,全,68770,0.030958717464010826,-0.2290412825359891,-22.273851755343387,0.6858818707543112,0,11,-0.21956850800535835,-0.23697931366260325,-1472.0718691588759
z15>2 逆張り,5,Asia,26462,-0.009000642430656085,-0.269000642430656,-17.855964962640464,0.5836602850832084,0,11,-0.2417293161580367,-0.29017871769050074,-665.2612149532729
z15>2 逆張り,5,London,19943,0.061236925236926275,-0.19876307476307367,-12.324675830448518,0.7063180197730504,1,11,-0.2066648498450357,-0.19177866994143009,-370.4609345794372
z15>2 逆張り,5,NY,22365,0.0512389000670702,-0.20876109993292974,-9.577361630110943,0.7611722053169092,0,11,-0.20656807286673035,-0.21067758692919772,-436.3497196261658
z15>2 逆張り,15,全,39363,0.0298486141808301,-0.23015138581916983,-11.293247132481765,0.7847532499721781,0,11,-0.20938007525130523,-0.24731016886249718,-846.6774766355124
z15>2 逆張り,15,Asia,14864,-0.049121030678148825,-0.30912103067814867,-10.16725463555133,0.6735996454955184,0,11,-0.24585504331683103,-0.35780571428571506,-429.41822429906557
z15>2 逆張り,15,London,11585,0.10269253344842506,-0.15730746655157485,-5.134300669908683,0.83993975982449,1,11,-0.18690465507571558,-0.13192014111609876,-170.3184112149528
z15>2 逆張り,15,NY,12914,0.0553951525476239,-0.20460484745237603,-4.721517812461768,0.8410742654923559,0,11,-0.19010193526860086,-0.21716705202311992,-246.94084112149383
z15>2 逆張り,30,全,30891,0.012999773396784509,-0.24700022660321544,-8.13617214435587,0.8228548445393102,0,11,-0.20609875413528345,-0.2818292375929007,-713.0919626168157
z15>2 逆張り,30,Asia,11430,-0.04215765529308857,-0.30215765529308847,-7.1486485936562305,0.7495104495334917,0,11,-0.2517155599603552,-0.3420136256852011,-322.7721495327104
z15>2 逆張り,30,London,9155,0.05706160567996052,-0.2029383943200394,-4.284584646980138,0.8473817260354393,1,11,-0.1903435294117637,-0.21385137614678182,-173.63560747663186
z15>2 逆張り,30,NY,10306,0.0350319231515655,-0.22496807684843434,-3.4258240845362082,0.8645037606951809,1,11,-0.17287866449511077,-0.2724028550240973,-216.6842056074733
z15>2 逆張り,60,全,23185,0.016639896484796912,-0.243360103515203,-5.326954476245175,0.8676325047587097,0,11,-0.20948307921160159,-0.27267712607611183,-527.3181308411198
z15>2 逆張り,60,Asia,8371,-0.12366598972643798,-0.3836659897264379,-5.376278334426634,0.7731570424079134,0,11,-0.304922518159804,-0.44655586592179203,-300.1558878504684
z15>2 逆張り,60,London,6933,0.10478191259195478,-0.1552180874080451,-2.0386613128537294,0.9136240877520667,2,11,-0.17157713928794635,-0.14117850442239946,-100.57261682242775
z15>2 逆張り,60,NY,7881,0.08812980586220102,-0.17187019413779886,-1.9424726920958888,0.91539233926291,1,11,-0.14866119364086292,-0.19389119683481756,-126.58962616822363
z15>2 順張り,1,全,214590,-0.014085143762523643,-0.2740851437625236,-93.62579437219674,0.4220363899939424,0,11,-0.27301798736023336,-0.2749946225421645,-5496.815981308405
z15>2 順張り,1,Asia,84086,-0.0002746117070611458,-0.2602746117070611,-64.27428666627405,0.37516203055107905,0,11,-0.2655710284652467,-0.2560859157029356,-2045.369252336443
z15>2 順張り,1,London,60891,-0.024403655712667227,-0.2844036557126671,-60.45059565657197,0.3850823147627549,0,11,-0.2781310443192096,-0.29001300357753973,-1618.469439252338
z15>2 順張り,1,NY,69613,-0.02174129832071574,-0.2817412983207157,-44.23260227913399,0.4915756822969036,0,11,-0.2769607693946495,-0.2860147186853842,-1832.9772897196247
z15>2 順張り,3,全,95117,-0.026518529810654775,-0.2865185298106547,-40.573155905463096,0.5650940280007116,0,11,-0.2885173754053499,-0.2848353667983582,-2546.9890654205647
z15>2 順張り,3,Asia,36883,0.0051798660629554134,-0.25482013393704456,-25.086960023133162,0.5435733410413505,0,11,-0.2730214900600735,-0.24064684606481512,-878.3673831775715
z15>2 順張り,3,London,27323,-0.04785795849650488,-0.30785795849650477,-27.77257124087605,0.5211388302381514,0,11,-0.3017214352428388,-0.31330473229706446,-786.1311214953271
z15>2 順張り,3,NY,30911,-0.045478599851186706,-0.30547859985118664,-20.176033314401977,0.6146836569075808,0,11,-0.2940790418334958,-0.31553242009132476,-882.4905607476664
z15>2 順張り,5,全,68770,-0.030958717464010826,-0.29095871746401075,-28.295210662295766,0.6262579653213458,0,11,-0.3004314919946415,-0.2830206863373966,-1870.0215887850486
z15>2 順張り,5,Asia,26462,0.009000642430656085,-0.25099935756934383,-16.661059594156225,0.6154822530448777,0,11,-0.27827068384196324,-0.22982128230949905,-620.7425233644838
z15>2 順張り,5,London,19943,-0.061236925236926275,-0.3212369252369262,-19.91889576589844,0.5763838184933195,0,11,-0.3133351501549642,-0.32822133005856974,-598.7315887850485
z15>2 順張り,5,NY,22365,-0.0512389000670702,-0.3112389000670701,-14.278749729992661,0.67073995337855,0,11,-0.3134319271332695,-0.30932241307080194,-650.5474766355162
z15>2 順張り,15,全,39363,-0.0298486141808301,-0.28984861418083,-14.222517145837795,0.7405166999754781,0,11,-0.31061992474869465,-0.2726898311375026,-1066.2907476635526
z15>2 順張り,15,Asia,14864,0.049121030678148825,-0.2108789693218511,-6.935989355606912,0.7683939570758475,2,11,-0.2741449566831688,-0.16219428571428468,-292.944392523364
z15>2 順張り,15,London,11585,-0.10269253344842506,-0.36269253344842495,-11.837788493304567,0.6719500252685874,0,11,-0.3330953449242843,-0.38807985888390095,-392.6909345794396
z15>2 順張り,15,NY,12914,-0.0553951525476239,-0.3153951525476238,-7.278145406913275,0.7689355650542729,0,11,-0.32989806473139893,-0.3028329479768798,-380.65542056074895
z15>2 順張り,30,全,30891,-0.012999773396784509,-0.2729997733967844,-8.992595603138879,0.8081393504985517,0,11,-0.31390124586471635,-0.2381707624070991,-788.1528971962679
z15>2 順張り,30,Asia,11430,0.04215765529308857,-0.21784234470691133,-5.153860389925585,0.8142350662350548,1,11,-0.26828444003964463,-0.1779863743147986,-232.7044859813081
z15>2 順張り,30,London,9155,-0.05706160567996052,-0.3170616056799604,-6.694037825591904,0.7740278179348786,0,11,-0.3296564705882361,-0.3061486238532179,-271.2802803738353
z15>2 順張り,30,NY,10306,-0.0350319231515655,-0.2950319231515654,-4.4927595159228595,0.828272192110197,0,11,-0.34712133550488894,-0.24759714497590246,-284.1681308411246
z15>2 順張り,60,全,23185,-0.016639896484796912,-0.2766398964847968,-6.055422041664399,0.8519532971786371,0,11,-0.31051692078839815,-0.24732287392388794,-599.4295327102817
z15>2 順張り,60,Asia,8371,0.12366598972643798,-0.1363340102735619,-1.910436695735976,0.9133617539179024,1,11,-0.2150774818401958,-0.0734441340782078,-106.65906542055951
z15>2 順張り,60,London,6933,-0.10478191259195478,-0.3647819125919546,-4.7911089825183835,0.8097052230155694,0,11,-0.3484228607120533,-0.37882149557760025,-236.35822429906742
z15>2 順張り,60,NY,7881,-0.08812980586220102,-0.34812980586220105,-3.9345544734172564,0.8372784376230481,1,11,-0.37133880635913685,-0.3261088031651824,-256.4122429906548
z15>3 逆張り,1,全,52462,0.0189234493538172,-0.24107655064618277,-30.4566829062155,0.5395566172600536,0,11,-0.23082441361083567,-0.24986596332224179,-1181.996074766359
z15>3 逆張り,1,Asia,23106,-0.001454384142646962,-0.2614543841426469,-27.236460588091337,0.4355427200547755,0,11,-0.23927748184019332,-0.2793697676238169,-564.5948598130841
z15>3 逆張り,1,London,13086,0.044853049060063314,-0.2151469509399366,-15.48918466593272,0.5710286123843759,1,11,-0.2294632182127924,-0.20120214210288279,-263.1227102803748
z15>3 逆張り,1,NY,16270,0.02700799016594776,-0.23299200983405213,-12.622627121741573,0.6284277956843936,0,11,-0.22026634382566593,-0.24369850611136587,-354.2785046728999
z15>3 逆張り,3,全,23839,0.03281224044632636,-0.22718775955367354,-11.966508081065253,0.6903031300779918,0,11,-0.19986336132935958,-0.2508884537051563,-506.161588785049
z15>3 逆張り,3,Asia,10332,-0.008076751838946813,-0.2680767518389467,-11.80579271436333,0.5799067982664023,0,11,-0.21963354037267027,-0.308016952145506,-258.8569158878503
z15>3 逆張り,3,London,6096,0.07302723097112686,-0.18697276902887308,-6.699099840170923,0.7260254940279147,1,11,-0.19268252911813563,-0.1814218699450057,-106.52205607476732
z15>3 逆張り,3,NY,7411,0.05673809202536544,-0.20326190797463448,-4.333482651932904,0.7763173212735027,1,11,-0.17905472197705308,-0.22377043868395127,-140.78261682243144
z15>3 逆張り,5,全,17565,0.04190054084827639,-0.21809945915172355,-8.751818603582889,0.7461284579398424,0,11,-0.17804291478175763,-0.25300490091626127,-358.02962616822657
z15>3 逆張り,5,Asia,7526,-0.010278634068563944,-0.2702786340685639,-8.09491747026465,0.6387522003946846,0,11,-0.200250073724564,-0.32770713422007625,-190.1043925233656
z15>3 逆張り,5,London,4568,0.1070378721541147,-0.1529621278458852,-3.802377581656319,0.8073432413757725,1,11,-0.16776444640493932,-0.13837853107344905,-65.30196261682278
z15>3 逆張り,5,NY,5471,0.05929281666971138,-0.20070718333028853,-3.568716631691895,0.8117280563806448,2,11,-0.15741491471638305,-0.23770372881356167,-102.62327102803819
z15>3 逆張り,15,全,10832,0.03490832717872897,-0.22509167282127096,-4.539753113502247,0.8216247049688141,1,11,-0.1683244320446389,-0.27408685930512705,-227.86850467289787
z15>3 逆張り,15,Asia,4496,-0.03355315836298877,-0.29355315836298873,-4.4763737081514074,0.7255135747363887,0,11,-0.19625596421471136,-0.37236231884057885,-123.347196261682
z15>3 逆張り,15,London,2952,0.16503556910568956,-0.09496443089431032,-1.4040291180906828,0.913789418426463,1,11,-0.14284493452791266,-0.04867888074617104,-26.199532710280756
z15>3 逆張り,15,NY,3384,0.012351359338059727,-0.24764864066194006,-2.0844827157054,0.8505853260210655,1,11,-0.15595948553054495,-0.3256019682886866,-78.32177570093506
z15>3 逆張り,30,全,9648,0.0036929933664988845,-0.256307006633501,-3.7564083956078944,0.8436290331912915,1,11,-0.20869807989406258,-0.2984637482900177,-231.1074766355157
z15>3 逆張り,30,Asia,3988,0.02927983951855482,-0.23072016048144503,-2.6559575911373448,0.8243028009407817,2,11,-0.18059856828193963,-0.27262661141804806,-85.99177570093485
z15>3 逆張り,30,London,2655,-0.08045348399246544,-0.34045348399246533,-3.4386257821155004,0.784260206005651,2,11,-0.2740916666666656,-0.406069662921346,-84.47700934579397
z15>3 逆張り,30,NY,3005,0.04408186356072557,-0.2159181364392743,-1.3126874848211527,0.8984179519013512,2,11,-0.18339999999999748,-0.24409378881988983,-60.638691588786855
z15>3 逆張り,60,全,8513,-0.08567414542464688,-0.3456741454246467,-4.000763677544271,0.8379666391409865,1,11,-0.26959410883674534,-0.4132970934102543,-275.0209345794409
z15>3 逆張り,60,Asia,3478,-0.07817596319724109,-0.33817596319724097,-2.86742923428461,0.80963331410529,0,11,-0.21189064475347785,-0.4435469409282712,-109.92299065420599
z15>3 逆張り,60,London,2412,-0.07739842454394644,-0.33739842454394636,-2.5816275610259587,0.8330079559790502,1,11,-0.293886287625417,-0.3801949013157893,-76.05654205607463
z15>3 逆張り,60,NY,2623,-0.10322645825391369,-0.3632264582539136,-1.8216921149693113,0.865988853397689,2,11,-0.3202728013029325,-0.4010379928315514,-89.04140186916031
z15>3 順張り,1,全,52462,-0.0189234493538172,-0.27892344935381713,-35.23811432222174,0.4990444005735317,0,11,-0.2891755863891642,-0.27013403667775804,-1367.5590654205566
z15>3 順張り,1,Asia,23106,0.001454384142646962,-0.258545615857353,-26.933445769571126,0.45454112995386103,0,11,-0.2807225181598066,-0.240630232376183,-558.3135514018691
z15>3 順張り,1,London,13086,-0.044853049060063314,-0.3048530490600633,-21.947441747302314,0.4599955736310243,0,11,-0.29053678178720743,-0.3187978578971171,-372.83242990654094
z15>3 順張り,1,NY,16270,-0.02700799016594776,-0.28700799016594764,-15.54900892698232,0.5704211935185565,0,11,-0.29973365617433395,-0.27630149388863406,-436.4130841121466
z15>3 順張り,3,全,23839,-0.03281224044632636,-0.29281224044632626,-15.423102232354081,0.6281590178436887,0,11,-0.32013663867064035,-0.26911154629484346,-652.3692523364459
z15>3 順張り,3,Asia,10332,0.008076751838946813,-0.25192324816105316,-11.094410937600804,0.6115607807672017,0,11,-0.30036645962732966,-0.21198304785449384,-243.25897196261693
z15>3 順張り,3,London,6096,-0.07302723097112686,-0.33302723097112674,-11.932126166600888,0.57353879984094,0,11,-0.32731747088186425,-0.33857813005499415,-189.73214953270923
z15>3 順張り,3,NY,7411,-0.05673809202536544,-0.3167380920253653,-6.752760714858268,0.6789359259049048,0,11,-0.3409452780229467,-0.2962295613160485,-219.37813084111986
z15>3 順張り,5,全,17565,-0.04190054084827639,-0.3019005408482763,-12.114559018643032,0.6735626312503559,0,11,-0.3419570852182422,-0.26699509908373853,-495.5965420560722
z15>3 順張り,5,Asia,7526,0.010278634068563944,-0.24972136593143596,-7.479221784375038,0.6705399864492843,1,11,-0.3197499262754359,-0.19229286577992363,-175.6451401869147
z15>3 順張り,5,London,4568,-0.1070378721541147,-0.3670378721541146,-9.123935423438782,0.6067132506912198,0,11,-0.3522355535950606,-0.38162146892655074,-156.69429906542015
z15>3 順張り,5,NY,5471,-0.05929281666971138,-0.3192928166697113,-5.677253630498208,0.7217105919260205,0,11,-0.3625850852836168,-0.2822962711864382,-163.25710280373744
z15>3 順張り,15,全,10832,-0.03490832717872897,-0.29490832717872884,-5.947847735666466,0.776382365967723,1,11,-0.3516755679553609,-0.24591314069487277,-298.54644859813004
z15>3 順張り,15,Asia,4496,0.03355315836298877,-0.22644684163701115,-3.453073691492753,0.7848350565182967,2,11,-0.3237440357852885,-0.147637681159421,-95.1500000000002
z15>3 順張り,15,London,2952,-0.16503556910568956,-0.4250355691056895,-6.284061407294622,0.6719741784289185,0,11,-0.37715506547208716,-0.47132111925382864,-117.26214953270986
z15>3 順張り,15,NY,3384,-0.012351359338059727,-0.2723513593380596,-2.2924079034781655,0.8391150776776254,3,11,-0.36404051446945485,-0.1943980317113129,-86.13429906541997
z15>3 順張り,30,全,9648,-0.0036929933664988845,-0.26369299336649876,-3.864656636411371,0.8409041307481383,1,11,-0.31130192010593727,-0.22153625170998212,-237.76728971962433
z15>3 順張り,30,Asia,3988,-0.02927983951855482,-0.2892798395185547,-3.330073037956679,0.7861049262235471,1,11,-0.3394014317180602,-0.24737338858195163,-107.81757009345758
z15>3 順張り,30,London,2655,0.08045348399246544,-0.17954651600753443,-1.813443856683179,0.8814873597886983,4,11,-0.24590833333333414,-0.1139303370786538,-44.551028037383546
z15>3 順張り,30,NY,3005,-0.04408186356072557,-0.3040818635607254,-1.8486842432039987,0.8610285154607374,1,11,-0.3366000000000024,-0.27590621118010966,-85.39869158878317
z15>3 順張り,60,全,8513,0.08567414542464688,-0.174325854575353,-2.017612703389096,0.9153924001299653,1,11,-0.25040589116325446,-0.10670290658974546,-138.69495327102618
z15>3 順張り,60,Asia,3478,0.07817596319724109,-0.1818240368027588,-1.5417049564808485,0.8933060326639606,2,11,-0.3081093552465219,-0.07645305907172864,-59.101308411214504
z15>3 順張り,60,London,2412,0.07739842454394644,-0.18260157545605343,-1.397188681367738,0.9068416652019295,3,11,-0.22611371237458275,-0.13980509868421045,-41.162149532710366
z15>3 順張り,60,NY,2623,0.10322645825391369,-0.15677354174608615,-0.7862674052092684,0.9402763296499957,4,11,-0.19972719869706723,-0.11896200716844837,-38.43149532710131
z15>4 逆張り,1,全,13395,0.021606868234415943,-0.238393131765584,-11.399535711709248,0.6097312609283828,0,11,-0.21934004325403372,-0.25390343986998926,-298.4370093457942
z15>4 逆張り,1,Asia,5955,0.011672544080604953,-0.248327455919395,-10.561362273143933,0.5343885124040586,0,11,-0.22584151696606658,-0.26465420289855085,-138.20467289719602
z15>4 逆張り,1,London,3115,0.06437624398073878,-0.19562375601926113,-5.617279801687437,0.6636327254963109,1,11,-0.22545977011494325,-0.16546029696578268,-56.95028037383164
z15>4 逆張り,1,NY,4325,0.004481387283236483,-0.25551861271676346,-5.092102690942888,0.6540687036975011,0,11,-0.2060051546391747,-0.2957937106918252,-103.28205607476654
z15>4 逆張り,3,全,6330,0.03768341232227338,-0.22231658767772658,-4.765369664698365,0.7458741184235579,1,11,-0.17250383275261388,-0.26363526011560895,-131.52000000000086
z15>4 逆張り,3,Asia,2802,0.01009314775160046,-0.24990685224839945,-4.458456459705344,0.674011778124339,1,11,-0.18756030150753902,-0.2962014925373219,-65.44289719626312
z15>4 逆張り,3,London,1507,0.14692236230922304,-0.11307763769077687,-1.512763958302413,0.855822988723585,2,11,-0.18039078947368664,-0.044593038821952966,-15.925981308411286
z15>4 逆張り,3,NY,2021,-0.005520534388912966,-0.26552053438891293,-2.403291063133001,0.7569316010162738,1,11,-0.14633406113536943,-0.36432126696832084,-50.15112149532646
z15>4 逆張り,5,全,4776,0.05036557788944572,-0.2096344221105542,-3.488747517420242,0.7959470831255351,2,11,-0.15418035796236584,-0.2561628802464427,-93.57140186915953
z15>4 逆張り,5,Asia,2107,0.019613668723303286,-0.2403863312766966,-3.2817393120969234,0.724804059799455,1,11,-0.18321017699114542,-0.2833516209476345,-47.335887850467266
z15>4 逆張り,5,London,1155,0.22636277056276788,-0.033637229437232,-0.31422306960460494,0.9637515651270082,2,11,-0.16526109215016738,0.10191915641475413,-3.6309345794395287
z15>4 逆張り,5,NY,1514,-0.04110237780713615,-0.3011023778071361,-2.1923372912837613,0.7714204485056809,1,11,-0.10666763425254222,-0.4634848484848515,-42.60457943925272
z15>4 逆張り,15,全,3187,0.09938092249764878,-0.1606190775023512,-1.4102412588182216,0.8908418259582512,3,11,-0.09003009575923265,-0.22044579710144632,-47.840467289718994
z15>4 逆張り,15,Asia,1395,0.09288028673835695,-0.167119713261643,-1.331029270000983,0.8602232284182196,3,11,-0.09431147540983201,-0.22369681528661708,-21.78803738317682
z15>4 逆張り,15,London,795,0.43292075471698116,0.17292075471698126,0.9012998083649627,1.138186979431579,4,11,-0.023775000000001007,0.3721063291139253,12.84785046728973
z15>4 逆張り,15,NY,997,-0.1574854563691086,-0.4174854563691085,-1.4927708460964229,0.7946300154878723,2,11,-0.14288495575221297,-0.6452275229357816,-38.90028037383189
z15>4 逆張り,30,全,3024,0.05864285714285745,-0.20135714285714243,-1.4022499623973446,0.8908584467192328,2,11,-0.16231653655073933,-0.23541795665635115,-56.90691588785035
z15>4 逆張り,30,Asia,1318,0.1783368740515968,-0.08166312594840315,-0.475323548451335,0.9446868955139838,3,11,-0.091720338983041,-0.07351236263736427,-10.059065420560314
z15>4 逆張り,30,London,764,0.27859554973822376,0.018595549738223915,0.08804081854042044,1.011138892351746,4,11,-0.1162769230769174,0.15923796791444075,1.3277570093460813
z15>4 逆張り,30,NY,942,-0.28721762208068635,-0.5472176220806863,-1.5457883041205738,0.7813655644582181,1,11,-0.3012610722610716,-0.7529005847953346,-48.17560747663612
z15>4 逆張り,60,全,2884,-0.06330062413314855,-0.3233006241331484,-1.899599352407638,0.8655169827540203,1,11,-0.23334055265123183,-0.4012660194174761,-87.14009345794395
z15>4 逆張り,60,Asia,1250,-0.0009847999999976309,-0.2609847999999975,-1.1426924025781993,0.8684299359191276,3,11,-0.0923939393939376,-0.3982554426705339,-30.488878504672613
z15>4 逆張り,60,London,742,0.36150000000000176,0.10150000000000192,0.32579757680447624,1.0468978065827435,5,11,-0.2657154255319133,0.4787486338797838,7.038598130841255
z15>4 逆張り,60,NY,892,-0.503992152466373,-0.7639921524663728,-2.0947297564301564,0.7606983799021755,1,11,-0.3997537313432862,-1.0628163265306194,-63.68981308411258
z15>4 順張り,1,全,13395,-0.021606868234415943,-0.2816068682344159,-13.46593975810283,0.5653129275281082,0,11,-0.30065995674596613,-0.2660965601300106,-352.53495327102814
z15>4 順張り,1,Asia,5955,-0.011672544080604953,-0.27167254408060487,-11.55422845645091,0.514805857562899,0,11,-0.2941584830339333,-0.255345797101449,-151.19719626168245
z15>4 順張り,1,London,3115,-0.06437624398073878,-0.3243762439807387,-9.314370404383986,0.5129542170254312,0,11,-0.2945402298850566,-0.35453970303421717,-94.43289719626179
z15>4 順張り,1,NY,4325,-0.004481387283236483,-0.26448138728323645,-5.270717344501773,0.6500629278682054,1,11,-0.3139948453608251,-0.2242062893081747,-106.90485981308389
z15>4 順張り,3,全,6330,-0.03768341232227338,-0.29768341232227324,-6.380862164099239,0.6808708031578008,0,11,-0.34749616724738597,-0.2563647398843908,-176.10616822429813
z15>4 順張り,3,Asia,2802,-0.01009314775160046,-0.27009314775160037,-4.818589520379927,0.6612477418038049,1,11,-0.33243969849246086,-0.22379850746267782,-70.72906542055928
z15>4 順張り,3,London,1507,-0.14692236230922304,-0.4069223623092229,-5.443848103831392,0.5777095727252632,0,11,-0.33960921052631327,-0.4754069611780467,-57.311401869158786
z15>4 順張り,3,NY,2021,0.005520534388912966,-0.2544794656110869,-2.3033556589569915,0.7681624899645075,1,11,-0.3736659388646304,-0.15567873303167898,-48.06570093458007
z15>4 順張り,5,全,4776,-0.05036557788944572,-0.3103655778894457,-5.165120920759266,0.7181654495017586,0,11,-0.36581964203763395,-0.2638371197535571,-138.5332710280367
z15>4 順張り,5,Asia,2107,-0.019613668723303286,-0.2796136687233032,-3.817268494325016,0.6942160427763072,0,11,-0.3367898230088544,-0.23664837905236533,-55.06037383177569
z15>4 順張り,5,London,1155,-0.22636277056276788,-0.48636277056276783,-4.543370701585616,0.5891935967471841,0,11,-0.3547389078498325,-0.6219191564147538,-52.49990654205578
z15>4 順張り,5,NY,1514,0.04110237780713615,-0.21889762219286377,-1.5938014956964102,0.831376126623474,2,11,-0.4133323657474577,-0.056515151515148465,-30.972990654205212
z15>4 順張り,15,全,3187,-0.09938092249764878,-0.3593809224976487,-3.1553773836792147,0.77580688982358,1,11,-0.42996990424076714,-0.29955420289855356,-107.04177570093518
z15>4 順張り,15,Asia,1395,-0.09288028673835695,-0.3528802867383569,-2.81052415234664,0.7321003597805467,0,11,-0.42568852459016787,-0.2963031847133827,-46.00635514018766
z15>4 順張り,15,London,795,-0.43292075471698116,-0.6929207547169811,-3.6116505763619013,0.6009162946574113,0,11,-0.4962249999999988,-0.8921063291139251,-51.483364485981305
z15>4 順張り,15,NY,997,0.1574854563691086,-0.10251454363089131,-0.3665534204807755,0.9459479898736112,4,11,-0.3771150442477869,0.12522752293578188,-9.552056074766229
z15>4 順張り,30,全,3024,-0.05864285714285745,-0.3186428571428574,-2.219026989093498,0.8342621204003196,1,11,-0.35768346344926044,-0.28458204334364856,-90.05383177570101
z15>4 順張り,30,Asia,1318,-0.1783368740515968,-0.4383368740515967,-2.551357616691196,0.7373632952876321,1,11,-0.4282796610169589,-0.44648763736263575,-53.99327102803781
z15>4 順張り,30,London,764,-0.27859554973822376,-0.5385955497382235,-2.5499860842355457,0.7277923827088771,0,11,-0.4037230769230824,-0.6792379679144404,-38.45672897196288
z15>4 順張り,30,NY,942,0.28721762208068635,0.027217622080686628,0.07688473503160635,1.012194727524729,3,11,-0.21873892773892806,0.23290058479533504,2.3961682242997013
z15>4 順張り,60,全,2884,0.06330062413314855,-0.19669937586685127,-1.1557354954618735,0.9163756127021931,1,11,-0.2866594473487679,-0.11873398058252359,-53.01691588785038
z15>4 順張り,60,Asia,1250,0.0009847999999976309,-0.25901520000000217,-1.1340687319425427,0.8705230083608226,2,11,-0.42760606060606215,-0.1217445573294658,-30.25878504672923
z15>4 順張り,60,London,742,-0.36150000000000176,-0.6215000000000016,-1.9949083151130897,0.7551931209263257,1,11,-0.2542845744680865,-0.9987486338797832,-43.09841121495338
z15>4 順張り,60,NY,892,0.503992152466373,0.2439921524663732,0.6689828167171542,1.0907084680575478,6,11,-0.12024626865671327,0.5428163265306194,20.340280373832236
z30>2 逆張り,1,全,201987,0.010047389188413124,-0.24995261081158682,-81.96199318926955,0.44905118014617346,0,11,-0.251456259878999,-0.24870150201356897,-4718.427850467288
z30>2 逆張り,1,Asia,81111,0.004034298677121275,-0.25596570132287866,-61.3239719757349,0.37759040739647387,0,11,-0.2524882281792353,-0.25867921422300305,-1940.3396261682255
z30>2 逆張り,1,London,56228,0.014846553318631285,-0.24515344668136863,-50.53195802088072,0.42711430518581966,0,11,-0.2510754924242424,-0.2399119954405256,-1288.2699065420557
z30>2 逆張り,1,NY,64648,0.013417646330899919,-0.24658235366909997,-36.532849589942096,0.5341381493984282,0,11,-0.25056197958635457,-0.2431825952271682,-1489.8183177570072
z30>2 逆張り,3,全,83108,0.023430512104731568,-0.23656948789526835,-30.968874516921595,0.6237601224845295,0,11,-0.24056372639885523,-0.23324311390450975,-1837.459532710277
z30>2 逆張り,3,Asia,33076,0.0052049824646279875,-0.2547950175353719,-23.81902727280914,0.5438730469378981,0,11,-0.2468132421982871,-0.26101317771084187,-787.6261682242956
z30>2 逆張り,3,London,23411,0.02720152919567649,-0.23279847080432345,-19.603351872796644,0.6047887174419287,0,11,-0.23471743869209719,-0.23109475042335506,-509.35000000000156
z30>2 逆張り,3,NY,26621,0.04275902483002192,-0.21724097516997798,-12.913747586256136,0.7106884699252028,0,11,-0.2384323090716431,-0.1991252787068001,-540.4833644859799
z30>2 逆張り,5,全,57372,0.03438049919821518,-0.22561950080178472,-19.852903775691086,0.696637269186502,0,11,-0.23246520371365,-0.21991963201942097,-1209.7422429906537
z30>2 逆張り,5,Asia,22689,0.004982634756930117,-0.2550173652430698,-15.86694451585618,0.6126468133694638,0,11,-0.24074122276029095,-0.2660923534476017,-540.7559813084123
z30>2 逆張り,5,London,16269,0.052665990534144405,-0.20733400946585548,-11.792201787443737,0.6963463350147878,1,11,-0.22341037674357983,-0.19299092812281957,-315.2445794392526
z30>2 逆張り,5,NY,18414,0.0544479200608243,-0.2055520799391756,-8.253840430878764,0.772304734819353,0,11,-0.23098314275610005,-0.1838290202396519,-353.74168224298876
z30>2 逆張り,15,全,29452,0.04954899497487643,-0.21045100502512348,-8.14973913166073,0.8101325606878177,1,11,-0.2149907497202525,-0.20665869009783458,-579.2713084112091
z30>2 逆張り,15,Asia,11440,-0.003346940559439326,-0.26334694055943925,-7.438317209807793,0.7248409429257746,0,11,-0.24845007987220472,-0.2749457400497487,-281.55971962616684
z30>2 逆張り,15,London,8475,0.08701592920354222,-0.17298407079645764,-4.284147479470852,0.8325804417037843,1,11,-0.20484599949836782,-0.1446789215686244,-137.01308411214754
z30>2 逆張り,15,NY,9537,0.0797049386599587,-0.1802950613400412,-3.153734333706562,0.8671124296079397,1,11,-0.1861659863945559,-0.175245172615561,-160.69850467289467
z30>2 逆張り,30,全,21271,0.059038268064502505,-0.20096173193549738,-4.967711608358859,0.8607876611560982,1,11,-0.2125058397932805,-0.1913300275957206,-399.5006542056042
z30>2 逆張り,30,Asia,8135,-0.004925015365702247,-0.2649250153657021,-4.930231166360718,0.786368223620752,0,11,-0.24680699774266454,-0.27891113047266036,-201.41728971962493
z30>2 逆張り,30,London,6218,0.09954052750080503,-0.16045947249919487,-2.6084200037901013,0.8809923701726444,1,11,-0.2033798076923052,-0.12265426497277705,-93.24644859813026
z30>2 逆張り,30,NY,6918,0.09784981208441962,-0.16215018791558025,-1.7669038918710163,0.9083083353584299,2,11,-0.18299720410065015,-0.14400838064341487,-104.836915887849
z30>2 逆張り,60,全,16879,0.04997600568754122,-0.21002399431245866,-3.4282955340920482,0.8892646122812813,1,11,-0.21146823559670674,-0.20879028891574186,-331.30794392523273
z30>2 逆張り,60,Asia,6326,-0.11729481504900287,-0.3772948150490027,-4.653292905488442,0.7768859928495595,0,11,-0.286657519600855,-0.44954715909090687,-223.06233644859734
z30>2 逆張り,60,London,5061,0.10196561944279792,-0.1580343805572019,-1.7154936062465262,0.9133687608409281,1,11,-0.17242525337837797,-0.1453802450798366,-74.74878504672887
z30>2 逆張り,60,NY,5492,0.19473852876911873,-0.06526147123088119,-0.46717028427397106,0.9703379338380074,1,11,-0.16591583397386359,0.025362283737022186,-33.496822429906494
z30>2 順張り,1,全,201987,-0.010047389188413124,-0.2700473891884131,-88.55127458590526,0.43003543491984575,0,11,-0.26854374012100085,-0.27129849798643085,-5097.762803738317
z30>2 順張り,1,Asia,81111,-0.004034298677121275,-0.26403429867712125,-63.25703736487825,0.3773588515166152,0,11,-0.2675117718207647,-0.2613207857769968,-2001.5033644859798
z30>2 順張り,1,London,56228,-0.014846553318631285,-0.2748465533186312,-56.652413753464636,0.3948977202190647,0,11,-0.2689245075757575,-0.28008800455947425,-1444.3057943925232
z30>2 順張り,1,NY,64648,-0.013417646330899919,-0.2734176463308998,-40.50868036585891,0.5057853291594946,0,11,-0.26943802041364523,-0.2768174047728317,-1651.9536448598144
z30>2 順張り,3,全,83108,-0.023430512104731568,-0.28343051210473147,-37.103364604332036,0.5755694714368177,0,11,-0.27943627360114465,-0.2867568860954901,-2201.433925233647
z30>2 順張り,3,Asia,33076,-0.0052049824646279875,-0.2652049824646279,-24.792183031337707,0.540456947752379,0,11,-0.27318675780171275,-0.25898682228915804,-819.8056074766387
z30>2 順張り,3,London,23411,-0.02720152919567649,-0.28720152919567643,-24.18449148646024,0.5469845052318288,0,11,-0.28528256130790275,-0.28890524957664476,-628.3808411214936
z30>2 順張り,3,NY,26621,-0.04275902483002192,-0.3027590248300218,-17.997312077322473,0.626315205283159,0,11,-0.28156769092835676,-0.3208747212931997,-753.247476635515
z30>2 順張り,5,全,57372,-0.03438049919821518,-0.2943804991982151,-25.90338026302308,0.6303905928385289,0,11,-0.28753479628634987,-0.3000803679805788,-1578.429719626168
z30>2 順張り,5,Asia,22689,-0.004982634756930117,-0.26498263475693,-16.48697436484808,0.609244657913081,0,11,-0.27925877723970893,-0.2539076465523981,-561.8870093457931
z30>2 順張り,5,London,16269,-0.052665990534144405,-0.3126659905341443,-17.78299885266433,0.5870470924633842,0,11,-0.2965896232564201,-0.32700907187718026,-475.3984112149527
z30>2 順張り,5,NY,18414,-0.0544479200608243,-0.3144479200608242,-12.626498144760996,0.678152095019282,0,11,-0.28901685724389986,-0.3361709797603479,-541.1442990654222
z30>2 順張り,15,全,29452,-0.04954899497487643,-0.3095489949748763,-11.987320075814495,0.7370944731581246,0,11,-0.3050092502797473,-0.3133413099021652,-852.0408411215008
z30>2 順張り,15,Asia,11440,0.003346940559439326,-0.2566530594405606,-7.249246431080731,0.7345554831296303,0,11,-0.27154992012779516,-0.24505425995025107,-274.4028971962629
z30>2 順張り,15,London,8475,-0.08701592920354222,-0.3470159292035421,-8.594244612169426,0.6961422664520367,0,11,-0.315154000501632,-0.37532107843137535,-274.8560747663569
z30>2 順張り,15,NY,9537,-0.0797049386599587,-0.3397049386599586,-5.9421435086400916,0.7675485202174913,0,11,-0.3338340136054439,-0.3447548273844387,-302.78186915888085
z30>2 順張り,30,全,21271,-0.059038268064502505,-0.31903826806450236,-7.8865269149025625,0.7901968922457315,0,11,-0.3074941602067193,-0.32866997240427914,-634.2301869158907
z30>2 順張り,30,Asia,8135,0.004925015365702247,-0.2550749846342976,-4.74692296334129,0.7954992056140476,0,11,-0.2731930022573352,-0.24108886952733935,-193.92850467289827
z30>2 順張り,30,London,6218,-0.09954052750080503,-0.35954052750080495,-5.844670242892954,0.755027870826635,0,11,-0.3166201923076946,-0.3973457350272227,-208.9367289719631
z30>2 順張り,30,NY,6918,-0.09784981208441962,-0.3578498120844195,-3.8993863269924662,0.8106322770191141,0,11,-0.33700279589934956,-0.3759916193565849,-231.36495327102938
z30>2 順張り,60,全,16879,-0.04997600568754122,-0.30997600568754113,-5.059847373406753,0.8419838043279061,0,11,-0.3085317644032931,-0.3112097110842578,-488.9799065420567
z30>2 順張り,60,Asia,6326,0.11729481504900287,-0.14270518495099702,-1.760026902629564,0.9096255411437421,1,11,-0.23334248039914476,-0.07045284090909285,-84.36943925233713
z30>2 順張り,60,London,5061,-0.10196561944279792,-0.36196561944279776,-3.929206440053244,0.8139580135364531,1,11,-0.34757474662162174,-0.3746197549201631,-171.20635514018687
z30>2 順張り,60,NY,5492,-0.19473852876911873,-0.4547385287691187,-3.255218182315074,0.8118743123975776,3,11,-0.3540841660261361,-0.5453622837370218,-233.40411214953272
z30>3 逆張り,1,全,39595,0.015510771562066645,-0.24448922843793328,-24.85452385132394,0.5480669711687821,0,11,-0.2380036829182735,-0.24942238427675673,-904.7243925233616
z30>3 逆張り,1,Asia,16722,0.012667922497309933,-0.24733207750268996,-20.04301527246105,0.4855422347655848,0,11,-0.24109620325435197,-0.2518286331823788,-386.5314953271011
z30>3 逆張り,1,London,9846,0.021054438350599128,-0.2389455616494008,-16.059206250025632,0.5235900731951395,0,11,-0.23379469901167996,-0.24319688542825388,-219.8745794392524
z30>3 逆張り,1,NY,13027,0.014969985414908505,-0.2450300145850914,-10.780730842561587,0.6219213206955182,0,11,-0.23748530453257757,-0.250804851605907,-298.31831775700806
z30>3 逆張り,3,全,16904,0.04246994794131694,-0.21753005205868298,-9.105827946446732,0.7143689848295376,0,11,-0.21690248850419075,-0.2180179810725542,-343.6568224299044
z30>3 逆張り,3,Asia,7126,0.04193362335110883,-0.21806637664889103,-6.980180440478239,0.6692408256607347,0,11,-0.21902678571428347,-0.21735836177474516,-145.22813084112127
z30>3 逆張り,3,London,4316,0.04208202038924935,-0.21791797961075057,-6.085868994108896,0.6890553078042813,0,11,-0.21241507537688334,-0.22262596732588202,-87.90037383177565
z30>3 逆張り,3,NY,5462,0.04347619919443791,-0.21652380080556202,-3.9499388211622657,0.7703957787022053,0,11,-0.21795546218487197,-0.21541823491238948,-110.52831775700746
z30>3 逆張り,5,全,12019,0.05504634328979208,-0.20495365671020782,-5.924753061102876,0.7738629105091868,1,11,-0.20192463165847954,-0.20733814126394015,-230.21850467289607
z30>3 逆張り,5,Asia,5069,0.0477970013809453,-0.21220299861905462,-4.6159374727397955,0.7259346925464123,0,11,-0.21379621072088525,-0.21101617900171848,-100.52869158878391
z30>3 逆張り,5,London,3093,0.053667313288069965,-0.20633268671192992,-4.252084540514033,0.7496439945110434,0,11,-0.1770367290367256,-0.23195333333333593,-59.643644859813016
z30>3 逆張り,5,NY,3857,0.06567954368680293,-0.19432045631319694,-2.4181872431888682,0.8303997574210599,1,11,-0.20798458802608183,-0.18369769585253484,-70.04616822429912
z30>3 逆張り,15,全,6720,0.09300803571428434,-0.16699196428571556,-2.3394964466139805,0.8752415959624987,1,11,-0.21392847638057233,-0.12900296176629192,-104.87719626168305
z30>3 逆張り,15,Asia,2829,0.1147613997879099,-0.14523860021209004,-1.572785154357352,0.8684244234602113,3,11,-0.175881773399015,-0.12207076350093261,-38.400000000000254
z30>3 逆張り,15,London,1778,0.12402249718784714,-0.1359775028121528,-1.321111356598844,0.8830984839473616,1,11,-0.20555164319248886,-0.07196328293737264,-22.595140186916606
z30>3 逆張り,15,NY,2113,0.037786086133460225,-0.22221391386653966,-1.310328695104842,0.8765663565784284,1,11,-0.2710630341880339,-0.1833670348343234,-43.8820560747662
z30>3 逆張り,30,全,5286,0.08479152478244223,-0.17520847521755767,-1.7528170231041125,0.8946349073007608,1,11,-0.23573786407766797,-0.12605039424066308,-86.55626168224391
z30>3 逆張り,30,Asia,2220,0.11672882882882409,-0.1432711711711758,-1.1109895462394563,0.8939878143081853,2,11,-0.20001884816753834,-0.1004300395257006,-29.725420560748624
z30>3 逆張り,30,London,1431,0.06439203354297328,-0.1956079664570266,-1.3150525403375635,0.8725639809261377,2,11,-0.2505130813953477,-0.1447671601615153,-26.16028037383225
z30>3 逆張り,30,NY,1635,0.05928134556575255,-0.20071865443424727,-0.841690308518479,0.9086672021258075,2,11,-0.2687217630853954,-0.14640594059405632,-30.670560747663018
z30>3 逆張り,60,全,4845,-0.01604127966976232,-0.27604127966976216,-2.183119625093618,0.8772132319079978,1,11,-0.22707502287282547,-0.31629710417450224,-124.99252336448578
z30>3 逆張り,60,Asia,2019,-0.015506686478454903,-0.27550668647845483,-1.652708318243091,0.8502180698108823,3,11,-0.2651258581235692,-0.2834305676855902,-51.985794392523395
z30>3 逆張り,60,London,1353,-0.10407243163340721,-0.3640724316334071,-1.8352628504919548,0.8343749274997337,3,11,-0.280454961832057,-0.44253868194842755,-46.03644859813082
z30>3 逆張り,60,NY,1473,0.06408553971486895,-0.19591446028513096,-0.6618350679614832,0.9313614168115562,3,11,-0.12323896499238907,-0.2544289215686251,-26.97028037383158
z30>3 順張り,1,全,39595,-0.015510771562066645,-0.2755107715620666,-28.008142063503705,0.5150346453393351,0,11,-0.2819963170817264,-0.2705776157232431,-1019.5185981308438
z30>3 順張り,1,Asia,16722,-0.012667922497309933,-0.2726679224973099,-22.096152630523115,0.46009376106782984,0,11,-0.2789037967456479,-0.26817136681762105,-426.1264485981324
z30>3 順張り,1,London,9846,-0.021054438350599128,-0.2810544383505991,-18.889286588130705,0.47573599829493,0,11,-0.28620530098832003,-0.27680311457174595,-258.6226168224298
z30>3 順張り,1,NY,13027,-0.014969985414908505,-0.27496998541490847,-12.098017492105138,0.5915871863577267,0,11,-0.2825146954674223,-0.2691951483940928,-334.76953271028157
z30>3 順張り,3,全,16904,-0.04246994794131694,-0.3024699479413169,-12.661419784799765,0.6327415458113061,0,11,-0.30309751149580916,-0.3019820189274456,-477.8459813084131
z30>3 順張り,3,Asia,7126,-0.04193362335110883,-0.3019336233511087,-9.664723211462825,0.582469566418861,0,11,-0.3009732142857164,-0.30264163822525464,-201.08214953271036
z30>3 順張り,3,London,4316,-0.04208202038924935,-0.3020820203892493,-8.436346577958124,0.6041607589702368,0,11,-0.30758492462311654,-0.29737403267411777,-121.84915887850468
z30>3 順張り,3,NY,5462,-0.04347619919443791,-0.30347619919443786,-5.536169308118344,0.6972505767918507,0,11,-0.3020445378151279,-0.3045817650876103,-154.9146728971981
z30>3 順張り,5,全,12019,-0.05504634328979208,-0.31504634328979203,-9.107287065556887,0.6794491377815005,0,11,-0.31807536834152034,-0.31266185873605973,-353.88242990654305
z30>3 順張り,5,Asia,5069,-0.0477970013809453,-0.30779700138094523,-6.695342299200057,0.636242464767189,0,11,-0.3062037892791146,-0.3089838209982813,-145.81523364486088
z30>3 順張り,5,London,3093,-0.053667313288069965,-0.31366731328806985,-6.464026398099813,0.6520756976969379,0,11,-0.34296327096327434,-0.2880466666666638,-90.6703738317757
z30>3 順張り,5,NY,3857,-0.06567954368680293,-0.3256795436868028,-4.052862641705895,0.734708493093402,0,11,-0.312015411973918,-0.33630230414746487,-117.3968224299064
z30>3 順張り,15,全,6720,-0.09300803571428434,-0.35300803571428424,-4.945513688112196,0.7572815365107424,0,11,-0.3060715236194275,-0.39099703823370796,-221.70224299065328
z30>3 順張り,15,Asia,2829,-0.1147613997879099,-0.3747613997879099,-4.058281787017254,0.6978684938564886,0,11,-0.34411822660098484,-0.39792923649906725,-99.08411214953244
z30>3 順張り,15,London,1778,-0.12402249718784714,-0.384022497187847,-3.731032499730314,0.7077689515852937,0,11,-0.314448356807511,-0.4480367170626271,-63.812336448597385
z30>3 順張り,15,NY,2113,-0.037786086133460225,-0.29778608613346014,-1.7559550924339746,0.8398099986939824,1,11,-0.24893696581196592,-0.3366329651656764,-58.80579439252348
z30>3 順張り,30,全,5286,-0.08479152478244223,-0.34479152478244207,-3.449356278628953,0.804950821616016,0,11,-0.2842621359223319,-0.3939496057593366,-170.3334579439242
z30>3 順張り,30,Asia,2220,-0.11672882882882409,-0.37672882882882397,-2.921325952558848,0.7461418378277336,0,11,-0.31998115183246156,-0.4195699604742992,-78.16242990654105
z30>3 順張り,30,London,1431,-0.06439203354297328,-0.32439203354297313,-2.180854775511782,0.8002076234475066,2,11,-0.2694869186046521,-0.37523283983848427,-43.38364485981258
z30>3 順張り,30,NY,1635,-0.05928134556575255,-0.31928134556575233,-1.33886915000951,0.8599041919381663,1,11,-0.2512782369146044,-0.3735940594059432,-48.787383177570575
z30>3 順張り,60,全,4845,0.01604127966976232,-0.24395872033023755,-1.9293892228829843,0.8914015292430219,1,11,-0.29292497712717436,-0.20370289582549753,-110.46542056074776
z30>3 順張り,60,Asia,2019,0.015506686478454903,-0.244493313521545,-1.4666654307988023,0.8666368402112494,2,11,-0.2548741418764306,-0.23656943231440966,-46.13383177570088
z30>3 順張り,60,London,1353,0.10407243163340721,-0.15592756836659272,-0.7860196178734602,0.9261442443481811,2,11,-0.23954503816794273,-0.07746131805157225,-19.71682242990654
z30>3 順張り,60,NY,1473,-0.06408553971486895,-0.32408553971486875,-1.0948205399966744,0.8896496341557287,3,11,-0.39676103500761073,-0.26557107843137423,-44.61476635514034
z30>4 逆張り,1,全,7627,0.043533368296841096,-0.2164666317031588,-6.64443824234274,0.6621188558148322,0,11,-0.21856896551724192,-0.2150017797552816,-154.2982242990647
z30>4 逆張り,1,Asia,3298,0.042318071558520194,-0.21768192844147974,-6.485637862122884,0.6136413661493623,1,11,-0.21901428571428722,-0.2168581943081444,-67.09485981308413
z30>4 逆張り,1,London,1593,0.06663402385437063,-0.1933659761456293,-3.7468990195097587,0.6802673849523408,0,11,-0.21900700280111687,-0.17253811149031859,-28.788037383176402
z30>4 逆張り,1,NY,2736,0.03154824561403327,-0.22845175438596668,-3.0232527034352343,0.6972778720858968,0,11,-0.2178143350604511,-0.23625792141951993,-58.4153271028042
z30>4 逆張り,3,全,3358,0.10268880285884258,-0.15731119714115735,-1.7271218524980523,0.8352866599128846,3,11,-0.15005183585313084,-0.16243219908583426,-49.36925233644919
z30>4 逆張り,3,Asia,1447,0.07773600552867778,-0.18226399447132213,-2.1148189900351655,0.7782887099038514,3,11,-0.16497703180212067,-0.1933700340522166,-24.648224299065713
z30>4 逆張り,3,London,735,0.1717972789115689,-0.08820272108843101,-0.7675646181748845,0.8912651875507421,3,11,-0.15169444444444402,-0.03815085158150104,-6.058785046728673
z30>4 逆張り,3,NY,1176,0.09019897959183118,-0.16980102040816866,-0.7498808925592433,0.8595080396303711,1,11,-0.13205611222444597,-0.19762186115215324,-18.6622429906548
z30>4 逆張り,5,全,2454,0.14936511817441436,-0.11063488182558552,-1.0745800648872015,0.8995096106903362,3,11,-0.11826810176124976,-0.10518715083798157,-25.373644859811858
z30>4 逆張り,5,Asia,1051,0.2012968601332107,-0.05870313986678922,-0.488747680457873,0.9372008114416158,5,11,-0.16987317073170835,0.012404056162254184,-5.766074766354717
z30>4 逆張り,5,London,548,0.32807664233577527,0.06807664233577532,0.382215274767432,1.072169774820098,4,11,-0.10586307053941459,0.20462214983714583,3.486542056075222
z30>4 逆張り,5,NY,855,-0.02901403508771506,-0.289014035087715,-1.2613987040312824,0.7944820278751358,2,11,-0.06929649595686779,-0.4574338842975173,-23.094112149532368
z30>4 逆張り,15,全,1466,0.25908526603002047,-0.0009147339699795145,-0.0047495433016982854,0.9994233775883555,4,11,-0.05310350318471105,0.03819570405728956,-0.12532710280280077
z30>4 逆張り,15,Asia,629,0.24715103338633015,-0.012848966613669724,-0.061732924887670786,0.989660347137024,3,11,-0.01974103585657974,-0.008272486772478152,-0.7553271028035754
z30>4 逆張り,30,全,1228,0.4083387622149852,0.14833876221498543,0.5475268370254575,1.0764189483416984,5,11,0.04229755178907984,0.22912482065997228,17.02429906542076
z30>4 逆張り,30,Asia,532,0.7300488721804507,0.4700488721804509,1.4318820391448954,1.3256254264567244,5,11,0.22929166666666628,0.6346170886075948,23.370654205607465
z30>4 逆張り,60,全,1186,0.42416104553120887,0.16416104553120886,0.528312569237076,1.0664946708975762,6,11,0.07499025341131174,0.23213224368500882,18.195794392524647
z30>4 逆張り,60,Asia,507,0.6358343195266392,0.3758343195266393,1.0694976602354933,1.199252338403149,6,11,0.11466666666666916,0.5560400000000187,17.808224299065994
z30>4 順張り,1,全,7627,-0.043533368296841096,-0.303533368296841,-9.316949703842985,0.5659307270103294,0,11,-0.301431034482758,-0.3049982202447183,-216.35971962616884
z30>4 順張り,1,Asia,3298,-0.042318071558520194,-0.30231807155852014,-9.007295852907802,0.5118007179192388,0,11,-0.30098571428571264,-0.3031418056918554,-93.18177570093452
z30>4 順張り,1,London,1593,-0.06663402385437063,-0.3266340238543705,-6.3292660276321895,0.5272942664234277,0,11,-0.300992997198883,-0.3474618885096812,-48.62878504673012
z30>4 順張り,1,NY,2736,-0.03154824561403327,-0.2915482456140332,-3.8582501767321493,0.6358189275761449,0,11,-0.30218566493954885,-0.2837420785804799,-74.54915887850419
z30>4 順張り,3,全,3358,-0.10268880285884258,-0.3626888028588424,-3.98196548279892,0.6639762525476133,0,11,-0.36994816414686904,-0.35756780091416557,-113.82327102803671
z30>4 順張り,3,Asia,1447,-0.07773600552867778,-0.33773600552867766,-3.9187691468215413,0.6362272150730387,0,11,-0.3550229681978792,-0.32662996594778315,-45.67327102803707
z30>4 順張り,3,London,735,-0.1717972789115689,-0.43179727891156877,-3.757620053290899,0.5719318643167046,0,11,-0.3683055555555559,-0.48184914841849874,-29.660841121495615
z30>4 順張り,3,NY,1176,-0.09019897959183118,-0.350198979591831,-1.5465603372606418,0.7325124477312236,0,11,-0.38794388777555383,-0.3223781388478462,-38.48915887850404
z30>4 順張り,5,全,2454,-0.14936511817441436,-0.40936511817441423,-3.9761021839740276,0.6798900020393568,0,11,-0.40173189823875005,-0.41481284916201827,-93.88616822430023
z30>4 順張り,5,Asia,1051,-0.2012968601332107,-0.4612968601332106,-3.840642441004374,0.6046559985387283,0,11,-0.3501268292682915,-0.532404056162254,-45.310560747663956
z30>4 順張り,5,London,548,-0.32807664233577527,-0.5880766423357752,-3.3017473794614003,0.551164685482688,0,11,-0.4141369294605853,-0.7246221498371456,-30.118317757009795
z30>4 順張り,5,NY,855,0.02901403508771506,-0.23098596491228482,-1.0081358045513005,0.8345820389093563,2,11,-0.4507035040431321,-0.06256611570248254,-18.4572897196265
z30>4 順張り,15,全,1466,-0.25908526603002047,-0.5190852660300204,-2.69522946473538,0.7232235993127285,0,11,-0.46689649681528883,-0.5581957040572895,-71.1195327102813
z30>4 順張り,15,Asia,629,-0.24715103338633015,-0.5071510333863302,-2.4366096972681954,0.6695995500725516,0,11,-0.5002589641434201,-0.5117275132275216,-29.812897196261837
z30>4 順張り,30,全,1228,-0.4083387622149852,-0.668338762214985,-2.4668765134141912,0.7197119937598411,0,11,-0.5622975517890797,-0.749124820659972,-76.70280373831791
z30>4 順張り,30,Asia,532,-0.7300488721804507,-0.9900488721804506,-3.015927240447927,0.5542965844461678,0,11,-0.7492916666666661,-1.154617088607594,-49.22485981308409
z30>4 順張り,60,全,1186,-0.42416104553120887,-0.6841610455312088,-2.201806637907903,0.7652565928871192,1,11,-0.5949902534113115,-0.7521322436850084,-75.83317757009473
z30>4 順張り,60,Asia,507,-0.6358343195266392,-0.895834319526639,-2.549242203051352,0.6493642145960009,3,11,-0.634666666666669,-1.0760400000000183,-42.447476635514576
BB20上抜け売り/下抜け買い,1,全,396955,0.016352818329533732,-0.24364718167046623,-153.4083077391089,0.3658194278773533,0,11,-0.24864943078823418,-0.23919125758542775,-9038.968878504666
BB20上抜け売り/下抜け買い,1,Asia,124334,0.011524184856918121,-0.24847581514308179,-93.56144815646492,0.31946587375117386,0,11,-0.2555151120107038,-0.24226137258464964,-2887.2889719626105
BB20上抜け売り/下抜け買い,1,London,105397,0.016212377961422615,-0.24378762203857732,-80.69680489594971,0.3670385329405122,0,11,-0.24542506530587457,-0.24234402113757145,-2401.353644859807
BB20上抜け売り/下抜け買い,1,NY,167224,0.020031508635123818,-0.23996849136487616,-92.78313983650996,0.39671127477776863,0,11,-0.24561122876014752,-0.23487531288399424,-3750.326261682248
BB20上抜け売り/下抜け買い,3,全,224390,0.028935928517313407,-0.2310640714826865,-66.88103869235404,0.5422133207377794,0,11,-0.2411691865538568,-0.22210858929742286,-4845.65112149533
BB20上抜け売り/下抜け買い,3,Asia,70152,0.016980285665412743,-0.24301971433458716,-42.0106285664679,0.48333326362948287,0,11,-0.25234024959570367,-0.23484769522994095,-1593.3008411214917
BB20上抜け売り/下抜け買い,3,London,59869,0.036128647547144156,-0.22387135245285575,-34.12985362003828,0.5575682643019607,0,11,-0.2337837770501136,-0.2151060648978702,-1252.612523364488
BB20上抜け売り/下抜け買い,3,NY,94369,0.03326035032690764,-0.2267396496730923,-40.287539735851084,0.5717857883681964,0,11,-0.23760966359209193,-0.21701555912467424,-1999.7377570093504
BB20上抜け売り/下抜け買い,5,全,184101,0.035116631631549634,-0.2248833683684503,-47.76665981889421,0.6174237349211871,0,11,-0.23688535951487166,-0.21422905686688737,-3869.275981308418
BB20上抜け売り/下抜け買い,5,Asia,57411,0.017621326923411795,-0.24237867307658814,-30.998089503132487,0.5561394008903494,0,11,-0.2510655377744702,-0.23473596149438417,-1300.4861682242993
BB20上抜け売り/下抜け買い,5,London,49259,0.04560120993118034,-0.21439879006881957,-23.26752993066515,0.638364824023073,0,11,-0.22674375054061005,-0.203477866625856,-987.0158878504658
BB20上抜け売り/下抜け買い,5,NY,77431,0.041418540377883686,-0.2185814596221163,-28.87025081785664,0.644902758530645,0,11,-0.23288002624169732,-0.20577582745789438,-1581.773925233653
BB20上抜け売り/下抜け買い,15,全,131343,0.026737762956533292,-0.23326223704346657,-26.61576833955613,0.7318453659239519,0,11,-0.23322649544968743,-0.23329395450430437,-2863.304859813087
BB20上抜け売り/下抜け買い,15,Asia,40787,-0.009652977664451666,-0.26965297766445157,-18.682763282659554,0.6663014137034279,0,11,-0.24506012757502849,-0.29136771155532953,-1027.8818691588774
BB20上抜け売り/下抜け買い,15,London,34852,0.03114722254102966,-0.22885277745897026,-14.200362120717317,0.740287198381752,0,11,-0.23346057610155027,-0.22476399870031558,-745.4184112149563
BB20上抜け売り/下抜け買い,15,NY,55704,0.0506245691512275,-0.2093754308487724,-14.324489346089825,0.7694272264635617,1,11,-0.22445560551787214,-0.19594341864096187,-1090.004579439254
BB20上抜け売り/下抜け買い,30,全,88994,0.019437400274175544,-0.24056259972582433,-16.312411236705973,0.79180443852759,0,11,-0.22342869095429327,-0.2557601246766468,-2000.806355140188
BB20上抜け売り/下抜け買い,30,Asia,27576,-0.018446293878735195,-0.2784462938787351,-11.501290628184911,0.7384366901232537,0,11,-0.21887824876237666,-0.33101972965592524,-717.6107476635514
BB20上抜け売り/下抜け買い,30,London,23338,0.04457845573742413,-0.21542154426257573,-7.889620012477383,0.8173738094080873,0,11,-0.23115713765476972,-0.20143095353731608,-469.8605607476629
BB20上抜け売り/下抜け買い,30,NY,38080,0.031463103991596,-0.22853689600840388,-9.326862696694523,0.8105827790725634,1,11,-0.22197438616071427,-0.23437023809523916,-813.3350467289738
BB20上抜け売り/下抜け買い,60,全,53072,0.04468307205306016,-0.21531692794693974,-7.897384814724781,0.8612407757956063,1,11,-0.20800272884144633,-0.22179092814264859,-1067.9719626168212
BB20上抜け売り/下抜け買い,60,Asia,16807,-0.010154518950436852,-0.27015451895043674,-6.1647785223274685,0.8162519309182985,0,11,-0.21710563737938032,-0.3169368491770228,-424.34457943925145
BB20上抜け売り/下抜け買い,60,London,13668,0.12433633304068047,-0.1356636669593194,-2.61311498212936,0.9158172884977771,3,11,-0.18593561964146604,-0.09120005514958959,-173.2944859813063
BB20上抜け売り/下抜け買い,60,NY,22597,0.03729070230561492,-0.22270929769438502,-4.916710310291765,0.8587015669262694,1,11,-0.2145764960481743,-0.22993090483749856,-470.3328971962634
BB20 3σ逆張り,1,全,28494,0.03695100722959233,-0.22304899277040757,-26.824581461867147,0.4812160794692496,0,11,-0.22988736842105362,-0.2152301790281314,-593.9773831775695
BB20 3σ逆張り,1,Asia,8171,0.035364337290419386,-0.22463566270958055,-17.10480672108682,0.42582085340851417,0,11,-0.24309867519415362,-0.20332507250197163,-171.5418691588769
BB20 3σ逆張り,1,London,6396,0.04788367729831321,-0.21211632270168673,-10.528643578488474,0.5375719233376752,0,11,-0.2163217566016082,-0.2070848214285664,-126.7940186915877
BB20 3σ逆張り,1,NY,13927,0.03286106124793393,-0.227138938752066,-18.898122265716218,0.4831349494876847,0,11,-0.22844603434178357,-0.22568325997875482,-295.641495327105
BB20 3σ逆張り,3,全,23275,0.0595340923737938,-0.20046590762620614,-13.930858860050096,0.6392686449105793,0,11,-0.22607420210627815,-0.17106930601697617,-436.06018691588304
BB20 3σ逆張り,3,Asia,6850,0.05902467153285083,-0.2009753284671491,-9.246915398690705,0.5955451475618155,1,11,-0.24240562687789974,-0.15341298212605223,-128.6617757009319
BB20 3σ逆張り,3,London,5531,0.05700759356355385,-0.2029924064364461,-7.112130251389291,0.6506089559168672,0,11,-0.2129869259135099,-0.19129160125588043,-104.92999999999846
BB20 3σ逆張り,3,NY,10894,0.06113713970993264,-0.19886286029006728,-8.49085981830593,0.6570589676746954,1,11,-0.22249352890422833,-0.17200666797411063,-202.46841121495262
BB20 3σ逆張り,5,全,22711,0.039598432477654336,-0.2204015675223456,-13.043928384869579,0.6633579092537739,0,11,-0.23325423171733792,-0.2055626600891745,-467.8074766355132
BB20 3σ逆張り,5,Asia,6750,0.0458069629629645,-0.2141930370370354,-7.600103451798979,0.6334300084251621,1,11,-0.2619595006934804,-0.1594400635930023,-135.12177570093357
BB20 3σ逆張り,5,London,5464,0.05226153001464208,-0.2077384699853579,-5.853900857296829,0.6947037255794292,1,11,-0.20888357094365298,-0.20639872915011662,-106.08252336448557
BB20 3σ逆張り,5,NY,10497,0.02901457559302591,-0.23098542440697403,-8.944485067407745,0.6635656171884914,1,11,-0.22761505605979784,-0.23486777367773728,-226.60317757009406
BB20 3σ逆張り,15,全,22175,0.028618489289741457,-0.2313815107102585,-9.056032089282231,0.7543915756193407,1,11,-0.2187882125441402,-0.24595058846415502,-479.52196261682076
BB20 3σ逆張り,15,Asia,6649,-0.00023582493607797803,-0.2602358249360779,-6.050828095842397,0.6967811070426287,1,11,-0.25308312128922716,-0.26836535989716753,-161.7110280373815
BB20 3σ逆張り,15,London,5375,0.09111144186046469,-0.16888855813953524,-3.6772607322442203,0.8241671738280695,1,11,-0.20982060145177983,-0.12117848509266839,-84.83887850467308
BB20 3σ逆張り,15,NY,10151,0.014428036646635962,-0.24557196335336398,-5.90377052261401,0.751250284144148,1,11,-0.20133620058565296,-0.297141028376358,-232.97205607476616
BB20 3σ逆張り,30,全,20945,0.013270899976127577,-0.24672910002387236,-6.724846199814561,0.7975025737623458,0,11,-0.21623599031650692,-0.2814604779411769,-482.9664485981315
BB20 3σ逆張り,30,Asia,6256,-0.018128516624040344,-0.2781285166240402,-4.690784786346477,0.7544378314084152,0,11,-0.24562062726175887,-0.31479387755102156,-162.61420560747624
BB20 3σ逆張り,30,London,5049,0.13559853436324054,-0.1244014656367593,-1.7415149900071498,0.9000879336514516,1,11,-0.2194569732937695,-0.015489587760303953,-58.701214953270814
BB20 3σ逆張り,30,NY,9640,-0.030421784232366498,-0.29042178423236636,-4.92760951647839,0.7695332169831139,1,11,-0.19559346430655644,-0.3987819515447889,-261.6510280373843
BB20 3σ逆張り,60,全,18350,-0.020506485013622632,-0.2805064850136226,-5.873287342112201,0.8239603291422083,1,11,-0.2055166770898474,-0.36267325262676764,-481.0555140186892
BB20 3σ逆張り,60,Asia,5506,-0.06161768979295022,-0.32161768979295013,-3.7356596647074785,0.792046230137948,1,11,-0.23012565081568923,-0.4220323809523744,-165.49785046728817
BB20 3σ逆張り,60,London,4388,0.15017980856882543,-0.10982019143117445,-1.1228989151879996,0.9344309070637705,3,11,-0.23592623308598823,0.02795231282785193,-45.03654205607416
BB20 3σ逆張り,60,NY,8456,-0.08231031220435163,-0.3423103122043515,-4.830348266979254,0.7835758536061622,1,11,-0.17372862957937496,-0.5271065939514131,-270.5211214953268
RSI14<20買い/>80売り,1,全,263540,0.015354265007209896,-0.24464573499279002,-129.17275241114106,0.3483458957167458,0,11,-0.2484217775029506,-0.24126338505362632,-6025.601588785036
RSI14<20買い/>80売り,1,Asia,80591,0.009648645630405392,-0.2503513543695946,-77.98952192779707,0.3165065863433546,0,11,-0.252423394954442,-0.2485050566675274,-1885.6136448598131
RSI14<20買い/>80売り,1,London,60177,0.023438822141350558,-0.23656117785864936,-58.574717090711914,0.38363881631291663,0,11,-0.24191503625168462,-0.23207149404216176,-1330.4244859813032
RSI14<20買い/>80売り,1,NY,122772,0.01513692861564561,-0.2448630713843543,-85.6709246707934,0.35103861180859425,0,11,-0.2488724070251422,-0.2411413852677869,-2809.5634579439206
RSI14<20買い/>80売り,3,全,125280,0.031025119731800818,-0.2289748802681991,-49.80137371744868,0.5357484846509427,0,11,-0.23573197370638738,-0.22289605761940895,-2680.932056074765
RSI14<20買い/>80売り,3,Asia,38178,0.010766121850279283,-0.2492338781497207,-31.424888218230933,0.4786684881467169,0,11,-0.24633614093036038,-0.25186403837505816,-889.2757943925268
RSI14<20買い/>80売り,3,London,29146,0.05071375145817683,-0.20928624854182312,-22.325588424790734,0.5883200696173843,1,11,-0.2241609434102199,-0.19648183617442258,-570.0800934579418
RSI14<20買い/>80売り,3,NY,57956,0.034469166264062774,-0.22553083373593713,-32.136608799688545,0.5449007519294919,0,11,-0.2344093634852964,-0.21741246614256457,-1221.5761682242967
RSI14<20買い/>80売り,5,全,96313,0.04009621754072729,-0.21990378245927267,-34.02726020895985,0.6176862566633404,1,11,-0.22929504677196588,-0.2114428216160738,-1979.4012149532643
RSI14<20買い/>80売り,5,Asia,29394,0.009610430700143545,-0.2503895692998564,-22.216176245854538,0.5529703043363206,0,11,-0.2401487256158327,-0.259761662757362,-687.8458878504654
RSI14<20買い/>80売り,5,London,22622,0.06744956237291218,-0.19255043762708776,-14.746272524627015,0.6719465742708584,1,11,-0.21019338952552116,-0.17710718726684915,-407.0912149532691
RSI14<20買い/>80売り,5,NY,44297,0.04635650269770028,-0.21364349730229965,-21.689959089987426,0.6311341972349747,1,11,-0.23163530082691594,-0.19736383573425084,-884.4641121495297
RSI14<20買い/>80売り,15,全,66367,0.026557867614928857,-0.23344213238507103,-19.009920665228478,0.724003510655697,0,11,-0.2296922978913161,-0.23680822348669067,-1447.9302803738326
RSI14<20買い/>80売り,15,Asia,20178,-0.044341956586380876,-0.3043419565863808,-13.623942139614634,0.6319348543346524,0,11,-0.24250041330853378,-0.36134219047619065,-573.9263551401862
RSI14<20買い/>80売り,15,London,15932,0.08185092894802819,-0.17814907105197172,-7.567510351571401,0.7947859050610298,1,11,-0.21027892699853176,-0.1496209266500788,-265.2589719626181
RSI14<20買い/>80売り,15,NY,30257,0.044725154509699966,-0.21527484549029993,-11.51056334429735,0.7457511810428586,0,11,-0.23120445756872596,-0.20114444305850174,-608.7449532710286
RSI14<20買い/>80売り,30,全,53356,0.021502979983507264,-0.23849702001649264,-12.267265894765718,0.788797905659441,1,11,-0.23527788556721338,-0.24139012846517943,-1189.275420560746
RSI14<20買い/>80売り,30,Asia,16163,-0.029458392625132106,-0.28945839262513196,-8.553206063178196,0.7341973372214944,0,11,-0.23693411552346533,-0.33791542761984195,-437.2444859813092
RSI14<20買い/>80売り,30,London,12822,0.07461347683668733,-0.18538652316331256,-5.115204587552299,0.843266462627373,1,11,-0.22642490118576958,-0.14847022222222236,-222.15196261682183
RSI14<20買い/>80売り,30,NY,24371,0.027358540888762002,-0.2326414591112379,-7.570529090379839,0.7937090502983887,1,11,-0.23885796797059458,-0.2271535074165632,-529.8789719626149
RSI14<20買い/>80売り,60,全,37989,0.028065466319197933,-0.231934533680802,-7.629080566625645,0.8485225727895584,0,11,-0.21625308952636565,-0.24588217447528044,-823.4542990654194
RSI14<20買い/>80売り,60,Asia,11594,-0.07802216663791632,-0.3380221666379163,-6.256711302471173,0.7750590745370879,0,11,-0.24682241630276794,-0.42021859626106717,-366.2643925233646
RSI14<20買い/>80売り,60,London,9299,0.11351941068932218,-0.1464805893106777,-2.37093221364538,0.9102581012750638,1,11,-0.2228516988062416,-0.07917883876188621,-127.30121495327028
RSI14<20買い/>80売り,60,NY,17096,0.053530124005615645,-0.2064698759943843,-4.514676540814392,0.8619340927655966,0,11,-0.19175395343045648,-0.21950722559293964,-329.88869158878447
RSI14<10買い/>90売り,1,全,52427,0.012999332405058983,-0.24700066759494096,-57.87218376151621,0.3318301429623526,0,11,-0.2480536632514975,-0.24597530306452778,-1210.234018691586
RSI14<10買い/>90売り,1,Asia,13968,0.005992769186711777,-0.25400723081328813,-29.222273708680145,0.3386781888144052,0,11,-0.2467436049090613,-0.26082526023595104,-331.58626168224384
RSI14<10買い/>90売り,1,London,8203,0.0380950871632355,-0.2219049128367644,-20.00306406911401,0.4398234059171238,0,11,-0.23204015837104155,-0.21422584101135114,-170.12018691588582
RSI14<10買い/>90売り,1,NY,30256,0.009430030407192504,-0.2505699695928074,-46.10194553962318,0.29582247014448004,0,11,-0.25226050366182695,-0.24877862491490696,-708.5275700934562
RSI14<10買い/>90売り,3,全,26543,0.026062313981088096,-0.23393768601891188,-23.693938030554115,0.5103185559250212,0,11,-0.2371188295560386,-0.23093703785049968,-580.3185046728952
RSI14<10買い/>90売り,3,Asia,7033,0.017374377932603435,-0.2426256220673965,-11.94521517684192,0.5134887935284121,0,11,-0.24026184171815163,-0.24483654375344033,-159.4753271028037
RSI14<10買い/>90売り,3,London,4357,0.08255634610970963,-0.17744365389029032,-6.937157004089754,0.66201711156353,1,11,-0.21805771248688416,-0.14586046511627646,-72.25439252336402
RSI14<10買い/>90売り,3,NY,15153,0.013850722629183427,-0.2461492773708165,-19.70174464527671,0.4583084567287973,0,11,-0.24050283678585607,-0.25179944547134664,-348.58878504672737
RSI14<10買い/>90売り,5,全,21754,0.033296037510342776,-0.22670396248965716,-17.357367419099987,0.5859723230346032,0,11,-0.23164346915460723,-0.22209200000000062,-460.9082242990656
RSI14<10買い/>90売り,5,Asia,5768,0.020683945908458984,-0.239316054091541,-8.972491781092499,0.5836576955198941,0,11,-0.22702902185596363,-0.2508354047699072,-129.00700934579518
RSI14<10買い/>90売り,5,London,3666,0.1275965630114588,-0.13240343698854112,-3.9792821670967857,0.779734969151436,1,11,-0.18622986369268987,-0.09006627680311416,-45.36364485981232
RSI14<10買い/>90売り,5,NY,12320,0.011140259740259523,-0.2488597402597404,-14.933706716831585,0.5203767213559437,0,11,-0.2457730775536971,-0.25188587043883665,-286.5375700934581
RSI14<10買い/>90売り,15,全,18325,0.0327012278308331,-0.2272987721691668,-9.597563593256117,0.7101902742353895,1,11,-0.22904027459954307,-0.22571079812206318,-389.27570093457774
RSI14<10買い/>90売り,15,Asia,4787,0.0006037184040114537,-0.2593962815959885,-5.489898085603044,0.6897141876178045,1,11,-0.22684622030237675,-0.2898790453074412,-116.04953271028009
RSI14<10買い/>90売り,15,London,3206,0.11853774173425045,-0.14146225826574946,-2.5684794760755927,0.8397904793731078,1,11,-0.19779247910863762,-0.0957615819208978,-42.3857943925227
RSI14<10買い/>90売り,15,NY,10332,0.020937669376694425,-0.23906233062330554,-7.586518733122479,0.6723986478376193,1,11,-0.23905251553417528,-0.2390714954145596,-230.84037383177505
RSI14<10買い/>90売り,30,全,17303,0.036695023984280546,-0.22330497601571933,-7.278377001542848,0.7768326286011364,1,11,-0.22985962990017028,-0.2173813400814164,-361.1071028037376
RSI14<10買い/>90売り,30,Asia,4530,0.032981015452537024,-0.22701898454746292,-3.6418063090544273,0.7854856399557274,1,11,-0.22394160583941708,-0.22990419161676845,-96.11177570093524
RSI14<10買い/>90売り,30,London,3051,0.10574827925270676,-0.15425172074729313,-2.0113497440239527,0.8727444012587624,1,11,-0.2386048210372552,-0.0855957193816819,-43.9833644859805
RSI14<10買い/>90売り,30,NY,9722,0.01675498868545621,-0.24324501131454374,-6.160725740984746,0.7319202785148466,1,11,-0.23007457554265945,-0.25533458275794035,-221.01196261682188
RSI14<10買い/>90売り,60,全,14337,0.11827355792704292,-0.141726442072957,-3.0785047887098287,0.8950871845894862,2,11,-0.16703902009681637,-0.11878018617021106,-189.90018691588642
RSI14<10買い/>90売り,60,Asia,4075,0.08164441717791411,-0.17835558282208583,-1.991212704294359,0.8727740682805781,2,11,-0.2273225806451611,-0.1332884071630536,-67.92514018691587
RSI14<10買い/>90売り,60,London,2829,0.09586320254507186,-0.164136797454928,-1.4873691996740253,0.9017701732221916,1,11,-0.27220252167060643,-0.07622948717948197,-43.396542056073955
RSI14<10買い/>90売り,60,NY,7433,0.146884165209203,-0.11311583479079693,-1.8569406132776989,0.9058259464028126,2,11,-0.09716801112656412,-0.12805393434080134,-78.5785046728966
