name,path,tmode,spread,bid,swl,sws,swm,vmin,contract,cur,grp
USDCNH,Forex\Standard\Exotics\USDCNH,0,39,6.7039,-1.45,-10.66,1,0.01,100000.0,CNH,Forex
USDDKK,Forex\Standard\Exotics\USDDKK,0,398,6.51149,-19.95,-79.64,1,0.01,100000.0,DKK,Forex
USDHKD,Forex\Standard\Exotics\USDHKD,0,42,7.8428,-3.03,-8.98,1,0.01,100000.0,HKD,Forex
USDHUF,Forex\Standard\Exotics\USDHUF,0,869,316.873,-47.45,-16.35,1,0.01,100000.0,HUF,Forex
USDMXN,Forex\Standard\Exotics\USDMXN,0,2404,17.20998,-333.48,54.02,1,0.01,100000.0,MXN,Forex
USDNOK,Forex\Standard\Exotics\USDNOK,0,1936,9.41115,-84.51,-58.04,1,0.01,100000.0,NOK,Forex
USDPLN,Forex\Standard\Exotics\USDPLN,0,526,3.79683,-29.31,-28.7,1,0.01,100000.0,PLN,Forex
USDSEK,Forex\Standard\Exotics\USDSEK,0,1461,9.81816,-25.53,-133.22,1,0.01,100000.0,SEK,Forex
USDSGD,Forex\Standard\Exotics\USDSGD,0,215,1.27411,-1.84,-17.84,1,0.01,100000.0,SGD,Forex
USDTRY,Forex\Standard\Exotics\USDTRY,0,5047,48.64991,-6665.87,1302.83,1,0.01,100000.0,TRY,Forex
USDZAR,Forex\Standard\Exotics\USDZAR,0,181,16.2856,-40.99,4.61,1,0.01,100000.0,ZAR,Forex
EURUSD,Forex\Standard\Majors\EURUSD,0,21,1.14755,-7.87,1.43,1,0.01,100000.0,USD,Forex
GBPUSD,Forex\Standard\Majors\GBPUSD,0,25,1.33913,-3.7,-4.1,1,0.01,100000.0,USD,Forex
USDCAD,Forex\Standard\Majors\USDCAD,0,33,1.39882,1.03,-10.6,1,0.01,100000.0,CAD,Forex
USDCHF,Forex\Standard\Majors\USDCHF,0,28,0.82384,3.87,-13.33,1,0.01,100000.0,CHF,Forex
USDJPY,Forex\Standard\Majors\USDJPY,0,28,155.552,2.11,-29.59,1,0.01,100000.0,JPY,Forex
AUDUSD,Forex\Standard\Minors\AUDUSD,0,27,0.71167,-0.86,-3.36,1,0.01,100000.0,USD,Forex
NZDUSD,Forex\Standard\Minors\NZDUSD,0,31,0.57366,-4.28,-0.89,1,0.01,100000.0,USD,Forex
CHFSGD.,Forex\XMZero\Exotics\CHFSGD.,4,229,1.54646,-18.66,-5.82,1,0.01,100000.0,SGD,Forex
EURDKK.,Forex\XMZero\Exotics\EURDKK.,4,351,7.47354,-54.27,-63.28,1,0.01,100000.0,DKK,Forex
EURHKD.,Forex\XMZero\Exotics\EURHKD.,4,395,9.00139,-72.27,-69.28,1,0.01,100000.0,HKD,Forex
EURHUF.,Forex\XMZero\Exotics\EURHUF.,4,522,363.9,-67.03,-5.08,1,0.01,100000.0,HUF,Forex
EURNOK.,Forex\XMZero\Exotics\EURNOK.,4,1380,10.80509,-140.22,-27.12,1,0.01,100000.0,NOK,Forex
EURPLN.,Forex\XMZero\Exotics\EURPLN.,4,476,4.358,-51.53,-16.82,1,0.01,100000.0,PLN,Forex
EURSEK.,Forex\XMZero\Exotics\EURSEK.,4,914,11.27159,-67.26,-102.36,1,0.01,100000.0,SEK,Forex
EURSGD.,Forex\XMZero\Exotics\EURSGD.,4,109,1.46296,-8.17,-15.06,1,0.01,100000.0,SGD,Forex
EURTRY.,Forex\XMZero\Exotics\EURTRY.,4,7256,55.95702,-6562.17,539.83,1,0.01,100000.0,TRY,Forex
EURZAR.,Forex\XMZero\Exotics\EURZAR.,4,1425,18.69346,-414.51,30.89,1,0.01,100000.0,ZAR,Forex
GBPDKK.,Forex\XMZero\Exotics\GBPDKK.,4,1069,8.7177,-25.79,-110.82,1,0.01,100000.0,DKK,Forex
GBPNOK.,Forex\XMZero\Exotics\GBPNOK.,4,1808,12.6081,-111.02,-83.42,1,0.01,100000.0,NOK,Forex
GBPSEK.,Forex\XMZero\Exotics\GBPSEK.,4,1359,13.15208,-25.24,-171.54,1,0.01,100000.0,SEK,Forex
GBPSGD.,Forex\XMZero\Exotics\GBPSGD.,4,233,1.70665,-2.25,-24.75,1,0.01,100000.0,SGD,Forex
NZDSGD.,Forex\XMZero\Exotics\NZDSGD.,4,139,0.73104,-4.46,-9.45,1,0.01,100000.0,SGD,Forex
SGDJPY.,Forex\XMZero\Exotics\SGDJPY.,4,119,121.956,-9.41,-9.41,1,0.01,100000.0,JPY,Forex
USDDKK.,Forex\XMZero\Exotics\USDDKK.,4,328,6.51184,-19.95,-79.64,1,0.01,100000.0,DKK,Forex
USDHKD.,Forex\XMZero\Exotics\USDHKD.,4,28,7.8435,-3.03,-8.98,1,0.01,100000.0,HKD,Forex
USDHUF.,Forex\XMZero\Exotics\USDHUF.,4,616,317.0,-47.45,-16.35,1,0.01,100000.0,HUF,Forex
USDMXN.,Forex\XMZero\Exotics\USDMXN.,4,1704,17.21348,-333.48,54.02,1,0.01,100000.0,MXN,Forex
USDNOK.,Forex\XMZero\Exotics\USDNOK.,4,1676,9.41245,-84.51,-58.04,1,0.01,100000.0,NOK,Forex
USDPLN.,Forex\XMZero\Exotics\USDPLN.,4,381,3.79756,-29.31,-28.7,1,0.01,100000.0,PLN,Forex
USDSEK.,Forex\XMZero\Exotics\USDSEK.,4,1311,9.81891,-25.53,-133.22,1,0.01,100000.0,SEK,Forex
USDSGD.,Forex\XMZero\Exotics\USDSGD.,4,120,1.27459,-1.84,-17.84,1,0.01,100000.0,SGD,Forex
USDTRY.,Forex\XMZero\Exotics\USDTRY.,4,4347,48.65341,-6665.87,1302.83,1,0.01,100000.0,TRY,Forex
USDZAR.,Forex\XMZero\Exotics\USDZAR.,4,151,16.2871,-40.99,4.61,1,0.01,100000.0,ZAR,Forex
CADCHF.,Forex\XMZero\Majors\CADCHF.,4,18,0.58898,1.23,-6.18,1,0.01,100000.0,CHF,Forex
CADJPY.,Forex\XMZero\Majors\CADJPY.,4,23,111.218,-1.08,-11.48,1,0.01,100000.0,JPY,Forex
CHFJPY.,Forex\XMZero\Majors\CHFJPY.,4,26,188.847,-16.27,-5.97,1,0.01,100000.0,JPY,Forex
EURCAD.,Forex\XMZero\Majors\EURCAD.,4,21,1.60522,-6.3,-6.92,1,0.01,100000.0,CAD,Forex
EURCHF.,Forex\XMZero\Majors\EURCHF.,4,23,0.94553,0.73,-11.49,1,0.01,100000.0,CHF,Forex
EURGBP.,Forex\XMZero\Majors\EURGBP.,4,10,0.85688,-6.15,1.06,1,0.01,100000.0,GBP,Forex
EURJPY.,Forex\XMZero\Majors\EURJPY.,4,12,178.551,-6.2,-19.17,1,0.01,100000.0,JPY,Forex
EURUSD.,Forex\XMZero\Majors\EURUSD.,4,3,1.14764,-7.87,1.43,1,0.01,100000.0,USD,Forex
GBPCAD.,Forex\XMZero\Majors\GBPCAD.,4,36,1.87316,0.31,-16.14,1,0.01,100000.0,CAD,Forex
GBPCHF.,Forex\XMZero\Majors\GBPCHF.,4,34,1.10335,5.35,-17.75,1,0.01,100000.0,CHF,Forex
GBPJPY.,Forex\XMZero\Majors\GBPJPY.,4,10,208.338,3.09,-40.51,1,0.01,100000.0,JPY,Forex
GBPUSD.,Forex\XMZero\Majors\GBPUSD.,4,10,1.3392,-3.7,-4.1,1,0.01,100000.0,USD,Forex
USDCAD.,Forex\XMZero\Majors\USDCAD.,4,15,1.3989099999999999,1.03,-10.6,1,0.01,100000.0,CAD,Forex
USDCHF.,Forex\XMZero\Majors\USDCHF.,4,13,0.82391,3.87,-13.33,1,0.01,100000.0,CHF,Forex
USDJPY.,Forex\XMZero\Majors\USDJPY.,4,4,155.564,2.11,-29.59,1,0.01,100000.0,JPY,Forex
AUDCAD.,Forex\XMZero\Minors\AUDCAD.,4,23,0.99556,1.64,-10.12,1,0.01,100000.0,CAD,Forex
AUDCHF.,Forex\XMZero\Minors\AUDCHF.,4,16,0.58645,4.6,-9.62,1,0.01,100000.0,CHF,Forex
AUDJPY.,Forex\XMZero\Minors\AUDJPY.,4,19,110.721,4.04,-16.59,1,0.01,100000.0,JPY,Forex
AUDNZD.,Forex\XMZero\Minors\AUDNZD.,4,28,1.24035,-0.27,-10.48,1,0.01,100000.0,NZD,Forex
AUDUSD.,Forex\XMZero\Minors\AUDUSD.,4,11,0.71175,-0.86,-3.36,1,0.01,100000.0,USD,Forex
EURAUD.,Forex\XMZero\Minors\EURAUD.,4,29,1.61216,-17.33,1.37,1,0.01,100000.0,AUD,Forex
EURNZD.,Forex\XMZero\Minors\EURNZD.,4,37,1.99986,-13.99,-9.78,1,0.01,100000.0,NZD,Forex
GBPAUD.,Forex\XMZero\Minors\GBPAUD.,4,27,1.88131,-12.25,-6.36,1,0.01,100000.0,AUD,Forex
GBPNZD.,Forex\XMZero\Minors\GBPNZD.,4,61,2.33364,-2.41,-20.11,1,0.01,100000.0,NZD,Forex
NZDCAD.,Forex\XMZero\Minors\NZDCAD.,4,22,0.80254,-3.51,-5.52,1,0.01,100000.0,CAD,Forex
NZDCHF.,Forex\XMZero\Minors\NZDCHF.,4,21,0.47272,1.23,-6.07,1,0.01,100000.0,CHF,Forex
NZDJPY.,Forex\XMZero\Minors\NZDJPY.,4,20,89.264,-1.51,-11.91,1,0.01,100000.0,JPY,Forex
NZDUSD.,Forex\XMZero\Minors\NZDUSD.,4,14,0.57375,-4.28,-0.89,1,0.01,100000.0,USD,Forex
AUS200Cash,Derivatives\Cash\Cash Indices\AUS200Cash,4,300,8722.79,-1.79,0.33,3,0.1,1.0,AUD,Derivatives
EU50Cash,Derivatives\Cash\Cash Indices\EU50Cash,4,230,6300.9,-0.91,-0.05,3,0.1,1.0,EUR,Derivatives
FRA40Cash,Derivatives\Cash\Cash Indices\FRA40Cash,4,230,8165.93,-1.18,-0.07,3,0.1,1.0,EUR,Derivatives
GER40Cash,Derivatives\Cash\Cash Indices\GER40Cash,4,260,25694.2,-3.33,-0.22,3,0.1,1.0,EUR,Derivatives
HK50Cash,Derivatives\Cash\Cash Indices\HK50Cash,4,11,24560.0,-4.05,-0.08,3,0.1,1.0,HKD,Derivatives
IT40Cash,Derivatives\Cash\Cash Indices\IT40Cash,4,15,52216.0,-7.52,-0.45,3,0.1,1.0,EUR,Derivatives
JP225Cash,Derivatives\Cash\Cash Indices\JP225Cash,4,8,64262.0,-4.45,-1.48,3,0.1,1.0,JPY,Derivatives
NETH25Cash,Derivatives\Cash\Cash Indices\NETH25Cash,4,45,1098.14,-0.16,-0.01,3,0.1,1.0,EUR,Derivatives
SWI20Cash,Derivatives\Cash\Cash Indices\SWI20Cash,4,600,13969.7,-1.13,-1.16,3,0.1,1.0,CHF,Derivatives
UK100Cash,Derivatives\Cash\Cash Indices\UK100Cash,4,240,10730.8,-1.99,0.22,3,0.1,1.0,GBP,Derivatives
US100Cash,Derivatives\Cash\Cash Indices\US100Cash,4,290,29142.68,-4.61,0.52,3,0.1,1.0,USD,Derivatives
US30Cash,Derivatives\Cash\Cash Indices\US30Cash,4,600,51860.0,-8.23,0.93,3,0.1,1.0,USD,Derivatives
US500Cash,Derivatives\Cash\Cash Indices\US500Cash,4,80,7602.23,-1.21,0.14,3,0.1,1.0,USD,Derivatives
GOLD.,Derivatives\Spot Metals Zero\GOLD.,4,16,4312.74,-84.84,18.59,1,0.01,100.0,USD,Derivatives
SILVER.,Derivatives\Spot Metals Zero\SILVER.,4,44,63.835,-19.83,4.1,1,0.01,5000.0,USD,Derivatives
ErsteGroupBank,Stocks\EU\Austria\ErsteGroupBank,4,0,0.0,-7.18,-2.82,5,0.08,10.0,EUR,Stocks
RaiffeisenBank,Stocks\EU\Austria\RaiffeisenBank,4,0,0.0,-7.18,-2.82,5,0.14,10.0,EUR,Stocks
BruxellesLambert,Stocks\EU\Belgium\BruxellesLambert,4,0,0.0,-7.18,-2.82,5,0.13,10.0,EUR,Stocks
StoraEnso,Stocks\EU\Finland\StoraEnso,4,0,0.0,-7.18,-2.82,5,0.9,10.0,EUR,Stocks
AirLiquide,Stocks\EU\France\AirLiquide,4,0,0.0,-7.18,-2.82,5,0.06,10.0,EUR,Stocks
CompagnieGenerale,Stocks\EU\France\CompagnieGenerale,4,0,0.0,-7.18,-2.82,5,0.3,10.0,EUR,Stocks
CompagniedeSaintGobain,Stocks\EU\France\CompagniedeSaintGobain,4,0,0.0,-7.18,-2.82,5,0.12,10.0,EUR,Stocks
PernodRicard,Stocks\EU\France\PernodRicard,4,0,0.0,-7.18,-2.82,5,0.14,10.0,EUR,Stocks
SchneiderElectric,Stocks\EU\France\SchneiderElectric,4,0,0.0,-7.18,-2.82,5,0.03,10.0,EUR,Stocks
UnibailRodamco,Stocks\EU\France\UnibailRodamco,4,0,0.0,-7.18,-2.82,5,0.1,10.0,EUR,Stocks
FreseniusMedical,Stocks\EU\Germany\FreseniusMedical,4,0,0.0,-7.18,-2.82,5,0.3,10.0,EUR,Stocks
AssicurazioniGenerali,Stocks\EU\Italy\AssicurazioniGenerali,4,0,0.0,-7.18,-2.82,5,0.3,10.0,EUR,Stocks
BPERBanca,Stocks\EU\Italy\BPERBanca,4,135,14.259,-7.18,-2.82,5,0.7,10.0,EUR,Stocks
BancaGenerali,Stocks\EU\Italy\BancaGenerali,4,0,0.0,-7.18,-2.82,5,0.14,10.0,EUR,Stocks
BancaMediolanum,Stocks\EU\Italy\BancaMediolanum,4,0,0.0,-7.18,-2.82,5,0.4,10.0,EUR,Stocks
BancoBPM,Stocks\EU\Italy\BancoBPM,4,0,0.0,-7.18,-2.82,5,0.6,10.0,EUR,Stocks
BuzziUnicem,Stocks\EU\Italy\BuzziUnicem,4,0,0.0,-7.18,-2.82,5,0.3,10.0,EUR,Stocks
CNHIndustrial,Stocks\US\CNHIndustrial,4,0,0.0,-8.65,-1.35,5,0.8,10.0,USD,Stocks
DavideCampari,Stocks\EU\Italy\DavideCampari,4,0,0.0,-7.18,-2.82,5,1.6,10.0,EUR,Stocks
IntesaSanpaolo,Stocks\EU\Italy\IntesaSanpaolo,4,0,0.0,-7.18,-2.82,5,1.4,10.0,EUR,Stocks
PosteItaliane,Stocks\EU\Italy\PosteItaliane,4,0,0.0,-7.18,-2.82,5,0.4,10.0,EUR,Stocks
TelecomItalia,Stocks\EU\Italy\TelecomItalia,4,0,0.0,-7.18,-2.82,5,1.2,10.0,EUR,Stocks
ABNAMRO,Stocks\EU\Netherlands\ABNAMRO,4,0,0.0,-7.18,-2.82,5,0.3,10.0,EUR,Stocks
ASMLHolding,Stocks\EU\Netherlands\ASMLHolding,4,1001,1390.99,-7.18,-2.82,5,0.02,10.0,EUR,Stocks
AalbertsIndustries,Stocks\EU\Netherlands\AalbertsIndustries,4,0,0.0,-7.18,-2.82,5,0.3,10.0,EUR,Stocks
AholdDelhaize,Stocks\EU\Netherlands\AholdDelhaize,4,0,0.0,-7.18,-2.82,5,0.3,10.0,EUR,Stocks
AkzoNobel,Stocks\EU\Netherlands\AkzoNobel,3,0,0.0,-7.18,-2.82,5,0.15,10.0,EUR,Stocks
NNGroup,Stocks\EU\Netherlands\NNGroup,4,0,0.0,-7.18,-2.82,5,0.12,10.0,EUR,Stocks
RandstadHolding,Stocks\EU\Netherlands\RandstadHolding,4,0,0.0,-7.18,-2.82,5,0.3,10.0,EUR,Stocks
WoltersKluwer,Stocks\EU\Netherlands\WoltersKluwer,4,0,0.0,-7.18,-2.82,5,0.13,10.0,EUR,Stocks
AkerSolutions,Stocks\EU\Norway\AkerSolutions,4,728,41.956,-9.25,-0.75,5,1.8,10.0,NOK,Stocks
GoldenOcean,Stocks\EU\Norway\GoldenOcean,0,0,0.0,-9.25,-0.75,5,1.0,10.0,NOK,Stocks
GriegSeafood,Stocks\EU\Norway\GriegSeafood,4,0,0.0,-9.25,-0.75,5,2.6,10.0,NOK,Stocks
LeroySeafood,Stocks\EU\Norway\LeroySeafood,4,0,0.0,-9.25,-0.75,5,1.7,10.0,NOK,Stocks
NorwegianAir,Stocks\EU\Norway\NorwegianAir,4,0,0.0,-9.25,-0.75,5,5.0,10.0,NOK,Stocks
TGSNOPEC,Stocks\EU\Norway\TGSNOPEC,4,0,0.0,-9.25,-0.75,5,0.6,10.0,NOK,Stocks
YaraInternational,Stocks\EU\Norway\YaraInternational,4,0,0.0,-9.25,-0.75,5,0.2,10.0,NOK,Stocks
BancoComercial,Stocks\EU\Portugal\BancoComercial,4,0,0.0,-7.18,-2.82,5,7.0,10.0,EUR,Stocks
CorticeiraAmorim,Stocks\EU\Portugal\CorticeiraAmorim,4,0,0.0,-7.18,-2.82,5,1.3,10.0,EUR,Stocks
EDPRenovaveis,Stocks\EU\Portugal\EDPRenovaveis,4,0,0.0,-7.18,-2.82,5,0.7,10.0,EUR,Stocks
GalpEnergia,Stocks\EU\Portugal\GalpEnergia,4,0,0.0,-7.18,-2.82,5,0.5,10.0,EUR,Stocks
JeronimoMartins,Stocks\EU\Portugal\JeronimoMartins,4,0,0.0,-7.18,-2.82,5,0.5,10.0,EUR,Stocks
BancodeSabadell,Stocks\EU\Spain\BancodeSabadell,4,0,0.0,-7.18,-2.82,5,2.5,10.0,EUR,Stocks
IndraSistemas,Stocks\EU\Spain\IndraSistemas,4,0,0.0,-7.18,-2.82,5,0.15,10.0,EUR,Stocks
MeliaHotels,Stocks\EU\Spain\MeliaHotels,4,0,0.0,-7.18,-2.82,5,0.9,10.0,EUR,Stocks
MerlinProperties,Stocks\EU\Spain\MerlinProperties,4,0,0.0,-7.18,-2.82,5,0.7,10.0,EUR,Stocks
RedElectrica,Stocks\EU\Spain\RedElectrica,4,0,0.0,-7.18,-2.82,5,0.6,10.0,EUR,Stocks
TecnicasReunidas,Stocks\EU\Spain\TecnicasReunidas,4,0,0.0,-7.18,-2.82,5,0.4,10.0,EUR,Stocks
AlfaLaval,Stocks\EU\Sweden\AlfaLaval,4,0,0.0,-6.67,-3.33,5,0.2,10.0,SEK,Stocks
AssaAbloy,Stocks\EU\Sweden\AssaAbloy,4,0,0.0,-6.67,-3.33,5,0.3,10.0,SEK,Stocks
AtlasCopco,Stocks\EU\Sweden\AtlasCopco,4,0,0.0,-6.67,-3.33,5,0.5,10.0,SEK,Stocks
NordeaBank,Stocks\EU\Sweden\NordeaBank,4,0,0.0,-6.67,-3.33,5,0.6,10.0,SEK,Stocks
SvenskaHandelsbanken,Stocks\EU\Sweden\SvenskaHandelsbanken,4,0,0.0,-6.67,-3.33,5,0.7,10.0,SEK,Stocks
JuliusBaer,Stocks\EU\Switzerland\JuliusBaer,4,0,0.0,-4.96,-5.04,5,0.15,10.0,CHF,Stocks
SwissLife,Stocks\EU\Switzerland\SwissLife,4,0,0.0,-4.96,-5.04,5,0.02,10.0,CHF,Stocks
SwissRe,Stocks\EU\Switzerland\SwissRe,4,0,0.0,-4.96,-5.04,5,0.08,10.0,CHF,Stocks
ZurichInsurance,Stocks\EU\Switzerland\ZurichInsurance,4,0,0.0,-4.96,-5.04,5,0.02,10.0,CHF,Stocks
AngloAmerican,Stocks\EU\UK\AngloAmerican,4,0,0.0,-8.73,-1.27,5,0.15,10.0,GBP,Stocks
AssociatedBritishFoods,Stocks\EU\UK\AssociatedBritishFoods,4,0,0.0,-8.73,-1.27,5,0.3,10.0,GBP,Stocks
BHPGroup,Stocks\EU\UK\BHPGroup,4,0,0.0,-8.73,-1.27,5,0.2,10.0,GBP,Stocks
BritishLand,Stocks\EU\UK\BritishLand,4,0,0.0,-8.73,-1.27,5,1.5,10.0,GBP,Stocks
DirectLine,Stocks\EU\UK\DirectLine,0,0,0.0,-8.73,-1.27,5,2.2,10.0,GBP,Stocks
ImperialBrands,Stocks\EU\UK\ImperialBrands,4,0,0.0,-8.73,-1.27,5,0.3,10.0,GBP,Stocks
JohnsonMatthey,Stocks\EU\UK\JohnsonMatthey,4,29,22.68,-8.73,-1.27,5,0.3,10.0,GBP,Stocks
LandSecurities,Stocks\EU\UK\LandSecurities,4,0,0.0,-8.73,-1.27,5,0.9,10.0,GBP,Stocks
NationalGrid,Stocks\EU\UK\NationalGrid,4,0,0.0,-8.73,-1.27,5,0.6,10.0,GBP,Stocks
ReckittBenckiser,Stocks\EU\UK\ReckittBenckiser,4,0,0.0,-8.73,-1.27,5,0.12,10.0,GBP,Stocks
RioTinto,Stocks\EU\UK\RioTinto,4,453,71.908,-8.73,-1.27,5,0.08,10.0,GBP,Stocks
RoyalMail,Stocks\EU\UK\RoyalMail,0,0,0.0,-8.73,-1.27,5,1.7,10.0,GBP,Stocks
ScottishMortgage,Stocks\EU\UK\ScottishMortgage,4,0,0.0,-8.73,-1.27,5,0.5,10.0,GBP,Stocks
SevernTrent,Stocks\EU\UK\SevernTrent,4,0,0.0,-8.73,-1.27,5,0.2,10.0,GBP,Stocks
Smith&Nephew,Stocks\EU\UK\Smith&Nephew,4,0,0.0,-8.73,-1.27,5,0.6,10.0,GBP,Stocks
SmithsGroup,Stocks\EU\UK\SmithsGroup,4,0,0.0,-8.73,-1.27,5,0.3,10.0,GBP,Stocks
SmurfitKappa,Stocks\EU\UK\SmurfitKappa,0,0,0.0,-8.73,-1.27,5,0.3,10.0,GBP,Stocks
StJames,Stocks\EU\UK\StJames,4,0,0.0,-8.73,-1.27,5,0.6,10.0,GBP,Stocks
StandardLife,Stocks\EU\UK\StandardLife,4,0,0.0,-8.73,-1.27,5,2.5,10.0,GBP,Stocks
TaylorWimpey,Stocks\EU\UK\TaylorWimpey,4,0,0.0,-8.73,-1.27,5,7.0,10.0,GBP,Stocks
UnitedUtilities,Stocks\EU\UK\UnitedUtilities,4,0,0.0,-8.73,-1.27,5,0.5,10.0,GBP,Stocks
AmericanAirlines,Stocks\US\AmericanAirlines,4,0,0.0,-8.65,-1.35,5,0.7,10.0,USD,Stocks
AmericanElectric,Stocks\US\AmericanElectric,4,0,0.0,-8.65,-1.35,5,0.07,10.0,USD,Stocks
AnalogDevices,Stocks\US\AnalogDevices,4,0,0.0,-8.65,-1.35,5,0.03,10.0,USD,Stocks
AppliedMaterials,Stocks\US\AppliedMaterials,4,0,0.0,-8.65,-1.35,5,0.02,10.0,USD,Stocks
ArcherDaniels,Stocks\US\ArcherDaniels,4,0,0.0,-8.65,-1.35,5,0.11,10.0,USD,Stocks
AutomaticData,Stocks\US\AutomaticData,4,0,0.0,-8.65,-1.35,5,0.03,10.0,USD,Stocks
BallCorp,Stocks\US\BallCorp,4,0,0.0,-8.65,-1.35,5,0.13,10.0,USD,Stocks
BerkshireHathaway,Stocks\US\BerkshireHathaway,4,190,519.44,-8.65,-1.35,5,0.02,10.0,USD,Stocks
BestBuy,Stocks\US\BestBuy,4,0,0.0,-8.65,-1.35,5,0.1,10.0,USD,Stocks
BostonProperties,Stocks\US\BostonProperties,4,0,0.0,-8.65,-1.35,5,0.12,10.0,USD,Stocks
BostonScientific,Stocks\US\BostonScientific,4,0,0.0,-8.65,-1.35,5,0.2,10.0,USD,Stocks
CHRobinson,Stocks\US\CHRobinson,4,0,0.0,-8.65,-1.35,5,0.06,10.0,USD,Stocks
CabotOil&Gas,Stocks\US\CabotOil&Gas,0,0,0.0,-8.65,-1.35,5,0.3,10.0,USD,Stocks
CapitalOne,Stocks\US\CapitalOne,4,0,0.0,-8.65,-1.35,5,0.04,10.0,USD,Stocks
CapriHoldings,Stocks\US\CapriHoldings,4,0,0.0,-8.65,-1.35,5,0.7,10.0,USD,Stocks
CharlesSchwab,Stocks\US\CharlesSchwab,4,0,0.0,-8.65,-1.35,5,0.08,10.0,USD,Stocks
CheckPoint,Stocks\US\CheckPoint,4,0,0.0,-8.65,-1.35,5,0.06,10.0,USD,Stocks
DentsplySirona,Stocks\US\DentsplySirona,4,0,0.0,-8.65,-1.35,5,0.8,10.0,USD,Stocks
DiscoverFinancial,Stocks\US\DiscoverFinancial,0,0,0.0,-8.65,-1.35,5,0.05,10.0,USD,Stocks
DollarGeneral,Stocks\US\DollarGeneral,4,0,0.0,-8.65,-1.35,5,0.07,10.0,USD,Stocks
DollarTree,Stocks\US\DollarTree,4,0,0.0,-8.65,-1.35,5,0.07,10.0,USD,Stocks
EOGResources,Stocks\US\EOGResources,4,0,0.0,-8.65,-1.35,5,0.06,10.0,USD,Stocks
ElectronicArts,Stocks\US\ElectronicArts,0,0,0.0,-8.65,-1.35,5,0.04,10.0,USD,Stocks
EliLilly,Stocks\US\EliLilly,4,0,0.0,-8.65,-1.35,5,0.02,10.0,USD,Stocks
FifthThird,Stocks\US\FifthThird,4,0,0.0,-8.65,-1.35,5,0.2,10.0,USD,Stocks
FootLocker,Stocks\US\FootLocker,0,0,0.0,-8.65,-1.35,5,0.3,10.0,USD,Stocks
GeneralDynamics,Stocks\US\GeneralDynamics,4,0,0.0,-8.65,-1.35,5,0.03,10.0,USD,Stocks
GeneralMills,Stocks\US\GeneralMills,4,0,0.0,-8.65,-1.35,5,0.2,10.0,USD,Stocks
HPEnterprise,Stocks\US\HPEnterprise,4,0,0.0,-8.65,-1.35,5,0.2,10.0,USD,Stocks
HartfordFinancial,Stocks\US\HartfordFinancial,4,151,134.39,-8.65,-1.35,5,0.06,10.0,USD,Stocks
HenrySchein,Stocks\US\HenrySchein,4,0,0.0,-8.65,-1.35,5,0.1,10.0,USD,Stocks
IntuitiveSurgical,Stocks\US\IntuitiveSurgical,4,0,0.0,-8.65,-1.35,5,0.03,10.0,USD,Stocks
JBHunt,Stocks\US\JBHunt,4,0,0.0,-8.65,-1.35,5,0.04,10.0,USD,Stocks
JMSmucker,Stocks\US\JMSmucker,4,0,0.0,-8.65,-1.35,5,0.07,10.0,USD,Stocks
JohnsonControls,Stocks\US\JohnsonControls,4,0,0.0,-8.65,-1.35,5,0.06,10.0,USD,Stocks
KinderMorgan,Stocks\US\KinderMorgan,4,0,0.0,-8.65,-1.35,5,0.3,10.0,USD,Stocks
KraftHeinz,Stocks\US\KraftHeinz,4,0,0.0,-8.65,-1.35,5,0.4,10.0,USD,Stocks
LBrands,Stocks\US\LBrands,4,0,0.0,-8.65,-1.35,5,0.5,10.0,USD,Stocks
LamResearch,Stocks\US\LamResearch,4,0,0.0,-8.65,-1.35,5,0.03,10.0,USD,Stocks
LockheedMartin,Stocks\US\LockheedMartin,4,399,534.64,-8.65,-1.35,5,0.02,10.0,USD,Stocks
MarathonOil,Stocks\US\MarathonOil,0,0,0.0,-8.65,-1.35,5,0.3,10.0,USD,Stocks
MicrochipTechnology,Stocks\US\MicrochipTechnology,4,0,0.0,-8.65,-1.35,5,0.12,10.0,USD,Stocks
NorfolkSouthern,Stocks\US\NorfolkSouthern,4,0,0.0,-8.65,-1.35,5,0.03,10.0,USD,Stocks
NorwegianCruiseLine,Stocks\US\NorwegianCruiseLine,4,0,0.0,-8.65,-1.35,5,0.5,10.0,USD,Stocks
OReilly,Stocks\US\OReilly,4,0,0.0,-8.65,-1.35,5,0.1,10.0,USD,Stocks
OilwellVarco,Stocks\US\OilwellVarco,4,0,0.0,-8.65,-1.35,5,0.4,10.0,USD,Stocks
PNCFinancial,Stocks\US\PNCFinancial,4,0,0.0,-8.65,-1.35,5,0.04,10.0,USD,Stocks
PrudentialFinancial,Stocks\US\PrudentialFinancial,4,0,0.0,-8.65,-1.35,5,0.07,10.0,USD,Stocks
PublicService,Stocks\US\PublicService,4,0,0.0,-8.65,-1.35,5,0.12,10.0,USD,Stocks
PublicStorage,Stocks\US\PublicStorage,4,0,0.0,-8.65,-1.35,5,0.03,10.0,USD,Stocks
RegionsFinancial,Stocks\US\RegionsFinancial,4,0,0.0,-8.65,-1.35,5,0.3,10.0,USD,Stocks
RobertHalf,Stocks\US\RobertHalf,4,0,0.0,-8.65,-1.35,5,0.3,10.0,USD,Stocks
RossStores,Stocks\US\RossStores,4,0,0.0,-8.65,-1.35,5,0.04,10.0,USD,Stocks
SiriusXM,Stocks\US\SiriusXM,4,0,0.0,-8.65,-1.35,5,0.3,10.0,USD,Stocks
SouthwesternEnergy,Stocks\US\SouthwesternEnergy,0,0,0.0,-8.65,-1.35,5,1.1,10.0,USD,Stocks
StateStreet,Stocks\US\StateStreet,4,0,0.0,-8.65,-1.35,5,0.05,10.0,USD,Stocks
SynchronyFinancial,Stocks\US\SynchronyFinancial,4,0,0.0,-8.65,-1.35,5,0.11,10.0,USD,Stocks
TexasInstruments,Stocks\US\TexasInstruments,4,251,259.38,-8.65,-1.35,5,0.04,10.0,USD,Stocks
TractorSupply,Stocks\US\TractorSupply,4,0,0.0,-8.65,-1.35,5,0.3,10.0,USD,Stocks
TravelersCompanies,Stocks\US\TravelersCompanies,4,0,0.0,-8.65,-1.35,5,0.03,10.0,USD,Stocks
USBancorp,Stocks\US\USBancorp,4,0,0.0,-8.65,-1.35,5,0.14,10.0,USD,Stocks
UltaBeauty,Stocks\US\UltaBeauty,4,0,0.0,-8.65,-1.35,5,0.02,10.0,USD,Stocks
UnderArmour,Stocks\US\UnderArmour,4,0,0.0,-8.65,-1.35,5,1.7,10.0,USD,Stocks
UnionPacific,Stocks\US\UnionPacific,4,0,0.0,-8.65,-1.35,5,0.03,10.0,USD,Stocks
WesternDigital,Stocks\US\WesternDigital,4,0,0.0,-8.65,-1.35,5,0.02,10.0,USD,Stocks
WynnResorts,Stocks\US\WynnResorts,4,0,0.0,-8.65,-1.35,5,0.09,10.0,USD,Stocks
DuPont,Stocks\US\DuPont,4,0,0.0,-8.65,-1.35,5,0.07,10.0,USD,Stocks
Andritz,Stocks\EU\Austria\Andritz,4,0,0.0,-7.18,-2.82,5,0.11,10.0,EUR,Stocks
CAImmobilien,Stocks\EU\Austria\CAImmobilien,4,0,0.0,-7.18,-2.82,5,0.4,10.0,EUR,Stocks
Immofinanz,Stocks\EU\Austria\Immofinanz,4,0,0.0,-7.18,-2.82,5,0.6,10.0,EUR,Stocks
OMV,Stocks\EU\Austria\OMV,4,0,0.0,-7.18,-2.82,5,0.14,10.0,EUR,Stocks
OesterreichischePost,Stocks\EU\Austria\OesterreichischePost,4,0,0.0,-7.18,-2.82,5,0.3,10.0,EUR,Stocks
SchoellerBleck,Stocks\EU\Austria\SchoellerBleck,4,0,0.0,-7.18,-2.82,5,0.3,10.0,EUR,Stocks
TelekomAustria,Stocks\EU\Austria\TelekomAustria,4,0,0.0,-7.18,-2.82,5,0.9,10.0,EUR,Stocks
UNIQA,Stocks\EU\Austria\UNIQA,4,0,0.0,-7.18,-2.82,5,0.6,10.0,EUR,Stocks
Verbund,Stocks\EU\Austria\Verbund,4,0,0.0,-7.18,-2.82,5,0.15,10.0,EUR,Stocks
Voestalpine,Stocks\EU\Austria\Voestalpine,4,0,0.0,-7.18,-2.82,5,0.2,10.0,EUR,Stocks
WienerBerger,Stocks\EU\Austria\WienerBerger,4,0,0.0,-7.18,-2.82,5,0.5,10.0,EUR,Stocks
ABInbev,Stocks\EU\Belgium\ABInbev,4,0,0.0,-7.18,-2.82,5,0.13,10.0,EUR,Stocks
APERAM,Stocks\EU\Belgium\APERAM,4,0,0.0,-7.18,-2.82,5,0.2,10.0,EUR,Stocks
Ackermans,Stocks\EU\Belgium\Ackermans,4,0,0.0,-7.18,-2.82,5,0.04,10.0,EUR,Stocks
Ageas,Stocks\EU\Belgium\Ageas,4,0,0.0,-7.18,-2.82,5,0.12,10.0,EUR,Stocks
Bekaert,Stocks\EU\Belgium\Bekaert,4,0,0.0,-7.18,-2.82,5,0.3,10.0,EUR,Stocks
Bpost,Stocks\EU\Belgium\Bpost,4,0,0.0,-7.18,-2.82,5,6.0,10.0,EUR,Stocks
Cofinimmo,Stocks\EU\Belgium\Cofinimmo,0,0,0.0,-7.18,-2.82,5,0.11,10.0,EUR,Stocks
Colruyt,Stocks\EU\Belgium\Colruyt,4,0,0.0,-7.18,-2.82,5,0.3,10.0,EUR,Stocks
Dieteren,Stocks\EU\Belgium\Dieteren,4,0,0.0,-7.18,-2.82,5,0.05,10.0,EUR,Stocks
Engie,Stocks\EU\Belgium\Engie,4,0,0.0,-7.18,-2.82,5,0.4,10.0,EUR,Stocks
Galapagos,Stocks\EU\Belgium\Galapagos,4,0,0.0,-7.18,-2.82,5,0.4,10.0,EUR,Stocks
KBC,Stocks\EU\Belgium\KBC,4,0,0.0,-7.18,-2.82,5,0.07,10.0,EUR,Stocks
Ontex,Stocks\EU\Belgium\Ontex,4,0,0.0,-7.18,-2.82,5,3.3,10.0,EUR,Stocks
Proximus,Stocks\EU\Belgium\Proximus,4,0,0.0,-7.18,-2.82,5,1.5,10.0,EUR,Stocks
Sofina,Stocks\EU\Belgium\Sofina,4,0,0.0,-7.18,-2.82,5,0.04,10.0,EUR,Stocks
Solvay,Stocks\EU\Belgium\Solvay,4,340,25.85,-7.18,-2.82,5,0.4,10.0,EUR,Stocks
Telenet,Stocks\EU\Belgium\Telenet,0,0,0.0,-7.18,-2.82,5,0.6,10.0,EUR,Stocks
TessenderloChemie,Stocks\EU\Belgium\TessenderloChemie,4,0,0.0,-7.18,-2.82,5,0.4,10.0,EUR,Stocks
UCB,Stocks\EU\Belgium\UCB,4,0,0.0,-7.18,-2.82,5,0.05,10.0,EUR,Stocks
Umicore,Stocks\EU\Belgium\Umicore,4,0,0.0,-7.18,-2.82,5,0.4,10.0,EUR,Stocks
Cargotec,Stocks\EU\Finland\Cargotec,4,0,0.0,-7.18,-2.82,5,0.15,10.0,EUR,Stocks
Elisa,Stocks\EU\Finland\Elisa,4,0,0.0,-7.18,-2.82,5,0.3,10.0,EUR,Stocks
Fortum,Stocks\EU\Finland\Fortum,4,0,0.0,-7.18,-2.82,5,0.4,10.0,EUR,Stocks
Huhtamaki,Stocks\EU\Finland\Huhtamaki,4,0,0.0,-7.18,-2.82,5,0.3,10.0,EUR,Stocks
Kemira,Stocks\EU\Finland\Kemira,4,0,0.0,-7.18,-2.82,5,0.5,10.0,EUR,Stocks
Kesko,Stocks\EU\Finland\Kesko,4,0,0.0,-7.18,-2.82,5,0.4,10.0,EUR,Stocks
Kone,Stocks\EU\Finland\Kone,4,0,0.0,-7.18,-2.82,5,0.2,10.0,EUR,Stocks
Konecranes,Stocks\EU\Finland\Konecranes,4,0,0.0,-7.18,-2.82,5,0.3,10.0,EUR,Stocks
Metsa,Stocks\EU\Finland\Metsa,4,0,0.0,-7.18,-2.82,5,2.6,10.0,EUR,Stocks
Neste,Stocks\EU\Finland\Neste,4,0,0.0,-7.18,-2.82,5,0.3,10.0,EUR,Stocks
Nokia,Stocks\EU\Finland\Nokia,4,0,0.0,-7.18,-2.82,5,1.1,10.0,EUR,Stocks
Orion,Stocks\EU\Finland\Orion,4,0,0.0,-7.18,-2.82,5,0.12,10.0,EUR,Stocks
Outokumpu,Stocks\EU\Finland\Outokumpu,4,0,0.0,-7.18,-2.82,5,1.6,10.0,EUR,Stocks
Sampo,Stocks\EU\Finland\Sampo,4,0,0.0,-7.18,-2.82,5,1.0,10.0,EUR,Stocks
Tieto,Stocks\EU\Finland\Tieto,4,0,0.0,-7.18,-2.82,5,0.5,10.0,EUR,Stocks
UPM-Kymmene,Stocks\EU\Finland\UPM-Kymmene,4,0,0.0,-7.18,-2.82,5,0.4,10.0,EUR,Stocks
Valmet,Stocks\EU\Finland\Valmet,4,0,0.0,-7.18,-2.82,5,0.4,10.0,EUR,Stocks
Wartsila,Stocks\EU\Finland\Wartsila,4,0,0.0,-7.18,-2.82,5,0.4,10.0,EUR,Stocks
ADP,Stocks\EU\France\ADP,4,0,0.0,-7.18,-2.82,5,0.09,10.0,EUR,Stocks
AXA,Stocks\EU\France\AXA,4,0,0.0,-7.18,-2.82,5,0.3,10.0,EUR,Stocks
Accor,Stocks\EU\France\Accor,4,0,0.0,-7.18,-2.82,5,0.2,10.0,EUR,Stocks
AirFrance,Stocks\EU\France\AirFrance,4,0,0.0,-7.18,-2.82,5,0.8,10.0,EUR,Stocks
Alstom,Stocks\EU\France\Alstom,4,0,0.0,-7.18,-2.82,5,0.6,10.0,EUR,Stocks
Alten,Stocks\EU\France\Alten,4,0,0.0,-7.18,-2.82,5,0.12,10.0,EUR,Stocks
Arkema,Stocks\EU\France\Arkema,4,0,0.0,-7.18,-2.82,5,0.15,10.0,EUR,Stocks
Atos,Stocks\EU\France\Atos,0,0,0.0,-7.18,-2.82,5,3.7,10.0,EUR,Stocks
BIC,Stocks\EU\France\BIC,4,0,0.0,-7.18,-2.82,5,0.14,10.0,EUR,Stocks
BNPParibas,Stocks\EU\France\BNPParibas,4,0,0.0,-7.18,-2.82,5,0.09,10.0,EUR,Stocks
Biomerieux,Stocks\EU\France\Biomerieux,4,0,0.0,-7.18,-2.82,5,0.12,10.0,EUR,Stocks
Bollore,Stocks\EU\France\Bollore,4,0,0.0,-7.18,-2.82,5,2.3,10.0,EUR,Stocks
Bouygues,Stocks\EU\France\Bouygues,4,0,0.0,-7.18,-2.82,5,0.3,10.0,EUR,Stocks
BureauVeritas,Stocks\EU\France\BureauVeritas,4,0,0.0,-7.18,-2.82,5,0.4,10.0,EUR,Stocks
CGG,Stocks\EU\France\CGG,4,0,0.0,-7.18,-2.82,5,0.11,10.0,EUR,Stocks
Capgemini,Stocks\EU\France\Capgemini,4,0,0.0,-7.18,-2.82,5,0.09,10.0,EUR,Stocks
Carrefour,Stocks\EU\France\Carrefour,4,0,0.0,-7.18,-2.82,5,0.6,10.0,EUR,Stocks
Casino,Stocks\EU\France\Casino,0,0,0.0,-7.18,-2.82,5,17.0,10.0,EUR,Stocks
ChristianDior,Stocks\EU\France\ChristianDior,4,0,0.0,-7.18,-2.82,5,0.03,10.0,EUR,Stocks
Covivio,Stocks\EU\France\Covivio,4,0,0.0,-7.18,-2.82,5,0.2,10.0,EUR,Stocks
CreditAgric,Stocks\EU\France\CreditAgric,4,0,0.0,-7.18,-2.82,5,0.5,10.0,EUR,Stocks
Danone,Stocks\EU\France\Danone,4,0,0.0,-7.18,-2.82,5,0.14,10.0,EUR,Stocks
DassaultSystem,Stocks\EU\France\DassaultSystem,4,0,0.0,-7.18,-2.82,5,0.4,10.0,EUR,Stocks
Edenred,Stocks\EU\France\Edenred,4,0,0.0,-7.18,-2.82,5,0.4,10.0,EUR,Stocks
Eiffage,Stocks\EU\France\Eiffage,4,0,0.0,-7.18,-2.82,5,0.09,10.0,EUR,Stocks
Essilor,Stocks\EU\France\Essilor,4,0,0.0,-7.18,-2.82,5,0.06,10.0,EUR,Stocks
Eurazeo,Stocks\EU\France\Eurazeo,4,0,0.0,-7.18,-2.82,5,0.2,10.0,EUR,Stocks
EurofinsScientific,Stocks\EU\France\EurofinsScientific,4,0,0.0,-7.18,-2.82,5,0.13,10.0,EUR,Stocks
Eutelsat,Stocks\EU\France\Eutelsat,4,0,0.0,-7.18,-2.82,5,4.0,10.0,EUR,Stocks
Faurecia,Stocks\EU\France\Faurecia,4,0,0.0,-7.18,-2.82,5,1.0,10.0,EUR,Stocks
Gaztransport&Technigaz,Stocks\EU\France\Gaztransport&Technigaz,4,0,0.0,-7.18,-2.82,5,0.05,10.0,EUR,Stocks
Gecina,Stocks\EU\France\Gecina,4,0,0.0,-7.18,-2.82,5,0.13,10.0,EUR,Stocks
Getlink,Stocks\EU\France\Getlink,4,0,0.0,-7.18,-2.82,5,0.5,10.0,EUR,Stocks
Hermes,Stocks\EU\France\Hermes,4,0,0.0,-7.18,-2.82,5,0.02,10.0,EUR,Stocks
Icade,Stocks\EU\France\Icade,4,0,0.0,-7.18,-2.82,5,0.5,10.0,EUR,Stocks
Imerys,Stocks\EU\France\Imerys,4,0,0.0,-7.18,-2.82,5,0.4,10.0,EUR,Stocks
Ipsen,Stocks\EU\France\Ipsen,4,0,0.0,-7.18,-2.82,5,0.06,10.0,EUR,Stocks
Ipsos,Stocks\EU\France\Ipsos,4,0,0.0,-7.18,-2.82,5,0.3,10.0,EUR,Stocks
JCDecaux,Stocks\EU\France\JCDecaux,4,0,0.0,-7.18,-2.82,5,0.4,10.0,EUR,Stocks
Kering,Stocks\EU\France\Kering,4,0,0.0,-7.18,-2.82,5,0.04,10.0,EUR,Stocks
KlepierreReit,Stocks\EU\France\KlepierreReit,4,0,0.0,-7.18,-2.82,5,0.3,10.0,EUR,Stocks
Korian,Stocks\EU\France\Korian,4,0,0.0,-7.18,-2.82,5,2.3,10.0,EUR,Stocks
LVMH,Stocks\EU\France\LVMH,4,400,408.75,-7.18,-2.82,5,0.02,10.0,EUR,Stocks
Lagardere,Stocks\EU\France\Lagardere,4,0,0.0,-7.18,-2.82,5,0.5,10.0,EUR,Stocks
Legrand,Stocks\EU\France\Legrand,4,0,0.0,-7.18,-2.82,5,0.07,10.0,EUR,Stocks
Loreal,Stocks\EU\France\Loreal,4,0,0.0,-7.18,-2.82,5,0.03,10.0,EUR,Stocks
Mercialys,Stocks\EU\France\Mercialys,4,0,0.0,-7.18,-2.82,5,0.8,10.0,EUR,Stocks
Nexans,Stocks\EU\France\Nexans,4,0,0.0,-7.18,-2.82,5,0.07,10.0,EUR,Stocks
Nexity,Stocks\EU\France\Nexity,4,0,0.0,-7.18,-2.82,5,1.4,10.0,EUR,Stocks
Orange,Stocks\EU\France\Orange,4,0,0.0,-7.18,-2.82,5,0.6,10.0,EUR,Stocks
PlasticOmnium,Stocks\EU\France\PlasticOmnium,4,0,0.0,-7.18,-2.82,5,0.7,10.0,EUR,Stocks
Publicis,Stocks\EU\France\Publicis,4,0,0.0,-7.18,-2.82,5,0.09,10.0,EUR,Stocks
RemyCointreau,Stocks\EU\France\RemyCointreau,4,0,0.0,-7.18,-2.82,5,0.2,10.0,EUR,Stocks
Renault,Stocks\EU\France\Renault,4,0,0.0,-7.18,-2.82,5,0.3,10.0,EUR,Stocks
Rexel,Stocks\EU\France\Rexel,4,0,0.0,-7.18,-2.82,5,0.3,10.0,EUR,Stocks
Rubis,Stocks\EU\France\Rubis,4,0,0.0,-7.18,-2.82,5,0.3,10.0,EUR,Stocks
SES,Stocks\EU\France\SES,4,0,0.0,-7.18,-2.82,5,1.9,10.0,EUR,Stocks
Safran,Stocks\EU\France\Safran,4,0,0.0,-7.18,-2.82,5,0.03,10.0,EUR,Stocks
Sanofi,Stocks\EU\France\Sanofi,4,44,73.99,-7.18,-2.82,5,0.12,10.0,EUR,Stocks
Scor,Stocks\EU\France\Scor,4,0,0.0,-7.18,-2.82,5,0.3,10.0,EUR,Stocks
SocieteGen,Stocks\EU\France\SocieteGen,4,0,0.0,-7.18,-2.82,5,0.13,10.0,EUR,Stocks
Sodexo,Stocks\EU\France\Sodexo,4,0,0.0,-7.18,-2.82,5,0.2,10.0,EUR,Stocks
Soitec,Stocks\EU\France\Soitec,4,0,0.0,-7.18,-2.82,5,0.07,10.0,EUR,Stocks
TechnipFMC,Stocks\EU\France\TechnipFMC,0,0,0.0,-7.18,-2.82,5,3.0,10.0,EUR,Stocks
Teleperformance,Stocks\EU\France\Teleperformance,4,0,0.0,-7.18,-2.82,5,0.13,10.0,EUR,Stocks
Thales,Stocks\EU\France\Thales,4,0,0.0,-7.18,-2.82,5,0.04,10.0,EUR,Stocks
Total,Stocks\EU\France\Total,4,427,79.681,-7.18,-2.82,5,0.12,10.0,EUR,Stocks
Ubisoft,Stocks\EU\France\Ubisoft,4,0,0.0,-7.18,-2.82,5,1.8,10.0,EUR,Stocks
Valeo,Stocks\EU\France\Valeo,4,0,0.0,-7.18,-2.82,5,0.7,10.0,EUR,Stocks
Veolia,Stocks\EU\France\Veolia,4,0,0.0,-7.18,-2.82,5,0.3,10.0,EUR,Stocks
Vinci,Stocks\EU\France\Vinci,4,0,0.0,-7.18,-2.82,5,0.08,10.0,EUR,Stocks
Vivendi,Stocks\EU\France\Vivendi,4,0,0.0,-7.18,-2.82,5,5.0,10.0,EUR,Stocks
Wendel,Stocks\EU\France\Wendel,4,0,0.0,-7.18,-2.82,5,0.11,10.0,EUR,Stocks
AarealBank,Stocks\EU\Germany\AarealBank,0,0,0.0,-7.18,-2.82,5,0.3,10.0,EUR,Stocks
Adidas,Stocks\EU\Germany\Adidas,4,197,143.69,-7.18,-2.82,5,0.07,10.0,EUR,Stocks
Airbus,Stocks\EU\France\Airbus,4,121,196.14,-7.18,-2.82,5,0.05,10.0,EUR,Stocks
Aixtron,Stocks\EU\Germany\Aixtron,4,0,0.0,-7.18,-2.82,5,0.3,10.0,EUR,Stocks
AllianzAG,Stocks\EU\Germany\AllianzAG,4,248,447.41,-7.18,-2.82,5,0.02,10.0,EUR,Stocks
Aurubis,Stocks\EU\Germany\Aurubis,4,0,0.0,-7.18,-2.82,5,0.05,10.0,EUR,Stocks
BASFAG,Stocks\EU\Germany\BASFAG,4,38,52.05,-7.18,-2.82,5,0.2,10.0,EUR,Stocks
BMW,Stocks\EU\Germany\BMW,4,74,62.01,-7.18,-2.82,5,0.15,10.0,EUR,Stocks
BayerAG,Stocks\EU\Germany\BayerAG,4,55,48.73,-7.18,-2.82,5,0.2,10.0,EUR,Stocks
Beiersdorf,Stocks\EU\Germany\Beiersdorf,4,0,0.0,-7.18,-2.82,5,0.12,10.0,EUR,Stocks
BilfingerBerger,Stocks\EU\Germany\BilfingerBerger,4,0,0.0,-7.18,-2.82,5,0.11,10.0,EUR,Stocks
Brenntag,Stocks\EU\Germany\Brenntag,4,0,0.0,-7.18,-2.82,5,0.15,10.0,EUR,Stocks
CarlZeiss,Stocks\EU\Germany\CarlZeiss,4,0,0.0,-7.18,-2.82,5,0.3,10.0,EUR,Stocks
Ceconomy,Stocks\EU\Germany\Ceconomy,3,0,0.0,-7.18,-2.82,5,2.3,10.0,EUR,Stocks
Commerzbank,Stocks\EU\Germany\Commerzbank,4,0,0.0,-7.18,-2.82,5,0.3,10.0,EUR,Stocks
Continental,Stocks\EU\Germany\Continental,4,0,0.0,-7.18,-2.82,5,0.13,10.0,EUR,Stocks
DTBoerse,Stocks\EU\Germany\DTBoerse,4,0,0.0,-7.18,-2.82,5,0.04,10.0,EUR,Stocks
DTTelekom,Stocks\EU\Germany\DTTelekom,4,0,0.0,-7.18,-2.82,5,0.4,10.0,EUR,Stocks
Daimler,Stocks\EU\Germany\Daimler,4,0,0.0,-7.18,-2.82,5,0.2,10.0,EUR,Stocks
DeutschBank,Stocks\EU\Germany\DeutschBank,4,0,0.0,-7.18,-2.82,5,0.3,10.0,EUR,Stocks
DeutschPost,Stocks\EU\Germany\DeutschPost,4,0,0.0,-7.18,-2.82,5,0.2,10.0,EUR,Stocks
DeutscheEuroshop,Stocks\EU\Germany\DeutscheEuroshop,4,0,0.0,-7.18,-2.82,5,0.5,10.0,EUR,Stocks
Duerr,Stocks\EU\Germany\Duerr,4,0,0.0,-7.18,-2.82,5,0.5,10.0,EUR,Stocks
E.ON,Stocks\EU\Germany\E.ON,4,0,0.0,-7.18,-2.82,5,0.5,10.0,EUR,Stocks
Fraport,Stocks\EU\Germany\Fraport,4,0,0.0,-7.18,-2.82,5,0.15,10.0,EUR,Stocks
Freenet,Stocks\EU\Germany\Freenet,4,0,0.0,-7.18,-2.82,5,0.4,10.0,EUR,Stocks
Fresenius,Stocks\EU\Germany\Fresenius,4,0,0.0,-7.18,-2.82,5,0.2,10.0,EUR,Stocks
FuchsPetrolub,Stocks\EU\Germany\FuchsPetrolub,4,0,0.0,-7.18,-2.82,5,0.3,10.0,EUR,Stocks
GEA,Stocks\EU\Germany\GEA,4,0,0.0,-7.18,-2.82,5,0.14,10.0,EUR,Stocks
Gerresheimer,Stocks\EU\Germany\Gerresheimer,4,0,0.0,-7.18,-2.82,5,0.4,10.0,EUR,Stocks
HannoverRe,Stocks\EU\Germany\HannoverRe,4,0,0.0,-7.18,-2.82,5,0.04,10.0,EUR,Stocks
Heidelbergcement,Stocks\EU\Germany\Heidelbergcement,4,0,0.0,-7.18,-2.82,5,0.06,10.0,EUR,Stocks
Henkel,Stocks\EU\Germany\Henkel,4,0,0.0,-7.18,-2.82,5,0.13,10.0,EUR,Stocks
Hochtief,Stocks\EU\Germany\Hochtief,4,0,0.0,-7.18,-2.82,5,0.03,10.0,EUR,Stocks
HugoBoss,Stocks\EU\Germany\HugoBoss,3,0,0.0,-7.18,-2.82,5,0.3,10.0,EUR,Stocks
Infineon,Stocks\EU\Germany\Infineon,4,0,0.0,-7.18,-2.82,5,0.2,10.0,EUR,Stocks
Jungheinrich,Stocks\EU\Germany\Jungheinrich,4,0,0.0,-7.18,-2.82,5,0.4,10.0,EUR,Stocks
K&S,Stocks\EU\Germany\K&S,4,0,0.0,-7.18,-2.82,5,0.6,10.0,EUR,Stocks
Krones,Stocks\EU\Germany\Krones,4,0,0.0,-7.18,-2.82,5,0.08,10.0,EUR,Stocks
LEG,Stocks\EU\Germany\LEG,4,0,0.0,-7.18,-2.82,5,0.2,10.0,EUR,Stocks
Lanxess,Stocks\EU\Germany\Lanxess,4,0,0.0,-7.18,-2.82,5,0.6,10.0,EUR,Stocks
Leoni,Stocks\EU\Germany\Leoni,0,0,0.0,-7.18,-2.82,5,39.0,10.0,EUR,Stocks
Linde,Stocks\US\Linde,4,0,0.0,-8.65,-1.35,5,0.02,10.0,USD,Stocks
Lufthansa,Stocks\EU\Germany\Lufthansa,4,0,0.0,-7.18,-2.82,5,1.2,10.0,EUR,Stocks
MRG,Stocks\EU\Germany\MRG,4,0,0.0,-7.18,-2.82,5,0.02,10.0,EUR,Stocks
MTU,Stocks\EU\Germany\MTU,4,0,0.0,-7.18,-2.82,5,0.03,10.0,EUR,Stocks
Merck,Stocks\EU\Germany\Merck,4,136,130.82,-7.18,-2.82,5,0.07,10.0,EUR,Stocks
Morphosys,Stocks\EU\Germany\Morphosys,0,0,0.0,-7.18,-2.82,5,0.11,10.0,EUR,Stocks
Nordex,Stocks\EU\Germany\Nordex,4,0,0.0,-7.18,-2.82,5,0.3,10.0,EUR,Stocks
Norma,Stocks\EU\Germany\Norma,4,0,0.0,-7.18,-2.82,5,0.5,10.0,EUR,Stocks
Pfandbriefbank,Stocks\EU\Germany\Pfandbriefbank,4,0,0.0,-7.18,-2.82,5,2.6,10.0,EUR,Stocks
Porsche,Stocks\EU\Germany\Porsche,4,0,0.0,-7.18,-2.82,5,0.4,10.0,EUR,Stocks
Prosiebensat,Stocks\EU\Germany\Prosiebensat,4,0,0.0,-7.18,-2.82,5,2.4,10.0,EUR,Stocks
Puma,Stocks\EU\Germany\Puma,4,0,0.0,-7.18,-2.82,5,0.4,10.0,EUR,Stocks
QIEN,Stocks\EU\Germany\QIEN,4,0,0.0,-7.18,-2.82,5,0.3,10.0,EUR,Stocks
RWE,Stocks\EU\Germany\RWE,4,0,0.0,-7.18,-2.82,5,0.2,10.0,EUR,Stocks
Rational,Stocks\EU\Germany\Rational,4,0,0.0,-7.18,-2.82,5,0.02,10.0,EUR,Stocks
Rheinmetall,Stocks\EU\Germany\Rheinmetall,4,972,1014.84,-7.18,-2.82,5,0.02,10.0,EUR,Stocks
SAP,Stocks\EU\Germany\SAP,4,140,185.52,-7.18,-2.82,5,0.05,10.0,EUR,Stocks
SGL,Stocks\EU\Germany\SGL,4,0,0.0,-7.18,-2.82,5,2.2,10.0,EUR,Stocks
SMASolar,Stocks\EU\Germany\SMASolar,4,203,54.23,-7.18,-2.82,5,0.15,10.0,EUR,Stocks
Salzgitter,Stocks\EU\Germany\Salzgitter,4,0,0.0,-7.18,-2.82,5,0.2,10.0,EUR,Stocks
Siemens,Stocks\EU\Germany\Siemens,4,165,260.02,-7.18,-2.82,5,0.04,10.0,EUR,Stocks
Software,Stocks\EU\Germany\Software,0,0,0.0,-7.18,-2.82,5,0.3,10.0,EUR,Stocks
Suedzucker,Stocks\EU\Germany\Suedzucker,4,0,0.0,-7.18,-2.82,5,0.7,10.0,EUR,Stocks
Symrise,Stocks\EU\Germany\Symrise,4,0,0.0,-7.18,-2.82,5,0.1,10.0,EUR,Stocks
T-Immobilien,Stocks\EU\Germany\T-Immobilien,4,0,0.0,-7.18,-2.82,5,0.7,10.0,EUR,Stocks
Thyssenkrupp,Stocks\EU\Germany\Thyssenkrupp,4,0,0.0,-7.18,-2.82,5,0.6,10.0,EUR,Stocks
UnitedInternet,Stocks\EU\Germany\UnitedInternet,4,0,0.0,-7.18,-2.82,5,0.4,10.0,EUR,Stocks
Volkswagen,Stocks\EU\Germany\Volkswagen,4,127,79.14,-7.18,-2.82,5,0.12,10.0,EUR,Stocks
Vonovia,Stocks\EU\Germany\Vonovia,4,0,0.0,-7.18,-2.82,5,0.5,10.0,EUR,Stocks
Wacker,Stocks\EU\Germany\Wacker,4,0,0.0,-7.18,-2.82,5,0.1,10.0,EUR,Stocks
Zalando,Stocks\EU\Germany\Zalando,4,0,0.0,-7.18,-2.82,5,0.4,10.0,EUR,Stocks
EEE,Stocks\EU\Greece\EEE,4,0,0.0,-7.18,-2.82,5,0.2,10.0,EUR,Stocks
Eurobank,Stocks\EU\Greece\Eurobank,4,0,0.0,-7.18,-2.82,5,2.0,10.0,EUR,Stocks
HTO,Stocks\EU\Greece\HTO,4,0,0.0,-7.18,-2.82,5,0.5,10.0,EUR,Stocks
Jumbo,Stocks\EU\Greece\Jumbo,4,0,0.0,-7.18,-2.82,5,0.4,10.0,EUR,Stocks
Mytilineos,Stocks\EU\Greece\Mytilineos,4,0,0.0,-7.18,-2.82,5,0.2,10.0,EUR,Stocks
NBG,Stocks\EU\Greece\NBG,4,0,0.0,-7.18,-2.82,5,0.6,10.0,EUR,Stocks
OPAP,Stocks\EU\Greece\OPAP,4,0,0.0,-7.18,-2.82,5,0.7,10.0,EUR,Stocks
PPC,Stocks\EU\Greece\PPC,4,0,0.0,-7.18,-2.82,5,0.4,10.0,EUR,Stocks
A2A,Stocks\EU\Italy\A2A,4,0,0.0,-7.18,-2.82,5,3.9,10.0,EUR,Stocks
Amplifon,Stocks\EU\Italy\Amplifon,4,0,0.0,-7.18,-2.82,5,0.8,10.0,EUR,Stocks
AnimaHolding,Stocks\EU\Italy\AnimaHolding,4,0,0.0,-7.18,-2.82,5,1.3,10.0,EUR,Stocks
Azimut,Stocks\EU\Italy\Azimut,4,0,0.0,-7.18,-2.82,5,0.3,10.0,EUR,Stocks
Brembo,Stocks\EU\Italy\Brembo,4,0,0.0,-7.18,-2.82,5,0.9,10.0,EUR,Stocks
BrunelloCucinelli,Stocks\EU\Italy\BrunelloCucinelli,4,0,0.0,-7.18,-2.82,5,0.1,10.0,EUR,Stocks
DeLonghi,Stocks\EU\Italy\DeLonghi,4,0,0.0,-7.18,-2.82,5,0.3,10.0,EUR,Stocks
DiaSorin,Stocks\EU\Italy\DiaSorin,4,0,0.0,-7.18,-2.82,5,0.12,10.0,EUR,Stocks
ERG,Stocks\EU\Italy\ERG,4,0,0.0,-7.18,-2.82,5,0.5,10.0,EUR,Stocks
Enel,Stocks\EU\Italy\Enel,4,0,0.0,-7.18,-2.82,5,1.0,10.0,EUR,Stocks
Eni,Stocks\EU\Italy\Eni,4,0,0.0,-7.18,-2.82,5,0.4,10.0,EUR,Stocks
Ferrari,Stocks\EU\Italy\Ferrari,4,0,0.0,-7.18,-2.82,5,0.03,10.0,EUR,Stocks
Fincantieri,Stocks\EU\Italy\Fincantieri,4,0,0.0,-7.18,-2.82,5,0.8,10.0,EUR,Stocks
FinecoBank,Stocks\EU\Italy\FinecoBank,4,0,0.0,-7.18,-2.82,5,0.4,10.0,EUR,Stocks
Hera,Stocks\EU\Italy\Hera,4,0,0.0,-7.18,-2.82,5,2.4,10.0,EUR,Stocks
Interpump,Stocks\EU\Italy\Interpump,4,0,0.0,-7.18,-2.82,5,0.3,10.0,EUR,Stocks
Iren,Stocks\EU\Italy\Iren,4,0,0.0,-7.18,-2.82,5,3.6,10.0,EUR,Stocks
Italgas,Stocks\EU\Italy\Italgas,4,0,0.0,-7.18,-2.82,5,1.1,10.0,EUR,Stocks
JuventusFC,Stocks\EU\Italy\JuventusFC,4,0,0.0,-7.18,-2.82,5,4.0,10.0,EUR,Stocks
Leonardo,Stocks\EU\Italy\Leonardo,4,0,0.0,-7.18,-2.82,5,0.2,10.0,EUR,Stocks
Mediaset,Stocks\EU\Italy\Mediaset,4,0,0.0,-7.18,-2.82,5,2.5,10.0,EUR,Stocks
Mediobanca,Stocks\EU\Italy\Mediobanca,4,0,0.0,-7.18,-2.82,5,0.4,10.0,EUR,Stocks
Moncler,Stocks\EU\Italy\Moncler,4,0,0.0,-7.18,-2.82,5,0.2,10.0,EUR,Stocks
MontedeiPaschi,Stocks\EU\Italy\MontedeiPaschi,3,0,0.0,-7.18,-2.82,5,0.8,10.0,EUR,Stocks
Pirelli&C,Stocks\EU\Italy\Pirelli&C,4,0,0.0,-7.18,-2.82,5,1.4,10.0,EUR,Stocks
Prysmian,Stocks\EU\Italy\Prysmian,4,0,0.0,-7.18,-2.82,5,0.08,10.0,EUR,Stocks
Recordati,Stocks\EU\Italy\Recordati,4,0,0.0,-7.18,-2.82,5,0.2,10.0,EUR,Stocks
STMicroelectronics,Stocks\EU\Italy\STMicroelectronics,4,0,0.0,-7.18,-2.82,5,0.3,10.0,EUR,Stocks
Saipem,Stocks\EU\Italy\Saipem,4,0,0.0,-7.18,-2.82,5,2.1,10.0,EUR,Stocks
Salvatore,Stocks\EU\Italy\Salvatore,4,0,0.0,-7.18,-2.82,5,1.0,10.0,EUR,Stocks
Saras,Stocks\EU\Italy\Saras,0,0,0.0,-7.18,-2.82,5,4.0,10.0,EUR,Stocks
Snam,Stocks\EU\Italy\Snam,4,0,0.0,-7.18,-2.82,5,1.6,10.0,EUR,Stocks
Technogym,Stocks\EU\Italy\Technogym,4,0,0.0,-7.18,-2.82,5,0.7,10.0,EUR,Stocks
Tenaris,Stocks\EU\Italy\Tenaris,4,0,0.0,-7.18,-2.82,5,0.4,10.0,EUR,Stocks
Terna,Stocks\EU\Italy\Terna,4,0,0.0,-7.18,-2.82,5,1.0,10.0,EUR,Stocks
UniCredit,Stocks\EU\Italy\UniCredit,4,0,0.0,-7.18,-2.82,5,0.11,10.0,EUR,Stocks
Unipol,Stocks\EU\Italy\Unipol,4,0,0.0,-7.18,-2.82,5,0.4,10.0,EUR,Stocks
UnipolSai,Stocks\EU\Italy\UnipolSai,0,0,0.0,-7.18,-2.82,5,3.7,10.0,EUR,Stocks
ASM,Stocks\EU\Netherlands\ASM,4,0,0.0,-7.18,-2.82,5,0.02,10.0,EUR,Stocks
Aegon,Stocks\EU\Netherlands\Aegon,4,0,0.0,-7.18,-2.82,5,1.2,10.0,EUR,Stocks
Arcadis,Stocks\EU\Netherlands\Arcadis,4,0,0.0,-7.18,-2.82,5,0.3,10.0,EUR,Stocks
ArcelorMittal,Stocks\EU\Netherlands\ArcelorMittal,4,0,0.0,-7.18,-2.82,5,0.14,10.0,EUR,Stocks
BAM,Stocks\EU\Netherlands\BAM,4,0,0.0,-7.18,-2.82,5,0.8,10.0,EUR,Stocks
Eurocommercial,Stocks\EU\Netherlands\Eurocommercial,4,0,0.0,-7.18,-2.82,5,0.4,10.0,EUR,Stocks
Fugro,Stocks\EU\Netherlands\Fugro,4,0,0.0,-7.18,-2.82,5,1.0,10.0,EUR,Stocks
Heineken,Stocks\EU\Netherlands\Heineken,4,0,0.0,-7.18,-2.82,5,0.13,10.0,EUR,Stocks
ING,Stocks\EU\Netherlands\ING,4,0,0.0,-7.18,-2.82,5,0.3,10.0,EUR,Stocks
KPN,Stocks\EU\Netherlands\KPN,4,0,0.0,-7.18,-2.82,5,2.2,10.0,EUR,Stocks
OCI,Stocks\EU\Netherlands\OCI,4,0,0.0,-7.18,-2.82,5,2.2,10.0,EUR,Stocks
Philips,Stocks\EU\Netherlands\Philips,4,0,0.0,-7.18,-2.82,5,0.4,10.0,EUR,Stocks
PostNL,Stocks\EU\Netherlands\PostNL,4,0,0.0,-7.18,-2.82,5,9.0,10.0,EUR,Stocks
Relx,Stocks\EU\Netherlands\Relx,4,0,0.0,-7.18,-2.82,5,0.3,10.0,EUR,Stocks
SBM,Stocks\EU\Netherlands\SBM,4,0,0.0,-7.18,-2.82,5,0.3,10.0,EUR,Stocks
TomTom,Stocks\EU\Netherlands\TomTom,4,0,0.0,-7.18,-2.82,5,2.2,10.0,EUR,Stocks
Vopak,Stocks\EU\Netherlands\Vopak,4,0,0.0,-7.18,-2.82,5,0.2,10.0,EUR,Stocks
Wereldhave,Stocks\EU\Netherlands\Wereldhave,4,0,0.0,-7.18,-2.82,5,0.5,10.0,EUR,Stocks
Aker,Stocks\EU\Norway\Aker,4,0,0.0,-9.25,-0.75,5,0.3,10.0,NOK,Stocks
BW,Stocks\EU\Norway\BW,4,0,0.0,-9.25,-0.75,5,0.4,10.0,NOK,Stocks
Bakkafrost,Stocks\EU\Norway\Bakkafrost,4,0,0.0,-9.25,-0.75,5,0.2,10.0,NOK,Stocks
DNB,Stocks\EU\Norway\DNB,4,0,0.0,-9.25,-0.75,5,0.3,10.0,NOK,Stocks
DNO,Stocks\EU\Norway\DNO,4,0,0.0,-9.25,-0.75,5,4.0,10.0,NOK,Stocks
Equinor,Stocks\EU\Norway\Equinor,4,0,0.0,-9.25,-0.75,5,0.2,10.0,NOK,Stocks
Gjensidige,Stocks\EU\Norway\Gjensidige,4,0,0.0,-9.25,-0.75,5,0.3,10.0,NOK,Stocks
Mowi,Stocks\EU\Norway\Mowi,4,0,0.0,-9.25,-0.75,5,0.4,10.0,NOK,Stocks
NorskHydro,Stocks\EU\Norway\NorskHydro,4,0,0.0,-9.25,-0.75,5,0.8,10.0,NOK,Stocks
Orkla,Stocks\EU\Norway\Orkla,4,0,0.0,-9.25,-0.75,5,0.8,10.0,NOK,Stocks
PGS,Stocks\EU\Norway\PGS,0,0,0.0,-9.25,-0.75,5,14.0,10.0,NOK,Stocks
Salmar,Stocks\EU\Norway\Salmar,4,0,0.0,-9.25,-0.75,5,0.14,10.0,NOK,Stocks
Schibsted,Stocks\EU\Norway\Schibsted,0,0,0.0,-9.25,-0.75,5,0.3,10.0,NOK,Stocks
Storebrand,Stocks\EU\Norway\Storebrand,4,0,0.0,-9.25,-0.75,5,0.4,10.0,NOK,Stocks
Subsea,Stocks\EU\Norway\Subsea,4,0,0.0,-9.25,-0.75,5,0.3,10.0,NOK,Stocks
Telenor,Stocks\EU\Norway\Telenor,4,0,0.0,-9.25,-0.75,5,0.6,10.0,NOK,Stocks
EDP,Stocks\EU\Portugal\EDP,4,0,0.0,-7.18,-2.82,5,1.9,10.0,EUR,Stocks
Mota-Engil,Stocks\EU\Portugal\Mota-Engil,4,0,0.0,-7.18,-2.82,5,1.9,10.0,EUR,Stocks
NOS,Stocks\EU\Portugal\NOS,4,0,0.0,-7.18,-2.82,5,1.8,10.0,EUR,Stocks
Navigator,Stocks\EU\Portugal\Navigator,4,0,0.0,-7.18,-2.82,5,2.8,10.0,EUR,Stocks
Semapa,Stocks\EU\Portugal\Semapa,4,0,0.0,-7.18,-2.82,5,0.5,10.0,EUR,Stocks
Sonae,Stocks\EU\Portugal\Sonae,4,0,0.0,-7.18,-2.82,5,4.0,10.0,EUR,Stocks
ACS,Stocks\EU\Spain\ACS,4,0,0.0,-7.18,-2.82,5,0.09,10.0,EUR,Stocks
Acciona,Stocks\EU\Spain\Acciona,4,0,0.0,-7.18,-2.82,5,0.05,10.0,EUR,Stocks
Acerinox,Stocks\EU\Spain\Acerinox,4,0,0.0,-7.18,-2.82,5,0.5,10.0,EUR,Stocks
Aena,Stocks\EU\Spain\Aena,4,0,0.0,-7.18,-2.82,5,0.4,10.0,EUR,Stocks
Almirall,Stocks\EU\Spain\Almirall,4,0,0.0,-7.18,-2.82,5,0.9,10.0,EUR,Stocks
Amadeus,Stocks\EU\Spain\Amadeus,4,0,0.0,-7.18,-2.82,5,0.2,10.0,EUR,Stocks
BBVA,Stocks\EU\Spain\BBVA,4,0,0.0,-7.18,-2.82,5,0.4,10.0,EUR,Stocks
Bankinter,Stocks\EU\Spain\Bankinter,4,0,0.0,-7.18,-2.82,5,0.6,10.0,EUR,Stocks
Caixabank,Stocks\EU\Spain\Caixabank,4,0,0.0,-7.18,-2.82,5,0.7,10.0,EUR,Stocks
Cellnex,Stocks\EU\Spain\Cellnex,4,0,0.0,-7.18,-2.82,5,0.4,10.0,EUR,Stocks
EbroFoods,Stocks\EU\Spain\EbroFoods,4,0,0.0,-7.18,-2.82,5,0.5,10.0,EUR,Stocks
Enagas,Stocks\EU\Spain\Enagas,4,0,0.0,-7.18,-2.82,5,0.6,10.0,EUR,Stocks
Endesa,Stocks\EU\Spain\Endesa,4,0,0.0,-7.18,-2.82,5,0.3,10.0,EUR,Stocks
Ferrovial,Stocks\EU\Spain\Ferrovial,4,0,0.0,-7.18,-2.82,5,0.2,10.0,EUR,Stocks
Grifols,Stocks\EU\Spain\Grifols,4,0,0.0,-7.18,-2.82,5,0.9,10.0,EUR,Stocks
IAG,Stocks\EU\Spain\IAG,4,0,0.0,-7.18,-2.82,5,1.8,10.0,EUR,Stocks
Iberdola,Stocks\EU\Spain\Iberdola,4,0,0.0,-7.18,-2.82,5,0.5,10.0,EUR,Stocks
Inditex,Stocks\EU\Spain\Inditex,4,0,0.0,-7.18,-2.82,5,0.2,10.0,EUR,Stocks
Inmobiliaria,Stocks\EU\Spain\Inmobiliaria,4,0,0.0,-7.18,-2.82,5,1.7,10.0,EUR,Stocks
Mapfre,Stocks\EU\Spain\Mapfre,4,0,0.0,-7.18,-2.82,5,2.0,10.0,EUR,Stocks
NaturgyEnergy,Stocks\EU\Spain\NaturgyEnergy,4,0,0.0,-7.18,-2.82,5,0.4,10.0,EUR,Stocks
Repsol,Stocks\EU\Spain\Repsol,4,272,29.014,-7.18,-2.82,5,0.4,10.0,EUR,Stocks
Sacyr,Stocks\EU\Spain\Sacyr,4,0,0.0,-7.18,-2.82,5,2.1,10.0,EUR,Stocks
Santander,Stocks\EU\Spain\Santander,4,0,0.0,-7.18,-2.82,5,0.7,10.0,EUR,Stocks
Telefonica,Stocks\EU\Spain\Telefonica,4,0,0.0,-7.18,-2.82,5,2.5,10.0,EUR,Stocks
Viscofan,Stocks\EU\Spain\Viscofan,4,0,0.0,-7.18,-2.82,5,0.2,10.0,EUR,Stocks
AstraZeneca,Stocks\EU\Sweden\AstraZeneca,4,1218,1587.66,-6.67,-3.33,5,0.07,10.0,SEK,Stocks
Autoliv,Stocks\EU\Sweden\Autoliv,4,0,0.0,-6.67,-3.33,5,0.09,10.0,SEK,Stocks
Betsson,Stocks\EU\Sweden\Betsson,4,0,0.0,-6.67,-3.33,5,1.1,10.0,SEK,Stocks
BillerudKorsnas,Stocks\EU\Sweden\BillerudKorsnas,4,0,0.0,-6.67,-3.33,5,1.3,10.0,SEK,Stocks
Boliden,Stocks\EU\Sweden\Boliden,4,0,0.0,-6.67,-3.33,5,0.2,10.0,SEK,Stocks
Castellum,Stocks\EU\Sweden\Castellum,4,0,0.0,-6.67,-3.33,5,0.8,10.0,SEK,Stocks
Electrolux,Stocks\EU\Sweden\Electrolux,4,0,0.0,-6.67,-3.33,5,3.6,10.0,SEK,Stocks
Elekta,Stocks\EU\Sweden\Elekta,4,0,0.0,-6.67,-3.33,5,1.9,10.0,SEK,Stocks
Ericsson,Stocks\EU\Sweden\Ericsson,4,0,0.0,-6.67,-3.33,5,1.1,10.0,SEK,Stocks
Essity,Stocks\EU\Sweden\Essity,4,0,0.0,-6.67,-3.33,5,0.4,10.0,SEK,Stocks
Fabege,Stocks\EU\Sweden\Fabege,4,0,0.0,-6.67,-3.33,5,1.4,10.0,SEK,Stocks
Getinge,Stocks\EU\Sweden\Getinge,4,0,0.0,-6.67,-3.33,5,0.5,10.0,SEK,Stocks
H&M,Stocks\EU\Sweden\H&M,4,0,0.0,-6.67,-3.33,5,0.6,10.0,SEK,Stocks
Hexagon,Stocks\EU\Sweden\Hexagon,4,0,0.0,-6.67,-3.33,5,1.0,10.0,SEK,Stocks
Holmen,Stocks\EU\Sweden\Holmen,4,0,0.0,-6.67,-3.33,5,0.4,10.0,SEK,Stocks
Hufvudstaden,Stocks\EU\Sweden\Hufvudstaden,4,0,0.0,-6.67,-3.33,5,0.9,10.0,SEK,Stocks
Husqvarna,Stocks\EU\Sweden\Husqvarna,4,0,0.0,-6.67,-3.33,5,2.7,10.0,SEK,Stocks
Industrivarden,Stocks\EU\Sweden\Industrivarden,4,0,0.0,-6.67,-3.33,5,0.2,10.0,SEK,Stocks
IntrumJustitia,Stocks\EU\Sweden\IntrumJustitia,4,0,0.0,-6.67,-3.33,5,25.0,10.0,SEK,Stocks
Investor,Stocks\EU\Sweden\Investor,4,0,0.0,-6.67,-3.33,5,0.3,10.0,SEK,Stocks
Kinnevik,Stocks\EU\Sweden\Kinnevik,4,0,0.0,-6.67,-3.33,5,1.7,10.0,SEK,Stocks
Loomis,Stocks\EU\Sweden\Loomis,4,0,0.0,-6.67,-3.33,5,0.2,10.0,SEK,Stocks
Millicom,Stocks\EU\Sweden\Millicom,0,0,0.0,-6.67,-3.33,5,0.4,10.0,SEK,Stocks
ModernTimes,Stocks\EU\Sweden\ModernTimes,4,0,0.0,-6.67,-3.33,5,0.8,10.0,SEK,Stocks
NCC,Stocks\EU\Sweden\NCC,4,0,0.0,-6.67,-3.33,5,0.6,10.0,SEK,Stocks
Peab,Stocks\EU\Sweden\Peab,4,0,0.0,-6.67,-3.33,5,1.1,10.0,SEK,Stocks
Ratos,Stocks\EU\Sweden\Ratos,4,0,0.0,-6.67,-3.33,5,2.7,10.0,SEK,Stocks
SCA,Stocks\EU\Sweden\SCA,4,0,0.0,-6.67,-3.33,5,0.9,10.0,SEK,Stocks
SEB,Stocks\EU\Sweden\SEB,4,0,0.0,-6.67,-3.33,5,0.5,10.0,SEK,Stocks
SKF,Stocks\EU\Sweden\SKF,4,0,0.0,-6.67,-3.33,5,0.4,10.0,SEK,Stocks
SSAB,Stocks\EU\Sweden\SSAB,4,0,0.0,-6.67,-3.33,5,1.0,10.0,SEK,Stocks
Sandvik,Stocks\EU\Sweden\Sandvik,4,0,0.0,-6.67,-3.33,5,0.3,10.0,SEK,Stocks
Securitas,Stocks\EU\Sweden\Securitas,4,0,0.0,-6.67,-3.33,5,0.7,10.0,SEK,Stocks
Skanska,Stocks\EU\Sweden\Skanska,4,0,0.0,-6.67,-3.33,5,0.4,10.0,SEK,Stocks
Sobi,Stocks\EU\Sweden\Sobi,4,0,0.0,-6.67,-3.33,5,0.3,10.0,SEK,Stocks
Swedbank,Stocks\EU\Sweden\Swedbank,4,0,0.0,-6.67,-3.33,5,0.3,10.0,SEK,Stocks
Tele2,Stocks\EU\Sweden\Tele2,4,0,0.0,-6.67,-3.33,5,0.6,10.0,SEK,Stocks
TeliaSonera,Stocks\EU\Sweden\TeliaSonera,4,0,0.0,-6.67,-3.33,5,2.3,10.0,SEK,Stocks
Trelleborg,Stocks\EU\Sweden\Trelleborg,4,0,0.0,-6.67,-3.33,5,0.3,10.0,SEK,Stocks
Volvo,Stocks\EU\Sweden\Volvo,4,0,0.0,-6.67,-3.33,5,0.3,10.0,SEK,Stocks
ABB,Stocks\EU\Switzerland\ABB,4,0,0.0,-4.96,-5.04,5,0.15,10.0,CHF,Stocks
AMS,Stocks\EU\Switzerland\AMS,4,0,0.0,-4.96,-5.04,5,0.7,10.0,CHF,Stocks
Adecco,Stocks\EU\Switzerland\Adecco,4,0,0.0,-4.96,-5.04,5,0.5,10.0,CHF,Stocks
BBBiotech,Stocks\EU\Switzerland\BBBiotech,4,0,0.0,-4.96,-5.04,5,0.3,10.0,CHF,Stocks
Clariant,Stocks\EU\Switzerland\Clariant,4,0,0.0,-4.96,-5.04,5,1.1,10.0,CHF,Stocks
DKSH,Stocks\EU\Switzerland\DKSH,4,0,0.0,-4.96,-5.04,5,0.2,10.0,CHF,Stocks
Dufry,Stocks\EU\Switzerland\Dufry,4,0,0.0,-4.96,-5.04,5,0.3,10.0,CHF,Stocks
EMS,Stocks\EU\Switzerland\EMS,4,0,0.0,-4.96,-5.04,5,0.02,10.0,CHF,Stocks
GAM,Stocks\EU\Switzerland\GAM,0,0,0.0,-4.96,-5.04,5,35.0,10.0,CHF,Stocks
Givaudan,Stocks\EU\Switzerland\Givaudan,4,0,0.0,-4.96,-5.04,5,0.01,10.0,CHF,Stocks
Kuehne&Nagel,Stocks\EU\Switzerland\Kuehne&Nagel,4,0,0.0,-4.96,-5.04,5,0.06,10.0,CHF,Stocks
Logitech,Stocks\EU\Switzerland\Logitech,4,0,0.0,-4.96,-5.04,5,0.15,10.0,CHF,Stocks
Lonza,Stocks\EU\Switzerland\Lonza,4,0,0.0,-4.96,-5.04,5,0.02,10.0,CHF,Stocks
Nestle,Stocks\EU\Switzerland\Nestle,4,44,77.4,-4.96,-5.04,5,0.15,10.0,CHF,Stocks
Novartis,Stocks\EU\Switzerland\Novartis,4,69,113.91,-4.96,-5.04,5,0.1,10.0,CHF,Stocks
Oerlikon,Stocks\EU\Switzerland\Oerlikon,4,0,0.0,-4.96,-5.04,5,2.2,10.0,CHF,Stocks
Richemont,Stocks\EU\Switzerland\Richemont,4,0,0.0,-4.96,-5.04,5,0.06,10.0,CHF,Stocks
Roche,Stocks\EU\Switzerland\Roche,4,189,361.1,-4.96,-5.04,5,0.04,10.0,CHF,Stocks
SGS,Stocks\EU\Switzerland\SGS,4,0,0.0,-4.96,-5.04,5,0.13,10.0,CHF,Stocks
Sika,Stocks\EU\Switzerland\Sika,4,0,0.0,-4.96,-5.04,5,0.06,10.0,CHF,Stocks
Sonova,Stocks\EU\Switzerland\Sonova,4,0,0.0,-4.96,-5.04,5,0.05,10.0,CHF,Stocks
Swatch,Stocks\EU\Switzerland\Swatch,4,0,0.0,-4.96,-5.04,5,0.06,10.0,CHF,Stocks
Swisscom,Stocks\EU\Switzerland\Swisscom,4,0,0.0,-4.96,-5.04,5,0.02,10.0,CHF,Stocks
Temenos,Stocks\EU\Switzerland\Temenos,4,0,0.0,-4.96,-5.04,5,0.2,10.0,CHF,Stocks
UBS,Stocks\EU\Switzerland\UBS,4,0,0.0,-4.96,-5.04,5,0.3,10.0,CHF,Stocks
3iGroup,Stocks\EU\UK\3iGroup,4,0,0.0,-8.73,-1.27,5,0.03,100.0,GBP,Stocks
Admiral,Stocks\EU\UK\Admiral,4,0,0.0,-8.73,-1.27,5,0.2,10.0,GBP,Stocks
Antofagasta,Stocks\EU\UK\Antofagasta,4,0,0.0,-8.73,-1.27,5,0.2,10.0,GBP,Stocks
Ashmore,Stocks\EU\UK\Ashmore,4,0,0.0,-8.73,-1.27,5,2.8,10.0,GBP,Stocks
Ashtead,Stocks\EU\UK\Ashtead,0,0,0.0,-8.73,-1.27,5,0.12,10.0,GBP,Stocks
Aviva,Stocks\EU\UK\Aviva,4,0,0.0,-8.73,-1.27,5,0.09,100.0,GBP,Stocks
BAESystems,Stocks\EU\UK\BAESystems,4,0,0.0,-8.73,-1.27,5,0.04,100.0,GBP,Stocks
BATobacco,Stocks\EU\UK\BATobacco,4,0,0.0,-8.73,-1.27,5,0.15,10.0,GBP,Stocks
BP,Stocks\EU\UK\BP,4,0,0.0,-8.73,-1.27,5,0.12,100.0,GBP,Stocks
BTGroup,Stocks\EU\UK\BTGroup,4,0,0.0,-8.73,-1.27,5,0.3,100.0,GBP,Stocks
Babcock,Stocks\EU\UK\Babcock,4,0,0.0,-8.73,-1.27,5,0.6,10.0,GBP,Stocks
BalfourBeatty,Stocks\EU\UK\BalfourBeatty,4,0,0.0,-8.73,-1.27,5,0.7,10.0,GBP,Stocks
Barclays,Stocks\EU\UK\Barclays,4,359,4.7348,-8.73,-1.27,5,0.13,100.0,GBP,Stocks
Barratt,Stocks\EU\UK\Barratt,4,0,0.0,-8.73,-1.27,5,0.2,100.0,GBP,Stocks
Beazley,Stocks\EU\UK\Beazley,3,0,0.0,-8.73,-1.27,5,0.5,10.0,GBP,Stocks
Bellway,Stocks\EU\UK\Bellway,4,0,0.0,-8.73,-1.27,5,0.3,10.0,GBP,Stocks
BerkeleyGroup,Stocks\EU\UK\BerkeleyGroup,4,0,0.0,-8.73,-1.27,5,0.2,10.0,GBP,Stocks
Britvic,Stocks\EU\UK\Britvic,0,0,0.0,-8.73,-1.27,5,0.5,10.0,GBP,Stocks
Bunzl,Stocks\EU\UK\Bunzl,4,0,0.0,-8.73,-1.27,5,0.3,10.0,GBP,Stocks
Burberry,Stocks\EU\UK\Burberry,4,0,0.0,-8.73,-1.27,5,0.06,100.0,GBP,Stocks
CRH,Stocks\EU\UK\CRH,0,0,0.0,-8.73,-1.27,5,0.08,10.0,GBP,Stocks
CairnEnergy,Stocks\EU\UK\CairnEnergy,3,0,0.0,-8.73,-1.27,5,1.8,10.0,GBP,Stocks
Capita,Stocks\EU\UK\Capita,3,0,0.0,-8.73,-1.27,5,2.2,10.0,GBP,Stocks
Capital&Counties,Stocks\EU\UK\Capital&Counties,4,0,0.0,-8.73,-1.27,5,4.0,10.0,GBP,Stocks
Carnival,Stocks\EU\UK\Carnival,0,0,0.0,-8.73,-1.27,5,0.4,10.0,GBP,Stocks
Centamin,Stocks\EU\UK\Centamin,0,0,0.0,-8.73,-1.27,5,4.0,10.0,GBP,Stocks
Centrica,Stocks\EU\UK\Centrica,4,0,0.0,-8.73,-1.27,5,4.0,10.0,GBP,Stocks
CloseBrothers,Stocks\EU\UK\CloseBrothers,4,0,0.0,-8.73,-1.27,5,1.5,10.0,GBP,Stocks
Compass,Stocks\EU\UK\Compass,0,0,0.0,-8.73,-1.27,5,0.3,10.0,GBP,Stocks
ConvaTec,Stocks\EU\UK\ConvaTec,4,0,0.0,-8.73,-1.27,5,2.7,10.0,GBP,Stocks
CrestNicholson,Stocks\EU\UK\CrestNicholson,4,0,0.0,-8.73,-1.27,5,9.0,10.0,GBP,Stocks
Croda,Stocks\EU\UK\Croda,4,0,0.0,-8.73,-1.27,5,0.2,10.0,GBP,Stocks
DCC,Stocks\EU\UK\DCC,4,0,0.0,-8.73,-1.27,5,0.1,10.0,GBP,Stocks
DerwentLondon,Stocks\EU\UK\DerwentLondon,4,0,0.0,-8.73,-1.27,5,0.3,10.0,GBP,Stocks
Diageo,Stocks\EU\UK\Diageo,4,0,0.0,-8.73,-1.27,5,0.4,10.0,GBP,Stocks
DixonsCarphone,Stocks\EU\UK\DixonsCarphone,4,0,0.0,-8.73,-1.27,5,4.0,10.0,GBP,Stocks
Dominos,Stocks\EU\UK\Dominos,4,0,0.0,-8.73,-1.27,5,2.9,10.0,GBP,Stocks
Drax,Stocks\EU\UK\Drax,4,0,0.0,-8.73,-1.27,5,0.8,10.0,GBP,Stocks
Easyjet,Stocks\EU\UK\Easyjet,3,0,0.0,-8.73,-1.27,5,0.1,100.0,GBP,Stocks
Electrocomponents,Stocks\EU\UK\Electrocomponents,4,0,0.0,-8.73,-1.27,5,0.9,10.0,GBP,Stocks
Essentra,Stocks\EU\UK\Essentra,3,0,0.0,-8.73,-1.27,5,5.0,10.0,GBP,Stocks
Experian,Stocks\EU\UK\Experian,4,0,0.0,-8.73,-1.27,5,0.3,10.0,GBP,Stocks
Ferguson,Stocks\EU\UK\Ferguson,0,0,0.0,-8.73,-1.27,5,0.04,10.0,GBP,Stocks
First,Stocks\EU\UK\First,4,0,0.0,-8.73,-1.27,5,3.5,10.0,GBP,Stocks
FlutterEntertainment,Stocks\EU\UK\FlutterEntertainment,0,0,0.0,-8.73,-1.27,5,0.02,100.0,GBP,Stocks
Fresnillo,Stocks\EU\UK\Fresnillo,4,0,0.0,-8.73,-1.27,5,0.2,10.0,GBP,Stocks
GSK,Stocks\EU\UK\GSK,4,0,0.0,-8.73,-1.27,5,0.04,100.0,GBP,Stocks
Glencore,Stocks\EU\UK\Glencore,4,0,0.0,-8.73,-1.27,5,1.1,10.0,GBP,Stocks
GreatPortland,Stocks\EU\UK\GreatPortland,4,0,0.0,-8.73,-1.27,5,1.9,10.0,GBP,Stocks
Greencore,Stocks\EU\UK\Greencore,4,0,0.0,-8.73,-1.27,5,2.3,10.0,GBP,Stocks
Greggs,Stocks\EU\UK\Greggs,4,0,0.0,-8.73,-1.27,5,0.4,10.0,GBP,Stocks
HSBC,Stocks\EU\UK\HSBC,4,846,15.0737,-8.73,-1.27,5,0.04,100.0,GBP,Stocks
Halma,Stocks\EU\UK\Halma,4,0,0.0,-8.73,-1.27,5,0.2,10.0,GBP,Stocks
Hargreaves,Stocks\EU\UK\Hargreaves,0,0,0.0,-8.73,-1.27,5,0.6,10.0,GBP,Stocks
Hays,Stocks\EU\UK\Hays,4,0,0.0,-8.73,-1.27,5,7.0,10.0,GBP,Stocks
Hikma,Stocks\EU\UK\Hikma,4,0,0.0,-8.73,-1.27,5,0.4,10.0,GBP,Stocks
Hiscox,Stocks\EU\UK\Hiscox,4,0,0.0,-8.73,-1.27,5,0.4,10.0,GBP,Stocks
HowdenJoinery,Stocks\EU\UK\HowdenJoinery,4,0,0.0,-8.73,-1.27,5,0.8,10.0,GBP,Stocks
IMI,Stocks\EU\UK\IMI,4,0,0.0,-8.73,-1.27,5,0.2,10.0,GBP,Stocks
ITV,Stocks\EU\UK\ITV,4,0,0.0,-8.73,-1.27,5,8.0,10.0,GBP,Stocks
Inchcape,Stocks\EU\UK\Inchcape,4,0,0.0,-8.73,-1.27,5,0.8,10.0,GBP,Stocks
Informa,Stocks\EU\UK\Informa,4,0,0.0,-8.73,-1.27,5,0.7,10.0,GBP,Stocks
InterContinental,Stocks\EU\UK\InterContinental,0,0,0.0,-8.73,-1.27,5,0.07,10.0,GBP,Stocks
IntermediateCapital,Stocks\EU\UK\IntermediateCapital,4,0,0.0,-8.73,-1.27,5,0.4,10.0,GBP,Stocks
Intertek,Stocks\EU\UK\Intertek,4,0,0.0,-8.73,-1.27,5,0.11,10.0,GBP,Stocks
Investec,Stocks\EU\UK\Investec,4,0,0.0,-8.73,-1.27,5,1.0,10.0,GBP,Stocks
JupiterFund,Stocks\EU\UK\JupiterFund,4,0,0.0,-8.73,-1.27,5,3.6,10.0,GBP,Stocks
Kingfisher,Stocks\EU\UK\Kingfisher,4,0,0.0,-8.73,-1.27,5,2.0,10.0,GBP,Stocks
LSE,Stocks\EU\UK\LSE,4,0,0.0,-8.73,-1.27,5,0.02,100.0,GBP,Stocks
Lancashire,Stocks\EU\UK\Lancashire,4,0,0.0,-8.73,-1.27,5,1.0,10.0,GBP,Stocks
Legal&Gen,Stocks\EU\UK\Legal&Gen,4,0,0.0,-8.73,-1.27,5,0.3,100.0,GBP,Stocks
Lloyds,Stocks\EU\UK\Lloyds,4,0,0.0,-8.73,-1.27,5,0.6,100.0,GBP,Stocks
ManGroup,Stocks\EU\UK\ManGroup,4,0,0.0,-8.73,-1.27,5,0.2,100.0,GBP,Stocks
Marks&Spen,Stocks\EU\UK\Marks&Spen,4,0,0.0,-8.73,-1.27,5,0.2,100.0,GBP,Stocks
Marstons,Stocks\EU\UK\Marstons,3,0,0.0,-8.73,-1.27,5,11.0,10.0,GBP,Stocks
Mitchells&Butlers,Stocks\EU\UK\Mitchells&Butlers,4,0,0.0,-8.73,-1.27,5,2.2,10.0,GBP,Stocks
Mondi,Stocks\EU\UK\Mondi,4,0,0.0,-8.73,-1.27,5,0.7,10.0,GBP,Stocks
Moneysupermarket,Stocks\EU\UK\Moneysupermarket,4,0,0.0,-8.73,-1.27,5,3.0,10.0,GBP,Stocks
NationalExpress,Stocks\EU\UK\NationalExpress,3,0,0.0,-8.73,-1.27,5,25.0,10.0,GBP,Stocks
Next,Stocks\EU\UK\Next,4,0,0.0,-8.73,-1.27,5,0.02,100.0,GBP,Stocks
Ocado,Stocks\EU\UK\Ocado,4,0,0.0,-8.73,-1.27,5,2.6,10.0,GBP,Stocks
Pagegroup,Stocks\EU\UK\Pagegroup,4,0,0.0,-8.73,-1.27,5,2.8,10.0,GBP,Stocks
Pearson,Stocks\EU\UK\Pearson,4,0,0.0,-8.73,-1.27,5,0.5,10.0,GBP,Stocks
Pennon,Stocks\EU\UK\Pennon,4,0,0.0,-8.73,-1.27,5,1.3,10.0,GBP,Stocks
Persimmon,Stocks\EU\UK\Persimmon,4,0,0.0,-8.73,-1.27,5,0.6,10.0,GBP,Stocks
Petrofac,Stocks\EU\UK\Petrofac,0,0,0.0,-8.73,-1.27,5,24.0,10.0,GBP,Stocks
PetsatHome,Stocks\EU\UK\PetsatHome,4,0,0.0,-8.73,-1.27,5,2.9,10.0,GBP,Stocks
PhoenixHoldings,Stocks\EU\UK\PhoenixHoldings,4,0,0.0,-8.73,-1.27,5,0.7,10.0,GBP,Stocks
PolymetalInternational,Stocks\EU\UK\PolymetalInternational,0,0,0.0,-8.73,-1.27,5,4.0,10.0,GBP,Stocks
Provident,Stocks\EU\UK\Provident,3,0,0.0,-8.73,-1.27,5,7.0,10.0,GBP,Stocks
Prudential,Stocks\EU\UK\Prudential,4,0,0.0,-8.73,-1.27,5,0.06,100.0,GBP,Stocks
RITCapital,Stocks\EU\UK\RITCapital,4,0,0.0,-8.73,-1.27,5,0.3,10.0,GBP,Stocks
Redrow,Stocks\EU\UK\Redrow,0,0,0.0,-8.73,-1.27,5,0.9,10.0,GBP,Stocks
Renishaw,Stocks\EU\UK\Renishaw,4,0,0.0,-8.73,-1.27,5,0.13,10.0,GBP,Stocks
Rentokil,Stocks\EU\UK\Rentokil,4,0,0.0,-8.73,-1.27,5,1.8,10.0,GBP,Stocks
Rightmove,Stocks\EU\UK\Rightmove,4,0,0.0,-8.73,-1.27,5,1.2,10.0,GBP,Stocks
Rolls-Royce,Stocks\EU\UK\Rolls-Royce,4,0,0.0,-8.73,-1.27,5,0.05,100.0,GBP,Stocks
Rotork,Stocks\EU\UK\Rotork,4,0,0.0,-8.73,-1.27,5,1.3,10.0,GBP,Stocks
SEGRO,Stocks\EU\UK\SEGRO,4,0,0.0,-8.73,-1.27,5,0.7,10.0,GBP,Stocks
SHELL,Stocks\EU\UK\SHELL,0,55,18.837,-8.73,-1.27,5,0.1,100.0,GBP,Stocks
SSE,Stocks\EU\UK\SSE,4,0,0.0,-8.73,-1.27,5,0.3,10.0,GBP,Stocks
Sage,Stocks\EU\UK\Sage,4,0,0.0,-8.73,-1.27,5,0.6,10.0,GBP,Stocks
Sainsbury,Stocks\EU\UK\Sainsbury,4,0,0.0,-8.73,-1.27,5,0.2,100.0,GBP,Stocks
Savills,Stocks\EU\UK\Savills,4,0,0.0,-8.73,-1.27,5,0.6,10.0,GBP,Stocks
Schroders,Stocks\EU\UK\Schroders,4,0,0.0,-8.73,-1.27,5,1.1,10.0,GBP,Stocks
Serco,Stocks\EU\UK\Serco,4,0,0.0,-8.73,-1.27,5,2.4,10.0,GBP,Stocks
Shaftesbury,Stocks\EU\UK\Shaftesbury,0,0,0.0,-8.73,-1.27,5,2.1,10.0,GBP,Stocks
Smith,Stocks\EU\UK\Smith,0,0,0.0,-8.73,-1.27,5,1.4,10.0,GBP,Stocks
Spectris,Stocks\EU\UK\Spectris,0,0,0.0,-8.73,-1.27,5,0.15,10.0,GBP,Stocks
SpiraxSarco,Stocks\EU\UK\SpiraxSarco,4,0,0.0,-8.73,-1.27,5,0.09,10.0,GBP,Stocks
StdCharter,Stocks\EU\UK\StdCharter,4,0,0.0,-8.73,-1.27,5,0.03,100.0,GBP,Stocks
Tate&Lyle,Stocks\EU\UK\Tate&Lyle,3,0,0.0,-8.73,-1.27,5,1.1,10.0,GBP,Stocks
Tesco,Stocks\EU\UK\Tesco,4,0,0.0,-8.73,-1.27,5,0.14,100.0,GBP,Stocks
TravisPerkins,Stocks\EU\UK\TravisPerkins,4,0,0.0,-8.73,-1.27,5,1.0,10.0,GBP,Stocks
Tui,Stocks\EU\Germany\Tui,4,0,0.0,-7.18,-2.82,5,1.3,10.0,EUR,Stocks
TullowOil,Stocks\EU\UK\TullowOil,3,0,0.0,-8.73,-1.27,5,29.0,10.0,GBP,Stocks
Unilever,Stocks\EU\UK\Unilever,4,267,46.289,-8.73,-1.27,5,0.02,100.0,GBP,Stocks
Victrex,Stocks\EU\UK\Victrex,4,0,0.0,-8.73,-1.27,5,0.8,10.0,GBP,Stocks
Vodafone,Stocks\EU\UK\Vodafone,4,182,1.2991,-8.73,-1.27,5,0.5,100.0,GBP,Stocks
WHSmith,Stocks\EU\UK\WHSmith,4,0,0.0,-8.73,-1.27,5,1.5,10.0,GBP,Stocks
WPP,Stocks\EU\UK\WPP,4,0,0.0,-8.73,-1.27,5,1.7,10.0,GBP,Stocks
Weir,Stocks\EU\UK\Weir,4,0,0.0,-8.73,-1.27,5,0.3,10.0,GBP,Stocks
Whitbread,Stocks\EU\UK\Whitbread,4,0,0.0,-8.73,-1.27,5,0.3,10.0,GBP,Stocks
Wood,Stocks\EU\UK\Wood,0,0,0.0,-8.73,-1.27,5,29.0,10.0,GBP,Stocks
3DSystems,Stocks\US\3DSystems,4,0,0.0,-8.65,-1.35,5,2.6,10.0,USD,Stocks
3MCo,Stocks\US\3MCo,4,137,162.07,-8.65,-1.35,5,0.05,10.0,USD,Stocks
ACADIA,Stocks\US\ACADIA,4,0,0.0,-8.65,-1.35,5,0.3,10.0,USD,Stocks
AGNC,Stocks\US\AGNC,4,0,0.0,-8.65,-1.35,5,0.8,10.0,USD,Stocks
AIG,Stocks\US\AIG,4,0,0.0,-8.65,-1.35,5,0.11,10.0,USD,Stocks
AMC,Stocks\US\AMC,4,0,0.0,-8.65,-1.35,5,0.7,10.0,USD,Stocks
AMEX,Stocks\US\AMEX,4,0,0.0,-8.65,-1.35,5,0.03,10.0,USD,Stocks
AT&T,Stocks\US\AT&T,4,0,0.0,-8.65,-1.35,5,0.4,10.0,USD,Stocks
AbbVie,Stocks\US\AbbVie,4,114,261.98,-8.65,-1.35,5,0.04,10.0,USD,Stocks
Abbott,Stocks\US\Abbott,4,0,0.0,-8.65,-1.35,5,0.08,10.0,USD,Stocks
AbercFitch,Stocks\US\AbercFitch,4,0,0.0,-8.65,-1.35,5,0.06,10.0,USD,Stocks
Accenture,Stocks\US\Accenture,4,0,0.0,-8.65,-1.35,5,0.05,10.0,USD,Stocks
Activision,Stocks\US\Activision,0,0,0.0,-8.65,-1.35,5,0.11,10.0,USD,Stocks
Adobe,Stocks\US\Adobe,4,175,249.66,-8.65,-1.35,5,0.03,10.0,USD,Stocks
AdvMicroDev,Stocks\US\AdvMicroDev,4,0,0.0,-8.65,-1.35,5,0.02,10.0,USD,Stocks
Aes,Stocks\US\Aes,4,0,0.0,-8.65,-1.35,5,0.6,10.0,USD,Stocks
Aflac,Stocks\US\Aflac,4,0,0.0,-8.65,-1.35,5,0.08,10.0,USD,Stocks
Agilent,Stocks\US\Agilent,4,0,0.0,-8.65,-1.35,5,0.06,10.0,USD,Stocks
Akamai,Stocks\US\Akamai,4,0,0.0,-8.65,-1.35,5,0.08,10.0,USD,Stocks
Albemarle,Stocks\US\Albemarle,4,0,0.0,-8.65,-1.35,5,0.07,10.0,USD,Stocks
Alcoa,Stocks\US\Alcoa,4,0,0.0,-8.65,-1.35,5,0.2,10.0,USD,Stocks
Alibaba,Stocks\US\Alibaba,4,0,0.0,-8.65,-1.35,5,0.07,10.0,USD,Stocks
Alliant,Stocks\US\Alliant,4,0,0.0,-8.65,-1.35,5,0.13,10.0,USD,Stocks
Allscripts,Stocks\US\Allscripts,0,0,0.0,-8.65,-1.35,5,1.0,10.0,USD,Stocks
Allstate,Stocks\US\Allstate,4,0,0.0,-8.65,-1.35,5,0.04,10.0,USD,Stocks
Altria,Stocks\US\Altria,4,0,0.0,-8.65,-1.35,5,0.13,10.0,USD,Stocks
Amazon,Stocks\US\Amazon,4,217,245.79,-8.65,-1.35,5,0.03,10.0,USD,Stocks
Ameren,Stocks\US\Ameren,4,0,0.0,-8.65,-1.35,5,0.08,10.0,USD,Stocks
AmericanEagle,Stocks\US\AmericanEagle,4,0,0.0,-8.65,-1.35,5,0.5,10.0,USD,Stocks
AmericanTower,Stocks\US\AmericanTower,4,0,0.0,-8.65,-1.35,5,0.05,10.0,USD,Stocks
AmerisourceBergen,Stocks\US\AmerisourceBergen,4,0,0.0,-8.65,-1.35,5,0.03,10.0,USD,Stocks
Amgen,Stocks\US\Amgen,4,0,0.0,-8.65,-1.35,5,0.02,10.0,USD,Stocks
AnnalyCapital,Stocks\US\AnnalyCapital,4,0,0.0,-8.65,-1.35,5,0.4,10.0,USD,Stocks
AnteroResources,Stocks\US\AnteroResources,4,0,0.0,-8.65,-1.35,5,0.3,10.0,USD,Stocks
Anthem,Stocks\US\Anthem,4,0,0.0,-8.65,-1.35,5,0.03,10.0,USD,Stocks
Apache,Stocks\US\Apache,4,0,0.0,-8.65,-1.35,5,0.2,10.0,USD,Stocks
Apple,Stocks\US\Apple,4,244,331.24,-8.65,-1.35,5,0.02,10.0,USD,Stocks
AresCapital,Stocks\US\AresCapital,4,0,0.0,-8.65,-1.35,5,0.5,10.0,USD,Stocks
Autodesk,Stocks\US\Autodesk,4,0,0.0,-8.65,-1.35,5,0.04,10.0,USD,Stocks
Autozone,Stocks\US\Autozone,4,0,0.0,-8.65,-1.35,5,0.01,10.0,USD,Stocks
AvisBudget,Stocks\US\AvisBudget,4,0,0.0,-8.65,-1.35,5,0.06,10.0,USD,Stocks
BRF,Stocks\Brazil\BRF,0,0,0.0,-8.65,-1.35,5,1.9,10.0,USD,Stocks
Baidu,Stocks\US\Baidu,4,0,0.0,-8.65,-1.35,5,0.09,10.0,USD,Stocks
BakerHughes,Stocks\US\BakerHughes,4,0,0.0,-8.65,-1.35,5,0.14,10.0,USD,Stocks
Baxter,Stocks\US\Baxter,4,0,0.0,-8.65,-1.35,5,0.4,10.0,USD,Stocks
Biogen,Stocks\US\Biogen,4,0,0.0,-8.65,-1.35,5,0.04,10.0,USD,Stocks
Biomarin,Stocks\US\Biomarin,4,0,0.0,-8.65,-1.35,5,0.13,10.0,USD,Stocks
Black&Decker,Stocks\US\Black&Decker,4,0,0.0,-8.65,-1.35,5,0.09,10.0,USD,Stocks
Blackberry,Stocks\US\Blackberry,4,0,0.0,-8.65,-1.35,5,1.1,10.0,USD,Stocks
Blackrock,Stocks\US\Blackrock,4,0,0.0,-8.65,-1.35,5,0.02,10.0,USD,Stocks
Blackstone,Stocks\US\Blackstone,4,0,0.0,-8.65,-1.35,5,0.06,10.0,USD,Stocks
Boeing,Stocks\US\Boeing,4,158,201.22,-8.65,-1.35,5,0.04,10.0,USD,Stocks
BofAmerica,Stocks\US\BofAmerica,4,0,0.0,-8.65,-1.35,5,0.14,10.0,USD,Stocks
BofNewYork,Stocks\US\BofNewYork,4,0,0.0,-8.65,-1.35,5,0.06,10.0,USD,Stocks
BristolMyer,Stocks\US\BristolMyer,4,0,0.0,-8.65,-1.35,5,0.13,10.0,USD,Stocks
Broadcom,Stocks\US\Broadcom,4,195,338.26,-8.65,-1.35,5,0.03,10.0,USD,Stocks
Brookdale,Stocks\US\Brookdale,4,0,0.0,-8.65,-1.35,5,0.8,10.0,USD,Stocks
Brown-Forman,Stocks\US\Brown-Forman,4,0,0.0,-8.65,-1.35,5,0.4,10.0,USD,Stocks
CBRE,Stocks\US\CBRE,4,0,0.0,-8.65,-1.35,5,0.06,10.0,USD,Stocks
CFIndustries,Stocks\US\CFIndustries,4,0,0.0,-8.65,-1.35,5,0.06,10.0,USD,Stocks
CIENA,Stocks\US\CIENA,4,0,0.0,-8.65,-1.35,5,0.03,10.0,USD,Stocks
CME,Stocks\US\CME,4,0,0.0,-8.65,-1.35,5,0.03,10.0,USD,Stocks
CMS,Stocks\US\CMS,4,0,0.0,-8.65,-1.35,5,0.13,10.0,USD,Stocks
CNX,Stocks\US\CNX,4,0,0.0,-8.65,-1.35,5,0.3,10.0,USD,Stocks
CSX,Stocks\US\CSX,4,0,0.0,-8.65,-1.35,5,0.2,10.0,USD,Stocks
CVS,Stocks\US\CVS,4,0,0.0,-8.65,-1.35,5,0.09,10.0,USD,Stocks
Cadence,Stocks\US\Cadence,4,0,0.0,-8.65,-1.35,5,0.03,10.0,USD,Stocks
Campbell,Stocks\US\Campbell,4,0,0.0,-8.65,-1.35,5,0.4,10.0,USD,Stocks
CaraTherapeutics,Stocks\US\CaraTherapeutics,0,0,0.0,-8.65,-1.35,5,1.7,10.0,USD,Stocks
Cardinal,Stocks\US\Cardinal,4,0,0.0,-8.65,-1.35,5,0.04,10.0,USD,Stocks
Caterpillar,Stocks\US\Caterpillar,4,431,781.0,-8.65,-1.35,5,0.02,10.0,USD,Stocks
Cemex,Stocks\US\Cemex,4,0,0.0,-8.65,-1.35,5,0.8,10.0,USD,Stocks
Centene,Stocks\US\Centene,4,0,0.0,-8.65,-1.35,5,0.13,10.0,USD,Stocks
CenterPoint,Stocks\US\CenterPoint,4,0,0.0,-8.65,-1.35,5,0.3,10.0,USD,Stocks
CenturyAluminum,Stocks\US\CenturyAluminum,4,0,0.0,-8.65,-1.35,5,0.2,10.0,USD,Stocks
Charter,Stocks\US\Charter,4,0,0.0,-8.65,-1.35,5,0.06,10.0,USD,Stocks
Chevron,Stocks\US\Chevron,4,78,211.16,-8.65,-1.35,5,0.05,10.0,USD,Stocks
Chipotle,Stocks\US\Chipotle,4,0,0.0,-8.65,-1.35,5,0.3,10.0,USD,Stocks
Chubb,Stocks\US\Chubb,4,0,0.0,-8.65,-1.35,5,0.03,10.0,USD,Stocks
Cigna,Stocks\US\Cigna,4,0,0.0,-8.65,-1.35,5,0.03,10.0,USD,Stocks
Cintas,Stocks\US\Cintas,4,0,0.0,-8.65,-1.35,5,0.05,10.0,USD,Stocks
Cisco,Stocks\US\Cisco,4,62,107.41,-8.65,-1.35,5,0.08,10.0,USD,Stocks
Citigroup,Stocks\US\Citigroup,4,0,0.0,-8.65,-1.35,5,0.07,10.0,USD,Stocks
Coca-Cola,Stocks\US\Coca-Cola,4,33,87.7,-8.65,-1.35,5,0.1,10.0,USD,Stocks
Cognex,Stocks\US\Cognex,4,0,0.0,-8.65,-1.35,5,0.14,10.0,USD,Stocks
Cognizant,Stocks\US\Cognizant,4,0,0.0,-8.65,-1.35,5,0.13,10.0,USD,Stocks
Colgate-Palmolive,Stocks\US\Colgate-Palmolive,4,0,0.0,-8.65,-1.35,5,0.1,10.0,USD,Stocks
Comcast,Stocks\US\Comcast,4,0,0.0,-8.65,-1.35,5,0.4,10.0,USD,Stocks
Comerica,Stocks\US\Comerica,0,0,0.0,-8.65,-1.35,5,0.11,10.0,USD,Stocks
Conagra,Stocks\US\Conagra,4,0,0.0,-8.65,-1.35,5,0.6,10.0,USD,Stocks
ConocoPhil,Stocks\US\ConocoPhil,4,0,0.0,-8.65,-1.35,5,0.07,10.0,USD,Stocks
ConsolidatedEdison,Stocks\US\ConsolidatedEdison,4,96,104.87,-8.65,-1.35,5,0.08,10.0,USD,Stocks
Constellation,Stocks\US\Constellation,4,0,0.0,-8.65,-1.35,5,0.07,10.0,USD,Stocks
Corning,Stocks\US\Corning,4,0,0.0,-8.65,-1.35,5,0.05,10.0,USD,Stocks
Costco,Stocks\US\Costco,4,505,891.14,-8.65,-1.35,5,0.02,10.0,USD,Stocks
Coty,Stocks\US\Coty,4,0,0.0,-8.65,-1.35,5,2.9,10.0,USD,Stocks
CrownCastle,Stocks\US\CrownCastle,4,0,0.0,-8.65,-1.35,5,0.11,10.0,USD,Stocks
DISH,Stocks\US\DISH,0,0,0.0,-8.65,-1.35,5,1.9,10.0,USD,Stocks
DTE,Stocks\US\DTE,4,0,0.0,-8.65,-1.35,5,0.07,10.0,USD,Stocks
DXC,Stocks\US\DXC,4,0,0.0,-8.65,-1.35,5,0.8,10.0,USD,Stocks
Danaher,Stocks\US\Danaher,4,0,0.0,-8.65,-1.35,5,0.05,10.0,USD,Stocks
Deere,Stocks\US\Deere,4,0,0.0,-8.65,-1.35,5,0.02,10.0,USD,Stocks
Delta,Stocks\US\Delta,4,0,0.0,-8.65,-1.35,5,0.11,10.0,USD,Stocks
Devon,Stocks\US\Devon,4,0,0.0,-8.65,-1.35,5,0.2,10.0,USD,Stocks
DicksSporting,Stocks\US\DicksSporting,4,0,0.0,-8.65,-1.35,5,0.07,10.0,USD,Stocks
Discovery,Stocks\US\Discovery,4,0,0.0,-8.65,-1.35,5,0.3,10.0,USD,Stocks
Disney,Stocks\US\Disney,4,57,106.63,-8.65,-1.35,5,0.08,10.0,USD,Stocks
Dominion,Stocks\US\Dominion,4,0,0.0,-8.65,-1.35,5,0.13,10.0,USD,Stocks
Dropbox,Stocks\US\Dropbox,4,0,0.0,-8.65,-1.35,5,0.3,10.0,USD,Stocks
Duke,Stocks\US\Duke,4,0,0.0,-8.65,-1.35,5,0.07,10.0,USD,Stocks
EQT,Stocks\US\EQT,4,0,0.0,-8.65,-1.35,5,0.2,10.0,USD,Stocks
EXACT,Stocks\US\EXACT,0,0,0.0,-8.65,-1.35,5,0.13,10.0,USD,Stocks
Eaton,Stocks\US\Eaton,4,0,0.0,-8.65,-1.35,5,0.03,10.0,USD,Stocks
Ebay,Stocks\US\Ebay,4,0,0.0,-8.65,-1.35,5,0.08,10.0,USD,Stocks
Edison,Stocks\US\Edison,4,0,0.0,-8.65,-1.35,5,0.12,10.0,USD,Stocks
Edwards,Stocks\US\Edwards,4,0,0.0,-8.65,-1.35,5,0.1,10.0,USD,Stocks
Emerson,Stocks\US\Emerson,4,0,0.0,-8.65,-1.35,5,0.06,10.0,USD,Stocks
EnergyTransfer,Stocks\US\EnergyTransfer,4,0,0.0,-8.65,-1.35,5,0.4,10.0,USD,Stocks
EnterpriseProducts,Stocks\US\EnterpriseProducts,4,0,0.0,-8.65,-1.35,5,0.3,10.0,USD,Stocks
EquityResidential,Stocks\US\EquityResidential,4,0,0.0,-8.65,-1.35,5,0.13,10.0,USD,Stocks
Exelon,Stocks\US\Exelon,4,0,0.0,-8.65,-1.35,5,0.2,10.0,USD,Stocks
Expedia,Stocks\US\Expedia,4,0,0.0,-8.65,-1.35,5,0.03,10.0,USD,Stocks
Expeditors,Stocks\US\Expeditors,4,0,0.0,-8.65,-1.35,5,0.05,10.0,USD,Stocks
ExxonMobil,Stocks\US\ExxonMobil,4,64,163.1,-8.65,-1.35,5,0.06,10.0,USD,Stocks
Facebook,Stocks\US\Facebook,4,0,0.0,-8.65,-1.35,5,0.02,10.0,USD,Stocks
Fastenal,Stocks\US\Fastenal,4,0,0.0,-8.65,-1.35,5,0.2,10.0,USD,Stocks
Fedex,Stocks\US\Fedex,4,0,0.0,-8.65,-1.35,5,0.03,10.0,USD,Stocks
FirstEnergy,Stocks\US\FirstEnergy,4,0,0.0,-8.65,-1.35,5,0.2,10.0,USD,Stocks
FirstHorizon,Stocks\US\FirstHorizon,4,0,0.0,-8.65,-1.35,5,0.4,10.0,USD,Stocks
Fiserv,Stocks\US\Fiserv,4,0,0.0,-8.65,-1.35,5,0.2,10.0,USD,Stocks
Flex,Stocks\US\Flex,4,0,0.0,-8.65,-1.35,5,0.08,10.0,USD,Stocks
Ford,Stocks\US\Ford,4,0,0.0,-8.65,-1.35,5,0.6,10.0,USD,Stocks
Fortinet,Stocks\US\Fortinet,4,0,0.0,-8.65,-1.35,5,0.06,10.0,USD,Stocks
Fossil,Stocks\US\Fossil,4,0,0.0,-8.65,-1.35,5,1.6,10.0,USD,Stocks
Franklin,Stocks\US\Franklin,4,0,0.0,-8.65,-1.35,5,0.3,10.0,USD,Stocks
Freeport-McMoRan,Stocks\US\Freeport-McMoRan,4,0,0.0,-8.65,-1.35,5,0.11,10.0,USD,Stocks
GameStop,Stocks\US\GameStop,4,0,0.0,-8.65,-1.35,5,0.5,10.0,USD,Stocks
Gap,Stocks\US\Gap,4,0,0.0,-8.65,-1.35,5,0.4,10.0,USD,Stocks
GeneralElec,Stocks\US\GeneralElec,4,0,0.0,-8.65,-1.35,5,0.03,10.0,USD,Stocks
GeneralMot,Stocks\US\GeneralMot,4,0,0.0,-8.65,-1.35,5,0.1,10.0,USD,Stocks
Gentex,Stocks\US\Gentex,4,0,0.0,-8.65,-1.35,5,0.4,10.0,USD,Stocks
Genworth,Stocks\US\Genworth,4,0,0.0,-8.65,-1.35,5,0.9,10.0,USD,Stocks
Gilead,Stocks\US\Gilead,4,0,0.0,-8.65,-1.35,5,0.06,10.0,USD,Stocks
GoPro,Stocks\US\GoPro,4,0,0.0,-8.65,-1.35,5,5.0,10.0,USD,Stocks
Golar,Stocks\US\Golar,4,0,0.0,-8.65,-1.35,5,0.2,10.0,USD,Stocks
GoldmSachs,Stocks\US\GoldmSachs,4,0,0.0,-8.65,-1.35,5,0.02,10.0,USD,Stocks
Goodyear,Stocks\US\Goodyear,4,0,0.0,-8.65,-1.35,5,1.3,10.0,USD,Stocks
Google,Stocks\US\Google,4,0,0.0,-8.65,-1.35,5,0.02,10.0,USD,Stocks
GraphicPackaging,Stocks\US\GraphicPackaging,4,0,0.0,-8.65,-1.35,5,0.8,10.0,USD,Stocks
Groupon,Stocks\US\Groupon,4,0,0.0,-8.65,-1.35,5,0.5,10.0,USD,Stocks
H&RBlock,Stocks\US\H&RBlock,4,0,0.0,-8.65,-1.35,5,0.2,10.0,USD,Stocks
HP,Stocks\US\HP,4,0,0.0,-8.65,-1.35,5,0.3,10.0,USD,Stocks
Halliburton,Stocks\US\Halliburton,4,0,0.0,-8.65,-1.35,5,0.3,10.0,USD,Stocks
Hanesbrands,Stocks\US\Hanesbrands,0,0,0.0,-8.65,-1.35,5,1.2,10.0,USD,Stocks
HarleyDav,Stocks\US\HarleyDav,4,0,0.0,-8.65,-1.35,5,0.4,10.0,USD,Stocks
Hasbro,Stocks\US\Hasbro,4,0,0.0,-8.65,-1.35,5,0.09,10.0,USD,Stocks
Hershey,Stocks\US\Hershey,4,0,0.0,-8.65,-1.35,5,0.05,10.0,USD,Stocks
Hess,Stocks\US\Hess,0,0,0.0,-8.65,-1.35,5,0.05,10.0,USD,Stocks
Hilton,Stocks\US\Hilton,4,0,0.0,-8.65,-1.35,5,0.03,10.0,USD,Stocks
Himax,Stocks\US\Himax,4,0,0.0,-8.65,-1.35,5,0.6,10.0,USD,Stocks
HollyFrontier,Stocks\US\HollyFrontier,4,0,0.0,-8.65,-1.35,5,0.08,10.0,USD,Stocks
Hologic,Stocks\US\Hologic,0,0,0.0,-8.65,-1.35,5,0.11,10.0,USD,Stocks
HomeDepot,Stocks\US\HomeDepot,4,168,302.03,-8.65,-1.35,5,0.03,10.0,USD,Stocks
Honeywell,Stocks\US\Honeywell,4,183,206.87,-8.65,-1.35,5,0.04,10.0,USD,Stocks
Hormel,Stocks\US\Hormel,4,0,0.0,-8.65,-1.35,5,0.4,10.0,USD,Stocks
Horton,Stocks\US\Horton,4,0,0.0,-8.65,-1.35,5,0.06,10.0,USD,Stocks
HostHotels,Stocks\US\HostHotels,4,0,0.0,-8.65,-1.35,5,0.4,10.0,USD,Stocks
Humana,Stocks\US\Humana,4,0,0.0,-8.65,-1.35,5,0.03,10.0,USD,Stocks
Huntington,Stocks\US\Huntington,4,0,0.0,-8.65,-1.35,5,0.5,10.0,USD,Stocks
Huntsman,Stocks\US\Huntsman,4,0,0.0,-8.65,-1.35,5,0.9,10.0,USD,Stocks
IBM,Stocks\US\IBM,4,162,236.92,-8.65,-1.35,5,0.04,10.0,USD,Stocks
ICE,Stocks\US\ICE,4,0,0.0,-8.65,-1.35,5,0.06,10.0,USD,Stocks
ICICI,Stocks\US\ICICI,4,0,0.0,-8.65,-1.35,5,0.3,10.0,USD,Stocks
IDEXX,Stocks\US\IDEXX,4,0,0.0,-8.65,-1.35,5,0.02,10.0,USD,Stocks
IPG,Stocks\US\IPG,0,0,0.0,-8.65,-1.35,5,0.3,10.0,USD,Stocks
Illumina,Stocks\US\Illumina,4,0,0.0,-8.65,-1.35,5,0.04,10.0,USD,Stocks
Incyte,Stocks\US\Incyte,4,0,0.0,-8.65,-1.35,5,0.07,10.0,USD,Stocks
Infosys,Stocks\US\Infosys,4,0,0.0,-8.65,-1.35,5,0.7,10.0,USD,Stocks
Intel,Stocks\US\Intel,4,74,100.61,-8.65,-1.35,5,0.06,10.0,USD,Stocks
International,Stocks\US\International,4,0,0.0,-8.65,-1.35,5,0.3,10.0,USD,Stocks
Intuit,Stocks\US\Intuit,4,0,0.0,-8.65,-1.35,5,0.03,10.0,USD,Stocks
Invesco,Stocks\US\Invesco,4,0,0.0,-8.65,-1.35,5,0.3,10.0,USD,Stocks
IronMountain,Stocks\US\IronMountain,4,0,0.0,-8.65,-1.35,5,0.08,10.0,USD,Stocks
ItauUnibanco,Stocks\Brazil\ItauUnibanco,4,0,0.0,-8.65,-1.35,5,1.2,10.0,USD,Stocks
J&J,Stocks\US\J&J,4,0,0.0,-8.65,-1.35,5,0.04,10.0,USD,Stocks
JD,Stocks\US\JD,4,0,0.0,-8.65,-1.35,5,0.3,10.0,USD,Stocks
JPMorgan,Stocks\US\JPMorgan,4,198,348.02,-8.65,-1.35,5,0.03,10.0,USD,Stocks
JabilCircuit,Stocks\US\JabilCircuit,4,0,0.0,-8.65,-1.35,5,0.03,10.0,USD,Stocks
Jefferies,Stocks\US\Jefferies,4,0,0.0,-8.65,-1.35,5,0.2,10.0,USD,Stocks
JetBlueAirways,Stocks\US\JetBlueAirways,4,0,0.0,-8.65,-1.35,5,1.8,10.0,USD,Stocks
Juniper,Stocks\US\Juniper,0,0,0.0,-8.65,-1.35,5,0.3,10.0,USD,Stocks
KBR,Stocks\US\KBR,4,0,0.0,-8.65,-1.35,5,0.3,10.0,USD,Stocks
Kellogg,Stocks\US\Kellogg,0,0,0.0,-8.65,-1.35,5,0.1,10.0,USD,Stocks
KeyCorp,Stocks\US\KeyCorp,4,0,0.0,-8.65,-1.35,5,0.4,10.0,USD,Stocks
Kimberly-Clark,Stocks\US\Kimberly-Clark,4,0,0.0,-8.65,-1.35,5,0.08,10.0,USD,Stocks
Kimco,Stocks\US\Kimco,4,0,0.0,-8.65,-1.35,5,0.4,10.0,USD,Stocks
Kirby,Stocks\US\Kirby,4,0,0.0,-8.65,-1.35,5,0.06,10.0,USD,Stocks
Knight-Swift,Stocks\US\Knight-Swift,4,0,0.0,-8.65,-1.35,5,0.13,10.0,USD,Stocks
Kohls,Stocks\US\Kohls,4,0,0.0,-8.65,-1.35,5,0.5,10.0,USD,Stocks
Kroger,Stocks\US\Kroger,4,0,0.0,-8.65,-1.35,5,0.15,10.0,USD,Stocks
L.V.Sands,Stocks\US\L.V.Sands,4,0,0.0,-8.65,-1.35,5,0.2,10.0,USD,Stocks
LKQ,Stocks\US\LKQ,4,0,0.0,-8.65,-1.35,5,0.4,10.0,USD,Stocks
Laredo,Stocks\US\Laredo,0,0,0.0,-8.65,-1.35,5,0.5,10.0,USD,Stocks
LendingClub,Stocks\US\LendingClub,4,0,0.0,-8.65,-1.35,5,0.5,10.0,USD,Stocks
Lennar,Stocks\US\Lennar,4,0,0.0,-8.65,-1.35,5,0.1,10.0,USD,Stocks
Liberty,Stocks\US\Liberty,4,0,0.0,-8.65,-1.35,5,0.8,10.0,USD,Stocks
Loews,Stocks\US\Loews,4,0,0.0,-8.65,-1.35,5,0.08,10.0,USD,Stocks
Lowes,Stocks\US\Lowes,4,0,0.0,-8.65,-1.35,5,0.04,10.0,USD,Stocks
Lululemon,Stocks\US\Lululemon,4,0,0.0,-8.65,-1.35,5,0.07,10.0,USD,Stocks
LyondellBasell,Stocks\US\LyondellBasell,4,0,0.0,-8.65,-1.35,5,0.13,10.0,USD,Stocks
MFA,Stocks\US\MFA,4,0,0.0,-8.65,-1.35,5,1.0,10.0,USD,Stocks
MGICInvestment,Stocks\US\MGICInvestment,4,0,0.0,-8.65,-1.35,5,0.3,10.0,USD,Stocks
MGMResorts,Stocks\US\MGMResorts,4,0,0.0,-8.65,-1.35,5,0.2,10.0,USD,Stocks
Macys,Stocks\US\Macys,4,0,0.0,-8.65,-1.35,5,0.4,10.0,USD,Stocks
MarathonPetroleum,Stocks\US\MarathonPetroleum,4,0,0.0,-8.65,-1.35,5,0.03,10.0,USD,Stocks
Marriott,Stocks\US\Marriott,4,0,0.0,-8.65,-1.35,5,0.03,10.0,USD,Stocks
Marsh&McLennan,Stocks\US\Marsh&McLennan,4,0,0.0,-8.65,-1.35,5,0.05,10.0,USD,Stocks
Marvell,Stocks\US\Marvell,4,0,0.0,-8.65,-1.35,5,0.04,10.0,USD,Stocks
Masco,Stocks\US\Masco,4,0,0.0,-8.65,-1.35,5,0.12,10.0,USD,Stocks
Mastercard,Stocks\US\Mastercard,4,0,0.0,-8.65,-1.35,5,0.02,10.0,USD,Stocks
MatchGroup,Stocks\US\MatchGroup,4,0,0.0,-8.65,-1.35,5,0.2,10.0,USD,Stocks
Mattel,Stocks\US\Mattel,4,0,0.0,-8.65,-1.35,5,0.6,10.0,USD,Stocks
McDonalds,Stocks\US\McDonalds,4,128,248.1,-8.65,-1.35,5,0.04,10.0,USD,Stocks
Medtronic,Stocks\US\Medtronic,4,0,0.0,-8.65,-1.35,5,0.1,10.0,USD,Stocks
MelcoResorts,Stocks\US\MelcoResorts,4,0,0.0,-8.65,-1.35,5,1.6,10.0,USD,Stocks
Mercadolibre,Stocks\US\Mercadolibre,4,0,0.0,-8.65,-1.35,5,0.02,10.0,USD,Stocks
Merck&Co,Stocks\US\Merck&Co,4,0,0.0,-8.65,-1.35,5,0.06,10.0,USD,Stocks
Metlife,Stocks\US\Metlife,4,0,0.0,-8.65,-1.35,5,0.09,10.0,USD,Stocks
Micron,Stocks\US\Micron,4,0,0.0,-8.65,-1.35,5,0.02,10.0,USD,Stocks
Microsoft,Stocks\US\Microsoft,4,377,490.02,-8.65,-1.35,5,0.02,10.0,USD,Stocks
Mondelez,Stocks\US\Mondelez,4,0,0.0,-8.65,-1.35,5,0.14,10.0,USD,Stocks
Monster,Stocks\US\Monster,4,0,0.0,-8.65,-1.35,5,0.2,10.0,USD,Stocks
Moodys,Stocks\US\Moodys,4,0,0.0,-8.65,-1.35,5,0.02,10.0,USD,Stocks
MorganStanl,Stocks\US\MorganStanl,4,0,0.0,-8.65,-1.35,5,0.04,10.0,USD,Stocks
Mosaic,Stocks\US\Mosaic,4,0,0.0,-8.65,-1.35,5,0.4,10.0,USD,Stocks
Motorola,Stocks\US\Motorola,4,0,0.0,-8.65,-1.35,5,0.02,10.0,USD,Stocks
Msci,Stocks\US\Msci,4,0,0.0,-8.65,-1.35,5,0.02,10.0,USD,Stocks
MurphyOil,Stocks\US\MurphyOil,4,0,0.0,-8.65,-1.35,5,0.3,10.0,USD,Stocks
NRG,Stocks\US\NRG,4,0,0.0,-8.65,-1.35,5,0.08,10.0,USD,Stocks
NXP,Stocks\US\NXP,4,0,0.0,-8.65,-1.35,5,0.04,10.0,USD,Stocks
NYBancorp,Stocks\US\NYBancorp,4,0,0.0,-8.65,-1.35,5,0.7,10.0,USD,Stocks
Nabors,Stocks\US\Nabors,4,0,0.0,-8.65,-1.35,5,0.09,10.0,USD,Stocks
Nasdaq,Stocks\US\Nasdaq,4,0,0.0,-8.65,-1.35,5,0.09,10.0,USD,Stocks
NetApp,Stocks\US\NetApp,4,0,0.0,-8.65,-1.35,5,0.05,10.0,USD,Stocks
NetEase,Stocks\US\NetEase,4,0,0.0,-8.65,-1.35,5,0.07,10.0,USD,Stocks
Netflix,Stocks\US\Netflix,4,32,76.25,-8.65,-1.35,5,0.11,10.0,USD,Stocks
Newell,Stocks\US\Newell,4,0,0.0,-8.65,-1.35,5,1.4,10.0,USD,Stocks
Newmont,Stocks\US\Newmont,4,0,0.0,-8.65,-1.35,5,0.07,10.0,USD,Stocks
NewsCorp,Stocks\US\NewsCorp,4,0,0.0,-8.65,-1.35,5,0.3,10.0,USD,Stocks
NextEra,Stocks\US\NextEra,4,0,0.0,-8.65,-1.35,5,0.11,10.0,USD,Stocks
NiSource,Stocks\US\NiSource,4,0,0.0,-8.65,-1.35,5,0.3,10.0,USD,Stocks
Nike,Stocks\US\Nike,4,23,35.69,-8.65,-1.35,5,0.3,10.0,USD,Stocks
Northern,Stocks\US\Northern,4,0,0.0,-8.65,-1.35,5,0.05,10.0,USD,Stocks
Northrop,Stocks\US\Northrop,4,0,0.0,-8.65,-1.35,5,0.02,10.0,USD,Stocks
Nucor,Stocks\US\Nucor,4,0,0.0,-8.65,-1.35,5,0.04,10.0,USD,Stocks
Nvidia,Stocks\US\Nvidia,4,178,214.01,-8.65,-1.35,5,0.03,10.0,USD,Stocks
ON-Semiconductor,Stocks\US\ON-Semiconductor,4,0,0.0,-8.65,-1.35,5,0.12,10.0,USD,Stocks
ONEOK,Stocks\US\ONEOK,4,0,0.0,-8.65,-1.35,5,0.09,10.0,USD,Stocks
Occidental,Stocks\US\Occidental,4,0,0.0,-8.65,-1.35,5,0.14,10.0,USD,Stocks
OfficeDepot,Stocks\US\OfficeDepot,0,0,0.0,-8.65,-1.35,5,0.3,10.0,USD,Stocks
OgeEnergy,Stocks\US\OgeEnergy,4,0,0.0,-8.65,-1.35,5,0.2,10.0,USD,Stocks
OldRepublic,Stocks\US\OldRepublic,4,0,0.0,-8.65,-1.35,5,0.2,10.0,USD,Stocks
Omnicom,Stocks\US\Omnicom,4,0,0.0,-8.65,-1.35,5,0.1,10.0,USD,Stocks
OpkoHealth,Stocks\US\OpkoHealth,4,0,0.0,-8.65,-1.35,5,5.0,10.0,USD,Stocks
Oracle,Stocks\US\Oracle,4,159,142.48,-8.65,-1.35,5,0.04,10.0,USD,Stocks
PACCAR,Stocks\US\PACCAR,4,0,0.0,-8.65,-1.35,5,0.07,10.0,USD,Stocks
PG&E,Stocks\US\PG&E,4,0,0.0,-8.65,-1.35,5,0.5,10.0,USD,Stocks
PPL,Stocks\US\PPL,4,0,0.0,-8.65,-1.35,5,0.3,10.0,USD,Stocks
Patterson,Stocks\US\Patterson,0,0,0.0,-8.65,-1.35,5,0.3,10.0,USD,Stocks
Patterson-UTI,Stocks\US\Patterson-UTI,4,0,0.0,-8.65,-1.35,5,0.7,10.0,USD,Stocks
Paychex,Stocks\US\Paychex,4,0,0.0,-8.65,-1.35,5,0.07,10.0,USD,Stocks
Paypal,Stocks\US\Paypal,4,69,52.33,-8.65,-1.35,5,0.2,10.0,USD,Stocks
Pepsico,Stocks\US\Pepsico,4,59,134.0,-8.65,-1.35,5,0.06,10.0,USD,Stocks
Perrigo,Stocks\US\Perrigo,4,0,0.0,-8.65,-1.35,5,0.6,10.0,USD,Stocks
PetroleoBra,Stocks\Brazil\PetroleoBra,4,0,0.0,-8.65,-1.35,5,0.5,10.0,USD,Stocks
Pfizer,Stocks\US\Pfizer,4,18,27.4,-8.65,-1.35,5,0.3,10.0,USD,Stocks
PhilipMorri,Stocks\US\PhilipMorri,4,0,0.0,-8.65,-1.35,5,0.05,10.0,USD,Stocks
Phillips66,Stocks\US\Phillips66,4,0,0.0,-8.65,-1.35,5,0.04,10.0,USD,Stocks
PitneyBowes,Stocks\US\PitneyBowes,4,0,0.0,-8.65,-1.35,5,0.5,10.0,USD,Stocks
PrincipalFinancial,Stocks\US\PrincipalFinancial,4,0,0.0,-8.65,-1.35,5,0.08,10.0,USD,Stocks
Procter&Gam,Stocks\US\Procter&Gam,4,66,146.77,-8.65,-1.35,5,0.06,10.0,USD,Stocks
Progressive,Stocks\US\Progressive,4,0,0.0,-8.65,-1.35,5,0.04,10.0,USD,Stocks
Prologis,Stocks\US\Prologis,4,0,0.0,-8.65,-1.35,5,0.06,10.0,USD,Stocks
PulteGroup,Stocks\US\PulteGroup,4,0,0.0,-8.65,-1.35,5,0.07,10.0,USD,Stocks
Qorvo,Stocks\US\Qorvo,4,0,0.0,-8.65,-1.35,5,0.08,10.0,USD,Stocks
Qualcomm,Stocks\US\Qualcomm,4,139,184.38,-8.65,-1.35,5,0.05,10.0,USD,Stocks
Quest,Stocks\US\Quest,4,0,0.0,-8.65,-1.35,5,0.04,10.0,USD,Stocks
Qurate,Stocks\US\Qurate,0,0,0.0,-8.65,-1.35,5,4.0,10.0,USD,Stocks
Radian,Stocks\US\Radian,4,0,0.0,-8.65,-1.35,5,0.3,10.0,USD,Stocks
RalphLauren,Stocks\US\RalphLauren,4,0,0.0,-8.65,-1.35,5,0.03,10.0,USD,Stocks
Range,Stocks\US\Range,4,0,0.0,-8.65,-1.35,5,0.2,10.0,USD,Stocks
Regeneron,Stocks\US\Regeneron,4,0,0.0,-8.65,-1.35,5,0.02,10.0,USD,Stocks
Rite-Aid,Stocks\US\Rite-Aid,0,0,0.0,-8.65,-1.35,5,4.0,10.0,USD,Stocks
Rockwell,Stocks\US\Rockwell,4,0,0.0,-8.65,-1.35,5,0.02,10.0,USD,Stocks
SLM,Stocks\US\SLM,4,0,0.0,-8.65,-1.35,5,0.4,10.0,USD,Stocks
SMEnergy,Stocks\US\SMEnergy,4,0,0.0,-8.65,-1.35,5,0.3,10.0,USD,Stocks
Salesforce,Stocks\US\Salesforce,4,170,250.0,-8.65,-1.35,5,0.04,10.0,USD,Stocks
Schlumberger,Stocks\US\Schlumberger,4,0,0.0,-8.65,-1.35,5,0.15,10.0,USD,Stocks
Seagate,Stocks\US\Seagate,4,0,0.0,-8.65,-1.35,5,0.02,10.0,USD,Stocks
SealedAir,Stocks\US\SealedAir,0,0,0.0,-8.65,-1.35,5,0.2,10.0,USD,Stocks
Sempra,Stocks\US\Sempra,4,0,0.0,-8.65,-1.35,5,0.1,10.0,USD,Stocks
Signet,Stocks\US\Signet,4,0,0.0,-8.65,-1.35,5,0.11,10.0,USD,Stocks
SiteCenters,Stocks\US\SiteCenters,4,0,0.0,-8.65,-1.35,5,2.8,10.0,USD,Stocks
Skyworks,Stocks\US\Skyworks,4,0,0.0,-8.65,-1.35,5,0.11,10.0,USD,Stocks
Snap,Stocks\US\Snap,4,0,0.0,-8.65,-1.35,5,1.6,10.0,USD,Stocks
Southern,Stocks\US\Southern,4,0,0.0,-8.65,-1.35,5,0.1,10.0,USD,Stocks
SouthwestAirlines,Stocks\US\SouthwestAirlines,4,0,0.0,-8.65,-1.35,5,0.3,10.0,USD,Stocks
Splunk,Stocks\US\Splunk,0,0,0.0,-8.65,-1.35,5,0.06,10.0,USD,Stocks
Sprouts,Stocks\US\Sprouts,4,0,0.0,-8.65,-1.35,5,0.11,10.0,USD,Stocks
Square,Stocks\US\Square,4,0,0.0,-8.65,-1.35,5,0.11,10.0,USD,Stocks
Starbucks,Stocks\US\Starbucks,4,69,96.97,-8.65,-1.35,5,0.08,10.0,USD,Stocks
SteelDynamics,Stocks\US\SteelDynamics,4,0,0.0,-8.65,-1.35,5,0.04,10.0,USD,Stocks
SunstoneHotel,Stocks\US\SunstoneHotel,4,0,0.0,-8.65,-1.35,5,0.8,10.0,USD,Stocks
Sysco,Stocks\US\Sysco,4,0,0.0,-8.65,-1.35,5,0.11,10.0,USD,Stocks
T-Mobile,Stocks\US\T-Mobile,4,0,0.0,-8.65,-1.35,5,0.05,10.0,USD,Stocks
T-Rowe,Stocks\US\T-Rowe,4,0,0.0,-8.65,-1.35,5,0.08,10.0,USD,Stocks
TJX,Stocks\US\TJX,4,0,0.0,-8.65,-1.35,5,0.07,10.0,USD,Stocks
Taiwan-Semiconductor,Stocks\US\Taiwan-Semiconductor,4,0,0.0,-8.65,-1.35,5,0.02,10.0,USD,Stocks
Take-Two,Stocks\US\Take-Two,4,0,0.0,-8.65,-1.35,5,0.04,10.0,USD,Stocks
Tapestry,Stocks\US\Tapestry,4,0,0.0,-8.65,-1.35,5,0.07,10.0,USD,Stocks
Target,Stocks\US\Target,4,0,0.0,-8.65,-1.35,5,0.06,10.0,USD,Stocks
Teekay,Stocks\US\Teekay,4,0,0.0,-8.65,-1.35,5,0.7,10.0,USD,Stocks
Tenet,Stocks\US\Tenet,4,0,0.0,-8.65,-1.35,5,0.04,10.0,USD,Stocks
Teradyne,Stocks\US\Teradyne,4,0,0.0,-8.65,-1.35,5,0.03,10.0,USD,Stocks
Tesla,Stocks\US\Tesla,4,264,357.1,-8.65,-1.35,5,0.02,10.0,USD,Stocks
Teva,Stocks\US\Teva,0,0,0.0,-8.65,-1.35,5,0.3,10.0,USD,Stocks
Transocean,Stocks\US\Transocean,4,0,0.0,-8.65,-1.35,5,1.5,10.0,USD,Stocks
Tripadvisor,Stocks\US\Tripadvisor,4,0,0.0,-8.65,-1.35,5,0.9,10.0,USD,Stocks
Tyson,Stocks\US\Tyson,4,0,0.0,-8.65,-1.35,5,0.15,10.0,USD,Stocks
UDR,Stocks\US\UDR,4,0,0.0,-8.65,-1.35,5,0.3,10.0,USD,Stocks
UPS,Stocks\US\UPS,4,0,0.0,-8.65,-1.35,5,0.09,10.0,USD,Stocks
UnitedAirlines,Stocks\US\UnitedAirlines,4,0,0.0,-8.65,-1.35,5,0.08,10.0,USD,Stocks
UnitedHealth,Stocks\US\UnitedHealth,4,229,374.19,-8.65,-1.35,5,0.03,10.0,USD,Stocks
UnitedStatesSteel,Stocks\US\UnitedStatesSteel,0,0,0.0,-8.65,-1.35,5,0.2,10.0,USD,Stocks
Urban,Stocks\US\Urban,4,0,0.0,-8.65,-1.35,5,0.11,10.0,USD,Stocks
VEON,Stocks\US\VEON,0,0,0.0,-8.65,-1.35,5,0.6,10.0,USD,Stocks
VF,Stocks\US\VF,4,0,0.0,-8.65,-1.35,5,0.7,10.0,USD,Stocks
Vale,Stocks\Brazil\Vale,4,0,0.0,-8.65,-1.35,5,0.6,10.0,USD,Stocks
Valero,Stocks\US\Valero,4,0,0.0,-8.65,-1.35,5,0.03,10.0,USD,Stocks
Ventas,Stocks\US\Ventas,4,0,0.0,-8.65,-1.35,5,0.09,10.0,USD,Stocks
Verisign,Stocks\US\Verisign,4,0,0.0,-8.65,-1.35,5,0.03,10.0,USD,Stocks
Verisk,Stocks\US\Verisk,4,0,0.0,-8.65,-1.35,5,0.05,10.0,USD,Stocks
Verizon,Stocks\US\Verizon,4,0,0.0,-8.65,-1.35,5,0.2,10.0,USD,Stocks
Vertex,Stocks\US\Vertex,4,0,0.0,-8.65,-1.35,5,0.02,10.0,USD,Stocks
Visa,Stocks\US\Visa,4,132,370.2,-8.65,-1.35,5,0.03,10.0,USD,Stocks
Vornado,Stocks\US\Vornado,4,0,0.0,-8.65,-1.35,5,0.3,10.0,USD,Stocks
WalMart,Stocks\US\WalMart,4,60,107.21,-8.65,-1.35,5,0.08,10.0,USD,Stocks
Walgreens,Stocks\US\Walgreens,0,0,0.0,-8.65,-1.35,5,0.7,10.0,USD,Stocks
Waste,Stocks\US\Waste,4,0,0.0,-8.65,-1.35,5,0.04,10.0,USD,Stocks
Weibo,Stocks\US\Weibo,4,0,0.0,-8.65,-1.35,5,1.2,10.0,USD,Stocks
WellsFargo,Stocks\US\WellsFargo,4,0,0.0,-8.65,-1.35,5,0.1,10.0,USD,Stocks
Welltower,Stocks\US\Welltower,4,0,0.0,-8.65,-1.35,5,0.04,10.0,USD,Stocks
Wendys,Stocks\US\Wendys,4,0,0.0,-8.65,-1.35,5,1.1,10.0,USD,Stocks
WesternUni,Stocks\US\WesternUni,4,0,0.0,-8.65,-1.35,5,1.2,10.0,USD,Stocks
Weyerhaeuser,Stocks\US\Weyerhaeuser,4,0,0.0,-8.65,-1.35,5,0.4,10.0,USD,Stocks
Whirlpool,Stocks\US\Whirlpool,4,0,0.0,-8.65,-1.35,5,0.3,10.0,USD,Stocks
Williams,Stocks\US\Williams,4,0,0.0,-8.65,-1.35,5,0.12,10.0,USD,Stocks
Wisconsin,Stocks\US\Wisconsin,4,0,0.0,-8.65,-1.35,5,0.08,10.0,USD,Stocks
XcelEnergy,Stocks\US\XcelEnergy,4,0,0.0,-8.65,-1.35,5,0.11,10.0,USD,Stocks
Xerox,Stocks\US\Xerox,4,0,0.0,-8.65,-1.35,5,2.6,10.0,USD,Stocks
Yandex,Stocks\US\Yandex,0,0,0.0,-8.65,-1.35,5,1.0,10.0,USD,Stocks
YumBrands,Stocks\US\YumBrands,4,0,0.0,-8.65,-1.35,5,0.06,10.0,USD,Stocks
Zions,Stocks\US\Zions,4,0,0.0,-8.65,-1.35,5,0.13,10.0,USD,Stocks
Zoetis,Stocks\US\Zoetis,4,0,0.0,-8.65,-1.35,5,0.11,10.0,USD,Stocks
KLA,Stocks\US\KLA,4,0,0.0,-8.65,-1.35,5,0.05,10.0,USD,Stocks
AlphaBank,Stocks\EU\Greece\AlphaBank,4,0,0.0,-7.18,-2.82,5,2.0,10.0,EUR,Stocks
MotorOil,Stocks\EU\Greece\MotorOil,4,0,0.0,-7.18,-2.82,5,0.14,10.0,EUR,Stocks
PiraeusBank,Stocks\EU\Greece\PiraeusBank,4,0,0.0,-7.18,-2.82,5,0.9,10.0,EUR,Stocks
FrasersGroup,Stocks\EU\UK\FrasersGroup,4,0,0.0,-8.73,-1.27,5,0.8,10.0,GBP,Stocks
VistryGroup,Stocks\EU\UK\VistryGroup,4,0,0.0,-8.73,-1.27,5,2.1,10.0,GBP,Stocks
NokianTyres,Stocks\EU\Finland\NokianTyres,4,0,0.0,-7.18,-2.82,5,0.6,10.0,EUR,Stocks
TruistFinancial,Stocks\US\TruistFinancial,4,0,0.0,-8.65,-1.35,5,0.2,10.0,USD,Stocks
Trip,Stocks\US\Trip,4,0,0.0,-8.65,-1.35,5,0.2,10.0,USD,Stocks
NortonLifeLock,Stocks\US\NortonLifeLock,4,0,0.0,-8.65,-1.35,5,0.3,10.0,USD,Stocks
HealthpeakProperties,Stocks\US\HealthpeakProperties,4,0,0.0,-8.65,-1.35,5,0.5,10.0,USD,Stocks
ViacomCBS,Stocks\US\ViacomCBS,4,0,0.0,-8.65,-1.35,5,0.8,10.0,USD,Stocks
LundinEnergy,Stocks\EU\Sweden\LundinEnergy,4,0,0.0,-6.67,-3.33,5,13.0,10.0,SEK,Stocks
RaytheonTech,Stocks\US\RaytheonTech,4,0,0.0,-8.65,-1.35,5,0.04,10.0,USD,Stocks
Webuild,Stocks\EU\Italy\Webuild,4,0,0.0,-7.18,-2.82,5,4.0,10.0,EUR,Stocks
MetsoOutotec,Stocks\EU\Finland\MetsoOutotec,4,0,0.0,-7.18,-2.82,5,0.5,10.0,EUR,Stocks
NatWest,Stocks\EU\UK\NatWest,4,0,0.0,-8.73,-1.27,5,0.09,100.0,GBP,Stocks
Ambev,Stocks\Brazil\Ambev,4,0,0.0,-8.65,-1.35,5,2.9,10.0,USD,Stocks
BancoBradesco,Stocks\Brazil\BancoBradesco,4,0,0.0,-8.65,-1.35,5,2.6,10.0,USD,Stocks
Gerdau,Stocks\Brazil\Gerdau,4,0,0.0,-8.65,-1.35,5,1.8,10.0,USD,Stocks
AgnicoEagleMines,Stocks\Canada\AgnicoEagleMines,4,0,0.0,-8.65,-1.35,5,0.04,10.0,USD,Stocks
AuroraCannabis,Stocks\Canada\AuroraCannabis,4,0,0.0,-8.65,-1.35,5,2.1,10.0,USD,Stocks
BankofMontreal,Stocks\Canada\BankofMontreal,4,0,0.0,-8.65,-1.35,5,0.05,10.0,USD,Stocks
BankofNovaScotia,Stocks\Canada\BankofNovaScotia,4,0,0.0,-8.65,-1.35,5,0.09,10.0,USD,Stocks
BarrickGold,Stocks\Canada\BarrickGold,4,0,0.0,-8.65,-1.35,5,0.2,10.0,USD,Stocks
BauschHealth,Stocks\Canada\BauschHealth,4,0,0.0,-8.65,-1.35,5,1.4,10.0,USD,Stocks
Brookfield,Stocks\Canada\Brookfield,4,0,0.0,-8.65,-1.35,5,0.2,10.0,USD,Stocks
CanadianImperialBank,Stocks\Canada\CanadianImperialBank,4,0,0.0,-8.65,-1.35,5,0.08,10.0,USD,Stocks
CanadianNationalRailway,Stocks\Canada\CanadianNationalRailway,4,0,0.0,-8.65,-1.35,5,0.07,10.0,USD,Stocks
CanadianNaturalResources,Stocks\Canada\CanadianNaturalResources,4,0,0.0,-8.65,-1.35,5,0.2,10.0,USD,Stocks
CanadianPacificRailway,Stocks\Canada\CanadianPacificRailway,4,0,0.0,-8.65,-1.35,5,0.09,10.0,USD,Stocks
Canopy,Stocks\Canada\Canopy,4,0,0.0,-8.65,-1.35,5,8.0,10.0,USD,Stocks
Cronos,Stocks\Canada\Cronos,4,0,0.0,-8.65,-1.35,5,2.5,10.0,USD,Stocks
Enbridge,Stocks\Canada\Enbridge,4,0,0.0,-8.65,-1.35,5,0.2,10.0,USD,Stocks
Franco-Nevada,Stocks\Canada\Franco-Nevada,4,430,257.71,-8.65,-1.35,5,0.04,10.0,USD,Stocks
KinrossGold,Stocks\Canada\KinrossGold,4,0,0.0,-8.65,-1.35,5,0.3,10.0,USD,Stocks
MagnaInternational,Stocks\Canada\MagnaInternational,4,0,0.0,-8.65,-1.35,5,0.13,10.0,USD,Stocks
Manulife,Stocks\Canada\Manulife,4,0,0.0,-8.65,-1.35,5,0.2,10.0,USD,Stocks
Nutrien,Stocks\Canada\Nutrien,4,0,0.0,-8.65,-1.35,5,0.12,10.0,USD,Stocks
PembinaPipeline,Stocks\Canada\PembinaPipeline,4,0,0.0,-8.65,-1.35,5,0.2,10.0,USD,Stocks
RBC,Stocks\Canada\RBC,4,0,0.0,-8.65,-1.35,5,0.05,10.0,USD,Stocks
RestaurantBrands,Stocks\Canada\RestaurantBrands,4,0,0.0,-8.65,-1.35,5,0.11,10.0,USD,Stocks
RogersCommunications,Stocks\Canada\RogersCommunications,4,0,0.0,-8.65,-1.35,5,0.3,10.0,USD,Stocks
SandstormGold,Stocks\Canada\SandstormGold,0,0,0.0,-8.65,-1.35,5,0.6,10.0,USD,Stocks
SunLife,Stocks\Canada\SunLife,4,0,0.0,-8.65,-1.35,5,0.11,10.0,USD,Stocks
SuncorEnergy,Stocks\Canada\SuncorEnergy,4,0,0.0,-8.65,-1.35,5,0.13,10.0,USD,Stocks
TCEnergy,Stocks\Canada\TCEnergy,4,0,0.0,-8.65,-1.35,5,0.14,10.0,USD,Stocks
TeckResources,Stocks\Canada\TeckResources,4,0,0.0,-8.65,-1.35,5,0.12,10.0,USD,Stocks
Telus,Stocks\Canada\Telus,4,0,0.0,-8.65,-1.35,5,0.9,10.0,USD,Stocks
ThomsonReuters,Stocks\Canada\ThomsonReuters,4,0,0.0,-8.65,-1.35,5,0.08,10.0,USD,Stocks
Toronto-Dominion,Stocks\Canada\Toronto-Dominion,4,0,0.0,-8.65,-1.35,5,0.07,10.0,USD,Stocks
WasteConnections,Stocks\Canada\WasteConnections,4,0,0.0,-8.65,-1.35,5,0.05,10.0,USD,Stocks
WheatonPreciousMetals,Stocks\Canada\WheatonPreciousMetals,4,0,0.0,-8.65,-1.35,5,0.06,10.0,USD,Stocks
AirProductsAndChemicals,Stocks\US\AirProductsAndChemicals,4,0,0.0,-8.65,-1.35,5,0.03,10.0,USD,Stocks
AlignTechnology,Stocks\US\AlignTechnology,4,0,0.0,-8.65,-1.35,5,0.06,10.0,USD,Stocks
Aon,Stocks\US\Aon,4,0,0.0,-8.65,-1.35,5,0.03,10.0,USD,Stocks
Atlassian,Stocks\US\Atlassian,4,0,0.0,-8.65,-1.35,5,0.05,10.0,USD,Stocks
BectonDickinson,Stocks\US\BectonDickinson,4,0,0.0,-8.65,-1.35,5,0.05,10.0,USD,Stocks
BeyondMeat,Stocks\US\BeyondMeat,4,0,0.0,-8.65,-1.35,5,0.6,10.0,USD,Stocks
Booking,Stocks\US\Booking,4,0,0.0,-8.65,-1.35,5,0.05,10.0,USD,Stocks
Credicorp,Stocks\US\Credicorp,4,0,0.0,-8.65,-1.35,5,0.03,10.0,USD,Stocks
Crowdstrike,Stocks\US\Crowdstrike,4,0,0.0,-8.65,-1.35,5,0.04,10.0,USD,Stocks
Cummins,Stocks\US\Cummins,4,0,0.0,-8.65,-1.35,5,0.02,10.0,USD,Stocks
Dell,Stocks\US\Dell,4,0,0.0,-8.65,-1.35,5,0.02,10.0,USD,Stocks
DexCom,Stocks\US\DexCom,4,0,0.0,-8.65,-1.35,5,0.1,10.0,USD,Stocks
Diamondback,Stocks\US\Diamondback,4,0,0.0,-8.65,-1.35,5,0.05,10.0,USD,Stocks
Dow,Stocks\US\Dow,4,0,0.0,-8.65,-1.35,5,0.3,10.0,USD,Stocks
Ecolab,Stocks\US\Ecolab,4,0,0.0,-8.65,-1.35,5,0.03,10.0,USD,Stocks
Enphase,Stocks\US\Enphase,4,0,0.0,-8.65,-1.35,5,0.3,10.0,USD,Stocks
Entergy,Stocks\US\Entergy,4,0,0.0,-8.65,-1.35,5,0.08,10.0,USD,Stocks
Equinix,Stocks\US\Equinix,4,0,0.0,-8.65,-1.35,5,0.02,10.0,USD,Stocks
EssexProperty,Stocks\US\EssexProperty,4,0,0.0,-8.65,-1.35,5,0.03,10.0,USD,Stocks
EsteeLauder,Stocks\US\EsteeLauder,4,0,0.0,-8.65,-1.35,5,0.08,10.0,USD,Stocks
Evergy,Stocks\US\Evergy,4,0,0.0,-8.65,-1.35,5,0.11,10.0,USD,Stocks
Fidelity,Stocks\US\Fidelity,4,0,0.0,-8.65,-1.35,5,0.2,10.0,USD,Stocks
Fleetcor,Stocks\US\Fleetcor,4,0,0.0,-8.65,-1.35,5,0.03,10.0,USD,Stocks
Garmin,Stocks\US\Garmin,4,0,0.0,-8.65,-1.35,5,0.03,10.0,USD,Stocks
Generac,Stocks\US\Generac,4,0,0.0,-8.65,-1.35,5,0.05,10.0,USD,Stocks
GlobalPayments,Stocks\US\GlobalPayments,4,0,0.0,-8.65,-1.35,5,0.09,10.0,USD,Stocks
HCA,Stocks\US\HCA,4,0,0.0,-8.65,-1.35,5,0.02,10.0,USD,Stocks
IAC,Stocks\US\IAC,4,0,0.0,-8.65,-1.35,5,0.3,10.0,USD,Stocks
IllinoisToolWorks,Stocks\US\IllinoisToolWorks,4,0,0.0,-8.65,-1.35,5,0.03,10.0,USD,Stocks
IngersollRand,Stocks\US\IngersollRand,4,85,70.95,-8.65,-1.35,5,0.11,10.0,USD,Stocks
L3Harris,Stocks\US\L3Harris,4,0,0.0,-8.65,-1.35,5,0.04,10.0,USD,Stocks
Lyft,Stocks\US\Lyft,4,0,0.0,-8.65,-1.35,5,0.5,10.0,USD,Stocks
McKesson,Stocks\US\McKesson,4,0,0.0,-8.65,-1.35,5,0.02,10.0,USD,Stocks
NovoNordisk,Stocks\US\NovoNordisk,4,0,0.0,-8.65,-1.35,5,0.2,10.0,USD,Stocks
Paycom,Stocks\US\Paycom,4,0,0.0,-8.65,-1.35,5,0.04,10.0,USD,Stocks
Pinduoduo,Stocks\US\Pinduoduo,4,0,0.0,-8.65,-1.35,5,0.1,10.0,USD,Stocks
Pinterest,Stocks\US\Pinterest,4,0,0.0,-8.65,-1.35,5,0.4,10.0,USD,Stocks
Roku,Stocks\US\Roku,4,0,0.0,-8.65,-1.35,5,0.06,10.0,USD,Stocks
RoyalCaribbeanCruises,Stocks\US\RoyalCaribbeanCruises,4,0,0.0,-8.65,-1.35,5,0.03,10.0,USD,Stocks
Ryanair,Stocks\US\Ryanair,4,0,0.0,-8.65,-1.35,5,0.15,10.0,USD,Stocks
S&P,Stocks\US\S&P,4,0,0.0,-8.65,-1.35,5,0.02,10.0,USD,Stocks
ServiceNow,Stocks\US\ServiceNow,4,0,0.0,-8.65,-1.35,5,0.07,10.0,USD,Stocks
SherwinWilliams,Stocks\US\SherwinWilliams,4,0,0.0,-8.65,-1.35,5,0.03,10.0,USD,Stocks
Shopify,Stocks\Canada\Shopify,4,0,0.0,-8.65,-1.35,5,0.06,10.0,USD,Stocks
SimonProperty,Stocks\US\SimonProperty,4,0,0.0,-8.65,-1.35,5,0.04,10.0,USD,Stocks
Sony,Stocks\US\Sony,4,0,0.0,-8.65,-1.35,5,0.4,10.0,USD,Stocks
Spotify,Stocks\US\Spotify,4,0,0.0,-8.65,-1.35,5,0.02,10.0,USD,Stocks
Stryker,Stocks\US\Stryker,4,0,0.0,-8.65,-1.35,5,0.03,10.0,USD,Stocks
TALEducation,Stocks\US\TALEducation,4,0,0.0,-8.65,-1.35,5,0.7,10.0,USD,Stocks
ThermoFisher,Stocks\US\ThermoFisher,4,0,0.0,-8.65,-1.35,5,0.02,10.0,USD,Stocks
TradeDesk,Stocks\US\TradeDesk,4,0,0.0,-8.65,-1.35,5,0.7,10.0,USD,Stocks
TransDigm,Stocks\US\TransDigm,4,0,0.0,-8.65,-1.35,5,0.02,10.0,USD,Stocks
Twilio,Stocks\US\Twilio,4,0,0.0,-8.65,-1.35,5,0.04,10.0,USD,Stocks
Uber,Stocks\US\Uber,4,65,70.69,-8.65,-1.35,5,0.12,10.0,USD,Stocks
VirginGalactic,Stocks\US\VirginGalactic,4,0,0.0,-8.65,-1.35,5,2.9,10.0,USD,Stocks
Vulcan,Stocks\US\Vulcan,4,0,0.0,-8.65,-1.35,5,0.04,10.0,USD,Stocks
W.R.Berkley,Stocks\US\W.R.Berkley,4,0,0.0,-8.65,-1.35,5,0.13,10.0,USD,Stocks
WABTEC,Stocks\US\WABTEC,4,0,0.0,-8.65,-1.35,5,0.03,10.0,USD,Stocks
WWGrainger,Stocks\US\WWGrainger,4,0,0.0,-8.65,-1.35,5,0.02,10.0,USD,Stocks
Waters,Stocks\US\Waters,4,0,0.0,-8.65,-1.35,5,0.03,10.0,USD,Stocks
Westrock,Stocks\US\Westrock,0,0,0.0,-8.65,-1.35,5,0.2,10.0,USD,Stocks
WillisTowersWatson,Stocks\US\WillisTowersWatson,4,0,0.0,-8.65,-1.35,5,0.03,10.0,USD,Stocks
Workday,Stocks\US\Workday,4,0,0.0,-8.65,-1.35,5,0.05,10.0,USD,Stocks
Xylem,Stocks\US\Xylem,4,0,0.0,-8.65,-1.35,5,0.08,10.0,USD,Stocks
Zebra,Stocks\US\Zebra,4,0,0.0,-8.65,-1.35,5,0.03,10.0,USD,Stocks
Zimmer,Stocks\US\Zimmer,4,0,0.0,-8.65,-1.35,5,0.09,10.0,USD,Stocks
ZoomVideo,Stocks\US\ZoomVideo,4,0,0.0,-8.65,-1.35,5,0.09,10.0,USD,Stocks
AMETEK,Stocks\US\AMETEK,4,0,0.0,-8.65,-1.35,5,0.04,10.0,USD,Stocks
ANSYS,Stocks\US\ANSYS,0,0,0.0,-8.65,-1.35,5,0.02,10.0,USD,Stocks
AOSmith,Stocks\US\AOSmith,4,0,0.0,-8.65,-1.35,5,0.14,10.0,USD,Stocks
AdvanceAutoParts,Stocks\US\AdvanceAutoParts,4,0,0.0,-8.65,-1.35,5,0.2,10.0,USD,Stocks
AlaskaAir,Stocks\US\AlaskaAir,4,0,0.0,-8.65,-1.35,5,0.2,10.0,USD,Stocks
Allegion,Stocks\US\Allegion,4,0,0.0,-8.65,-1.35,5,0.06,10.0,USD,Stocks
Alliance,Stocks\US\Alliance,4,0,0.0,-8.65,-1.35,5,0.08,10.0,USD,Stocks
AmericanWaterWorks,Stocks\US\AmericanWaterWorks,4,0,0.0,-8.65,-1.35,5,0.06,10.0,USD,Stocks
Ameriprise,Stocks\US\Ameriprise,4,0,0.0,-8.65,-1.35,5,0.02,10.0,USD,Stocks
Amphenol,Stocks\US\Amphenol,4,0,0.0,-8.65,-1.35,5,0.11,10.0,USD,Stocks
Aptiv,Stocks\US\Aptiv,4,0,0.0,-8.65,-1.35,5,0.2,10.0,USD,Stocks
Arista,Stocks\US\Arista,4,0,0.0,-8.65,-1.35,5,0.05,10.0,USD,Stocks
ArthurJGallagher,Stocks\US\ArthurJGallagher,4,0,0.0,-8.65,-1.35,5,0.04,10.0,USD,Stocks
Assurant,Stocks\US\Assurant,4,0,0.0,-8.65,-1.35,5,0.03,10.0,USD,Stocks
AtmosEnergy,Stocks\US\AtmosEnergy,4,0,0.0,-8.65,-1.35,5,0.05,10.0,USD,Stocks
AveryDennison,Stocks\US\AveryDennison,4,0,0.0,-8.65,-1.35,5,0.05,10.0,USD,Stocks
BorgWarner,Stocks\US\BorgWarner,4,0,0.0,-8.65,-1.35,5,0.13,10.0,USD,Stocks
Broadridge,Stocks\US\Broadridge,4,0,0.0,-8.65,-1.35,5,0.05,10.0,USD,Stocks
CDW,Stocks\US\CDW,4,0,0.0,-8.65,-1.35,5,0.06,10.0,USD,Stocks
Carmax,Stocks\US\Carmax,4,0,0.0,-8.65,-1.35,5,0.14,10.0,USD,Stocks
Carrier,Stocks\US\Carrier,4,0,0.0,-8.65,-1.35,5,0.14,10.0,USD,Stocks
Cboe,Stocks\US\Cboe,4,0,0.0,-8.65,-1.35,5,0.03,10.0,USD,Stocks
Celanese,Stocks\US\Celanese,4,0,0.0,-8.65,-1.35,5,0.2,10.0,USD,Stocks
Church&Dwight,Stocks\US\Church&Dwight,4,0,0.0,-8.65,-1.35,5,0.09,10.0,USD,Stocks
CincinnatiFinancial,Stocks\US\CincinnatiFinancial,4,0,0.0,-8.65,-1.35,5,0.05,10.0,USD,Stocks
CitizensFinancial,Stocks\US\CitizensFinancial,4,0,0.0,-8.65,-1.35,5,0.12,10.0,USD,Stocks
Clorox,Stocks\US\Clorox,4,0,0.0,-8.65,-1.35,5,0.09,10.0,USD,Stocks
CoStar,Stocks\US\CoStar,4,0,0.0,-8.65,-1.35,5,0.3,10.0,USD,Stocks
Cooper,Stocks\US\Cooper,4,0,0.0,-8.65,-1.35,5,0.12,10.0,USD,Stocks
Copart,Stocks\US\Copart,4,0,0.0,-8.65,-1.35,5,0.3,10.0,USD,Stocks
Corteva,Stocks\US\Corteva,4,0,0.0,-8.65,-1.35,5,0.1,10.0,USD,Stocks
DaVita,Stocks\US\DaVita,4,0,0.0,-8.65,-1.35,5,0.05,10.0,USD,Stocks
DardenRestaurants,Stocks\US\DardenRestaurants,4,0,0.0,-8.65,-1.35,5,0.04,10.0,USD,Stocks
Dover,Stocks\US\Dover,4,0,0.0,-8.65,-1.35,5,0.05,10.0,USD,Stocks
EastmanChemical,Stocks\US\EastmanChemical,4,0,0.0,-8.65,-1.35,5,0.12,10.0,USD,Stocks
Equifax,Stocks\US\Equifax,4,0,0.0,-8.65,-1.35,5,0.05,10.0,USD,Stocks
EverestRe,Stocks\US\EverestRe,4,0,0.0,-8.65,-1.35,5,0.03,10.0,USD,Stocks
Eversource,Stocks\US\Eversource,4,0,0.0,-8.65,-1.35,5,0.12,10.0,USD,Stocks
F5Networks,Stocks\US\F5Networks,4,0,0.0,-8.65,-1.35,5,0.03,10.0,USD,Stocks
FMC,Stocks\US\FMC,4,0,0.0,-8.65,-1.35,5,0.8,10.0,USD,Stocks
Flowserve,Stocks\US\Flowserve,4,0,0.0,-8.65,-1.35,5,0.11,10.0,USD,Stocks
Fortive,Stocks\US\Fortive,4,0,0.0,-8.65,-1.35,5,0.14,10.0,USD,Stocks
FortuneBrands,Stocks\US\FortuneBrands,4,0,0.0,-8.65,-1.35,5,0.2,10.0,USD,Stocks
Fox,Stocks\US\Fox,4,0,0.0,-8.65,-1.35,5,0.13,10.0,USD,Stocks
Gartner,Stocks\US\Gartner,4,0,0.0,-8.65,-1.35,5,0.05,10.0,USD,Stocks
GenuineParts,Stocks\US\GenuineParts,4,0,0.0,-8.65,-1.35,5,0.07,10.0,USD,Stocks
GlobeLife,Stocks\US\GlobeLife,4,0,0.0,-8.65,-1.35,5,0.05,10.0,USD,Stocks
HelmerichAndPayne,Stocks\US\HelmerichAndPayne,4,0,0.0,-8.65,-1.35,5,0.2,10.0,USD,Stocks
HowmetAerospace,Stocks\US\HowmetAerospace,4,0,0.0,-8.65,-1.35,5,0.04,10.0,USD,Stocks
HuntingtonIngalls,Stocks\US\HuntingtonIngalls,4,0,0.0,-8.65,-1.35,5,0.03,10.0,USD,Stocks
IDEX,Stocks\US\IDEX,4,0,0.0,-8.65,-1.35,5,0.04,10.0,USD,Stocks
IPGPhotonics,Stocks\US\IPGPhotonics,4,0,0.0,-8.65,-1.35,5,0.11,10.0,USD,Stocks
IQVIA,Stocks\US\IQVIA,4,0,0.0,-8.65,-1.35,5,0.04,10.0,USD,Stocks
InternationalFlavors,Stocks\US\InternationalFlavors,4,0,0.0,-8.65,-1.35,5,0.1,10.0,USD,Stocks
JackHenry,Stocks\US\JackHenry,4,0,0.0,-8.65,-1.35,5,0.05,10.0,USD,Stocks
JacobsEngineering,Stocks\US\JacobsEngineering,4,0,0.0,-8.65,-1.35,5,0.06,10.0,USD,Stocks
KeysightTechnologies,Stocks\US\KeysightTechnologies,4,0,0.0,-8.65,-1.35,5,0.03,10.0,USD,Stocks
LaboratoryCorporation,Stocks\US\LaboratoryCorporation,4,0,0.0,-8.65,-1.35,5,0.03,10.0,USD,Stocks
LambWeston,Stocks\US\LambWeston,4,0,0.0,-8.65,-1.35,5,0.15,10.0,USD,Stocks
Leggett&Platt,Stocks\US\Leggett&Platt,0,0,0.0,-8.65,-1.35,5,0.9,10.0,USD,Stocks
Leidos,Stocks\US\Leidos,4,0,0.0,-8.65,-1.35,5,0.06,10.0,USD,Stocks
LincolnNational,Stocks\US\LincolnNational,4,0,0.0,-8.65,-1.35,5,0.2,10.0,USD,Stocks
LiveNation,Stocks\US\LiveNation,4,0,0.0,-8.65,-1.35,5,0.05,10.0,USD,Stocks
M&T,Stocks\US\M&T,4,0,0.0,-8.65,-1.35,5,0.04,10.0,USD,Stocks
Marketaxess,Stocks\US\Marketaxess,4,0,0.0,-8.65,-1.35,5,0.06,10.0,USD,Stocks
MartinMarietta,Stocks\US\MartinMarietta,4,0,0.0,-8.65,-1.35,5,0.02,10.0,USD,Stocks
McCormick,Stocks\US\McCormick,4,0,0.0,-8.65,-1.35,5,0.15,10.0,USD,Stocks
Mettler-Toledo,Stocks\US\Mettler-Toledo,4,0,0.0,-8.65,-1.35,5,0.02,10.0,USD,Stocks
Mohawk,Stocks\US\Mohawk,4,0,0.0,-8.65,-1.35,5,0.07,10.0,USD,Stocks
MolsonCoors,Stocks\US\MolsonCoors,4,0,0.0,-8.65,-1.35,5,0.2,10.0,USD,Stocks
NVR,Stocks\US\NVR,4,0,0.0,-8.65,-1.35,5,0.01,10.0,USD,Stocks
OldDominion,Stocks\US\OldDominion,4,0,0.0,-8.65,-1.35,5,0.05,10.0,USD,Stocks
Otis,Stocks\US\Otis,4,0,0.0,-8.65,-1.35,5,0.12,10.0,USD,Stocks
PPG,Stocks\US\PPG,4,0,0.0,-8.65,-1.35,5,0.08,10.0,USD,Stocks
PVH,Stocks\US\PVH,4,0,0.0,-8.65,-1.35,5,0.11,10.0,USD,Stocks
PackagingCorpofAmerica,Stocks\US\PackagingCorpofAmerica,4,0,0.0,-8.65,-1.35,5,0.04,10.0,USD,Stocks
Parker-Hannifin,Stocks\US\Parker-Hannifin,4,0,0.0,-8.65,-1.35,5,0.02,10.0,USD,Stocks
Pentair,Stocks\US\Pentair,4,0,0.0,-8.65,-1.35,5,0.14,10.0,USD,Stocks
PerkinElmer,Stocks\US\PerkinElmer,4,0,0.0,-8.65,-1.35,5,0.07,10.0,USD,Stocks
Pinnacle,Stocks\US\Pinnacle,4,0,0.0,-8.65,-1.35,5,0.09,10.0,USD,Stocks
Pioneer,Stocks\US\Pioneer,0,0,0.0,-8.65,-1.35,5,0.04,10.0,USD,Stocks
Quanta,Stocks\US\Quanta,4,0,0.0,-8.65,-1.35,5,0.02,10.0,USD,Stocks
RaymondJames,Stocks\US\RaymondJames,4,0,0.0,-8.65,-1.35,5,0.05,10.0,USD,Stocks
RepublicServices,Stocks\US\RepublicServices,4,0,0.0,-8.65,-1.35,5,0.04,10.0,USD,Stocks
Resmed,Stocks\US\Resmed,4,0,0.0,-8.65,-1.35,5,0.04,10.0,USD,Stocks
Rollins,Stocks\US\Rollins,4,0,0.0,-8.65,-1.35,5,0.3,10.0,USD,Stocks
Roper,Stocks\US\Roper,4,0,0.0,-8.65,-1.35,5,0.02,10.0,USD,Stocks
SeattleGenetics,Stocks\US\SeattleGenetics,0,0,0.0,-8.65,-1.35,5,0.05,10.0,USD,Stocks
Snap-On,Stocks\US\Snap-On,4,0,0.0,-8.65,-1.35,5,0.03,10.0,USD,Stocks
Steris,Stocks\US\Steris,4,0,0.0,-8.65,-1.35,5,0.04,10.0,USD,Stocks
Synopsys,Stocks\US\Synopsys,4,0,0.0,-8.65,-1.35,5,0.02,10.0,USD,Stocks
TEConnectivity,Stocks\US\TEConnectivity,4,0,0.0,-8.65,-1.35,5,0.05,10.0,USD,Stocks
Teleflex,Stocks\US\Teleflex,4,0,0.0,-8.65,-1.35,5,0.06,10.0,USD,Stocks
Textron,Stocks\US\Textron,4,0,0.0,-8.65,-1.35,5,0.1,10.0,USD,Stocks
Trane,Stocks\US\Trane,4,0,0.0,-8.65,-1.35,5,0.02,10.0,USD,Stocks
UnitedRentals,Stocks\US\UnitedRentals,4,0,0.0,-8.65,-1.35,5,0.02,10.0,USD,Stocks
UniversalHealth,Stocks\US\UniversalHealth,4,0,0.0,-8.65,-1.35,5,0.05,10.0,USD,Stocks
Unum,Stocks\US\Unum,4,0,0.0,-8.65,-1.35,5,0.09,10.0,USD,Stocks
Viatris,Stocks\US\Viatris,4,0,0.0,-8.65,-1.35,5,0.6,10.0,USD,Stocks
Stellantis,Stocks\EU\Italy\Stellantis,4,0,0.0,-7.18,-2.82,5,1.9,10.0,EUR,Stocks
LumenTech,Stocks\US\LumenTech,4,0,0.0,-8.65,-1.35,5,1.4,10.0,USD,Stocks
Holcim,Stocks\EU\Switzerland\Holcim,4,0,0.0,-4.96,-5.04,5,0.2,10.0,CHF,Stocks
BRENTCash,Derivatives\Cash\Cash Energies\BRENTCash,4,6,105.14,0.0,0.0,3,0.01,100.0,USD,Derivatives
NGASCash,Derivatives\Cash\Cash Energies\NGASCash,4,21,2.88,0.0,0.0,3,0.01,1000.0,USD,Derivatives
OILCash,Derivatives\Cash\Cash Energies\OILCash,4,5,100.91,0.0,0.0,3,0.01,100.0,USD,Derivatives
CA60Cash,Derivatives\Cash\Cash Indices\CA60Cash,4,134,2104.91,-0.3,-0.04,3,0.1,1.0,CAD,Derivatives
ChinaHCash,Derivatives\Cash\Cash Indices\ChinaHCash,4,520,8162.06,-1.34,-0.03,3,0.1,1.0,HKD,Derivatives
SA40Cash,Derivatives\Cash\Cash Indices\SA40Cash,0,8000,108169.2,-30.31,10.39,3,0.1,1.0,ZAR,Derivatives
US2000Cash,Derivatives\Cash\Cash Indices\US2000Cash,4,100,2880.45,-0.53,0.02,3,0.1,1.0,USD,Derivatives
XAUEUR.,Derivatives\Spot Metals Zero\XAUEUR.,4,33,3757.74,-89.68,10.79,1,0.01,100.0,EUR,Derivatives
Airbnb,Stocks\US\Airbnb,4,141,166.8,-8.65,-1.35,5,0.05,10.0,USD,Stocks
AllyFinancial,Stocks\US\AllyFinancial,4,0,0.0,-8.65,-1.35,5,0.2,10.0,USD,Stocks
Applovin,Stocks\US\Applovin,4,0,0.0,-8.65,-1.35,5,0.03,10.0,USD,Stocks
AresManagement,Stocks\US\AresManagement,4,0,0.0,-8.65,-1.35,5,0.07,10.0,USD,Stocks
Avalonbay,Stocks\US\Avalonbay,0,0,0.0,-8.65,-1.35,5,0.05,10.0,USD,Stocks
Avangrid,Stocks\US\Avangrid,3,0,0.0,-8.73,-1.27,5,0.2,10.0,USD,Stocks
Avantor,Stocks\US\Avantor,4,0,0.0,-8.65,-1.35,5,0.6,10.0,USD,Stocks
Bill,Stocks\US\Bill,4,0,0.0,-8.65,-1.35,5,0.2,10.0,USD,Stocks
BioNTech,Stocks\US\BioNTech,4,0,0.0,-8.65,-1.35,5,0.09,10.0,USD,Stocks
Bumble,Stocks\US\Bumble,4,0,0.0,-8.65,-1.35,5,3.1,10.0,USD,Stocks
Catalent,Stocks\US\Catalent,3,0,0.0,-8.73,-1.27,5,0.13,10.0,USD,Stocks
CenovusEnergy,Stocks\US\CenovusEnergy,4,0,0.0,-8.65,-1.35,5,0.3,10.0,USD,Stocks
Cheniere,Stocks\US\Cheniere,4,0,0.0,-8.65,-1.35,5,0.03,10.0,USD,Stocks
Chesapeake,Stocks\US\Chesapeake,4,0,0.0,-8.65,-1.35,5,0.09,10.0,USD,Stocks
Chewy,Stocks\US\Chewy,4,0,0.0,-8.65,-1.35,5,0.4,10.0,USD,Stocks
Cloudflare,Stocks\US\Cloudflare,4,0,0.0,-8.65,-1.35,5,0.03,10.0,USD,Stocks
Coinbase,Stocks\US\Coinbase,4,0,0.0,-8.65,-1.35,5,0.05,10.0,USD,Stocks
Crown,Stocks\US\Crown,4,0,0.0,-8.65,-1.35,5,0.07,10.0,USD,Stocks
Datadog,Stocks\US\Datadog,4,0,0.0,-8.65,-1.35,5,0.04,10.0,USD,Stocks
DoorDash,Stocks\US\DoorDash,4,0,0.0,-8.65,-1.35,5,0.04,10.0,USD,Stocks
DraftKings,Stocks\US\DraftKings,4,0,0.0,-8.65,-1.35,5,0.4,10.0,USD,Stocks
ETSY,Stocks\US\ETSY,4,0,0.0,-8.65,-1.35,5,0.1,10.0,USD,Stocks
Epam,Stocks\US\Epam,4,0,0.0,-8.65,-1.35,5,0.08,10.0,USD,Stocks
ExtraSpace,Stocks\US\ExtraSpace,4,0,0.0,-8.65,-1.35,5,0.06,10.0,USD,Stocks
FirstSolar,Stocks\US\FirstSolar,4,254,189.96,-8.65,-1.35,5,0.05,10.0,USD,Stocks
FiveBelow,Stocks\US\FiveBelow,4,0,0.0,-8.65,-1.35,5,0.04,10.0,USD,Stocks
Globalfoundries,Stocks\US\Globalfoundries,4,0,0.0,-8.65,-1.35,5,0.2,10.0,USD,Stocks
GoDaddy,Stocks\US\GoDaddy,4,0,0.0,-8.65,-1.35,5,0.09,10.0,USD,Stocks
HubSpot,Stocks\US\HubSpot,4,0,0.0,-8.65,-1.35,5,0.04,10.0,USD,Stocks
Invitation,Stocks\US\Invitation,4,0,0.0,-8.65,-1.35,5,0.3,10.0,USD,Stocks
KKR&Co,Stocks\US\KKR&Co,4,0,0.0,-8.65,-1.35,5,0.08,10.0,USD,Stocks
KeurigDrPepper,Stocks\US\KeurigDrPepper,4,0,0.0,-8.65,-1.35,5,0.3,10.0,USD,Stocks
LiAuto,Stocks\US\LiAuto,4,0,0.0,-8.65,-1.35,5,0.7,10.0,USD,Stocks
LithiaMotors,Stocks\US\LithiaMotors,4,0,0.0,-8.65,-1.35,5,0.03,10.0,USD,Stocks
LucidGroup,Stocks\US\LucidGroup,4,0,0.0,-8.65,-1.35,5,0.9,10.0,USD,Stocks
MPLX,Stocks\US\MPLX,4,0,0.0,-8.65,-1.35,5,0.14,10.0,USD,Stocks
Markel,Stocks\US\Markel,4,0,0.0,-8.65,-1.35,5,0.02,10.0,USD,Stocks
Moderna,Stocks\US\Moderna,4,0,0.0,-8.65,-1.35,5,0.06,10.0,USD,Stocks
Molina,Stocks\US\Molina,4,0,0.0,-8.65,-1.35,5,0.05,10.0,USD,Stocks
NIO,Stocks\US\NIO,4,0,0.0,-8.65,-1.35,5,1.9,10.0,USD,Stocks
Novavax,Stocks\US\Novavax,4,0,0.0,-8.65,-1.35,5,0.9,10.0,USD,Stocks
Okta,Stocks\US\Okta,4,0,0.0,-8.65,-1.35,5,0.05,10.0,USD,Stocks
Ovintiv,Stocks\US\Ovintiv,4,0,0.0,-8.65,-1.35,5,0.13,10.0,USD,Stocks
Palantir,Stocks\US\Palantir,4,0,0.0,-8.65,-1.35,5,0.04,10.0,USD,Stocks
PaloAltoNetworks,Stocks\US\PaloAltoNetworks,4,0,0.0,-8.65,-1.35,5,0.03,10.0,USD,Stocks
Peloton,Stocks\US\Peloton,4,0,0.0,-8.65,-1.35,5,1.6,10.0,USD,Stocks
PlugPower,Stocks\US\PlugPower,4,0,0.0,-8.65,-1.35,5,3.8,10.0,USD,Stocks
PureStorage,Stocks\US\PureStorage,4,0,0.0,-8.65,-1.35,5,0.09,10.0,USD,Stocks
RealtyIncome,Stocks\US\RealtyIncome,4,0,0.0,-8.65,-1.35,5,0.14,10.0,USD,Stocks
Rivian,Stocks\US\Rivian,4,0,0.0,-8.65,-1.35,5,0.6,10.0,USD,Stocks
Robinhood,Stocks\US\Robinhood,4,0,0.0,-8.65,-1.35,5,0.07,10.0,USD,Stocks
Roblox,Stocks\US\Roblox,4,0,0.0,-8.65,-1.35,5,0.2,10.0,USD,Stocks
RoyaltyPharma,Stocks\US\RoyaltyPharma,4,0,0.0,-8.65,-1.35,5,0.14,10.0,USD,Stocks
SBA,Stocks\US\SBA,4,0,0.0,-8.65,-1.35,5,0.05,10.0,USD,Stocks
Snowflake,Stocks\US\Snowflake,4,0,0.0,-8.65,-1.35,5,0.03,10.0,USD,Stocks
SoFiTechnologies,Stocks\US\SoFiTechnologies,4,0,0.0,-8.65,-1.35,5,0.5,10.0,USD,Stocks
SouthernCopper,Stocks\US\SouthernCopper,4,0,0.0,-8.65,-1.35,5,0.04,10.0,USD,Stocks
StoneCo,Stocks\US\StoneCo,4,0,0.0,-8.65,-1.35,5,0.9,10.0,USD,Stocks
Teledyne,Stocks\US\Teledyne,4,0,0.0,-8.65,-1.35,5,0.02,10.0,USD,Stocks
Trimble,Stocks\US\Trimble,4,0,0.0,-8.65,-1.35,5,0.14,10.0,USD,Stocks
UiPath,Stocks\US\UiPath,4,0,0.0,-8.65,-1.35,5,0.5,10.0,USD,Stocks
UnitedTherapeutics,Stocks\US\UnitedTherapeutics,4,0,0.0,-8.65,-1.35,5,0.02,10.0,USD,Stocks
UnitySoftware,Stocks\US\UnitySoftware,4,0,0.0,-8.65,-1.35,5,0.2,10.0,USD,Stocks
UpstartHoldings,Stocks\US\UpstartHoldings,4,0,0.0,-8.65,-1.35,5,0.3,10.0,USD,Stocks
VICI,Stocks\US\VICI,4,0,0.0,-8.65,-1.35,5,0.4,10.0,USD,Stocks
VMware,Stocks\US\VMware,0,0,0.0,-8.73,-1.27,5,0.06,10.0,USD,Stocks
Veeva,Stocks\US\Veeva,4,0,0.0,-8.65,-1.35,5,0.03,10.0,USD,Stocks
Watsco,Stocks\US\Watsco,4,0,0.0,-8.65,-1.35,5,0.03,10.0,USD,Stocks
WestPharmaceutical,Stocks\US\WestPharmaceutical,4,0,0.0,-8.65,-1.35,5,0.03,10.0,USD,Stocks
XpInc,Stocks\US\XpInc,4,0,0.0,-8.65,-1.35,5,0.5,10.0,USD,Stocks
Xpeng,Stocks\US\Xpeng,4,0,0.0,-8.65,-1.35,5,0.8,10.0,USD,Stocks
ZillowGroup,Stocks\US\ZillowGroup,4,0,0.0,-8.65,-1.35,5,0.3,10.0,USD,Stocks
Zscaler,Stocks\US\Zscaler,4,0,0.0,-8.65,-1.35,5,0.05,10.0,USD,Stocks
Arch Capital,Stocks\US\Arch Capital,4,0,0.0,-8.65,-1.35,5,0.09,10.0,USD,Stocks
Arm Holdings,Stocks\US\Arm Holdings,4,0,0.0,-8.65,-1.35,5,0.04,10.0,USD,Stocks
Daimler Truck,Stocks\EU\Germany\Daimler Truck,4,0,0.0,-7.18,-2.82,5,0.2,10.0,EUR,Stocks
Digital Realty,Stocks\US\Digital Realty,4,0,0.0,-8.65,-1.35,5,0.05,10.0,USD,Stocks
GerMid50Cash,Derivatives\Cash\Cash Indices\GerMid50Cash,4,4000,31257.5,-4.57,-0.27,3,0.01,1.0,EUR,Derivatives
GerTech30Cash,Derivatives\Cash\Cash Indices\GerTech30Cash,4,4200,3969.0,-0.57,-0.03,3,0.05,1.0,EUR,Derivatives
Haleon,Stocks\EU\UK\Haleon,4,0,0.0,-8.73,-1.27,5,0.2,100.0,GBP,Stocks
Kenvue,Stocks\US\Kenvue,4,0,0.0,-8.65,-1.35,5,0.5,10.0,USD,Stocks
Monolithic Power,Stocks\US\Monolithic Power,4,0,0.0,-8.65,-1.35,5,0.02,10.0,USD,Stocks
Nu Holdings,Stocks\Brazil\Nu Holdings,4,0,0.0,-8.65,-1.35,5,0.6,10.0,USD,Stocks
Reddit,Stocks\US\Reddit,4,0,0.0,-8.65,-1.35,5,0.06,10.0,USD,Stocks
Sea,Stocks\US\Sea,4,0,0.0,-8.65,-1.35,5,0.07,10.0,USD,Stocks
Super Micro Computer,Stocks\US\Super Micro Computer,4,0,0.0,-8.65,-1.35,5,0.3,10.0,USD,Stocks
XPDUSD.,Derivatives\Spot Metals Zero\XPDUSD.,4,495,1287.67,0.0,0.0,1,0.1,10.0,USD,Derivatives
XPTUSD.,Derivatives\Spot Metals Zero\XPTUSD.,4,405,1778.71,0.0,0.0,1,0.1,10.0,USD,Derivatives
USDCNH.,Forex\XMZero\Exotics\USDCNH.,4,29,6.7044,-1.45,-10.66,1,0.01,100000.0,CNH,Forex
Prosus NV,Stocks\EU\Netherlands\Prosus NV,4,0,0.0,-7.18,-2.82,5,0.3,10.0,EUR,Stocks
On Holding,Stocks\US\On Holding,4,0,0.0,-8.65,-1.35,5,0.3,10.0,USD,Stocks
SpainCash,Derivatives\Cash\Cash Indices\SpainCash,4,10,19671.0,-2.86,-0.17,3,0.1,1.0,EUR,Derivatives
Sailpoint,Stocks\US\Sailpoint,4,0,0.0,-8.65,-1.35,5,0.5,10.0,USD,Stocks
Figma,Stocks\US\Figma,4,0,0.0,-8.65,-1.35,5,0.3,10.0,USD,Stocks
Firefly Aerospace,Stocks\US\Firefly Aerospace,4,0,0.0,-8.65,-1.35,5,0.4,10.0,USD,Stocks
GAUCNH.,Derivatives\Spot Metals Zero\GAUCNH.,4,16,929.75,-18.15,-1.27,1,0.01,1000.0,CNH,Derivatives
Klarna,Stocks\US\Klarna,4,0,0.0,-8.65,-1.35,5,0.6,10.0,USD,Stocks
NIQ Global Intelligence,Stocks\US\NIQ Global Intelligence,4,0,0.0,-8.65,-1.35,5,0.5,10.0,USD,Stocks
Accelerant Holding,Stocks\US\Accelerant Holding,3,0,0.0,-8.65,-1.35,5,0.5,10.0,USD,Stocks
McGraw Hill,Stocks\US\McGraw Hill,4,0,0.0,-8.65,-1.35,5,0.7,10.0,USD,Stocks
GAUUSD.,Derivatives\Spot Metals Zero\GAUUSD.,4,23,138.649,-27.28,5.98,1,0.01,1000.0,USD,Derivatives
XAUCNH.,Derivatives\Spot Metals Zero\XAUCNH.,4,340,28919.43,-533.16,-39.17,1,0.01,100.0,CNH,Derivatives
XAUJPY.,Derivatives\Spot Metals Zero\XAUJPY.,4,65,671120.0,-135.54,4.21,1,0.01,100.0,JPY,Derivatives
Beta Technologies,Stocks\US\Beta Technologies,4,0,0.0,-8.65,-1.35,5,0.5,10.0,USD,Stocks
Medline,Stocks\US\Medline,4,0,0.0,-8.65,-1.35,5,0.3,10.0,USD,Stocks
BitGo,Stocks\US\BitGo,4,0,0.0,-8.65,-1.35,5,1.2,10.0,USD,Stocks
EquipmentShare,Stocks\US\EquipmentShare,4,0,0.0,-8.65,-1.35,5,0.5,10.0,USD,Stocks
York Space,Stocks\US\York Space,4,0,0.0,-8.65,-1.35,5,1.0,10.0,USD,Stocks
PicPay,Stocks\US\PicPay,4,0,0.0,-9.04,-0.96,5,0.9,10.0,USD,Stocks
Ethos,Stocks\US\Ethos,4,153,38.09,-8.65,-1.35,5,0.2,10.0,USD,Stocks
Forgent,Stocks\US\Forgent,4,0,0.0,-8.65,-1.35,5,0.3,10.0,USD,Stocks
PayPay,Stocks\US\PayPay,4,0,0.0,-8.73,-1.27,5,0.6,10.0,USD,Stocks
UK100-SEP26,Derivatives\Futures\Indices\UK100-SEP26,3,550,10730.3,0.0,0.0,0,0.1,1.0,GBP,Derivatives
US100-SEP26,Derivatives\Futures\Indices\US100-SEP26,4,740,29147.8,0.0,0.0,0,0.1,1.0,USD,Derivatives
SWI20-SEP26,Derivatives\Futures\Indices\SWI20-SEP26,3,780,13968.6,0.0,0.0,0,0.1,1.0,CHF,Derivatives
EU50-SEP26,Derivatives\Futures\Indices\EU50-SEP26,3,340,6302.8,0.0,0.0,0,0.1,1.0,EUR,Derivatives
GER40-SEP26,Derivatives\Futures\Indices\GER40-SEP26,3,575,25688.17,0.0,0.0,0,0.1,1.0,EUR,Derivatives
US30-SEP26,Derivatives\Futures\Indices\US30-SEP26,4,1430,51867.85,0.0,0.0,0,0.1,1.0,USD,Derivatives
US500-SEP26,Derivatives\Futures\Indices\US500-SEP26,4,155,7603.97,0.0,0.0,0,0.1,1.0,USD,Derivatives
PLAT-OCT26,Derivatives\Futures\Precious Metals\PLAT-OCT26,4,450,1787.45,0.0,0.0,0,1.0,10.0,USD,Derivatives
COTTO-DEC26,Derivatives\Futures\Commodities\COTTO-DEC26,4,30,0.8347,0.0,0.0,0,1.0,10000.0,USD,Derivatives
Inter Continental,Stocks\US\Inter Continental,4,0,0.0,-8.73,-1.27,5,0.06,10.0,USD,Stocks
AGI,Stocks\Brazil\AGI,4,0,0.0,-8.73,-1.27,5,1.4,10.0,USD,Stocks
Solv Energy,Stocks\US\Solv Energy,4,105,25.5,-8.73,-1.27,5,0.4,10.0,USD,Stocks
Generate Biomedicines,Stocks\US\Generate Biomedicines,4,0,0.0,-8.73,-1.27,5,0.6,10.0,USD,Stocks
MiniMed,Stocks\US\MiniMed,4,0,0.0,-8.73,-1.27,5,0.4,10.0,USD,Stocks
Janus Living,Stocks\US\Janus Living,4,0,0.0,-8.73,-1.27,5,0.3,10.0,USD,Stocks
HDFC Bank,Stocks\US\HDFC Bank,4,0,0.0,-8.73,-1.27,5,0.4,10.0,USD,Stocks
Dr Reddys,Stocks\US\Dr Reddys,4,0,0.0,-8.73,-1.27,5,0.7,10.0,USD,Stocks
Toyota,Stocks\US\Toyota,4,0,0.0,-8.73,-1.27,5,0.05,10.0,USD,Stocks
Mitsubishi UFJ F,Stocks\US\Mitsubishi UFJ F,4,0,0.0,-8.73,-1.27,5,0.4,10.0,USD,Stocks
Sumitomo,Stocks\US\Sumitomo,4,0,0.0,-8.73,-1.27,5,0.4,10.0,USD,Stocks
Mizuho,Stocks\US\Mizuho,4,0,0.0,-8.73,-1.27,5,0.8,10.0,USD,Stocks
Takeda,Stocks\US\Takeda,4,0,0.0,-8.73,-1.27,5,0.5,10.0,USD,Stocks
Honda,Stocks\US\Honda,4,0,0.0,-8.73,-1.27,5,0.3,10.0,USD,Stocks
ORIX,Stocks\US\ORIX,4,0,0.0,-8.73,-1.27,5,0.3,10.0,USD,Stocks
Tencent,Stocks\US\Tencent,4,0,0.0,-8.73,-1.27,5,1.0,10.0,USD,Stocks
Futu Holdings,Stocks\US\Futu Holdings,4,0,0.0,-8.73,-1.27,5,0.07,10.0,USD,Stocks
KE Holdings,Stocks\US\KE Holdings,4,0,0.0,-8.73,-1.27,5,0.5,10.0,USD,Stocks
Yum China Holdings,Stocks\US\Yum China Holdings,4,0,0.0,-8.73,-1.27,5,0.2,10.0,USD,Stocks
ZTO Express,Stocks\US\ZTO Express,4,0,0.0,-8.73,-1.27,5,0.4,10.0,USD,Stocks
H World,Stocks\US\H World,4,0,0.0,-8.73,-1.27,5,0.2,10.0,USD,Stocks
Bilibili,Stocks\US\Bilibili,4,0,0.0,-8.73,-1.27,5,0.5,10.0,USD,Stocks
New Oriental,Stocks\US\New Oriental,4,0,0.0,-8.73,-1.27,5,0.15,10.0,USD,Stocks
Full Truck Alliance,Stocks\US\Full Truck Alliance,4,0,0.0,-8.73,-1.27,5,1.0,10.0,USD,Stocks
Sabesp,Stocks\Brazil\Sabesp,4,0,0.0,-8.73,-1.27,5,1.7,10.0,USD,Stocks
Suzano,Stocks\Brazil\Suzano,4,0,0.0,-8.73,-1.27,5,1.0,10.0,USD,Stocks
Ultrapar,Stocks\Brazil\Ultrapar,4,0,0.0,-8.73,-1.27,5,1.3,10.0,USD,Stocks
Braskem,Stocks\Brazil\Braskem,4,0,0.0,-8.73,-1.27,5,4.0,10.0,USD,Stocks
YPF,Stocks\US\YPF,4,0,0.0,-8.73,-1.27,5,0.2,10.0,USD,Stocks
LATAM Airlines,Stocks\US\LATAM Airlines,4,0,0.0,-8.73,-1.27,5,0.2,10.0,USD,Stocks
Ecopetrol,Stocks\US\Ecopetrol,4,0,0.0,-8.73,-1.27,5,0.6,10.0,USD,Stocks
America Movil,Stocks\US\America Movil,4,0,0.0,-8.73,-1.27,5,0.4,10.0,USD,Stocks
Buenaventura,Stocks\US\Buenaventura,4,0,0.0,-8.73,-1.27,5,0.3,10.0,USD,Stocks
Gold Fields,Stocks\US\Gold Fields,4,0,0.0,-8.73,-1.27,5,0.2,10.0,USD,Stocks
Sasol,Stocks\US\Sasol,4,34,14.07,-8.73,-1.27,5,0.6,10.0,USD,Stocks
KT Corporation,Stocks\US\KT Corporation,4,0,0.0,-8.73,-1.27,5,0.5,10.0,USD,Stocks
Nomura Holdings,Stocks\US\Nomura Holdings,4,0,0.0,-8.73,-1.27,5,0.9,10.0,USD,Stocks
SUGAR-OCT26,Derivatives\Futures\Commodities\SUGAR-OCT26,4,6,0.18,0.0,0.0,0,1.0,10000.0,USD,Derivatives
Cerebras,Stocks\US\Cerebras,4,0,0.0,-8.73,-1.27,5,0.05,10.0,USD,Stocks
PALL-DEC26,Derivatives\Futures\Precious Metals\PALL-DEC26,4,1001,1303.49,0.0,0.0,0,1.0,10.0,USD,Derivatives
COFFE-DEC26,Derivatives\Futures\Commodities\COFFE-DEC26,4,55,2.7945,0.0,0.0,0,1.0,10000.0,USD,Derivatives
JP225-DEC26,Derivatives\Futures\Indices\JP225-DEC26,4,15,64087.0,0.0,0.0,0,0.1,1.0,JPY,Derivatives
SpaceX,Stocks\US\SpaceX,4,0,0.0,-8.65,-1.35,5,0.05,10.0,USD,Stocks
USDX-DEC26,Derivatives\Futures\Indices\USDX-DEC26,4,50,99.88,0.0,0.0,0,1.0,10.0,USD,Derivatives
WHEAT-DEC26,Derivatives\Futures\Commodities\WHEAT-DEC26,4,165,7.2755,0.0,0.0,0,1.0,400.0,USD,Derivatives
HGCOP-DEC26,Derivatives\Futures\Commodities\HGCOP-DEC26,4,80,6.5338,0.0,0.0,0,1.0,2000.0,USD,Derivatives
EU50-DEC26,Derivatives\Futures\Indices\EU50-DEC26,4,340,6323.8,0.0,0.0,0,0.1,1.0,EUR,Derivatives
SWI20-DEC26,Derivatives\Futures\Indices\SWI20-DEC26,4,780,13979.6,0.0,0.0,0,0.1,1.0,CHF,Derivatives
GER40-DEC26,Derivatives\Futures\Indices\GER40-DEC26,4,575,25875.17,0.0,0.0,0,0.1,1.0,EUR,Derivatives
UK100-DEC26,Derivatives\Futures\Indices\UK100-DEC26,4,550,10795.3,0.0,0.0,0,0.1,1.0,GBP,Derivatives
CORN-DEC26,Derivatives\Futures\Commodities\CORN-DEC26,4,100,5.3338,0.0,0.0,0,1.0,400.0,USD,Derivatives
COCOA-DEC26,Derivatives\Futures\Commodities\COCOA-DEC26,4,15,5945.0,0.0,0.0,0,1.0,1.0,USD,Derivatives
US400Cash,Derivatives\Cash\Cash Indices\US400Cash,4,460,3454.14,-0.63,0.03,3,0.1,1.0,USD,Derivatives
USFANGCash,Derivatives\Cash\Cash Indices\USFANGCash,4,1100,18369.83,-3.31,0.15,3,0.1,1.0,USD,Derivatives
SK Hynix,Stocks\US\SK Hynix,4,0,0.0,-8.65,-1.35,5,0.05,10.0,USD,Stocks
OIL-OCT26,Derivatives\Futures\Energies\OIL-OCT26,4,5,100.69,0.0,0.0,0,1.0,100.0,USD,Derivatives
OILMn-OCT26,Derivatives\Futures\Energies\OILMn-OCT26,4,5,100.69,0.0,0.0,0,1.0,10.0,USD,Derivatives
FRA40-SEP26,Derivatives\Futures\Indices\FRA40-SEP26,3,430,8165.85,0.0,0.0,0,0.1,1.0,EUR,Derivatives
SBEAN-NOV26,Derivatives\Futures\Commodities\SBEAN-NOV26,4,185,13.2457,0.0,0.0,0,1.0,400.0,USD,Derivatives
NGAS-OCT26,Derivatives\Futures\Energies\NGAS-OCT26,4,39,2.879,0.0,0.0,0,1.0,1000.0,USD,Derivatives
BRENT-NOV26,Derivatives\Futures\Energies\BRENT-NOV26,4,5,104.01,0.0,0.0,0,1.0,100.0,USD,Derivatives
GSOIL-OCT26,Derivatives\Futures\Energies\GSOIL-OCT26,4,188,1509.56,0.0,0.0,0,1.0,4.0,USD,Derivatives
VIX-OCT26,Derivatives\Futures\Indices\VIX-OCT26,4,12,18.37,0.0,0.0,3,1.0,1.0,USD,Derivatives
FRA40-OCT26,Derivatives\Futures\Indices\FRA40-OCT26,4,480,8157.85,0.0,0.0,0,0.1,1.0,EUR,Derivatives
GOLD24-7.,Derivatives\Spot Metals Zero\GOLD24-7.,4,107,4312.28,-102.77,3.7,1,0.01,100.0,USD,Derivatives
